t,x,y,yaw,odom_x,odom_y,odom_yaw,error_x,error_y,error_dist,tags_used,quality
7038.183700,-0.162220,0.437980,0.000382,0.000000,-0.000000,0.000000,-0.000000,0.000000,0.000000,0|1,0.5582
7038.200367,-0.162083,0.437957,0.000131,0.000000,-0.000000,0.000000,0.000012,0.000075,0.000076,0|1,0.5574
7038.217034,-0.162083,0.437958,0.000132,0.000005,0.000000,0.000000,0.000007,0.000074,0.000075,0|1,0.5582
7038.233700,-0.162404,0.437656,0.000333,0.000010,0.000000,0.000000,0.000165,-0.000100,0.000193,0|1,0.5599
7038.250367,-0.162404,0.437656,0.000333,0.000010,0.000000,0.000000,0.000165,-0.000100,0.000193,0|1,0.5582
7038.267034,-0.162448,0.437308,0.000355,0.000010,0.000000,0.000000,0.000355,-0.000124,0.000376,0|1,0.5578
7038.283700,-0.162448,0.437308,0.000355,0.000010,0.000000,0.000000,0.000355,-0.000124,0.000376,0|1,0.5579
7038.300367,-0.162448,0.437308,0.000355,0.000016,0.000000,-0.000000,0.000349,-0.000124,0.000371,0|1,0.5587
7038.317034,-0.162343,0.437707,0.000571,0.000047,0.000000,-0.000002,0.000101,-0.000067,0.000122,0|1,0.5592
7038.333700,-0.162358,0.437627,0.000533,0.000047,0.000000,-0.000002,0.000145,-0.000075,0.000164,0|1,0.5587
7038.350367,-0.162564,0.437447,0.000689,0.000058,0.000001,-0.000002,0.000232,-0.000188,0.000298,0|1,0.5584
7038.367034,-0.162692,0.437218,0.000903,0.000063,0.000001,-0.000002,0.000351,-0.000257,0.000435,0|1,0.5594
7038.383700,-0.162692,0.437218,0.000903,0.000063,0.000001,-0.000002,0.000351,-0.000257,0.000435,0|1,0.5599
7038.400367,-0.162439,0.437541,0.000615,0.000069,0.000001,-0.000002,0.000170,-0.000120,0.000208,0|1,0.5579
7038.417034,-0.162504,0.437431,0.000729,0.000076,0.000001,-0.000003,0.000223,-0.000155,0.000271,0|1,0.5583
7038.433700,-0.162504,0.437431,0.000729,0.000081,0.000001,-0.000002,0.000217,-0.000155,0.000267,0|1,0.5589
7038.450367,-0.162376,0.437695,0.000656,0.000091,0.000001,-0.000001,0.000064,-0.000086,0.000107,0|1,0.5586
7038.467034,-0.162307,0.437407,0.000688,0.000091,0.000001,-0.000001,0.000220,-0.000048,0.000225,0|1,0.5599
7038.483700,-0.162369,0.437365,0.000526,0.000097,0.000001,-0.000002,0.000237,-0.000082,0.000250,0|1,0.5588
7038.500367,-0.162389,0.437188,0.000498,0.000103,0.000001,-0.000001,0.000328,-0.000093,0.000341,0|1,0.5594
7038.517034,-0.162389,0.437188,0.000498,0.000108,0.000001,-0.000001,0.000322,-0.000093,0.000335,0|1,0.5596
7038.583700,-0.162141,0.438123,0.000303,0.000130,0.000001,-0.000001,-0.000208,0.000042,0.000212,0|1,0.5567
7038.600367,-0.162141,0.438122,0.000303,0.000136,0.000001,-0.000001,-0.000213,0.000042,0.000217,0|1,0.5573
7038.617034,-0.162417,0.437825,0.000588,0.000141,0.000001,-0.000001,-0.000057,-0.000108,0.000122,0|1,0.5583
7038.633700,-0.162431,0.437620,0.000495,0.000147,0.000001,-0.000001,0.000048,-0.000115,0.000125,0|1,0.5578
7038.650367,-0.162431,0.437620,0.000495,0.000159,0.000001,-0.000001,0.000037,-0.000116,0.000121,0|1,0.5578
7038.667034,-0.162263,0.437776,0.000443,0.000159,0.000001,-0.000001,-0.000048,-0.000025,0.000054,0|1,0.5576
7038.683700,-0.162244,0.437701,0.000337,0.000170,0.000001,-0.000001,-0.000018,-0.000014,0.000023,0|1,0.5580
7038.700367,-0.162247,0.437614,0.000323,0.000176,0.000001,-0.000001,0.000023,-0.000016,0.000028,0|1,0.5587
7038.717034,-0.162057,0.437846,0.000064,0.000176,0.000001,-0.000001,-0.000103,0.000087,0.000135,0|1,0.5578
7038.733700,-0.162058,0.437846,0.000063,0.000187,0.000001,-0.000001,-0.000114,0.000087,0.000144,0|1,0.5574
7038.750367,-0.162406,0.437403,0.000304,0.000193,0.000002,-0.000001,0.000121,-0.000103,0.000159,0|1,0.5585
7038.767034,-0.162474,0.437135,0.000370,0.001981,0.000058,0.000116,-0.001522,-0.000195,0.001534,0|1,0.5600
7038.783700,-0.162419,0.437319,0.000271,0.001981,0.000058,0.000116,-0.001622,-0.000165,0.001631,0|1,0.5585
7038.800367,-0.161213,0.440863,0.000339,0.004449,0.000142,0.000260,-0.006015,0.000406,0.006029,0|1,0.5636
7038.817034,-0.159865,0.439346,0.000281,0.008518,0.000253,0.000196,-0.009260,0.001028,0.009317,0|1,0.5638
7038.833700,-0.158732,0.426631,0.000255,0.015308,0.000127,0.000048,-0.009140,0.001767,0.009309,0|1,0.5626
7038.850367,-0.160828,0.417389,0.000452,0.029219,-0.000165,0.000036,-0.018028,0.000917,0.018051,0|1,0.5624
7038.867034,-0.162814,0.408480,0.000640,0.029219,-0.000165,0.000036,-0.013186,-0.000164,0.013187,0|1,0.5645
7038.883700,-0.164735,0.399836,0.000455,0.036131,-0.000321,0.000031,-0.015401,-0.001054,0.015437,0|1,0.5632
7038.900367,-0.166892,0.390909,0.000474,0.043185,-0.000463,0.000037,-0.017604,-0.002086,0.017727,0|1,0.5619
7038.917034,-0.168751,0.381994,0.000422,0.050272,-0.000420,0.000040,-0.019846,-0.003141,0.020093,0|1,0.5609
7038.933700,-0.168272,0.373416,0.000434,0.057462,-0.000563,0.000043,-0.022374,-0.002740,0.022541,0|1,0.5627
7038.950367,-0.168273,0.373415,0.000434,0.071731,-0.000862,-0.000007,-0.036642,-0.002441,0.036724,0|1,0.5629
7038.967034,-0.172241,0.355196,0.000502,0.078603,-0.000913,-0.000043,-0.033614,-0.004550,0.033921,0|1,0.5632
7038.983700,-0.174337,0.345866,0.000455,0.078603,-0.000913,-0.000043,-0.028544,-0.005691,0.029106,0|1,0.5634
7039.000367,-0.174338,0.345866,0.000455,0.092195,-0.000527,-0.000015,-0.042135,-0.006077,0.042571,0|1,0.5637
7039.017034,-0.168260,0.329377,0.001209,0.098895,-0.000672,0.000128,-0.039872,-0.002633,0.039959,0|1,0.5642
7039.067034,-0.168260,0.329377,0.001209,0.112235,-0.001022,0.000201,-0.053213,-0.002283,0.053262,0|1,0.5635
7039.083700,-0.175806,0.295519,-0.000270,0.126102,-0.000717,0.000342,-0.048680,-0.006696,0.049139,0|1,0.5622
7039.100367,-0.178861,0.285385,-0.000694,0.132873,-0.000369,0.000649,-0.049944,-0.008707,0.050698,0|1|2,0.5401
7039.117034,-0.171710,0.279431,0.000507,0.132873,-0.000369,0.000649,-0.046706,-0.004822,0.046955,0|1|2,0.5579
7039.133700,-0.167943,0.270976,0.000861,0.139492,-0.000577,0.000669,-0.048730,-0.002568,0.048798,0|1|2,0.5583
7039.150367,-0.170780,0.262410,0.000754,0.146074,-0.000824,0.000677,-0.050657,-0.003865,0.050804,0|1|2,0.5588
7039.167034,-0.170786,0.262413,0.000762,0.160107,-0.000827,0.000918,-0.064693,-0.003865,0.064808,0|1|2,0.5600
7039.183700,-0.178046,0.245839,0.000691,0.160107,-0.000827,0.000918,-0.055686,-0.007814,0.056232,0|1|2,0.5573
7039.217034,-0.172808,0.228572,0.001851,0.173946,-0.000967,0.001250,-0.060139,-0.004831,0.060333,0|1|2,0.5609
7039.233700,-0.177386,0.219705,0.003034,0.187164,-0.001647,0.001418,-0.068540,-0.006641,0.068861,0|1|2,0.5626
7039.250367,-0.182309,0.210797,0.003389,0.194085,-0.002007,0.001621,-0.070620,-0.008958,0.071185,0|1|2,0.5630
7039.267034,-0.182310,0.210797,0.003390,0.201202,-0.001199,0.001628,-0.077737,-0.009766,0.078348,0|1|2,0.5618
7039.283700,-0.192792,0.193901,0.002431,0.201202,-0.001199,0.001628,-0.068557,-0.015467,0.070280,0|1|2,0.5597
7039.300367,-0.181190,0.185768,0.002266,0.208223,-0.000851,0.001874,-0.071156,-0.009511,0.071788,0|1|2,0.5605
7039.317034,-0.177292,0.176653,0.002066,0.221779,-0.001223,0.001908,-0.079757,-0.007023,0.080065,0|1|2,0.5604
7039.350367,-0.177294,0.176651,0.002072,0.228463,-0.001469,0.001890,-0.086439,-0.006777,0.086705,0|1|2,0.5624
7039.367034,-0.186418,0.150342,0.001503,0.242069,-0.000765,0.002066,-0.085749,-0.012445,0.086647,0|1|2,0.5617
7039.383700,-0.186418,0.150344,0.001502,0.249041,-0.000919,0.002115,-0.092722,-0.012292,0.093533,0|1|2,0.5618
7039.417034,-0.184232,0.142828,0.001888,0.262983,-0.001339,0.002154,-0.102579,-0.010685,0.103134,0|1|2,0.5630
7039.433700,-0.182540,0.115545,0.003467,0.262983,-0.001339,0.002154,-0.087751,-0.009771,0.088293,0|1|2,0.5623
7039.450367,-0.185957,0.106588,0.003638,0.269990,-0.001621,0.002172,-0.089890,-0.011348,0.090604,0|1|2,0.5615
7039.467034,-0.189930,0.097687,0.003836,0.276956,-0.000998,0.002226,-0.092020,-0.014132,0.093099,0|1|2,0.5609
7039.483700,-0.189930,0.097688,0.003832,0.290611,-0.000311,0.002678,-0.105676,-0.014819,0.106710,0|1|2,0.5593
7039.500367,-0.166721,0.081637,0.004003,0.297274,-0.000778,0.002852,-0.103610,-0.001742,0.103625,0|1|2,0.5589
7039.550367,-0.187732,0.055709,0.003826,0.318350,0.000078,0.003728,-0.110599,-0.014023,0.111484,0|1|2,0.5595
7039.567034,-0.187733,0.055709,0.003828,0.318350,0.000078,0.003728,-0.110599,-0.014023,0.111485,0|1|2,0.5612
7039.583700,-0.168105,0.037854,0.004251,0.331717,0.000330,0.004215,-0.114259,-0.003611,0.114316,0|1|2,0.5610
7039.600367,-0.168105,0.037854,0.004250,0.331717,0.000330,0.004215,-0.114259,-0.003611,0.114316,0|1|2,0.5606
7039.617034,-0.158641,0.029830,0.004693,0.338521,-0.000230,0.004343,-0.116699,0.002091,0.116718,0|1|2,0.5610
7039.633700,-0.175843,0.011680,0.006801,0.345475,-0.000790,0.004453,-0.113794,-0.006702,0.113991,0|1|2|4,0.5457
7039.650367,-0.175928,0.011588,0.006904,0.352576,-0.000025,0.004791,-0.120844,-0.007514,0.121077,0|1|2|4,0.5581
7039.683700,-0.163570,-0.013955,0.006673,0.372797,0.000915,0.005940,-0.127181,-0.001742,0.127193,0|1|2|3|4,0.5610
7039.700367,-0.155524,-0.022539,0.006685,0.372797,0.000915,0.005940,-0.122514,0.002629,0.122542,0|1|2|3|4,0.5604
7039.717034,-0.155523,-0.022538,0.006685,0.386604,0.000345,0.006178,-0.136321,0.003199,0.136359,0|1|2|3|4,0.5603
7039.733700,-0.172524,-0.038811,0.007545,0.386604,0.000345,0.006178,-0.127481,-0.006043,0.127624,0|1|2|3|4,0.5594
7039.750367,-0.169643,-0.046463,0.007442,0.393719,0.001175,0.006515,-0.130436,-0.005309,0.130544,0|1|2|3|4,0.5611
7039.767034,-0.157927,-0.056160,0.007503,0.400660,0.001987,0.006797,-0.132105,0.000243,0.132105,0|1|2|3|4,0.5623
7039.783700,-0.157929,-0.056160,0.007500,0.413937,0.001570,0.007180,-0.145382,0.000660,0.145383,0|1|2|3|4,0.5609
7039.800367,-0.147057,-0.065401,0.008014,0.413937,0.001570,0.007180,-0.140357,0.006567,0.140511,0|1|2|3|4,0.5612
7039.817034,-0.145179,-0.073444,0.008342,0.420663,0.000851,0.007590,-0.142712,0.008304,0.142953,0|1|2|3|4,0.5631
7039.833700,-0.165556,-0.090719,0.008614,0.427683,0.000949,0.007875,-0.140348,-0.002872,0.140377,0|1|2|3|4,0.5638
7039.850367,-0.163684,-0.098678,0.008236,0.441844,0.001620,0.008785,-0.150183,-0.002527,0.150204,0|1|2|3|4,0.5641
7039.883700,-0.163684,-0.098678,0.008232,0.448642,0.001831,0.009236,-0.156980,-0.002737,0.157004,0|1|2|3|4,0.5621
7039.900367,-0.153736,-0.125251,0.010905,0.455450,0.001048,0.009936,-0.149344,0.003446,0.149384,0|1|2|3|4,0.5623
7039.917034,-0.153734,-0.125250,0.010905,0.469489,0.001650,0.010137,-0.163384,0.002845,0.163408,0|1|2|3|4,0.5622
7039.933700,-0.163359,-0.141831,0.011483,0.469489,0.001650,0.010137,-0.154374,-0.002389,0.154393,0|1|2|3|4,0.5638
7039.950367,-0.163360,-0.141832,0.011486,0.476475,0.001939,0.010180,-0.161360,-0.002679,0.161383,0|1|2|3|4,0.5639
7039.967034,-0.155745,-0.160249,0.010694,0.490189,0.002159,0.010500,-0.165064,0.001236,0.165068,0|1|2|3|4,0.5633
7039.983700,-0.152964,-0.168856,0.010407,0.490189,0.002159,0.010500,-0.160386,0.002745,0.160409,0|1|2|3|4,0.5627
7040.000367,-0.155297,-0.177146,0.011060,0.497260,0.001342,0.010829,-0.162951,0.002293,0.162967,0|1|2|3|4,0.5617
7040.017034,-0.155296,-0.177146,0.011060,0.511587,0.001257,0.011598,-0.177278,0.002378,0.177294,0|1|2|3|4,0.5628
7040.033700,-0.166597,-0.185541,0.011816,0.518613,0.001172,0.011613,-0.179744,-0.003680,0.179782,0|1|2|3|4,0.5637
7040.050367,-0.169539,-0.204279,0.011891,0.518613,0.001172,0.011613,-0.169560,-0.005282,0.169643,0|1|2|3|4,0.5630
7040.067034,-0.171818,-0.213034,0.012023,0.532169,0.001970,0.012041,-0.178359,-0.007322,0.178509,0|1|2|3|4,0.5626
7040.083701,-0.174419,-0.221736,0.011968,0.532169,0.001970,0.012041,-0.173630,-0.008737,0.173850,0|1|2|3|4,0.5612
7040.100367,-0.162032,-0.228788,0.012140,0.538782,0.002165,0.012066,-0.176408,-0.002201,0.176422,0|1|2|3|4,0.5608
7040.117034,-0.160236,-0.237901,0.011973,0.545376,0.002241,0.012069,-0.178049,-0.001303,0.178054,0|1|2|3|4,0.5623
7040.133701,-0.160126,-0.246026,0.012596,0.551972,0.002311,0.012064,-0.180229,-0.001315,0.180234,0|1|2|3|4,0.5632
7040.150367,-0.160126,-0.246026,0.012596,0.565468,0.002346,0.012069,-0.193725,-0.001349,0.193730,0|1|2|3|4,0.5630
7040.167034,-0.160789,-0.263022,0.013982,0.565468,0.002346,0.012069,-0.184488,-0.001714,0.184496,0|1|2|3|4,0.5629
7040.183701,-0.161765,-0.271951,0.013440,0.578987,0.001994,0.012503,-0.193155,-0.001895,0.193165,0|1|2|3|4|5,0.5604
7040.200367,-0.168163,-0.279225,0.012926,0.578987,0.001994,0.012503,-0.189204,-0.005373,0.189280,0|1|2|3|4|5,0.5617
7040.217034,-0.168643,-0.288069,0.013415,0.592185,0.001987,0.012714,-0.197594,-0.005628,0.197674,0|1|2|3|4|5,0.5632
7040.233701,-0.169649,-0.296978,0.014151,0.592185,0.001987,0.012714,-0.192753,-0.006177,0.192852,0|1|2|3|4|5,0.5637
7040.250367,-0.171417,-0.305261,0.014376,0.606111,0.002131,0.013162,-0.202178,-0.007284,0.202309,0|1|2|3|4|5,0.5640
7040.267034,-0.173427,-0.313932,0.014878,0.606111,0.002131,0.013162,-0.197466,-0.008378,0.197644,0|1|2|3|4|5,0.5634
7040.283701,-0.171380,-0.321372,0.014174,0.613178,0.003256,0.013416,-0.200489,-0.008391,0.200665,0|1|2|3|4|5,0.5616
7040.317034,-0.153503,-0.339386,0.014957,0.626680,0.003383,0.014145,-0.204197,0.001193,0.204201,0|1|2|3|4|5,0.5621
7040.333701,-0.159266,-0.348031,0.015329,0.633215,0.002993,0.014251,-0.206035,-0.001550,0.206040,0|1|2|3|4|5,0.5632
7040.350367,-0.165953,-0.356634,0.015654,0.646942,0.002980,0.014357,-0.215087,-0.005174,0.215149,0|1|2|3|4|5,0.5630
7040.367034,-0.173066,-0.365028,0.016499,0.646942,0.002980,0.014357,-0.210527,-0.009041,0.210721,0|1|2|3|4|5,0.5623
7040.383701,-0.173066,-0.365029,0.016503,0.653880,0.003543,0.014677,-0.217465,-0.009604,0.217677,0|1|2|3|4|5,0.5616
7040.417034,-0.166651,-0.390631,0.016635,0.667267,0.003142,0.014846,-0.216936,-0.005722,0.217012,0|1|2|3|4|5,0.5637
7040.433701,-0.166651,-0.390630,0.016635,0.673752,0.002880,0.015004,-0.223421,-0.005461,0.223488,0|1|2|3|4|5,0.5648
7040.467034,-0.179073,-0.414464,0.015596,0.694266,0.004130,0.015365,-0.230984,-0.013466,0.231377,0|1|2|3|4|5,0.5640
7040.483701,-0.167277,-0.423582,0.016481,0.694266,0.004130,0.015365,-0.226026,-0.007058,0.226136,0|1|2|3|4|5,0.5634
7040.500367,-0.167277,-0.423582,0.016482,0.707767,0.003338,0.015584,-0.239528,-0.006265,0.239610,0|1|2|3|4|5,0.5630
7040.517034,-0.169286,-0.441474,0.016628,0.707767,0.003338,0.015584,-0.229804,-0.007361,0.229922,0|1|2|3|4|5,0.5638
7040.533701,-0.169286,-0.441474,0.016629,0.721434,0.003053,0.015869,-0.243471,-0.007075,0.243574,0|1|2|3|4|5,0.5639
7040.567034,-0.176842,-0.450153,0.017576,0.735789,0.003776,0.015892,-0.253111,-0.011907,0.253391,0|1|2|3|4|5,0.5636
7040.583701,-0.173383,-0.475658,0.016534,0.735789,0.003776,0.015892,-0.239249,-0.010033,0.239459,0|1|2|3|4|5,0.5639
7040.633701,-0.182264,-0.503262,0.017437,0.764423,0.005525,0.016003,-0.252883,-0.016614,0.253428,0|1|2|3|4|5,0.5628
7040.650367,-0.175099,-0.510481,0.017316,0.764423,0.005525,0.016003,-0.248958,-0.012722,0.249283,0|1|2|3|4|5,0.5623
7040.667034,-0.158024,-0.519628,0.017370,0.771498,0.006574,0.016013,-0.251059,-0.004492,0.251099,0|1|2|3|4|5,0.5626
7040.683701,-0.158025,-0.519628,0.017371,0.778634,0.006066,0.016003,-0.258195,-0.003985,0.258225,0|1|2|3|4|5,0.5619
7040.700367,-0.154335,-0.539027,0.016771,0.785719,0.005573,0.015987,-0.254736,-0.001490,0.254740,0|1|2|3|4|5|7,0.5545
7040.717034,-0.161773,-0.547849,0.014535,0.799849,0.005623,0.015974,-0.264072,-0.005585,0.264131,0|1|2|3|4|5|6|7,0.5576
7040.733701,-0.170923,-0.556674,0.015472,0.807059,0.006517,0.015964,-0.266488,-0.011453,0.266734,0|1|2|3|4|5|6|7,0.5611
7040.750367,-0.170667,-0.557038,0.015814,0.814197,0.006608,0.015988,-0.273428,-0.011405,0.273666,0|2|3|4|5|6|7,0.5565
7040.767034,-0.152876,-0.574360,0.016182,0.814197,0.006608,0.015988,-0.264011,-0.001739,0.264016,2|3|4|5|6|7,0.5624
7040.783701,-0.152876,-0.574359,0.016183,0.828523,0.005598,0.016038,-0.278337,-0.000730,0.278338,2|3|4|5|6|7,0.5624
7040.800367,-0.161961,-0.592877,0.016533,0.828523,0.005598,0.016038,-0.268274,-0.005672,0.268334,2|3|4|5|6|7,0.5624
7040.817034,-0.161961,-0.592878,0.016532,0.842321,0.006751,0.016257,-0.282073,-0.006824,0.282155,2|3|4|5|6|7,0.5620
7040.833701,-0.173450,-0.608623,0.015682,0.842321,0.006751,0.016257,-0.273517,-0.013072,0.273830,2|3|4|5|6|7,0.5634
7040.850367,-0.173451,-0.608624,0.015684,0.856392,0.008268,0.016286,-0.287588,-0.014589,0.287957,2|3|4|5|6|7,0.5631
7040.867034,-0.139842,-0.626856,0.015972,0.863515,0.008133,0.016222,-0.284796,0.003808,0.284821,2|3|4|5|6|7,0.5620
7040.883701,-0.139843,-0.626855,0.015972,0.870663,0.007992,0.016164,-0.291944,0.003948,0.291971,2|3|4|5|6|7,0.5627
7040.900367,-0.142119,-0.645286,0.016215,0.870663,0.007992,0.016164,-0.281928,0.002707,0.281941,2|3|4|5|6|7,0.5626
7040.917034,-0.145667,-0.654339,0.016257,0.877799,0.008145,0.016138,-0.284144,0.000624,0.284145,2|3|4|5|6|7,0.5617
7040.933701,-0.145667,-0.654339,0.016257,0.892100,0.008863,0.016286,-0.298445,-0.000093,0.298445,2|3|4|5|6|7,0.5623
7040.950367,-0.132458,-0.671682,0.015853,0.892100,0.008863,0.016286,-0.289017,0.007082,0.289104,2|3|4|5|6|7,0.5627
7040.967034,-0.137478,-0.681029,0.016338,0.906194,0.007793,0.016368,-0.298032,0.005421,0.298081,2|3|4|5|6|7,0.5628
7041.000367,-0.137478,-0.681030,0.016336,0.920293,0.008567,0.016534,-0.312130,0.004647,0.312165,2|3|4|5|6|7,0.5624
7041.017034,-0.156818,-0.706894,0.016721,0.920293,0.008567,0.016534,-0.298078,-0.005869,0.298136,2|3|4|5|6|7,0.5624
7041.033701,-0.147160,-0.716294,0.016480,0.934231,0.009005,0.016633,-0.306905,-0.001059,0.306907,2|3|4|5|6|7,0.5631
7041.050367,-0.137994,-0.725232,0.016547,0.941202,0.008524,0.016632,-0.309017,0.004401,0.309048,2|3|4|5|6|7,0.5619
7041.067034,-0.137994,-0.725232,0.016547,0.948327,0.008040,0.016691,-0.316141,0.004885,0.316179,2|3|4|5|6|7,0.5628
7041.083701,-0.146030,-0.734004,0.016551,0.955476,0.008555,0.016744,-0.318524,0.000000,0.318524,2|3|4|5|6|7,0.5631
7041.100367,-0.163074,-0.751635,0.016407,0.962761,0.009300,0.016755,-0.316231,-0.010011,0.316390,2|3|4|5|6|7,0.5624
7041.117034,-0.163074,-0.751635,0.016408,0.969928,0.009440,0.016900,-0.323398,-0.010151,0.323558,2|3|4|5|6|7,0.5629
7041.133701,-0.148218,-0.769439,0.016708,0.977033,0.008721,0.016893,-0.320824,-0.001362,0.320827,2|3|4|5|6|7,0.5617
7041.150367,-0.148341,-0.778538,0.017151,0.977033,0.008721,0.016893,-0.315879,-0.001431,0.315882,2|3|4|5|6|7,0.5607
7041.167034,-0.160005,-0.787689,0.017372,0.983910,0.008150,0.016845,-0.317785,-0.007200,0.317867,2|3|4|5|6|7,0.5612
7041.183701,-0.169358,-0.794565,0.017100,0.990558,0.008836,0.016930,-0.320698,-0.012971,0.320960,2|3|4|5|6|7,0.5618
7041.200367,-0.169358,-0.794564,0.017102,1.004188,0.010255,0.016909,-0.334329,-0.014390,0.334638,2|3|4|5|6|7,0.5627
7041.217034,-0.151941,-0.812103,0.016779,1.004188,0.010255,0.016909,-0.324793,-0.004928,0.324830,2|3|4|5|6|7,0.5625
7041.233701,-0.151941,-0.812103,0.016782,1.011207,0.010220,0.016892,-0.331812,-0.004893,0.331848,2|3|4|5|6|7,0.5617
7041.250367,-0.145533,-0.830444,0.016047,1.025331,0.009203,0.016838,-0.335967,-0.000397,0.335967,2|3|4|5|6|7|8,0.5617
7041.283701,-0.163589,-0.848701,0.015876,1.039252,0.010432,0.016836,-0.339969,-0.011444,0.340162,3|4|5|6|7|8,0.5604
7041.300367,-0.163589,-0.848701,0.015876,1.046210,0.010708,0.016902,-0.346927,-0.011720,0.347125,3|4|5|6|7|8,0.5600
7041.317034,-0.148451,-0.865102,0.015792,1.046210,0.010708,0.016902,-0.338011,-0.003496,0.338029,3|4|5|6|7|8,0.5600
7041.333701,-0.147296,-0.874479,0.015855,1.053159,0.010193,0.016899,-0.339863,-0.002354,0.339871,3|4|5|6|7|8,0.5610
7041.350367,-0.156338,-0.883310,0.015709,1.067140,0.009772,0.017028,-0.349047,-0.006849,0.349114,3|4|5|6|7|8,0.5621
7041.367034,-0.165000,-0.892237,0.015074,1.067140,0.009772,0.017028,-0.344197,-0.011559,0.344391,3|4|5|6|7|8,0.5614
7041.383701,-0.165121,-0.899599,0.015494,1.081288,0.011169,0.016980,-0.354344,-0.013023,0.354583,3|4|5|6|7|8,0.5614
7041.400367,-0.156731,-0.908979,0.015440,1.081288,0.011169,0.016980,-0.349244,-0.008465,0.349347,3|4|5|6|7|8,0.5624
7041.417034,-0.156731,-0.908979,0.015441,1.094938,0.011260,0.016955,-0.362894,-0.008556,0.362995,3|4|5|6|7|8,0.5621
7041.433701,-0.148710,-0.918240,0.015433,1.101833,0.010502,0.016961,-0.364754,-0.003441,0.364770,3|4|5|6|7|8,0.5606
7041.450367,-0.151237,-0.935374,0.015707,1.101833,0.010502,0.016961,-0.355442,-0.004818,0.355475,3|4|5|6|7|8,0.5614
7041.467034,-0.163833,-0.944146,0.015785,1.108807,0.010844,0.016978,-0.357652,-0.012007,0.357853,3|4|5|6|7|8,0.5609
7041.483701,-0.160161,-0.951533,0.015601,1.123227,0.012049,0.016935,-0.368057,-0.011218,0.368228,3|4|5|6|7|8,0.5608
7041.500367,-0.151911,-0.961032,0.015592,1.123227,0.012049,0.016935,-0.362892,-0.006736,0.362955,3|4|5|6|7|8,0.5623
7041.517034,-0.151911,-0.961032,0.015593,1.137690,0.010933,0.016965,-0.377355,-0.005620,0.377397,3|4|5|6|7|8,0.5626
7041.533701,-0.156468,-0.979985,0.015911,1.137690,0.010933,0.016965,-0.367056,-0.008101,0.367145,3|4|5|6|7|8,0.5633
7041.550367,-0.165825,-0.989250,0.015720,1.151569,0.011335,0.016865,-0.375902,-0.013591,0.376148,3|4|5|6|7|8,0.5629
7041.567034,-0.165825,-0.989250,0.015719,1.158496,0.012047,0.016871,-0.382828,-0.014303,0.383095,3|4|5|6|7|8,0.5625
7041.600367,-0.153117,-1.014743,0.015179,1.165519,0.012052,0.016735,-0.375994,-0.007406,0.376067,3|4|5|6|7|8,0.5620
7041.617034,-0.153116,-1.014743,0.015178,1.179796,0.010882,0.016686,-0.390271,-0.006236,0.390321,3|4|5|6|7|8,0.5619
7041.650367,-0.174859,-1.042009,0.015179,1.186621,0.010857,0.016564,-0.382282,-0.018034,0.382707,3|4|5|6|7|8,0.5627
7041.667034,-0.174859,-1.042009,0.015179,1.201099,0.011929,0.016478,-0.396760,-0.019105,0.397219,3|4|5|6|7|8,0.5627
7041.683701,-0.165093,-1.058487,0.015066,1.201099,0.011929,0.016478,-0.387802,-0.013801,0.388047,3|4|5|6|7|8,0.5621
7041.700367,-0.164674,-1.068282,0.015176,1.208327,0.011732,0.016532,-0.389708,-0.013378,0.389937,3|4|5|6|7|8,0.5636
7041.717034,-0.168947,-1.077438,0.015762,1.222507,0.011926,0.016600,-0.398911,-0.015896,0.399228,3|4|5|6|7|8,0.5638
7041.733701,-0.172988,-1.086507,0.015628,1.229581,0.013163,0.016628,-0.401058,-0.019331,0.401524,3|4|5|6|7|8,0.5633
7041.767034,-0.153477,-1.103036,0.015903,1.236573,0.014409,0.016565,-0.399062,-0.009977,0.399187,3|4|5|6|7|8|9|10,0.5629
7041.783701,-0.153486,-1.103047,0.015878,1.243738,0.014346,0.016567,-0.406221,-0.009919,0.406342,3|4|5|6|7|8|9|10,0.5549
7041.800367,-0.137109,-1.112302,0.015199,1.257869,0.013171,0.016512,-0.415320,0.000155,0.415320,3|5|6|7|8|9|10,0.5565
7041.817034,-0.139893,-1.122006,0.015009,1.264526,0.013256,0.016332,-0.416703,-0.001446,0.416706,5|6|7|8|9|10,0.5631
7041.833701,-0.150733,-1.130878,0.015590,1.271403,0.014142,0.016178,-0.418761,-0.008225,0.418842,5|6|7|8|9|10,0.5621
7041.850367,-0.159738,-1.139965,0.015703,1.278593,0.014745,0.015975,-0.421014,-0.013724,0.421237,5|6|7|8|9|10,0.5635
7041.867034,-0.148038,-1.155765,0.014951,1.285755,0.014272,0.015698,-0.419586,-0.006895,0.419643,5|6|7|8|9|10,0.5625
7041.900367,-0.150242,-1.175011,0.015222,1.292758,0.013827,0.015352,-0.416130,-0.007652,0.416201,5|6|7|8|9|10,0.5630
7041.917034,-0.158149,-1.184609,0.014710,1.305850,0.013995,0.014930,-0.424008,-0.012119,0.424181,5|6|7|8|9|10,0.5630
7041.933701,-0.158149,-1.184609,0.014711,1.312754,0.015380,0.014808,-0.430911,-0.013504,0.431123,5|6|7|8|9|10,0.5614
7041.950367,-0.165523,-1.193666,0.014397,1.319996,0.016081,0.014788,-0.433233,-0.018215,0.433615,5|6|7|8|9|10,0.5620
7041.967034,-0.139316,-1.206565,0.013551,1.319996,0.016081,0.014788,-0.426217,-0.003975,0.426235,5|6|7|8|9|10,0.5615
7042.000367,-0.133029,-1.225893,0.014063,1.341698,0.016084,0.014497,-0.437414,-0.000564,0.437414,5|6|7|8|9|10,0.5633
7042.017034,-0.133757,-1.235504,0.013697,1.341698,0.016084,0.014497,-0.432190,-0.000962,0.432191,5|6|7|8|9|10,0.5639
7042.033701,-0.134921,-1.245211,0.013672,1.348736,0.016455,0.014396,-0.433952,-0.001969,0.433957,5|6|7|8|9|10,0.5631
7042.050367,-0.130523,-1.251789,0.013625,1.355828,0.016645,0.014368,-0.437469,0.000230,0.437469,5|6|7|8|9|10,0.5631
7042.067034,-0.129518,-1.262270,0.013040,1.362796,0.016290,0.014334,-0.438740,0.001130,0.438741,5|6|7|8|9|10,0.5639
7042.083701,-0.135883,-1.270789,0.013007,1.369764,0.016005,0.014335,-0.441080,-0.002046,0.441085,5|6|7|8|9|10,0.5650
7042.100367,-0.141189,-1.279748,0.013579,1.376695,0.015726,0.014345,-0.443143,-0.004652,0.443167,5|6|7|8|9|10,0.5640
7042.117034,-0.146441,-1.288789,0.013677,1.390384,0.016722,0.014183,-0.451920,-0.008505,0.452000,5|6|7|8|9|10,0.5629
7042.133701,-0.146441,-1.288789,0.013679,1.390384,0.016722,0.014183,-0.451919,-0.008505,0.451999,5|6|7|8|9|10,0.5623
7042.150367,-0.134120,-1.304271,0.012731,1.397454,0.016696,0.014219,-0.450573,-0.001786,0.450576,5|6|7|8|9|10,0.5625
7042.167034,-0.136686,-1.314155,0.013465,1.411150,0.016325,0.014227,-0.458897,-0.002811,0.458906,5|6|7|8|9|10,0.5642
7042.183701,-0.140588,-1.323061,0.013542,1.417948,0.016165,0.014245,-0.460856,-0.004774,0.460881,5|6|7|8|9|10,0.5639
7042.200367,-0.140588,-1.323061,0.013541,1.424641,0.016495,0.014235,-0.467549,-0.005104,0.467577,5|6|7|8|9|10,0.5630
7042.217034,-0.144358,-1.332035,0.013700,1.424641,0.016495,0.014235,-0.462672,-0.007155,0.462728,5|6|7|8|9|10,0.5614
7042.250367,-0.147980,-1.341315,0.013772,1.446115,0.016191,0.014187,-0.479104,-0.008822,0.479185,5|6|7|8|9|10,0.5622
7042.267034,-0.146789,-1.366501,0.013175,1.446115,0.016191,0.014187,-0.465415,-0.008179,0.465487,5|6|7|8|9|10,0.5627
7042.283701,-0.146651,-1.367499,0.012700,1.459447,0.016053,0.013907,-0.478205,-0.007966,0.478272,5|6|7|8|9|10|11,0.5633
7042.300367,-0.159737,-1.385185,0.012813,1.459447,0.016053,0.013907,-0.468596,-0.015082,0.468839,5|6|7|8|9|10|11,0.5616
7042.317034,-0.159709,-1.385197,0.012863,1.466455,0.017166,0.013756,-0.475598,-0.016179,0.475873,5|6|7|8|9|10|11,0.5551
7042.333701,-0.156208,-1.390458,0.013082,1.480831,0.017357,0.013721,-0.487113,-0.014469,0.487328,6|7|8|9|10|11,0.5613
7042.367034,-0.141269,-1.399439,0.012687,1.487865,0.017298,0.013491,-0.489263,-0.006293,0.489303,6|7|8|9|10|11,0.5631
7042.383701,-0.143744,-1.428315,0.011492,1.494755,0.017207,0.013369,-0.480461,-0.007553,0.480520,6|7|8|9|10|11,0.5624
7042.400367,-0.143744,-1.428314,0.011492,1.508149,0.017094,0.013304,-0.493855,-0.007440,0.493911,6|7|8|9|10|11,0.5613
7042.417034,-0.147767,-1.446476,0.011284,1.508149,0.017094,0.013304,-0.483986,-0.009630,0.484081,6|7|8|9|10|11,0.5598
7042.433701,-0.149822,-1.452265,0.011513,1.522102,0.017009,0.013177,-0.494792,-0.010663,0.494907,6|7|8|9|10|11,0.5602
7042.450367,-0.151993,-1.460760,0.011598,1.522102,0.017009,0.013177,-0.490176,-0.011845,0.490319,6|7|8|9|10|11,0.5620
7042.500367,-0.151993,-1.460761,0.011597,1.543127,0.017500,0.013240,-0.511201,-0.012336,0.511350,6|7|8|9|10|11,0.5618
7042.517034,-0.154541,-1.488452,0.011563,1.550213,0.018579,0.013252,-0.503237,-0.014806,0.503455,6|7|8|9|10|11,0.5615
7042.533701,-0.136278,-1.505487,0.011953,1.557167,0.018347,0.013229,-0.500929,-0.004652,0.500951,6|7|8|9|10|11,0.5606
7042.550367,-0.140795,-1.514089,0.011556,1.570994,0.017922,0.013260,-0.510082,-0.006683,0.510126,6|7|8|9|10|11,0.5623
7042.567034,-0.144762,-1.523167,0.011500,1.570994,0.017922,0.013260,-0.505150,-0.008840,0.505227,6|7|8|9|10|11,0.5627
7042.600367,-0.153183,-1.541473,0.012278,1.592368,0.017775,0.013160,-0.516576,-0.013274,0.516747,6|7|8|9|10|11,0.5608
7042.633701,-0.154954,-1.557462,0.012793,1.599497,0.017866,0.013150,-0.515016,-0.014331,0.515215,6|7|8|9|10|11,0.5631
7042.650367,-0.155050,-1.566919,0.012412,1.606451,0.017943,0.013167,-0.516831,-0.014462,0.517033,6|7|8|9|10|11,0.5633
7042.667034,-0.155346,-1.576247,0.012214,1.613415,0.017985,0.013118,-0.518725,-0.014667,0.518932,6|7|8|9|10|11,0.5627
7042.683701,-0.155346,-1.576247,0.012215,1.620377,0.018153,0.013113,-0.525688,-0.014836,0.525897,6|7|8|9|10|11,0.5625
7042.700367,-0.155839,-1.585523,0.011963,1.634492,0.018267,0.013049,-0.534761,-0.015219,0.534978,6|7|8|9|10|11,0.5611
7042.717034,-0.154180,-1.601447,0.012305,1.634492,0.018267,0.013049,-0.526106,-0.014320,0.526301,6|7|8|9|10|11,0.5624
7042.733701,-0.154887,-1.610880,0.011315,1.648640,0.018296,0.012850,-0.535128,-0.014737,0.535331,6|7|8|9|10|11,0.5638
7042.750367,-0.155920,-1.620164,0.010987,1.648640,0.018296,0.012850,-0.530082,-0.015300,0.530303,6|7|8|9|10|11,0.5638
7042.767034,-0.157037,-1.629648,0.010554,1.655910,0.018304,0.012840,-0.532198,-0.015917,0.532436,6|7|8|9|10|11,0.5629
7042.783701,-0.157037,-1.629648,0.010554,1.669796,0.017888,0.012492,-0.546084,-0.015500,0.546304,6|7|8|9|10|11,0.5622
7042.817034,-0.158365,-1.638803,0.011040,1.683902,0.018665,0.012529,-0.555215,-0.017002,0.555475,6|7|8|9|10|11,0.5631
7042.833701,-0.165328,-1.654719,0.009277,1.691084,0.019081,0.012542,-0.553748,-0.021204,0.554154,6|7|8|9|10|11|12|13,0.5525
7042.850367,-0.156652,-1.673110,0.008726,1.691084,0.019081,0.012542,-0.543751,-0.016493,0.544001,8|9|10|11|12|13,0.5627
7042.867034,-0.151924,-1.682023,0.008432,1.705295,0.019821,0.012562,-0.553118,-0.014665,0.553312,8|9|10|11|12|13,0.5612
7042.883701,-0.151925,-1.682023,0.008429,1.712367,0.019909,0.012550,-0.560190,-0.014754,0.560384,8|9|10|11|12|13,0.5608
7042.917034,-0.143548,-1.689273,0.008855,1.719419,0.019960,0.012501,-0.563300,-0.010254,0.563393,8|9|10|11|12|13,0.5627
7042.933701,-0.144332,-1.717345,0.008522,1.733553,0.020088,0.012404,-0.562177,-0.010814,0.562281,8|9|10|11|12|13,0.5633
7042.950367,-0.144667,-1.726508,0.008352,1.740579,0.020173,0.012402,-0.564224,-0.011082,0.564332,8|9|10|11|12|13,0.5630
7042.967034,-0.145067,-1.735708,0.008542,1.740579,0.020173,0.012402,-0.559224,-0.011302,0.559338,8|9|10|11|12|13,0.5613
7042.983701,-0.144967,-1.742785,0.008515,1.747817,0.020250,0.012416,-0.562616,-0.011326,0.562730,8|9|10|11|12|13,0.5612
7043.000367,-0.144967,-1.742785,0.008517,1.762282,0.020384,0.012484,-0.577080,-0.011460,0.577194,8|9|10|11|12|13,0.5619
7043.017034,-0.145162,-1.761988,0.009469,1.762282,0.020384,0.012484,-0.566644,-0.011570,0.566762,8|9|10|11|12|13,0.5628
7043.033701,-0.145474,-1.771256,0.008797,1.769256,0.020389,0.012549,-0.568581,-0.011746,0.568702,8|9|10|11|12|13,0.5627
7043.050367,-0.146347,-1.780745,0.009298,1.776190,0.020546,0.012579,-0.570358,-0.012380,0.570492,8|9|10|11|12|13,0.5616
7043.067034,-0.146347,-1.780745,0.009294,1.790333,0.021733,0.012851,-0.584501,-0.013567,0.584659,8|9|10|11|12|13,0.5598
7043.100367,-0.144991,-1.788351,0.009227,1.797561,0.022126,0.012830,-0.587595,-0.013225,0.587744,8|9|10|11|12|13,0.5623
7043.117034,-0.127200,-1.814539,0.009368,1.804773,0.022509,0.012789,-0.580571,-0.003944,0.580584,8|9|10|11|12|13,0.5629
7043.200367,-0.127200,-1.814539,0.009367,1.847584,0.022166,0.013085,-0.623382,-0.003601,0.623392,8|9|10|11|12|13,0.5636
7043.217034,-0.133858,-1.868698,0.010439,1.854602,0.022354,0.013159,-0.600967,-0.007419,0.601012,8|9|10|11|12|13,0.5639
7043.233701,-0.135350,-1.878368,0.010325,1.854602,0.022354,0.013159,-0.595712,-0.008231,0.595768,8|9|10|11|12|13,0.5629
7043.250367,-0.133760,-1.885140,0.010499,1.861483,0.022489,0.013257,-0.598912,-0.007504,0.598959,8|9|10|11|12|13,0.5618
7043.267034,-0.133438,-1.894450,0.010207,1.868374,0.022556,0.013296,-0.600743,-0.007398,0.600788,8|9|10|11|12|13,0.5627
7043.283701,-0.133563,-1.903499,0.010421,1.882137,0.022721,0.013345,-0.609588,-0.007632,0.609636,8|9|10|11|12|13,0.5631
7043.300367,-0.133555,-1.912536,0.010371,1.882137,0.022721,0.013345,-0.604677,-0.007630,0.604725,8|9|10|11|12|13,0.5624
7043.317034,-0.133556,-1.912535,0.010372,1.896141,0.022710,0.013360,-0.618682,-0.007619,0.618728,8|9|10|11|12|13,0.5619
7043.333701,-0.133758,-1.922331,0.009361,1.903324,0.022538,0.013368,-0.620541,-0.007559,0.620587,8|9|10|11|12|13|14,0.5607
7043.350367,-0.133960,-1.930899,0.009522,1.910510,0.022371,0.013373,-0.623070,-0.007504,0.623115,8|9|10|11|12|13|14,0.5588
7043.383701,-0.136576,-1.937978,0.009559,1.924576,0.022024,0.013293,-0.633289,-0.008580,0.633347,9|10|11|12|13|14,0.5605
7043.417034,-0.151308,-1.975075,0.009660,1.931334,0.022843,0.013181,-0.619889,-0.017414,0.620133,9|10|11|12|13|14,0.5590
7043.433701,-0.140025,-1.981226,0.009340,1.945623,0.023354,0.013159,-0.630832,-0.011793,0.630943,9|10|11|12|13|14,0.5602
7043.450367,-0.135507,-1.990966,0.009725,1.945623,0.023354,0.013159,-0.625538,-0.009340,0.625608,9|10|11|12|13|14,0.5626
7043.467034,-0.135506,-1.990966,0.009726,1.959831,0.023505,0.013116,-0.639746,-0.009491,0.639817,9|10|11|12|13|14,0.5629
7043.500367,-0.135801,-2.018979,0.009658,1.966831,0.023584,0.013077,-0.631522,-0.009735,0.631597,9|10|11|12|13|14,0.5614
7043.517034,-0.135801,-2.018978,0.009657,1.973518,0.022875,0.013025,-0.638209,-0.009027,0.638273,9|10|11|12|13|14,0.5596
7043.533701,-0.135914,-2.028320,0.009542,1.987369,0.023042,0.012993,-0.646983,-0.009257,0.647049,9|10|11|12|13|14,0.5600
7043.550367,-0.147372,-2.043264,0.009632,1.994336,0.023162,0.013049,-0.645831,-0.015608,0.646019,9|10|11|12|13|14,0.5617
7043.567034,-0.147371,-2.043263,0.009634,1.994336,0.023162,0.013049,-0.645831,-0.015607,0.646020,9|10|11|12|13|14,0.5619
7043.583701,-0.146893,-2.061624,0.009061,2.001311,0.023287,0.013058,-0.642827,-0.015476,0.643013,9|10|11|12|13|14,0.5616
7043.600367,-0.146650,-2.070803,0.008875,2.008298,0.023440,0.013099,-0.644826,-0.015499,0.645012,9|10|11|12|13|14,0.5611
7043.617034,-0.146651,-2.070803,0.008876,2.022029,0.024468,0.013674,-0.658556,-0.016527,0.658764,9|10|11|12|13|14,0.5604
7043.633701,-0.145378,-2.079780,0.009004,2.022029,0.024468,0.013674,-0.653678,-0.015838,0.653869,9|10|11|12|13|14,0.5621
7043.650367,-0.131494,-2.084733,0.008756,2.029057,0.024375,0.013623,-0.658012,-0.008200,0.658063,9|10|11|12|13|14,0.5623
7043.667034,-0.138247,-2.104563,0.010029,2.035974,0.024275,0.013668,-0.654152,-0.011774,0.654258,9|10|11|12|13|14,0.5624
7043.683701,-0.140939,-2.114096,0.010592,2.050276,0.023590,0.013540,-0.663274,-0.012554,0.663393,9|10|11|12|13|14,0.5620
7043.733701,-0.140936,-2.114097,0.010598,2.071479,0.024164,0.013371,-0.684476,-0.013126,0.684602,9|10|11|12|13|14,0.5632
7043.750367,-0.150950,-2.148632,0.011273,2.071479,0.024164,0.013371,-0.665710,-0.018575,0.665969,9|10|11|12|13|14,0.5637
7043.767034,-0.148879,-2.158215,0.010592,2.085430,0.024596,0.013295,-0.674452,-0.017884,0.674690,9|10|11|12|13|14,0.5632
7043.783701,-0.148880,-2.158215,0.010591,2.092342,0.024199,0.013222,-0.681364,-0.017487,0.681588,9|10|11|12|13|14,0.5618
7043.800367,-0.146919,-2.167537,0.010234,2.092342,0.024199,0.013222,-0.676297,-0.016424,0.676496,9|10|11|12|13|14,0.5605
7043.817034,-0.145170,-2.176755,0.009713,2.106522,0.024532,0.013092,-0.685467,-0.015809,0.685649,9|10|11|12|13|14,0.5625
7043.833701,-0.151365,-2.193263,0.010847,2.106522,0.024532,0.013092,-0.676497,-0.019179,0.676769,9|10|11|12|13|14|16,0.5575
7043.850367,-0.149397,-2.202985,0.008848,2.113648,0.024678,0.013006,-0.678339,-0.018257,0.678585,9|10|11|12|13|14|15|16,0.5626
7043.867034,-0.149396,-2.203016,0.008817,2.128005,0.023975,0.013093,-0.692679,-0.017554,0.692901,9|10|11|12|13|14|15|16,0.5603
7043.883701,-0.148655,-2.211992,0.008103,2.134929,0.023878,0.013054,-0.694724,-0.017055,0.694933,9|10|11|12|13|14|15|16,0.5507
7043.900367,-0.148821,-2.221328,0.006965,2.141956,0.024402,0.013078,-0.696677,-0.017671,0.696901,11|12|13|14|15|16,0.5634
7043.917034,-0.162252,-2.229625,0.007467,2.148987,0.024945,0.013147,-0.699202,-0.025516,0.699667,11|12|13|14|15|16,0.5636
7043.933701,-0.164266,-2.237626,0.007369,2.148987,0.024945,0.013147,-0.694854,-0.026612,0.695363,11|12|13|14|15|16,0.5633
7043.967034,-0.144668,-2.265890,0.007534,2.163114,0.025909,0.013204,-0.693615,-0.016932,0.693822,11|12|13|14|15|16,0.5612
7044.000367,-0.145398,-2.281291,0.008330,2.177156,0.025902,0.013201,-0.699288,-0.017325,0.699503,11|12|13|14|15|16,0.5625
7044.033701,-0.140677,-2.300118,0.008608,2.190966,0.026428,0.013104,-0.702865,-0.015288,0.703031,11|12|13|14|15|16,0.5635
7044.050367,-0.140678,-2.300119,0.008607,2.198025,0.026684,0.013036,-0.709923,-0.015545,0.710094,11|12|13|14|15|16,0.5628
7044.067034,-0.135635,-2.318444,0.008725,2.205071,0.026263,0.013033,-0.707009,-0.012387,0.707118,11|12|13|14|15|16,0.5613
7044.083701,-0.135636,-2.318444,0.008725,2.212152,0.026145,0.012911,-0.714090,-0.012269,0.714195,11|12|13|14|15|16,0.5609
7044.100367,-0.142902,-2.325573,0.008495,2.219279,0.026429,0.012912,-0.717344,-0.016504,0.717533,11|12|13|14|15|16,0.5622
7044.117034,-0.142410,-2.343828,0.007948,2.233389,0.027048,0.012990,-0.721533,-0.016860,0.721730,11|12|13|14|15|16,0.5630
7044.133701,-0.142410,-2.343827,0.007948,2.233389,0.027048,0.012990,-0.721533,-0.016859,0.721730,11|12|13|14|15|16,0.5627
7044.150367,-0.139579,-2.353130,0.008230,2.247272,0.026865,0.012901,-0.730360,-0.015139,0.730517,11|12|13|14|15|16,0.5617
7044.167034,-0.132906,-2.371925,0.008329,2.254336,0.027355,0.012713,-0.727208,-0.012007,0.727307,11|12|13|14|15|16,0.5604
7044.183701,-0.132907,-2.371926,0.008329,2.261573,0.027964,0.012680,-0.734444,-0.012616,0.734553,11|12|13|14|15|16,0.5606
7044.233701,-0.119601,-2.405365,0.007393,2.276048,0.029202,0.012597,-0.730743,-0.006630,0.730773,11|12|13|14|15|16,0.5629
7044.267034,-0.122813,-2.422302,0.007414,2.289928,0.027767,0.012570,-0.735419,-0.006944,0.735452,11|12|13|14|15|16,0.5616
7044.283701,-0.122813,-2.422302,0.007414,2.297044,0.028045,0.012615,-0.742535,-0.007221,0.742570,11|12|13|14|15|16,0.5626
7044.317034,-0.129254,-2.450108,0.007142,2.311310,0.028642,0.012698,-0.741690,-0.011325,0.741776,11|12|13|14|15|16,0.5650
7044.333701,-0.126019,-2.459989,0.007654,2.318323,0.028779,0.012702,-0.743333,-0.009706,0.743396,11|12|13|14|15|16,0.5640
7044.350367,-0.125564,-2.466950,0.007733,2.325276,0.028042,0.012810,-0.746502,-0.008723,0.746553,11|12|13|14|15|16,0.5629
7044.367034,-0.137127,-2.475605,0.007308,2.332441,0.028375,0.012720,-0.748965,-0.015342,0.749123,11|12|13|14|15|16|17,0.5603
7044.383701,-0.133460,-2.484925,0.007447,2.346759,0.029081,0.012786,-0.758218,-0.014058,0.758348,11|12|13|14|15|16|17,0.5639
7044.400367,-0.130137,-2.494813,0.007260,2.346759,0.029081,0.012786,-0.752843,-0.012254,0.752943,12|13|14|15|16|17,0.5636
7044.417034,-0.125918,-2.504487,0.007086,2.360632,0.028925,0.012665,-0.761458,-0.009807,0.761521,12|13|14|15|16|17,0.5630
7044.433701,-0.125918,-2.504488,0.007087,2.367747,0.028322,0.012627,-0.768572,-0.009204,0.768628,12|13|14|15|16|17,0.5611
7044.450367,-0.131074,-2.520055,0.007297,2.367747,0.028322,0.012627,-0.760113,-0.012009,0.760208,12|13|14|15|16|17,0.5607
7044.467034,-0.140381,-2.529474,0.007191,2.382042,0.028472,0.012634,-0.769291,-0.017220,0.769484,12|13|14|15|16|17,0.5611
7044.483701,-0.140730,-2.538920,0.006917,2.382042,0.028472,0.012634,-0.764157,-0.017411,0.764356,12|13|14|15|16|17,0.5617
7044.500367,-0.140804,-2.548278,0.007072,2.396074,0.028658,0.012484,-0.773103,-0.017639,0.773304,12|13|14|15|16|17,0.5612
7044.517034,-0.140804,-2.548278,0.007071,2.402829,0.028746,0.012380,-0.779858,-0.017727,0.780060,12|13|14|15|16|17,0.5606
7044.533701,-0.140531,-2.567140,0.007187,2.409951,0.029074,0.012356,-0.776729,-0.017910,0.776935,12|13|14|15|16|17,0.5593
7044.550367,-0.139965,-2.572418,0.007214,2.409951,0.029074,0.012356,-0.773860,-0.017604,0.774060,12|13|14|15|16|17,0.5610
7044.583701,-0.139966,-2.572416,0.007215,2.431296,0.030157,0.012310,-0.795207,-0.018687,0.795427,12|13|14|15|16|17,0.5613
7044.600367,-0.128965,-2.601065,0.006585,2.431296,0.030157,0.012310,-0.779635,-0.012714,0.779739,12|13|14|15|16|17,0.5607
7044.633701,-0.136816,-2.616522,0.007032,2.451576,0.028653,0.011673,-0.791515,-0.015481,0.791667,12|13|14|15|16|17,0.5614
7044.650367,-0.152145,-2.625425,0.006957,2.451576,0.028653,0.011673,-0.786680,-0.023813,0.787040,12|13|14|15|16|17,0.5615
7044.667034,-0.149001,-2.633264,0.006594,2.465104,0.029387,0.011677,-0.795947,-0.022841,0.796274,12|13|14|15|16|17,0.5623
7044.683701,-0.149002,-2.633263,0.006593,2.465104,0.029387,0.011677,-0.795947,-0.022841,0.796275,12|13|14|15|16|17,0.5629
7044.700367,-0.144895,-2.643176,0.006401,2.478802,0.029904,0.011719,-0.804257,-0.021128,0.804534,12|13|14|15|16|17,0.5628
7044.717034,-0.135852,-2.661365,0.006819,2.485647,0.029804,0.011735,-0.801216,-0.016117,0.801378,12|13|14|15|16|17,0.5619
7044.733701,-0.135852,-2.661367,0.006821,2.492580,0.029975,0.011719,-0.808147,-0.016288,0.808311,12|13|14|15|16|17,0.5610
7044.750367,-0.138309,-2.676395,0.006756,2.492580,0.029975,0.011719,-0.799980,-0.017626,0.800174,12|13|14|15|16|17,0.5619
7044.767034,-0.138309,-2.676394,0.006755,2.506508,0.030337,0.011492,-0.813909,-0.017988,0.814108,12|13|14|15|16|17,0.5628
7044.783701,-0.135420,-2.694727,0.007205,2.506508,0.030337,0.011492,-0.803945,-0.016421,0.804113,12|13|14|15|16|17,0.5625
7044.800367,-0.133836,-2.704257,0.007169,2.513561,0.029834,0.011430,-0.805817,-0.015060,0.805958,12|13|14|15|16|17,0.5613
7044.817034,-0.142291,-2.710704,0.007146,2.520802,0.028819,0.011420,-0.809556,-0.018642,0.809771,12|13|14|15|16|17,0.5626
7044.833701,-0.142290,-2.710705,0.007146,2.527673,0.029037,0.011408,-0.816427,-0.018859,0.816645,12|13|14|15|16|17,0.5629
7044.850367,-0.155542,-2.728683,0.007269,2.541589,0.030071,0.011411,-0.820575,-0.027100,0.821023,12|13|14|15|16|17,0.5640
7044.867034,-0.149623,-2.737939,0.005995,2.548605,0.030577,0.011355,-0.822560,-0.024390,0.822921,12|13|14|15|16|17,0.5638
7044.883701,-0.142559,-2.749085,0.005929,2.555708,0.030000,0.011617,-0.823603,-0.019976,0.823846,12|13|14|15|16|17|18|19,0.5517
7044.900367,-0.137091,-2.756508,0.006614,2.555708,0.030000,0.011617,-0.819568,-0.017006,0.819745,12|13|14|15|16|17|18|19,0.5634
7044.933701,-0.136937,-2.757504,0.007046,2.569877,0.029917,0.011422,-0.833196,-0.016840,0.833366,14|15|16|17|18|19,0.5649
7044.950367,-0.156185,-2.774638,0.007191,2.576944,0.030430,0.011252,-0.830954,-0.027817,0.831420,14|15|16|17|18|19,0.5649
7044.967034,-0.143901,-2.793412,0.006571,2.583975,0.030895,0.011032,-0.827780,-0.021610,0.828062,14|15|16|17|18|19,0.5647
7044.983701,-0.143901,-2.793412,0.006571,2.598371,0.029660,0.011028,-0.842176,-0.020375,0.842422,14|15|16|17|18|19,0.5645
7045.000367,-0.148731,-2.810842,0.006588,2.598371,0.029660,0.011028,-0.832704,-0.023004,0.833021,14|15|16|17|18|19,0.5642
7045.050367,-0.150249,-2.836874,0.006888,2.618820,0.031197,0.011125,-0.839006,-0.025371,0.839390,14|15|16|17|18|19,0.5621
7045.067034,-0.138602,-2.845944,0.006536,2.633038,0.030977,0.011118,-0.848292,-0.018823,0.848500,14|15|16|17|18|19,0.5615
7045.083701,-0.132539,-2.852976,0.006634,2.640018,0.030547,0.011094,-0.851449,-0.015100,0.851583,14|15|16|17|18|19,0.5612
7045.100367,-0.144472,-2.862761,0.006778,2.640018,0.030547,0.011094,-0.846133,-0.021587,0.846409,14|15|16|17|18|19,0.5621
7045.117034,-0.151468,-2.870649,0.007106,2.653974,0.031838,0.011098,-0.855805,-0.026681,0.856220,14|15|16|17|18|19,0.5626
7045.133701,-0.143391,-2.880119,0.006897,2.661055,0.032477,0.010976,-0.857737,-0.022933,0.858043,14|15|16|17|18|19,0.5632
7045.150367,-0.135316,-2.889412,0.006751,2.661055,0.032477,0.010976,-0.852684,-0.018546,0.852886,14|15|16|17|18|19,0.5631
7045.167034,-0.135316,-2.889411,0.006753,2.675433,0.031544,0.011000,-0.867063,-0.017613,0.867242,14|15|16|17|18|19,0.5627
7045.183701,-0.127186,-2.898798,0.006847,2.682516,0.031325,0.010854,-0.869043,-0.012978,0.869140,14|15|16|17|18|19,0.5625
7045.200367,-0.131768,-2.906421,0.006160,2.689649,0.032001,0.010867,-0.872033,-0.016146,0.872183,14|15|16|17|18|19,0.5625
7045.217034,-0.142714,-2.916113,0.006240,2.696671,0.032704,0.010891,-0.873791,-0.022799,0.874088,14|15|16|17|18|19,0.5627
7045.233701,-0.145874,-2.924122,0.006213,2.696671,0.032704,0.010891,-0.869439,-0.024518,0.869784,14|15|16|17|18|19,0.5636
7045.250367,-0.137426,-2.933680,0.006399,2.710752,0.032813,0.010863,-0.878323,-0.020038,0.878552,14|15|16|17|18|19,0.5629
7045.267034,-0.119993,-2.952347,0.006811,2.710752,0.032813,0.010863,-0.868175,-0.010567,0.868239,14|15|16|17|18|19,0.5621
7045.283701,-0.119992,-2.952349,0.006810,2.724769,0.032618,0.010671,-0.882191,-0.010372,0.882252,14|15|16|17|18|19,0.5615
7045.317034,-0.133553,-2.976450,0.006385,2.738964,0.034482,0.010615,-0.883290,-0.019611,0.883508,14|15|16|17|18|19,0.5619
7045.333701,-0.121105,-2.985820,0.006257,2.745994,0.034174,0.011108,-0.885225,-0.012539,0.885313,14|15|16|17|18|19,0.5619
7045.350367,-0.109414,-2.994460,0.006463,2.753067,0.033624,0.011135,-0.887600,-0.005638,0.887618,14|15|16|17|18|19,0.5628
7045.367034,-0.116348,-3.003664,0.006563,2.753067,0.033624,0.011135,-0.882599,-0.009408,0.882649,14|15|16|17|18|19,0.5634
7045.383701,-0.116348,-3.003664,0.006562,2.760125,0.033133,0.011140,-0.889658,-0.008917,0.889702,14|15|16|17|18|19,0.5634
7045.400367,-0.133203,-3.022759,0.006535,2.767125,0.033429,0.011138,-0.886283,-0.018378,0.886473,14|15|16|17|18|19,0.5629
7045.417034,-0.129164,-3.030772,0.006378,2.774232,0.034102,0.011244,-0.889034,-0.016857,0.889193,14|15|16|17|18|19|20,0.5629
7045.433701,-0.120750,-3.040024,0.006784,2.788287,0.033928,0.011389,-0.898060,-0.012112,0.898141,14|15|16|17|18|19|20,0.5623
7045.450367,-0.116752,-3.048378,0.006631,2.795365,0.033357,0.011416,-0.900597,-0.009370,0.900645,15|16|17|18|19|20,0.5638
7045.467034,-0.116752,-3.048377,0.006632,2.802312,0.033720,0.011449,-0.907543,-0.009733,0.907595,15|16|17|18|19|20,0.5632
7045.483701,-0.126071,-3.057516,0.007386,2.809399,0.034458,0.011491,-0.909666,-0.015537,0.909799,15|16|17|18|19|20,0.5622
7045.500367,-0.130624,-3.074550,0.007463,2.809399,0.034458,0.011491,-0.900409,-0.018015,0.900589,15|16|17|18|19|20,0.5633
7045.517034,-0.130624,-3.074550,0.007461,2.823513,0.034811,0.011444,-0.914523,-0.018368,0.914708,15|16|17|18|19|20,0.5632
7045.533701,-0.111418,-3.093792,0.007147,2.830572,0.034016,0.011319,-0.911121,-0.007140,0.911148,15|16|17|18|19|20,0.5627
7045.550367,-0.111417,-3.093793,0.007147,2.837591,0.033329,0.011317,-0.918139,-0.006452,0.918162,15|16|17|18|19|20,0.5625
7045.567034,-0.118610,-3.101181,0.006785,2.844605,0.033750,0.011366,-0.921138,-0.010783,0.921202,15|16|17|18|19|20,0.5625
7045.583701,-0.131044,-3.110889,0.006592,2.844605,0.033750,0.011366,-0.915865,-0.017543,0.916033,15|16|17|18|19|20,0.5628
7045.600367,-0.136679,-3.128314,0.006693,2.851697,0.034227,0.011504,-0.913488,-0.021086,0.913731,15|16|17|18|19|20,0.5628
7045.617034,-0.136680,-3.128313,0.006692,2.865682,0.033936,0.011253,-0.927474,-0.020796,0.927707,15|16|17|18|19|20,0.5622
7045.633701,-0.127116,-3.146011,0.007284,2.872473,0.033459,0.010883,-0.924644,-0.015125,0.924768,15|16|17|18|19|20,0.5613
7045.650367,-0.137333,-3.154532,0.006649,2.872473,0.033459,0.010883,-0.920016,-0.020680,0.920248,15|16|17|18|19|20,0.5618
7045.667034,-0.143924,-3.161890,0.006256,2.886060,0.034732,0.010109,-0.929606,-0.025535,0.929957,15|16|17|18|19|20,0.5617
7045.683701,-0.143924,-3.161890,0.006258,2.892861,0.035448,0.010037,-0.936406,-0.026252,0.936774,15|16|17|18|19|20,0.5620
7045.700367,-0.135121,-3.171077,0.005282,2.899747,0.034976,0.010366,-0.938297,-0.020997,0.938532,15|16|17|18|19|20,0.5618
7045.717034,-0.117361,-3.188223,0.004986,2.906752,0.034318,0.010256,-0.935980,-0.010691,0.936041,15|16|17|18|19|20,0.5619
7045.733701,-0.117359,-3.188224,0.004987,2.906752,0.034318,0.010256,-0.935980,-0.010690,0.936041,15|16|17|18|19|20,0.5628
7045.750367,-0.126202,-3.196405,0.005080,2.913647,0.033633,0.010242,-0.938430,-0.014813,0.938547,15|16|17|18|19|20,0.5619
7045.767034,-0.136973,-3.205875,0.004925,2.927064,0.034394,0.010263,-0.946703,-0.021429,0.946946,15|16|17|18|19|20,0.5613
7045.783701,-0.147746,-3.215325,0.005327,2.933871,0.035186,0.010301,-0.948377,-0.028078,0.948792,15|16|17|18|19|20,0.5620
7045.800367,-0.138322,-3.231140,0.004678,2.933871,0.035186,0.010301,-0.939780,-0.022960,0.940060,15|16|17|18|19|20,0.5624
7045.833701,-0.138324,-3.231140,0.004676,2.954467,0.034391,0.010242,-0.960376,-0.022165,0.960631,15|16|17|18|19|20,0.5616
7045.850367,-0.136172,-3.256912,0.005811,2.961487,0.034954,0.010016,-0.953389,-0.021565,0.953633,15|16|17|18|19|20,0.5609
7045.867034,-0.142926,-3.264502,0.006022,2.961487,0.034954,0.010016,-0.949265,-0.025237,0.949601,15|16|17|18|19|20,0.5606
7045.883701,-0.135514,-3.274054,0.006041,2.968549,0.035564,0.009668,-0.951134,-0.021820,0.951384,15|16|17|18|19|20,0.5611
7045.900367,-0.127670,-3.283406,0.006333,2.982870,0.034647,0.009449,-0.960371,-0.016642,0.960515,15|16|17|18|19|20,0.5614
7045.917034,-0.134094,-3.291325,0.005852,2.982870,0.034647,0.009449,-0.956068,-0.020135,0.956280,15|16|17|18|19|20,0.5636
7045.933701,-0.134092,-3.291326,0.005853,2.990021,0.034079,0.009530,-0.963218,-0.019567,0.963417,15|16|17|18|19|20,0.5631
7045.950367,-0.151358,-3.311656,0.005242,3.003645,0.034717,0.009482,-0.965797,-0.029592,0.966250,15|16|17|18|19|20|21|22,0.5630
7045.967034,-0.156271,-3.317827,0.005032,3.003645,0.034717,0.009482,-0.962444,-0.032263,0.962985,15|16|17|18|19|20|21|22,0.5563
7045.983701,-0.155567,-3.318750,0.005793,3.010702,0.035445,0.009401,-0.969000,-0.032609,0.969549,17|18|19|20|21|22,0.5630
7046.000367,-0.134229,-3.336208,0.006831,3.017866,0.035149,0.009365,-0.966671,-0.020721,0.966893,17|18|19|20|21|22,0.5630
7046.017034,-0.139781,-3.345356,0.006697,3.025098,0.034873,0.009365,-0.968933,-0.023464,0.969217,17|18|19|20|21|22,0.5635
7046.033701,-0.139780,-3.345357,0.006696,3.039256,0.034831,0.008969,-0.983090,-0.023421,0.983369,17|18|19|20|21|22,0.5641
7046.050367,-0.144285,-3.354985,0.006001,3.039256,0.034831,0.008969,-0.977859,-0.025871,0.978201,17|18|19|20|21|22,0.5642
7046.067034,-0.149277,-3.364848,0.006625,3.053465,0.035295,0.008480,-0.986709,-0.029051,0.987136,17|18|19|20|21|22,0.5637
7046.083701,-0.145545,-3.371625,0.005330,3.053465,0.035295,0.008480,-0.983025,-0.027024,0.983396,17|18|19|20|21|22,0.5629
7046.100367,-0.141396,-3.390811,0.006055,3.067321,0.035057,0.008111,-0.986452,-0.024534,0.986757,17|18|19|20|21|22,0.5636
7046.117034,-0.144165,-3.400493,0.005922,3.067321,0.035057,0.008111,-0.981191,-0.026042,0.981536,17|18|19|20|21|22,0.5637
7046.133701,-0.146269,-3.410009,0.004914,3.080833,0.035562,0.007993,-0.989531,-0.027692,0.989919,17|18|19|20|21|22,0.5631
7046.150367,-0.148092,-3.419397,0.004334,3.080833,0.035562,0.007993,-0.984430,-0.028684,0.984847,17|18|19|20|21|22,0.5618
7046.167034,-0.148092,-3.419397,0.004335,3.095086,0.035798,0.007977,-0.998683,-0.028921,0.999102,17|18|19|20|21|22,0.5618
7046.183701,-0.134193,-3.433228,0.004317,3.095086,0.035798,0.007977,-0.991163,-0.021370,0.991393,17|18|19|20|21|22,0.5615
7046.200367,-0.134193,-3.433228,0.004318,3.109388,0.035291,0.008004,-1.005465,-0.020863,1.005681,17|18|19|20|21|22,0.5623
7046.217034,-0.143262,-3.452198,0.004028,3.109388,0.035291,0.008004,-0.995157,-0.025796,0.995491,17|18|19|20|21|22,0.5635
7046.233701,-0.147421,-3.461410,0.003588,3.116197,0.035592,0.007982,-0.996960,-0.028359,0.997363,17|18|19|20|21|22,0.5627
7046.250367,-0.143941,-3.467841,0.004077,3.130442,0.036736,0.007802,-1.007710,-0.027612,1.008088,17|18|19|20|21|22,0.5623
7046.267034,-0.127442,-3.477365,0.003686,3.130442,0.036736,0.007802,-1.002531,-0.018648,1.002704,17|18|19|20|21|22,0.5624
7046.283701,-0.129724,-3.486896,0.003246,3.144838,0.036451,0.007801,-1.011747,-0.019606,1.011937,17|18|19|20|21|22,0.5637
7046.300367,-0.132624,-3.496230,0.003157,3.144838,0.036451,0.007801,-1.006675,-0.021183,1.006898,17|18|19|20|21|22,0.5649
7046.317034,-0.132625,-3.496230,0.003155,3.158847,0.036839,0.007736,-1.020684,-0.021572,1.020912,17|18|19|20|21|22,0.5645
7046.333701,-0.137855,-3.515523,0.003063,3.158847,0.036839,0.007736,-1.010199,-0.024418,1.010495,17|18|19|20|21|22,0.5643
7046.350367,-0.130668,-3.521436,0.003471,3.173087,0.037627,0.007614,-1.021224,-0.021301,1.021446,17|18|19|20|21|22,0.5623
7046.367034,-0.118040,-3.530689,0.003912,3.180278,0.037435,0.007445,-1.023383,-0.014248,1.023483,17|18|19|20|21|22,0.5623
7046.383701,-0.118039,-3.530689,0.003914,3.187378,0.037218,0.007400,-1.030483,-0.014031,1.030579,17|18|19|20|21|22,0.5626
7046.400367,-0.124618,-3.550297,0.003501,3.187378,0.037218,0.007400,-1.019828,-0.017611,1.019980,17|18|19|20|21|22,0.5618
7046.417034,-0.128324,-3.560224,0.003336,3.194315,0.037054,0.007386,-1.021371,-0.019462,1.021557,17|18|19|20|21|22,0.5612
7046.433701,-0.131468,-3.569518,0.003014,3.200901,0.037597,0.007385,-1.022907,-0.021716,1.023138,17|18|19|20|21|22,0.5598
7046.450368,-0.124231,-3.574249,0.003232,3.207958,0.037648,0.007368,-1.027391,-0.017835,1.027546,17|18|19|20|21|22|23,0.5529
7046.467034,-0.124220,-3.574316,0.003260,3.222060,0.037798,0.007421,-1.041457,-0.017979,1.041612,17|18|19|20|21|22|23,0.5624
7046.483701,-0.124434,-3.592317,0.003455,3.222060,0.037798,0.007421,-1.031674,-0.018099,1.031832,17|18|19|20|21|22|23,0.5614
7046.500368,-0.123535,-3.602254,0.004349,3.229084,0.037886,0.007421,-1.033297,-0.017701,1.033449,18|19|20|21|22|23,0.5648
7046.517034,-0.123534,-3.602254,0.004346,3.236117,0.037982,0.007419,-1.040330,-0.017796,1.040482,18|19|20|21|22|23,0.5650
7046.533701,-0.122439,-3.621202,0.004972,3.249998,0.038100,0.007423,-1.043913,-0.017323,1.044056,18|19|20|21|22|23,0.5640
7046.550368,-0.121448,-3.627360,0.004115,3.257002,0.038114,0.007436,-1.047569,-0.016799,1.047704,18|19|20|21|22|23,0.5653
7046.567034,-0.121893,-3.636906,0.003884,3.257002,0.038114,0.007436,-1.042381,-0.017043,1.042521,18|19|20|21|22|23,0.5659
7046.600368,-0.122569,-3.655583,0.004437,3.271011,0.038173,0.007457,-1.046240,-0.017473,1.046386,18|19|20|21|22|23,0.5649
7046.617034,-0.122568,-3.655582,0.004439,3.285032,0.038624,0.007448,-1.060262,-0.017925,1.060413,18|19|20|21|22|23,0.5623
7046.633701,-0.122704,-3.665097,0.004279,3.292266,0.038445,0.007459,-1.062325,-0.017821,1.062475,18|19|20|21|22|23,0.5624
7046.650368,-0.117973,-3.679994,0.004015,3.299426,0.038264,0.007421,-1.061388,-0.015072,1.061495,18|19|20|21|22|23,0.5627
7046.667034,-0.121151,-3.689401,0.005134,3.306327,0.038052,0.007400,-1.063177,-0.016588,1.063307,18|19|20|21|22|23,0.5627
7046.683701,-0.121151,-3.689401,0.005134,3.313369,0.037894,0.007386,-1.070219,-0.016431,1.070345,18|19|20|21|22|23,0.5636
7046.700368,-0.124387,-3.699067,0.004652,3.320156,0.038298,0.007372,-1.071753,-0.018595,1.071914,18|19|20|21|22|23,0.5626
7046.717034,-0.128085,-3.709150,0.004163,3.327325,0.038153,0.007371,-1.073443,-0.020463,1.073638,18|19|20|21|22|23,0.5614
7046.733701,-0.126099,-3.724201,0.004275,3.327325,0.038153,0.007371,-1.065263,-0.019386,1.065439,18|19|20|21|22|23,0.5618
7046.750368,-0.128893,-3.733680,0.004121,3.334497,0.038024,0.007377,-1.067284,-0.020777,1.067486,18|19|20|21|22|23,0.5623
7046.767034,-0.131465,-3.743035,0.004422,3.341490,0.037864,0.007282,-1.069193,-0.022017,1.069420,18|19|20|21|22|23,0.5626
7046.783701,-0.134032,-3.752598,0.004469,3.348217,0.037887,0.007259,-1.070723,-0.023437,1.070980,18|19|20|21|22|23,0.5621
7046.800368,-0.134032,-3.752599,0.004470,3.361607,0.038419,0.007192,-1.084113,-0.023969,1.084378,18|19|20|21|22|23,0.5603
7046.817034,-0.134424,-3.760241,0.004467,3.361607,0.038419,0.007192,-1.079960,-0.024184,1.080231,18|19|20|21|22|23,0.5611
7046.850368,-0.130173,-3.785178,0.004091,3.382560,0.038146,0.007254,-1.087359,-0.021606,1.087574,18|19|20|21|22|23,0.5633
7046.867034,-0.132127,-3.794548,0.004515,3.389505,0.038056,0.007190,-1.089212,-0.022580,1.089446,18|19|20|21|22|23,0.5626
7046.883701,-0.133939,-3.803957,0.004727,3.389505,0.038056,0.007190,-1.084099,-0.023567,1.084355,18|19|20|21|22|23,0.5612
7046.900368,-0.133939,-3.803957,0.004726,3.402723,0.038567,0.007226,-1.097317,-0.024078,1.097581,18|19|20|21|22|23,0.5603
7046.917034,-0.132243,-3.818502,0.004350,3.402723,0.038567,0.007226,-1.089412,-0.023159,1.089658,18|19|20|21|22|23,0.5591
7046.933701,-0.130243,-3.827348,0.004029,3.409696,0.038513,0.007189,-1.091577,-0.022019,1.091799,18|19|20|21|22|23,0.5600
7046.950368,-0.130244,-3.827347,0.004026,3.423933,0.038453,0.007226,-1.105814,-0.021960,1.106032,18|19|20|21|22|23,0.5614
7046.967034,-0.131885,-3.836718,0.003707,3.431063,0.038254,0.007099,-1.107851,-0.022655,1.108083,18|19|20|21|22|23,0.5617
7047.000368,-0.137692,-3.863031,0.005145,3.438111,0.038052,0.006540,-1.100600,-0.025615,1.100898,18|19|20|21|22|23|24|25,0.5627
7047.017034,-0.137692,-3.863073,0.005183,3.445220,0.037984,0.006254,-1.107686,-0.025547,1.107981,18|19|20|21|22|23|24|25,0.5516
7047.033701,-0.139683,-3.872468,0.005261,3.452152,0.037998,0.006112,-1.109513,-0.026645,1.109833,20|21|22|23|24|25,0.5639
7047.050368,-0.140796,-3.882078,0.005800,3.466080,0.038034,0.006040,-1.118218,-0.027287,1.118551,20|21|22|23|24|25,0.5642
7047.067034,-0.141309,-3.891554,0.004726,3.472897,0.037500,0.005900,-1.119885,-0.027034,1.120212,20|21|22|23|24|25,0.5629
7047.083701,-0.141866,-3.910346,0.004853,3.479815,0.037688,0.005824,-1.116590,-0.027529,1.116929,20|21|22|23|24|25,0.5617
7047.100368,-0.141866,-3.910347,0.004853,3.486988,0.037977,0.005753,-1.123763,-0.027818,1.124107,20|21|22|23|24|25,0.5623
7047.117034,-0.150108,-3.915919,0.004600,3.486988,0.037977,0.005753,-1.120736,-0.032298,1.121202,20|21|22|23|24|25,0.5641
7047.133701,-0.147943,-3.924284,0.003420,3.501511,0.038614,0.005713,-1.130712,-0.031760,1.131158,20|21|22|23|24|25,0.5646
7047.167034,-0.144595,-3.934002,0.003422,3.508631,0.038212,0.005686,-1.132551,-0.029541,1.132936,20|21|22|23|24|25,0.5634
7047.183701,-0.136526,-3.953456,0.004142,3.522620,0.038155,0.005294,-1.135965,-0.025103,1.136242,20|21|22|23|24|25,0.5627
7047.200368,-0.149381,-3.968937,0.003739,3.522620,0.038155,0.005294,-1.127553,-0.032092,1.128010,20|21|22|23|24|25,0.5632
7047.217034,-0.143311,-3.978342,0.003884,3.536184,0.039154,0.005266,-1.136006,-0.029795,1.136396,20|21|22|23|24|25,0.5635
7047.233701,-0.136997,-3.987621,0.004385,3.536184,0.039154,0.005266,-1.130962,-0.026365,1.131269,20|21|22|23|24|25,0.5631
7047.250368,-0.130396,-3.996682,0.004447,3.543219,0.039667,0.005177,-1.133070,-0.023292,1.133310,20|21|22|23|24|25,0.5617
7047.267034,-0.130395,-3.996683,0.004456,3.557051,0.037887,0.004885,-1.146902,-0.021511,1.147103,20|21|22|23|24|25,0.5598
7047.283701,-0.136546,-4.012511,0.004131,3.557051,0.037887,0.004885,-1.138301,-0.024858,1.138572,20|21|22|23|24|25,0.5596
7047.317034,-0.136547,-4.012511,0.004120,3.577580,0.038820,0.004770,-1.158829,-0.025791,1.159116,20|21|22|23|24|25,0.5602
7047.333701,-0.140977,-4.038973,0.003934,3.584593,0.038860,0.004782,-1.151463,-0.028245,1.151809,20|21|22|23|24|25,0.5603
7047.350368,-0.140976,-4.038973,0.003939,3.591587,0.038205,0.004722,-1.158457,-0.027589,1.158785,20|21|22|23|24|25,0.5601
7047.367034,-0.136507,-4.048564,0.003676,3.591587,0.038205,0.004722,-1.153243,-0.025162,1.153518,20|21|22|23|24|25,0.5592
7047.400368,-0.139626,-4.073026,0.003202,3.612432,0.039657,0.004702,-1.160794,-0.028315,1.161139,20|21|22|23|24|25,0.5605
7047.417034,-0.132862,-4.082274,0.003612,3.612432,0.039657,0.004702,-1.155766,-0.024640,1.156029,20|21|22|23|24|25,0.5613
7047.433701,-0.126261,-4.091864,0.003692,3.626385,0.039988,0.004661,-1.164506,-0.021386,1.164702,20|21|22|23|24|25,0.5616
7047.450368,-0.126263,-4.091864,0.003685,3.633494,0.039487,0.004483,-1.171615,-0.020886,1.171801,20|21|22|23|24|25,0.5595
7047.467034,-0.122484,-4.107820,0.003387,3.640700,0.039872,0.004357,-1.170149,-0.019221,1.170307,20|21|22|23|24|25,0.5590
7047.483701,-0.129258,-4.116228,0.003106,3.640700,0.039872,0.004357,-1.165580,-0.022904,1.165805,20|21|22|23|24|25,0.5599
7047.500368,-0.129257,-4.116229,0.003107,3.647852,0.040273,0.004342,-1.172732,-0.023304,1.172964,20|21|22|23|24|25,0.5606
7047.533701,-0.113613,-4.145580,0.002116,3.661789,0.040125,0.004302,-1.170714,-0.014660,1.170806,20|21|22|23|24|25|26,0.5586
7047.550368,-0.122048,-4.151399,0.002442,3.668826,0.039014,0.004280,-1.174590,-0.018134,1.174730,21|22|23|24|25|26,0.5611
7047.567034,-0.138479,-4.161088,0.002230,3.675614,0.038977,0.004282,-1.176116,-0.027029,1.176427,21|22|23|24|25|26,0.5604
7047.583701,-0.138907,-4.168132,0.002740,3.682655,0.039624,0.004314,-1.179328,-0.027910,1.179658,21|22|23|24|25|26,0.5622
7047.600368,-0.138907,-4.168132,0.002739,3.689645,0.040283,0.004318,-1.186318,-0.028569,1.186662,21|22|23|24|25|26,0.5634
7047.617034,-0.129903,-4.177852,0.002513,3.703549,0.040612,0.004373,-1.194939,-0.024007,1.195180,21|22|23|24|25|26,0.5631
7047.633701,-0.111992,-4.197062,0.002248,3.710596,0.040041,0.004381,-1.191541,-0.013706,1.191620,21|22|23|24|25|26,0.5623
7047.667034,-0.111993,-4.197062,0.002249,3.717590,0.040073,0.004356,-1.198536,-0.013738,1.198615,21|22|23|24|25|26,0.5634
7047.683701,-0.126842,-4.214114,0.002930,3.731837,0.041242,0.004386,-1.203518,-0.022980,1.203737,21|22|23|24|25|26,0.5643
7047.717034,-0.126220,-4.221667,0.003208,3.745865,0.040308,0.004230,-1.213441,-0.021710,1.213635,21|22|23|24|25|26,0.5650
7047.733701,-0.110825,-4.247561,0.003395,3.745865,0.040308,0.004230,-1.199365,-0.013349,1.199439,21|22|23|24|25|26,0.5640
7047.750368,-0.110824,-4.247562,0.003397,3.759886,0.040391,0.004200,-1.213386,-0.013431,1.213460,21|22|23|24|25|26,0.5642
7047.767034,-0.124553,-4.257449,0.003587,3.766871,0.040769,0.004236,-1.215000,-0.021273,1.215187,21|22|23|24|25|26,0.5634
7047.783701,-0.123444,-4.275386,0.003151,3.766871,0.040769,0.004236,-1.205252,-0.020674,1.205429,21|22|23|24|25|26,0.5650
7047.800368,-0.123444,-4.275386,0.003155,3.773826,0.041132,0.003941,-1.212206,-0.021036,1.212388,21|22|23|24|25|26,0.5647
7047.817034,-0.113382,-4.294714,0.002672,3.780684,0.040755,0.003663,-1.208558,-0.015195,1.208654,21|22|23|24|25|26,0.5643
7047.833701,-0.113383,-4.294713,0.002673,3.794696,0.039953,0.003336,-1.222570,-0.014394,1.222655,21|22|23|24|25|26,0.5635
7047.867034,-0.119942,-4.301365,0.002053,3.808777,0.040723,0.003355,-1.233038,-0.018729,1.233180,21|22|23|24|25|26,0.5633
7047.883701,-0.127071,-4.328561,0.000961,3.815489,0.040332,0.003246,-1.224971,-0.022219,1.225172,21|22|23|24|25|26,0.5635
7047.917034,-0.128253,-4.343883,0.001124,3.822383,0.039354,0.003027,-1.223538,-0.021886,1.223734,21|22|23|24|25|26,0.5617
7047.933701,-0.142670,-4.353111,0.000859,3.829114,0.039449,0.002848,-1.225256,-0.029818,1.225619,21|22|23|24|25|26,0.5615
7047.950368,-0.142670,-4.353110,0.000859,3.835990,0.039876,0.002870,-1.232133,-0.030245,1.232504,21|22|23|24|25|26,0.5622
7047.967034,-0.134901,-4.369884,0.000550,3.842868,0.040330,0.002906,-1.229893,-0.026481,1.230178,21|22|23|24|25|26,0.5638
7047.983701,-0.128408,-4.379160,0.000755,3.856515,0.041161,0.002771,-1.238498,-0.023785,1.238726,21|22|23|24|25|26,0.5626
7048.000368,-0.128410,-4.379159,0.000750,3.863242,0.040284,0.002698,-1.245225,-0.022909,1.245436,21|22|23|24|25|26,0.5615
7048.017034,-0.117654,-4.395371,0.000586,3.870044,0.039465,0.002506,-1.243214,-0.016247,1.243320,21|22|23|24|25|26,0.5611
7048.033701,-0.131150,-4.405377,0.000882,3.870044,0.039465,0.002506,-1.237779,-0.023585,1.238003,21|22|23|24|25|26|27|28,0.5509
7048.050368,-0.131166,-4.405475,0.000879,3.876571,0.039740,0.001961,-1.244252,-0.023869,1.244481,21|22|23|24|25|26|27|28,0.5624
7048.067034,-0.143175,-4.413395,0.000850,3.890644,0.040175,0.001390,-1.254023,-0.030831,1.254402,21|22|23|24|25|26|27|28,0.5575
7048.100368,-0.131112,-4.438853,0.000796,3.897873,0.039524,0.001286,-1.247415,-0.023630,1.247638,23|24|25|26|27|28,0.5629
7048.117034,-0.140495,-4.448631,0.000457,3.905039,0.038893,0.001296,-1.249268,-0.028101,1.249584,23|24|25|26|27|28,0.5633
7048.133701,-0.140494,-4.448629,0.000456,3.918679,0.039678,0.001206,-1.262909,-0.028885,1.263239,23|24|25|26|27|28,0.5631
7048.150368,-0.147382,-4.465365,0.000001,3.918679,0.039678,0.001206,-1.253815,-0.032632,1.254239,23|24|25|26|27|28,0.5634
7048.167034,-0.138831,-4.474834,0.000120,3.925552,0.040326,0.000942,-1.255539,-0.028635,1.255866,23|24|25|26|27|28,0.5632
7048.183701,-0.138831,-4.474835,0.000119,3.939889,0.039323,0.000924,-1.269877,-0.027632,1.270177,23|24|25|26|27|28,0.5619
7048.200368,-0.130083,-4.484338,0.000063,3.939889,0.039323,0.000924,-1.264710,-0.022879,1.264917,23|24|25|26|27|28,0.5620
7048.217034,-0.146036,-4.502055,-0.000149,3.947055,0.038702,0.000876,-1.262250,-0.030932,1.262629,23|24|25|26|27|28,0.5621
7048.233701,-0.146034,-4.502055,-0.000147,3.960876,0.040028,0.000549,-1.276071,-0.032257,1.276479,23|24|25|26|27|28,0.5617
7048.250368,-0.149100,-4.517829,0.000215,3.968112,0.039872,0.000575,-1.274735,-0.033771,1.275182,23|24|25|26|27|28,0.5626
7048.267034,-0.136161,-4.527141,-0.000189,3.968112,0.039872,0.000575,-1.269671,-0.026741,1.269953,23|24|25|26|27|28,0.5617
7048.283701,-0.138483,-4.537176,-0.000230,3.975355,0.039703,0.000601,-1.271461,-0.027836,1.271766,23|24|25|26|27|28,0.5626
7048.300368,-0.138482,-4.537176,-0.000229,3.989714,0.039539,0.000541,-1.285820,-0.027671,1.286118,23|24|25|26|27|28,0.5632
7048.317034,-0.141019,-4.546687,0.000116,3.989714,0.039539,0.000541,-1.280652,-0.029051,1.280981,23|24|25|26|27|28,0.5625
7048.333701,-0.143253,-4.564759,-0.000133,4.003314,0.041332,0.000093,-1.284431,-0.032062,1.284831,23|24|25|26|27|28,0.5617
7048.350368,-0.130086,-4.571647,-0.000575,4.003314,0.041332,0.000093,-1.280685,-0.024908,1.280927,23|24|25|26|27|28,0.5621
7048.367034,-0.130087,-4.571649,-0.000574,4.017358,0.040095,-0.000367,-1.294728,-0.023672,1.294944,23|24|25|26|27|28,0.5624
7048.383701,-0.126474,-4.589486,-0.000796,4.024398,0.039518,-0.000387,-1.292072,-0.021135,1.292245,23|24|25|26|27|28,0.5625
7048.400368,-0.126469,-4.589483,-0.000793,4.024398,0.039518,-0.000387,-1.292074,-0.021132,1.292246,23|24|25|26|27|28,0.5618
7048.417034,-0.143230,-4.608060,-0.001327,4.031190,0.039056,-0.000467,-1.288773,-0.029783,1.289117,23|24|25|26|27|28,0.5618
7048.433701,-0.149461,-4.616271,-0.001113,4.037776,0.039735,-0.000828,-1.290898,-0.033850,1.291342,23|24|25|26|27|28,0.5621
7048.467034,-0.149462,-4.616269,-0.001112,4.059185,0.039343,-0.000824,-1.312308,-0.033459,1.312735,23|24|25|26|27|28,0.5613
7048.500368,-0.136383,-4.632167,-0.002379,4.072989,0.040010,-0.000812,-1.317470,-0.027021,1.317747,23|24|25|26|27|28,0.5618
7048.517034,-0.147549,-4.660429,-0.001738,4.072989,0.040010,-0.000812,-1.302112,-0.033095,1.302532,23|24|25|26|27|28,0.5605
7048.533701,-0.135044,-4.665984,-0.001732,4.080064,0.041191,-0.000860,-1.306165,-0.027481,1.306454,23|24|25|26|27|28,0.5601
7048.550368,-0.135317,-4.666081,-0.001713,4.094487,0.040907,-0.000935,-1.320536,-0.027346,1.320819,23|24|25|26|27|28|28,0.5525
7048.600368,-0.158312,-4.597934,-0.002227,4.115902,0.041383,-0.001238,-1.378991,-0.040305,1.379580,23|24|25|26|27|28|28,0.5547
7048.617034,-0.172432,-4.613687,-0.002377,4.123119,0.041401,0.000451,-1.377650,-0.048000,1.378486,24|25|26|27|28|28,0.5610
7048.633701,-0.161733,-4.628468,-0.002493,4.123119,0.041401,0.000451,-1.369615,-0.042188,1.370265,24|25|26|27|28|28,0.5614
7048.667034,-0.173278,-4.647462,-0.001027,4.137348,0.040517,0.000746,-1.373524,-0.047583,1.374348,24|25|26|27|28|28,0.5637
7048.700368,-0.173215,-4.647595,-0.001029,4.158004,0.041322,0.000672,-1.394107,-0.048354,1.394945,24|25|26|27|28|28,0.5625
7048.717034,-0.184420,-4.670917,-0.000712,4.158004,0.041322,0.000672,-1.381434,-0.054449,1.382507,24|25|26|27|28|28,0.5619
7048.733701,-0.168423,-4.681458,-0.000598,4.165111,0.041362,0.000698,-1.382809,-0.045796,1.383567,24|25|26|27|28|28,0.5615
7048.750368,-0.168341,-4.691053,-0.000444,4.179328,0.041440,0.000758,-1.391812,-0.045831,1.392566,24|25|26|27|28|28,0.5614
7048.783701,-0.167917,-4.710393,-0.000114,4.193488,0.041882,0.000730,-1.395460,-0.046047,1.396220,24|25|26|27|28|28,0.5641
7048.833701,-0.113937,-4.827661,-0.000741,4.207773,0.041706,0.000709,-1.346002,-0.016559,1.346104,24|25|26|27|28|28,0.5627
7048.850368,-0.113936,-4.827661,-0.000740,4.221893,0.041070,0.000704,-1.360122,-0.015922,1.360215,24|25|26|27|28|28,0.5637
7048.867034,-0.122864,-4.846562,-0.000797,4.228710,0.041076,0.000754,-1.356668,-0.020784,1.356827,24|25|26|27|28|28,0.5634
7048.883701,-0.127301,-4.856247,-0.001298,4.235763,0.042042,0.000544,-1.358459,-0.024163,1.358674,24|25|26|27|28|28,0.5631
7048.917034,-0.159091,-4.779361,-0.000927,4.250311,0.041760,0.001274,-1.414799,-0.041143,1.415398,24|25|26|27|28|28,0.5628
7048.933701,-0.158931,-4.779672,-0.000923,4.250311,0.041760,0.001274,-1.414631,-0.041056,1.415226,24|25|26|27|28|28,0.5634
7048.950368,-0.116132,-4.880694,0.000121,4.264385,0.041225,0.001042,-1.373792,-0.017281,1.373900,24|25|26|27|28|28,0.5629
7048.967034,-0.119349,-4.890713,0.000126,4.271056,0.041646,0.001055,-1.375018,-0.019453,1.375156,24|25|26|27|28|28,0.5619
7048.983701,-0.172926,-4.819231,0.000199,4.271056,0.041646,0.001055,-1.413879,-0.048556,1.414712,24|25|26|27|28|28,0.5610
7049.000368,-0.172927,-4.819229,0.000197,4.285090,0.040898,0.001177,-1.427914,-0.047809,1.428714,24|25|26|27|28|28,0.5605
7049.017034,-0.121101,-4.915688,0.000059,4.292132,0.040482,0.001224,-1.382522,-0.019246,1.382656,24|25|26|27|28|28,0.5607
7049.033701,-0.126438,-4.924542,0.000012,4.299013,0.040061,0.001196,-1.384591,-0.021728,1.384762,24|25|26|27|28|28,0.5624
7049.067034,-0.145492,-4.953929,0.000293,4.305499,0.040494,0.001153,-1.375111,-0.032522,1.375496,24|25|26|27|28|28|30|31,0.5475
7049.083701,-0.138025,-4.958181,-0.000016,4.312246,0.041515,0.001193,-1.379546,-0.029486,1.379861,24|25|26|27|28|28|30|31,0.5584
7049.100368,-0.138015,-4.958192,-0.000051,4.325921,0.041652,0.001084,-1.393214,-0.029618,1.393529,24|25|26|27|28|28|30|31,0.5609
7049.117034,-0.123656,-4.966926,0.000375,4.332856,0.041283,0.001080,-1.395399,-0.021446,1.395564,24|25|26|27|28|28|30|31,0.5499
7049.133701,-0.170438,-4.893622,-0.001142,4.332856,0.041283,0.001080,-1.435248,-0.046856,1.436013,26|27|28|28|30|31,0.5608
7049.150368,-0.170449,-4.893599,-0.001143,4.346909,0.040623,0.000502,-1.449314,-0.046203,1.450050,26|27|28|28|30|31,0.5608
7049.167034,-0.130359,-4.995016,-0.000715,4.353774,0.040445,0.000250,-1.401052,-0.024258,1.401262,26|27|28|28|30|31,0.5612
7049.183701,-0.181020,-4.912493,-0.001135,4.360979,0.040290,0.000120,-1.453117,-0.051618,1.454034,26|27|28|28|30|31,0.5606
7049.200368,-0.186603,-4.927963,-0.001806,4.360979,0.040290,0.000120,-1.444711,-0.054656,1.445744,26|27|28|28|30|31,0.5619
7049.217034,-0.186677,-4.927812,-0.001808,4.375071,0.040071,0.000265,-1.458885,-0.054477,1.459902,26|27|28|28|30|31,0.5627
7049.233701,-0.144682,-5.038730,-0.001177,4.382046,0.039985,0.000251,-1.405570,-0.031590,1.405925,26|27|28|28|30|31,0.5630
7049.250368,-0.146244,-5.048505,-0.001045,4.388703,0.040539,0.000286,-1.406914,-0.032996,1.407301,26|27|28|28|30|31,0.5627
7049.283701,-0.185939,-4.970266,-0.001626,4.395774,0.040412,0.000122,-1.456515,-0.054426,1.457532,26|27|28|28|30|31,0.5628
7049.317034,-0.143581,-5.081674,-0.001919,4.409707,0.040231,-0.000451,-1.409891,-0.031247,1.410237,26|27|28|28|30|31,0.5652
7049.333701,-0.190435,-4.999456,-0.002005,4.416895,0.040211,-0.000628,-1.461773,-0.056674,1.462872,26|27|28|28|30|31,0.5650
7049.350368,-0.190467,-4.999394,-0.002006,4.430756,0.039711,-0.000727,-1.475668,-0.056192,1.476737,26|27|28|28|30|31,0.5641
7049.367034,-0.150232,-5.106979,-0.002596,4.430756,0.039711,-0.000727,-1.417189,-0.034347,1.417605,26|27|28|28|30|31,0.5632
7049.400368,-0.147486,-5.124586,-0.003047,4.444791,0.040474,-0.000731,-1.421655,-0.033621,1.422052,26|27|28|28|30|31,0.5641
7049.433701,-0.147488,-5.124587,-0.003045,4.465722,0.041022,-0.000821,-1.442585,-0.034171,1.442989,26|27|28|28|30|31,0.5630
7049.450368,-0.135994,-5.144128,-0.003106,4.472751,0.040821,-0.001288,-1.438992,-0.027727,1.439259,26|27|28|28|30|31,0.5620
7049.467034,-0.129649,-5.154315,-0.003511,4.472751,0.040821,-0.001288,-1.433454,-0.024281,1.433659,26|27|28|28|30|31,0.5615
7049.500368,-0.134279,-5.159477,-0.003830,4.493530,0.040742,-0.001438,-1.451428,-0.026719,1.451674,26|27|28|28|30|31,0.5628
7049.517034,-0.181444,-5.086300,-0.003112,4.500709,0.040717,-0.001497,-1.498388,-0.052312,1.499301,26|27|28|28|30|31,0.5619
7049.550368,-0.182040,-5.113861,-0.003097,4.507522,0.039681,-0.001649,-1.490221,-0.051605,1.491115,26|27|28|28|30|31,0.5594
7049.583701,-0.182000,-5.113940,-0.003101,4.528389,0.040132,-0.002319,-1.511046,-0.052035,1.511941,26|27|28|28|30|31,0.5606
7049.600368,-0.185636,-5.150234,-0.004282,4.528389,0.040132,-0.002319,-1.491321,-0.054019,1.492299,26|27|28|28|30|31|32,0.5451
7049.617034,-0.141771,-5.240710,-0.004665,4.535490,0.040373,-0.002255,-1.449241,-0.030439,1.449561,26|27|28|28|30|31|32,0.5618
7049.633701,-0.141778,-5.240709,-0.004670,4.549280,0.040850,-0.002210,-1.463031,-0.030919,1.463358,26|27|28|28|30|31|32,0.5582
7049.650368,-0.183541,-5.159250,-0.004770,4.556397,0.041090,-0.002421,-1.514429,-0.053839,1.515385,27|28|28|30|31|32,0.5599
7049.667034,-0.176277,-5.172226,-0.004515,4.556397,0.041090,-0.002421,-1.507375,-0.049894,1.508201,27|28|28|30|31|32,0.5617
7049.683701,-0.127371,-5.273819,-0.004898,4.563276,0.041357,-0.002569,-1.459030,-0.023603,1.459221,27|28|28|30|31|32,0.5624
7049.700368,-0.123773,-5.283803,-0.005630,4.570168,0.041601,-0.002626,-1.460495,-0.021894,1.460660,27|28|28|30|31|32,0.5617
7049.733701,-0.123774,-5.283805,-0.005626,4.591032,0.040447,-0.002708,-1.481359,-0.020740,1.481504,27|28|28|30|31|32,0.5605
7049.750368,-0.136855,-5.307057,-0.005650,4.598119,0.040510,-0.002684,-1.475811,-0.027917,1.476075,27|28|28|30|31|32,0.5614
7049.767034,-0.136856,-5.307056,-0.005650,4.605146,0.040587,-0.002671,-1.482839,-0.027995,1.483103,27|28|28|30|31|32,0.5633
7049.783701,-0.181243,-5.225331,-0.005453,4.612179,0.040661,-0.002665,-1.534297,-0.052175,1.535184,27|28|28|30|31|32,0.5640
7049.800368,-0.180267,-5.235160,-0.005329,4.612179,0.040661,-0.002665,-1.528955,-0.051647,1.529827,27|28|28|30|31|32,0.5631
7049.817034,-0.132648,-5.346473,-0.005251,4.625710,0.039832,-0.002637,-1.481980,-0.024961,1.482190,27|28|28|30|31|32,0.5620
7049.833701,-0.184090,-5.260031,-0.004409,4.632790,0.040386,-0.002610,-1.536050,-0.053455,1.536980,27|28|28|30|31|32,0.5610
7049.850368,-0.184155,-5.259898,-0.004411,4.639869,0.040948,-0.002557,-1.543201,-0.054052,1.544147,27|28|28|30|31|32,0.5609
7049.867034,-0.189399,-5.266145,-0.005056,4.646951,0.041524,-0.002540,-1.546889,-0.057479,1.547957,27|28|28|30|31|32,0.5625
7049.883701,-0.127331,-5.378419,-0.006523,4.646951,0.041524,-0.002540,-1.485858,-0.023770,1.486048,27|28|28|30|31|32,0.5641
7049.900368,-0.164569,-5.295707,-0.005543,4.654058,0.042051,-0.002600,-1.537925,-0.044518,1.538569,27|28|28|30|31|32,0.5639
7049.917034,-0.111475,-5.396773,-0.005610,4.661206,0.041354,-0.002029,-1.490134,-0.014987,1.490210,27|28|28|30|31|32,0.5627
7049.933701,-0.111475,-5.396774,-0.005611,4.675678,0.041006,-0.002102,-1.504606,-0.014639,1.504677,27|28|28|30|31|32,0.5622
7049.950368,-0.168356,-5.311867,-0.005530,4.682856,0.041192,-0.002092,-1.557941,-0.045721,1.558611,27|28|28|30|31|32,0.5623
7049.967034,-0.129257,-5.413345,-0.005152,4.682856,0.041192,-0.002092,-1.502782,-0.024493,1.502981,27|28|28|30|31|32,0.5637
7049.983701,-0.123731,-5.433493,-0.004795,4.689951,0.041407,-0.002082,-1.498926,-0.021708,1.499083,27|28|28|30|31|32,0.5637
7050.000368,-0.120690,-5.443665,-0.004814,4.696847,0.041301,-0.002136,-1.500293,-0.019951,1.500425,27|28|28|30|31|32,0.5628
7050.017034,-0.167879,-5.357599,-0.004719,4.710994,0.041009,-0.002294,-1.561224,-0.045288,1.561881,27|28|28|30|31|32,0.5619
7050.033701,-0.129078,-5.457210,-0.004935,4.710994,0.041009,-0.002294,-1.507080,-0.024221,1.507275,27|28|28|30|31|32,0.5636
7050.050368,-0.125808,-5.467716,-0.005568,4.718170,0.041236,-0.002303,-1.508545,-0.022673,1.508715,27|28|28|30|31|32,0.5635
7050.067034,-0.167435,-5.386226,-0.005607,4.725026,0.041536,-0.002413,-1.559698,-0.045579,1.560364,27|28|28|30|31|32,0.5631
7050.083701,-0.167407,-5.386283,-0.005608,4.738508,0.040389,-0.002369,-1.573149,-0.044418,1.573776,27|28|28|30|31|32,0.5631
7050.100368,-0.163933,-5.401764,-0.005889,4.738508,0.040389,-0.002369,-1.564735,-0.042532,1.565313,27|28|28|30|31|32,0.5628
7050.117034,-0.180041,-5.409532,-0.005270,4.745647,0.039972,-0.002359,-1.567655,-0.050871,1.568480,27|28|28|30|31|32,0.5626
7050.133701,-0.159342,-5.473919,-0.005070,4.752796,0.039968,-0.002339,-1.539807,-0.039632,1.540317,27|28|28|30|31|32|34,0.5574
7050.150368,-0.208461,-5.383012,-0.006108,4.759942,0.039982,-0.002333,-1.596369,-0.066321,1.597746,27|28|28|30|31|32|33|34,0.5631
7050.183701,-0.207609,-5.403376,-0.006791,4.773597,0.040176,-0.002457,-1.598957,-0.066057,1.600321,28|30|31|32|33|34,0.5623
7050.217034,-0.201462,-5.415252,-0.006417,4.786771,0.040402,-0.002579,-1.605675,-0.062944,1.606908,28|30|31|32|33|34,0.5626
7050.233701,-0.201080,-5.424873,-0.006130,4.793725,0.040447,-0.002572,-1.607401,-0.062783,1.608626,28|30|31|32|33|34,0.5639
7050.250368,-0.201140,-5.424757,-0.006136,4.808092,0.040496,-0.002990,-1.621830,-0.062865,1.623048,28|30|31|32|33|34,0.5646
7050.267034,-0.199240,-5.444661,-0.006107,4.815034,0.039527,-0.003251,-1.617955,-0.060868,1.619099,28|30|31|32|33|34,0.5635
7050.283701,-0.199373,-5.444396,-0.006107,4.821990,0.038526,-0.003596,-1.625055,-0.059939,1.626160,28|30|31|32|33|34,0.5633
7050.300368,-0.200229,-5.452540,-0.006219,4.821990,0.038526,-0.003596,-1.620629,-0.060406,1.621755,28|30|31|32|33|34,0.5628
7050.333701,-0.213707,-5.459519,-0.006706,4.835634,0.038900,-0.004786,-1.630482,-0.068106,1.631904,28|30|31|32|33|34,0.5630
7050.350368,-0.223480,-5.476674,-0.007278,4.842561,0.039247,-0.004808,-1.628088,-0.073768,1.629759,28|30|31|32|33|34,0.5620
7050.383701,-0.213131,-5.502081,-0.008405,4.856710,0.038326,-0.004886,-1.628427,-0.067228,1.629814,28|30|31|32|33|34,0.5624
7050.400368,-0.213194,-5.501952,-0.008406,4.870733,0.038815,-0.005008,-1.642520,-0.067752,1.643917,28|30|31|32|33|34,0.5627
7050.417034,-0.222934,-5.519865,-0.008202,4.870733,0.038815,-0.005008,-1.632787,-0.073049,1.634420,28|30|31|32|33|34,0.5638
7050.433701,-0.217314,-5.529794,-0.008585,4.884877,0.039066,-0.005281,-1.641533,-0.070248,1.643035,28|30|31|32|33|34,0.5640
7050.450368,-0.211310,-5.539783,-0.008810,4.892090,0.038343,-0.005229,-1.643316,-0.066264,1.644652,28|30|31|32|33|34,0.5639
7050.467034,-0.211293,-5.539817,-0.008809,4.892090,0.038343,-0.005229,-1.643298,-0.066254,1.644633,28|30|31|32|33|34,0.5630
7050.500368,-0.213013,-5.546992,-0.008972,4.913219,0.039126,-0.005593,-1.660528,-0.067974,1.661918,28|30|31|32|33|34,0.5642
7050.517034,-0.230875,-5.565688,-0.008592,4.920356,0.039985,-0.005612,-1.657507,-0.078544,1.659367,28|30|31|32|33|34,0.5639
7050.533701,-0.209194,-5.583177,-0.008628,4.920356,0.039985,-0.005612,-1.647998,-0.066765,1.649350,28|30|31|32|33|34,0.5620
7050.550368,-0.196636,-5.593287,-0.009069,4.934512,0.038891,-0.005653,-1.656656,-0.058848,1.657701,28|30|31|32|33|34,0.5596
7050.567034,-0.196609,-5.593343,-0.009069,4.941512,0.038359,-0.005815,-1.663626,-0.058301,1.664647,28|30|31|32|33|34,0.5610
7050.583701,-0.198889,-5.599774,-0.009051,4.948415,0.038757,-0.005880,-1.667035,-0.059940,1.668112,28|30|31|32|33|34,0.5613
7050.600368,-0.217621,-5.617292,-0.008958,4.948415,0.038757,-0.005880,-1.657518,-0.070124,1.659000,28|30|31|32|33|34,0.5620
7050.617034,-0.211356,-5.626938,-0.008914,4.962402,0.039499,-0.006078,-1.666261,-0.067462,1.667626,28|30|31|32|33|34,0.5628
7050.633701,-0.204919,-5.637020,-0.008984,4.962402,0.039499,-0.006078,-1.660780,-0.063966,1.662012,28|30|31|32|33|34,0.5621
7050.667034,-0.204942,-5.636974,-0.008986,4.976571,0.037782,-0.006047,-1.674975,-0.062262,1.676132,28|30|31|32|33|34,0.5616
7050.683701,-0.232798,-5.644321,-0.010092,4.983358,0.037565,-0.006069,-1.677774,-0.077186,1.679549,28|30|31|32|33|34|35,0.5547
7050.700368,-0.225927,-5.670063,-0.010631,4.990366,0.038172,-0.005967,-1.670791,-0.074063,1.672432,30|31|32|33|34|35,0.5608
7050.717034,-0.225947,-5.670022,-0.010632,4.997392,0.038810,-0.005907,-1.677839,-0.074712,1.679502,30|31|32|33|34|35,0.5616
7050.733701,-0.216675,-5.680230,-0.010893,5.004326,0.039096,-0.005885,-1.679224,-0.069962,1.680680,30|31|32|33|34|35,0.5609
7050.767034,-0.211680,-5.707065,-0.009709,5.018542,0.038429,-0.005916,-1.678854,-0.066585,1.680174,30|31|32|33|34|35,0.5613
7050.783701,-0.211264,-5.713651,-0.010107,5.025679,0.039060,-0.005941,-1.682412,-0.066991,1.683745,30|31|32|33|34|35,0.5625
7050.800368,-0.201736,-5.723674,-0.009836,5.039538,0.039745,-0.006023,-1.690821,-0.062500,1.691976,30|31|32|33|34|35,0.5638
7050.817034,-0.192183,-5.733844,-0.009784,5.046551,0.038885,-0.006107,-1.692306,-0.056451,1.693247,30|31|32|33|34|35,0.5633
7050.867034,-0.215369,-5.759650,-0.010424,5.067643,0.038479,-0.005934,-1.699377,-0.068651,1.700763,30|31|32|33|34|35,0.5632
7050.883701,-0.214126,-5.767161,-0.010051,5.067643,0.038479,-0.005934,-1.695295,-0.067977,1.696657,30|31|32|33|34|35,0.5632
7050.900368,-0.207112,-5.777181,-0.010462,5.081654,0.038692,-0.005800,-1.703859,-0.064381,1.705075,30|31|32|33|34|35,0.5623
7050.917034,-0.207086,-5.777236,-0.010461,5.088650,0.037873,-0.005744,-1.710825,-0.063547,1.712005,30|31|32|33|34|35,0.5626
7050.933701,-0.199904,-5.787130,-0.009653,5.095450,0.037299,-0.005819,-1.712246,-0.059072,1.713265,30|31|32|33|34|35,0.5629
7050.950368,-0.204156,-5.793852,-0.009857,5.102325,0.038096,-0.006001,-1.715469,-0.062181,1.716596,30|31|32|33|34|35,0.5629
7050.967034,-0.222893,-5.809034,-0.009034,5.102325,0.038096,-0.006001,-1.707222,-0.072368,1.708755,30|31|32|33|34|35,0.5624
7050.983701,-0.222864,-5.809094,-0.009034,5.109548,0.039067,-0.005839,-1.714412,-0.073323,1.715979,30|31|32|33|34|35,0.5644
7051.000368,-0.196373,-5.828468,-0.009162,5.116764,0.039850,-0.005800,-1.711093,-0.059712,1.712135,30|31|32|33|34|35,0.5634
7051.017034,-0.196395,-5.828428,-0.009163,5.123946,0.039239,-0.005823,-1.718296,-0.059113,1.719313,30|31|32|33|34|35,0.5626
7051.033701,-0.193364,-5.846834,-0.009558,5.138334,0.038121,-0.005900,-1.722681,-0.056352,1.723602,30|31|32|33|34|35,0.5638
7051.050368,-0.201942,-5.856845,-0.010064,5.145609,0.038606,-0.005928,-1.724517,-0.061501,1.725614,30|31|32|33|34|35,0.5628
7051.067034,-0.207920,-5.863943,-0.009819,5.145609,0.038606,-0.005928,-1.720661,-0.064751,1.721879,30|31|32|33|34|35,0.5627
7051.083701,-0.207906,-5.863971,-0.009821,5.159819,0.039170,-0.005779,-1.734856,-0.065308,1.736084,30|31|32|33|34|35,0.5630
7051.100368,-0.200117,-5.874544,-0.010135,5.159819,0.039170,-0.005779,-1.729107,-0.061077,1.730186,30|31|32|33|34|35,0.5633
7051.117034,-0.191392,-5.891953,-0.009943,5.173938,0.037926,-0.005926,-1.733764,-0.055095,1.734639,30|31|32|33|34|35,0.5627
7051.133701,-0.191473,-5.891791,-0.009943,5.180956,0.038426,-0.006021,-1.740869,-0.055638,1.741758,30|31|32|33|34|35,0.5626
7051.150368,-0.207718,-5.908304,-0.010558,5.187992,0.038946,-0.006067,-1.738934,-0.064991,1.740148,30|31|32|33|34|35,0.5621
7051.183701,-0.208732,-5.894388,-0.011276,5.194842,0.039144,-0.006086,-1.753348,-0.065737,1.754579,30|31|32|33|34|35|36|37,0.5645
7051.200368,-0.208972,-5.893913,-0.011291,5.208742,0.037294,-0.006192,-1.767506,-0.064017,1.768664,30|31|32|33|34|35|36|37,0.5637
7051.217034,-0.235988,-5.843760,-0.012909,5.215711,0.036957,-0.006165,-1.801738,-0.078352,1.803441,32|33|34|35|36|37,0.5640
7051.233701,-0.261341,-5.862598,-0.012766,5.215711,0.036957,-0.006165,-1.791505,-0.092135,1.793873,32|33|34|35|36|37,0.5625
7051.250368,-0.265228,-5.870513,-0.012313,5.222866,0.037246,-0.006134,-1.794359,-0.094539,1.796848,32|33|34|35|36|37,0.5629
7051.267034,-0.260428,-5.880949,-0.012834,5.237124,0.037908,-0.006160,-1.802944,-0.092594,1.805320,32|33|34|35|36|37,0.5632
7051.283701,-0.255520,-5.891251,-0.013290,5.243691,0.037159,-0.006221,-1.803911,-0.089180,1.806114,32|33|34|35|36|37,0.5629
7051.300368,-0.255494,-5.891305,-0.013290,5.250465,0.036979,-0.006320,-1.810656,-0.088986,1.812841,32|33|34|35|36|37,0.5616
7051.317034,-0.261288,-5.905868,-0.012401,5.250465,0.036979,-0.006320,-1.802742,-0.092138,1.805095,32|33|34|35|36|37,0.5605
7051.333701,-0.261273,-5.905897,-0.012400,5.264694,0.037599,-0.006380,-1.816955,-0.092750,1.819321,32|33|34|35|36|37,0.5632
7051.350368,-0.257851,-5.922954,-0.011588,5.264694,0.037599,-0.006380,-1.807685,-0.090893,1.809968,32|33|34|35|36|37,0.5642
7051.367034,-0.257797,-5.923059,-0.011588,5.271959,0.037787,-0.006416,-1.814893,-0.091052,1.817175,32|33|34|35|36|37,0.5632
7051.383701,-0.249405,-5.941046,-0.012455,5.279135,0.036935,-0.006460,-1.812292,-0.085643,1.814314,32|33|34|35|36|37,0.5630
7051.400368,-0.249411,-5.941033,-0.012459,5.293136,0.035421,-0.006768,-1.826300,-0.084132,1.828237,32|33|34|35|36|37,0.5626
7051.433701,-0.281984,-5.967302,-0.013852,5.306666,0.036417,-0.007089,-1.825560,-0.102836,1.828454,32|33|34|35|36|37,0.5611
7051.467034,-0.265450,-5.985160,-0.014425,5.320885,0.035829,-0.007187,-1.830070,-0.093266,1.832445,32|33|34|35|36|37,0.5613
7051.483701,-0.265437,-5.985188,-0.014426,5.328122,0.035227,-0.007168,-1.837292,-0.092656,1.839627,32|33|34|35|36|37,0.5627
7051.517034,-0.265077,-5.992964,-0.014518,5.334980,0.035556,-0.007259,-1.839924,-0.092792,1.842262,32|33|34|35|36|37,0.5626
7051.533701,-0.275587,-6.019129,-0.013046,5.342151,0.036204,-0.007461,-1.832876,-0.099158,1.835557,32|33|34|35|36|37,0.5631
7051.550368,-0.275523,-6.019260,-0.013044,5.349234,0.036192,-0.007617,-1.839888,-0.099110,1.842555,32|33|34|35|36|37,0.5636
7051.567034,-0.265682,-6.029569,-0.013196,5.363607,0.035290,-0.007518,-1.848657,-0.092862,1.850988,32|33|34|35|36|37,0.5634
7051.583701,-0.271565,-6.047953,-0.013539,5.363607,0.035290,-0.007518,-1.838667,-0.096064,1.841175,32|33|34|35|36|37,0.5627
7051.600368,-0.277360,-6.057856,-0.013242,5.370715,0.034982,-0.007508,-1.840393,-0.098906,1.843049,32|33|34|35|36|37,0.5616
7051.617034,-0.281000,-6.065626,-0.013135,5.377622,0.035775,-0.007810,-1.843079,-0.101679,1.845882,32|33|34|35|36|37,0.5610
7051.633701,-0.281044,-6.065537,-0.013134,5.384860,0.036895,-0.007872,-1.850365,-0.102823,1.853220,32|33|34|35|36|37,0.5610
7051.650368,-0.268267,-6.071589,-0.013388,5.399125,0.036119,-0.007893,-1.861338,-0.095104,1.863766,32|33|34|35|36|37,0.5609
7051.667034,-0.253175,-6.091154,-0.013869,5.406285,0.035500,-0.007924,-1.857862,-0.086287,1.859864,32|33|34|35|36|37,0.5625
7051.683701,-0.261666,-6.100866,-0.013873,5.413255,0.035293,-0.008073,-1.859556,-0.090697,1.861766,32|33|34|35|36|37,0.5632
7051.717034,-0.261661,-6.100875,-0.013872,5.427343,0.036424,-0.008129,-1.873639,-0.091825,1.875887,32|33|34|35|36|37,0.5633
7051.733701,-0.265554,-6.116367,-0.015004,5.434422,0.035683,-0.008349,-1.872299,-0.093204,1.874617,32|33|34|35|36|37|38,0.5545
7051.750368,-0.276430,-6.089686,-0.014671,5.441516,0.034999,-0.008373,-1.893896,-0.098425,1.896452,33|34|35|36|37|38,0.5623
7051.767034,-0.285961,-6.099932,-0.014444,5.441516,0.034999,-0.008373,-1.888329,-0.103606,1.891169,33|34|35|36|37|38,0.5620
7051.800368,-0.285961,-6.099931,-0.014443,5.462199,0.035467,-0.008307,-1.909012,-0.104075,1.911847,33|34|35|36|37|38,0.5601
7051.817034,-0.298983,-6.123410,-0.014001,5.469218,0.035832,-0.008316,-1.903274,-0.111522,1.906538,33|34|35|36|37|38,0.5594
7051.833701,-0.285796,-6.133554,-0.015142,5.469218,0.035832,-0.008316,-1.897758,-0.104357,1.900625,33|34|35|36|37|38,0.5602
7051.850368,-0.280027,-6.142012,-0.015485,5.483693,0.034918,-0.008311,-1.907636,-0.100310,1.910271,33|34|35|36|37|38,0.5609
7051.867034,-0.280028,-6.142014,-0.015491,5.483693,0.034918,-0.008311,-1.907635,-0.100310,1.910270,33|34|35|36|37|38,0.5616
7051.883701,-0.290832,-6.161633,-0.014280,5.497790,0.036152,-0.008354,-1.911071,-0.107420,1.914087,33|34|35|36|37|38,0.5615
7051.900368,-0.284747,-6.166892,-0.014471,5.504753,0.036267,-0.008360,-1.915174,-0.104229,1.918008,33|34|35|36|37|38,0.5622
7051.933701,-0.284748,-6.166893,-0.014471,5.518808,0.034997,-0.008446,-1.929228,-0.102960,1.931974,33|34|35|36|37|38,0.5631
7051.950368,-0.278644,-6.195575,-0.013900,5.525868,0.034352,-0.008447,-1.920699,-0.099003,1.923249,33|34|35|36|37|38,0.5633
7051.967034,-0.287471,-6.205107,-0.014325,5.525868,0.034352,-0.008447,-1.915521,-0.103802,1.918331,33|34|35|36|37|38,0.5626
7051.983701,-0.287472,-6.205106,-0.014325,5.540056,0.035409,-0.008773,-1.929709,-0.104860,1.932556,33|34|35|36|37|38,0.5616
7052.000368,-0.295323,-6.214058,-0.014571,5.540056,0.035409,-0.008773,-1.924846,-0.109129,1.927937,33|34|35|36|37|38,0.5618
7052.017034,-0.288492,-6.221205,-0.014839,5.554151,0.034657,-0.008566,-1.935055,-0.104665,1.937884,33|34|35|36|37|38,0.5621
7052.033701,-0.280280,-6.240059,-0.015901,5.554151,0.034657,-0.008566,-1.924807,-0.100206,1.927413,33|34|35|36|37|38,0.5625
7052.050368,-0.280281,-6.240059,-0.015902,5.561225,0.034040,-0.008502,-1.931881,-0.099590,1.934446,33|34|35|36|37|38,0.5627
7052.083701,-0.297014,-6.262486,-0.015424,5.582075,0.035963,-0.008361,-1.940546,-0.110612,1.943696,33|34|35|36|37|38,0.5617
7052.100368,-0.297014,-6.262486,-0.015423,5.589214,0.035546,-0.008363,-1.947685,-0.110195,1.950799,33|34|35|36|37|38,0.5630
7052.117034,-0.279926,-6.272787,-0.015199,5.589214,0.035546,-0.008363,-1.942083,-0.100909,1.944703,33|34|35|36|37|38,0.5634
7052.133701,-0.271811,-6.292686,-0.014476,5.603512,0.034676,-0.008475,-1.945565,-0.095634,1.947914,33|34|35|36|37|38,0.5638
7052.150368,-0.271810,-6.292686,-0.014476,5.610566,0.034593,-0.008489,-1.952618,-0.095550,1.954954,33|34|35|36|37|38,0.5634
7052.183701,-0.282722,-6.318121,-0.014399,5.624827,0.035535,-0.008218,-1.953058,-0.102428,1.955742,33|34|35|36|37|38,0.5631
7052.217034,-0.269058,-6.338349,-0.012859,5.639154,0.034384,-0.008244,-1.956389,-0.093855,1.958639,33|34|35|36|37|38|39|40,0.5548
7052.250368,-0.269090,-6.338411,-0.012719,5.653304,0.035044,-0.008284,-1.970506,-0.094532,1.972772,33|34|35|36|37|38|39|40,0.5534
7052.267034,-0.283378,-6.357819,-0.013523,5.653304,0.035044,-0.008284,-1.959961,-0.102301,1.962629,35|36|37|38|39|40,0.5631
7052.300368,-0.266540,-6.382735,-0.013566,5.667281,0.034642,-0.008275,-1.960392,-0.092753,1.962585,35|36|37|38|39|40,0.5637
7052.317034,-0.266539,-6.382735,-0.013566,5.674229,0.033856,-0.008276,-1.967340,-0.091968,1.969489,35|36|37|38|39|40,0.5641
7052.333701,-0.287671,-6.401132,-0.013457,5.688319,0.033281,-0.008171,-1.971437,-0.102881,1.974119,35|36|37|38|39|40,0.5638
7052.350368,-0.287671,-6.401130,-0.013458,5.695592,0.033719,-0.008151,-1.978711,-0.103319,1.981407,35|36|37|38|39|40,0.5624
7052.383701,-0.287064,-6.428135,-0.013597,5.702865,0.034172,-0.008148,-1.971307,-0.103448,1.974019,35|36|37|38|39|40,0.5620
7052.400368,-0.279535,-6.438838,-0.013738,5.716403,0.032806,-0.008213,-1.979026,-0.097992,1.981451,35|36|37|38|39|40,0.5599
7052.417034,-0.288054,-6.444210,-0.014269,5.716403,0.032806,-0.008213,-1.976108,-0.102623,1.978771,35|36|37|38|39|40,0.5603
7052.433701,-0.298761,-6.450828,-0.014094,5.723021,0.033014,-0.008800,-1.979132,-0.108651,1.982112,35|36|37|38|39|40,0.5620
7052.467034,-0.298762,-6.450827,-0.014094,5.744645,0.033001,-0.009292,-2.000757,-0.108639,2.003704,35|36|37|38|39|40,0.5628
7052.500368,-0.286309,-6.469605,-0.015080,5.751795,0.032235,-0.009304,-1.997699,-0.101109,2.000256,35|36|37|38|39|40,0.5628
7052.533701,-0.311215,-6.507525,-0.014495,5.772554,0.032162,-0.009175,-1.997854,-0.114579,2.001137,35|36|37|38|39|40,0.5630
7052.550368,-0.310163,-6.512467,-0.014666,5.779674,0.032352,-0.009247,-2.002288,-0.114199,2.005542,35|36|37|38|39|40,0.5642
7052.567034,-0.299233,-6.522815,-0.014267,5.779674,0.032352,-0.009247,-1.996662,-0.108261,1.999595,35|36|37|38|39|40,0.5638
7052.583701,-0.299233,-6.522815,-0.014267,5.794006,0.031286,-0.009256,-2.010994,-0.107194,2.013848,35|36|37|38|39|40,0.5634
7052.617034,-0.296417,-6.532237,-0.014052,5.808166,0.031902,-0.009346,-2.020033,-0.106282,2.022827,35|36|37|38|39|40,0.5637
7052.633701,-0.310000,-6.551073,-0.015327,5.815360,0.032017,-0.009415,-2.016993,-0.113783,2.020200,35|36|37|38|39|40,0.5633
7052.650368,-0.310540,-6.556734,-0.014839,5.822398,0.031619,-0.009601,-2.020955,-0.113680,2.024150,35|36|37|38|39|40,0.5635
7052.667034,-0.297414,-6.577152,-0.015176,5.829441,0.031238,-0.009572,-2.016898,-0.106169,2.019690,35|36|37|38|39|40,0.5637
7052.683701,-0.302351,-6.586467,-0.014996,5.836501,0.030856,-0.009492,-2.018896,-0.108473,2.021808,35|36|37|38|39|40,0.5642
7052.700368,-0.307083,-6.595806,-0.014592,5.836501,0.030856,-0.009492,-2.013822,-0.111046,2.016881,35|36|37|38|39|40,0.5640
7052.717034,-0.307084,-6.595805,-0.014595,5.850550,0.032547,-0.009445,-2.027871,-0.112738,2.031002,35|36|37|38|39|40,0.5626
7052.733701,-0.303056,-6.610436,-0.013563,5.857727,0.032584,-0.009459,-2.027096,-0.110589,2.030111,35|36|37|38|39|40|41,0.5560
7052.750368,-0.285122,-6.620501,-0.013779,5.864830,0.032004,-0.009470,-2.028725,-0.100264,2.031201,35|36|37|38|39|40|41,0.5618
7052.767034,-0.285113,-6.620513,-0.013761,5.871934,0.031441,-0.009507,-2.035822,-0.099696,2.038262,35|36|37|38|39|40|41,0.5568
7052.783701,-0.291311,-6.639338,-0.014478,5.871934,0.031441,-0.009507,-2.025593,-0.103068,2.028214,36|37|38|39|40|41,0.5626
7052.800368,-0.291311,-6.639338,-0.014477,5.878999,0.031024,-0.009546,-2.032657,-0.102651,2.035248,36|37|38|39|40|41,0.5619
7052.817034,-0.298555,-6.648512,-0.014356,5.893140,0.032117,-0.010245,-2.041814,-0.107683,2.044652,36|37|38|39|40|41,0.5622
7052.833701,-0.303422,-6.655700,-0.014056,5.893140,0.032117,-0.010245,-2.037909,-0.110330,2.040893,36|37|38|39|40|41,0.5628
7052.850368,-0.293743,-6.664483,-0.015235,5.907238,0.030885,-0.010468,-2.047232,-0.103840,2.049864,36|37|38|39|40|41,0.5623
7052.867035,-0.292244,-6.683477,-0.015567,5.914297,0.030290,-0.010420,-2.043968,-0.102434,2.046533,36|37|38|39|40|41,0.5622
7052.900368,-0.307737,-6.701948,-0.015551,5.921030,0.030050,-0.010424,-2.040665,-0.110618,2.043661,36|37|38|39|40|41,0.5605
7052.917035,-0.307736,-6.701949,-0.015550,5.927977,0.030902,-0.010442,-2.047611,-0.111469,2.050643,36|37|38|39|40|41,0.5603
7052.933701,-0.296237,-6.717212,-0.015725,5.935104,0.031416,-0.010445,-2.046441,-0.105737,2.049171,36|37|38|39|40|41,0.5615
7052.950368,-0.288483,-6.727195,-0.015749,5.949578,0.030586,-0.010455,-2.055488,-0.100695,2.057953,36|37|38|39|40|41,0.5613
7052.967035,-0.288483,-6.727195,-0.015748,5.956416,0.030566,-0.010459,-2.062326,-0.100675,2.064782,36|37|38|39|40|41,0.5614
7052.983701,-0.298575,-6.746044,-0.016064,5.956416,0.030566,-0.010459,-2.052084,-0.106163,2.054829,36|37|38|39|40|41,0.5612
7053.017035,-0.298574,-6.746044,-0.016061,5.977629,0.031184,-0.010394,-2.073297,-0.106781,2.076045,36|37|38|39|40|41,0.5617
7053.033701,-0.283710,-6.761289,-0.015706,5.977629,0.031184,-0.010394,-2.065009,-0.098706,2.067366,36|37|38|39|40|41,0.5628
7053.050368,-0.286453,-6.780355,-0.016412,5.984558,0.030590,-0.010418,-2.061576,-0.099607,2.063981,36|37|38|39|40|41,0.5623
7053.067035,-0.286453,-6.780355,-0.016414,5.998395,0.030040,-0.010311,-2.075413,-0.099057,2.077775,36|37|38|39|40|41,0.5621
7053.083701,-0.301969,-6.798280,-0.016266,5.998395,0.030040,-0.010311,-2.065674,-0.107493,2.068469,36|37|38|39|40|41,0.5622
7053.100368,-0.301968,-6.798281,-0.016265,6.012623,0.030844,-0.009892,-2.079901,-0.108297,2.082719,36|37|38|39|40|41,0.5623
7053.117035,-0.299658,-6.804239,-0.015426,6.019636,0.030273,-0.009824,-2.083677,-0.106471,2.086395,36|37|38|39|40|41,0.5621
7053.133701,-0.287280,-6.824265,-0.015469,6.026650,0.029673,-0.009768,-2.079804,-0.099148,2.082166,36|37|38|39|40|41,0.5615
7053.167035,-0.302304,-6.842578,-0.014897,6.033502,0.029275,-0.009807,-2.076706,-0.106920,2.079457,36|37|38|39|40|41,0.5610
7053.183701,-0.302305,-6.842578,-0.014897,6.047682,0.031286,-0.009860,-2.090886,-0.108930,2.093722,36|37|38|39|40|41,0.5614
7053.200368,-0.306971,-6.848274,-0.015058,6.047682,0.031286,-0.009860,-2.087791,-0.111468,2.090765,36|37|38|39|40|41,0.5622
7053.217035,-0.276583,-6.866771,-0.015668,6.054771,0.031064,-0.009858,-2.084822,-0.094734,2.086973,36|37|38|39|40|41,0.5619
7053.233701,-0.279020,-6.877085,-0.015333,6.068821,0.030182,-0.009919,-2.093267,-0.095179,2.095430,36|37|38|39|40|41,0.5633
7053.250368,-0.279021,-6.877084,-0.015333,6.075894,0.029860,-0.009922,-2.100341,-0.094857,2.102482,36|37|38|39|40|41,0.5630
7053.267035,-0.289439,-6.895908,-0.014541,6.083079,0.030431,-0.009978,-2.097297,-0.101095,2.099732,36|37|38|39|40|41|42|43,0.5628
7053.283701,-0.292374,-6.902466,-0.013512,6.083079,0.030431,-0.009978,-2.093733,-0.102691,2.096250,36|37|38|39|40|41|42|43,0.5602
7053.300368,-0.292059,-6.903086,-0.013335,6.097286,0.030523,-0.009455,-2.107604,-0.102612,2.110100,38|39|40|41|42|43,0.5641
7053.317035,-0.282729,-6.912703,-0.013690,6.097286,0.030523,-0.009455,-2.102375,-0.097544,2.104636,38|39|40|41|42|43,0.5636
7053.333701,-0.280475,-6.931412,-0.012237,6.104393,0.029938,-0.009452,-2.099314,-0.095737,2.101496,38|39|40|41|42|43,0.5627
7053.350368,-0.280476,-6.931412,-0.012239,6.118587,0.030200,-0.009446,-2.113508,-0.095999,2.115687,38|39|40|41|42|43,0.5618
7053.367035,-0.292062,-6.945843,-0.012632,6.118587,0.030200,-0.009446,-2.105667,-0.102299,2.108151,38|39|40|41|42|43,0.5626
7053.383701,-0.282240,-6.956601,-0.012922,6.125745,0.030833,-0.009480,-2.106977,-0.097597,2.109236,38|39|40|41|42|43,0.5630
7053.417035,-0.280167,-6.974911,-0.012987,6.139412,0.029444,-0.009471,-2.110692,-0.095084,2.112832,38|39|40|41|42|43,0.5637
7053.433701,-0.291428,-6.983878,-0.012153,6.146451,0.028619,-0.009289,-2.112860,-0.100382,2.115243,38|39|40|41|42|43,0.5631
7053.450368,-0.291427,-6.983878,-0.012153,6.153483,0.028484,-0.009212,-2.119891,-0.100246,2.122260,38|39|40|41|42|43,0.5623
7053.467035,-0.303233,-7.000209,-0.011862,6.168189,0.029194,-0.009182,-2.125725,-0.107376,2.128435,38|39|40|41|42|43,0.5629
7053.483701,-0.297189,-7.011016,-0.012383,6.168189,0.029194,-0.009182,-2.119850,-0.104094,2.122404,38|39|40|41|42|43,0.5621
7053.500368,-0.291809,-7.021738,-0.012061,6.175213,0.029223,-0.009252,-2.121045,-0.101200,2.123458,38|39|40|41|42|43,0.5611
7053.517035,-0.291808,-7.021739,-0.012060,6.188698,0.028208,-0.009963,-2.134530,-0.100186,2.136880,38|39|40|41|42|43,0.5619
7053.533701,-0.291065,-7.028596,-0.011985,6.195629,0.028519,-0.010165,-2.137735,-0.100094,2.140077,38|39|40|41|42|43,0.5620
7053.550368,-0.303821,-7.036249,-0.012182,6.195629,0.028519,-0.010165,-2.133578,-0.107028,2.136261,38|39|40|41|42|43,0.5634
7053.567035,-0.295887,-7.053169,-0.013389,6.202861,0.028827,-0.010356,-2.131613,-0.103028,2.134101,38|39|40|41|42|43,0.5636
7053.583701,-0.295887,-7.053169,-0.013390,6.217139,0.027648,-0.010402,-2.145890,-0.101849,2.148306,38|39|40|41|42|43,0.5632
7053.600368,-0.293872,-7.072179,-0.012850,6.224214,0.026782,-0.010345,-2.142633,-0.099891,2.144960,38|39|40|41|42|43,0.5640
7053.617035,-0.293870,-7.072181,-0.012854,6.230941,0.026447,-0.010373,-2.149360,-0.099555,2.151664,38|39|40|41|42|43,0.5647
7053.633701,-0.316529,-7.090259,-0.012327,6.230941,0.026447,-0.010373,-2.139539,-0.111873,2.142462,38|39|40|41|42|43,0.5641
7053.650368,-0.319823,-7.095327,-0.011984,6.237909,0.027063,-0.010347,-2.143753,-0.114281,2.146797,38|39|40|41|42|43,0.5645
7053.683701,-0.319824,-7.095324,-0.011987,6.259002,0.026492,-0.010400,-2.164848,-0.113711,2.167833,38|39|40|41|42|43,0.5634
7053.700368,-0.300784,-7.116288,-0.012802,6.265899,0.026157,-0.010397,-2.160347,-0.103031,2.162803,38|39|40|41|42|43,0.5646
7053.717035,-0.307430,-7.124303,-0.013277,6.265899,0.026157,-0.010397,-2.155993,-0.106645,2.158629,38|39|40|41|42|43,0.5641
7053.733701,-0.319740,-7.138568,-0.013877,6.273053,0.026721,-0.010539,-2.155397,-0.113903,2.158404,38|39|40|41|42|43,0.5636
7053.750368,-0.310394,-7.149297,-0.013529,6.280259,0.027329,-0.010747,-2.156771,-0.109434,2.159545,38|39|40|41|42|43,0.5635
7053.767035,-0.310395,-7.149295,-0.013528,6.294677,0.026430,-0.010791,-2.171189,-0.108535,2.173900,38|39|40|41|42|43,0.5634
7053.783701,-0.301108,-7.160945,-0.014583,6.294677,0.026430,-0.010791,-2.164855,-0.103490,2.167328,38|39|40|41|42|43|44,0.5637
7053.800368,-0.313531,-7.178166,-0.014609,6.301881,0.025913,-0.010725,-2.162703,-0.109728,2.165485,38|39|40|41|42|43|44,0.5613
7053.817035,-0.313533,-7.178187,-0.014617,6.315753,0.027129,-0.010671,-2.176564,-0.110946,2.179389,38|39|40|41|42|43|44,0.5549
7053.833701,-0.315959,-7.192073,-0.014948,6.322954,0.028106,-0.010706,-2.176218,-0.113243,2.179163,39|40|41|42|43|44,0.5620
7053.850368,-0.315960,-7.192073,-0.014945,6.330201,0.027404,-0.010698,-2.183466,-0.112543,2.186364,39|40|41|42|43|44,0.5616
7053.867035,-0.286152,-7.213434,-0.014926,6.337364,0.026708,-0.010699,-2.179013,-0.095651,2.181111,39|40|41|42|43|44,0.5612
7053.883701,-0.286152,-7.213434,-0.014928,6.344498,0.026096,-0.010734,-2.186147,-0.095039,2.188212,39|40|41|42|43|44,0.5614
7053.900368,-0.304145,-7.231814,-0.015067,6.344498,0.026096,-0.010734,-2.176162,-0.104822,2.178685,39|40|41|42|43|44,0.5617
7053.917035,-0.311637,-7.239903,-0.015017,6.351336,0.026317,-0.011263,-2.178605,-0.109116,2.181336,39|40|41|42|43|44,0.5622
7053.933701,-0.311636,-7.239903,-0.015018,6.365428,0.026914,-0.011278,-2.192697,-0.109713,2.195440,39|40|41|42|43|44,0.5626
7053.950368,-0.295858,-7.257955,-0.015496,6.372452,0.026184,-0.011276,-2.189906,-0.100411,2.192207,39|40|41|42|43|44,0.5623
7053.967035,-0.295858,-7.257955,-0.015495,6.379477,0.025436,-0.011252,-2.196931,-0.099663,2.199191,39|40|41|42|43|44,0.5625
7053.983701,-0.295401,-7.266816,-0.015769,6.386347,0.024918,-0.011272,-2.198985,-0.098899,2.201208,39|40|41|42|43|44,0.5623
7054.000368,-0.304705,-7.275812,-0.015606,6.393168,0.025536,-0.011106,-2.200920,-0.104575,2.203403,39|40|41|42|43|44,0.5622
7054.017035,-0.314357,-7.284716,-0.015396,6.400176,0.026286,-0.011034,-2.203091,-0.110573,2.205864,39|40|41|42|43|44,0.5620
7054.033701,-0.310082,-7.299514,-0.015140,6.400176,0.026286,-0.011034,-2.195048,-0.108253,2.197715,39|40|41|42|43|44,0.5618
7054.050368,-0.310083,-7.299514,-0.015142,6.414089,0.025771,-0.010909,-2.208961,-0.107738,2.211587,39|40|41|42|43|44,0.5608
7054.067035,-0.296708,-7.319165,-0.014801,6.414089,0.025771,-0.010909,-2.198278,-0.100473,2.200573,39|40|41|42|43|44,0.5603
7054.083701,-0.303828,-7.328027,-0.014014,6.420950,0.025466,-0.010854,-2.200324,-0.104039,2.202782,39|40|41|42|43|44,0.5600
7054.100368,-0.303828,-7.328027,-0.014012,6.428180,0.026157,-0.010856,-2.207554,-0.104730,2.210037,39|40|41|42|43|44,0.5609
7054.117035,-0.307168,-7.332191,-0.013896,6.435384,0.026845,-0.010933,-2.212495,-0.107234,2.215092,39|40|41|42|43|44,0.5612
7054.133701,-0.285696,-7.354034,-0.013956,6.442260,0.026847,-0.010861,-2.207496,-0.095571,2.209564,39|40|41|42|43|44,0.5606
7054.150368,-0.285273,-7.363127,-0.014331,6.449059,0.026041,-0.010921,-2.209353,-0.094537,2.211375,39|40|41|42|43|44,0.5612
7054.167035,-0.296078,-7.371661,-0.015161,6.462811,0.024925,-0.010887,-2.218469,-0.099296,2.220690,39|40|41|42|43|44,0.5618
7054.183701,-0.307071,-7.380411,-0.014845,6.462811,0.024925,-0.010887,-2.213716,-0.105272,2.216217,39|40|41|42|43|44,0.5612
7054.200368,-0.307070,-7.380411,-0.014846,6.476955,0.025876,-0.010364,-2.227860,-0.106222,2.230391,39|40|41|42|43|44,0.5613
7054.217035,-0.301610,-7.396855,-0.014362,6.483806,0.025725,-0.010224,-2.225773,-0.103107,2.228159,39|40|41|42|43|44,0.5619
7054.233701,-0.294076,-7.407422,-0.013840,6.490644,0.024903,-0.010169,-2.226866,-0.098193,2.229030,39|40|41|42|43|44,0.5620
7054.250368,-0.295927,-7.415106,-0.014170,6.490644,0.024903,-0.010169,-2.222690,-0.099200,2.224903,39|40|41|42|43|44,0.5615
7054.267035,-0.295928,-7.415106,-0.014171,6.497494,0.024203,-0.010179,-2.229541,-0.098501,2.231716,39|40|41|42|43|44,0.5615
7054.283701,-0.306857,-7.423631,-0.014052,6.511641,0.025650,-0.010293,-2.239057,-0.105889,2.241560,39|40|41|42|43|44,0.5623
7054.317035,-0.293226,-7.447731,-0.013261,6.525913,0.026108,-0.010293,-2.240229,-0.098945,2.242413,39|40|41|42|43|44|45|46,0.5642
7054.333701,-0.293339,-7.447830,-0.013476,6.532870,0.025429,-0.010349,-2.247131,-0.098327,2.249281,40|41|42|43|44|45|46,0.5574
7054.350368,-0.285303,-7.468315,-0.013751,6.532870,0.025429,-0.010349,-2.235997,-0.093964,2.237970,41|42|43|44|45|46,0.5619
7054.367035,-0.293927,-7.477231,-0.014193,6.547103,0.025092,-0.010635,-2.245386,-0.098315,2.247537,41|42|43|44|45|46,0.5622
7054.383701,-0.293928,-7.477232,-0.014194,6.547103,0.025092,-0.010635,-2.245386,-0.098316,2.247537,41|42|43|44|45|46,0.5638
7054.400368,-0.295508,-7.493134,-0.014000,6.561484,0.025774,-0.010209,-2.251124,-0.099860,2.253338,41|42|43|44|45|46,0.5633
7054.417035,-0.295509,-7.493134,-0.014003,6.568324,0.025176,-0.009767,-2.257965,-0.099262,2.260145,41|42|43|44|45|46,0.5626
7054.433701,-0.283428,-7.514174,-0.013686,6.568324,0.025176,-0.009767,-2.246527,-0.092701,2.248439,41|42|43|44|45|46,0.5622
7054.450368,-0.292380,-7.521182,-0.014533,6.582362,0.024864,-0.009796,-2.256758,-0.097255,2.258853,41|42|43|44|45|46,0.5618
7054.467035,-0.292381,-7.521183,-0.014541,6.582362,0.024864,-0.009796,-2.256758,-0.097256,2.258852,41|42|43|44|45|46,0.5626
7054.483701,-0.294614,-7.536386,-0.013518,6.589573,0.025249,-0.009812,-2.255706,-0.098858,2.257871,41|42|43|44|45|46,0.5632
7054.500368,-0.288124,-7.548151,-0.014328,6.596713,0.025563,-0.009811,-2.256451,-0.095647,2.258478,41|42|43|44|45|46,0.5635
7054.517035,-0.282916,-7.558447,-0.013637,6.603458,0.024985,-0.009703,-2.257599,-0.092241,2.259483,41|42|43|44|45|46,0.5623
7054.533701,-0.291191,-7.565203,-0.014591,6.610446,0.023893,-0.009541,-2.260918,-0.095647,2.262940,41|42|43|44|45|46,0.5630
7054.550368,-0.306010,-7.573816,-0.014685,6.617461,0.023422,-0.009383,-2.263255,-0.103232,2.265608,41|42|43|44|45|46,0.5622
7054.567035,-0.311389,-7.581155,-0.013852,6.632031,0.023569,-0.009070,-2.273837,-0.106304,2.276321,41|42|43|44|45|46,0.5622
7054.583701,-0.311388,-7.581154,-0.013849,6.639220,0.023622,-0.009087,-2.281026,-0.106357,2.283504,41|42|43|44|45|46,0.5623
7054.600368,-0.307308,-7.601784,-0.014101,6.639220,0.023622,-0.009087,-2.269814,-0.104144,2.272201,41|42|43|44|45|46,0.5615
7054.617035,-0.307308,-7.601784,-0.014101,6.652793,0.023809,-0.009075,-2.283387,-0.104330,2.285769,41|42|43|44|45|46,0.5600
7054.633701,-0.301261,-7.617849,-0.013654,6.652793,0.023809,-0.009075,-2.274654,-0.101048,2.276898,41|42|43|44|45|46,0.5598
7054.650368,-0.301859,-7.625985,-0.013285,6.659557,0.023698,-0.009104,-2.276996,-0.101263,2.279247,41|42|43|44|45|46,0.5615
7054.667035,-0.302404,-7.633767,-0.013100,6.666446,0.023762,-0.009137,-2.279657,-0.101625,2.281921,41|42|43|44|45|46,0.5629
7054.700368,-0.299272,-7.653950,-0.013357,6.680692,0.023547,-0.009295,-2.282933,-0.099712,2.285109,41|42|43|44|45|46,0.5619
7054.717035,-0.299272,-7.653950,-0.013356,6.694573,0.021710,-0.009417,-2.296814,-0.097875,2.298898,41|42|43|44|45|46,0.5613
7054.733701,-0.318617,-7.670493,-0.013491,6.694573,0.021710,-0.009417,-2.287827,-0.108392,2.290393,41|42|43|44|45|46,0.5617
7054.750368,-0.318619,-7.670494,-0.013498,6.708506,0.022342,-0.009391,-2.301760,-0.109025,2.304340,41|42|43|44|45|46,0.5632
7054.767035,-0.321428,-7.686112,-0.013610,6.708506,0.022342,-0.009391,-2.293272,-0.110555,2.295936,41|42|43|44|45|46,0.5636
7054.783701,-0.316332,-7.696789,-0.013554,6.715557,0.022606,-0.009377,-2.294519,-0.108052,2.297062,41|42|43|44|45|46,0.5631
7054.800368,-0.316333,-7.696789,-0.013555,6.722566,0.022185,-0.009360,-2.301528,-0.107631,2.304043,41|42|43|44|45|46,0.5630
7054.817035,-0.318176,-7.714654,-0.013655,6.736703,0.021824,-0.009331,-2.305956,-0.108276,2.308497,41|42|43|44|45|46|47,0.5559
7054.833701,-0.325730,-7.719165,-0.014210,6.743851,0.022125,-0.009320,-2.310655,-0.112683,2.313401,41|42|43|44|45|46|47,0.5599
7054.850368,-0.320023,-7.729266,-0.015374,6.743851,0.022125,-0.009320,-2.305164,-0.109584,2.307767,41|42|43|44|45|46|47,0.5595
7054.867035,-0.315033,-7.741129,-0.014963,6.750981,0.022361,-0.009439,-2.305845,-0.107109,2.308331,42|43|44|45|46|47,0.5640
7054.883701,-0.311337,-7.751327,-0.014633,6.757996,0.021959,-0.009428,-2.307317,-0.104701,2.309692,42|43|44|45|46|47,0.5636
7054.900368,-0.316907,-7.758603,-0.014933,6.771905,0.021024,-0.009331,-2.317273,-0.106795,2.319733,42|43|44|45|46|47,0.5630
7054.917035,-0.328315,-7.767423,-0.015038,6.771905,0.021024,-0.009331,-2.312482,-0.112996,2.315241,42|43|44|45|46|47,0.5627
7054.933701,-0.328315,-7.767423,-0.015035,6.786504,0.022387,-0.009309,-2.327080,-0.114360,2.329888,42|43|44|45|46|47,0.5642
7054.950368,-0.317774,-7.783118,-0.014780,6.786504,0.022387,-0.009309,-2.318548,-0.108634,2.321092,42|43|44|45|46|47,0.5636
7054.967035,-0.307386,-7.794538,-0.014304,6.793796,0.023022,-0.009312,-2.319632,-0.103626,2.321946,42|43|44|45|46|47,0.5630
7054.983701,-0.307386,-7.794538,-0.014304,6.807525,0.021682,-0.009283,-2.333361,-0.102286,2.335602,42|43|44|45|46|47,0.5621
7055.000368,-0.303162,-7.812123,-0.013714,6.814355,0.021694,-0.009552,-2.330633,-0.100006,2.332778,42|43|44|45|46|47,0.5622
7055.017035,-0.315375,-7.818125,-0.013429,6.814355,0.021694,-0.009552,-2.327374,-0.106644,2.329816,42|43|44|45|46|47,0.5635
7055.033701,-0.313467,-7.827089,-0.013322,6.828489,0.022013,-0.009562,-2.336635,-0.105929,2.339035,42|43|44|45|46|47,0.5635
7055.050368,-0.310080,-7.838193,-0.013295,6.828489,0.022013,-0.009562,-2.330599,-0.104090,2.332923,42|43|44|45|46|47,0.5629
7055.067035,-0.307034,-7.847990,-0.013133,6.835551,0.022133,-0.009593,-2.332337,-0.102556,2.334591,42|43|44|45|46|47,0.5635
7055.100368,-0.318412,-7.864152,-0.013966,6.856220,0.020766,-0.009227,-2.344225,-0.107377,2.346683,42|43|44|45|46|47,0.5613
7055.117035,-0.328101,-7.869242,-0.013683,6.863267,0.021132,-0.009148,-2.348507,-0.113010,2.351225,42|43|44|45|46|47,0.5621
7055.133701,-0.328100,-7.869241,-0.013683,6.870193,0.021387,-0.009068,-2.355434,-0.113264,2.358155,42|43|44|45|46|47,0.5621
7055.150368,-0.316121,-7.890870,-0.013771,6.870193,0.021387,-0.009068,-2.343677,-0.106758,2.346107,42|43|44|45|46|47,0.5618
7055.167035,-0.316120,-7.890869,-0.013770,6.883849,0.021304,-0.008842,-2.357333,-0.106675,2.359746,42|43|44|45|46|47,0.5605
7055.183701,-0.311492,-7.900417,-0.013960,6.883849,0.021304,-0.008842,-2.352143,-0.104162,2.354448,42|43|44|45|46|47,0.5601
7055.200368,-0.310972,-7.911827,-0.013641,6.898280,0.021981,-0.008915,-2.360373,-0.104558,2.362688,42|43|44|45|46|47,0.5612
7055.217035,-0.310971,-7.911826,-0.013640,6.898280,0.021981,-0.008915,-2.360373,-0.104558,2.362688,42|43|44|45|46|47,0.5621
7055.233701,-0.299785,-7.933890,-0.013506,6.912467,0.022375,-0.009060,-2.362567,-0.098877,2.364635,42|43|44|45|46|47,0.5612
7055.250368,-0.294747,-7.944593,-0.013317,6.912467,0.022375,-0.009060,-2.356748,-0.096141,2.358708,42|43|44|45|46|47,0.5605
7055.267035,-0.292881,-7.953153,-0.013229,6.919189,0.021348,-0.008778,-2.358818,-0.094101,2.360694,42|43|44|45|46|47,0.5603
7055.283701,-0.307723,-7.960388,-0.013452,6.926047,0.020911,-0.008681,-2.361747,-0.101732,2.363937,42|43|44|45|46|47,0.5604
7055.300368,-0.313090,-7.966205,-0.013668,6.940720,0.021086,-0.008609,-2.373260,-0.104826,2.375574,42|43|44|45|46|47,0.5627
7055.317035,-0.311060,-7.977227,-0.014408,6.940720,0.021086,-0.008609,-2.367269,-0.103725,2.369540,42|43|44|45|46|47,0.5628
7055.333701,-0.309706,-7.989309,-0.013773,6.954435,0.020905,-0.007351,-2.374418,-0.102810,2.376642,42|43|44|45|46|47|48|49,0.5432
7055.350368,-0.309722,-7.989440,-0.013824,6.960828,0.020542,-0.006450,-2.380739,-0.102456,2.382942,42|43|44|45|46|47|48|49,0.5612
7055.367035,-0.310172,-8.000047,-0.013403,6.960828,0.020542,-0.006450,-2.374975,-0.102703,2.377194,42|43|44|45|46|47|48|49,0.5531
7055.383701,-0.314093,-8.010274,-0.011498,6.967515,0.020709,-0.005581,-2.376104,-0.105003,2.378423,42|43|44|45|46|47|48|49,0.5524
7055.400368,-0.311871,-8.017243,-0.012241,6.974349,0.021211,-0.004678,-2.379151,-0.104299,2.381436,44|45|46|47|48|49,0.5623
7055.417035,-0.304652,-8.028578,-0.011829,6.987554,0.021713,-0.003096,-2.386194,-0.100880,2.388325,44|45|46|47|48|49,0.5624
7055.433701,-0.300288,-8.039101,-0.010486,6.994123,0.021813,-0.002239,-2.387042,-0.098610,2.389078,44|45|46|47|48|49,0.5631
7055.450368,-0.297566,-8.047913,-0.009801,6.994123,0.021813,-0.002239,-2.382253,-0.097133,2.384232,44|45|46|47|48|49,0.5629
7055.467035,-0.296041,-8.056452,-0.008807,7.000747,0.022039,-0.001273,-2.384236,-0.096531,2.386189,44|45|46|47|48|49,0.5613
7055.483701,-0.296042,-8.056453,-0.008806,7.007147,0.022121,-0.000173,-2.390636,-0.096614,2.392587,44|45|46|47|48|49,0.5617
7055.500368,-0.292503,-8.071263,-0.006883,7.013682,0.021926,0.000885,-2.389121,-0.094498,2.390989,44|45|46|47|48|49,0.5628
7055.517035,-0.292503,-8.071263,-0.006883,7.026943,0.021305,0.002968,-2.402382,-0.093877,2.404215,44|45|46|47|48|49,0.5637
7055.533701,-0.296449,-8.079839,-0.005964,7.026943,0.021305,0.002968,-2.397722,-0.096024,2.399644,44|45|46|47|48|49,0.5637
7055.550368,-0.307928,-8.096912,-0.003809,7.033697,0.021457,0.003999,-2.395200,-0.102419,2.397389,44|45|46|47|48|49,0.5636
7055.583701,-0.293259,-8.113022,-0.002731,7.047799,0.022410,0.004281,-2.400544,-0.095403,2.402439,44|45|46|47|48|49,0.5637
7055.600368,-0.290829,-8.122320,-0.002282,7.061766,0.021430,0.004205,-2.409456,-0.093104,2.411254,44|45|46|47|48|49,0.5642
7055.617035,-0.298031,-8.131158,-0.003098,7.068869,0.021097,0.004226,-2.411758,-0.096686,2.413695,44|45|46|47|48|49,0.5634
7055.667035,-0.302522,-8.156805,-0.002428,7.090376,0.021404,0.004716,-2.419327,-0.099439,2.421369,44|45|46|47|48|49,0.5624
7055.683701,-0.302522,-8.156804,-0.002429,7.097303,0.020654,0.004769,-2.426255,-0.098689,2.428261,44|45|46|47|48|49,0.5612
7055.700368,-0.309432,-8.174814,-0.002967,7.097303,0.020654,0.004769,-2.416468,-0.102448,2.418639,44|45|46|47|48|49,0.5619
7055.717035,-0.320471,-8.184259,-0.002674,7.103909,0.020463,0.004728,-2.417942,-0.108259,2.420365,44|45|46|47|48|49,0.5611
7055.733701,-0.320471,-8.184260,-0.002674,7.117570,0.021804,0.004809,-2.431604,-0.109601,2.434072,44|45|46|47|48|49,0.5619
7055.750368,-0.313749,-8.198221,-0.002088,7.117570,0.021804,0.004809,-2.424014,-0.105950,2.426329,44|45|46|47|48|49,0.5616
7055.767035,-0.304663,-8.208893,-0.001825,7.124401,0.022451,0.004800,-2.425044,-0.101661,2.427174,44|45|46|47|48|49,0.5613
7055.783701,-0.295993,-8.219302,-0.002529,7.131049,0.022382,0.004813,-2.426032,-0.096882,2.427966,44|45|46|47|48|49,0.5612
7055.800368,-0.298668,-8.225980,-0.002548,7.144604,0.020927,0.004872,-2.435959,-0.096882,2.437885,44|45|46|47|48|49,0.5633
7055.817035,-0.310397,-8.234891,-0.002863,7.151290,0.021246,0.004624,-2.437804,-0.103578,2.440004,44|45|46|47|48|49,0.5638
7055.833701,-0.320267,-8.241866,-0.002616,7.151290,0.021246,0.004624,-2.434015,-0.108943,2.436452,44|45|46|47|48|49,0.5633
7055.850368,-0.320268,-8.241865,-0.002616,7.158495,0.021823,0.004486,-2.441221,-0.109521,2.443676,44|45|46|47|48|49,0.5650
7055.867035,-0.307519,-8.259518,-0.002726,7.172630,0.020941,0.004497,-2.445760,-0.101714,2.447874,44|45|46|47|48|49,0.5646
7055.883701,-0.307519,-8.259517,-0.002727,7.172630,0.020941,0.004497,-2.445760,-0.101714,2.447874,44|45|46|47|48|49,0.5654
7055.917035,-0.329143,-8.284922,-0.001154,7.193675,0.021373,0.004689,-2.453003,-0.113904,2.455646,44|45|46|47|48|49|50,0.5582
7055.933701,-0.324808,-8.292798,-0.001510,7.193675,0.021373,0.004689,-2.448721,-0.111549,2.451261,45|46|47|48|49|50,0.5665
7055.950368,-0.324807,-8.292798,-0.001513,7.207751,0.021492,0.005203,-2.462797,-0.111667,2.465327,45|46|47|48|49|50,0.5650
7055.967035,-0.308949,-8.314373,-0.001557,7.207751,0.021492,0.005203,-2.451068,-0.103053,2.453234,45|46|47|48|49|50,0.5641
7055.983701,-0.317581,-8.322570,-0.000971,7.214821,0.020820,0.005251,-2.453685,-0.107075,2.456020,45|46|47|48|49|50,0.5640
7056.000368,-0.327683,-8.331785,-0.001014,7.228630,0.021095,0.005245,-2.462489,-0.112841,2.465073,45|46|47|48|49|50,0.5636
7056.017035,-0.333638,-8.336814,-0.001014,7.228630,0.021095,0.005245,-2.459756,-0.116079,2.462494,45|46|47|48|49|50,0.5647
7056.033701,-0.333639,-8.336812,-0.001015,7.243160,0.021754,0.005265,-2.474287,-0.116739,2.477039,45|46|47|48|49|50,0.5658
7056.050368,-0.312421,-8.357060,-0.000709,7.243160,0.021754,0.005265,-2.463278,-0.105211,2.465524,45|46|47|48|49|50,0.5644
7056.067035,-0.316335,-8.367120,-0.001205,7.250375,0.021448,0.005277,-2.465028,-0.107035,2.467350,45|46|47|48|49|50,0.5653
7056.100368,-0.326202,-8.385649,-0.001820,7.264415,0.021536,0.005150,-2.468998,-0.112489,2.471560,45|46|47|48|49|50,0.5639
7056.133701,-0.306926,-8.401458,-0.001637,7.278626,0.023404,0.005176,-2.474614,-0.103884,2.476794,45|46|47|48|49|50,0.5623
7056.150368,-0.306927,-8.401456,-0.001638,7.285784,0.022950,0.005788,-2.481773,-0.103430,2.483927,45|46|47|48|49|50,0.5610
7056.167035,-0.294569,-8.411458,-0.001556,7.299915,0.021263,0.005890,-2.490465,-0.095029,2.492277,45|46|47|48|49|50,0.5608
7056.183701,-0.317604,-8.429259,-0.000706,7.299915,0.021263,0.005890,-2.480796,-0.107552,2.483126,45|46|47|48|49|50,0.5605
7056.217035,-0.323029,-8.443200,0.002981,7.313693,0.022313,0.005815,-2.486998,-0.111553,2.489499,45|46|47|48|49|50,0.5662
7056.250368,-0.310832,-8.464200,0.000781,7.328058,0.021985,0.005863,-2.489948,-0.104601,2.492144,45|46|47|48|49|50,0.5643
7056.267035,-0.310827,-8.464206,0.000787,7.342009,0.022126,0.005767,-2.503896,-0.104740,2.506086,45|46|47|48|49|50,0.5629
7056.283701,-0.325290,-8.480293,0.000511,7.349252,0.022999,0.005760,-2.502399,-0.113476,2.504971,45|46|47|48|49|50,0.5626
7056.300368,-0.325291,-8.480294,0.000513,7.349252,0.022999,0.005760,-2.502398,-0.113476,2.504970,45|46|47|48|49|50,0.5630
7056.317035,-0.318442,-8.486355,-0.000327,7.356374,0.023891,0.005761,-2.506224,-0.110648,2.508666,45|46|47|48|49|50,0.5651
7056.333701,-0.295462,-8.509093,-0.001941,7.363289,0.023919,0.005765,-2.500777,-0.098191,2.502704,45|46|47|48|49|50,0.5656
7056.350368,-0.295462,-8.509094,-0.001940,7.370392,0.023362,0.005703,-2.507880,-0.097634,2.509779,45|46|47|48|49|50,0.5638
7056.367035,-0.295467,-8.517584,-0.001089,7.384582,0.023646,0.005542,-2.517456,-0.097922,2.519359,45|46|47|48|49|50,0.5629
7056.383701,-0.303911,-8.526803,-0.000871,7.384582,0.023646,0.005542,-2.512447,-0.102513,2.514537,45|46|47|48|49|50,0.5619
7056.400368,-0.300249,-8.542697,-0.000776,7.391964,0.024338,0.005523,-2.511190,-0.101219,2.513229,45|46|47|48|49|50|51|52,0.5509
7056.417035,-0.291011,-8.554021,-0.000597,7.398904,0.024102,0.005594,-2.511974,-0.095964,2.513806,45|46|47|48|49|50|51|52,0.5599
7056.433701,-0.291003,-8.554048,-0.000566,7.405846,0.023264,0.005577,-2.518902,-0.095122,2.520697,45|46|47|48|49|50|51|52,0.5486
7056.450368,-0.307669,-8.571131,0.000515,7.412853,0.022410,0.005618,-2.516627,-0.103329,2.518747,47|48|49|50|51|52,0.5598
7056.467035,-0.320516,-8.579992,0.000706,7.419437,0.022573,0.005471,-2.518398,-0.110476,2.520820,47|48|49|50|51|52,0.5598
7056.483701,-0.318042,-8.582156,-0.000135,7.426524,0.023467,0.005637,-2.524309,-0.110026,2.526705,47|48|49|50|51|52,0.5621
7056.500368,-0.318041,-8.582156,-0.000135,7.440737,0.024395,0.005713,-2.538522,-0.110954,2.540945,47|48|49|50|51|52,0.5621
7056.517035,-0.293282,-8.604722,-0.000402,7.440737,0.024395,0.005713,-2.526252,-0.097502,2.528133,47|48|49|50|51|52,0.5622
7056.533701,-0.293282,-8.604721,-0.000402,7.447801,0.024036,0.005712,-2.533317,-0.097143,2.535179,47|48|49|50|51|52,0.5631
7056.567035,-0.294610,-8.615483,-0.000530,7.469229,0.024785,0.005630,-2.548897,-0.098616,2.550804,47|48|49|50|51|52,0.5623
7056.583701,-0.300937,-8.639593,-0.000496,7.469229,0.024785,0.005630,-2.535795,-0.102060,2.537848,47|48|49|50|51|52,0.5633
7056.600368,-0.290367,-8.651204,-0.000319,7.483618,0.024461,0.005689,-2.543871,-0.095993,2.545682,47|48|49|50|51|52,0.5640
7056.617035,-0.285488,-8.660568,-0.000423,7.490772,0.023727,0.005706,-2.545935,-0.092610,2.547619,47|48|49|50|51|52,0.5636
7056.633701,-0.285487,-8.660568,-0.000424,7.490772,0.023727,0.005706,-2.545936,-0.092609,2.547619,47|48|49|50|51|52,0.5641
7056.683701,-0.299402,-8.694755,0.000174,7.511832,0.024787,0.005338,-2.548418,-0.101239,2.550428,47|48|49|50|51|52,0.5634
7056.700368,-0.292977,-8.705425,0.000129,7.525832,0.024036,0.005144,-2.556618,-0.096998,2.558458,47|48|49|50|51|52,0.5633
7056.717035,-0.294488,-8.713594,-0.000549,7.525832,0.024036,0.005144,-2.552179,-0.097821,2.554053,47|48|49|50|51|52,0.5623
7056.733701,-0.305234,-8.722676,-0.000973,7.532887,0.023509,0.005146,-2.554300,-0.103137,2.556381,47|48|49|50|51|52,0.5622
7056.750368,-0.305233,-8.722676,-0.000972,7.547431,0.024358,0.005048,-2.568844,-0.103984,2.570948,47|48|49|50|51|52,0.5614
7056.767035,-0.307273,-8.738870,-0.000995,7.547431,0.024358,0.005048,-2.560043,-0.105097,2.562199,47|48|49|50|51|52,0.5613
7056.783701,-0.307272,-8.738871,-0.000995,7.554521,0.024349,0.005149,-2.567132,-0.105087,2.569283,47|48|49|50|51|52,0.5604
7056.800368,-0.302752,-8.757938,-0.000619,7.568061,0.023000,0.005027,-2.570309,-0.101285,2.572304,47|48|49|50|51|52,0.5610
7056.833701,-0.302751,-8.757938,-0.000620,7.581482,0.023974,0.004912,-2.583730,-0.102259,2.585752,47|48|49|50|51|52,0.5629
7056.850368,-0.315541,-8.779797,-0.001041,7.588197,0.024455,0.004911,-2.578567,-0.109695,2.580900,47|48|49|50|51|52,0.5628
7056.867035,-0.315542,-8.779796,-0.001039,7.594915,0.024887,0.004857,-2.585286,-0.110128,2.587631,47|48|49|50|51|52,0.5633
7056.883701,-0.302757,-8.800976,-0.001388,7.594915,0.024887,0.004857,-2.573772,-0.103184,2.575840,47|48|49|50|51|52,0.5638
7056.900368,-0.297051,-8.810849,-0.001567,7.608404,0.023461,0.004805,-2.581896,-0.098659,2.583780,47|48|49|50|51|52,0.5627
7056.917035,-0.306792,-8.818064,-0.001395,7.608404,0.023461,0.004805,-2.577976,-0.103954,2.580071,47|48|49|50|51|52|53,0.5572
7056.950368,-0.306794,-8.818132,-0.001380,7.622289,0.023920,0.004000,-2.591824,-0.104415,2.593927,47|48|49|50|51|52|53,0.5618
7056.983701,-0.307559,-8.853025,-0.001694,7.636882,0.023489,0.003963,-2.587453,-0.104406,2.589559,48|49|50|51|52|53,0.5633
7057.017035,-0.307556,-8.853026,-0.001696,7.657894,0.023420,0.003808,-2.608465,-0.104336,2.610551,48|49|50|51|52|53,0.5631
7057.033701,-0.327528,-8.870802,-0.002053,7.664963,0.023952,0.003777,-2.605877,-0.115726,2.608446,48|49|50|51|52|53,0.5649
7057.050368,-0.326635,-8.875246,-0.001694,7.672062,0.023834,0.003724,-2.610561,-0.115124,2.613098,48|49|50|51|52|53,0.5637
7057.067035,-0.311916,-8.897719,-0.002197,7.672062,0.023834,0.003724,-2.598344,-0.107129,2.600552,48|49|50|51|52|53,0.5618
7057.083701,-0.314912,-8.905805,-0.001899,7.679189,0.023099,0.003711,-2.601078,-0.108024,2.603320,48|49|50|51|52|53,0.5631
7057.100368,-0.325864,-8.914793,-0.001759,7.692982,0.022952,0.003479,-2.609987,-0.113831,2.612468,48|49|50|51|52|53,0.5623
7057.117035,-0.325864,-8.914794,-0.001759,7.700408,0.023773,0.003361,-2.617413,-0.114652,2.619923,48|49|50|51|52|53,0.5631
7057.133701,-0.327957,-8.926832,-0.002103,7.700408,0.023773,0.003361,-2.610871,-0.115792,2.613437,48|49|50|51|52|53,0.5641
7057.150368,-0.316721,-8.939445,-0.002738,7.707835,0.023850,0.003370,-2.611442,-0.109765,2.613747,48|49|50|51|52|53,0.5632
7057.167035,-0.316722,-8.939443,-0.002736,7.722477,0.023212,0.003404,-2.626084,-0.109128,2.628351,48|49|50|51|52|53,0.5625
7057.183701,-0.321525,-8.959764,-0.002134,7.722477,0.023212,0.003404,-2.615041,-0.111742,2.617428,48|49|50|51|52|53,0.5631
7057.200368,-0.321524,-8.959764,-0.002134,7.736457,0.024262,0.003339,-2.629021,-0.112792,2.631440,48|49|50|51|52|53,0.5625
7057.217035,-0.326665,-8.969145,-0.002698,7.736457,0.024262,0.003339,-2.623924,-0.115588,2.626468,48|49|50|51|52|53,0.5620
7057.233701,-0.311357,-8.984645,-0.001534,7.743592,0.025220,0.003344,-2.622631,-0.108229,2.624863,48|49|50|51|52|53,0.5633
7057.250368,-0.298306,-8.995933,-0.002245,7.750690,0.024819,0.003345,-2.623592,-0.100738,2.625525,48|49|50|51|52|53,0.5624
7057.267035,-0.304992,-9.004355,-0.003479,7.757790,0.024006,0.003340,-2.626116,-0.103560,2.628158,48|49|50|51|52|53,0.5634
7057.283701,-0.304993,-9.004356,-0.003482,7.771499,0.023174,0.003220,-2.639825,-0.102729,2.641823,48|49|50|51|52|53,0.5641
7057.300368,-0.328191,-9.021815,-0.003411,7.771499,0.023174,0.003220,-2.630341,-0.115340,2.632869,48|49|50|51|52|53,0.5634
7057.317035,-0.328375,-9.025899,-0.003620,7.778618,0.023895,0.003262,-2.635240,-0.116162,2.637799,48|49|50|51|52|53,0.5632
7057.333701,-0.318242,-9.037182,-0.003251,7.785898,0.024351,0.003251,-2.636387,-0.111113,2.638727,48|49|50|51|52|53,0.5632
7057.350368,-0.312216,-9.047994,-0.003283,7.793075,0.023833,0.003282,-2.637686,-0.107322,2.639868,48|49|50|51|52|53,0.5629
7057.367035,-0.319688,-9.056871,-0.002968,7.800268,0.023321,0.003329,-2.640056,-0.110873,2.642383,48|49|50|51|52|53,0.5624
7057.383701,-0.327274,-9.066176,-0.002670,7.814081,0.024466,0.003266,-2.648814,-0.116143,2.651359,48|49|50|51|52|53,0.5614
7057.400368,-0.327274,-9.066175,-0.002669,7.821162,0.025388,0.003208,-2.655895,-0.117065,2.658473,48|49|50|51|52|53,0.5629
7057.417035,-0.311606,-9.079767,-0.002432,7.828262,0.025629,0.003208,-2.655605,-0.108793,2.657833,48|49|50|51|52|53,0.5631
7057.433701,-0.298870,-9.092780,-0.002441,7.828262,0.025629,0.003208,-2.648530,-0.101874,2.650488,48|49|50|51|52|53|54|55,0.5502
7057.450368,-0.298858,-9.092900,-0.002477,7.842622,0.024678,0.003131,-2.662824,-0.100916,2.664736,48|49|50|51|52|53|54|55,0.5637
7057.467035,-0.295747,-9.101285,-0.003091,7.849599,0.024961,0.002676,-2.665244,-0.099511,2.667101,48|49|50|51|52|53|54|55,0.5591
7057.483701,-0.303318,-9.111230,-0.003111,7.857017,0.025707,0.002609,-2.667259,-0.104373,2.669300,50|51|52|53|54|55,0.5624
7057.500368,-0.304835,-9.125210,-0.002975,7.857017,0.025707,0.002609,-2.659661,-0.105200,2.661741,50|51|52|53|54|55,0.5638
7057.517035,-0.304835,-9.125209,-0.002976,7.871157,0.024836,0.002653,-2.673802,-0.104330,2.675837,50|51|52|53|54|55,0.5622
7057.533701,-0.296667,-9.147175,-0.002645,7.871157,0.024836,0.002653,-2.661863,-0.099895,2.663736,50|51|52|53|54|55,0.5628
7057.550368,-0.296667,-9.147176,-0.002645,7.878198,0.024054,0.002691,-2.668903,-0.099113,2.670743,50|51|52|53|54|55,0.5626
7057.583701,-0.307848,-9.156135,-0.003034,7.899060,0.025565,0.002507,-2.684898,-0.106702,2.687018,50|51|52|53|54|55,0.5634
7057.600368,-0.323602,-9.166158,-0.003315,7.899060,0.025565,0.002507,-2.679454,-0.115266,2.681932,50|51|52|53|54|55,0.5645
7057.617035,-0.297925,-9.187638,-0.003919,7.906404,0.025716,0.002608,-2.675119,-0.101468,2.677042,50|51|52|53|54|55,0.5631
7057.633701,-0.297926,-9.187637,-0.003918,7.913557,0.025353,0.002632,-2.682273,-0.101105,2.684177,50|51|52|53|54|55,0.5636
7057.650368,-0.302269,-9.209870,-0.004275,7.927716,0.025115,0.002628,-2.684348,-0.103232,2.686333,50|51|52|53|54|55,0.5639
7057.667035,-0.302270,-9.209869,-0.004271,7.935097,0.025968,0.002711,-2.691730,-0.104086,2.693741,50|51|52|53|54|55,0.5628
7057.683701,-0.307287,-9.219033,-0.003461,7.942444,0.026528,0.002891,-2.694097,-0.107373,2.696236,50|51|52|53|54|55,0.5636
7057.700368,-0.306164,-9.222565,-0.003422,7.949579,0.025833,0.002887,-2.699314,-0.106069,2.701397,50|51|52|53|54|55,0.5640
7057.717035,-0.287115,-9.245408,-0.003481,7.949579,0.025833,0.002887,-2.686895,-0.095721,2.688600,50|51|52|53|54|55,0.5625
7057.733701,-0.287113,-9.245408,-0.003482,7.963661,0.024883,0.002753,-2.700977,-0.094770,2.702639,50|51|52|53|54|55,0.5629
7057.750368,-0.297824,-9.254320,-0.004931,7.970757,0.025448,0.002795,-2.703232,-0.101158,2.705124,50|51|52|53|54|55,0.5626
7057.767035,-0.307987,-9.263086,-0.006057,7.977870,0.025994,0.002850,-2.705582,-0.107230,2.707706,50|51|52|53|54|55,0.5635
7057.783701,-0.302756,-9.278164,-0.002976,7.977870,0.025994,0.002850,-2.697387,-0.104390,2.699406,50|51|52|53|54|55,0.5650
7057.800368,-0.295559,-9.289364,-0.002654,7.991857,0.025423,0.002786,-2.705285,-0.099909,2.707129,50|51|52|53|54|55,0.5641
7057.817035,-0.295008,-9.298044,-0.002665,7.991857,0.025423,0.002786,-2.700568,-0.099612,2.702404,50|51|52|53|54|55,0.5638
7057.833701,-0.295007,-9.298044,-0.002665,8.006050,0.024929,0.002589,-2.714761,-0.099118,2.716570,50|51|52|53|54|55,0.5637
7057.867035,-0.304591,-9.306849,-0.002638,8.020659,0.025595,0.002746,-2.724586,-0.104994,2.726608,50|51|52|53|54|55,0.5638
7057.883701,-0.311096,-9.322479,-0.002282,8.027663,0.024708,0.002759,-2.723097,-0.107645,2.725224,50|51|52|53|54|55,0.5635
7057.900368,-0.304460,-9.333768,-0.003173,8.034382,0.024116,0.002711,-2.723679,-0.103450,2.725643,50|51|52|53|54|55,0.5624
7057.917035,-0.315833,-9.351360,-0.003257,8.034382,0.024116,0.002711,-2.714121,-0.109634,2.716335,50|51|52|53|54|55,0.5626
7057.933701,-0.315833,-9.351358,-0.003260,8.047772,0.024809,0.002219,-2.727512,-0.110326,2.729742,50|51|52|53|54|55,0.5638
7057.950368,-0.320868,-9.362297,-0.003890,8.054590,0.025324,0.002202,-2.728387,-0.113581,2.730750,50|51|52|53|54|55,0.5641
7057.967035,-0.320867,-9.362296,-0.003889,8.054590,0.025324,0.002202,-2.728387,-0.113581,2.730750,50|51|52|53|54|55,0.5643
7057.983701,-0.305975,-9.384990,-0.003905,8.061406,0.025767,0.002206,-2.722866,-0.105934,2.724926,50|51|52|53|54|55|56,0.5601
7058.000368,-0.305983,-9.385027,-0.003922,8.074982,0.024530,0.002155,-2.736422,-0.104702,2.738424,50|51|52|53|54|55|56,0.5557
7058.017035,-0.300054,-9.395837,-0.004355,8.081530,0.024313,0.002059,-2.737093,-0.101265,2.738966,51|52|53|54|55|56,0.5622
7058.033701,-0.306279,-9.402671,-0.004001,8.081530,0.024313,0.002059,-2.733380,-0.104649,2.735383,51|52|53|54|55|56,0.5617
7058.050368,-0.319196,-9.411119,-0.004118,8.096285,0.025269,0.001895,-2.743547,-0.112627,2.745858,51|52|53|54|55|56,0.5629
7058.067035,-0.321837,-9.414328,-0.004525,8.103612,0.024597,0.001885,-2.749130,-0.113391,2.751468,51|52|53|54|55|56,0.5632
7058.083701,-0.308824,-9.437982,-0.004419,8.103612,0.024597,0.001885,-2.736273,-0.106324,2.738338,51|52|53|54|55|56,0.5628
7058.100368,-0.308823,-9.437983,-0.004420,8.117554,0.023726,0.002009,-2.750214,-0.105452,2.752235,51|52|53|54|55|56,0.5626
7058.117035,-0.328351,-9.456370,-0.003999,8.117554,0.023726,0.002009,-2.740225,-0.116068,2.742682,51|52|53|54|55|56,0.5622
7058.133701,-0.331285,-9.459011,-0.003876,8.124661,0.024295,0.002183,-2.745897,-0.118233,2.748441,51|52|53|54|55|56,0.5637
7058.150368,-0.323261,-9.470574,-0.003660,8.131787,0.024878,0.002183,-2.746737,-0.114458,2.749121,51|52|53|54|55|56,0.5646
7058.167035,-0.315546,-9.482091,-0.003871,8.138918,0.024965,0.002061,-2.747608,-0.110354,2.749823,51|52|53|54|55|56,0.5647
7058.200368,-0.315547,-9.482090,-0.003870,8.159864,0.023615,0.001565,-2.768553,-0.109004,2.770699,51|52|53|54|55|56,0.5635
7058.217035,-0.336081,-9.508833,-0.003968,8.159864,0.023615,0.001565,-2.754024,-0.120170,2.756644,51|52|53|54|55|56,0.5632
7058.233701,-0.336081,-9.508835,-0.003968,8.167244,0.024417,0.001332,-2.761403,-0.120972,2.764052,51|52|53|54|55|56,0.5639
7058.250368,-0.321609,-9.523290,-0.004847,8.182118,0.024302,0.001343,-2.768418,-0.112995,2.770723,51|52|53|54|55|56,0.5644
7058.267035,-0.318294,-9.535815,-0.005123,8.189512,0.023924,0.001362,-2.769004,-0.110818,2.771221,51|52|53|54|55|56,0.5639
7058.283701,-0.318294,-9.535815,-0.005125,8.196423,0.024066,0.001237,-2.775915,-0.110960,2.778132,51|52|53|54|55|56,0.5643
7058.317035,-0.327907,-9.559715,-0.004832,8.203299,0.024747,0.000819,-2.769804,-0.116871,2.772268,51|52|53|54|55|56,0.5624
7058.333701,-0.316918,-9.568839,-0.005111,8.210452,0.025715,0.000806,-2.771996,-0.111868,2.774252,51|52|53|54|55|56,0.5622
7058.350368,-0.316915,-9.568840,-0.005106,8.224623,0.024807,0.000843,-2.786166,-0.110958,2.788375,51|52|53|54|55|56,0.5623
7058.367035,-0.303335,-9.580515,-0.004888,8.231666,0.024022,0.000833,-2.786861,-0.102795,2.788757,51|52|53|54|55|56,0.5614
7058.400368,-0.327898,-9.607190,-0.004778,8.238396,0.023680,0.000802,-2.779099,-0.115809,2.781511,51|52|53|54|55|56,0.5611
7058.417035,-0.333005,-9.610465,-0.005162,8.252746,0.024992,0.000561,-2.791671,-0.119897,2.794244,51|52|53|54|55|56,0.5619
7058.433701,-0.333005,-9.610467,-0.005163,8.252746,0.024992,0.000561,-2.791669,-0.119897,2.794243,51|52|53|54|55|56,0.5616
7058.483701,-0.323434,-9.619795,-0.005285,8.273791,0.023893,0.000668,-2.807643,-0.113597,2.809940,51|52|53|54|55|56,0.5613
7058.500368,-0.329593,-9.652804,-0.004989,8.280915,0.024663,0.000469,-2.796828,-0.117722,2.799304,51|52|53|54|55|56|57|58,0.5617
7058.517035,-0.318439,-9.662705,-0.005033,8.288199,0.025591,0.000419,-2.798729,-0.112589,2.800993,51|52|53|54|55|56|57|58,0.5514
7058.533701,-0.305099,-9.677354,-0.005612,8.295309,0.026146,0.000440,-2.797876,-0.105898,2.799879,53|54|55|56|57|58,0.5627
7058.583701,-0.312962,-9.705292,-0.005699,8.323792,0.025883,-0.000131,-2.811176,-0.109915,2.813324,53|54|55|56|57|58,0.5609
7058.600368,-0.312962,-9.705292,-0.005698,8.331025,0.026132,-0.000045,-2.818410,-0.110163,2.820562,53|54|55|56|57|58,0.5618
7058.633701,-0.297559,-9.732660,-0.006419,8.338001,0.025328,-0.000067,-2.810508,-0.100994,2.812322,53|54|55|56|57|58,0.5623
7058.650368,-0.297557,-9.732657,-0.006418,8.344923,0.024503,-0.000046,-2.817432,-0.100168,2.819212,53|54|55|56|57|58,0.5636
7058.700368,-0.318343,-9.756778,-0.006276,8.373078,0.026171,0.000233,-2.832481,-0.113137,2.834740,53|54|55|56|57|58,0.5666
7058.717035,-0.318343,-9.756779,-0.006277,8.380230,0.025709,0.000270,-2.839633,-0.112676,2.841868,53|54|55|56|57|58,0.5639
7058.733701,-0.298351,-9.784820,-0.006483,8.380230,0.025709,0.000270,-2.824389,-0.101816,2.826224,53|54|55|56|57|58,0.5637
7058.750368,-0.304879,-9.794349,-0.006067,8.394430,0.025323,0.000288,-2.833412,-0.104980,2.835357,53|54|55|56|57|58,0.5643
7058.767035,-0.310272,-9.803905,-0.006022,8.401699,0.025947,0.000032,-2.835489,-0.108537,2.837565,53|54|55|56|57|58,0.5627
7058.783701,-0.310345,-9.807315,-0.005812,8.401699,0.025947,0.000032,-2.833635,-0.108577,2.835715,53|54|55|56|57|58,0.5624
7058.833701,-0.298689,-9.839374,-0.006021,8.423434,0.025386,0.000066,-2.837944,-0.101687,2.839765,53|54|55|56|57|58,0.5614
7058.850368,-0.298689,-9.839374,-0.006020,8.430431,0.024961,0.000059,-2.844941,-0.101263,2.846743,53|54|55|56|57|58,0.5620
7058.867035,-0.314877,-9.851489,-0.006266,8.437578,0.025314,-0.000386,-2.845508,-0.110416,2.847649,53|54|55|56|57|58,0.5624
7058.883701,-0.308735,-9.861644,-0.006640,8.451834,0.026166,-0.000323,-2.854243,-0.107933,2.856283,53|54|55|56|57|58,0.5650
7058.900368,-0.301515,-9.874610,-0.006371,8.451834,0.026166,-0.000323,-2.847195,-0.104011,2.849094,53|54|55|56|57|58,0.5627
7058.917035,-0.296878,-9.884004,-0.006329,8.465838,0.024785,-0.000392,-2.856092,-0.100112,2.857846,53|54|55|56|57|58,0.5628
7058.933701,-0.306353,-9.892338,-0.006426,8.465838,0.024785,-0.000392,-2.851565,-0.105263,2.853507,53|54|55|56|57|58,0.5631
7058.950368,-0.316760,-9.900746,-0.006424,8.472819,0.024766,-0.000350,-2.853978,-0.110902,2.856132,53|54|55|56|57|58,0.5631
7058.983701,-0.316760,-9.900748,-0.006423,8.494503,0.024806,-0.000276,-2.875662,-0.110941,2.877801,53|54|55|56|57|58,0.5619
7059.000368,-0.310357,-9.919678,-0.006422,8.494503,0.024806,-0.000276,-2.865373,-0.107465,2.867387,53|54|55|56|57|58|59,0.5603
7059.017035,-0.305222,-9.929495,-0.006495,8.507708,0.024072,-0.000548,-2.873241,-0.103943,2.875120,53|54|55|56|57|58|59,0.5598
7059.033701,-0.326635,-9.941183,-0.005755,8.514523,0.024537,-0.000632,-2.873708,-0.116048,2.876050,53|54|55|56|57|58|59,0.5569
7059.050368,-0.326603,-9.942225,-0.005444,8.521326,0.024996,-0.000658,-2.879945,-0.116489,2.882300,54|55|56|57|58|59,0.5652
7059.067035,-0.319021,-9.959587,-0.006871,8.528124,0.025369,-0.000650,-2.877305,-0.112746,2.879514,54|55|56|57|58|59,0.5650
7059.083701,-0.312529,-9.971156,-0.006845,8.528124,0.025369,-0.000650,-2.871017,-0.109220,2.873093,54|55|56|57|58|59,0.5643
7059.100368,-0.312530,-9.971156,-0.006846,8.534904,0.025444,-0.000700,-2.877796,-0.109295,2.879871,54|55|56|57|58|59,0.5632
7059.117035,-0.307187,-9.981106,-0.006850,8.548207,0.024029,-0.000747,-2.885691,-0.104979,2.887600,54|55|56|57|58|59,0.5620
7059.133701,-0.320779,-9.996627,-0.006833,8.548207,0.024029,-0.000747,-2.877258,-0.112369,2.879451,54|55|56|57|58|59,0.5630
7059.150368,-0.320778,-9.996629,-0.006831,8.555237,0.024345,-0.001326,-2.884287,-0.112685,2.886488,54|55|56|57|58|59,0.5645
7059.167035,-0.327129,-9.997993,-0.006657,8.569897,0.024373,-0.001563,-2.898207,-0.116164,2.900534,54|55|56|57|58|59,0.5650
7059.183701,-0.320962,-10.010182,-0.007328,8.577144,0.023643,-0.001521,-2.898828,-0.112085,2.900995,54|55|56|57|58|59,0.5638
7059.200368,-0.314613,-10.022408,-0.007317,8.583907,0.023325,-0.001509,-2.898946,-0.108319,2.900969,54|55|56|57|58|59,0.5626
7059.250368,-0.320311,-10.031796,-0.007766,8.605209,0.024605,-0.001518,-2.915146,-0.112699,2.917324,54|55|56|57|58|59,0.5646
7059.267035,-0.322846,-10.066205,-0.007829,8.605209,0.024605,-0.001518,-2.896446,-0.114083,2.898692,54|55|56|57|58|59,0.5635
7059.283702,-0.317703,-10.076229,-0.007950,8.612305,0.023875,-0.001542,-2.898093,-0.110560,2.900202,54|55|56|57|58|59,0.5625
7059.300368,-0.328397,-10.084715,-0.007636,8.619430,0.023109,-0.001539,-2.900609,-0.115607,2.902912,54|55|56|57|58|59,0.5628
7059.317035,-0.339159,-10.093275,-0.007645,8.626024,0.022972,-0.001624,-2.902554,-0.121321,2.905088,54|55|56|57|58|59,0.5625
7059.333702,-0.340200,-10.093887,-0.007185,8.640856,0.024371,-0.001764,-2.917053,-0.123285,2.919657,54|55|56|57|58|59,0.5645
7059.350368,-0.329110,-10.106493,-0.007450,8.648409,0.023799,-0.001803,-2.917752,-0.116690,2.920085,54|55|56|57|58|59,0.5635
7059.367035,-0.320234,-10.120630,-0.006903,8.648409,0.023799,-0.001803,-2.910068,-0.111869,2.912217,54|55|56|57|58|59,0.5627
7059.383702,-0.328112,-10.131176,-0.007446,8.655998,0.023288,-0.001799,-2.911926,-0.115641,2.914221,54|55|56|57|58|59,0.5624
7059.400368,-0.335343,-10.142224,-0.008316,8.662958,0.023386,-0.002031,-2.912884,-0.119671,2.915341,54|55|56|57|58|59,0.5620
7059.417035,-0.333557,-10.145345,-0.008334,8.669718,0.023836,-0.002409,-2.917947,-0.119151,2.920379,54|55|56|57|58|59,0.5614
7059.433702,-0.325627,-10.152852,-0.008807,8.676882,0.024726,-0.002429,-2.921030,-0.115733,2.923321,54|55|56|57|58|59,0.5615
7059.467035,-0.325627,-10.152850,-0.008808,8.698324,0.023420,-0.002478,-2.942473,-0.114427,2.944697,54|55|56|57|58|59,0.5609
7059.483702,-0.306945,-10.175496,-0.008371,8.705095,0.022948,-0.002530,-2.936932,-0.103806,2.938766,54|55|56|57|58|59,0.5631
7059.517035,-0.337746,-10.197820,-0.007752,8.719287,0.023997,-0.002821,-2.938998,-0.121600,2.941513,54|55|56|57|58|59|60|61,0.5529
7059.533702,-0.330824,-10.205249,-0.008470,8.719287,0.023997,-0.002821,-2.934959,-0.117840,2.937324,54|55|56|57|58|59|60|61,0.5650
7059.550368,-0.320877,-10.217858,-0.008517,8.726486,0.023776,-0.002741,-2.935304,-0.112215,2.937448,54|55|56|57|58|59|60|61,0.5495
7059.567035,-0.320811,-10.219141,-0.008608,8.740364,0.023055,-0.002694,-2.948484,-0.111459,2.950590,56|57|58|59|60|61,0.5627
7059.583702,-0.324208,-10.229018,-0.008382,8.747370,0.023621,-0.002776,-2.950123,-0.113873,2.952320,56|57|58|59|60|61,0.5625
7059.617035,-0.332230,-10.237820,-0.008540,8.754601,0.024463,-0.002774,-2.952571,-0.119077,2.954971,56|57|58|59|60|61,0.5640
7059.650368,-0.303141,-10.273389,-0.009903,8.768726,0.024807,-0.002704,-2.947359,-0.103618,2.949180,56|57|58|59|60|61,0.5609
7059.667035,-0.303141,-10.273389,-0.009903,8.782568,0.024088,-0.002780,-2.961202,-0.102899,2.962989,56|57|58|59|60|61,0.5609
7059.700368,-0.308416,-10.282176,-0.009720,8.797230,0.025288,-0.002699,-2.971089,-0.106968,2.973014,56|57|58|59|60|61,0.5623
7059.717035,-0.317760,-10.293006,-0.010183,8.804174,0.024555,-0.002661,-2.972149,-0.111316,2.974233,56|57|58|59|60|61,0.5616
7059.733702,-0.308122,-10.306011,-0.010110,8.804174,0.024555,-0.002661,-2.965079,-0.106080,2.966976,56|57|58|59|60|61,0.5613
7059.750368,-0.300255,-10.318087,-0.010002,8.817856,0.023118,-0.002694,-2.972197,-0.100370,2.973891,56|57|58|59|60|61,0.5622
7059.767035,-0.310948,-10.326482,-0.009330,8.824517,0.023330,-0.002938,-2.974297,-0.106396,2.976199,56|57|58|59|60|61,0.5630
7059.783702,-0.323275,-10.334636,-0.009850,8.831815,0.024313,-0.002480,-2.977166,-0.114079,2.979351,56|57|58|59|60|61,0.5628
7059.800368,-0.327027,-10.340405,-0.009425,8.831815,0.024313,-0.002480,-2.974032,-0.116120,2.976298,56|57|58|59|60|61,0.5658
7059.833702,-0.327025,-10.340401,-0.009428,8.853119,0.024399,-0.002504,-2.995338,-0.116205,2.997591,56|57|58|59|60|61,0.5638
7059.850368,-0.307781,-10.378593,-0.009908,8.853119,0.024399,-0.002504,-2.974578,-0.105754,2.976457,56|57|58|59|60|61,0.5639
7059.867035,-0.307784,-10.378592,-0.009908,8.867304,0.024542,-0.002758,-2.988763,-0.105899,2.990639,56|57|58|59|60|61,0.5631
7059.883702,-0.316474,-10.392385,-0.009605,8.867304,0.024542,-0.002758,-2.981269,-0.110625,2.983320,56|57|58|59|60|61,0.5633
7059.900368,-0.316474,-10.392386,-0.009604,8.882004,0.025311,-0.002509,-2.995968,-0.111393,2.998038,56|57|58|59|60|61,0.5633
7059.917035,-0.310150,-10.401429,-0.009103,8.889073,0.024466,-0.002537,-2.998121,-0.107113,3.000034,56|57|58|59|60|61,0.5617
7059.933702,-0.299674,-10.423901,-0.009892,8.889073,0.024466,-0.002537,-2.985905,-0.101425,2.987627,56|57|58|59|60|61,0.5613
7059.950368,-0.299675,-10.423900,-0.009891,8.902987,0.024035,-0.002689,-2.999820,-0.100994,3.001520,56|57|58|59|60|61,0.5631
7059.967035,-0.311655,-10.431940,-0.009389,8.902987,0.024035,-0.002689,-2.995453,-0.107506,2.997382,56|57|58|59|60|61,0.5629
7059.983702,-0.316130,-10.444651,-0.009778,8.910144,0.024437,-0.002502,-2.995703,-0.110344,2.997735,56|57|58|59|60|61,0.5636
7060.000368,-0.310328,-10.457604,-0.009173,8.917135,0.024693,-0.002385,-2.995654,-0.107448,2.997580,56|57|58|59|60|61,0.5631
7060.017035,-0.306144,-10.468744,-0.009188,8.924027,0.024556,-0.002438,-2.996490,-0.105040,2.998330,56|57|58|59|60|61|62,0.5537
7060.033702,-0.306136,-10.468801,-0.009186,8.938019,0.023410,-0.002477,-3.010451,-0.103890,3.012243,56|57|58|59|60|61|62,0.5591
7060.050368,-0.319727,-10.483778,-0.008742,8.938019,0.023410,-0.002477,-3.002314,-0.111280,3.004376,56|57|58|59|60|61|62,0.5609
7060.083702,-0.319672,-10.484157,-0.008560,8.959872,0.023915,-0.002381,-3.023961,-0.111754,3.026025,57|58|59|60|61|62,0.5603
7060.100368,-0.318922,-10.502580,-0.008261,8.966621,0.023089,-0.002398,-3.020697,-0.110524,3.022719,57|58|59|60|61|62,0.5602
7060.117035,-0.316730,-10.521040,-0.008511,8.966621,0.023089,-0.002398,-3.010664,-0.109337,3.012649,57|58|59|60|61|62,0.5595
7060.133702,-0.316730,-10.521038,-0.008510,8.979869,0.023105,-0.002756,-3.023914,-0.109354,3.025890,57|58|59|60|61|62,0.5618
7060.167035,-0.326036,-10.541765,-0.008801,8.986693,0.023437,-0.002769,-3.019474,-0.114747,3.021654,57|58|59|60|61|62,0.5632
7060.200368,-0.317744,-10.564098,-0.008525,9.007029,0.023415,-0.002686,-3.027671,-0.110223,3.029677,57|58|59|60|61|62,0.5626
7060.217035,-0.314492,-10.574260,-0.008559,9.007029,0.023415,-0.002686,-3.022148,-0.108458,3.024094,57|58|59|60|61|62,0.5613
7060.233702,-0.314490,-10.574258,-0.008560,9.020302,0.022917,-0.002836,-3.035422,-0.107959,3.037341,57|58|59|60|61|62,0.5602
7060.250368,-0.330578,-10.581623,-0.008322,9.020302,0.022917,-0.002836,-3.031423,-0.116704,3.033668,57|58|59|60|61|62,0.5619
7060.267035,-0.330577,-10.581622,-0.008322,9.034990,0.023489,-0.003043,-3.046111,-0.117275,3.048368,57|58|59|60|61|62,0.5621
7060.283702,-0.327720,-10.590481,-0.008715,9.034990,0.023489,-0.003043,-3.041296,-0.115724,3.043496,57|58|59|60|61|62,0.5617
7060.300368,-0.323339,-10.604979,-0.008902,9.048898,0.022118,-0.003069,-3.047324,-0.111975,3.049381,57|58|59|60|61|62,0.5614
7060.317035,-0.333152,-10.625019,-0.008959,9.048898,0.022118,-0.003069,-3.036434,-0.117313,3.038700,57|58|59|60|61|62,0.5621
7060.333702,-0.338631,-10.627201,-0.009213,9.062992,0.022556,-0.002998,-3.049344,-0.120730,3.051733,57|58|59|60|61|62,0.5623
7060.350368,-0.337123,-10.636366,-0.008974,9.062992,0.022556,-0.002998,-3.044363,-0.119912,3.046724,57|58|59|60|61|62,0.5631
7060.367035,-0.332296,-10.649633,-0.009023,9.077127,0.022805,-0.003157,-3.051286,-0.117540,3.053549,57|58|59|60|61|62,0.5630
7060.400368,-0.332296,-10.649633,-0.009028,9.090839,0.021614,-0.003151,-3.064998,-0.116348,3.067205,57|58|59|60|61|62,0.5610
7060.417035,-0.342159,-10.676428,-0.009573,9.090839,0.021614,-0.003151,-3.050438,-0.121715,3.052865,57|58|59|60|61|62,0.5618
7060.433702,-0.342160,-10.676428,-0.009572,9.097953,0.022002,-0.003314,-3.057552,-0.122103,3.059989,57|58|59|60|61|62,0.5636
7060.467035,-0.345390,-10.677405,-0.009821,9.119938,0.022151,-0.003303,-3.079006,-0.124008,3.081503,57|58|59|60|61|62,0.5627
7060.483702,-0.330354,-10.702223,-0.009685,9.126971,0.021812,-0.003303,-3.072548,-0.115502,3.074718,57|58|59|60|61|62,0.5637
7060.500368,-0.336535,-10.721069,-0.009639,9.133759,0.021996,-0.003747,-3.069095,-0.119049,3.071403,57|58|59|60|61|62,0.5642
7060.533702,-0.336430,-10.733477,-0.010291,9.148094,0.023180,-0.003784,-3.076687,-0.120179,3.079033,57|58|59|60|61|62,0.5642
7060.550368,-0.326246,-10.747371,-0.010404,9.148094,0.023180,-0.003784,-3.069134,-0.114647,3.071274,57|58|59|60|61|62|63|64,0.5519
7060.583702,-0.317926,-10.765544,-0.009278,9.168923,0.021508,-0.003781,-3.080084,-0.108458,3.081993,57|58|59|60|61|62|63|64,0.5601
7060.600368,-0.333359,-10.773406,-0.010621,9.175769,0.021596,-0.004015,-3.082660,-0.116934,3.084877,58|59|60|61|62|63|64,0.5559
7060.617035,-0.341784,-10.777679,-0.010223,9.183033,0.022033,-0.004036,-3.087604,-0.121951,3.090011,59|60|61|62|63|64,0.5637
7060.633702,-0.339110,-10.785276,-0.010904,9.190197,0.022456,-0.004040,-3.090639,-0.120923,3.093004,59|60|61|62|63|64,0.5646
7060.650368,-0.339111,-10.785275,-0.010903,9.190197,0.022456,-0.004040,-3.090639,-0.120923,3.093004,59|60|61|62|63|64,0.5627
7060.667035,-0.332713,-10.799372,-0.010787,9.204047,0.021607,-0.003936,-3.096827,-0.116600,3.099021,59|60|61|62|63|64,0.5620
7060.683702,-0.334216,-10.817954,-0.010361,9.211039,0.021857,-0.004012,-3.093720,-0.117670,3.095957,59|60|61|62|63|64,0.5615
7060.700368,-0.338058,-10.819408,-0.010261,9.211039,0.021857,-0.004012,-3.092930,-0.119758,3.095248,59|60|61|62|63|64,0.5634
7060.717035,-0.334080,-10.827331,-0.010426,9.218474,0.022450,-0.003994,-3.096058,-0.118192,3.098314,59|60|61|62|63|64,0.5652
7060.733702,-0.325587,-10.842308,-0.010054,9.225585,0.022872,-0.003961,-3.095028,-0.114001,3.097127,59|60|61|62|63|64,0.5632
7060.767035,-0.314055,-10.866132,-0.010285,9.239506,0.022776,-0.003898,-3.095999,-0.107642,3.097870,59|60|61|62|63|64,0.5616
7060.783702,-0.319906,-10.870953,-0.009638,9.246464,0.022657,-0.003902,-3.100338,-0.110704,3.102314,59|60|61|62|63|64,0.5618
7060.800368,-0.319905,-10.870952,-0.009637,9.253666,0.022843,-0.003920,-3.107541,-0.110889,3.109519,59|60|61|62|63|64,0.5628
7060.817035,-0.318044,-10.886471,-0.010296,9.261164,0.023158,-0.003901,-3.106604,-0.110196,3.108558,59|60|61|62|63|64,0.5631
7060.833702,-0.318045,-10.886472,-0.010296,9.275330,0.022467,-0.003848,-3.120769,-0.109506,3.122690,59|60|61|62|63|64,0.5620
7060.850368,-0.310353,-10.911544,-0.010463,9.282023,0.021694,-0.003794,-3.113834,-0.104558,3.115589,59|60|61|62|63|64,0.5607
7060.867035,-0.322763,-10.916121,-0.010464,9.282023,0.021694,-0.003794,-3.111350,-0.111303,3.113340,59|60|61|62|63|64,0.5612
7060.883702,-0.322763,-10.916120,-0.010465,9.296082,0.022272,-0.003913,-3.125409,-0.111881,3.127411,59|60|61|62|63|64,0.5629
7060.900368,-0.332750,-10.918276,-0.010660,9.303329,0.022966,-0.003791,-3.131487,-0.118003,3.133709,59|60|61|62|63|64,0.5639
7060.917035,-0.323366,-10.935530,-0.010653,9.303329,0.022966,-0.003791,-3.122107,-0.112907,3.124148,59|60|61|62|63|64,0.5644
7060.933702,-0.313489,-10.949880,-0.010727,9.310452,0.023354,-0.003726,-3.121429,-0.107930,3.123295,59|60|61|62|63|64,0.5633
7060.950368,-0.308055,-10.960008,-0.010826,9.317195,0.022732,-0.003752,-3.122667,-0.104357,3.124410,59|60|61|62|63|64,0.5626
7060.967035,-0.316995,-10.968384,-0.010575,9.331066,0.022425,-0.003818,-3.131988,-0.108910,3.133881,59|60|61|62|63|64,0.5627
7060.983702,-0.322764,-10.973020,-0.010745,9.331066,0.022425,-0.003818,-3.129470,-0.112046,3.131475,59|60|61|62|63|64,0.5634
7061.000368,-0.322764,-10.973020,-0.010747,9.338614,0.022905,-0.003764,-3.137017,-0.112527,3.139035,59|60|61|62|63|64,0.5647
7061.017035,-0.319984,-10.981530,-0.011447,9.353021,0.022995,-0.003654,-3.146799,-0.111108,3.148760,59|60|61|62|63|64,0.5630
7061.033702,-0.307939,-11.005502,-0.011627,9.353021,0.022995,-0.003654,-3.133768,-0.104567,3.135512,59|60|61|62|63|64,0.5622
7061.083702,-0.307937,-11.005502,-0.011626,9.381157,0.022424,-0.003684,-3.161904,-0.103994,3.163614,59|60|61|62|63|64,0.5655
7061.117035,-0.317575,-11.049053,-0.010335,9.388195,0.022501,-0.003691,-3.145275,-0.109318,3.147174,59|60|61|62|63|64|65,0.5560
7061.133702,-0.316122,-11.060457,-0.010247,9.395034,0.022034,-0.003661,-3.145916,-0.108064,3.147771,60|61|62|63|64|65,0.5620
7061.183702,-0.327568,-11.083606,-0.010696,9.424068,0.021752,-0.003674,-3.162371,-0.114007,3.164426,60|61|62|63|64|65,0.5630
7061.200368,-0.327568,-11.083605,-0.010697,9.430867,0.021859,-0.003671,-3.169171,-0.114114,3.171225,60|61|62|63|64|65,0.5621
7061.217035,-0.326517,-11.094231,-0.011230,9.437773,0.021716,-0.003628,-3.170301,-0.113403,3.172329,60|61|62|63|64|65,0.5610
7061.250368,-0.325679,-11.104684,-0.011012,9.451525,0.021413,-0.003491,-3.178373,-0.112646,3.180368,60|61|62|63|64|65,0.5616
7061.267035,-0.328107,-11.127206,-0.010885,9.451525,0.021413,-0.003491,-3.166133,-0.113970,3.168183,60|61|62|63|64|65,0.5630
7061.283702,-0.329663,-11.136511,-0.011111,9.458416,0.021439,-0.003453,-3.167967,-0.114844,3.170048,60|61|62|63|64|65,0.5630
7061.300368,-0.329020,-11.146316,-0.010966,9.472289,0.021512,-0.003408,-3.176511,-0.114569,3.178577,60|61|62|63|64|65,0.5640
7061.317035,-0.329020,-11.146315,-0.010968,9.478968,0.021572,-0.003151,-3.183190,-0.114630,3.185254,60|61|62|63|64|65,0.5629
7061.333702,-0.326885,-11.165065,-0.010662,9.485767,0.021372,-0.003090,-3.179799,-0.113273,3.181816,60|61|62|63|64|65,0.5612
7061.350368,-0.326884,-11.165065,-0.010662,9.492573,0.021244,-0.003057,-3.186605,-0.113145,3.188613,60|61|62|63|64|65,0.5618
7061.367035,-0.326669,-11.170412,-0.010464,9.499627,0.021268,-0.003083,-3.190753,-0.113053,3.192755,60|61|62|63|64|65,0.5637
7061.383702,-0.330612,-11.187819,-0.010758,9.499627,0.021268,-0.003083,-3.181294,-0.115200,3.183379,60|61|62|63|64|65,0.5639
7061.400368,-0.330611,-11.187820,-0.010757,9.506785,0.021258,-0.003107,-3.188451,-0.115188,3.190531,60|61|62|63|64|65,0.5638
7061.417035,-0.330174,-11.206320,-0.010667,9.513495,0.020632,-0.003103,-3.185106,-0.114329,3.187157,60|61|62|63|64|65,0.5623
7061.433702,-0.338700,-11.208446,-0.010464,9.520548,0.020454,-0.003239,-3.191006,-0.118785,3.193216,60|61|62|63|64|65,0.5635
7061.450368,-0.338699,-11.208446,-0.010463,9.534794,0.020495,-0.003098,-3.205252,-0.118826,3.207454,60|61|62|63|64|65,0.5635
7061.483702,-0.339592,-11.242607,-0.010498,9.541778,0.020427,-0.003080,-3.193670,-0.119251,3.195896,60|61|62|63|64|65,0.5631
7061.533702,-0.339591,-11.242607,-0.010500,9.562384,0.020154,-0.003090,-3.214276,-0.118977,3.216478,60|61|62|63|64|65,0.5621
7061.567035,-0.341650,-11.264338,-0.011243,9.583933,0.020595,-0.003292,-3.224016,-0.120541,3.226268,60|61|62|63|64|65,0.5625
7061.583702,-0.337236,-11.294638,-0.011436,9.583933,0.020595,-0.003292,-3.207547,-0.118149,3.209723,60|61|62|63|64|65,0.5615
7061.600368,-0.337404,-11.302624,-0.010918,9.590811,0.020040,-0.003260,-3.210085,-0.117687,3.212242,60|61|62|63|64|65|66|67,0.5518
7061.617035,-0.337414,-11.302646,-0.010902,9.604859,0.020356,-0.003577,-3.224120,-0.118008,3.226279,60|61|62|63|64|65|66|67,0.5623
7061.633702,-0.344866,-11.306971,-0.010874,9.604859,0.020356,-0.003577,-3.221771,-0.122059,3.224083,60|61|62|63|64|65|66|67,0.5593
7061.650368,-0.338382,-11.328532,-0.011046,9.619112,0.020820,-0.003666,-3.224306,-0.119004,3.226501,62|63|64|65|66|67,0.5623
7061.667035,-0.338382,-11.328533,-0.011045,9.619112,0.020820,-0.003666,-3.224305,-0.119004,3.226501,62|63|64|65|66|67,0.5613
7061.683702,-0.334734,-11.339693,-0.010889,9.632541,0.019956,-0.003715,-3.231668,-0.116159,3.233755,62|63|64|65|66|67,0.5602
7061.700368,-0.332603,-11.356103,-0.011145,9.632541,0.019956,-0.003715,-3.222749,-0.115004,3.224800,62|63|64|65|66|67,0.5609
7061.717035,-0.332606,-11.356107,-0.011149,9.646691,0.019987,-0.003803,-3.236896,-0.115037,3.238940,62|63|64|65|66|67,0.5622
7061.733702,-0.344161,-11.365561,-0.011707,9.646691,0.019987,-0.003803,-3.231761,-0.121319,3.234037,62|63|64|65|66|67,0.5641
7061.750368,-0.344161,-11.365559,-0.011704,9.660933,0.020355,-0.003740,-3.246004,-0.121687,3.248284,62|63|64|65|66|67,0.5626
7061.767035,-0.341702,-11.380355,-0.011478,9.667790,0.020554,-0.003630,-3.244819,-0.120553,3.247058,62|63|64|65|66|67,0.5622
7061.783702,-0.338925,-11.388935,-0.011380,9.674821,0.020474,-0.003630,-3.247187,-0.118965,3.249366,62|63|64|65|66|67,0.5614
7061.800368,-0.333099,-11.404080,-0.011198,9.681874,0.020442,-0.003713,-3.246008,-0.115770,3.248072,62|63|64|65|66|67,0.5624
7061.817035,-0.333920,-11.413232,-0.010953,9.689013,0.020563,-0.003710,-3.248173,-0.116339,3.250255,62|63|64|65|66|67,0.5640
7061.850368,-0.331816,-11.434766,-0.010922,9.702834,0.021091,-0.003308,-3.250290,-0.115728,3.252350,62|63|64|65|66|67,0.5633
7061.867035,-0.330754,-11.445959,-0.011061,9.702834,0.021091,-0.003308,-3.244207,-0.115153,3.246250,62|63|64|65|66|67,0.5614
7061.883702,-0.330754,-11.445959,-0.011062,9.716906,0.020987,-0.003080,-3.258279,-0.115049,3.260309,62|63|64|65|66|67,0.5614
7061.900368,-0.322031,-11.449015,-0.010901,9.716906,0.020987,-0.003080,-3.256616,-0.110309,3.258484,62|63|64|65|66|67,0.5616
7061.917035,-0.321918,-11.456277,-0.010742,9.731839,0.020869,-0.003089,-3.267603,-0.110131,3.269459,62|63|64|65|66|67,0.5629
7061.950368,-0.325216,-11.491255,-0.010107,9.739083,0.020855,-0.003141,-3.255837,-0.111917,3.257760,62|63|64|65|66|67,0.5621
7061.967035,-0.324997,-11.501989,-0.010408,9.745354,0.021004,-0.002938,-3.256275,-0.111949,3.258198,62|63|64|65|66|67,0.5598
7061.983702,-0.323372,-11.503206,-0.009824,9.752157,0.020926,-0.002878,-3.262416,-0.110988,3.264304,62|63|64|65|66|67,0.5613
7062.000368,-0.324417,-11.510796,-0.009551,9.758996,0.020812,-0.002807,-3.265130,-0.111443,3.267032,62|63|64|65|66|67,0.5628
7062.017035,-0.326075,-11.518171,-0.009621,9.765907,0.020899,-0.002859,-3.268034,-0.112433,3.269967,62|63|64|65|66|67,0.5635
7062.033702,-0.326075,-11.518172,-0.009623,9.779974,0.021200,-0.002681,-3.282100,-0.112735,3.284035,62|63|64|65|66|67,0.5627
7062.050368,-0.322326,-11.540605,-0.010902,9.786839,0.021225,-0.001926,-3.276772,-0.110726,3.278642,62|63|64|65|66|67,0.5625
7062.067035,-0.322326,-11.540605,-0.010902,9.794028,0.020989,-0.001903,-3.283961,-0.110491,3.285819,62|63|64|65|66|67,0.5620
7062.083702,-0.319101,-11.550461,-0.010697,9.794028,0.020989,-0.001903,-3.278603,-0.108740,3.280406,62|63|64|65|66|67,0.5637
7062.100368,-0.323989,-11.563554,-0.008902,9.801439,0.021028,-0.001907,-3.278901,-0.111438,3.280794,62|63|64|65|66|67,0.5642
7062.117035,-0.323990,-11.563554,-0.008902,9.816120,0.021144,-0.001799,-3.293581,-0.111554,3.295470,62|63|64|65|66|67,0.5648
7062.133702,-0.322772,-11.586255,-0.009752,9.816120,0.021144,-0.001799,-3.281244,-0.110897,3.283118,62|63|64|65|66|67|68,0.5641
7062.150368,-0.320965,-11.595398,-0.009642,9.830082,0.021383,-0.001396,-3.290236,-0.110156,3.292080,62|63|64|65|66|67|68,0.5573
7062.167035,-0.313904,-11.599924,-0.009797,9.830082,0.021383,-0.001396,-3.287775,-0.106319,3.289494,63|64|65|66|67|68,0.5622
7062.200368,-0.313903,-11.599922,-0.009800,9.851286,0.020532,-0.001398,-3.308980,-0.105468,3.310661,63|64|65|66|67|68,0.5645
7062.217035,-0.326885,-11.630423,-0.009066,9.851286,0.020532,-0.001398,-3.292406,-0.112529,3.294329,63|64|65|66|67|68,0.5641
7062.233702,-0.330613,-11.640995,-0.008560,9.865027,0.020665,-0.000615,-3.300402,-0.114691,3.302394,63|64|65|66|67|68,0.5624
7062.250368,-0.330613,-11.640995,-0.008560,9.872365,0.020411,-0.000607,-3.307740,-0.114437,3.309719,63|64|65|66|67|68,0.5617
7062.267035,-0.327407,-11.652820,-0.007982,9.879673,0.020228,-0.000617,-3.308621,-0.112513,3.310534,63|64|65|66|67|68,0.5623
7062.283702,-0.331090,-11.663766,-0.007916,9.886884,0.020023,-0.000668,-3.309884,-0.114313,3.311857,63|64|65|66|67|68,0.5619
7062.300368,-0.333535,-11.673913,-0.008083,9.886884,0.020023,-0.000668,-3.304369,-0.115644,3.306392,63|64|65|66|67|68,0.5630
7062.317035,-0.333533,-11.673913,-0.008082,9.900278,0.020687,-0.000557,-3.317764,-0.116306,3.319802,63|64|65|66|67|68,0.5626
7062.333702,-0.331382,-11.685587,-0.008295,9.907410,0.020512,-0.000651,-3.318550,-0.114965,3.320541,63|64|65|66|67|68,0.5622
7062.367035,-0.331383,-11.685589,-0.008296,9.914626,0.020296,-0.000645,-3.325766,-0.114750,3.327745,63|64|65|66|67|68,0.5634
7062.383702,-0.329684,-11.703909,-0.008217,9.921777,0.020016,-0.000590,-3.322960,-0.113550,3.324899,63|64|65|66|67|68,0.5638
7062.400368,-0.332718,-11.716591,-0.008286,9.935874,0.019762,-0.000510,-3.330165,-0.114948,3.332148,63|64|65|66|67|68,0.5626
7062.417035,-0.340518,-11.738315,-0.008154,9.935874,0.019762,-0.000510,-3.318360,-0.119191,3.320500,63|64|65|66|67|68,0.5616
7062.450368,-0.340519,-11.738317,-0.008156,9.948969,0.020449,-0.000178,-3.331454,-0.119878,3.333610,63|64|65|66|67|68,0.5625
7062.467035,-0.330530,-11.755878,-0.008090,9.956087,0.020242,-0.000196,-3.329026,-0.114247,3.330986,63|64|65|66|67|68,0.5630
7062.500368,-0.337596,-11.779026,-0.007753,9.970209,0.019925,0.000048,-3.330569,-0.117775,3.332651,63|64|65|66|67|68,0.5614
7062.533702,-0.334444,-11.788081,-0.007839,9.984133,0.019855,-0.000076,-3.339571,-0.115994,3.341585,63|64|65|66|67|68,0.5604
7062.567035,-0.342722,-11.812870,-0.008392,9.998627,0.019298,-0.000102,-3.340594,-0.119941,3.342747,63|64|65|66|67|68,0.5626
7062.583702,-0.342721,-11.812869,-0.008392,10.012139,0.019235,0.000422,-3.354107,-0.119877,3.356248,63|64|65|66|67|68,0.5628
7062.600368,-0.352939,-11.836221,-0.007835,10.018593,0.019468,0.000537,-3.347872,-0.125669,3.350230,63|64|65|66|67|68,0.5628
7062.617035,-0.352941,-11.836223,-0.007834,10.018593,0.019468,0.000537,-3.347871,-0.125670,3.350228,63|64|65|66|67|68,0.5617
7062.633702,-0.347396,-11.837257,-0.007692,10.033131,0.019436,0.000652,-3.361845,-0.122623,3.364081,63|64|65|66|67|68,0.5621
7062.650368,-0.345886,-11.852535,-0.006876,10.033131,0.019436,0.000652,-3.353542,-0.121806,3.355753,63|64|65|66|67|68|69|70,0.5536
7062.667035,-0.345901,-11.852658,-0.006868,10.040403,0.019364,0.000650,-3.360747,-0.121742,3.362951,63|64|65|66|67|68|69|70,0.5647
7062.683702,-0.346935,-11.876110,-0.007244,10.047672,0.019324,0.000654,-3.355271,-0.122269,3.357498,63|64|65|66|67|68|69|70,0.5534
7062.700368,-0.347258,-11.888044,-0.007443,10.061436,0.019552,0.000728,-3.362549,-0.122676,3.364786,65|66|67|68|69|70,0.5632
7062.717035,-0.347257,-11.888045,-0.007443,10.068486,0.019504,0.000731,-3.369599,-0.122627,3.371830,65|66|67|68|69|70,0.5633
7062.733702,-0.344708,-11.900455,-0.007118,10.068486,0.019504,0.000731,-3.362854,-0.121244,3.365039,65|66|67|68|69|70,0.5646
7062.750368,-0.344708,-11.900450,-0.007119,10.082682,0.019518,0.000738,-3.377052,-0.121258,3.379228,65|66|67|68|69|70,0.5631
7062.767035,-0.345470,-11.921727,-0.007222,10.082682,0.019518,0.000738,-3.365488,-0.121676,3.367687,65|66|67|68|69|70,0.5624
7062.783702,-0.345455,-11.932960,-0.007147,10.096148,0.020260,0.001000,-3.372850,-0.122413,3.375070,65|66|67|68|69|70,0.5606
7062.800368,-0.345455,-11.932961,-0.007146,10.103161,0.019875,0.000986,-3.379862,-0.122028,3.382064,65|66|67|68|69|70,0.5595
7062.817035,-0.334856,-11.942925,-0.006625,10.103161,0.019875,0.000986,-3.374445,-0.116270,3.376447,65|66|67|68|69|70,0.5609
7062.850368,-0.334856,-11.942923,-0.006627,10.117323,0.019456,0.000993,-3.388608,-0.115851,3.390587,65|66|67|68|69|70,0.5615
7062.867035,-0.344821,-11.961960,-0.006666,10.130956,0.019960,0.001035,-3.391896,-0.121774,3.394082,65|66|67|68|69|70,0.5618
7062.883702,-0.347061,-11.971915,-0.006702,10.138111,0.020345,0.001160,-3.393642,-0.123379,3.395884,65|66|67|68|69|70,0.5624
7062.917035,-0.334975,-11.991123,-0.005601,10.145533,0.020334,0.001175,-3.390622,-0.116804,3.392633,65|66|67|68|69|70,0.5649
7062.933702,-0.334974,-11.991123,-0.005598,10.160319,0.020035,0.001164,-3.405408,-0.116503,3.407400,65|66|67|68|69|70,0.5635
7062.950368,-0.335398,-12.005593,-0.005854,10.160319,0.020035,0.001164,-3.397543,-0.116737,3.399548,65|66|67|68|69|70,0.5639
7062.983702,-0.334919,-12.032415,-0.006030,10.173857,0.020907,0.001463,-3.396505,-0.117354,3.398532,65|66|67|68|69|70,0.5623
7063.000368,-0.334919,-12.032415,-0.006030,10.188525,0.020939,0.001468,-3.411173,-0.117387,3.413192,65|66|67|68|69|70,0.5630
7063.017035,-0.323910,-12.050402,-0.005923,10.188525,0.020939,0.001468,-3.401395,-0.111407,3.403219,65|66|67|68|69|70,0.5622
7063.033702,-0.323910,-12.050402,-0.005923,10.195831,0.020629,0.001457,-3.408701,-0.111097,3.410511,65|66|67|68|69|70,0.5633
7063.050368,-0.328145,-12.061962,-0.005432,10.209248,0.021173,0.001428,-3.415836,-0.113945,3.417736,65|66|67|68|69|70,0.5638
7063.067035,-0.333856,-12.082517,-0.005666,10.209248,0.021173,0.001428,-3.404666,-0.117053,3.406678,65|66|67|68|69|70,0.5628
7063.083702,-0.333855,-12.082519,-0.005666,10.223141,0.021070,0.001732,-3.418558,-0.116950,3.420558,65|66|67|68|69|70,0.5630
7063.100368,-0.327373,-12.085723,-0.005620,10.230465,0.021116,0.001789,-3.424140,-0.113474,3.426020,65|66|67|68|69|70,0.5639
7063.117035,-0.327520,-12.098529,-0.005106,10.237763,0.021063,0.001812,-3.424477,-0.113503,3.426358,65|66|67|68|69|70,0.5644
7063.133702,-0.327279,-12.112806,-0.005480,10.237763,0.021063,0.001812,-3.416718,-0.113375,3.418599,65|66|67|68|69|70,0.5638
7063.150368,-0.327279,-12.112804,-0.005483,10.251599,0.021535,0.002415,-3.430555,-0.113847,3.432444,65|66|67|68|69|70,0.5645
7063.167035,-0.328385,-12.124460,-0.005793,10.258647,0.021469,0.002828,-3.431269,-0.114384,3.433175,65|66|67|68|69|70|71,0.5642
7063.200368,-0.323761,-12.145428,-0.005331,10.266024,0.021328,0.002935,-3.427250,-0.111734,3.429070,65|66|67|68|69|70|71,0.5590
7063.217035,-0.323712,-12.146421,-0.005229,10.273363,0.021162,0.002958,-3.434049,-0.111542,3.435860,66|67|68|69|70|71,0.5670
7063.233702,-0.326340,-12.157914,-0.005210,10.280647,0.021102,0.003132,-3.435088,-0.112913,3.436943,66|67|68|69|70|71,0.5650
7063.250368,-0.329295,-12.176871,-0.004614,10.287451,0.021551,0.003264,-3.431589,-0.114972,3.433515,66|67|68|69|70|71,0.5644
7063.283702,-0.316314,-12.190504,-0.004741,10.301839,0.021761,0.003414,-3.438565,-0.108129,3.440265,66|67|68|69|70|71,0.5628
7063.300368,-0.316313,-12.190504,-0.004738,10.309102,0.021354,0.003403,-3.445828,-0.107722,3.447512,66|67|68|69|70|71,0.5649
7063.317035,-0.328466,-12.212050,-0.004167,10.316189,0.020904,0.003282,-3.441208,-0.113882,3.443092,66|67|68|69|70|71,0.5640
7063.350368,-0.337410,-12.228550,-0.003721,10.330006,0.021030,0.003755,-3.446059,-0.118873,3.448109,66|67|68|69|70|71,0.5624
7063.367035,-0.333061,-12.234640,-0.003604,10.337293,0.021300,0.003820,-3.450036,-0.116780,3.452011,66|67|68|69|70|71,0.5625
7063.383702,-0.329869,-12.245827,-0.003357,10.344524,0.020957,0.003824,-3.451186,-0.114705,3.453091,66|67|68|69|70|71,0.5615
7063.400368,-0.329869,-12.245826,-0.003358,10.358505,0.020672,0.003812,-3.465168,-0.114419,3.467056,66|67|68|69|70|71,0.5616
7063.417035,-0.340668,-12.264783,-0.003823,10.358505,0.020672,0.003812,-3.454868,-0.120292,3.456961,66|67|68|69|70|71,0.5615
7063.433702,-0.340668,-12.264784,-0.003820,10.372256,0.021769,0.003203,-3.468617,-0.121389,3.470741,66|67|68|69|70|71,0.5625
7063.450368,-0.332270,-12.272835,-0.005431,10.372256,0.021769,0.003203,-3.464240,-0.116826,3.466209,66|67|68|69|70|71,0.5626
7063.467035,-0.332270,-12.272834,-0.005431,10.386620,0.020809,0.003225,-3.478604,-0.115866,3.480534,66|67|68|69|70|71,0.5628
7063.483702,-0.332001,-12.299165,-0.005207,10.386620,0.020809,0.003225,-3.464294,-0.115726,3.466227,66|67|68|69|70|71,0.5636
7063.500368,-0.332002,-12.299164,-0.005209,10.400747,0.020238,0.003337,-3.478422,-0.115155,3.480328,66|67|68|69|70|71,0.5644
7063.517035,-0.338374,-12.309569,-0.004921,10.407034,0.020557,0.003263,-3.479056,-0.118939,3.481088,66|67|68|69|70|71,0.5638
7063.533702,-0.346525,-12.326263,-0.005420,10.413819,0.021438,0.003176,-3.476769,-0.124254,3.478989,66|67|68|69|70|71,0.5621
7063.567035,-0.346527,-12.326265,-0.005427,10.427828,0.021025,0.003143,-3.490777,-0.123842,3.492973,66|67|68|69|70|71,0.5614
7063.583702,-0.330125,-12.338238,-0.005529,10.434878,0.020705,0.003209,-3.491316,-0.114611,3.493197,66|67|68|69|70|71,0.5622
7063.617035,-0.332276,-12.350416,-0.005194,10.448761,0.021269,0.002978,-3.498582,-0.116346,3.500516,66|67|68|69|70|71,0.5630
7063.633702,-0.342221,-12.369649,-0.005016,10.448761,0.021269,0.002978,-3.488131,-0.121755,3.490255,66|67|68|69|70|71,0.5627
7063.650368,-0.334731,-12.381623,-0.005345,10.463598,0.020183,0.002793,-3.496459,-0.116601,3.498403,66|67|68|69|70|71,0.5634
7063.667035,-0.342491,-12.396346,-0.005859,10.463598,0.020183,0.002793,-3.488459,-0.120821,3.490551,66|67|68|69|70|71,0.5640
7063.683702,-0.342490,-12.396347,-0.005857,10.477308,0.019905,0.003083,-3.502169,-0.120543,3.504243,66|67|68|69|70|71,0.5630
7063.700368,-0.360396,-12.422097,-0.005652,10.483668,0.020243,0.003110,-3.494537,-0.130617,3.496977,66|67|68|69|70|71|72|73,0.5517
7063.717035,-0.355189,-12.421149,-0.005497,10.483668,0.020243,0.003110,-3.495051,-0.127787,3.497386,66|67|68|69|70|71|72|73,0.5519
7063.733702,-0.350749,-12.420465,-0.004974,10.490906,0.020808,0.003295,-3.502661,-0.125939,3.504924,66|67|68|69|70|71|72|73,0.5542
7063.783702,-0.350602,-12.460116,-0.003890,10.512915,0.020186,0.003257,-3.503120,-0.125245,3.505358,68|69|70|71|72|73,0.5618
7063.800368,-0.352691,-12.469600,-0.003881,10.526678,0.020700,0.003182,-3.511729,-0.126897,3.514021,68|69|70|71|72|73,0.5610
7063.817035,-0.352692,-12.469601,-0.003882,10.534107,0.020611,0.003174,-3.519158,-0.126808,3.521442,68|69|70|71|72|73,0.5622
7063.833702,-0.346145,-12.480574,-0.004119,10.541294,0.020399,0.003121,-3.520380,-0.123041,3.522529,68|69|70|71|72|73,0.5628
7063.850368,-0.347789,-12.493865,-0.004133,10.541294,0.020399,0.003121,-3.513157,-0.123937,3.515342,68|69|70|71|72|73,0.5620
7063.867035,-0.351219,-12.505989,-0.004397,10.548470,0.020189,0.003160,-3.513744,-0.125593,3.515988,68|69|70|71|72|73,0.5615
7063.900368,-0.349958,-12.523561,-0.003437,10.561682,0.021219,0.003385,-3.517406,-0.125942,3.519660,68|69|70|71|72|73,0.5598
7063.917035,-0.349959,-12.523563,-0.003435,10.568739,0.021234,0.003354,-3.524462,-0.125958,3.526712,68|69|70|71|72|73,0.5607
7063.933702,-0.340023,-12.534837,-0.003297,10.575962,0.020820,0.003357,-3.525556,-0.120146,3.527602,68|69|70|71|72|73,0.5610
7063.950368,-0.346160,-12.546088,-0.003482,10.583208,0.020520,0.003367,-3.526688,-0.123184,3.528839,68|69|70|71|72|73,0.5613
7063.967035,-0.346160,-12.546088,-0.003482,10.596722,0.020880,0.003386,-3.540202,-0.123544,3.542357,68|69|70|71|72|73,0.5613
7063.983702,-0.350158,-12.562678,-0.004467,10.603836,0.021755,0.003191,-3.538301,-0.126595,3.540565,68|69|70|71|72|73,0.5606
7064.000368,-0.350160,-12.562678,-0.004464,10.611437,0.021606,0.003184,-3.545902,-0.126446,3.548155,68|69|70|71|72|73,0.5613
7064.017035,-0.333983,-12.574388,-0.004060,10.611437,0.021606,0.003184,-3.539534,-0.117657,3.541489,68|69|70|71|72|73,0.5616
7064.033702,-0.333983,-12.574387,-0.004058,10.625752,0.020954,0.003063,-3.553849,-0.117005,3.555775,68|69|70|71|72|73,0.5626
7064.050368,-0.336502,-12.590458,-0.003705,10.632426,0.021360,0.003079,-3.551789,-0.118784,3.553775,68|69|70|71|72|73,0.5630
7064.067035,-0.346548,-12.614706,-0.003413,10.632426,0.021360,0.003079,-3.538613,-0.124248,3.540794,68|69|70|71|72|73,0.5628
7064.083702,-0.341050,-12.615355,-0.003767,10.646498,0.022624,0.002946,-3.552332,-0.122525,3.554444,68|69|70|71|72|73,0.5623
7064.100368,-0.341048,-12.615354,-0.003767,10.646498,0.022624,0.002946,-3.552332,-0.122524,3.554445,68|69|70|71|72|73,0.5625
7064.117035,-0.323785,-12.633703,-0.003980,10.653855,0.022296,0.002955,-3.549713,-0.112817,3.551506,68|69|70|71|72|73,0.5617
7064.133702,-0.323784,-12.633703,-0.003978,10.668396,0.021738,0.002876,-3.564255,-0.112259,3.566022,68|69|70|71|72|73,0.5624
7064.167035,-0.328726,-12.644824,-0.003633,10.681288,0.022433,0.002973,-3.571103,-0.115642,3.572975,68|69|70|71|72|73,0.5622
7064.200368,-0.328460,-12.667081,-0.004631,10.688669,0.022468,0.003095,-3.566389,-0.115537,3.568260,68|69|70|71|72|73,0.5626
7064.217035,-0.328459,-12.667077,-0.004626,10.703448,0.022336,0.003161,-3.581169,-0.115404,3.583028,68|69|70|71|72|73,0.5627
7064.233702,-0.329801,-12.695632,-0.003765,10.703448,0.022336,0.003161,-3.565651,-0.116140,3.567541,68|69|70|71|72|73|74,0.5586
7064.250368,-0.329797,-12.696631,-0.003649,10.717371,0.022741,0.003724,-3.579031,-0.116543,3.580928,69|70|71|72|73|74,0.5632
7064.267035,-0.331646,-12.707856,-0.003015,10.717371,0.022741,0.003724,-3.572931,-0.117550,3.574864,69|70|71|72|73|74,0.5622
7064.283702,-0.331697,-12.716739,-0.002983,10.731798,0.022700,0.004280,-3.582530,-0.117539,3.584458,69|70|71|72|73|74,0.5625
7064.300368,-0.325607,-12.720557,-0.003002,10.739140,0.022493,0.004323,-3.587796,-0.114022,3.589607,69|70|71|72|73|74,0.5626
7064.350368,-0.325546,-12.729693,-0.002997,10.760267,0.023591,0.004480,-3.603958,-0.115089,3.605795,69|70|71|72|73|74,0.5647
7064.367035,-0.333251,-12.761063,-0.002008,10.767641,0.023186,0.004593,-3.594284,-0.118878,3.596250,69|70|71|72|73|74,0.5639
7064.383702,-0.328148,-12.763295,-0.002253,10.774935,0.022792,0.004619,-3.600364,-0.115711,3.602223,69|70|71|72|73|74,0.5636
7064.400368,-0.317512,-12.773590,-0.002299,10.774935,0.022792,0.004619,-3.594767,-0.109933,3.596447,69|70|71|72|73|74,0.5650
7064.417035,-0.329557,-12.795639,-0.002132,10.782000,0.022351,0.004486,-3.589851,-0.116043,3.591726,69|70|71|72|73|74,0.5654
7064.433702,-0.336147,-12.805677,-0.003658,10.795899,0.022247,0.004871,-3.598296,-0.119522,3.600280,69|70|71|72|73|74,0.5639
7064.450368,-0.340426,-12.813091,-0.003072,10.803150,0.022764,0.004963,-3.601519,-0.122366,3.603597,69|70|71|72|73|74,0.5622
7064.467035,-0.337534,-12.818223,-0.002355,10.803150,0.022764,0.004963,-3.598729,-0.120796,3.600756,69|70|71|72|73|74,0.5621
7064.483702,-0.331110,-12.829278,-0.002115,10.810374,0.022411,0.004985,-3.599943,-0.116953,3.601842,69|70|71|72|73|74,0.5614
7064.500368,-0.337128,-12.839039,-0.003034,10.817562,0.022038,0.004952,-3.601828,-0.119854,3.603822,69|70|71|72|73|74,0.5612
7064.517035,-0.337128,-12.839040,-0.003030,10.831093,0.022348,0.004678,-3.615358,-0.120163,3.617355,69|70|71|72|73|74,0.5605
7064.533702,-0.342603,-12.852563,-0.002754,10.838024,0.023236,0.004377,-3.614941,-0.124030,3.617068,69|70|71|72|73|74,0.5605
7064.550368,-0.337547,-12.856410,-0.002377,10.844992,0.022805,0.003989,-3.619817,-0.120852,3.621834,69|70|71|72|73|74,0.5617
7064.617035,-0.347290,-12.904274,-0.003912,10.866009,0.021652,0.004247,-3.614823,-0.125003,3.616984,69|70|71|72|73|74,0.5615
7064.667035,-0.347293,-12.904279,-0.003915,10.893053,0.022614,0.004248,-3.641864,-0.125967,3.644042,69|70|71|72|73|74,0.5606
7064.683702,-0.335563,-12.921283,-0.002672,10.893053,0.022614,0.004248,-3.632621,-0.119596,3.634589,69|70|71|72|73|74,0.5603
7064.700368,-0.338418,-12.942452,-0.002228,10.906750,0.022221,0.004359,-3.634813,-0.120759,3.636819,69|70|71|72|73|74,0.5613
7064.717035,-0.338417,-12.942451,-0.002227,10.913897,0.022752,0.004053,-3.641960,-0.121289,3.643980,69|70|71|72|73|74,0.5602
7064.750368,-0.336423,-12.964339,-0.003595,10.921335,0.022559,0.004022,-3.637503,-0.120017,3.639482,69|70|71|72|73|74|75|76,0.5629
7064.783702,-0.346732,-12.987811,-0.003716,10.942299,0.021387,0.004291,-3.645712,-0.124453,3.647836,71|72|73|74|75|76,0.5640
7064.800368,-0.346731,-12.987812,-0.003715,10.942299,0.021387,0.004291,-3.645712,-0.124452,3.647835,71|72|73|74|75|76,0.5638
7064.817035,-0.357509,-13.004166,-0.002917,10.948912,0.021498,0.004299,-3.643439,-0.130425,3.645773,71|72|73|74|75|76,0.5641
7064.850368,-0.357510,-13.004165,-0.002917,10.970682,0.021925,0.004148,-3.665210,-0.130852,3.667545,71|72|73|74|75|76,0.5640
7064.867035,-0.347386,-13.031723,-0.003989,10.977877,0.021660,0.004126,-3.657425,-0.125090,3.659564,71|72|73|74|75|76,0.5634
7064.883702,-0.351796,-13.042289,-0.003763,10.984684,0.022107,0.004165,-3.658491,-0.127936,3.660727,71|72|73|74|75|76,0.5648
7064.900368,-0.351795,-13.042289,-0.003763,10.991514,0.022425,0.004189,-3.665321,-0.128254,3.667564,71|72|73|74|75|76,0.5649
7064.917035,-0.356188,-13.052904,-0.003684,10.991514,0.022425,0.004189,-3.659553,-0.130643,3.661885,71|72|73|74|75|76,0.5643
7064.950368,-0.349978,-13.056920,-0.003663,11.013092,0.021752,0.004239,-3.678947,-0.126597,3.681125,71|72|73|74|75|76,0.5647
7064.967035,-0.349028,-13.076795,-0.003773,11.020020,0.021810,0.004472,-3.675073,-0.126142,3.677237,71|72|73|74|75|76,0.5643
7064.983702,-0.357265,-13.099651,-0.004068,11.026423,0.022404,0.004516,-3.669056,-0.131218,3.671401,71|72|73|74|75|76,0.5624
7065.000368,-0.355724,-13.105935,-0.003181,11.033209,0.023065,0.004540,-3.672426,-0.131042,3.674764,71|72|73|74|75|76,0.5616
7065.017035,-0.355724,-13.105937,-0.003182,11.040404,0.022699,0.004547,-3.679620,-0.130677,3.681940,71|72|73|74|75|76,0.5618
7065.033702,-0.338521,-13.116032,-0.003086,11.047449,0.022356,0.004546,-3.681176,-0.120986,3.683164,71|72|73|74|75|76,0.5620
7065.083702,-0.352881,-13.144055,-0.002938,11.068182,0.023071,0.004464,-3.686681,-0.129512,3.688956,71|72|73|74|75|76,0.5631
7065.100368,-0.351551,-13.145657,-0.003001,11.075764,0.023606,0.004524,-3.693392,-0.129323,3.695656,71|72|73|74|75|76,0.5638
7065.117035,-0.340935,-13.155035,-0.003127,11.075764,0.023606,0.004524,-3.688293,-0.123556,3.690362,71|72|73|74|75|76,0.5635
7065.150368,-0.339557,-13.181812,-0.003543,11.090197,0.022918,0.004536,-3.688173,-0.122125,3.690195,71|72|73|74|75|76,0.5644
7065.167035,-0.344637,-13.191917,-0.003150,11.103935,0.023047,0.004635,-3.696421,-0.125017,3.698535,71|72|73|74|75|76,0.5641
7065.183702,-0.345863,-13.197695,-0.002841,11.111277,0.024119,0.004547,-3.700622,-0.126756,3.702793,71|72|73|74|75|76,0.5637
7065.200368,-0.343497,-13.201005,-0.002891,11.111277,0.024119,0.004547,-3.698823,-0.125471,3.700951,71|72|73|74|75|76,0.5649
7065.217035,-0.328660,-13.216055,-0.003825,11.118286,0.024306,0.004584,-3.697650,-0.117598,3.699520,71|72|73|74|75|76,0.5626
7065.233702,-0.326829,-13.225270,-0.004391,11.125422,0.023909,0.004572,-3.699777,-0.116208,3.701602,71|72|73|74|75|76,0.5621
7065.267035,-0.339165,-13.244776,-0.003637,11.139281,0.023683,0.004559,-3.703037,-0.122690,3.705069,71|72|73|74|75|76|77,0.5629
7065.283702,-0.336899,-13.244977,-0.003872,11.146027,0.024197,0.004367,-3.709674,-0.121972,3.711679,71|72|73|74|75|76|77,0.5641
7065.317035,-0.320679,-13.268809,-0.004157,11.161005,0.024561,0.004121,-3.711697,-0.113526,3.713432,72|73|74|75|76|77,0.5636
7065.333702,-0.328142,-13.279659,-0.004506,11.168341,0.024189,0.004071,-3.713138,-0.117212,3.714987,72|73|74|75|76|77,0.5636
7065.350368,-0.328143,-13.279659,-0.004506,11.175644,0.024005,0.004216,-3.720441,-0.117028,3.722281,72|73|74|75|76|77,0.5648
7065.367035,-0.335642,-13.298748,-0.004145,11.182293,0.024298,0.004570,-3.716717,-0.121402,3.718699,72|73|74|75|76|77,0.5637
7065.383702,-0.335642,-13.298748,-0.004143,11.196636,0.024942,0.005066,-3.731060,-0.122046,3.733055,72|73|74|75|76|77,0.5650
7065.400368,-0.332937,-13.302662,-0.003341,11.196636,0.024942,0.005066,-3.728932,-0.120576,3.730881,72|73|74|75|76|77,0.5650
7065.417035,-0.326163,-13.323174,-0.002272,11.203854,0.024617,0.005142,-3.725001,-0.116574,3.726824,72|73|74|75|76|77,0.5652
7065.433702,-0.331374,-13.332671,-0.002145,11.211071,0.024274,0.005176,-3.727058,-0.119065,3.728959,72|73|74|75|76|77,0.5662
7065.467035,-0.331375,-13.332671,-0.002147,11.232435,0.025630,0.005097,-3.748422,-0.120422,3.750356,72|73|74|75|76|77,0.5650
7065.483702,-0.326247,-13.356737,-0.002753,11.232435,0.025630,0.005097,-3.735342,-0.117640,3.737194,72|73|74|75|76|77,0.5637
7065.500368,-0.318121,-13.367166,-0.002359,11.246535,0.024453,0.004919,-3.743771,-0.112049,3.745447,72|73|74|75|76|77,0.5629
7065.533702,-0.318121,-13.367165,-0.002359,11.253702,0.023873,0.005008,-3.750939,-0.111468,3.752595,72|73|74|75|76|77,0.5619
7065.550368,-0.344005,-13.395000,-0.003339,11.260735,0.023832,0.004675,-3.742849,-0.125501,3.744953,72|73|74|75|76|77,0.5614
7065.583702,-0.344005,-13.395001,-0.003340,11.275189,0.024435,0.004854,-3.757303,-0.126103,3.759418,72|73|74|75|76|77,0.5603
7065.600368,-0.336413,-13.415874,-0.003708,11.288904,0.023804,0.004804,-3.759673,-0.121350,3.761631,72|73|74|75|76|77,0.5610
7065.617035,-0.343237,-13.430506,-0.003159,11.288904,0.023804,0.004804,-3.751722,-0.125062,3.753806,72|73|74|75|76|77,0.5606
7065.650369,-0.343238,-13.430507,-0.003159,11.302326,0.024647,0.004161,-3.765143,-0.125905,3.767248,72|73|74|75|76|77,0.5630
7065.667035,-0.332252,-13.452355,-0.003141,11.309315,0.025111,0.004014,-3.760256,-0.120404,3.762183,72|73|74|75|76|77,0.5629
7065.683702,-0.327474,-13.462926,-0.003951,11.323260,0.023997,0.003898,-3.768454,-0.116695,3.770261,72|73|74|75|76|77,0.5626
7065.717035,-0.344548,-13.481469,-0.003496,11.336991,0.023482,0.004064,-3.772111,-0.125464,3.774197,72|73|74|75|76|77,0.5633
7065.733702,-0.344548,-13.481468,-0.003494,11.343769,0.023891,0.003733,-3.778890,-0.125872,3.780986,72|73|74|75|76|77,0.5628
7065.750369,-0.351728,-13.494737,-0.003319,11.343769,0.023891,0.003733,-3.771680,-0.129777,3.773912,72|73|74|75|76|77,0.5622
7065.767035,-0.351730,-13.494738,-0.003322,11.357867,0.024546,0.003828,-3.785777,-0.130434,3.788024,72|73|74|75|76|77,0.5608
7065.783702,-0.332696,-13.519946,-0.002793,11.364886,0.024021,0.003849,-3.779092,-0.119569,3.780983,72|73|74|75|76|77|78|79,0.5593
7065.800369,-0.337507,-13.524648,-0.003551,11.371580,0.023948,0.003888,-3.783233,-0.122111,3.785203,72|73|74|75|76|77|78|79,0.5508
7065.817035,-0.337362,-13.525578,-0.002997,11.378487,0.024135,0.003613,-3.789633,-0.122221,3.791604,74|75|76|77|78|79,0.5622
7065.833702,-0.345300,-13.534841,-0.003148,11.385987,0.024663,0.003487,-3.792101,-0.127065,3.794229,74|75|76|77|78|79,0.5629
7065.850369,-0.346823,-13.538398,-0.002841,11.393135,0.024127,0.003285,-3.797317,-0.127357,3.799452,74|75|76|77|78|79,0.5633
7065.867035,-0.343712,-13.547067,-0.003498,11.400315,0.023589,0.003287,-3.799784,-0.125130,3.801844,74|75|76|77|78|79,0.5634
7065.883702,-0.344946,-13.569950,-0.004608,11.407368,0.023092,0.003288,-3.794401,-0.125308,3.796470,74|75|76|77|78|79,0.5652
7065.900369,-0.344946,-13.569948,-0.004608,11.407368,0.023092,0.003288,-3.794402,-0.125308,3.796470,74|75|76|77|78|79,0.5651
7065.917035,-0.353097,-13.579232,-0.004634,11.421131,0.023735,0.002779,-3.803122,-0.130383,3.805356,74|75|76|77|78|79,0.5639
7065.933702,-0.360875,-13.588258,-0.004731,11.428776,0.024131,0.002664,-3.805863,-0.135008,3.808256,74|75|76|77|78|79,0.5651
7065.950369,-0.351050,-13.597366,-0.005000,11.436178,0.023828,0.002702,-3.808313,-0.129367,3.810510,74|75|76|77|78|79,0.5647
7065.967035,-0.346457,-13.613862,-0.005476,11.436178,0.023828,0.002702,-3.799347,-0.126874,3.801465,74|75|76|77|78|79,0.5638
7065.983702,-0.351237,-13.623903,-0.005346,11.450354,0.023499,0.002683,-3.808066,-0.129146,3.810255,74|75|76|77|78|79,0.5638
7066.000369,-0.356175,-13.633703,-0.005355,11.450354,0.023499,0.002683,-3.802741,-0.131832,3.805026,74|75|76|77|78|79,0.5641
7066.017035,-0.356460,-13.639312,-0.005065,11.457131,0.023694,0.002374,-3.806470,-0.132182,3.808764,74|75|76|77|78|79,0.5636
7066.033702,-0.356460,-13.639312,-0.005064,11.464566,0.023979,0.002181,-3.813904,-0.132467,3.816204,74|75|76|77|78|79,0.5632
7066.050369,-0.349767,-13.659078,-0.005130,11.478634,0.023615,0.002050,-3.817229,-0.128470,3.819390,74|75|76|77|78|79,0.5625
7066.083702,-0.355589,-13.677877,-0.005153,11.485680,0.023443,0.002087,-3.814059,-0.131467,3.816325,74|75|76|77|78|79,0.5631
7066.117035,-0.355589,-13.677877,-0.005153,11.506716,0.024326,0.001980,-3.835095,-0.132349,3.837378,74|75|76|77|78|79,0.5625
7066.183702,-0.356129,-13.730290,-0.005427,11.534403,0.024065,0.002004,-3.834297,-0.132392,3.836582,74|75|76|77|78|79,0.5611
7066.200369,-0.356128,-13.730291,-0.005423,11.542044,0.025112,0.002023,-3.841937,-0.133438,3.844254,74|75|76|77|78|79,0.5633
7066.217035,-0.355414,-13.731891,-0.005523,11.549444,0.024731,0.001763,-3.848468,-0.132670,3.850754,74|75|76|77|78|79,0.5631
7066.233702,-0.349597,-13.737644,-0.005831,11.556864,0.024341,0.001698,-3.852760,-0.129120,3.854923,74|75|76|77|78|79,0.5617
7066.250369,-0.341585,-13.766553,-0.006109,11.556864,0.024341,0.001698,-3.837047,-0.124771,3.839075,74|75|76|77|78|79,0.5627
7066.267035,-0.347572,-13.777394,-0.005957,11.564112,0.024172,0.001661,-3.838404,-0.127859,3.840533,74|75|76|77|78|79,0.5631
7066.283702,-0.349608,-13.785256,-0.006693,11.570832,0.024316,0.001599,-3.840852,-0.129110,3.843021,74|75|76|77|78|79|80,0.5577
7066.300369,-0.349598,-13.785289,-0.006713,11.585308,0.025748,0.001667,-3.855310,-0.130537,3.857519,74|75|76|77|78|79|80,0.5629
7066.317035,-0.348237,-13.787560,-0.006976,11.592493,0.025341,0.001658,-3.861261,-0.129392,3.863428,74|75|76|77|78|79|80,0.5624
7066.333702,-0.328738,-13.810550,-0.006794,11.592493,0.025341,0.001658,-3.848762,-0.118799,3.850595,75|76|77|78|79|80,0.5626
7066.350369,-0.334626,-13.820488,-0.006632,11.599709,0.024916,0.001638,-3.850578,-0.121576,3.852497,75|76|77|78|79|80,0.5627
7066.367035,-0.334627,-13.820487,-0.006632,11.613161,0.025143,0.001632,-3.864031,-0.121803,3.865950,75|76|77|78|79|80,0.5625
7066.383702,-0.340860,-13.830216,-0.006502,11.620375,0.025890,0.001870,-3.865958,-0.125940,3.868009,75|76|77|78|79|80,0.5631
7066.400369,-0.338045,-13.832441,-0.007199,11.620375,0.025890,0.001870,-3.864748,-0.124410,3.866750,75|76|77|78|79|80,0.5642
7066.417035,-0.338045,-13.832441,-0.007199,11.628063,0.025786,0.002041,-3.872437,-0.124306,3.874432,75|76|77|78|79|80,0.5649
7066.433702,-0.331098,-13.864123,-0.005981,11.642910,0.025005,0.002138,-3.870064,-0.119756,3.871916,75|76|77|78|79|80,0.5642
7066.450369,-0.331098,-13.864122,-0.005983,11.642910,0.025005,0.002138,-3.870064,-0.119756,3.871917,75|76|77|78|79|80,0.5645
7066.467035,-0.337371,-13.876554,-0.005207,11.656409,0.025627,0.002570,-3.876808,-0.123790,3.878784,75|76|77|78|79|80,0.5641
7066.483702,-0.336964,-13.889977,-0.005424,11.656409,0.025627,0.002570,-3.869512,-0.123571,3.871485,75|76|77|78|79|80,0.5647
7066.533702,-0.334006,-13.918510,-0.005262,11.678280,0.025322,0.002792,-3.875876,-0.121665,3.877785,75|76|77|78|79|80,0.5638
7066.550369,-0.338769,-13.927868,-0.005017,11.685400,0.025284,0.002848,-3.877912,-0.124217,3.879900,75|76|77|78|79|80,0.5637
7066.567035,-0.339365,-13.933052,-0.004588,11.699780,0.026508,0.002551,-3.889473,-0.125767,3.891506,75|76|77|78|79|80,0.5635
7066.583702,-0.339366,-13.933052,-0.004590,11.707068,0.026267,0.003583,-3.896762,-0.125526,3.898783,75|76|77|78|79|80,0.5633
7066.600369,-0.334260,-13.939867,-0.005178,11.714062,0.025719,0.003543,-3.900051,-0.122205,3.901965,75|76|77|78|79|80,0.5613
7066.617035,-0.321826,-13.954526,-0.005171,11.721100,0.025170,0.003534,-3.899120,-0.114901,3.900812,75|76|77|78|79|80,0.5620
7066.633702,-0.337037,-13.972306,-0.004178,11.721100,0.025170,0.003534,-3.889460,-0.123172,3.891410,75|76|77|78|79|80,0.5623
7066.650369,-0.345023,-13.981501,-0.004518,11.728096,0.024917,0.003559,-3.891460,-0.127260,3.893541,75|76|77|78|79|80,0.5622
7066.667035,-0.345022,-13.981502,-0.004517,11.742613,0.025769,0.003821,-3.905977,-0.128113,3.908077,75|76|77|78|79|80,0.5611
7066.683702,-0.348665,-13.986558,-0.004476,11.749623,0.025387,0.004032,-3.910239,-0.129711,3.912390,75|76|77|78|79|80,0.5594
7066.700369,-0.341192,-13.999678,-0.004600,11.756632,0.025086,0.004029,-3.910117,-0.125351,3.912125,75|76|77|78|79|80,0.5592
7066.717035,-0.343965,-14.017070,-0.004365,11.763357,0.025045,0.004011,-3.907391,-0.126821,3.909448,75|76|77|78|79|80,0.5614
7066.733702,-0.348536,-14.022268,-0.004194,11.770243,0.025609,0.003249,-3.911452,-0.129870,3.913607,75|76|77|78|79|80,0.5610
7066.750369,-0.348535,-14.022270,-0.004194,11.777460,0.026423,0.003041,-3.918668,-0.130684,3.920847,75|76|77|78|79|80,0.5619
7066.767035,-0.339209,-14.035210,-0.004457,11.784523,0.025925,0.003172,-3.918696,-0.125120,3.920693,75|76|77|78|79|80,0.5625
7066.783702,-0.328804,-14.050604,-0.005209,11.784523,0.025925,0.003172,-3.910328,-0.119468,3.912152,75|76|77|78|79|80,0.5628
7066.800369,-0.336723,-14.060578,-0.005406,11.791571,0.025369,0.003164,-3.911956,-0.123218,3.913897,75|76|77|78|79|80|81|82,0.5590
7066.817035,-0.345210,-14.069376,-0.005458,11.798622,0.024812,0.003175,-3.914228,-0.127275,3.916297,75|76|77|78|79|80|81|82,0.5635
7066.833702,-0.353854,-14.077945,-0.005274,11.805430,0.024639,0.003223,-3.916381,-0.131802,3.918598,75|76|77|78|79|80|81|82,0.5495
7066.850369,-0.355584,-14.082456,-0.004695,11.812105,0.024872,0.002886,-3.920605,-0.132976,3.922860,77|78|79|80|81|82,0.5630
7066.867035,-0.351045,-14.089101,-0.005539,11.826393,0.025872,0.002966,-3.931281,-0.131510,3.933480,77|78|79|80|81|82,0.5638
7066.900369,-0.351045,-14.089100,-0.005538,11.840128,0.025138,0.003019,-3.945016,-0.130777,3.947183,77|78|79|80|81|82,0.5606
7066.917035,-0.337963,-14.113248,-0.005533,11.846882,0.025148,0.002835,-3.938643,-0.123682,3.940585,77|78|79|80|81|82,0.5605
7066.933702,-0.349086,-14.126763,-0.005801,11.854561,0.025772,0.002538,-3.938979,-0.130354,3.941136,77|78|79|80|81|82,0.5623
7066.950369,-0.348702,-14.132715,-0.006157,11.854561,0.025772,0.002538,-3.935744,-0.130147,3.937896,77|78|79|80|81|82,0.5633
7066.967035,-0.339623,-14.149248,-0.006412,11.869097,0.025006,0.002672,-3.941293,-0.124450,3.943257,77|78|79|80|81|82,0.5618
7066.983702,-0.346133,-14.157607,-0.006161,11.876200,0.024450,0.002808,-3.943855,-0.127433,3.945913,77|78|79|80|81|82,0.5640
7067.017035,-0.346133,-14.157608,-0.006160,11.889601,0.024775,0.002860,-3.957255,-0.127758,3.959317,77|78|79|80|81|82,0.5635
7067.050369,-0.357475,-14.184007,-0.005664,11.904742,0.025127,0.002756,-3.958051,-0.134280,3.960328,77|78|79|80|81|82,0.5631
7067.067035,-0.347852,-14.202204,-0.005974,11.904742,0.025127,0.002756,-3.948159,-0.129054,3.950267,77|78|79|80|81|82,0.5610
7067.083702,-0.354325,-14.212963,-0.006049,11.918982,0.024822,0.002800,-3.956553,-0.132268,3.958764,77|78|79|80|81|82,0.5621
7067.100369,-0.360353,-14.224152,-0.005929,11.918982,0.024822,0.002800,-3.950473,-0.135547,3.952798,77|78|79|80|81|82,0.5628
7067.133702,-0.358111,-14.231681,-0.006139,11.940621,0.024772,0.002004,-3.968020,-0.134280,3.970292,77|78|79|80|81|82,0.5629
7067.150369,-0.358111,-14.231680,-0.006139,11.940621,0.024772,0.002004,-3.968021,-0.134281,3.970292,77|78|79|80|81|82,0.5625
7067.167035,-0.360091,-14.261455,-0.006783,11.947973,0.024221,0.001925,-3.959192,-0.134812,3.961486,77|78|79|80|81|82,0.5636
7067.200369,-0.360091,-14.261454,-0.006783,11.961165,0.024908,0.002117,-3.972384,-0.135499,3.974694,77|78|79|80|81|82,0.5634
7067.217035,-0.357875,-14.281948,-0.006711,11.967661,0.025350,0.002164,-3.967742,-0.134741,3.970029,77|78|79|80|81|82,0.5629
7067.233702,-0.357876,-14.281948,-0.006711,11.982270,0.025281,0.002200,-3.982350,-0.134672,3.984626,77|78|79|80|81|82,0.5630
7067.283702,-0.359151,-14.318692,-0.007287,11.996212,0.025139,0.002209,-3.976323,-0.135231,3.978622,77|78|79|80|81|82,0.5636
7067.300369,-0.359151,-14.318695,-0.007287,12.002836,0.025365,0.002203,-3.982946,-0.135456,3.985249,77|78|79|80|81|82,0.5635
7067.317035,-0.355995,-14.322223,-0.007346,12.017641,0.026065,0.001885,-3.995833,-0.134442,3.998094,77|78|79|80|81|82,0.5637
7067.350369,-0.352997,-14.326372,-0.007125,12.024882,0.025781,0.001883,-4.000818,-0.132530,4.003012,77|78|79|80|81|82,0.5545
7067.367035,-0.342932,-14.353063,-0.007489,12.038956,0.025585,0.001863,-4.000384,-0.126869,4.002395,78|79|80|81|82|83,0.5640
7067.383702,-0.351575,-14.371601,-0.007168,12.038956,0.025585,0.001863,-3.990311,-0.131571,3.992479,78|79|80|81|82|83,0.5628
7067.400369,-0.351575,-14.371601,-0.007167,12.045819,0.026038,0.001770,-3.997173,-0.132024,3.999353,78|79|80|81|82|83,0.5635
7067.417035,-0.350741,-14.375519,-0.007359,12.053303,0.026976,0.001827,-4.002528,-0.132509,4.004721,78|79|80|81|82|83,0.5628
7067.433702,-0.331212,-14.397291,-0.007341,12.060496,0.026646,0.001783,-3.997884,-0.121570,3.999732,78|79|80|81|82|83,0.5612
7067.450369,-0.335881,-14.406784,-0.007165,12.067749,0.026284,0.001779,-3.999980,-0.123748,4.001893,78|79|80|81|82|83,0.5622
7067.483702,-0.342690,-14.422455,-0.006933,12.088326,0.026979,0.001924,-4.012040,-0.128146,4.014086,78|79|80|81|82|83,0.5618
7067.500369,-0.342691,-14.422456,-0.006937,12.096010,0.026986,0.002255,-4.019725,-0.128153,4.021767,78|79|80|81|82|83,0.5636
7067.517035,-0.339805,-14.422287,-0.006776,12.103276,0.026625,0.002337,-4.027081,-0.126224,4.029059,78|79|80|81|82|83,0.5648
7067.533702,-0.333434,-14.449267,-0.005900,12.110520,0.026259,0.002376,-4.019661,-0.122401,4.021524,78|79|80|81|82|83,0.5651
7067.550369,-0.338911,-14.462938,-0.005651,12.110520,0.026259,0.002376,-4.012232,-0.125380,4.014191,78|79|80|81|82|83,0.5649
7067.567035,-0.344248,-14.475392,-0.005334,12.124186,0.026724,0.002855,-4.019131,-0.128749,4.021193,78|79|80|81|82|83,0.5644
7067.583702,-0.344247,-14.475393,-0.005329,12.131556,0.027182,0.003124,-4.026500,-0.129206,4.028573,78|79|80|81|82|83,0.5653
7067.600369,-0.339558,-14.477485,-0.005500,12.138850,0.026921,0.003104,-4.032656,-0.126397,4.034636,78|79|80|81|82|83,0.5648
7067.633702,-0.335776,-14.505224,-0.006076,12.146132,0.026647,0.003113,-4.024862,-0.124074,4.026774,78|79|80|81|82|83,0.5644
7067.650369,-0.339945,-14.514579,-0.006030,12.153338,0.026522,0.003159,-4.026984,-0.126217,4.028962,78|79|80|81|82|83,0.5642
7067.667035,-0.339946,-14.514578,-0.006028,12.160364,0.026659,0.003169,-4.034012,-0.126354,4.035990,78|79|80|81|82|83,0.5636
7067.683702,-0.340331,-14.524677,-0.005786,12.174967,0.027315,0.002668,-4.043126,-0.127221,4.045127,78|79|80|81|82|83,0.5637
7067.700369,-0.327180,-14.538199,-0.006696,12.174967,0.027315,0.002668,-4.035774,-0.120077,4.037560,78|79|80|81|82|83,0.5638
7067.717035,-0.330460,-14.549881,-0.006678,12.182083,0.026797,0.002667,-4.036542,-0.121343,4.038366,78|79|80|81|82|83,0.5637
7067.733702,-0.338096,-14.559110,-0.006533,12.189129,0.026251,0.002589,-4.038574,-0.124950,4.040506,78|79|80|81|82|83,0.5625
7067.750369,-0.338097,-14.559111,-0.006535,12.203350,0.026179,0.002731,-4.052794,-0.124878,4.054718,78|79|80|81|82|83,0.5619
7067.767035,-0.351432,-14.575180,-0.006304,12.203350,0.026179,0.002731,-4.044064,-0.132128,4.046222,78|79|80|81|82|83,0.5610
7067.783702,-0.351432,-14.575180,-0.006304,12.217642,0.026397,0.003128,-4.058356,-0.132347,4.060514,78|79|80|81|82|83,0.5611
7067.800369,-0.340947,-14.597261,-0.006021,12.224732,0.026002,0.003152,-4.053443,-0.126258,4.055409,78|79|80|81|82|83,0.5610
7067.817035,-0.340949,-14.597264,-0.006027,12.231562,0.025949,0.003153,-4.060272,-0.126207,4.062233,78|79|80|81|82|83,0.5620
7067.833702,-0.346013,-14.603682,-0.006206,12.238344,0.026233,0.002631,-4.063567,-0.129243,4.065622,78|79|80|81|82|83,0.5612
7067.850369,-0.352646,-14.613076,-0.005536,12.238344,0.026233,0.002631,-4.058463,-0.132850,4.060637,78|79|80|81|82|83|84|85,0.5543
7067.867035,-0.346508,-14.620763,-0.005842,12.252289,0.026742,0.002039,-4.068229,-0.130025,4.070306,78|79|80|81|82|83|84|85,0.5637
7067.883702,-0.333731,-14.638686,-0.006201,12.259194,0.026207,0.001998,-4.065390,-0.122550,4.067236,80|81|82|83|84|85,0.5608
7067.900369,-0.339123,-14.647018,-0.005970,12.259194,0.026207,0.001998,-4.060862,-0.125482,4.062801,80|81|82|83|84|85,0.5616
7067.917035,-0.339124,-14.647019,-0.005969,12.266114,0.025661,0.001997,-4.067782,-0.124937,4.069700,80|81|82|83|84|85,0.5622
7067.933702,-0.355222,-14.665428,-0.006864,12.272948,0.025346,0.002034,-4.064614,-0.133375,4.066802,80|81|82|83|84|85,0.5618
7067.950369,-0.359787,-14.670734,-0.006789,12.286444,0.026175,0.001766,-4.075228,-0.136685,4.077520,80|81|82|83|84|85,0.5620
7067.967035,-0.359506,-14.673613,-0.006871,12.293423,0.026671,0.001700,-4.080642,-0.137029,4.082942,80|81|82|83|84|85,0.5631
7068.000369,-0.340818,-14.698826,-0.006938,12.307070,0.025873,0.001732,-4.080583,-0.126081,4.082530,80|81|82|83|84|85,0.5615
7068.017035,-0.348560,-14.707524,-0.006523,12.307070,0.025873,0.001732,-4.075857,-0.130290,4.077939,80|81|82|83|84|85,0.5631
7068.033702,-0.353057,-14.713015,-0.007001,12.313645,0.025679,0.001745,-4.079449,-0.132541,4.081601,80|81|82|83|84|85,0.5640
7068.050369,-0.355832,-14.716118,-0.006686,12.321203,0.026302,0.001545,-4.085321,-0.134672,4.087540,80|81|82|83|84|85,0.5652
7068.067035,-0.346839,-14.732542,-0.007312,12.328526,0.026234,0.001424,-4.083716,-0.129720,4.085776,80|81|82|83|84|85,0.5631
7068.083702,-0.346837,-14.732543,-0.007312,12.342715,0.025158,0.001234,-4.097904,-0.128644,4.099923,80|81|82|83|84|85,0.5641
7068.100369,-0.356824,-14.752274,-0.007769,12.342715,0.025158,0.001234,-4.087183,-0.134076,4.089382,80|81|82|83|84|85,0.5648
7068.117035,-0.356822,-14.752275,-0.007770,12.356034,0.025047,0.001322,-4.100502,-0.133963,4.102689,80|81|82|83|84|85,0.5641
7068.150369,-0.365329,-14.768056,-0.008433,12.363547,0.026056,0.001344,-4.099440,-0.139599,4.101816,80|81|82|83|84|85,0.5641
7068.167035,-0.350680,-14.785335,-0.008307,12.370861,0.025851,0.000965,-4.097360,-0.131436,4.099468,80|81|82|83|84|85,0.5621
7068.183702,-0.355911,-14.796070,-0.007754,12.378062,0.025540,0.000908,-4.098728,-0.133970,4.100917,80|81|82|83|84|85,0.5629
7068.200369,-0.360860,-14.805077,-0.007736,12.385174,0.025327,0.000898,-4.100946,-0.136448,4.103215,80|81|82|83|84|85,0.5632
7068.217035,-0.360861,-14.805077,-0.007735,12.399046,0.025860,0.000168,-4.114818,-0.136982,4.117097,80|81|82|83|84|85,0.5626
7068.233702,-0.364308,-14.812334,-0.007776,12.406710,0.025344,0.000076,-4.118538,-0.138341,4.120861,80|81|82|83|84|85,0.5635
7068.250369,-0.363846,-14.816183,-0.007958,12.414114,0.024738,-0.000064,-4.123851,-0.137485,4.126142,80|81|82|83|84|85,0.5629
7068.267035,-0.355434,-14.828715,-0.008716,12.421240,0.024485,-0.000033,-4.124164,-0.132662,4.126297,80|81|82|83|84|85,0.5625
7068.283702,-0.372460,-14.859751,-0.009304,12.421240,0.024485,-0.000033,-4.107300,-0.141922,4.109751,80|81|82|83|84|85,0.5629
7068.300369,-0.375429,-14.869824,-0.009370,12.427492,0.025175,0.000007,-4.108078,-0.144228,4.110610,80|81|82|83|84|85,0.5634
7068.317035,-0.375427,-14.869827,-0.009365,12.441059,0.026223,0.000007,-4.121644,-0.145275,4.124203,80|81|82|83|84|85,0.5627
7068.333702,-0.365380,-14.866631,-0.009090,12.441059,0.026223,0.000007,-4.123379,-0.139814,4.125749,80|81|82|83|84|85,0.5614
7068.350369,-0.350144,-14.883010,-0.009280,12.448685,0.025553,0.000046,-4.122100,-0.130867,4.124176,80|81|82|83|84|85|86,0.5534
7068.367035,-0.359467,-14.896881,-0.009083,12.455920,0.025152,0.000109,-4.121798,-0.135536,4.124025,80|81|82|83|84|85|86,0.5621
7068.400369,-0.359450,-14.896920,-0.009063,12.476130,0.026142,-0.000062,-4.141987,-0.136516,4.144236,80|81|82|83|84|85|86,0.5544
7068.417035,-0.361263,-14.909468,-0.008724,12.476130,0.026142,-0.000062,-4.135168,-0.137504,4.137453,81|82|83|84|85|86,0.5631
7068.433702,-0.361263,-14.909468,-0.008724,12.483824,0.026478,-0.000038,-4.142862,-0.137840,4.145154,81|82|83|84|85|86,0.5612
7068.450369,-0.346257,-14.937680,-0.008923,12.498225,0.025822,-0.000088,-4.141927,-0.129035,4.143936,81|82|83|84|85|86,0.5621
7068.467035,-0.350894,-14.946602,-0.008824,12.505183,0.025767,-0.000099,-4.144037,-0.131502,4.146122,81|82|83|84|85|86,0.5619
7068.483702,-0.350893,-14.946602,-0.008824,12.505183,0.025767,-0.000099,-4.144036,-0.131501,4.146122,81|82|83|84|85|86,0.5625
7068.500369,-0.356106,-14.961093,-0.008628,12.511917,0.025999,-0.000033,-4.142897,-0.134569,4.145082,81|82|83|84|85|86,0.5627
7068.517035,-0.352865,-14.966759,-0.008776,12.526549,0.026999,0.000093,-4.154448,-0.133809,4.156603,81|82|83|84|85|86,0.5618
7068.533702,-0.338213,-14.984001,-0.008648,12.526549,0.026999,0.000093,-4.145075,-0.125850,4.146985,81|82|83|84|85|86,0.5604
7068.550369,-0.338212,-14.984001,-0.008647,12.540783,0.026358,0.000079,-4.159309,-0.125208,4.161193,81|82|83|84|85|86,0.5619
7068.600369,-0.346620,-15.006290,-0.008338,12.554299,0.026976,-0.000183,-4.160713,-0.130400,4.162756,81|82|83|84|85|86,0.5627
7068.617035,-0.346620,-15.006290,-0.008335,12.562126,0.027353,0.000083,-4.168540,-0.130778,4.170591,81|82|83|84|85|86,0.5634
7068.633702,-0.334517,-15.035008,-0.008640,12.569348,0.026750,0.000094,-4.160152,-0.123602,4.161987,81|82|83|84|85|86,0.5637
7068.650369,-0.343440,-15.047344,-0.008897,12.583437,0.026493,0.000327,-4.167539,-0.128198,4.169510,81|82|83|84|85|86,0.5641
7068.667035,-0.350517,-15.059808,-0.009019,12.590277,0.026486,0.000488,-4.167606,-0.132039,4.169697,81|82|83|84|85|86,0.5634
7068.683702,-0.346511,-15.061334,-0.008842,12.590277,0.026486,0.000488,-4.166776,-0.129863,4.168799,81|82|83|84|85|86,0.5631
7068.700369,-0.346509,-15.061334,-0.008840,12.604977,0.026898,0.000799,-4.181475,-0.130273,4.183504,81|82|83|84|85|86,0.5632
7068.717035,-0.345989,-15.065378,-0.008306,12.604977,0.026898,0.000799,-4.179278,-0.129992,4.181299,81|82|83|84|85|86,0.5611
7068.733702,-0.335141,-15.078373,-0.008407,12.619370,0.026409,0.001119,-4.186606,-0.123609,4.188430,81|82|83|84|85|86,0.5620
7068.750369,-0.340937,-15.090285,-0.008136,12.619370,0.026409,0.001119,-4.180133,-0.126762,4.182054,81|82|83|84|85|86,0.5630
7068.767035,-0.347777,-15.105986,-0.007724,12.626400,0.026451,0.001124,-4.178632,-0.130525,4.180670,81|82|83|84|85|86,0.5644
7068.783702,-0.347617,-15.109926,-0.007673,12.640999,0.027408,0.000729,-4.191089,-0.131396,4.193149,81|82|83|84|85|86,0.5637
7068.800369,-0.336887,-15.122834,-0.007965,12.640999,0.027408,0.000729,-4.184072,-0.125567,4.185956,81|82|83|84|85|86,0.5631
7068.817035,-0.336889,-15.122833,-0.007970,12.648091,0.026833,0.000716,-4.191164,-0.124993,4.193027,81|82|83|84|85|86,0.5630
7068.833702,-0.333541,-15.134160,-0.008163,12.662218,0.025729,0.000693,-4.199135,-0.122072,4.200909,81|82|83|84|85|86,0.5638
7068.850369,-0.350141,-15.152086,-0.008103,12.662218,0.025729,0.000693,-4.189396,-0.131097,4.191447,81|82|83|84|85|86,0.5634
7068.867035,-0.350142,-15.152085,-0.008105,12.669213,0.025836,0.000801,-4.196391,-0.131204,4.198441,81|82|83|84|85|86,0.5634
7068.883702,-0.356886,-15.161409,-0.007861,12.683609,0.026269,0.000903,-4.205721,-0.135305,4.207897,81|82|83|84|85|86|87|88,0.5645
7068.900369,-0.355532,-15.168818,-0.007675,12.690653,0.025780,0.000895,-4.208739,-0.134081,4.210874,81|82|83|84|85|86|87|88,0.5545
7068.917035,-0.348565,-15.188340,-0.007478,12.690653,0.025780,0.000895,-4.198128,-0.130299,4.200149,83|84|85|86|87|88,0.5639
7068.933702,-0.348563,-15.188341,-0.007475,12.704178,0.025685,0.000292,-4.211652,-0.130203,4.213664,83|84|85|86|87|88,0.5637
7068.967035,-0.355454,-15.195725,-0.007496,12.718426,0.026464,-0.000479,-4.221888,-0.134729,4.224037,83|84|85|86|87|88,0.5658
7068.983702,-0.342126,-15.222183,-0.008570,12.718426,0.026464,-0.000479,-4.207506,-0.127491,4.209437,83|84|85|86|87|88,0.5633
7069.000369,-0.342312,-15.231958,-0.008861,12.725342,0.025904,-0.000549,-4.209109,-0.127034,4.211026,83|84|85|86|87|88,0.5626
7069.033702,-0.358785,-15.249740,-0.008906,12.739187,0.024903,-0.000529,-4.213294,-0.134989,4.215456,83|84|85|86|87|88,0.5642
7069.050369,-0.358784,-15.249740,-0.008906,12.753002,0.025395,-0.001193,-4.227109,-0.135481,4.229280,83|84|85|86|87|88,0.5650
7069.083702,-0.355391,-15.270217,-0.010131,12.760290,0.026179,-0.001268,-4.223268,-0.134424,4.225406,83|84|85|86|87|88,0.5627
7069.100369,-0.355394,-15.270217,-0.010130,12.773861,0.025280,-0.001182,-4.236838,-0.133528,4.238942,83|84|85|86|87|88,0.5619
7069.117035,-0.352051,-15.292625,-0.009807,12.773861,0.025280,-0.001182,-4.224659,-0.131716,4.226712,83|84|85|86|87|88,0.5626
7069.133702,-0.357501,-15.298541,-0.009314,12.787718,0.025426,-0.001340,-4.235302,-0.134824,4.237447,83|84|85|86|87|88,0.5625
7069.150369,-0.360916,-15.302003,-0.008944,12.795222,0.025669,-0.001406,-4.240925,-0.136925,4.243135,83|84|85|86|87|88,0.5628
7069.167035,-0.354735,-15.314278,-0.009506,12.795222,0.025669,-0.001406,-4.234253,-0.133568,4.236359,83|84|85|86|87|88,0.5625
7069.183702,-0.354736,-15.314277,-0.009504,12.809361,0.024484,-0.001581,-4.248392,-0.132383,4.250454,83|84|85|86|87|88,0.5615
7069.200369,-0.360342,-15.336368,-0.009594,12.816094,0.024213,-0.001517,-4.243120,-0.135164,4.245273,83|84|85|86|87|88,0.5620
7069.217035,-0.368807,-15.345341,-0.009607,12.816094,0.024213,-0.001517,-4.238246,-0.139766,4.240550,83|84|85|86|87|88,0.5619
7069.233702,-0.372453,-15.349251,-0.009979,12.822678,0.024085,-0.001481,-4.242705,-0.141620,4.245068,83|84|85|86|87|88,0.5626
7069.250369,-0.372451,-15.349251,-0.009978,12.829981,0.024883,-0.001663,-4.250008,-0.142417,4.252394,83|84|85|86|87|88,0.5642
7069.283702,-0.360479,-15.380773,-0.009432,12.844792,0.024629,-0.001715,-4.247685,-0.135663,4.249851,83|84|85|86|87|88,0.5627
7069.300369,-0.360479,-15.380773,-0.009432,12.858563,0.024292,-0.001708,-4.261456,-0.135325,4.263605,83|84|85|86|87|88,0.5633
7069.317035,-0.365802,-15.390057,-0.009688,12.865507,0.024663,-0.002143,-4.263356,-0.138592,4.265608,83|84|85|86|87|88,0.5653
7069.333702,-0.370408,-15.402109,-0.009588,12.872944,0.024721,-0.002186,-4.264244,-0.141156,4.266580,83|84|85|86|87|88,0.5644
7069.350369,-0.370409,-15.402110,-0.009589,12.879963,0.024423,-0.002272,-4.271263,-0.140859,4.273585,83|84|85|86|87|88,0.5641
7069.367035,-0.363024,-15.425198,-0.010265,12.886980,0.024138,-0.002261,-4.265730,-0.136564,4.267916,83|84|85|86|87|88,0.5645
7069.383702,-0.363024,-15.425198,-0.010265,12.893996,0.023939,-0.002148,-4.272746,-0.136365,4.274921,83|84|85|86|87|88,0.5642
7069.400369,-0.367339,-15.435734,-0.009842,12.893996,0.023939,-0.002148,-4.267020,-0.138712,4.269274,83|84|85|86|87|88|89,0.5641
7069.417035,-0.371156,-15.443367,-0.009345,12.908022,0.024983,-0.002498,-4.276900,-0.141833,4.279251,83|84|85|86|87|88|89,0.5617
7069.433702,-0.370207,-15.452693,-0.009515,12.908022,0.024983,-0.002498,-4.271831,-0.141319,4.274168,83|84|85|86|87|88|89,0.5579
7069.467035,-0.358890,-15.478053,-0.008963,12.922467,0.024338,-0.002449,-4.272490,-0.134529,4.274607,84|85|86|87|88|89,0.5623
7069.483702,-0.365494,-15.486914,-0.009546,12.929230,0.024187,-0.002435,-4.274439,-0.137968,4.276665,84|85|86|87|88|89,0.5621
7069.533702,-0.365495,-15.486917,-0.009543,12.958037,0.024993,-0.002585,-4.303245,-0.138775,4.305482,84|85|86|87|88|89,0.5636
7069.550369,-0.349692,-15.522493,-0.010808,12.958037,0.024993,-0.002585,-4.283906,-0.130194,4.285884,84|85|86|87|88|89,0.5619
7069.567035,-0.349692,-15.522493,-0.010807,12.965357,0.024564,-0.002580,-4.291227,-0.129765,4.293188,84|85|86|87|88|89,0.5626
7069.583702,-0.361290,-15.540792,-0.010170,12.979229,0.024389,-0.002703,-4.295156,-0.135897,4.297305,84|85|86|87|88|89,0.5625
7069.600369,-0.363430,-15.546341,-0.009966,12.979229,0.024389,-0.002703,-4.292141,-0.137061,4.294329,84|85|86|87|88|89,0.5630
7069.617035,-0.362911,-15.551297,-0.010279,12.986677,0.025300,-0.002659,-4.296895,-0.137692,4.299101,84|85|86|87|88|89,0.5644
7069.633702,-0.349783,-15.568449,-0.010451,13.000813,0.025231,-0.002581,-4.301706,-0.130491,4.303685,84|85|86|87|88|89,0.5628
7069.650369,-0.349782,-15.568449,-0.010452,13.007891,0.024895,-0.002585,-4.308784,-0.130155,4.310750,84|85|86|87|88|89,0.5622
7069.667035,-0.344736,-15.577373,-0.010672,13.014563,0.024884,-0.002572,-4.310605,-0.127403,4.312487,84|85|86|87|88|89,0.5621
7069.683702,-0.354629,-15.591443,-0.010437,13.014563,0.024884,-0.002572,-4.302960,-0.132782,4.305009,84|85|86|87|88|89,0.5632
7069.700369,-0.354459,-15.591653,-0.010200,13.021361,0.025181,-0.002839,-4.309644,-0.132987,4.311696,84|85|86|87|88|89,0.5635
7069.717035,-0.354458,-15.591653,-0.010200,13.036497,0.025328,-0.002537,-4.324781,-0.133134,4.326830,84|85|86|87|88|89,0.5639
7069.733702,-0.339736,-15.617545,-0.010513,13.036497,0.025328,-0.002537,-4.310706,-0.125139,4.312522,84|85|86|87|88|89,0.5631
7069.750369,-0.347882,-15.632837,-0.010348,13.043881,0.024755,-0.002454,-4.309780,-0.128995,4.311710,84|85|86|87|88|89,0.5645
7069.767035,-0.347883,-15.632837,-0.010349,13.057711,0.024826,-0.002230,-4.323610,-0.129066,4.325536,84|85|86|87|88|89,0.5649
7069.783702,-0.352562,-15.647469,-0.010589,13.057711,0.024826,-0.002230,-4.315659,-0.131612,4.317666,84|85|86|87|88|89,0.5646
7069.800369,-0.353031,-15.652505,-0.010160,13.072249,0.025455,-0.001999,-4.327460,-0.132497,4.329488,84|85|86|87|88|89,0.5644
7069.817035,-0.353030,-15.652505,-0.010162,13.079436,0.025035,-0.001946,-4.334647,-0.132078,4.336659,84|85|86|87|88|89,0.5637
7069.833702,-0.344091,-15.675206,-0.009953,13.079436,0.025035,-0.001946,-4.322308,-0.127224,4.324180,84|85|86|87|88|89,0.5633
7069.850369,-0.349791,-15.684244,-0.009765,13.086596,0.024690,-0.001900,-4.324557,-0.129978,4.326510,84|85|86|87|88|89,0.5628
7069.867035,-0.349792,-15.684245,-0.009765,13.093613,0.024594,-0.001884,-4.331574,-0.129883,4.333521,84|85|86|87|88|89,0.5624
7069.883702,-0.354240,-15.691669,-0.009406,13.108433,0.025807,-0.002219,-4.342360,-0.133515,4.344412,84|85|86|87|88|89,0.5626
7069.917035,-0.355338,-15.695306,-0.009309,13.122462,0.024609,-0.002014,-4.354412,-0.132914,4.356440,84|85|86|87|88|89,0.5620
7069.933702,-0.344871,-15.728928,-0.009054,13.122462,0.024609,-0.002014,-4.336137,-0.127232,4.338004,84|85|86|87|88|89|90|91,0.5536
7069.950369,-0.355048,-15.738929,-0.008487,13.129599,0.023961,-0.001919,-4.337841,-0.132118,4.339853,86|87|88|89|90|91,0.5628
7069.967035,-0.355048,-15.738929,-0.008488,13.144078,0.024172,-0.001969,-4.352320,-0.132329,4.354331,86|87|88|89|90|91,0.5633
7069.983702,-0.364092,-15.746989,-0.008198,13.151285,0.024296,-0.001859,-4.355149,-0.137369,4.357315,86|87|88|89|90|91,0.5641
7070.000369,-0.359769,-15.768862,-0.007643,13.151285,0.024296,-0.001859,-4.343261,-0.135024,4.345359,86|87|88|89|90|91,0.5619
7070.017035,-0.357876,-15.778772,-0.007639,13.158032,0.024011,-0.001852,-4.344621,-0.133713,4.346678,86|87|88|89|90|91,0.5608
7070.033702,-0.357878,-15.778775,-0.007633,13.171376,0.023613,-0.002310,-4.357963,-0.133316,4.360002,86|87|88|89|90|91,0.5616
7070.050369,-0.365742,-15.782979,-0.007483,13.178627,0.024246,-0.002775,-4.362932,-0.138224,4.365121,86|87|88|89|90|91,0.5635
7070.067035,-0.365073,-15.788618,-0.007903,13.178627,0.024246,-0.002775,-4.359867,-0.137861,4.362046,86|87|88|89|90|91,0.5642
7070.083702,-0.365071,-15.788617,-0.007904,13.192728,0.024246,-0.002793,-4.373968,-0.137860,4.376140,86|87|88|89|90|91,0.5627
7070.100369,-0.348055,-15.820489,-0.008857,13.192728,0.024246,-0.002793,-4.356643,-0.128620,4.358541,86|87|88|89|90|91,0.5619
7070.117035,-0.348055,-15.820486,-0.008860,13.206654,0.023022,-0.002802,-4.370570,-0.127395,4.372426,86|87|88|89|90|91,0.5632
7070.133702,-0.355052,-15.826386,-0.008952,13.206654,0.023022,-0.002802,-4.367365,-0.131199,4.369335,86|87|88|89|90|91,0.5629
7070.150369,-0.371863,-15.841959,-0.008912,13.220379,0.023240,-0.003220,-4.372630,-0.140557,4.374889,86|87|88|89|90|91,0.5627
7070.167035,-0.374948,-15.844143,-0.009120,13.220379,0.023240,-0.003220,-4.371444,-0.142234,4.373758,86|87|88|89|90|91,0.5636
7070.183702,-0.366633,-15.856740,-0.010095,13.227665,0.023907,-0.003276,-4.371882,-0.138384,4.374072,86|87|88|89|90|91,0.5629
7070.200369,-0.356783,-15.872206,-0.009622,13.234617,0.023971,-0.003226,-4.370427,-0.133098,4.372453,86|87|88|89|90|91,0.5618
7070.217035,-0.356446,-15.878909,-0.009558,13.248070,0.023120,-0.003196,-4.380237,-0.132066,4.382227,86|87|88|89|90|91,0.5624
7070.250369,-0.368123,-15.888740,-0.009740,13.262898,0.023738,-0.003407,-4.389724,-0.139032,4.391925,86|87|88|89|90|91,0.5624
7070.267035,-0.364426,-15.900504,-0.009998,13.262898,0.023738,-0.003407,-4.383329,-0.137025,4.385471,86|87|88|89|90|91,0.5624
7070.283702,-0.364425,-15.900503,-0.010000,13.276936,0.022624,-0.003511,-4.397368,-0.135911,4.399468,86|87|88|89|90|91,0.5616
7070.300369,-0.364001,-15.923180,-0.010380,13.276936,0.022624,-0.003511,-4.385044,-0.135685,4.387142,86|87|88|89|90|91,0.5620
7070.317035,-0.373884,-15.931956,-0.010237,13.290064,0.022021,-0.003389,-4.393405,-0.140455,4.395649,86|87|88|89|90|91,0.5619
7070.333702,-0.379154,-15.936260,-0.009963,13.297165,0.022627,-0.003361,-4.398168,-0.143926,4.400522,86|87|88|89|90|91,0.5629
7070.350369,-0.379154,-15.936261,-0.009963,13.304697,0.023331,-0.003345,-4.405699,-0.144631,4.408073,86|87|88|89|90|91,0.5637
7070.367035,-0.382193,-15.938228,-0.009854,13.304697,0.023331,-0.003345,-4.404631,-0.146282,4.407059,86|87|88|89|90|91,0.5642
7070.383702,-0.363540,-15.966462,-0.010221,13.311989,0.022833,-0.003388,-4.396574,-0.135652,4.398666,86|87|88|89|90|91,0.5622
7070.400369,-0.370263,-15.975449,-0.009833,13.319084,0.022396,-0.003372,-4.398786,-0.138871,4.400978,86|87|88|89|90|91,0.5626
7070.417035,-0.376016,-15.983381,-0.009669,13.325821,0.022232,-0.003361,-4.401214,-0.141835,4.403498,86|87|88|89|90|91,0.5634
7070.433702,-0.378569,-15.989029,-0.008966,13.332707,0.022381,-0.003703,-4.405030,-0.143373,4.407363,86|87|88|89|90|91|92,0.5589
7070.450369,-0.374616,-15.997946,-0.009611,13.340210,0.022908,-0.003716,-4.407687,-0.141753,4.409966,86|87|88|89|90|91|92,0.5644
7070.483702,-0.371969,-16.020056,-0.010340,13.361111,0.021753,-0.003638,-4.416571,-0.139164,4.418762,87|88|89|90|91|92,0.5642
7070.500369,-0.377708,-16.028604,-0.010408,13.361111,0.021753,-0.003638,-4.411926,-0.142285,4.414220,87|88|89|90|91|92,0.5631
7070.517035,-0.382258,-16.036373,-0.010521,13.368016,0.021770,-0.003627,-4.414609,-0.144777,4.416983,87|88|89|90|91|92,0.5635
7070.533702,-0.381838,-16.039385,-0.010998,13.375147,0.022403,-0.004015,-4.420104,-0.145182,4.422488,87|88|89|90|91|92,0.5646
7070.567035,-0.381839,-16.039389,-0.011003,13.396610,0.022361,-0.003891,-4.441565,-0.145141,4.443936,87|88|89|90|91|92,0.5603
7070.583702,-0.369455,-16.073747,-0.011117,13.403313,0.022202,-0.003903,-4.429592,-0.138258,4.431749,87|88|89|90|91|92,0.5611
7070.600369,-0.369455,-16.073747,-0.011117,13.410338,0.022336,-0.004000,-4.436617,-0.138392,4.438775,87|88|89|90|91|92,0.5632
7070.617035,-0.373342,-16.082883,-0.011092,13.410338,0.022336,-0.004000,-4.431652,-0.140506,4.433879,87|88|89|90|91|92,0.5650
7070.633702,-0.373342,-16.082881,-0.011093,13.418059,0.023106,-0.003996,-4.439374,-0.141276,4.441622,87|88|89|90|91|92,0.5654
7070.650369,-0.359767,-16.109839,-0.010903,13.425122,0.023190,-0.003999,-4.431783,-0.133988,4.433809,87|88|89|90|91|92,0.5641
7070.667035,-0.359768,-16.109840,-0.010903,13.432276,0.022613,-0.004040,-4.438937,-0.133412,4.440942,87|88|89|90|91|92,0.5647
7070.683702,-0.358496,-16.117972,-0.010843,13.446129,0.022012,-0.004107,-4.448370,-0.132122,4.450332,87|88|89|90|91|92,0.5653
7070.700369,-0.366246,-16.126670,-0.010764,13.453533,0.022709,-0.004038,-4.451049,-0.137032,4.453158,87|88|89|90|91|92,0.5658
7070.717035,-0.373682,-16.136675,-0.010906,13.453533,0.022709,-0.004038,-4.445613,-0.141075,4.447851,87|88|89|90|91|92,0.5662
7070.733702,-0.363126,-16.154316,-0.011233,13.460892,0.023181,-0.003986,-4.443382,-0.135814,4.445457,87|88|89|90|91|92,0.5648
7070.750369,-0.356051,-16.167460,-0.011103,13.467804,0.023063,-0.003972,-4.443149,-0.131854,4.445105,87|88|89|90|91|92,0.5635
7070.767035,-0.357557,-16.173817,-0.010902,13.474571,0.022796,-0.003968,-4.446462,-0.132407,4.448433,87|88|89|90|91|92,0.5631
7070.783702,-0.357557,-16.173819,-0.010900,13.481184,0.022576,-0.003969,-4.453074,-0.132187,4.455035,87|88|89|90|91|92,0.5638
7070.800369,-0.363787,-16.176574,-0.011209,13.487921,0.022642,-0.004252,-4.458315,-0.135639,4.460377,87|88|89|90|91|92,0.5646
7070.817035,-0.363787,-16.176575,-0.011209,13.503216,0.023535,-0.004200,-4.473609,-0.136532,4.475692,87|88|89|90|91|92,0.5642
7070.833702,-0.361707,-16.180374,-0.011145,13.510144,0.023072,-0.004185,-4.478471,-0.134940,4.480504,87|88|89|90|91|92,0.5633
7070.850369,-0.348047,-16.215733,-0.011077,13.510144,0.023072,-0.004185,-4.459252,-0.127523,4.461075,87|88|89|90|91|92,0.5633
7070.867035,-0.354209,-16.224384,-0.010811,13.524142,0.022387,-0.004115,-4.468549,-0.130189,4.470446,87|88|89|90|91|92,0.5646
7070.883702,-0.359635,-16.232069,-0.010795,13.531388,0.022713,-0.004093,-4.471620,-0.133465,4.473611,87|88|89|90|91|92,0.5636
7070.900369,-0.359636,-16.232071,-0.010795,13.538870,0.023218,-0.003925,-4.479101,-0.133970,4.481104,87|88|89|90|91|92,0.5640
7070.917035,-0.357873,-16.249480,-0.010683,13.545700,0.022927,-0.003646,-4.476470,-0.132725,4.478437,87|88|89|90|91|92,0.5635
7070.933702,-0.357873,-16.249481,-0.010683,13.545700,0.022927,-0.003646,-4.476470,-0.132725,4.478437,87|88|89|90|91|92,0.5628
7070.950369,-0.350249,-16.264748,-0.011014,13.552689,0.022436,-0.003532,-4.475159,-0.128094,4.476992,87|88|89|90|91|92|93|94,0.5615
7070.967035,-0.355134,-16.269472,-0.010227,13.559586,0.022156,-0.003469,-4.479490,-0.130470,4.481389,87|88|89|90|91|92|93|94,0.5656
7070.983702,-0.361389,-16.276495,-0.010071,13.574318,0.023060,-0.003613,-4.490406,-0.134774,4.492428,87|88|89|90|91|92|93|94,0.5611
7071.000369,-0.364788,-16.281399,-0.008949,13.574318,0.023060,-0.003613,-4.487742,-0.136623,4.489821,89|90|91|92|93|94,0.5645
7071.017035,-0.359468,-16.292791,-0.009337,13.581438,0.023235,-0.003487,-4.488670,-0.133909,4.490667,89|90|91|92|93|94,0.5630
7071.033702,-0.350885,-16.307750,-0.009649,13.595455,0.021647,-0.003528,-4.494555,-0.127660,4.496368,89|90|91|92|93|94,0.5629
7071.050369,-0.358434,-16.323010,-0.009523,13.595455,0.021647,-0.003528,-4.486263,-0.131765,4.488198,89|90|91|92|93|94,0.5637
7071.100369,-0.370774,-16.353241,-0.010288,13.623734,0.021918,-0.003340,-4.498114,-0.138749,4.500254,89|90|91|92|93|94,0.5635
7071.117035,-0.370775,-16.353242,-0.010288,13.630604,0.021849,-0.003384,-4.504984,-0.138681,4.507118,89|90|91|92|93|94,0.5618
7071.133702,-0.362882,-16.366873,-0.009483,13.630604,0.021849,-0.003384,-4.497574,-0.134394,4.499581,89|90|91|92|93|94,0.5629
7071.150369,-0.363378,-16.374630,-0.009724,13.637499,0.021750,-0.003390,-4.500253,-0.134566,4.502265,89|90|91|92|93|94,0.5639
7071.167035,-0.364445,-16.382394,-0.009844,13.644388,0.021683,-0.003471,-4.502923,-0.135080,4.504949,89|90|91|92|93|94,0.5645
7071.183702,-0.364445,-16.382393,-0.009846,13.658360,0.021963,-0.003707,-4.516895,-0.135360,4.518923,89|90|91|92|93|94,0.5633
7071.200369,-0.359905,-16.406838,-0.010100,13.664961,0.021519,-0.003731,-4.510210,-0.132454,4.512155,89|90|91|92|93|94,0.5628
7071.217035,-0.359905,-16.406839,-0.010099,13.671732,0.020831,-0.003709,-4.516981,-0.131766,4.518902,89|90|91|92|93|94,0.5629
7071.233702,-0.366868,-16.418687,-0.010302,13.671732,0.020831,-0.003709,-4.510543,-0.135553,4.512580,89|90|91|92|93|94,0.5638
7071.250369,-0.376407,-16.425441,-0.010470,13.678372,0.020431,-0.003663,-4.513514,-0.140338,4.515695,89|90|91|92|93|94,0.5641
7071.267035,-0.381856,-16.428445,-0.010360,13.685379,0.020634,-0.004013,-4.518890,-0.143504,4.521168,89|90|91|92|93|94,0.5642
7071.300369,-0.370523,-16.455490,-0.010851,13.699953,0.021628,-0.003875,-4.518764,-0.138344,4.520881,89|90|91|92|93|94,0.5628
7071.317035,-0.370523,-16.455488,-0.010852,13.713585,0.021377,-0.003621,-4.532396,-0.138093,4.534499,89|90|91|92|93|94,0.5624
7071.333702,-0.362161,-16.470566,-0.009218,13.713585,0.021377,-0.003621,-4.524200,-0.133552,4.526171,89|90|91|92|93|94,0.5625
7071.350369,-0.362162,-16.470570,-0.009215,13.727808,0.021097,-0.003624,-4.538421,-0.133272,4.540378,89|90|91|92|93|94,0.5635
7071.367035,-0.370426,-16.487857,-0.009541,13.727808,0.021097,-0.003624,-4.529028,-0.137767,4.531123,89|90|91|92|93|94,0.5646
7071.383702,-0.369344,-16.500430,-0.009374,13.735089,0.021131,-0.003728,-4.529475,-0.137216,4.531553,89|90|91|92|93|94,0.5640
7071.417035,-0.376244,-16.516022,-0.010362,13.748501,0.020109,-0.003738,-4.534415,-0.139947,4.536574,89|90|91|92|93|94,0.5635
7071.433702,-0.383594,-16.518835,-0.010354,13.762047,0.020031,-0.003622,-4.546434,-0.143864,4.548709,89|90|91|92|93|94,0.5643
7071.450369,-0.390186,-16.520787,-0.010786,13.762047,0.020031,-0.003622,-4.545374,-0.147447,4.547765,89|90|91|92|93|94,0.5644
7071.467035,-0.383858,-16.533009,-0.010731,13.776842,0.020935,-0.003673,-4.553525,-0.144914,4.555831,89|90|91|92|93|94,0.5644
7071.483702,-0.383858,-16.533008,-0.010730,13.783837,0.020333,-0.003659,-4.560520,-0.144312,4.562803,89|90|91|92|93|94,0.5629
7071.500369,-0.370887,-16.559167,-0.009788,13.783837,0.020333,-0.003659,-4.546301,-0.137268,4.548372,89|90|91|92|93|94|95,0.5557
7071.517035,-0.370782,-16.559765,-0.009691,13.790560,0.019898,-0.003706,-4.552699,-0.136777,4.554754,90|91|92|93|94|95,0.5641
7071.533702,-0.379289,-16.566896,-0.010712,13.797484,0.019827,-0.004096,-4.555749,-0.141330,4.557941,90|91|92|93|94|95,0.5651
7071.550369,-0.384519,-16.581636,-0.012323,13.812145,0.020328,-0.004181,-4.562401,-0.144676,4.564694,90|91|92|93|94|95,0.5652
7071.567035,-0.378971,-16.596812,-0.012299,13.818981,0.019962,-0.004163,-4.560988,-0.141298,4.563176,90|91|92|93|94|95,0.5641
7071.600369,-0.382440,-16.611818,-0.012196,13.825895,0.019391,-0.004120,-4.559748,-0.142616,4.561977,90|91|92|93|94|95,0.5639
7071.617035,-0.390099,-16.619233,-0.011821,13.832735,0.019152,-0.004113,-4.562559,-0.146541,4.564911,90|91|92|93|94|95,0.5624
7071.633702,-0.390099,-16.619236,-0.011817,13.847393,0.020271,-0.004451,-4.577215,-0.147660,4.579596,90|91|92|93|94|95,0.5642
7071.650369,-0.385826,-16.634098,-0.011262,13.847393,0.020271,-0.004451,-4.569137,-0.145341,4.571448,90|91|92|93|94|95,0.5625
7071.667035,-0.375291,-16.649244,-0.011388,13.854403,0.020914,-0.004468,-4.567913,-0.140261,4.570066,90|91|92|93|94|95,0.5609
7071.683702,-0.375291,-16.649244,-0.011393,13.861513,0.020730,-0.004463,-4.575023,-0.140078,4.577167,90|91|92|93|94|95,0.5600
7071.700369,-0.368312,-16.664919,-0.012114,13.875452,0.020317,-0.004479,-4.580442,-0.135875,4.582457,90|91|92|93|94|95,0.5609
7071.717035,-0.368312,-16.664920,-0.012116,13.882534,0.020260,-0.004542,-4.587523,-0.135818,4.589533,90|91|92|93|94|95,0.5618
7071.733702,-0.370781,-16.673897,-0.012178,13.889872,0.020475,-0.004577,-4.589982,-0.137377,4.592038,90|91|92|93|94|95,0.5629
7071.750369,-0.373671,-16.693586,-0.011851,13.889872,0.020475,-0.004577,-4.579283,-0.138952,4.581390,90|91|92|93|94|95,0.5622
7071.767035,-0.370508,-16.706930,-0.012356,13.896671,0.020507,-0.004463,-4.578829,-0.137267,4.580887,90|91|92|93|94|95,0.5606
7071.783702,-0.369172,-16.710270,-0.012280,13.910135,0.019512,-0.004486,-4.590478,-0.135546,4.592479,90|91|92|93|94|95,0.5608
7071.800369,-0.369172,-16.710269,-0.012280,13.910135,0.019512,-0.004486,-4.590478,-0.135547,4.592479,90|91|92|93|94|95,0.5624
7071.817035,-0.382008,-16.718868,-0.011179,13.917652,0.019928,-0.004368,-4.593325,-0.142941,4.595549,90|91|92|93|94|95,0.5630
7071.833702,-0.382006,-16.718866,-0.011176,13.932247,0.020452,-0.003845,-4.607921,-0.143463,4.610154,90|91|92|93|94|95,0.5633
7071.850369,-0.375657,-16.736159,-0.011281,13.932247,0.020452,-0.003845,-4.598521,-0.140016,4.600652,90|91|92|93|94|95,0.5617
7071.867035,-0.366370,-16.760035,-0.010595,13.945748,0.021092,-0.003595,-4.599044,-0.135614,4.601043,90|91|92|93|94|95,0.5609
7071.883702,-0.366370,-16.760035,-0.010599,13.952820,0.021105,-0.003610,-4.606116,-0.135628,4.608112,90|91|92|93|94|95,0.5614
7071.900369,-0.358034,-16.769652,-0.010765,13.952820,0.021105,-0.003610,-4.600888,-0.131099,4.602755,90|91|92|93|94|95,0.5633
7071.917035,-0.357383,-16.777674,-0.010540,13.967137,0.021549,-0.003608,-4.610844,-0.131190,4.612710,90|91|92|93|94|95,0.5640
7071.950369,-0.350349,-16.800454,-0.010847,13.973908,0.021415,-0.003557,-4.605233,-0.127238,4.606991,90|91|92|93|94|95,0.5611
7071.967035,-0.352101,-16.805380,-0.010848,13.980828,0.020732,-0.003403,-4.609476,-0.127509,4.611240,90|91|92|93|94|95,0.5628
7071.983702,-0.361686,-16.812696,-0.010901,13.987669,0.020134,-0.003354,-4.612344,-0.132122,4.614236,90|91|92|93|94|95,0.5637
7072.000369,-0.361082,-16.813557,-0.011944,14.002438,0.020477,-0.003150,-4.626645,-0.132136,4.628531,90|91|92|93|94|95|96,0.5588
7072.017036,-0.367139,-16.831464,-0.010659,14.009752,0.020684,-0.002888,-4.624229,-0.135639,4.626218,90|91|92|93|94|95|96|97,0.5613
7072.033702,-0.367404,-16.832069,-0.011144,14.016472,0.020661,-0.002402,-4.630619,-0.135761,4.632609,92|93|94|95|96|97,0.5633
7072.050369,-0.360030,-16.856628,-0.010630,14.023642,0.020416,-0.002304,-4.624440,-0.131513,4.626310,92|93|94|95|96|97,0.5626
7072.067036,-0.361711,-16.859645,-0.010201,14.030602,0.020169,-0.002324,-4.629761,-0.132180,4.631647,92|93|94|95|96|97,0.5635
7072.100369,-0.361712,-16.859644,-0.010199,14.038023,0.020264,-0.002210,-4.637183,-0.132275,4.639069,92|93|94|95|96|97,0.5627
7072.117036,-0.367012,-16.891562,-0.010361,14.052492,0.020400,-0.002159,-4.634306,-0.135298,4.636281,92|93|94|95|96|97,0.5622
7072.133702,-0.367012,-16.891559,-0.010363,14.059025,0.019881,-0.002119,-4.640841,-0.134780,4.642797,92|93|94|95|96|97,0.5606
7072.150369,-0.364674,-16.911815,-0.010509,14.059025,0.019881,-0.002119,-4.629831,-0.133513,4.631756,92|93|94|95|96|97,0.5616
7072.167036,-0.371523,-16.912340,-0.010572,14.073652,0.019331,-0.002010,-4.644175,-0.136685,4.646186,92|93|94|95|96|97,0.5627
7072.183702,-0.371523,-16.912341,-0.010572,14.081013,0.019250,-0.001775,-4.651535,-0.136604,4.653540,92|93|94|95|96|97,0.5630
7072.217036,-0.378407,-16.921382,-0.010444,14.087803,0.019812,-0.001789,-4.653413,-0.140909,4.655546,92|93|94|95|96|97,0.5622
7072.233702,-0.368669,-16.949348,-0.009682,14.094683,0.020144,-0.001819,-4.645092,-0.135954,4.647081,92|93|94|95|96|97,0.5619
7072.250369,-0.364224,-16.957416,-0.009761,14.108801,0.019510,-0.001846,-4.654824,-0.132907,4.656721,92|93|94|95|96|97,0.5632
7072.267036,-0.364223,-16.957416,-0.009757,14.115956,0.019542,-0.001851,-4.661979,-0.132939,4.663874,92|93|94|95|96|97,0.5637
7072.283702,-0.372755,-16.975339,-0.009966,14.115956,0.019542,-0.001851,-4.652240,-0.137579,4.654274,92|93|94|95|96|97,0.5635
7072.300369,-0.372756,-16.975338,-0.009971,14.129965,0.019573,-0.001847,-4.666250,-0.137611,4.668278,92|93|94|95|96|97,0.5631
7072.317036,-0.372153,-17.003326,-0.010200,14.129965,0.019573,-0.001847,-4.651039,-0.137289,4.653064,92|93|94|95|96|97,0.5616
7072.333702,-0.371816,-17.007668,-0.010152,14.136193,0.019138,-0.001796,-4.654907,-0.136671,4.656912,92|93|94|95|96|97,0.5611
7072.350369,-0.377974,-17.006402,-0.009561,14.142620,0.018401,-0.001736,-4.662024,-0.139280,4.664104,92|93|94|95|96|97,0.5633
7072.367036,-0.377973,-17.006404,-0.009563,14.149643,0.018539,-0.002008,-4.669045,-0.139418,4.671126,92|93|94|95|96|97,0.5637
7072.417036,-0.376523,-17.045168,-0.009966,14.170893,0.019764,-0.001878,-4.669228,-0.139863,4.671322,92|93|94|95|96|97,0.5619
7072.433702,-0.376523,-17.045170,-0.009962,14.177801,0.019789,-0.001847,-4.676135,-0.139889,4.678227,92|93|94|95|96|97,0.5620
7072.450369,-0.367333,-17.060823,-0.010191,14.184714,0.019207,-0.001801,-4.674538,-0.134315,4.676467,92|93|94|95|96|97,0.5613
7072.467036,-0.375322,-17.069642,-0.010569,14.192045,0.018996,-0.001749,-4.677079,-0.138448,4.679127,92|93|94|95|96|97,0.5615
7072.483702,-0.378453,-17.083419,-0.010993,14.206211,0.019312,-0.001762,-4.683757,-0.140468,4.685863,92|93|94|95|96|97,0.5626
7072.500369,-0.382253,-17.097549,-0.010339,14.206211,0.019312,-0.001762,-4.676079,-0.142536,4.678251,92|93|94|95|96|97|98,0.5620
7072.517036,-0.373772,-17.099849,-0.010311,14.212736,0.018856,-0.001281,-4.681352,-0.137471,4.683371,92|93|94|95|96|97|98,0.5621
7072.533702,-0.381709,-17.100718,-0.009821,14.219465,0.018140,-0.001278,-4.687611,-0.141069,4.689733,92|93|94|95|96|97|98,0.5639
7072.550369,-0.381709,-17.100721,-0.009819,14.234141,0.018416,-0.001369,-4.702284,-0.141345,4.704408,92|93|94|95|96|97|98,0.5653
7072.567036,-0.390251,-17.117483,-0.010124,14.234141,0.018416,-0.001369,-4.693176,-0.145991,4.695446,93|94|95|96|97|98,0.5647
7072.583702,-0.390252,-17.117481,-0.010126,14.241257,0.018566,-0.001285,-4.700294,-0.146141,4.702565,93|94|95|96|97|98,0.5628
7072.600369,-0.387133,-17.133834,-0.010152,14.254999,0.018601,-0.001257,-4.705148,-0.144485,4.707366,93|94|95|96|97|98,0.5618
7072.617036,-0.377441,-17.148142,-0.009871,14.261980,0.018113,-0.001319,-4.704351,-0.138733,4.706396,93|94|95|96|97|98,0.5628
7072.633702,-0.377441,-17.148141,-0.009871,14.269253,0.018063,-0.001302,-4.711624,-0.138682,4.713665,93|94|95|96|97|98,0.5628
7072.650369,-0.383990,-17.156861,-0.009842,14.276600,0.017998,-0.001392,-4.714233,-0.142178,4.716377,93|94|95|96|97|98,0.5628
7072.667036,-0.390717,-17.165968,-0.009712,14.276600,0.017998,-0.001392,-4.709285,-0.145836,4.711543,93|94|95|96|97|98,0.5632
7072.683702,-0.392132,-17.194308,-0.009529,14.283688,0.018019,-0.001434,-4.700971,-0.146632,4.703257,93|94|95|96|97|98,0.5635
7072.700369,-0.391785,-17.201116,-0.009302,14.290085,0.017846,-0.001400,-4.703668,-0.146272,4.705942,93|94|95|96|97|98,0.5626
7072.717036,-0.391784,-17.201119,-0.009300,14.303597,0.017626,-0.001454,-4.717178,-0.146052,4.719439,93|94|95|96|97|98,0.5641
7072.750369,-0.394280,-17.200509,-0.009097,14.317999,0.018904,-0.001407,-4.731912,-0.148686,4.734248,93|94|95|96|97|98,0.5645
7072.783702,-0.378922,-17.236449,-0.009389,14.332005,0.019458,-0.001538,-4.726383,-0.140900,4.728483,93|94|95|96|97|98,0.5615
7072.800369,-0.378922,-17.236450,-0.009386,14.339007,0.018932,-0.001533,-4.733384,-0.140375,4.735465,93|94|95|96|97|98,0.5616
7072.817036,-0.367134,-17.241374,-0.009763,14.339007,0.018932,-0.001533,-4.730705,-0.133969,4.732602,93|94|95|96|97|98,0.5639
7072.833702,-0.378421,-17.262481,-0.008882,14.346157,0.018647,-0.001591,-4.726387,-0.139823,4.728455,93|94|95|96|97|98,0.5628
7072.850369,-0.382320,-17.274586,-0.008769,14.353522,0.018566,-0.001629,-4.727174,-0.141864,4.729302,93|94|95|96|97|98,0.5621
7072.867036,-0.383378,-17.288172,-0.008627,14.367127,0.019409,-0.001382,-4.733395,-0.143284,4.735563,93|94|95|96|97|98,0.5639
7072.883702,-0.374075,-17.290970,-0.008295,14.367127,0.019409,-0.001382,-4.731873,-0.138229,4.733891,93|94|95|96|97|98,0.5636
7072.900369,-0.371399,-17.296641,-0.007985,14.374233,0.018851,-0.001336,-4.735896,-0.136218,4.737855,93|94|95|96|97|98,0.5641
7072.917036,-0.371398,-17.296642,-0.007984,14.389151,0.018433,-0.001257,-4.750813,-0.135799,4.752754,93|94|95|96|97|98,0.5630
7072.933702,-0.379007,-17.306007,-0.007743,14.396261,0.018710,-0.000991,-4.752836,-0.140214,4.754904,93|94|95|96|97|98,0.5633
7072.950369,-0.384993,-17.332384,-0.007910,14.396261,0.018710,-0.000991,-4.738502,-0.143472,4.740674,93|94|95|96|97|98,0.5636
7072.967036,-0.384996,-17.332388,-0.007912,14.409357,0.020065,-0.000716,-4.751596,-0.144828,4.753802,93|94|95|96|97|98,0.5628
7072.983702,-0.379924,-17.339822,-0.007775,14.409357,0.020065,-0.000716,-4.747555,-0.142074,4.749680,93|94|95|96|97|98,0.5618
7073.000369,-0.367074,-17.340416,-0.007816,14.423619,0.019691,-0.000739,-4.761490,-0.134717,4.763395,93|94|95|96|97|98,0.5624
7073.017036,-0.364535,-17.356660,-0.008221,14.423619,0.019691,-0.000739,-4.752661,-0.133340,4.754531,93|94|95|96|97|98,0.5639
7073.050369,-0.364636,-17.383135,-0.008346,14.438214,0.020410,-0.000314,-4.752868,-0.134119,4.754760,93|94|95|96|97|98|99|100,0.5599
7073.067036,-0.355688,-17.389703,-0.007789,14.451937,0.019732,0.000034,-4.763020,-0.128579,4.764755,93|94|95|96|97|98|99|100,0.5528
7073.083702,-0.355587,-17.390850,-0.007230,14.459164,0.019273,0.000040,-4.769623,-0.128066,4.771342,95|96|97|98|99|100,0.5635
7073.100369,-0.366175,-17.404723,-0.006612,14.459164,0.019273,0.000040,-4.762086,-0.133823,4.763966,95|96|97|98|99|100,0.5643
7073.117036,-0.372583,-17.415941,-0.006983,14.466675,0.019141,0.000065,-4.763502,-0.137176,4.765476,95|96|97|98|99|100,0.5649
7073.133702,-0.374369,-17.428914,-0.007197,14.480669,0.019801,0.000732,-4.770445,-0.138809,4.772465,95|96|97|98|99|100,0.5639
7073.150369,-0.371037,-17.436422,-0.006995,14.487557,0.019737,0.000963,-4.773252,-0.136936,4.775215,95|96|97|98|99|100,0.5628
7073.167036,-0.364099,-17.440793,-0.006910,14.487557,0.019737,0.000963,-4.770875,-0.133166,4.772733,95|96|97|98|99|100,0.5635
7073.183702,-0.366142,-17.449343,-0.006625,14.494631,0.019283,0.000991,-4.773303,-0.133824,4.775178,95|96|97|98|99|100,0.5633
7073.200369,-0.366140,-17.449344,-0.006628,14.501953,0.019209,0.001038,-4.780625,-0.133749,4.782495,95|96|97|98|99|100,0.5641
7073.233702,-0.372780,-17.459746,-0.006350,14.516550,0.019248,0.001473,-4.789570,-0.137399,4.791540,95|96|97|98|99|100,0.5624
7073.250369,-0.372287,-17.492787,-0.006612,14.523169,0.019629,0.001454,-4.778231,-0.137519,4.780210,95|96|97|98|99|100,0.5605
7073.267036,-0.372288,-17.492786,-0.006613,14.537611,0.018796,0.001463,-4.792674,-0.136686,4.794623,95|96|97|98|99|100,0.5599
7073.283702,-0.377154,-17.502006,-0.005596,14.537611,0.018796,0.001463,-4.787664,-0.139333,4.789691,95|96|97|98|99|100,0.5604
7073.300369,-0.379732,-17.511914,-0.005511,14.552019,0.018694,0.001472,-4.796688,-0.140634,4.798749,95|96|97|98|99|100,0.5614
7073.317036,-0.379731,-17.511914,-0.005509,14.558684,0.018985,0.001645,-4.803353,-0.140925,4.805419,95|96|97|98|99|100,0.5624
7073.333702,-0.381492,-17.527570,-0.005472,14.565405,0.019183,0.001722,-4.801565,-0.142083,4.803667,95|96|97|98|99|100,0.5627
7073.350369,-0.381492,-17.527570,-0.005470,14.565405,0.019183,0.001722,-4.801565,-0.142083,4.803667,95|96|97|98|99|100,0.5621
7073.367036,-0.375526,-17.538270,-0.005506,14.573113,0.019252,0.001548,-4.803457,-0.138912,4.805465,95|96|97|98|99|100,0.5618
7073.383702,-0.375526,-17.538269,-0.005507,14.587992,0.018980,0.001498,-4.818336,-0.138640,4.820330,95|96|97|98|99|100,0.5617
7073.400369,-0.377672,-17.570431,-0.005478,14.587992,0.018980,0.001498,-4.800857,-0.139813,4.802893,95|96|97|98|99|100,0.5613
7073.433702,-0.375421,-17.589939,-0.005184,14.608355,0.018933,0.001819,-4.810618,-0.138547,4.812612,95|96|97|98|99|100,0.5606
7073.450369,-0.370720,-17.590883,-0.005573,14.615372,0.018479,0.001764,-4.817121,-0.135538,4.819027,95|96|97|98|99|100,0.5616
7073.467036,-0.370719,-17.590882,-0.005572,14.622597,0.018358,0.001863,-4.824347,-0.135416,4.826247,95|96|97|98|99|100,0.5632
7073.483702,-0.386850,-17.609806,-0.005514,14.622597,0.018358,0.001863,-4.814065,-0.144187,4.816224,95|96|97|98|99|100,0.5632
7073.500369,-0.388815,-17.622100,-0.005317,14.629521,0.018657,0.002006,-4.814308,-0.145556,4.816508,95|96|97|98|99|100,0.5629
7073.517036,-0.384772,-17.627798,-0.005082,14.636316,0.018997,0.001992,-4.818006,-0.143701,4.820148,95|96|97|98|99|100,0.5626
7073.533702,-0.384772,-17.627798,-0.005080,14.650274,0.019624,0.002154,-4.831964,-0.144327,4.834119,95|96|97|98|99|100,0.5627
7073.550369,-0.375550,-17.639036,-0.004794,14.657372,0.019409,0.002156,-4.832952,-0.139102,4.834953,95|96|97|98|99|100,0.5615
7073.567036,-0.375549,-17.639034,-0.004794,14.657372,0.019409,0.002156,-4.832953,-0.139102,4.834954,95|96|97|98|99|100,0.5616
7073.583702,-0.376001,-17.661983,-0.005312,14.664360,0.019178,0.002138,-4.827469,-0.139122,4.829474,95|96|97|98|99|100|101,0.5558
7073.600369,-0.379450,-17.672277,-0.005084,14.671501,0.019085,0.002169,-4.829016,-0.140906,4.831072,96|97|98|99|100|101,0.5623
7073.617036,-0.379452,-17.672277,-0.005086,14.685490,0.018752,0.002216,-4.843005,-0.140574,4.845044,96|97|98|99|100|101,0.5622
7073.633702,-0.379614,-17.682662,-0.005789,14.685490,0.018752,0.002216,-4.837361,-0.140664,4.839405,96|97|98|99|100|101,0.5627
7073.667036,-0.379614,-17.682665,-0.005789,14.707577,0.018319,0.002704,-4.859446,-0.140230,4.861469,96|97|98|99|100|101,0.5625
7073.683702,-0.390960,-17.706942,-0.005307,14.714369,0.018744,0.002685,-4.853047,-0.146827,4.855267,96|97|98|99|100|101,0.5632
7073.700369,-0.393835,-17.720763,-0.004835,14.721148,0.018982,0.002643,-4.852315,-0.148630,4.854591,96|97|98|99|100|101,0.5638
7073.717036,-0.385570,-17.733134,-0.004937,14.721148,0.018982,0.002643,-4.845589,-0.144141,4.847733,96|97|98|99|100|101,0.5638
7073.750369,-0.391158,-17.751334,-0.005194,14.735687,0.018198,0.002561,-4.850239,-0.146397,4.852448,96|97|98|99|100|101,0.5642
7073.767036,-0.394827,-17.764383,-0.005249,14.750048,0.018102,0.002693,-4.857509,-0.148299,4.859772,96|97|98|99|100|101,0.5641
7073.783702,-0.398789,-17.777861,-0.005462,14.750048,0.018102,0.002693,-4.850184,-0.150455,4.852517,96|97|98|99|100|101,0.5635
7073.800369,-0.396296,-17.785319,-0.004993,14.756485,0.018400,0.002787,-4.852568,-0.149399,4.854867,96|97|98|99|100|101,0.5638
7073.817036,-0.396297,-17.785321,-0.004991,14.770682,0.017771,0.002699,-4.866763,-0.148771,4.869036,96|97|98|99|100|101,0.5632
7073.833702,-0.392759,-17.785129,-0.004341,14.777960,0.017927,0.002856,-4.874145,-0.147004,4.876361,96|97|98|99|100|101,0.5633
7073.850369,-0.398069,-17.794119,-0.004180,14.777960,0.017927,0.002856,-4.869260,-0.149892,4.871567,96|97|98|99|100|101,0.5625
7073.867036,-0.400129,-17.817839,-0.004156,14.784674,0.018730,0.002945,-4.863083,-0.151819,4.865453,96|97|98|99|100|101,0.5621
7073.883702,-0.388974,-17.820902,-0.004420,14.798201,0.019946,0.002961,-4.874943,-0.146973,4.877158,96|97|98|99|100|101,0.5627
7073.900369,-0.388974,-17.820902,-0.004419,14.805666,0.019582,0.002914,-4.882409,-0.146609,4.884609,96|97|98|99|100|101,0.5622
7073.917036,-0.373156,-17.831760,-0.004696,14.805666,0.019582,0.002914,-4.876504,-0.138015,4.878457,96|97|98|99|100|101,0.5625
7073.933702,-0.373156,-17.831758,-0.004700,14.820357,0.018875,0.002999,-4.891196,-0.137308,4.893123,96|97|98|99|100|101,0.5627
7073.950369,-0.379005,-17.846533,-0.005054,14.820357,0.018875,0.002999,-4.883167,-0.140489,4.885188,96|97|98|99|100|101,0.5641
7073.967036,-0.388674,-17.873013,-0.004358,14.827040,0.019416,0.003165,-4.875461,-0.146291,4.877655,96|97|98|99|100|101,0.5644
7073.983702,-0.388675,-17.873016,-0.004354,14.833857,0.019685,0.003163,-4.882276,-0.146560,4.884475,96|97|98|99|100|101,0.5639
7074.000369,-0.377646,-17.880020,-0.004273,14.840840,0.019594,0.003268,-4.885450,-0.140477,4.887470,96|97|98|99|100|101,0.5634
7074.017036,-0.379516,-17.889712,-0.004209,14.855946,0.018887,0.003302,-4.895290,-0.140788,4.897314,96|97|98|99|100|101,0.5627
7074.033702,-0.385354,-17.903717,-0.003989,14.855946,0.018887,0.003302,-4.887680,-0.143964,4.889799,96|97|98|99|100|101,0.5636
7074.050369,-0.385354,-17.903716,-0.003991,14.862995,0.019185,0.003291,-4.894729,-0.144262,4.896855,96|97|98|99|100|101,0.5635
7074.067036,-0.385913,-17.924338,-0.005564,14.869278,0.019948,0.003617,-4.889805,-0.145334,4.891964,96|97|98|99|100|101|102|103,0.5610
7074.083702,-0.376450,-17.924944,-0.004636,14.875742,0.020504,0.003662,-4.895938,-0.140746,4.897960,96|97|98|99|100|101|102|103,0.5631
7074.117036,-0.376453,-17.924968,-0.004636,14.897749,0.020550,0.003561,-4.917931,-0.140794,4.919946,96|97|98|99|100|101|102|103,0.5580
7074.150369,-0.368983,-17.936853,-0.003979,14.911982,0.021493,0.003846,-4.925703,-0.137679,4.927627,98|99|100|101|102|103,0.5622
7074.167036,-0.369964,-17.969671,-0.004248,14.918778,0.021095,0.003995,-4.914663,-0.137822,4.916595,98|99|100|101|102|103,0.5619
7074.183702,-0.362589,-17.975389,-0.004284,14.925970,0.020507,0.004147,-4.918747,-0.133227,4.920551,98|99|100|101|102|103,0.5621
7074.217036,-0.371659,-18.000564,-0.002954,14.940766,0.020202,0.004530,-4.919862,-0.137856,4.921793,98|99|100|101|102|103,0.5651
7074.233702,-0.376865,-18.013561,-0.002923,14.940766,0.020202,0.004530,-4.912800,-0.140687,4.914814,98|99|100|101|102|103,0.5651
7074.250369,-0.375932,-18.020183,-0.002537,14.947388,0.020520,0.004818,-4.915823,-0.140501,4.917830,98|99|100|101|102|103,0.5648
7074.283702,-0.370013,-18.031135,-0.002934,14.961220,0.020749,0.004990,-4.923701,-0.137515,4.925621,98|99|100|101|102|103,0.5629
7074.300369,-0.370430,-18.042426,-0.003277,14.975395,0.020583,0.005114,-4.931741,-0.137578,4.933659,98|99|100|101|102|103,0.5621
7074.333702,-0.373888,-18.061663,-0.003657,14.982441,0.020465,0.005085,-4.928332,-0.139343,4.930302,98|99|100|101|102|103,0.5630
7074.350369,-0.373888,-18.061662,-0.003655,14.989603,0.020448,0.005155,-4.935495,-0.139326,4.937461,98|99|100|101|102|103,0.5629
7074.383702,-0.372798,-18.087224,-0.003821,15.010847,0.020208,0.005591,-4.942846,-0.138499,4.944786,98|99|100|101|102|103,0.5601
7074.400369,-0.372798,-18.087224,-0.003820,15.017945,0.020079,0.005614,-4.949944,-0.138371,4.951877,98|99|100|101|102|103,0.5621
7074.417036,-0.382902,-18.105118,-0.003187,15.017945,0.020079,0.005614,-4.940220,-0.143865,4.942315,98|99|100|101|102|103,0.5644
7074.433702,-0.382902,-18.105120,-0.003189,15.031731,0.020286,0.005401,-4.954006,-0.144072,4.956100,98|99|100|101|102|103,0.5634
7074.450369,-0.385070,-18.110848,-0.003433,15.039316,0.021120,0.005121,-4.958479,-0.146086,4.960630,98|99|100|101|102|103,0.5642
7074.467036,-0.385997,-18.114683,-0.003225,15.046635,0.020974,0.005098,-4.963713,-0.146444,4.965873,98|99|100|101|102|103,0.5632
7074.483702,-0.372349,-18.139824,-0.003965,15.046635,0.020974,0.005098,-4.950047,-0.139032,4.951999,98|99|100|101|102|103,0.5634
7074.517036,-0.377106,-18.159384,-0.004145,15.068232,0.020840,0.005080,-4.961014,-0.141487,4.963031,98|99|100|101|102|103,0.5635
7074.550369,-0.377819,-18.175257,-0.003308,15.082377,0.020432,0.005175,-4.966532,-0.141470,4.968547,98|99|100|101|102|103,0.5601
7074.567036,-0.377819,-18.175255,-0.003307,15.089615,0.020102,0.005247,-4.973772,-0.141140,4.975774,98|99|100|101|102|103,0.5614
7074.583702,-0.385652,-18.196024,-0.003549,15.089615,0.020102,0.005247,-4.962486,-0.145401,4.964616,98|99|100|101|102|103|104,0.5556
7074.600369,-0.385671,-18.196096,-0.003547,15.103188,0.020439,0.005346,-4.976020,-0.145749,4.978154,98|99|100|101|102|103|104,0.5611
7074.617036,-0.388592,-18.212092,-0.003095,15.103188,0.020439,0.005346,-4.967327,-0.147340,4.969512,98|99|100|101|102|103|104,0.5564
7074.650369,-0.385892,-18.224237,-0.003382,15.117134,0.021413,0.005175,-4.974672,-0.146849,4.976839,99|100|101|102|103|104,0.5629
7074.667036,-0.374063,-18.238405,-0.003856,15.124150,0.021534,0.005244,-4.973985,-0.140545,4.975970,99|100|101|102|103|104,0.5625
7074.683702,-0.373643,-18.246870,-0.004251,15.131109,0.021168,0.005232,-4.976345,-0.139951,4.978312,99|100|101|102|103|104,0.5643
7074.700369,-0.373643,-18.246873,-0.004249,15.138119,0.020841,0.005295,-4.983352,-0.139624,4.985308,99|100|101|102|103|104,0.5636
7074.733702,-0.385890,-18.267796,-0.002605,15.159495,0.020739,0.004461,-4.993359,-0.146183,4.995499,99|100|101|102|103|104,0.5640
7074.750369,-0.386578,-18.271240,-0.002977,15.159495,0.020739,0.004461,-4.991488,-0.146558,4.993639,99|100|101|102|103|104,0.5644
7074.783702,-0.391094,-18.301336,-0.003289,15.174042,0.020452,0.004688,-4.989680,-0.148731,4.991896,99|100|101|102|103|104,0.5644
7074.800369,-0.391092,-18.301335,-0.003290,15.180762,0.020621,0.004786,-4.996400,-0.148899,4.998618,99|100|101|102|103|104,0.5653
7074.817036,-0.391687,-18.317408,-0.003037,15.187456,0.020784,0.004820,-4.994359,-0.149389,4.996593,99|100|101|102|103|104,0.5646
7074.833702,-0.391688,-18.317409,-0.003036,15.201758,0.020794,0.004750,-5.008660,-0.149399,5.010888,99|100|101|102|103|104,0.5635
7074.850369,-0.389836,-18.323252,-0.002926,15.208861,0.020643,0.004654,-5.012587,-0.148243,5.014779,99|100|101|102|103|104,0.5625
7074.867036,-0.391089,-18.344200,-0.004374,15.215965,0.020481,0.004582,-5.008308,-0.148766,5.010517,99|100|101|102|103|104,0.5641
7074.883702,-0.391090,-18.344201,-0.004375,15.223086,0.020537,0.004620,-5.015427,-0.148823,5.017634,99|100|101|102|103|104,0.5647
7074.900369,-0.393683,-18.354016,-0.004050,15.230129,0.020512,0.004654,-5.017137,-0.150209,5.019385,99|100|101|102|103|104,0.5638
7074.917036,-0.396667,-18.363552,-0.004017,15.230129,0.020512,0.004654,-5.011955,-0.151832,5.014255,99|100|101|102|103|104,0.5627
7074.933702,-0.397262,-18.379253,-0.004130,15.244837,0.019982,0.004791,-5.018130,-0.151629,5.020420,99|100|101|102|103|104,0.5636
7074.950369,-0.404049,-18.390005,-0.004003,15.251570,0.020637,0.004787,-5.019020,-0.155975,5.021444,99|100|101|102|103|104,0.5637
7074.967036,-0.404047,-18.390002,-0.004002,15.251570,0.020637,0.004787,-5.019022,-0.155974,5.021445,99|100|101|102|103|104,0.5628
7074.983702,-0.395808,-18.405321,-0.003075,15.258223,0.021090,0.004765,-5.017347,-0.151953,5.019648,99|100|101|102|103|104,0.5625
7075.033702,-0.378587,-18.428876,-0.003793,15.280123,0.021578,0.005019,-5.026443,-0.143087,5.028479,99|100|101|102|103|104,0.5627
7075.050369,-0.385904,-18.446378,-0.003511,15.287619,0.021202,0.005142,-5.024428,-0.146691,5.026569,99|100|101|102|103|104,0.5632
7075.067036,-0.385903,-18.446377,-0.003515,15.294367,0.021646,0.005155,-5.031177,-0.147134,5.033328,99|100|101|102|103|104,0.5638
7075.083702,-0.390991,-18.458532,-0.003222,15.308008,0.021969,0.004962,-5.038213,-0.150225,5.040452,99|100|101|102|103|104,0.5631
7075.100369,-0.384426,-18.466954,-0.001522,15.315510,0.021935,0.004994,-5.041136,-0.146625,5.043268,99|100|101|102|103|104|106,0.5543
7075.117036,-0.384485,-18.466997,-0.001474,15.322790,0.021816,0.005028,-5.048393,-0.146538,5.050520,99|100|101|102|103|104|106,0.5606
7075.133702,-0.380523,-18.473607,-0.004650,15.330073,0.021692,0.005053,-5.052082,-0.144262,5.054141,99|100|101|102|103|104|105|106,0.5615
7075.150369,-0.382667,-18.487575,-0.004587,15.337088,0.021982,0.005114,-5.051507,-0.145720,5.053608,101|102|103|104|105|106,0.5658
7075.183702,-0.384718,-18.497660,-0.005114,15.350420,0.022771,0.005466,-5.059359,-0.147626,5.061512,101|102|103|104|105|106,0.5656
7075.200369,-0.383019,-18.510812,-0.005487,15.358267,0.023076,0.005696,-5.060057,-0.147010,5.062192,101|102|103|104|105|106,0.5659
7075.217036,-0.377882,-18.513722,-0.004942,15.358267,0.023076,0.005696,-5.058474,-0.144218,5.060530,101|102|103|104|105|106,0.5667
7075.233702,-0.370884,-18.540364,-0.004981,15.373450,0.023475,0.005662,-5.059176,-0.140820,5.061136,101|102|103|104|105|106,0.5659
7075.250369,-0.373396,-18.557182,-0.004753,15.380474,0.023915,0.005629,-5.057061,-0.142629,5.059072,101|102|103|104|105|106,0.5648
7075.267036,-0.366152,-18.563828,-0.004610,15.387398,0.023880,0.005723,-5.060372,-0.138658,5.062271,101|102|103|104|105|106,0.5640
7075.283702,-0.366152,-18.563830,-0.004614,15.387398,0.023880,0.005723,-5.060370,-0.138658,5.062270,101|102|103|104|105|106,0.5625
7075.300369,-0.360707,-18.569744,-0.004160,15.402115,0.022847,0.005725,-5.071873,-0.134667,5.073660,101|102|103|104|105|106,0.5622
7075.317036,-0.372581,-18.588270,-0.004430,15.409434,0.022803,0.006058,-5.069125,-0.141080,5.071088,101|102|103|104|105|106,0.5638
7075.333702,-0.372579,-18.588269,-0.004428,15.409434,0.022803,0.006058,-5.069126,-0.141079,5.071088,101|102|103|104|105|106,0.5635
7075.350369,-0.378230,-18.608398,-0.004491,15.416069,0.023080,0.006317,-5.064822,-0.144431,5.066881,101|102|103|104|105|106,0.5631
7075.367036,-0.375900,-18.613086,-0.003848,15.429930,0.023454,0.006467,-5.076135,-0.143540,5.078164,101|102|103|104|105|106,0.5645
7075.383702,-0.375900,-18.613085,-0.003849,15.429930,0.023454,0.006467,-5.076135,-0.143540,5.078164,101|102|103|104|105|106,0.5632
7075.400369,-0.372296,-18.630329,-0.003633,15.437029,0.023367,0.006511,-5.073862,-0.141498,5.075835,101|102|103|104|105|106,0.5626
7075.417036,-0.372295,-18.630329,-0.003632,15.451134,0.023134,0.006524,-5.087967,-0.141264,5.089928,101|102|103|104|105|106,0.5636
7075.433702,-0.376240,-18.649280,-0.003303,15.451134,0.023134,0.006524,-5.077668,-0.143412,5.079693,101|102|103|104|105|106,0.5629
7075.450369,-0.376241,-18.649281,-0.003304,15.465491,0.023404,0.006589,-5.092024,-0.143683,5.094051,101|102|103|104|105|106,0.5622
7075.467036,-0.380502,-18.668068,-0.003532,15.472466,0.023407,0.007073,-5.088790,-0.146005,5.090884,101|102|103|104|105|106,0.5609
7075.483702,-0.380501,-18.668067,-0.003531,15.479721,0.023058,0.007184,-5.096046,-0.145656,5.098128,101|102|103|104|105|106,0.5598
7075.500369,-0.378304,-18.683125,-0.003122,15.486876,0.022900,0.007179,-5.095017,-0.144307,5.097060,101|102|103|104|105|106,0.5615
7075.517036,-0.378305,-18.683126,-0.003122,15.486876,0.022900,0.007179,-5.095016,-0.144308,5.097059,101|102|103|104|105|106,0.5628
7075.550369,-0.388504,-18.703432,-0.003607,15.500635,0.022962,0.007279,-5.097742,-0.149917,5.099946,101|102|103|104|105|106,0.5648
7075.567036,-0.387366,-18.709685,-0.002931,15.508196,0.023968,0.007095,-5.101904,-0.150306,5.104118,101|102|103|104|105|106,0.5648
7075.600369,-0.375143,-18.737751,-0.001731,15.530079,0.023985,0.008509,-5.108531,-0.143686,5.110552,101|102|103|104|105|106,0.5643
7075.617036,-0.377681,-18.748009,-0.003009,15.530079,0.023985,0.008509,-5.102957,-0.145068,5.105018,101|102|103|104|105|106|107,0.5596
7075.633702,-0.377659,-18.748053,-0.003050,15.537182,0.024049,0.008509,-5.110036,-0.145119,5.112096,101|102|103|104|105|106|107,0.5637
7075.650369,-0.381071,-18.763306,-0.002573,15.544165,0.024252,0.008506,-5.108730,-0.147180,5.110849,101|102|103|104|105|106|107,0.5604
7075.667036,-0.379538,-18.767444,-0.002364,15.551337,0.024039,0.008513,-5.113652,-0.146135,5.115740,101|102|103|104|105|106|107,0.5551
7075.683702,-0.379704,-18.768729,-0.002398,15.558293,0.023873,0.008545,-5.119910,-0.146059,5.121993,102|103|104|105|106|107,0.5630
7075.700369,-0.383702,-18.782544,-0.002590,15.572106,0.023746,0.008644,-5.126215,-0.148108,5.128355,102|103|104|105|106|107,0.5638
7075.717036,-0.389575,-18.800720,-0.002187,15.572106,0.023746,0.008644,-5.116338,-0.151303,5.118575,102|103|104|105|106|107,0.5647
7075.733702,-0.389999,-18.806081,-0.001950,15.586079,0.024555,0.008487,-5.127398,-0.152344,5.129661,102|103|104|105|106|107,0.5642
7075.750369,-0.390000,-18.806082,-0.001951,15.586079,0.024555,0.008487,-5.127398,-0.152344,5.129660,102|103|104|105|106|107,0.5642
7075.767036,-0.390454,-18.811524,-0.002147,15.600075,0.024793,0.008483,-5.138436,-0.152830,5.140709,102|103|104|105|106|107,0.5631
7075.783702,-0.379726,-18.825800,-0.002565,15.607054,0.024397,0.008522,-5.137654,-0.146606,5.139746,102|103|104|105|106|107,0.5625
7075.800369,-0.378253,-18.843879,-0.002223,15.607054,0.024397,0.008522,-5.127829,-0.145810,5.129901,102|103|104|105|106|107,0.5623
7075.817036,-0.384527,-18.852354,-0.000743,15.620453,0.024056,0.008414,-5.136623,-0.148880,5.138780,102|103|104|105|106|107,0.5636
7075.833702,-0.387482,-18.855541,-0.001911,15.620453,0.024056,0.008414,-5.134891,-0.150487,5.137096,102|103|104|105|106|107,0.5650
7075.850369,-0.391060,-18.857730,-0.001910,15.635998,0.024292,0.008792,-5.149247,-0.152668,5.151510,102|103|104|105|106|107,0.5643
7075.867036,-0.391059,-18.857727,-0.001908,15.635998,0.024292,0.008792,-5.149249,-0.152667,5.151512,102|103|104|105|106|107,0.5636
7075.883702,-0.387035,-18.878145,-0.001498,15.650072,0.024116,0.009077,-5.152226,-0.150309,5.154418,102|103|104|105|106|107,0.5650
7075.900369,-0.390066,-18.888630,-0.002138,15.650072,0.024116,0.009077,-5.146528,-0.151959,5.148771,102|103|104|105|106|107,0.5647
7075.917036,-0.394137,-18.905853,-0.001888,15.656780,0.024205,0.009083,-5.143877,-0.154263,5.146190,102|103|104|105|106|107,0.5644
7075.950369,-0.394137,-18.905853,-0.001889,15.678162,0.024501,0.008598,-5.165258,-0.154560,5.167570,102|103|104|105|106|107,0.5627
7075.967036,-0.387450,-18.923329,-0.001567,15.685322,0.024321,0.008550,-5.162919,-0.150748,5.165120,102|103|104|105|106|107,0.5634
7075.983702,-0.393720,-18.941887,-0.001170,15.685322,0.024321,0.008550,-5.152835,-0.154160,5.155140,102|103|104|105|106|107,0.5636
7076.000369,-0.397189,-18.951552,-0.001740,15.699492,0.024422,0.008629,-5.161753,-0.156149,5.164114,102|103|104|105|106|107,0.5628
7076.033702,-0.397526,-18.965352,-0.002344,15.706803,0.024018,0.008556,-5.161563,-0.155931,5.163918,102|103|104|105|106|107,0.5614
7076.050369,-0.403824,-18.977889,-0.002688,15.720782,0.024572,0.008671,-5.168730,-0.159910,5.171203,102|103|104|105|106|107,0.5626
7076.067036,-0.403824,-18.977889,-0.002684,15.720782,0.024572,0.008671,-5.168730,-0.159910,5.171203,102|103|104|105|106|107,0.5626
7076.083702,-0.397890,-18.994128,-0.002575,15.734150,0.025479,0.008564,-5.173272,-0.157596,5.175672,102|103|104|105|106|107,0.5625
7076.100369,-0.397890,-18.994129,-0.002578,15.734150,0.025479,0.008564,-5.173271,-0.157596,5.175671,102|103|104|105|106|107,0.5635
7076.117036,-0.386624,-19.003139,-0.002008,15.741238,0.026216,0.008520,-5.175460,-0.152211,5.177697,102|103|104|105|106|107,0.5622
7076.133702,-0.377162,-19.014241,-0.001955,15.756483,0.025367,0.008520,-5.184669,-0.146222,5.186731,102|103|104|105|106|107,0.5614
7076.150369,-0.377162,-19.014241,-0.001953,15.763342,0.025707,0.008645,-5.191528,-0.146562,5.193597,102|103|104|105|106|107,0.5630
7076.167036,-0.383696,-19.034212,-0.002316,15.763342,0.025707,0.008645,-5.180676,-0.150117,5.182850,102|103|104|105|106|107|108|109,0.5509
7076.183702,-0.385607,-19.050199,-0.001834,15.770190,0.025870,0.008644,-5.178835,-0.151323,5.181045,102|104|105|106|107|108|109,0.5565
7076.200369,-0.384853,-19.056206,-0.003814,15.777073,0.025999,0.008654,-5.182454,-0.151043,5.184654,104|105|106|107|108|109,0.5641
7076.217036,-0.383457,-19.062261,-0.004451,15.791712,0.026124,0.008669,-5.193802,-0.150410,5.195979,104|105|106|107|108|109,0.5643
7076.250369,-0.383456,-19.062261,-0.004451,15.798910,0.026014,0.008699,-5.201000,-0.150300,5.203172,104|105|106|107|108|109,0.5643
7076.267036,-0.385839,-19.094770,-0.003842,15.805939,0.026199,0.008742,-5.190361,-0.151787,5.192580,104|105|106|107|108|109,0.5642
7076.283702,-0.383832,-19.099846,-0.003686,15.819136,0.026995,0.008924,-5.200799,-0.151493,5.203005,104|105|106|107|108|109,0.5645
7076.300369,-0.383832,-19.099846,-0.003687,15.826731,0.027242,0.008721,-5.208394,-0.151740,5.210604,104|105|106|107|108|109,0.5663
7076.317036,-0.374796,-19.105891,-0.003675,15.834797,0.027282,0.008664,-5.213173,-0.146871,5.215241,104|105|106|107|108|109,0.5665
7076.333702,-0.374800,-19.105887,-0.003664,15.842179,0.027629,0.008612,-5.220557,-0.147220,5.222632,104|105|106|107|108|109,0.5650
7076.367036,-0.372160,-19.123254,-0.003722,15.849219,0.028076,0.008528,-5.218158,-0.146235,5.220207,104|105|106|107|108|109,0.5649
7076.383702,-0.363536,-19.156844,-0.003903,15.863322,0.027674,0.008440,-5.214003,-0.141153,5.215913,104|105|106|107|108|109,0.5645
7076.400369,-0.359491,-19.163744,-0.002658,15.863322,0.027674,0.008440,-5.210253,-0.138956,5.212105,104|105|106|107|108|109,0.5638
7076.417036,-0.371091,-19.173848,-0.003262,15.877472,0.027502,0.008528,-5.218914,-0.145091,5.220931,104|105|106|107|108|109,0.5643
7076.433702,-0.371092,-19.173846,-0.003259,15.884554,0.027464,0.008576,-5.225997,-0.145053,5.228010,104|105|106|107|108|109,0.5644
7076.450369,-0.373253,-19.182877,-0.003948,15.891356,0.027654,0.008667,-5.227891,-0.146420,5.229941,104|105|106|107|108|109,0.5639
7076.483702,-0.375203,-19.206765,-0.003042,15.905857,0.027540,0.008891,-5.229410,-0.147371,5.231487,104|105|106|107|108|109,0.5632
7076.500369,-0.375203,-19.206766,-0.003042,15.913485,0.027227,0.008956,-5.237038,-0.147057,5.239102,104|105|106|107|108|109,0.5634
7076.517036,-0.379260,-19.231054,-0.003352,15.920862,0.027100,0.009215,-5.231216,-0.149141,5.233342,104|105|106|107|108|109,0.5641
7076.533702,-0.379261,-19.231052,-0.003352,15.927523,0.027485,0.009121,-5.237878,-0.149526,5.240012,104|105|106|107|108|109,0.5631
7076.550369,-0.384873,-19.245449,-0.002781,15.934204,0.027827,0.009114,-5.236736,-0.152921,5.238968,104|105|106|107|108|109,0.5634
7076.567036,-0.381757,-19.259351,-0.002388,15.941185,0.027761,0.009109,-5.236161,-0.151164,5.238342,104|105|106|107|108|109,0.5632
7076.583702,-0.377881,-19.263944,-0.002389,15.948399,0.027503,0.009122,-5.240877,-0.148801,5.242989,104|105|106|107|108|109,0.5616
7076.600369,-0.379635,-19.271409,-0.003180,15.955582,0.027303,0.009147,-5.244004,-0.149556,5.246136,104|105|106|107|108|109,0.5617
7076.617036,-0.379636,-19.271408,-0.003180,15.955582,0.027303,0.009147,-5.244004,-0.149556,5.246136,104|105|106|107|108|109,0.5635
7076.633702,-0.384067,-19.280795,-0.002582,15.969277,0.027451,0.009294,-5.252598,-0.152115,5.254800,104|105|106|107|108|109,0.5636
7076.650369,-0.387964,-19.293629,-0.002406,15.976078,0.027973,0.008786,-5.252426,-0.154756,5.254705,104|105|106|107|108|109,0.5636
7076.667036,-0.387963,-19.293630,-0.002406,15.983645,0.028147,0.008578,-5.259991,-0.154930,5.262272,104|105|106|107|108|109,0.5634
7076.683702,-0.378846,-19.309414,-0.003174,15.990805,0.028156,0.008554,-5.258571,-0.149988,5.260710,104|105|106|107|108|109|110,0.5633
7076.700369,-0.378376,-19.325635,-0.003888,15.990805,0.028156,0.008554,-5.249755,-0.149736,5.251890,105|106|107|108|109|110,0.5641
7076.717036,-0.379409,-19.334722,-0.003972,15.997959,0.028162,0.008546,-5.251972,-0.150305,5.254122,105|106|107|108|109|110,0.5639
7076.733702,-0.379410,-19.334722,-0.003971,16.011975,0.028565,0.008528,-5.265987,-0.150709,5.268143,105|106|107|108|109|110,0.5636
7076.767036,-0.380196,-19.344323,-0.004253,16.018952,0.027990,0.008532,-5.267746,-0.150563,5.269897,105|106|107|108|109|110,0.5626
7076.783702,-0.385375,-19.369010,-0.004584,16.033356,0.027449,0.008675,-5.268735,-0.152841,5.270951,105|106|107|108|109|110,0.5621
7076.800369,-0.393010,-19.380418,-0.004618,16.040015,0.027780,0.008687,-5.269195,-0.157325,5.271543,105|106|107|108|109|110,0.5627
7076.817036,-0.393956,-19.390619,-0.003992,16.046629,0.028010,0.008607,-5.270265,-0.158071,5.272635,105|106|107|108|109|110,0.5638
7076.850369,-0.393955,-19.390623,-0.003995,16.060637,0.028920,0.008718,-5.284271,-0.158979,5.286662,105|106|107|108|109|110,0.5634
7076.883702,-0.388115,-19.400645,-0.004162,16.074419,0.028551,0.008633,-5.292606,-0.155439,5.294888,105|106|107|108|109|110,0.5624
7076.900369,-0.381273,-19.430411,-0.004179,16.074419,0.028551,0.008633,-5.276427,-0.151726,5.278608,105|106|107|108|109|110,0.5623
7076.917036,-0.381273,-19.430412,-0.004177,16.088305,0.028567,0.008618,-5.290312,-0.151743,5.292488,105|106|107|108|109|110,0.5624
7076.950369,-0.384669,-19.439700,-0.003677,16.102959,0.027839,0.008286,-5.299919,-0.152863,5.302123,105|106|107|108|109|110,0.5628
7076.967036,-0.393211,-19.458081,-0.004242,16.110451,0.027618,0.008403,-5.297423,-0.157288,5.299758,105|106|107|108|109|110,0.5636
7076.983702,-0.397586,-19.474600,-0.004554,16.110451,0.027618,0.008403,-5.288447,-0.159668,5.290856,105|106|107|108|109|110,0.5635
7077.000369,-0.401729,-19.489271,-0.004325,16.124071,0.028366,0.008460,-5.294094,-0.162671,5.296593,105|106|107|108|109|110,0.5642
7077.017036,-0.401728,-19.489272,-0.004324,16.124071,0.028366,0.008460,-5.294094,-0.162671,5.296592,105|106|107|108|109|110,0.5640
7077.033702,-0.396498,-19.494680,-0.004694,16.138106,0.028074,0.008342,-5.305188,-0.159537,5.307586,105|106|107|108|109|110,0.5644
7077.050369,-0.389184,-19.506693,-0.005032,16.138106,0.028074,0.008342,-5.298657,-0.155565,5.300940,105|106|107|108|109|110,0.5648
7077.067036,-0.398449,-19.518801,-0.005215,16.152869,0.027676,0.008177,-5.306842,-0.160206,5.309260,105|106|107|108|109|110,0.5646
7077.083702,-0.402104,-19.532728,-0.005111,16.152869,0.027676,0.008177,-5.299273,-0.162195,5.301755,105|106|107|108|109|110,0.5646
7077.100369,-0.402104,-19.532727,-0.005111,16.166420,0.028340,0.008329,-5.312826,-0.162859,5.315321,105|106|107|108|109|110,0.5642
7077.117036,-0.401313,-19.552855,-0.004684,16.166420,0.028340,0.008329,-5.301886,-0.162433,5.304374,105|106|107|108|109|110,0.5640
7077.133702,-0.401312,-19.552856,-0.004684,16.180529,0.027594,0.007935,-5.315995,-0.161686,5.318453,105|106|107|108|109|110,0.5628
7077.150369,-0.405284,-19.560961,-0.004781,16.180529,0.027594,0.007935,-5.311591,-0.163846,5.314117,105|106|107|108|109|110,0.5637
7077.167036,-0.395448,-17.478232,-0.004257,16.194542,0.028743,0.008052,-6.457520,-0.159217,6.459482,11|105|106|107|108|109|110|112,0.5514
7077.183702,-0.394194,-17.286417,-0.004204,16.201205,0.029472,0.008010,-6.568429,-0.159225,6.570359,11|105|106|107|108|109|110|112,0.5646
7077.200369,-0.379446,-17.294512,-0.002652,16.208052,0.029948,0.008055,-6.570874,-0.151687,6.572624,11|105|106|107|108|109|110|112,0.5630
7077.217036,-0.369855,-17.259580,-0.002919,16.208052,0.029948,0.008055,-6.589856,-0.146468,6.591484,11|105|106|107|108|109|110|112,0.5528
7077.233702,-0.359358,-16.557835,-0.002059,16.215609,0.029543,0.007987,-6.978794,-0.140212,6.980203,11|107|108|109|110|112,0.5638
7077.250369,-0.366327,-16.575513,-0.002769,16.230213,0.029012,0.008051,-6.983793,-0.143472,6.985267,11|107|108|109|110|112,0.5633
7077.267036,-0.366342,-16.578116,-0.002772,16.237078,0.029663,0.008039,-6.989243,-0.144132,6.990729,11|107|108|109|110|112,0.5635
7077.283702,-0.374401,-16.602741,-0.001795,16.237078,0.029663,0.008039,-6.975861,-0.148517,6.977442,11|107|108|109|110|112,0.5642
7077.300369,-0.374415,-16.604385,-0.001792,16.251139,0.029712,0.007939,-6.989029,-0.148574,6.990608,11|107|108|109|110|112,0.5647
7077.317036,-0.365942,-16.603900,-0.002415,16.258425,0.029190,0.007817,-6.996577,-0.143447,6.998047,11|107|108|109|110|112,0.5644
7077.333702,-0.366579,-16.616811,-0.002365,16.258425,0.029190,0.007817,-6.989560,-0.143796,6.991039,11|107|108|109|110|112,0.5645
7077.350369,-0.374420,-16.626157,-0.002460,16.265913,0.028981,0.007829,-6.991970,-0.147851,6.993533,11|107|108|109|110|112,0.5645
7077.367036,-0.378366,-16.644389,-0.002696,16.272803,0.029469,0.007889,-6.988952,-0.150486,6.990572,11|107|108|109|110|112,0.5647
7077.383702,-0.378346,-16.641252,-0.002693,16.285807,0.031030,0.007924,-7.003661,-0.152036,7.005311,11|107|108|109|110|112,0.5644
7077.400369,-0.360289,-16.655028,-0.002229,16.293021,0.030901,0.007914,-7.003384,-0.142096,7.004826,11|107|108|109|110|112,0.5638
7077.417036,-0.360270,-16.652140,-0.002225,16.300377,0.030664,0.007898,-7.012310,-0.141848,7.013745,11|107|108|109|110|112,0.5641
7077.433702,-0.351560,-16.658737,-0.001774,16.300377,0.030664,0.007898,-7.008723,-0.137116,7.010064,11|107|108|109|110|112,0.5641
7077.450369,-0.354245,-16.673578,-0.002411,16.307886,0.030864,0.007852,-7.008167,-0.138778,7.009541,11|107|108|109|110|112,0.5632
7077.467036,-0.356126,-16.704316,-0.002908,16.315096,0.031500,0.008006,-6.998672,-0.140443,7.000081,11|107|108|109|110|112,0.5630
7077.483702,-0.356161,-16.709517,-0.002910,16.328810,0.031096,0.008122,-7.009559,-0.140059,7.010958,11|107|108|109|110|112,0.5615
7077.500369,-0.341481,-16.725012,-0.001948,16.328810,0.031096,0.008122,-7.001135,-0.132084,7.002381,11|107|108|109|110|112,0.5615
7077.517036,-0.341416,-16.714893,-0.001945,16.343424,0.030559,0.007907,-7.021248,-0.131510,7.022480,11|107|108|109|110|112,0.5642
7077.533702,-0.355304,-16.725489,-0.001627,16.350781,0.030656,0.008198,-7.022849,-0.139157,7.024228,11|107|108|109|110|112,0.5645
7077.550369,-0.363544,-16.754275,-0.002264,16.357516,0.031260,0.008392,-7.013942,-0.144245,7.015425,11|107|108|109|110|112,0.5657
7077.583702,-0.354516,-16.775837,-0.002807,16.364413,0.031441,0.008532,-7.009118,-0.139524,7.010506,11|107|108|109|110|112,0.5646
7077.600369,-0.353607,-16.780157,-0.001262,16.371300,0.030854,0.008526,-7.013658,-0.138444,7.015024,11|107|108|109|110|112,0.5643
7077.617036,-0.362977,-16.783257,-0.000746,16.378475,0.030727,0.008541,-7.019150,-0.143411,7.020615,11|107|108|109|110|112,0.5639
7077.650369,-0.366570,-16.814694,-0.001101,16.393011,0.030886,0.009064,-7.016601,-0.145528,7.018110,11|107|108|109|110|112,0.5646
7077.667036,-0.365833,-17.227739,-0.001406,16.399695,0.031520,0.009057,-6.798804,-0.145848,6.800368,11|107|108|109|110|112|113,0.5559
7077.683702,-0.365967,-17.249880,-0.001435,16.413760,0.030373,0.009380,-6.800835,-0.144777,6.802376,11|107|108|109|110|112|113,0.5593
7077.700369,-0.358243,-17.249964,-0.001276,16.421099,0.030263,0.009379,-6.808127,-0.140470,6.809576,11|107|108|109|110|112|113,0.5621
7077.733702,-0.366206,-16.820645,-0.000765,16.434414,0.031217,0.009428,-7.054770,-0.145662,7.056273,11|108|109|110|112|113,0.5640
7077.750369,-0.369158,-16.843593,-0.001082,16.441216,0.031585,0.009419,-7.049100,-0.147640,7.050646,11|108|109|110|112|113,0.5642
7077.767036,-0.369166,-16.844842,-0.001083,16.448410,0.031207,0.009402,-7.055616,-0.147266,7.057153,11|108|109|110|112|113,0.5650
7077.783702,-0.364848,-16.846546,-0.000385,16.448410,0.031207,0.009402,-7.054689,-0.144919,7.056178,11|108|109|110|112|113,0.5649
7077.800369,-0.367094,-16.859438,0.000138,16.455967,0.031235,0.009356,-7.055240,-0.146172,7.056754,11|108|109|110|112|113,0.5656
7077.817036,-0.367118,-16.863495,0.000133,16.470890,0.031426,0.009412,-7.067958,-0.146376,7.069474,11|108|109|110|112|113,0.5644
7077.833702,-0.368816,-16.891913,-0.000315,16.477326,0.032154,0.009315,-7.058949,-0.148033,7.060501,11|108|109|110|112|113,0.5633
7077.850369,-0.365934,-16.915288,-0.000349,16.483742,0.031325,0.009464,-7.052661,-0.145642,7.054165,11|108|109|110|112|113,0.5626
7077.867036,-0.365919,-16.912562,-0.000344,16.490343,0.030583,0.009059,-7.060744,-0.144891,7.062231,11|108|109|110|112|113,0.5618
7077.883702,-0.356734,-16.899306,-0.000437,16.497744,0.030785,0.009014,-7.075347,-0.140099,7.076734,11|108|109|110|112|113,0.5637
7077.900369,-0.369849,-16.902496,-0.000395,16.497744,0.030785,0.009014,-7.073616,-0.147228,7.075148,11|108|109|110|112|113,0.5655
7077.933702,-0.380027,-16.914264,-0.001103,16.511513,0.031559,0.009175,-7.080992,-0.153536,7.082656,11|108|109|110|112|113,0.5634
7077.967036,-0.362428,-16.950924,-0.001371,16.531988,0.031782,0.009186,-7.081539,-0.144201,7.083007,11|108|109|110|112|113,0.5629
7077.983702,-0.362017,-16.969268,-0.001067,16.531988,0.031782,0.009186,-7.071570,-0.143982,7.073035,11|108|109|110|112|113,0.5626
7078.000369,-0.368990,-16.986250,-0.000895,16.539233,0.031572,0.009202,-7.069586,-0.147566,7.071126,11|108|109|110|112|113,0.5626
7078.017036,-0.373028,-17.002885,-0.000910,16.552924,0.032353,0.009195,-7.074237,-0.150544,7.075839,11|108|109|110|112|113,0.5625
7078.033702,-0.371287,-17.013261,-0.000852,16.552924,0.032353,0.009195,-7.068598,-0.149600,7.070181,11|108|109|110|112|113,0.5620
7078.050369,-0.363957,-17.014027,-0.000878,16.560002,0.032033,0.009200,-7.075258,-0.145296,7.076750,11|108|109|110|112|113,0.5623
7078.067036,-0.363910,-17.006851,-0.000875,16.567274,0.031536,0.009151,-7.086431,-0.144772,7.087909,11|108|109|110|112|113,0.5634
7078.083702,-0.377561,-17.028090,-0.000935,16.581747,0.031215,0.009226,-7.089364,-0.151875,7.090990,11|108|109|110|112|113,0.5644
7078.100369,-0.377499,-17.018608,-0.000930,16.588751,0.032005,0.009127,-7.101521,-0.152629,7.103161,11|108|109|110|112|113,0.5636
7078.117036,-0.383356,-17.049824,-0.001110,16.588751,0.032005,0.009127,-7.084556,-0.155819,7.086270,11|108|109|110|112|113,0.5641
7078.133702,-0.373126,-17.057280,-0.000967,16.595642,0.032403,0.008901,-7.087393,-0.150658,7.088994,11|108|109|110|112|113,0.5647
7078.150369,-0.369906,-17.065636,-0.001377,16.602557,0.031819,0.008666,-7.089766,-0.148327,7.091317,11|108|109|110|112|113,0.5647
7078.183702,-0.385210,-17.074453,-0.002054,16.624369,0.031463,0.007945,-7.106790,-0.156290,7.108508,11|108|109|110|112|113,0.5647
7078.200369,-0.385215,-17.075188,-0.002056,16.631283,0.031724,0.007549,-7.113304,-0.156554,7.115027,11|108|109|110|112|113,0.5653
7078.217036,-0.387672,-17.508343,-0.002166,16.637913,0.031639,0.007437,-6.884524,-0.157893,6.886334,11|109|110|112|113|114|115,0.5608
7078.250369,-0.390164,-17.832615,-0.002368,16.651549,0.031318,0.007081,-6.721926,-0.158994,6.723806,11|108|109|110|112|113|114|115,0.5576
7078.267036,-0.390668,-17.113585,-0.000140,16.658924,0.032092,0.007148,-7.120078,-0.159893,7.121873,11|110|112|113|114|115,0.5649
7078.283702,-0.390680,-17.119044,-0.000798,16.665667,0.033150,0.007101,-7.123854,-0.160959,7.125672,11|110|112|113|114|115,0.5637
7078.300369,-0.379944,-17.126596,-0.001253,16.672654,0.033712,0.007009,-7.126734,-0.155688,7.128435,11|110|112|113|114|115,0.5625
7078.333702,-0.380019,-17.138082,-0.001254,16.679964,0.033279,0.007004,-7.127803,-0.155298,7.129495,11|110|112|113|114|115,0.5635
7078.350369,-0.365906,-17.159191,-0.000331,16.687210,0.032858,0.006993,-7.123573,-0.147211,7.125094,11|110|112|113|114|115,0.5647
7078.367036,-0.372617,-17.162375,-0.000879,16.701641,0.032884,0.006929,-7.136275,-0.150885,7.137870,11|110|112|113|114|115,0.5646
7078.383702,-0.376406,-17.173303,-0.001324,16.708456,0.033824,0.006952,-7.137152,-0.153887,7.138811,11|110|112|113|114|115,0.5637
7078.400369,-0.372395,-17.187447,-0.001346,16.708456,0.033824,0.006952,-7.129465,-0.151710,7.131078,11|110|112|113|114|115,0.5632
7078.417036,-0.359878,-17.202847,-0.001549,16.715208,0.033346,0.007069,-7.127844,-0.144431,7.129307,11|110|112|113|114|115,0.5635
7078.433703,-0.359941,-17.212222,-0.001553,16.729384,0.032610,0.006674,-7.136925,-0.143732,7.138372,11|110|112|113|114|115,0.5644
7078.450369,-0.378818,-17.220374,-0.000717,16.729384,0.032610,0.006674,-7.132498,-0.153992,7.134160,11|110|112|113|114|115,0.5646
7078.483703,-0.375111,-17.247920,-0.001142,16.744084,0.033590,0.006725,-7.132227,-0.152964,7.133867,11|110|112|113|114|115,0.5624
7078.550369,-0.358115,-17.272255,-0.000283,16.771542,0.034114,0.006615,-7.146456,-0.144257,7.147911,11|110|112|113|114|115,0.5639
7078.567036,-0.361528,-17.280347,0.000213,16.779007,0.034641,0.006084,-7.149524,-0.146640,7.151028,11|110|112|113|114|115,0.5634
7078.583703,-0.352720,-17.291353,-0.001305,16.786217,0.034990,0.006081,-7.150751,-0.142204,7.152164,11|110|112|113|114|115,0.5616
7078.600369,-0.348326,-17.300573,-0.001130,16.800011,0.034132,0.006095,-7.159533,-0.138960,7.160881,11|110|112|113|114|115,0.5624
7078.617036,-0.353712,-17.297687,-0.000933,16.800011,0.034132,0.006095,-7.161102,-0.141887,7.162508,11|110|112|113|114|115,0.5632
7078.633703,-0.361363,-17.306884,-0.000331,16.814509,0.033946,0.006129,-7.170603,-0.145861,7.172087,11|110|112|113|114|115,0.5631
7078.650369,-0.368678,-17.321298,-0.000245,16.814509,0.033946,0.006129,-7.162771,-0.149839,7.164338,11|110|112|113|114|115,0.5630
7078.667036,-0.368714,-17.326822,-0.000248,16.828461,0.034816,0.006827,-7.173721,-0.150730,7.175304,11|110|112|113|114|115,0.5625
7078.683703,-0.365370,-17.334960,-0.000424,16.835472,0.034283,0.006963,-7.176309,-0.148381,7.177843,11|110|112|113|114|115,0.5622
7078.717036,-0.362373,-17.352331,0.000242,16.842223,0.033858,0.006937,-7.173617,-0.146331,7.175110,11|110|112|113|114|115,0.5632
7078.733703,-0.362374,-17.352616,0.000242,16.857005,0.034585,0.006936,-7.188245,-0.147059,7.189749,11|110|112|113|114|115,0.5629
7078.767036,-0.369021,-17.360463,0.000347,16.871168,0.034409,0.006707,-7.198146,-0.150497,7.199719,11|112|113|114|115|116,0.5631
7078.783703,-0.360407,-17.390581,0.000220,16.877737,0.033951,0.006636,-7.188344,-0.145363,7.189813,11|112|113|114|115|116,0.5629
7078.800369,-0.365150,-17.419488,-0.000684,16.884613,0.033719,0.006636,-7.179511,-0.147715,7.181030,11|112|113|114|115|116,0.5644
7078.817036,-0.365092,-17.410923,-0.000679,16.884613,0.033719,0.006636,-7.184166,-0.147682,7.185684,11|112|113|114|115|116,0.5634
7078.850369,-0.372010,-17.413374,-0.000947,16.905537,0.035043,0.006670,-7.203759,-0.152766,7.205378,11|112|113|114|115|116,0.5630
7078.867036,-0.371341,-17.432568,-0.000884,16.912634,0.034753,0.006667,-7.200424,-0.152116,7.202031,11|112|113|114|115|116,0.5618
7078.883703,-0.358876,-17.450142,-0.001298,16.919657,0.034460,0.006550,-7.197893,-0.145053,7.199355,11|112|113|114|115|116,0.5626
7078.917036,-0.368126,-17.454185,-0.002225,16.926684,0.034418,0.006290,-7.202725,-0.150038,7.204287,11|112|113|114|115|116,0.5646
7078.933703,-0.368298,-17.461662,-0.002531,16.933806,0.034696,0.006282,-7.205783,-0.150412,7.207353,11|112|113|114|115|116,0.5633
7078.950369,-0.364777,-17.470095,-0.002493,16.947577,0.034408,0.006023,-7.214970,-0.148211,7.216492,11|112|113|114|115|116,0.5621
7078.967036,-0.364805,-17.474597,-0.002496,16.947577,0.034408,0.006023,-7.212524,-0.148228,7.214047,11|112|113|114|115|116,0.5632
7078.983703,-0.365377,-17.491927,-0.002004,16.954037,0.034154,0.006018,-7.209565,-0.148288,7.211090,11|112|113|114|115|116,0.5641
7079.000369,-0.375427,-17.503975,-0.001801,16.960612,0.033653,0.005986,-7.209594,-0.153252,7.211223,11|112|113|114|115|116,0.5642
7079.017036,-0.383187,-17.513999,-0.001709,16.974848,0.034349,0.005602,-7.218384,-0.158168,7.220117,11|112|113|114|115|116,0.5648
7079.050369,-0.383163,-17.510021,-0.001706,16.988339,0.035232,0.005408,-7.234037,-0.159036,7.235785,11|112|113|114|115|116,0.5642
7079.067036,-0.360488,-17.553136,-0.002111,16.995264,0.034808,0.005385,-7.217526,-0.146298,7.219009,11|112|113|114|115|116,0.5645
7079.083703,-0.360503,-17.555419,-0.002112,17.002201,0.034375,0.005391,-7.223222,-0.145873,7.224695,11|112|113|114|115|116,0.5646
7079.100369,-0.368612,-17.569876,-0.002216,17.009707,0.034517,0.005210,-7.222872,-0.150425,7.224438,11|112|113|114|115|116,0.5644
7079.117036,-0.375358,-17.566725,-0.002466,17.009707,0.034517,0.005210,-7.224586,-0.154091,7.226229,11|112|113|114|115|116,0.5649
7079.133703,-0.375259,-17.551974,-0.002460,17.023747,0.034518,0.004630,-7.246643,-0.154036,7.248280,11|112|113|114|115|116,0.5633
7079.150369,-0.374184,-17.588632,-0.001692,17.023747,0.034518,0.004630,-7.226720,-0.153459,7.228349,11|112|113|114|115|116,0.5628
7079.183703,-0.381260,-17.610515,-0.002192,17.037175,0.033737,0.004554,-7.228256,-0.156528,7.229951,11|112|113|114|115|116,0.5634
7079.233703,-0.381245,-17.608330,-0.002187,17.059059,0.034719,0.004064,-7.251329,-0.157502,7.253039,11|112|113|114|115|116,0.5633
7079.250369,-0.380598,-18.348323,-0.002156,17.066042,0.034552,0.003999,-6.856141,-0.157136,6.857941,11|112|113|114|115|116|117|118,0.5502
7079.267036,-0.383311,-18.389109,-0.002666,17.079867,0.033977,0.003604,-6.847800,-0.158045,6.849623,11|112|113|114|115|116|117|118,0.5606
7079.283703,-0.388246,-18.414906,-0.003094,17.079867,0.033977,0.003604,-6.833781,-0.160732,6.835671,11|112|113|114|115|116|117|118,0.5653
7079.300369,-0.394240,-18.587906,-0.002671,17.087138,0.034359,0.003016,-6.747031,-0.164407,6.749034,11|112|113|114|115|116|117|118,0.5527
7079.317036,-0.401659,-20.713409,-0.004727,17.101103,0.034299,0.002585,-5.605833,-0.168821,5.608375,113|114|115|116|117|118,0.5636
7079.333703,-0.401769,-20.722553,-0.005048,17.101103,0.034299,0.002585,-5.600864,-0.168883,5.603410,113|114|115|116|117|118,0.5628
7079.350369,-0.401769,-20.722554,-0.005048,17.107985,0.034196,0.002553,-5.607745,-0.168779,5.610285,113|114|115|116|117|118,0.5626
7079.383703,-0.403809,-20.729586,-0.005634,17.128888,0.034966,0.002269,-5.624826,-0.170660,5.627415,113|114|115|116|117|118,0.5616
7079.400369,-0.405865,-20.749028,-0.005688,17.135725,0.035157,0.002222,-5.621099,-0.171972,5.623729,113|114|115|116|117|118,0.5621
7079.417036,-0.393853,-20.763835,-0.006031,17.142758,0.035153,0.002117,-5.620081,-0.165443,5.622516,113|114|115|116|117|118,0.5617
7079.433703,-0.391874,-20.768431,-0.005931,17.142758,0.035153,0.002117,-5.617583,-0.164368,5.619987,113|114|115|116|117|118,0.5643
7079.450369,-0.391976,-20.777841,-0.005624,17.149588,0.035169,0.002053,-5.619299,-0.164442,5.621705,113|114|115|116|117|118,0.5634
7079.483703,-0.392411,-20.796382,-0.005651,17.170567,0.035432,0.001794,-5.630202,-0.164945,5.632617,113|114|115|116|117|118,0.5622
7079.500369,-0.392835,-20.805481,-0.005372,17.177388,0.035417,0.001543,-5.632077,-0.165162,5.634498,113|114|115|116|117|118,0.5608
7079.517036,-0.389403,-20.816766,-0.005624,17.177388,0.035417,0.001543,-5.625943,-0.163299,5.628313,113|114|115|116|117|118,0.5611
7079.533703,-0.390494,-20.822505,-0.005758,17.184315,0.035197,0.001515,-5.629752,-0.163674,5.632131,113|114|115|116|117|118,0.5628
7079.550369,-0.390494,-20.822506,-0.005757,17.198059,0.034905,0.001523,-5.643496,-0.163381,5.645861,113|114|115|116|117|118,0.5640
7079.567036,-0.396344,-20.837453,-0.006115,17.205531,0.035580,0.001251,-5.642845,-0.167239,5.645322,113|114|115|116|117|118,0.5644
7079.583703,-0.398456,-20.843902,-0.006262,17.205531,0.035580,0.001251,-5.639340,-0.168388,5.641854,113|114|115|116|117|118,0.5642
7079.600369,-0.398457,-20.843897,-0.006259,17.219649,0.035873,0.001065,-5.653461,-0.168681,5.655977,113|114|115|116|117|118,0.5626
7079.633703,-0.388321,-20.861908,-0.007520,17.233103,0.035836,0.001012,-5.657125,-0.163139,5.659477,113|114|115|116|117|118,0.5630
7079.650369,-0.385127,-20.876973,-0.007711,17.239809,0.035741,0.000954,-5.655643,-0.161312,5.657943,113|114|115|116|117|118,0.5634
7079.667036,-0.384726,-20.879001,-0.007594,17.247174,0.036147,0.000825,-5.661905,-0.161501,5.664208,113|114|115|116|117|118,0.5641
7079.683703,-0.385915,-20.881117,-0.007738,17.247174,0.036147,0.000825,-5.660755,-0.162147,5.663077,113|114|115|116|117|118,0.5642
7079.700369,-0.381341,-20.899585,-0.008115,17.262326,0.035838,0.000756,-5.665869,-0.159357,5.668110,113|114|115|116|117|118,0.5638
7079.717036,-0.381342,-20.899584,-0.008115,17.262326,0.035838,0.000756,-5.665870,-0.159357,5.668110,113|114|115|116|117|118,0.5627
7079.750369,-0.384501,-20.937415,-0.007446,17.276162,0.035976,0.000666,-5.659146,-0.161220,5.661442,113|114|115|116|117|118,0.5650
7079.767036,-0.384197,-20.945423,-0.007370,17.283060,0.036034,0.000656,-5.661693,-0.161114,5.663985,113|114|115|116|117|118,0.5643
7079.783703,-0.384198,-20.945423,-0.007369,17.290047,0.036178,0.000663,-5.668679,-0.161259,5.670973,113|114|115|116|117|118,0.5646
7079.800369,-0.381722,-20.962727,-0.007816,17.303961,0.035944,0.000701,-5.673189,-0.159682,5.675436,113|114|115|116|117|118|119,0.5638
7079.817036,-0.383783,-20.971657,-0.007986,17.310818,0.036027,0.000680,-5.675193,-0.160887,5.677473,113|114|115|116|117|118|119,0.5573
7079.833703,-0.383475,-20.972204,-0.007705,17.310818,0.036027,0.000680,-5.674896,-0.160720,5.677171,114|115|116|117|118|119,0.5645
7079.850369,-0.383967,-20.988739,-0.007683,17.324608,0.036582,0.000544,-5.679699,-0.161546,5.681996,114|115|116|117|118|119,0.5641
7079.867036,-0.383966,-20.988739,-0.007686,17.324608,0.036582,0.000544,-5.679699,-0.161546,5.681996,114|115|116|117|118|119,0.5623
7079.900369,-0.380201,-21.014791,-0.007891,17.339026,0.035986,0.000517,-5.679958,-0.158908,5.682180,114|115|116|117|118|119,0.5638
7079.917036,-0.380201,-21.014792,-0.007892,17.352755,0.035320,0.000149,-5.693686,-0.158242,5.695885,114|115|116|117|118|119,0.5635
7079.933703,-0.384340,-21.024688,-0.008040,17.352755,0.035320,0.000149,-5.688308,-0.160494,5.690572,114|115|116|117|118|119,0.5643
7079.950369,-0.393717,-21.045250,-0.008228,17.359768,0.035301,0.000125,-5.684149,-0.165575,5.686560,114|115|116|117|118|119,0.5624
7079.967036,-0.393718,-21.045248,-0.008225,17.374073,0.035354,0.000092,-5.698455,-0.165629,5.700861,114|115|116|117|118|119,0.5609
7079.983703,-0.394055,-21.054196,-0.008403,17.380856,0.035397,0.000111,-5.700374,-0.165857,5.702787,114|115|116|117|118|119,0.5616
7080.000369,-0.393898,-21.064883,-0.008512,17.387623,0.035365,0.000101,-5.701334,-0.165742,5.703742,114|115|116|117|118|119,0.5624
7080.033703,-0.393195,-21.070234,-0.008564,17.401675,0.035780,-0.000182,-5.712477,-0.165775,5.714881,114|115|116|117|118|119,0.5646
7080.050369,-0.393524,-21.078250,-0.008496,17.401675,0.035780,-0.000182,-5.708121,-0.165956,5.710533,114|115|116|117|118|119,0.5640
7080.067036,-0.394075,-21.082631,-0.008700,17.416348,0.035018,0.000122,-5.720412,-0.165495,5.722806,114|115|116|117|118|119,0.5636
7080.083703,-0.393255,-21.113980,-0.008624,17.423607,0.034712,0.000214,-5.710634,-0.164749,5.713010,114|115|116|117|118|119,0.5655
7080.100369,-0.393255,-21.113978,-0.008624,17.430355,0.034914,0.000287,-5.717384,-0.164952,5.719763,114|115|116|117|118|119,0.5660
7080.117036,-0.402082,-21.135828,-0.008518,17.437252,0.034936,0.000302,-5.712407,-0.169775,5.714930,114|115|116|117|118|119,0.5650
7080.133703,-0.402084,-21.135828,-0.008517,17.437252,0.034936,0.000302,-5.712407,-0.169776,5.714930,114|115|116|117|118|119,0.5648
7080.150369,-0.399375,-21.144111,-0.008008,17.451325,0.035323,-0.000154,-5.721977,-0.168693,5.724464,114|115|116|117|118|119,0.5635
7080.167036,-0.399375,-21.144110,-0.008005,17.458310,0.035159,-0.000157,-5.728963,-0.168529,5.731441,114|115|116|117|118|119,0.5629
7080.183703,-0.391068,-21.156020,-0.008558,17.465098,0.035077,-0.000165,-5.729277,-0.163934,5.731622,114|115|116|117|118|119,0.5637
7080.200369,-0.394978,-21.173483,-0.008816,17.465098,0.035077,-0.000165,-5.719787,-0.166063,5.722197,114|115|116|117|118|119,0.5646
7080.217036,-0.396154,-21.179997,-0.008718,17.472086,0.034931,-0.000214,-5.723235,-0.166558,5.725658,114|115|116|117|118|119,0.5642
7080.233703,-0.398164,-21.186303,-0.008877,17.479422,0.034893,-0.000401,-5.727144,-0.167613,5.729597,114|115|116|117|118|119,0.5631
7080.250369,-0.398382,-21.199099,-0.008775,17.493918,0.034467,-0.000486,-5.734685,-0.167309,5.737126,114|115|116|117|118|119,0.5618
7080.267036,-0.401538,-21.209402,-0.008571,17.493918,0.034467,-0.000486,-5.729087,-0.169026,5.731580,114|115|116|117|118|119,0.5629
7080.283703,-0.404777,-21.219288,-0.008375,17.500941,0.034286,-0.000368,-5.730737,-0.170608,5.733276,114|115|116|117|118|119,0.5642
7080.300369,-0.404776,-21.219288,-0.008376,17.514838,0.034627,-0.000520,-5.744634,-0.170948,5.747177,114|115|116|117|118|119,0.5630
7080.333703,-0.406164,-21.229533,-0.008630,17.529639,0.033869,-0.000569,-5.753868,-0.170946,5.756407,114|115|116|117|118|119|120|121,0.5655
7080.350369,-0.406316,-21.254113,-0.008877,17.536597,0.034170,-0.000542,-5.747468,-0.171335,5.750021,116|117|118|119|120|121,0.5661
7080.383703,-0.407675,-21.274589,-0.008969,17.543490,0.034412,-0.000607,-5.743233,-0.172320,5.745817,116|117|118|119|120|121,0.5666
7080.417036,-0.407677,-21.274588,-0.008969,17.557646,0.034048,-0.000840,-5.757389,-0.171957,5.759957,116|117|118|119|120|121,0.5642
7080.450369,-0.402120,-21.288521,-0.009157,17.572665,0.033442,-0.001065,-5.764834,-0.168334,5.767291,116|117|118|119|120|121,0.5636
7080.467036,-0.414591,-21.314666,-0.009575,17.586325,0.034614,-0.000869,-5.764288,-0.176289,5.766983,116|117|118|119|120|121,0.5628
7080.483703,-0.409910,-21.336791,-0.010036,17.593245,0.035155,-0.000871,-5.759183,-0.174290,5.761819,116|117|118|119|120|121,0.5626
7080.500369,-0.400353,-21.337181,-0.010108,17.600121,0.034211,-0.000965,-5.765845,-0.168152,5.768296,116|117|118|119|120|121,0.5620
7080.517036,-0.400351,-21.337181,-0.010107,17.607310,0.034112,-0.000974,-5.773033,-0.168052,5.775479,116|117|118|119|120|121,0.5610
7080.533703,-0.405855,-21.351038,-0.009848,17.607310,0.034112,-0.000974,-5.765504,-0.171047,5.768040,116|117|118|119|120|121,0.5618
7080.550369,-0.406797,-21.360838,-0.009866,17.614228,0.034314,-0.000992,-5.767095,-0.171762,5.769653,116|117|118|119|120|121,0.5639
7080.567036,-0.403884,-21.367567,-0.009645,17.621027,0.034514,-0.001027,-5.770238,-0.170381,5.772753,116|117|118|119|120|121,0.5655
7080.583703,-0.403882,-21.367567,-0.009643,17.634913,0.034682,-0.001073,-5.784123,-0.170548,5.786637,116|117|118|119|120|121,0.5662
7080.600369,-0.398748,-21.380972,-0.009330,17.642655,0.034362,-0.001133,-5.784579,-0.167441,5.787001,116|117|118|119|120|121,0.5658
7080.633703,-0.398753,-21.380966,-0.009331,17.650111,0.034275,-0.001030,-5.792038,-0.167356,5.794455,116|117|118|119|120|121,0.5635
7080.650369,-0.403593,-21.419317,-0.008913,17.657200,0.034673,-0.001039,-5.778286,-0.170393,5.780797,116|117|118|119|120|121,0.5641
7080.667036,-0.403592,-21.419316,-0.008912,17.671170,0.035193,-0.000943,-5.792256,-0.170912,5.794777,116|117|118|119|120|121,0.5634
7080.683703,-0.397880,-21.424665,-0.009542,17.678215,0.035404,-0.000936,-5.796393,-0.168019,5.798828,116|117|118|119|120|121,0.5622
7080.700369,-0.394370,-21.432442,-0.009158,17.685429,0.035372,-0.000920,-5.799379,-0.166082,5.801757,116|117|118|119|120|121,0.5620
7080.717036,-0.390646,-21.440327,-0.009002,17.692677,0.035319,-0.000921,-5.802341,-0.164006,5.804658,116|117|118|119|120|121,0.5615
7080.733703,-0.387716,-21.449221,-0.009196,17.699683,0.035562,-0.000941,-5.804512,-0.162659,5.806791,116|117|118|119|120|121,0.5628
7080.750369,-0.388702,-21.468519,-0.008808,17.706583,0.035825,-0.000943,-5.800926,-0.163462,5.803228,116|117|118|119|120|121,0.5640
7080.767036,-0.388701,-21.468523,-0.008805,17.713415,0.035729,-0.000847,-5.807755,-0.163365,5.810053,116|117|118|119|120|121,0.5633
7080.783703,-0.381551,-21.477723,-0.008818,17.720621,0.035134,-0.000826,-5.809960,-0.158886,5.812132,116|117|118|119|120|121,0.5632
7080.800369,-0.383605,-21.486476,-0.008777,17.728070,0.034948,-0.000732,-5.812651,-0.159818,5.814848,116|117|118|119|120|121,0.5633
7080.817036,-0.392246,-21.499900,-0.008617,17.728070,0.034948,-0.000732,-5.805358,-0.164517,5.807688,116|117|118|119|120|121,0.5650
7080.833703,-0.394007,-21.514310,-0.008999,17.742487,0.035433,-0.000483,-5.811944,-0.165962,5.814313,116|117|118|119|120|121|122,0.5648
7080.850369,-0.394005,-21.514314,-0.008997,17.749556,0.035682,-0.000444,-5.819011,-0.166210,5.821384,116|117|118|119|120|121|122,0.5636
7080.867036,-0.386420,-21.531225,-0.009129,17.749556,0.035682,-0.000444,-5.809818,-0.162091,5.812079,117|118|119|120|121|122,0.5661
7080.883703,-0.382942,-21.540275,-0.008983,17.756491,0.035222,-0.000444,-5.811834,-0.159743,5.814029,117|118|119|120|121|122,0.5647
7080.900369,-0.389766,-21.547501,-0.009313,17.763682,0.035267,-0.000420,-5.815099,-0.163499,5.817397,117|118|119|120|121|122,0.5650
7080.933703,-0.389764,-21.547498,-0.009313,17.785050,0.035663,-0.000473,-5.836469,-0.163894,5.838769,117|118|119|120|121|122,0.5668
7080.950369,-0.388485,-21.566828,-0.009208,17.785050,0.035663,-0.000473,-5.825963,-0.163202,5.828249,117|118|119|120|121|122,0.5655
7080.967036,-0.386803,-21.575757,-0.009276,17.799137,0.035547,-0.000490,-5.835197,-0.162174,5.837451,117|118|119|120|121|122,0.5645
7080.983703,-0.382475,-21.591263,-0.009395,17.799137,0.035547,-0.000490,-5.826769,-0.159824,5.828961,117|118|119|120|121|122,0.5639
7081.000369,-0.385263,-21.600615,-0.009399,17.813483,0.035131,-0.000511,-5.836032,-0.160926,5.838251,117|118|119|120|121|122,0.5653
7081.017036,-0.388211,-21.610279,-0.009280,17.813483,0.035131,-0.000511,-5.830781,-0.162530,5.833046,117|118|119|120|121|122,0.5665
7081.033703,-0.391414,-21.620172,-0.010017,17.820475,0.034887,-0.000515,-5.832398,-0.164029,5.834704,117|118|119|120|121|122,0.5665
7081.050369,-0.395061,-21.629937,-0.009997,17.827603,0.034638,-0.000489,-5.834219,-0.165764,5.836573,117|118|119|120|121|122,0.5648
7081.067036,-0.395058,-21.629938,-0.009997,17.834858,0.034615,-0.000497,-5.841474,-0.165740,5.843824,117|118|119|120|121|122,0.5630
7081.083703,-0.398774,-21.650859,-0.009659,17.841954,0.034611,-0.000494,-5.837200,-0.167760,5.839610,117|118|119|120|121|122,0.5620
7081.100369,-0.398774,-21.650863,-0.009663,17.855614,0.034690,-0.000483,-5.850858,-0.167839,5.853265,117|118|119|120|121|122,0.5627
7081.117036,-0.397262,-21.661700,-0.009173,17.855614,0.034690,-0.000483,-5.844968,-0.167019,5.847354,117|118|119|120|121|122,0.5642
7081.150369,-0.397658,-21.670958,-0.008885,17.877095,0.034478,-0.000634,-5.861418,-0.167024,5.863797,117|118|119|120|121|122,0.5640
7081.167036,-0.391775,-21.687330,-0.008852,17.884613,0.033867,-0.000591,-5.860037,-0.163219,5.862309,117|118|119|120|121|122,0.5625
7081.200369,-0.409367,-21.719987,-0.009233,17.898257,0.034180,-0.000219,-5.855936,-0.173100,5.858494,117|118|119|120|121|122,0.5649
7081.217036,-0.406954,-21.725619,-0.009225,17.905102,0.034258,-0.000189,-5.859720,-0.171868,5.862240,117|118|119|120|121|122,0.5642
7081.233703,-0.403212,-21.726551,-0.008874,17.905102,0.034258,-0.000189,-5.859212,-0.169834,5.861673,117|118|119|120|121|122,0.5630
7081.250369,-0.403210,-21.726551,-0.008872,17.919031,0.034638,-0.000426,-5.873142,-0.170213,5.875608,117|118|119|120|121|122,0.5632
7081.283703,-0.402128,-21.732443,-0.008639,17.932902,0.034357,-0.000422,-5.883810,-0.169346,5.886246,117|118|119|120|121|122,0.5610
7081.300369,-0.399158,-21.759331,-0.008846,17.932902,0.034357,-0.000422,-5.869196,-0.167737,5.871592,117|118|119|120|121|122,0.5616
7081.317036,-0.399156,-21.759331,-0.008847,17.947060,0.034191,-0.000772,-5.883354,-0.167570,5.885740,117|118|119|120|121|122,0.5625
7081.333703,-0.403153,-21.772797,-0.009053,17.947060,0.034191,-0.000772,-5.876037,-0.169745,5.878488,117|118|119|120|121|122,0.5631
7081.350369,-0.402302,-21.784744,-0.009706,17.954851,0.033521,-0.000777,-5.877335,-0.168615,5.879753,117|118|119|120|121|122|123|124,0.5579
7081.367036,-0.411976,-21.801535,-0.009554,17.968806,0.033454,-0.000623,-5.882165,-0.173809,5.884733,117|118|119|120|121|122|123|124,0.5546
7081.383703,-0.416729,-21.815354,-0.010161,17.968806,0.033454,-0.000623,-5.874656,-0.176395,5.877304,119|120|121|122|123|124,0.5631
7081.400369,-0.416722,-21.815354,-0.010169,17.981707,0.033512,-0.000654,-5.887558,-0.176450,5.890201,119|120|121|122|123|124,0.5641
7081.417036,-0.411669,-21.816094,-0.010465,17.988755,0.033462,-0.000352,-5.894202,-0.173653,5.896759,119|120|121|122|123|124,0.5660
7081.433703,-0.410735,-21.824662,-0.010773,17.988755,0.033462,-0.000352,-5.889545,-0.173147,5.892090,119|120|121|122|123|124,0.5659
7081.450369,-0.410734,-21.824661,-0.010768,18.003891,0.033414,-0.000350,-5.904682,-0.173099,5.907219,119|120|121|122|123|124,0.5646
7081.467036,-0.416225,-21.853095,-0.010011,18.010788,0.033623,-0.000378,-5.896127,-0.176298,5.898762,119|120|121|122|123|124,0.5636
7081.483703,-0.416225,-21.853095,-0.010009,18.017762,0.033741,-0.000531,-5.903100,-0.176416,5.905736,119|120|121|122|123|124,0.5636
7081.500369,-0.410455,-21.867013,-0.009792,18.017762,0.033741,-0.000531,-5.895535,-0.173283,5.898081,119|120|121|122|123|124,0.5654
7081.517036,-0.410459,-21.867015,-0.009795,18.032353,0.032992,-0.000684,-5.910126,-0.172536,5.912644,119|120|121|122|123|124,0.5643
7081.533703,-0.414099,-21.883790,-0.009821,18.032353,0.032992,-0.000684,-5.901009,-0.174518,5.903589,119|120|121|122|123|124,0.5628
7081.567036,-0.414101,-21.883789,-0.009825,18.053704,0.033695,-0.000456,-5.922361,-0.175222,5.924953,119|120|121|122|123|124,0.5625
7081.583703,-0.423271,-21.915561,-0.010206,18.060606,0.034138,-0.000434,-5.911998,-0.180655,5.914757,119|120|121|122|123|124,0.5616
7081.600369,-0.408077,-21.924340,-0.010018,18.060606,0.034138,-0.000434,-5.907223,-0.172399,5.909739,119|120|121|122|123|124,0.5616
7081.617036,-0.401829,-21.930908,-0.009834,18.067511,0.033604,-0.000495,-5.910557,-0.168471,5.912958,119|120|121|122|123|124,0.5612
7081.633703,-0.401820,-21.930907,-0.009827,18.074654,0.033535,-0.000426,-5.917701,-0.168397,5.920096,119|120|121|122|123|124,0.5622
7081.667036,-0.411582,-21.950218,-0.009568,18.088145,0.033396,-0.000415,-5.920698,-0.173568,5.923242,119|120|121|122|123|124,0.5648
7081.683703,-0.411580,-21.950218,-0.009565,18.102072,0.033693,-0.000613,-5.934626,-0.173863,5.937172,119|120|121|122|123|124,0.5661
7081.700369,-0.412453,-21.954896,-0.009569,18.110115,0.034029,-0.000569,-5.940127,-0.174675,5.942695,119|120|121|122|123|124,0.5662
7081.717036,-0.413721,-21.959496,-0.009701,18.117241,0.034020,-0.000609,-5.944753,-0.175356,5.947339,119|120|121|122|123|124,0.5650
7081.733703,-0.407753,-21.970302,-0.009411,18.124398,0.034036,-0.000584,-5.946036,-0.172130,5.948527,119|120|121|122|123|124,0.5649
7081.750369,-0.403374,-21.991010,-0.009613,18.131537,0.034142,-0.000524,-5.941920,-0.169861,5.944347,119|120|121|122|123|124,0.5646
7081.767036,-0.403592,-22.000680,-0.009557,18.131537,0.034142,-0.000524,-5.936664,-0.169982,5.939097,119|120|121|122|123|124,0.5641
7081.783703,-0.403488,-22.010336,-0.009493,18.145624,0.034730,-0.000447,-5.945504,-0.170515,5.947948,119|120|121|122|123|124,0.5633
7081.800369,-0.401852,-22.018419,-0.009535,18.152644,0.034825,-0.000415,-5.948129,-0.169723,5.950550,119|120|121|122|123|124,0.5626
7081.817036,-0.399399,-22.026177,-0.009676,18.159869,0.034717,-0.000415,-5.951138,-0.168283,5.953517,119|120|121|122|123|124,0.5606
7081.833703,-0.392080,-22.044411,-0.009287,18.159869,0.034717,-0.000415,-5.941226,-0.164309,5.943498,119|120|121|122|123|124,0.5618
7081.867036,-0.391104,-22.059445,-0.009099,18.173823,0.035085,-0.000449,-5.947010,-0.164150,5.949275,119|120|121|122|123|124|125,0.5303
7081.883703,-0.391114,-22.059748,-0.009108,18.187878,0.034484,-0.000301,-5.960900,-0.163555,5.963144,119|120|121|122|123|124|125,0.5649
7081.917036,-0.396786,-22.082952,-0.008585,18.195414,0.034444,0.000001,-5.955827,-0.166602,5.958157,120|121|122|123|124|125,0.5653
7081.950369,-0.396787,-22.082954,-0.008581,18.216673,0.034882,0.000293,-5.977085,-0.167040,5.979419,120|121|122|123|124|125,0.5658
7081.983703,-0.390514,-22.125152,-0.007991,18.223605,0.034748,0.000286,-5.961081,-0.163506,5.963323,120|121|122|123|124|125,0.5632
7082.017036,-0.390514,-22.125146,-0.007997,18.245337,0.034774,0.000429,-5.982817,-0.163532,5.985051,120|121|122|123|124|125,0.5633
7082.033703,-0.392633,-22.142286,-0.007776,18.245337,0.034774,0.000429,-5.973502,-0.164687,5.975772,120|121|122|123|124|125,0.5641
7082.050369,-0.392869,-22.151935,-0.007490,18.252236,0.034945,0.000334,-5.975157,-0.164989,5.977435,120|121|122|123|124|125,0.5633
7082.067036,-0.392681,-22.161283,-0.007845,18.266238,0.035199,0.000418,-5.984078,-0.165142,5.986356,120|121|122|123|124|125,0.5640
7082.083703,-0.390855,-22.170184,-0.008527,18.273415,0.034937,0.000437,-5.986417,-0.163890,5.988660,120|121|122|123|124|125,0.5622
7082.117036,-0.391539,-22.195651,-0.008247,18.287667,0.034348,0.000334,-5.986829,-0.163677,5.989066,120|121|122|123|124|125,0.5644
7082.133703,-0.391541,-22.195651,-0.008248,18.294722,0.034019,0.000428,-5.993884,-0.163350,5.996110,120|121|122|123|124|125,0.5643
7082.167036,-0.404539,-22.224431,-0.008462,18.308998,0.034246,0.000519,-5.992522,-0.170647,5.994951,120|121|122|123|124|125,0.5629
7082.183703,-0.403126,-22.237977,-0.008502,18.315871,0.034226,0.000574,-5.992032,-0.169861,5.994439,120|121|122|123|124|125,0.5628
7082.200369,-0.401361,-22.241230,-0.008269,18.315871,0.034226,0.000574,-5.990264,-0.168903,5.992644,120|121|122|123|124|125,0.5632
7082.217036,-0.401360,-22.241233,-0.008274,18.329613,0.033968,0.000529,-6.004004,-0.168644,6.006372,120|121|122|123|124|125,0.5636
7082.233703,-0.401714,-22.246260,-0.008338,18.336687,0.034458,-0.000158,-6.008347,-0.169328,6.010732,120|121|122|123|124|125,0.5630
7082.267036,-0.396471,-22.271103,-0.009102,18.343926,0.034451,-0.000265,-6.002083,-0.166477,6.004391,120|121|122|123|124|125,0.5618
7082.283703,-0.397193,-22.282863,-0.008997,18.358050,0.033883,-0.000218,-6.009815,-0.166304,6.012116,120|121|122|123|124|125,0.5640
7082.300369,-0.397192,-22.282864,-0.008998,18.365111,0.033602,-0.000201,-6.016876,-0.166022,6.019166,120|121|122|123|124|125,0.5634
7082.317036,-0.405236,-22.301726,-0.008833,18.372120,0.033595,-0.000133,-6.013636,-0.170390,6.016049,120|121|122|123|124|125,0.5627
7082.333703,-0.405233,-22.301726,-0.008833,18.379084,0.033649,-0.000188,-6.020599,-0.170444,6.023012,120|121|122|123|124|125,0.5624
7082.350369,-0.409227,-22.311041,-0.008568,18.379084,0.033649,-0.000188,-6.015538,-0.172616,6.018014,120|121|122|123|124|125,0.5613
7082.367036,-0.408525,-22.327517,-0.008211,18.393086,0.034062,-0.000271,-6.020585,-0.172650,6.023060,120|121|122|123|124|125|127,0.5531
7082.383703,-0.407983,-22.328460,-0.009253,18.399863,0.033813,-0.000281,-6.026849,-0.172107,6.029306,120|121|122|123|124|125|126|127,0.5622
7082.400369,-0.402264,-22.344453,-0.009735,18.406800,0.033523,-0.000346,-6.025093,-0.168712,6.027455,120|121|122|123|124|125|126|127,0.5630
7082.417036,-0.402284,-22.344470,-0.009783,18.413916,0.033494,-0.000679,-6.032201,-0.168694,6.034559,120|121|122|123|124|125|126|127,0.5521
7082.450369,-0.406325,-22.350859,-0.010211,18.428530,0.033375,-0.000858,-6.043343,-0.170773,6.045756,122|123|124|125|126|127,0.5634
7082.467036,-0.407620,-22.380339,-0.011565,18.435562,0.033134,-0.000960,-6.034354,-0.171242,6.036783,122|123|124|125|126|127,0.5640
7082.517036,-0.407623,-22.380337,-0.011561,18.455820,0.033086,-0.001016,-6.054613,-0.171195,6.057033,122|123|124|125|126|127,0.5641
7082.533703,-0.416650,-22.411281,-0.011001,18.463511,0.032822,-0.001008,-6.045488,-0.175843,6.048045,122|123|124|125|126|127,0.5633
7082.550369,-0.416455,-22.418930,-0.010891,18.463511,0.032822,-0.001008,-6.041331,-0.175739,6.043886,122|123|124|125|126|127,0.5621
7082.567036,-0.420238,-22.436401,-0.010962,18.470610,0.032992,-0.000943,-6.038936,-0.177969,6.041558,122|123|124|125|126|127,0.5617
7082.583703,-0.417886,-22.443838,-0.010974,18.477532,0.033126,-0.000958,-6.041815,-0.176827,6.044402,122|123|124|125|126|127,0.5635
7082.600369,-0.417885,-22.443838,-0.010970,18.484480,0.033210,-0.001146,-6.048764,-0.176910,6.051350,122|123|124|125|126|127,0.5639
7082.617036,-0.415242,-22.459998,-0.011557,18.499049,0.032531,-0.001413,-6.054549,-0.174798,6.057071,122|123|124|125|126|127,0.5642
7082.633703,-0.415243,-22.459998,-0.011559,18.506621,0.032197,-0.001470,-6.062121,-0.174464,6.064631,122|123|124|125|126|127,0.5633
7082.650369,-0.423897,-22.483498,-0.011767,18.506621,0.032197,-0.001470,-6.049351,-0.179172,6.052004,122|123|124|125|126|127,0.5634
7082.667036,-0.428579,-22.499756,-0.011323,18.513666,0.032520,-0.001377,-6.047562,-0.182043,6.050301,122|123|124|125|126|127,0.5647
7082.683703,-0.423039,-22.506571,-0.011195,18.520514,0.033021,-0.001396,-6.050704,-0.179535,6.053367,122|123|124|125|126|127,0.5635
7082.700369,-0.415737,-22.509407,-0.011395,18.534365,0.033333,-0.001360,-6.063013,-0.175879,6.065563,122|123|124|125|126|127,0.5634
7082.717036,-0.409352,-22.514990,-0.011363,18.534365,0.033333,-0.001360,-6.059977,-0.172410,6.062429,122|123|124|125|126|127,0.5629
7082.733703,-0.411819,-22.521608,-0.010838,18.541437,0.033054,-0.001319,-6.063454,-0.173473,6.065935,122|123|124|125|126|127,0.5617
7082.750369,-0.411818,-22.521608,-0.010839,18.555018,0.032917,-0.001324,-6.077034,-0.173335,6.079505,122|123|124|125|126|127,0.5631
7082.767036,-0.416513,-22.534856,-0.010517,18.555018,0.032917,-0.001324,-6.069835,-0.175890,6.072383,122|123|124|125|126|127,0.5640
7082.783703,-0.416512,-22.534857,-0.010521,18.568796,0.032890,-0.001487,-6.083613,-0.175863,6.086154,122|123|124|125|126|127,0.5653
7082.800369,-0.418769,-22.545451,-0.011083,18.568796,0.032890,-0.001487,-6.077856,-0.177091,6.080435,122|123|124|125|126|127,0.5659
7082.817036,-0.418769,-22.545451,-0.011080,18.584092,0.033412,-0.001465,-6.093151,-0.177613,6.095739,122|123|124|125|126|127,0.5639
7082.833703,-0.417401,-22.553060,-0.011115,18.591147,0.033415,-0.001468,-6.096070,-0.176874,6.098636,122|123|124|125|126|127,0.5640
7082.850369,-0.410265,-22.585775,-0.011129,18.591147,0.033415,-0.001468,-6.078289,-0.173003,6.080751,122|123|124|125|126|127,0.5646
7082.867036,-0.410263,-22.585774,-0.011127,18.598242,0.033580,-0.001449,-6.085385,-0.173167,6.087848,122|123|124|125|126|127,0.5639
7082.883703,-0.407886,-22.602849,-0.011084,18.605168,0.033730,-0.001386,-6.083030,-0.172028,6.085462,122|123|124|125|126|127,0.5636
7082.900369,-0.405914,-22.611222,-0.011004,18.612294,0.034092,-0.001495,-6.085605,-0.171321,6.088016,122|123|124|125|126|127,0.5630
7082.917036,-0.405910,-22.611220,-0.010998,18.626599,0.034211,-0.001420,-6.099911,-0.171438,6.102320,122|123|124|125|126|127,0.5608
7082.933703,-0.400838,-22.622271,-0.010910,18.626599,0.034211,-0.001420,-6.093904,-0.168684,6.096239,122|123|124|125|126|127,0.5524
7082.950369,-0.398698,-22.637939,-0.010489,18.633726,0.034338,-0.001433,-6.092516,-0.167650,6.094822,123|124|125|126|127,0.5625
7082.967036,-0.396810,-22.644128,-0.010202,18.640768,0.034511,-0.001435,-6.096194,-0.166798,6.098475,123|124|125|126|127,0.5631
7082.983703,-0.396810,-22.644129,-0.010201,18.655014,0.034014,-0.001330,-6.110440,-0.166302,6.112702,123|124|125|126|127,0.5649
7083.017036,-0.401952,-22.667403,-0.010843,18.662443,0.033845,-0.001349,-6.105221,-0.168931,6.107558,123|124|125|126|127,0.5641
7083.033703,-0.403804,-22.682488,-0.010550,18.669546,0.034001,-0.001326,-6.104126,-0.170098,6.106496,123|124|125|126|127,0.5634
7083.050369,-0.401591,-22.691656,-0.011255,18.676714,0.034153,-0.001276,-6.106310,-0.169049,6.108650,123|124|125|126|127,0.5643
7083.067036,-0.399307,-22.700801,-0.011015,18.690710,0.034206,-0.001190,-6.115336,-0.167862,6.117640,123|124|125|126|127,0.5643
7083.100369,-0.399307,-22.700801,-0.011019,18.697996,0.033715,-0.001134,-6.122622,-0.167371,6.124909,123|124|125|126|127,0.5632
7083.150369,-0.399044,-22.717298,-0.010424,18.719267,0.034282,-0.000787,-6.134927,-0.167799,6.137221,123|124|125|126|127,0.5636
7083.167036,-0.396781,-22.754493,-0.010204,18.733252,0.034298,-0.000805,-6.128697,-0.166593,6.130961,123|124|125|126|127,0.5650
7083.183703,-0.393736,-22.762823,-0.009807,18.733252,0.034298,-0.000805,-6.124169,-0.164939,6.126390,123|124|125|126|127,0.5644
7083.200369,-0.396719,-22.770511,-0.009781,18.747723,0.033989,-0.000796,-6.134462,-0.166254,6.136715,123|124|125|126|127,0.5663
7083.233703,-0.400812,-22.789693,-0.009704,18.754597,0.033764,-0.000999,-6.130912,-0.168257,6.133221,123|124|125|126|127,0.5662
7083.250369,-0.403522,-22.799148,-0.009712,18.768677,0.033364,-0.001032,-6.139854,-0.169332,6.142189,123|124|125|126|127,0.5659
7083.267036,-0.406301,-22.809209,-0.009627,18.775683,0.033318,-0.001029,-6.141392,-0.170798,6.143767,123|124|125|126|127,0.5645
7083.283703,-0.406302,-22.809210,-0.009629,18.775683,0.033318,-0.001029,-6.141392,-0.170798,6.143767,123|124|125|126|127,0.5626
7083.300369,-0.409373,-22.818891,-0.010005,18.789625,0.033443,-0.001032,-6.150074,-0.172594,6.152495,123|124|125|126|127,0.5638
7083.317036,-0.408227,-22.832042,-0.009813,18.789625,0.033443,-0.001032,-6.142927,-0.171974,6.145333,123|124|125|126|127,0.5638
7083.333703,-0.408227,-22.832042,-0.009814,18.803398,0.033474,-0.001132,-6.156699,-0.172005,6.159102,123|124|125|126|127,0.5632
7083.350369,-0.408267,-22.837504,-0.009993,18.810902,0.033489,-0.001245,-6.161234,-0.172043,6.163636,123|124|125|126|127,0.5614
7083.367036,-0.407827,-22.848631,-0.010333,18.810902,0.033489,-0.001245,-6.155187,-0.171806,6.157585,123|124|125|126|127,0.5593
7083.383703,-0.408133,-22.868046,-0.010273,18.817910,0.033387,-0.001241,-6.151643,-0.171875,6.154044,123|124|125|126|127,0.5604
7083.400369,-0.409737,-22.876930,-0.010300,18.824925,0.033291,-0.001183,-6.153830,-0.172652,6.156252,123|124|125|126|127,0.5617
7083.433703,-0.412221,-22.894848,-0.010175,18.838951,0.033147,-0.001172,-6.158120,-0.173862,6.160573,123|124|125|126|127,0.5601
7083.450369,-0.412775,-22.902620,-0.010306,18.845925,0.033254,-0.001168,-6.160869,-0.174271,6.163334,123|124|125|126|127,0.5483
7083.467036,-0.413209,-22.904306,-0.010874,18.859989,0.033297,-0.001096,-6.174018,-0.174551,6.176485,125|126|127,0.5601
7083.483703,-0.409855,-22.920994,-0.010860,18.859989,0.033297,-0.001096,-6.164947,-0.172731,6.167367,125|126|127,0.5605
7083.500369,-0.410793,-22.929552,-0.010698,18.866881,0.033205,-0.001010,-6.167188,-0.173151,6.169618,125|126|127,0.5631
7083.550369,-0.410793,-22.929552,-0.010698,18.895272,0.032655,-0.001123,-6.195579,-0.172602,6.197983,125|126|127,0.5621
7083.567036,-0.417845,-22.964494,-0.010550,18.895272,0.032655,-0.001123,-6.176590,-0.176442,6.179109,125|126|127,0.5632
7083.583703,-0.419389,-22.973756,-0.010042,18.909045,0.032490,-0.001012,-6.185329,-0.177118,6.187865,125|126|127,0.5633
7083.600369,-0.421339,-22.983231,-0.010500,18.909045,0.032490,-0.001012,-6.180180,-0.178179,6.182748,125|126|127,0.5619
7083.617036,-0.421340,-22.983231,-0.010499,18.915655,0.032578,-0.001025,-6.186791,-0.178267,6.189359,125|126|127,0.5620
7083.650369,-0.422084,-22.991437,-0.010723,18.929722,0.032157,-0.001023,-6.196398,-0.178253,6.198962,125|126|127,0.5622
7083.667036,-0.426545,-23.016784,-0.010602,18.936959,0.032286,-0.001008,-6.189860,-0.180812,6.192500,125|126|127,0.5621
7083.700369,-0.423140,-23.035281,-0.010781,18.958212,0.032712,-0.001166,-6.201060,-0.179391,6.203655,125|126|127,0.5633
7083.717036,-0.423140,-23.035280,-0.010780,18.958212,0.032712,-0.001166,-6.201061,-0.179391,6.203655,125|126|127,0.5643
7083.733703,-0.419329,-23.051745,-0.010647,18.965443,0.031954,-0.001189,-6.199342,-0.176565,6.201856,125|126|127,0.5631
7083.750369,-0.429934,-23.063086,-0.010575,18.972977,0.031785,-0.001206,-6.200715,-0.182162,6.203390,125|126|127,0.5623
7083.767036,-0.429933,-23.063083,-0.010574,18.987095,0.032289,-0.001197,-6.214835,-0.182665,6.217519,125|126|127,0.5637
7083.783703,-0.432515,-23.078531,-0.011018,18.987095,0.032289,-0.001197,-6.206440,-0.184072,6.209169,125|126|127,0.5657
7083.817036,-0.417170,-23.099361,-0.012474,19.000655,0.033039,-0.001184,-6.208675,-0.176486,6.211183,125|126|127,0.5635
7083.833703,-0.417170,-23.099361,-0.012473,19.007662,0.032292,-0.001182,-6.215683,-0.175739,6.218167,125|126|127,0.5623
7083.850369,-0.414422,-23.105052,-0.011865,19.021361,0.032316,-0.001139,-6.226288,-0.174271,6.228726,125|126|127,0.5640
7083.867036,-0.424429,-23.112175,-0.011375,19.028172,0.032320,-0.001190,-6.229230,-0.179715,6.231822,125|126|127,0.5647
7083.883703,-0.423734,-23.123692,-0.010556,19.028172,0.032320,-0.001190,-6.222971,-0.179340,6.225555,125|126|127,0.5642
7083.900369,-0.423297,-23.129558,-0.009994,19.035107,0.032331,-0.001204,-6.226717,-0.179114,6.229293,125|126|127,0.5629
7083.917036,-0.423297,-23.129559,-0.009995,19.050766,0.032518,-0.001233,-6.242377,-0.179301,6.244951,125|126|127,0.5618
7083.950369,-0.421875,-23.170890,-0.012975,19.065377,0.033050,-0.001399,-6.234524,-0.179069,6.237095,125|126|127,0.5642
7083.967036,-0.418103,-23.177878,-0.012787,19.065377,0.033050,-0.001399,-6.230725,-0.177020,6.233239,125|126|127,0.5532
7083.983703,-0.418090,-23.178905,-0.012911,19.072247,0.033262,-0.001358,-6.237037,-0.177226,6.239555,126|127,0.5643
7084.000369,-0.414641,-23.187239,-0.012799,19.079195,0.033472,-0.001345,-6.239456,-0.175563,6.241925,126|127,0.5611
7084.017036,-0.408469,-23.205486,-0.012610,19.093441,0.033615,-0.001345,-6.243783,-0.172356,6.246162,126|127,0.5600
7084.033703,-0.408468,-23.205486,-0.012609,19.100638,0.033713,-0.001363,-6.250980,-0.172453,6.253358,126|127,0.5625
7084.067036,-0.405065,-23.230761,-0.013052,19.107647,0.033921,-0.001374,-6.244252,-0.170816,6.246588,126|127,0.5593
7084.083703,-0.401786,-23.235241,-0.012613,19.114601,0.034106,-0.001381,-6.248771,-0.169221,6.251062,126|127,0.5603
7084.100369,-0.401788,-23.235242,-0.012616,19.121653,0.033675,-0.001329,-6.255822,-0.168790,6.258099,126|127,0.5600
7084.117036,-0.398679,-23.239528,-0.011434,19.136217,0.033320,-0.001230,-6.268056,-0.166746,6.270274,126|127,0.5622
7084.133703,-0.412418,-23.264968,-0.011422,19.143542,0.033515,-0.001219,-6.261558,-0.174414,6.263986,126|127,0.5612
7084.167036,-0.412414,-23.264967,-0.011413,19.157717,0.033815,-0.000838,-6.275734,-0.174712,6.278165,126|127,0.5641
7084.183703,-0.403351,-23.295419,-0.010466,19.164465,0.033412,-0.000741,-6.265930,-0.169390,6.268219,126|127,0.5621
7084.217036,-0.403352,-23.295419,-0.010467,19.171656,0.033510,-0.000658,-6.273121,-0.169488,6.275410,126|127,0.5596
7084.233703,-0.407910,-23.312030,-0.010816,19.186188,0.033660,-0.000579,-6.278626,-0.172119,6.280985,126|127,0.5621
7084.250369,-0.405816,-23.329589,-0.010314,19.193232,0.033834,-0.000624,-6.276126,-0.171159,6.278460,126|127,0.5634
7084.267036,-0.404477,-23.338599,-0.009949,19.200240,0.033939,-0.000625,-6.278237,-0.170537,6.280553,126|127,0.5628
7084.283703,-0.401996,-23.348002,-0.009551,19.200240,0.033939,-0.000625,-6.273126,-0.169191,6.275407,126|127,0.5619
7084.300369,-0.401997,-23.348006,-0.009555,19.206620,0.033920,0.000394,-6.279504,-0.169173,6.281782,126|127,0.5618
7084.317036,-0.400605,-23.355730,-0.009730,19.215601,0.033722,0.000650,-6.284287,-0.168220,6.286539,126|127,0.5656
7084.333703,-0.409647,-23.384451,-0.008951,19.215601,0.033722,0.000650,-6.268681,-0.173140,6.271071,126|127,0.5652
7084.350369,-0.409374,-23.384514,-0.008808,19.217661,0.033730,0.000570,-6.270706,-0.172999,6.273092,126|127,0.5647
7084.367036,-0.410004,-23.386612,-0.009762,19.218195,0.033723,0.000532,-6.270100,-0.173335,6.272495,126|127,0.5636
7084.383703,-0.410139,-23.387295,-0.009643,19.218195,0.033723,0.000532,-6.269729,-0.173409,6.272126,126|127,0.5636
7084.400369,-0.410307,-23.387034,-0.009784,19.218064,0.033821,0.000534,-6.269739,-0.173598,6.272142,126|127,0.5639
7084.417036,-0.409264,-23.387413,-0.008843,19.218064,0.033821,0.000534,-6.269533,-0.173031,6.271920,126|127,0.5632
7084.433703,-0.408732,-23.385536,-0.009363,19.217949,0.033913,0.000534,-6.270438,-0.172833,6.272820,126|127,0.5658
7084.450369,-0.407317,-23.384549,-0.009159,19.217802,0.034035,0.000543,-6.270828,-0.172186,6.273191,126|127,0.5637
7084.467036,-0.405180,-23.383316,-0.008513,19.217621,0.034189,0.000548,-6.271316,-0.171179,6.273652,126|127,0.5609
7084.483703,-0.405181,-23.383315,-0.008515,19.217377,0.034381,0.000549,-6.271072,-0.171371,6.273413,126|127,0.5608
7084.500369,-0.400237,-23.377401,-0.008155,19.217377,0.034381,0.000549,-6.274286,-0.168683,6.276553,126|127,0.5604
7084.533703,-0.400393,-23.378874,-0.008620,19.217337,0.034380,0.000549,-6.273445,-0.168767,6.275715,126|127,0.5566
7084.550369,-0.400381,-23.378557,-0.008656,19.217324,0.034380,0.000549,-6.273604,-0.168760,6.275873,126|127,0.5574
7084.567036,-0.400332,-23.378151,-0.008575,19.217324,0.034380,0.000549,-6.273825,-0.168734,6.276094,126|127,0.5588
7084.583703,-0.400165,-23.379013,-0.008370,19.217306,0.034379,0.000549,-6.273339,-0.168643,6.275606,126|127,0.5557
7084.617036,-0.400164,-23.379014,-0.008366,19.217266,0.034379,0.000548,-6.273298,-0.168642,6.275565,126|127,0.5554
7084.633703,-0.399828,-23.378176,-0.008196,19.217266,0.034379,0.000548,-6.273754,-0.168459,6.276015,126|127,0.5572
7084.650369,-0.400109,-23.378611,-0.008674,19.217251,0.034379,0.000548,-6.273502,-0.168611,6.275768,126|127,0.5563
7084.700369,-0.399882,-23.378053,-0.008392,19.217207,0.034378,0.000548,-6.273761,-0.168487,6.276023,126|127,0.5580
7084.717036,-0.400052,-23.378247,-0.008570,19.217190,0.034378,0.000548,-6.273639,-0.168580,6.275903,126|127,0.5581
7084.733703,-0.400055,-23.378624,-0.008668,19.217163,0.034377,0.000548,-6.273407,-0.168581,6.275672,126|127,0.5560
7084.750369,-0.400093,-23.378540,-0.008868,19.217163,0.034377,0.000548,-6.273453,-0.168602,6.275718,126|127,0.5552
7084.767036,-0.400092,-23.378539,-0.008866,19.217137,0.034377,0.000548,-6.273427,-0.168601,6.275692,126|127,0.5566
7084.783703,-0.399825,-23.377947,-0.008594,19.217137,0.034377,0.000548,-6.273748,-0.168456,6.276010,126|127,0.5571
7084.800370,-0.400491,-23.378609,-0.009567,19.217106,0.034377,0.000547,-6.273358,-0.168817,6.275630,126|127,0.5553
7084.817036,-0.400697,-23.378219,-0.009937,19.217095,0.034377,0.000547,-6.273559,-0.168929,6.275833,126|127,0.5567
7084.833703,-0.400564,-23.378085,-0.009669,19.217095,0.034377,0.000547,-6.273632,-0.168856,6.275904,126|127,0.5568
7084.850370,-0.400396,-23.378692,-0.009369,19.217078,0.034376,0.000547,-6.273285,-0.168765,6.275554,126|127,0.5557
7084.867036,-0.400396,-23.378692,-0.009370,19.217051,0.034376,0.000547,-6.273258,-0.168765,6.275528,126|127,0.5573
7084.883703,-0.400360,-23.378150,-0.009261,19.217051,0.034376,0.000547,-6.273552,-0.168745,6.275821,126|127,0.5564
7084.900370,-0.401282,-23.377911,-0.010382,19.217034,0.034376,0.000546,-6.273666,-0.169246,6.275948,126|127,0.5580
7084.917036,-0.401222,-23.378104,-0.010266,19.217026,0.034375,0.000545,-6.273553,-0.169213,6.275834,126|127,0.5574
7084.933703,-0.401221,-23.378104,-0.010265,19.216992,0.034375,0.000546,-6.273518,-0.169212,6.275800,126|127,0.5575
7084.983703,-0.401084,-23.378242,-0.010206,19.216965,0.034375,0.000546,-6.273417,-0.169137,6.275696,126|127,0.5556
7085.000370,-0.400646,-23.378236,-0.009715,19.216952,0.034374,0.000545,-6.273407,-0.168899,6.275680,126|127,0.5556
7085.017036,-0.400516,-23.377589,-0.009603,19.216938,0.034374,0.000545,-6.273745,-0.168828,6.276016,126|127,0.5571
