t,x,y,yaw,odom_x,odom_y,odom_yaw,error_x,error_y,error_dist,tags_used,quality
6801.600355,-0.162311,0.437893,0.000400,-0.000000,0.000000,0.000000,0.000000,-0.000000,0.000000,0|1,0.5640
6801.617021,-0.174960,0.237355,0.003658,0.013687,-0.000780,0.000216,0.095298,-0.006138,0.095496,0|1|2,0.5628
6801.633688,-0.168952,0.219379,0.003606,0.020332,-0.001431,0.000286,0.098424,-0.002226,0.098449,0|1|2,0.5637
6801.650355,-0.177751,0.210724,0.003968,0.020332,-0.001431,0.000286,0.103126,-0.007010,0.103364,0|1|2,0.5653
6801.667021,-0.186964,0.202107,0.003830,0.027084,-0.002104,0.000704,0.101055,-0.011346,0.101690,0|1|2,0.5659
6801.700355,-0.184593,0.185252,0.004838,0.041556,-0.000600,0.000222,0.095744,-0.011565,0.096440,0|1|2,0.5647
6801.717021,-0.173424,0.175931,0.005669,0.048400,-0.000565,0.000368,0.093968,-0.005531,0.094131,0|1|2,0.5637
6801.733688,-0.173424,0.175931,0.005672,0.055184,-0.001069,0.000342,0.087185,-0.005028,0.087329,0|1|2,0.5654
6801.750355,-0.180802,0.158462,0.005256,0.061841,-0.001618,0.000414,0.090020,-0.008492,0.090419,0|1|2,0.5663
6801.767021,-0.188674,0.150205,0.004897,0.068564,-0.001466,0.000491,0.087782,-0.012924,0.088729,0|1|2,0.5660
6801.783688,-0.188674,0.150205,0.004897,0.082268,-0.000514,0.000915,0.074079,-0.013876,0.075367,0|1|2,0.5664
6801.800355,-0.185852,0.142249,0.004550,0.082268,-0.000514,0.000915,0.078403,-0.012344,0.079369,0|1|2,0.5656
6801.817021,-0.173062,0.124771,0.004778,0.089121,-0.001027,0.000960,0.081051,-0.004884,0.081198,0|1|2,0.5649
6801.833688,-0.180650,0.116163,0.006347,0.095979,-0.001589,0.000981,0.078870,-0.008448,0.079322,0|1|2,0.5649
6801.850355,-0.188466,0.107676,0.006061,0.102972,-0.002200,0.001045,0.076488,-0.012086,0.077437,0|1|2,0.5644
6801.867021,-0.197031,0.099023,0.006049,0.117006,-0.000655,0.001188,0.067155,-0.018288,0.069601,0|1|2,0.5627
6801.883688,-0.186575,0.090634,0.006068,0.117006,-0.000655,0.001188,0.071717,-0.012607,0.072817,0|1|2,0.5629
6801.900355,-0.186575,0.090634,0.006068,0.130477,-0.000598,0.001308,0.058245,-0.012664,0.059606,0|1|2,0.5639
6801.917021,-0.175022,0.081489,0.006043,0.130477,-0.000598,0.001308,0.063218,-0.006388,0.063540,0|1|2,0.5621
6801.933688,-0.164372,0.073292,0.006894,0.144664,-0.001010,0.001367,0.053488,-0.000189,0.053489,0|1|2,0.5629
6801.950355,-0.186185,0.056804,0.007392,0.151713,-0.000525,0.001553,0.055396,-0.012533,0.056796,0|1|2,0.5621
6801.967021,-0.186186,0.056804,0.007392,0.158555,-0.000092,0.001591,0.048554,-0.012966,0.050255,0|1|2,0.5637
6801.983688,-0.171814,0.038618,0.007153,0.165344,0.000321,0.001592,0.051651,-0.005572,0.051951,0|1|2,0.5636
6802.017021,-0.160095,0.021492,0.007809,0.172059,-0.000535,0.001546,0.054247,0.001649,0.054272,0|1|2,0.5632
6802.033688,-0.174474,0.012007,0.010680,0.179063,-0.001029,0.001627,0.052395,-0.005674,0.052701,0|1|2|4,0.5463
6802.050355,-0.179181,0.004293,0.006696,0.193339,-0.000259,0.001899,0.042310,-0.009003,0.043257,0|1|2|3|4,0.5605
6802.067021,-0.179178,0.004288,0.006680,0.200134,0.000054,0.002168,0.035518,-0.009315,0.036719,0|1|2|3|4,0.5628
6802.083688,-0.174455,-0.004258,0.007876,0.206808,0.000318,0.002208,0.033489,-0.007015,0.034216,0|1|2|3|4,0.5621
6802.100355,-0.164643,-0.022496,0.006810,0.206808,0.000318,0.002208,0.043403,-0.001685,0.043436,0|1|2|3|4,0.5626
6802.117021,-0.160915,-0.031150,0.006863,0.213476,-0.000449,0.002206,0.041439,0.001105,0.041454,0|1|2|3|4,0.5614
6802.133688,-0.160915,-0.031151,0.006862,0.227679,0.000490,0.002398,0.027237,0.000167,0.027238,0|1|2|3|4,0.5614
6802.150355,-0.166658,-0.047141,0.006632,0.234616,0.001053,0.002448,0.028989,-0.003521,0.029202,0|1|2|3|4,0.5625
6802.183688,-0.166658,-0.047141,0.006632,0.248103,0.001194,0.002720,0.015502,-0.003662,0.015929,0|1|2|3|4,0.5622
6802.200355,-0.143950,-0.073871,0.006429,0.254895,0.000238,0.003074,0.023241,0.009630,0.025157,0|1|2|3|4,0.5619
6802.217021,-0.143950,-0.073871,0.006426,0.262029,0.000314,0.003308,0.016107,0.009554,0.018728,0|1|2|3|4,0.5613
6802.233688,-0.149186,-0.082630,0.007597,0.269215,0.000407,0.003634,0.013681,0.006613,0.015195,0|1|2|3|4,0.5618
6802.250355,-0.161110,-0.099515,0.008981,0.269215,0.000407,0.003634,0.022855,0.000129,0.022856,0|1|2|3|4,0.5626
6802.267021,-0.161109,-0.099515,0.008983,0.283101,0.000552,0.004523,0.008969,-0.000015,0.008969,0|1|2|3|4,0.5621
6802.283688,-0.158762,-0.117874,0.010528,0.289920,0.000348,0.004911,0.012128,0.001460,0.012216,0|1|2|3|4,0.5624
6802.300355,-0.158761,-0.117874,0.010527,0.296919,0.000474,0.005220,0.005129,0.001334,0.005300,0|1|2|3|4,0.5604
6802.333688,-0.160555,-0.143364,0.010579,0.303910,0.000594,0.005336,0.011991,0.000234,0.011993,0|1|2|3|4,0.5617
6802.350355,-0.159540,-0.152466,0.010350,0.310854,0.000640,0.005387,0.009994,0.000738,0.010021,0|1|2|3|4,0.5628
6802.367021,-0.159540,-0.152466,0.010351,0.324868,0.000621,0.005569,-0.004020,0.000757,0.004091,0|1|2|3|4,0.5630
6802.383688,-0.159287,-0.161089,0.010528,0.324868,0.000621,0.005569,0.000666,0.000892,0.001113,0|1|2|3|4,0.5626
6802.400355,-0.160484,-0.178538,0.009964,0.331814,0.000669,0.005901,0.003203,0.000189,0.003209,0|1|2|3|4,0.5613
6802.417021,-0.160422,-0.187230,0.009846,0.338719,0.000469,0.006291,0.001022,0.000422,0.001106,0|1|2|3|4,0.5612
6802.433688,-0.160422,-0.187230,0.009844,0.345761,0.000217,0.006690,-0.006020,0.000673,0.006057,0|1|2|3|4,0.5624
6802.450355,-0.164379,-0.195972,0.010563,0.359632,-0.000464,0.006980,-0.015140,-0.000798,0.015161,0|1|2|3|4,0.5633
6802.467021,-0.174035,-0.213745,0.010263,0.359632,-0.000464,0.006980,-0.005483,-0.006049,0.008165,0|1|2|3|4,0.5629
6802.483688,-0.179357,-0.222530,0.011025,0.373041,0.001130,0.006806,-0.014119,-0.010537,0.017618,0|1|2|3|4,0.5617
6802.500355,-0.179358,-0.222529,0.011028,0.373041,0.001130,0.006806,-0.014120,-0.010538,0.017619,0|1|2|3|4,0.5625
6802.550355,-0.161719,-0.255448,0.012472,0.392947,0.000617,0.006758,-0.016131,-0.000446,0.016137,0|1|2|3|4,0.5639
6802.567021,-0.164593,-0.264570,0.010782,0.406804,0.000839,0.006947,-0.025031,-0.002232,0.025131,0|1|2|3|4|5,0.5530
6802.583688,-0.164530,-0.264657,0.010627,0.413517,0.000912,0.007258,-0.031696,-0.002270,0.031777,0|1|2|3|4|5,0.5615
6802.600355,-0.168963,-0.272779,0.011222,0.420079,0.000690,0.007363,-0.033846,-0.004459,0.034138,0|1|2|3|4|5,0.5620
6802.617021,-0.162748,-0.289487,0.011117,0.426598,0.000411,0.007396,-0.031282,-0.000806,0.031293,0|1|2|3|4|5,0.5633
6802.633688,-0.166815,-0.297769,0.011467,0.433330,0.000104,0.007821,-0.033514,-0.002711,0.033624,0|1|2|3|4|5,0.5642
6802.650355,-0.166814,-0.297768,0.011471,0.433330,0.000104,0.007821,-0.033515,-0.002711,0.033624,0|1|2|3|4|5,0.5648
6802.667021,-0.176690,-0.314438,0.011673,0.440320,0.000351,0.007951,-0.031447,-0.008329,0.032532,0|1|2|3|4|5,0.5642
6802.683688,-0.176690,-0.314438,0.011676,0.447401,0.001244,0.007978,-0.038529,-0.009222,0.039617,0|1|2|3|4|5,0.5637
6802.700355,-0.161825,-0.331701,0.012025,0.454410,0.002121,0.007939,-0.036152,-0.002025,0.036209,0|1|2|3|4|5,0.5630
6802.717021,-0.161826,-0.331701,0.012026,0.468077,0.001040,0.007963,-0.049819,-0.000944,0.049828,0|1|2|3|4|5,0.5617
6802.733688,-0.149886,-0.340419,0.012362,0.475001,0.000456,0.008008,-0.052003,0.006128,0.052362,0|1|2|3|4|5,0.5626
6802.750355,-0.167542,-0.358011,0.012723,0.482063,0.000997,0.008010,-0.049508,-0.004013,0.049670,0|1|2|3|4|5,0.5622
6802.767021,-0.167542,-0.358011,0.012723,0.489261,0.001569,0.008009,-0.056706,-0.004585,0.056891,0|1|2|3|4|5,0.5607
6802.783688,-0.169147,-0.375204,0.013435,0.496451,0.001226,0.007991,-0.054552,-0.005117,0.054791,0|1|2|3|4|5,0.5614
6802.800355,-0.162039,-0.384493,0.013052,0.496451,0.001226,0.007991,-0.049502,-0.001257,0.049518,0|1|2|3|4|5,0.5615
6802.817021,-0.167517,-0.393556,0.012785,0.503557,0.000897,0.008002,-0.051684,-0.003907,0.051832,0|1|2|3|4|5,0.5621
6802.833688,-0.173014,-0.402637,0.012009,0.510495,0.000555,0.008066,-0.053687,-0.006554,0.054085,0|1|2|3|4|5,0.5614
6802.850355,-0.178715,-0.411568,0.011520,0.517398,0.000470,0.008005,-0.055738,-0.009570,0.056554,0|1|2|3|4|5,0.5613
6802.883688,-0.167365,-0.428087,0.011425,0.531340,0.001515,0.007943,-0.060699,-0.004449,0.060862,0|1|2|3|4|5,0.5622
6802.900355,-0.167365,-0.428087,0.011427,0.545387,0.000713,0.007810,-0.074746,-0.003648,0.074835,0|1|2|3|4|5,0.5625
6802.917021,-0.173263,-0.445981,0.011867,0.545387,0.000713,0.007810,-0.065022,-0.006857,0.065383,0|1|2|3|4|5,0.5628
6802.967021,-0.182473,-0.472244,0.012071,0.573705,0.000870,0.007745,-0.079069,-0.012026,0.079979,0|1|2|3|4|5,0.5620
6802.983688,-0.178651,-0.481496,0.012642,0.580835,0.000839,0.007809,-0.081170,-0.009920,0.081774,0|1|2|3|4|5,0.5617
6803.033688,-0.182093,-0.508310,0.013924,0.602302,0.002941,0.007851,-0.088066,-0.013898,0.089155,0|1|2|3|4|5,0.5620
6803.050355,-0.172450,-0.516661,0.012976,0.609374,0.003116,0.007851,-0.090596,-0.008834,0.091026,0|1|2|3|4|5,0.5621
6803.067021,-0.172451,-0.516661,0.012979,0.616395,0.002634,0.007849,-0.097618,-0.008352,0.097974,0|1|2|3|4|5,0.5611
6803.083688,-0.152130,-0.534681,0.012180,0.623428,0.002226,0.007815,-0.094852,0.003096,0.094903,0|1|2|3|4|5,0.5615
6803.100355,-0.159407,-0.544873,0.011397,0.630475,0.001807,0.007800,-0.096362,-0.000442,0.096363,0|1|2|3|4|5|6|7,0.5514
6803.117021,-0.166304,-0.553131,0.012236,0.630475,0.001807,0.007800,-0.091876,-0.004192,0.091971,0|1|2|3|4|5|6|7,0.5625
6803.133688,-0.166315,-0.553153,0.012227,0.644690,0.003300,0.007802,-0.106079,-0.005691,0.106232,0|1|2|3|4|5|6|7,0.5555
6803.150355,-0.163887,-0.570944,0.012427,0.651752,0.002865,0.007778,-0.103472,-0.003941,0.103547,2|3|4|5|6|7,0.5623
6803.183688,-0.163888,-0.570944,0.012427,0.658906,0.002441,0.007804,-0.110626,-0.003518,0.110682,2|3|4|5|6|7,0.5622
6803.200355,-0.166811,-0.597799,0.012561,0.666049,0.002010,0.007832,-0.103174,-0.004681,0.103280,2|3|4|5|6|7,0.5624
6803.217021,-0.166812,-0.597799,0.012558,0.679956,0.003419,0.008067,-0.117081,-0.006090,0.117239,2|3|4|5|6|7,0.5608
6803.233688,-0.173437,-0.614576,0.012362,0.679956,0.003419,0.008067,-0.107964,-0.009694,0.108398,2|3|4|5|6|7,0.5606
6803.267021,-0.141891,-0.632451,0.011532,0.701086,0.004259,0.008140,-0.119373,0.006606,0.119556,2|3|4|5|6|7,0.5601
6803.283688,-0.141891,-0.632450,0.011533,0.708190,0.004166,0.008060,-0.126477,0.006699,0.126654,2|3|4|5|6|7,0.5612
6803.333688,-0.144220,-0.667735,0.011831,0.722396,0.005037,0.008250,-0.121507,0.004555,0.121592,2|3|4|5|6|7,0.5605
6803.350355,-0.137044,-0.676793,0.012241,0.729442,0.004571,0.008416,-0.123629,0.008919,0.123950,2|3|4|5|6|7,0.5608
6803.367021,-0.137044,-0.676794,0.012240,0.743509,0.003611,0.008591,-0.137695,0.009878,0.138049,2|3|4|5|6|7,0.5620
6803.383688,-0.151895,-0.694687,0.013311,0.750568,0.003692,0.008751,-0.135033,0.001723,0.135044,2|3|4|5|6|7,0.5626
6803.400355,-0.159607,-0.703672,0.012973,0.750568,0.003692,0.008751,-0.130151,-0.002470,0.130175,2|3|4|5|6|7,0.5625
6803.417021,-0.158642,-0.712104,0.012764,0.764547,0.004868,0.009062,-0.139547,-0.003124,0.139582,2|3|4|5|6|7,0.5633
6803.450355,-0.158644,-0.712103,0.012765,0.778348,0.003998,0.009091,-0.153349,-0.002255,0.153366,2|3|4|5|6|7,0.5629
6803.467021,-0.144360,-0.729990,0.012706,0.785477,0.003548,0.009154,-0.150754,0.005954,0.150872,2|3|4|5|6|7,0.5632
6803.483688,-0.158428,-0.747068,0.011348,0.785477,0.003548,0.009154,-0.141476,-0.001695,0.141486,2|3|4|5|6|7,0.5630
6803.500355,-0.165759,-0.756070,0.011558,0.799926,0.004924,0.009239,-0.151034,-0.007057,0.151199,2|3|4|5|6|7,0.5616
6803.517021,-0.165759,-0.756070,0.011559,0.807024,0.004511,0.009368,-0.158132,-0.006645,0.158272,2|3|4|5|6|7,0.5619
6803.533688,-0.147869,-0.773571,0.012111,0.807024,0.004511,0.009368,-0.148617,0.003074,0.148649,2|3|4|5|6|7,0.5610
6803.550355,-0.147869,-0.773570,0.012111,0.821028,0.003329,0.009325,-0.162621,0.004256,0.162677,2|3|4|5|6|7,0.5603
6803.567022,-0.165961,-0.792066,0.011876,0.821028,0.003329,0.009325,-0.152573,-0.005580,0.152675,2|3|4|5|6|7,0.5603
6803.583688,-0.173281,-0.799959,0.011733,0.834583,0.004801,0.009344,-0.161839,-0.011032,0.162215,2|3|4|5|6|7,0.5603
6803.600355,-0.163514,-0.808642,0.011961,0.834583,0.004801,0.009344,-0.157118,-0.005726,0.157223,2|3|4|5|6|7,0.5612
6803.617022,-0.163515,-0.808642,0.011961,0.841475,0.005524,0.009343,-0.164010,-0.006449,0.164137,2|3|4|5|6|7,0.5618
6803.633688,-0.144405,-0.825715,0.011863,0.848469,0.005101,0.009227,-0.161721,0.004356,0.161780,2|3|4|5|6|7|8,0.5618
6803.650355,-0.151613,-0.834761,0.012117,0.855447,0.004622,0.009126,-0.163785,0.000916,0.163787,2|3|4|5|6|7|8,0.5590
6803.667022,-0.151607,-0.834778,0.012120,0.869413,0.004537,0.009132,-0.177741,0.001004,0.177744,2|3|4|5|6|7|8,0.5552
6803.683688,-0.167113,-0.852945,0.012369,0.869413,0.004537,0.009132,-0.167871,-0.007427,0.168035,3|4|5|6|7|8,0.5612
6803.700355,-0.167113,-0.852945,0.012371,0.883330,0.005259,0.009197,-0.181788,-0.008149,0.181971,3|4|5|6|7|8,0.5617
6803.717022,-0.149587,-0.869817,0.014155,0.883330,0.005259,0.009197,-0.172615,0.001372,0.172620,3|4|5|6|7|8,0.5617
6803.733688,-0.149588,-0.869817,0.014158,0.897298,0.004242,0.009270,-0.186583,0.002388,0.186598,3|4|5|6|7|8,0.5628
6803.750355,-0.161834,-0.887866,0.012263,0.897298,0.004242,0.009270,-0.176777,-0.004271,0.176828,3|4|5|6|7|8,0.5634
6803.767022,-0.169910,-0.896597,0.012278,0.911424,0.005118,0.009342,-0.186159,-0.009538,0.186404,3|4|5|6|7|8,0.5636
6803.800355,-0.169910,-0.896597,0.012278,0.918426,0.005784,0.009331,-0.193162,-0.010204,0.193431,3|4|5|6|7|8,0.5624
6803.817022,-0.150303,-0.922545,0.011282,0.932197,0.005523,0.009384,-0.192826,0.000707,0.192827,3|4|5|6|7|8,0.5618
6803.833688,-0.145964,-0.931480,0.011395,0.932197,0.005523,0.009384,-0.187969,0.003064,0.187994,3|4|5|6|7|8,0.5612
6803.850355,-0.157399,-0.940022,0.011489,0.946148,0.005216,0.009512,-0.197280,-0.002846,0.197300,3|4|5|6|7|8,0.5619
6803.867022,-0.169150,-0.948828,0.011375,0.946148,0.005216,0.009512,-0.192496,-0.009235,0.192718,3|4|5|6|7|8,0.5620
6803.883688,-0.163316,-0.956980,0.011101,0.953351,0.005913,0.009486,-0.195268,-0.006762,0.195385,3|4|5|6|7|8,0.5628
6803.900355,-0.163316,-0.956980,0.011102,0.960544,0.006056,0.009489,-0.202461,-0.006905,0.202579,3|4|5|6|7|8,0.5614
6803.917022,-0.154307,-0.965951,0.011581,0.974887,0.004934,0.009495,-0.211927,-0.000889,0.211929,3|4|5|6|7|8,0.5620
6803.933688,-0.162311,-0.984392,0.011565,0.974887,0.004934,0.009495,-0.201906,-0.005243,0.201974,3|4|5|6|7|8,0.5619
6803.950355,-0.162311,-0.984392,0.011563,0.981850,0.004745,0.009409,-0.208868,-0.005054,0.208930,3|4|5|6|7|8,0.5616
6803.967022,-0.173695,-1.001537,0.011354,0.995750,0.006128,0.009371,-0.213453,-0.012628,0.213826,3|4|5|6|7|8,0.5623
6803.983688,-0.164627,-1.010359,0.011060,1.002776,0.005757,0.009272,-0.215683,-0.007331,0.215807,3|4|5|6|7|8,0.5616
6804.000355,-0.155515,-1.019103,0.010867,1.002776,0.005757,0.009272,-0.210928,-0.002381,0.210942,3|4|5|6|7|8,0.5608
6804.017022,-0.162081,-1.028030,0.010604,1.009860,0.005149,0.009223,-0.213162,-0.005343,0.213229,3|4|5|6|7|8,0.5621
6804.033688,-0.171745,-1.036857,0.010715,1.023977,0.004743,0.009189,-0.222484,-0.010191,0.222717,3|4|5|6|7|8,0.5627
6804.050355,-0.181339,-1.045806,0.010789,1.023977,0.004743,0.009189,-0.217622,-0.015407,0.218167,3|4|5|6|7|8,0.5626
6804.067022,-0.181338,-1.045808,0.010792,1.038397,0.005499,0.009216,-0.232042,-0.016162,0.232604,3|4|5|6|7|8,0.5629
6804.083688,-0.167174,-1.063217,0.010297,1.045604,0.005274,0.009277,-0.229784,-0.008243,0.229931,3|4|5|6|7|8,0.5622
6804.100355,-0.167175,-1.063217,0.010297,1.052835,0.005067,0.009328,-0.237016,-0.008036,0.237152,3|4|5|6|7|8,0.5631
6804.117022,-0.174145,-1.081658,0.011405,1.052835,0.005067,0.009328,-0.226995,-0.011829,0.227303,3|4|5|6|7|8,0.5634
6804.133688,-0.174145,-1.081658,0.011407,1.059928,0.005690,0.009335,-0.234088,-0.012452,0.234419,3|4|5|6|7|8,0.5624
6804.150355,-0.177466,-1.091971,0.011205,1.067057,0.006886,0.009321,-0.235612,-0.015455,0.236119,3|4|5|6|7|8|9|10,0.5592
6804.167022,-0.154383,-1.108189,0.011772,1.074073,0.008035,0.009345,-0.233809,-0.004063,0.233844,3|4|5|6|7|8|9|10,0.5620
6804.183688,-0.138559,-1.117930,0.011851,1.088100,0.007013,0.008525,-0.242539,0.005557,0.242602,5|6|7|8|9|10,0.5620
6804.200355,-0.138560,-1.117929,0.011850,1.095160,0.006391,0.008505,-0.249599,0.006179,0.249675,5|6|7|8|9|10,0.5624
6804.217022,-0.157747,-1.135474,0.010440,1.095160,0.006391,0.008505,-0.240068,-0.004252,0.240106,5|6|7|8|9|10,0.5631
6804.233688,-0.157748,-1.135474,0.010442,1.109400,0.007719,0.008502,-0.254308,-0.005581,0.254370,5|6|7|8|9|10,0.5630
6804.250355,-0.167187,-1.144221,0.009788,1.116571,0.007902,0.008510,-0.256727,-0.010896,0.256958,5|6|7|8|9|10,0.5638
6804.267022,-0.159618,-1.152443,0.009255,1.123763,0.007271,0.008527,-0.259450,-0.006153,0.259523,5|6|7|8|9|10,0.5641
6804.283688,-0.147775,-1.170895,0.010167,1.123763,0.007271,0.008527,-0.249418,0.000280,0.249419,5|6|7|8|9|10,0.5626
6804.300355,-0.147776,-1.170895,0.010169,1.130930,0.006648,0.008544,-0.256585,0.000902,0.256586,5|6|7|8|9|10,0.5626
6804.317022,-0.157523,-1.180059,0.010847,1.144813,0.007759,0.008788,-0.265490,-0.005509,0.265547,5|6|7|8|9|10,0.5620
6804.333688,-0.168358,-1.196815,0.010880,1.144813,0.007759,0.008788,-0.256386,-0.011400,0.256639,5|6|7|8|9|10,0.5618
6804.383688,-0.133412,-1.223905,0.010755,1.166045,0.008977,0.008832,-0.262888,0.006367,0.262965,5|6|7|8|9|10,0.5628
6804.400355,-0.133413,-1.223905,0.010757,1.180417,0.008836,0.008672,-0.277259,0.006509,0.277336,5|6|7|8|9|10,0.5632
6804.433688,-0.140467,-1.250164,0.009915,1.187474,0.009692,0.008632,-0.270047,0.001813,0.270053,5|6|7|8|9|10,0.5630
6804.450355,-0.129270,-1.259069,0.009586,1.201500,0.008893,0.008590,-0.279230,0.008695,0.279366,5|6|7|8|9|10,0.5623
6804.467022,-0.129271,-1.259069,0.009586,1.208438,0.008300,0.008592,-0.286169,0.009288,0.286319,5|6|7|8|9|10,0.5624
6804.500355,-0.151627,-1.286245,0.007678,1.215258,0.008066,0.008578,-0.278224,-0.002634,0.278236,5|6|7|8|9|10,0.5629
6804.517022,-0.151627,-1.286245,0.007681,1.229112,0.009576,0.008586,-0.292078,-0.004144,0.292108,5|6|7|8|9|10,0.5618
6804.533688,-0.154683,-1.293644,0.010378,1.236153,0.009181,0.008569,-0.295099,-0.005411,0.295148,5|6|7|8|9|10,0.5628
6804.550355,-0.134757,-1.311408,0.010770,1.236153,0.009181,0.008569,-0.285440,0.005414,0.285491,5|6|7|8|9|10,0.5634
6804.567022,-0.142004,-1.320599,0.011105,1.242884,0.008713,0.008516,-0.287178,0.001941,0.287184,5|6|7|8|9|10,0.5629
6804.583688,-0.149371,-1.329365,0.010659,1.249670,0.008265,0.008552,-0.289200,-0.001617,0.289205,5|6|7|8|9|10,0.5636
6804.600355,-0.156422,-1.338075,0.010626,1.263377,0.009188,0.008594,-0.298176,-0.006373,0.298244,5|6|7|8|9|10,0.5629
6804.617022,-0.155200,-1.345385,0.010720,1.263377,0.009188,0.008594,-0.294203,-0.005710,0.294258,5|6|7|8|9|10,0.5623
6804.633688,-0.155199,-1.345385,0.010721,1.277651,0.008636,0.008676,-0.308477,-0.005159,0.308520,5|6|7|8|9|10,0.5619
6804.650355,-0.144741,-1.354046,0.011038,1.277651,0.008636,0.008676,-0.303768,0.000523,0.303768,5|6|7|8|9|10,0.5615
6804.667022,-0.143962,-1.364703,0.010090,1.291483,0.008189,0.008598,-0.311807,0.001391,0.311810,5|6|7|8|9|10|11,0.5597
6804.683688,-0.164643,-1.381476,0.011619,1.291483,0.008189,0.008598,-0.302696,-0.009852,0.302856,5|6|7|8|9|10|11,0.5625
6804.700355,-0.161568,-1.388509,0.011135,1.298386,0.008998,0.008643,-0.305776,-0.008991,0.305908,5|6|7|8|9|10|11,0.5562
6804.733688,-0.139709,-1.406696,0.011421,1.312534,0.009711,0.008646,-0.310035,0.002172,0.310043,6|7|8|9|10|11,0.5617
6804.750355,-0.142271,-1.416260,0.011242,1.319645,0.009296,0.008622,-0.311949,0.001193,0.311951,6|7|8|9|10|11,0.5616
6804.767022,-0.149080,-1.425039,0.010967,1.326720,0.008879,0.008616,-0.314254,-0.002093,0.314261,6|7|8|9|10|11,0.5616
6804.783688,-0.149080,-1.425039,0.010968,1.340342,0.009592,0.008695,-0.327876,-0.002806,0.327888,6|7|8|9|10|11,0.5610
6804.800355,-0.160351,-1.441577,0.010859,1.347232,0.009712,0.008690,-0.325780,-0.009055,0.325906,6|7|8|9|10|11,0.5606
6804.850355,-0.153805,-1.468331,0.010855,1.368163,0.008490,0.008783,-0.332170,-0.004281,0.332198,6|7|8|9|10|11,0.5621
6804.867022,-0.160257,-1.477121,0.011422,1.368163,0.008490,0.008783,-0.327394,-0.007790,0.327487,6|7|8|9|10|11,0.5625
6804.883688,-0.160257,-1.477121,0.011422,1.382290,0.010045,0.008740,-0.341521,-0.009345,0.341649,6|7|8|9|10|11,0.5624
6804.900355,-0.156333,-1.493975,0.011668,1.382290,0.010045,0.008740,-0.332360,-0.007215,0.332438,6|7|8|9|10|11,0.5632
6804.933688,-0.156333,-1.493974,0.011666,1.403143,0.009532,0.008150,-0.353214,-0.006703,0.353278,6|7|8|9|10|11,0.5610
6804.950355,-0.147661,-1.521300,0.010435,1.410100,0.009151,0.008130,-0.345318,-0.001615,0.345322,6|7|8|9|10|11,0.5614
6804.967022,-0.157077,-1.529629,0.011018,1.417299,0.009982,0.008121,-0.347992,-0.007565,0.348074,6|7|8|9|10|11,0.5618
6804.983688,-0.157077,-1.529629,0.011018,1.417299,0.009982,0.008121,-0.347992,-0.007565,0.348074,6|7|8|9|10|11,0.5613
6805.017022,-0.162592,-1.537404,0.011098,1.431839,0.009861,0.008084,-0.358308,-0.010443,0.358460,6|7|8|9|10|11,0.5626
6805.033688,-0.155172,-1.565435,0.010526,1.438993,0.009464,0.008111,-0.350226,-0.006019,0.350277,6|7|8|9|10|11,0.5627
6805.067022,-0.168379,-1.583786,0.011815,1.452817,0.009476,0.008115,-0.354080,-0.013214,0.354326,6|7|8|9|10|11,0.5619
6805.083688,-0.168379,-1.583786,0.011815,1.466809,0.010120,0.008032,-0.368072,-0.013857,0.368332,6|7|8|9|10|11,0.5625
6805.100355,-0.161939,-1.590959,0.011017,1.466809,0.010120,0.008032,-0.364172,-0.010359,0.364319,6|7|8|9|10|11,0.5622
6805.117022,-0.154726,-1.609050,0.011184,1.473900,0.009670,0.007986,-0.361429,-0.005993,0.361479,6|7|8|9|10|11,0.5628
6805.133688,-0.161930,-1.617997,0.011933,1.481040,0.009224,0.007979,-0.363709,-0.009463,0.363832,6|7|8|9|10|11,0.5628
6805.167022,-0.161929,-1.617997,0.011933,1.502305,0.009651,0.007856,-0.384973,-0.009891,0.385100,6|7|8|9|10|11,0.5612
6805.183688,-0.163463,-1.645083,0.008854,1.502305,0.009651,0.007856,-0.370253,-0.010730,0.370408,6|7|8|9|10|11|12|13,0.5495
6805.200355,-0.163382,-1.645159,0.008625,1.509471,0.009559,0.007876,-0.377377,-0.010593,0.377526,6|7|8|9|10|11|12|13,0.5640
6805.233688,-0.168409,-1.671823,0.009168,1.530968,0.010729,0.007961,-0.384385,-0.014501,0.384658,8|9|10|11|12|13,0.5619
6805.250355,-0.168409,-1.671824,0.009169,1.538091,0.012072,0.007882,-0.391507,-0.015845,0.391828,8|9|10|11|12|13,0.5606
6805.267022,-0.152678,-1.689005,0.008883,1.538091,0.012072,0.007882,-0.382166,-0.007299,0.382236,8|9|10|11|12|13,0.5620
6805.283688,-0.134285,-1.698274,0.009101,1.545301,0.011892,0.007912,-0.384335,0.002875,0.384345,8|9|10|11|12|13,0.5610
6805.300355,-0.134284,-1.698274,0.009098,1.552358,0.011209,0.007919,-0.391392,0.003559,0.391408,8|9|10|11|12|13,0.5621
6805.317022,-0.137885,-1.707468,0.009261,1.566535,0.010528,0.007773,-0.400572,0.002281,0.400579,8|9|10|11|12|13,0.5625
6805.333688,-0.148365,-1.716359,0.009146,1.573723,0.011480,0.007783,-0.402931,-0.004369,0.402954,8|9|10|11|12|13,0.5624
6805.350355,-0.158520,-1.733326,0.009569,1.573723,0.011480,0.007783,-0.393711,-0.009891,0.393835,8|9|10|11|12|13,0.5623
6805.367022,-0.145694,-1.742457,0.009341,1.587998,0.011397,0.007829,-0.403021,-0.002839,0.403031,8|9|10|11|12|13,0.5614
6805.383688,-0.145694,-1.742457,0.009342,1.595136,0.010957,0.007865,-0.410160,-0.002399,0.410167,8|9|10|11|12|13,0.5620
6805.400355,-0.141472,-1.751987,0.008682,1.602259,0.010499,0.007883,-0.412102,0.000351,0.412103,8|9|10|11|12|13,0.5616
6805.417022,-0.148743,-1.760957,0.008510,1.609224,0.011199,0.007913,-0.414193,-0.004303,0.414216,8|9|10|11|12|13,0.5620
6805.433688,-0.162939,-1.778859,0.008907,1.609224,0.011199,0.007913,-0.404467,-0.012022,0.404645,8|9|10|11|12|13,0.5611
6805.450355,-0.153342,-1.786334,0.008713,1.623356,0.013087,0.008072,-0.414535,-0.008695,0.414626,8|9|10|11|12|13,0.5608
6805.467022,-0.134637,-1.795627,0.009260,1.623356,0.013087,0.008072,-0.409480,0.001468,0.409483,8|9|10|11|12|13,0.5611
6805.483688,-0.128507,-1.805050,0.009829,1.637569,0.012874,0.007994,-0.418571,0.005011,0.418601,8|9|10|11|12|13,0.5624
6805.500355,-0.130625,-1.813822,0.009841,1.637569,0.012874,0.007994,-0.413804,0.003858,0.413822,8|9|10|11|12|13,0.5629
6805.517022,-0.132774,-1.822866,0.009575,1.644697,0.012753,0.007933,-0.416017,0.002809,0.416027,8|9|10|11|12|13,0.5628
6805.533688,-0.132773,-1.822866,0.009580,1.658905,0.013537,0.008093,-0.430225,0.002025,0.430230,8|9|10|11|12|13,0.5617
6805.550355,-0.125900,-1.839970,0.008773,1.665933,0.013040,0.008230,-0.427956,0.006254,0.428002,8|9|10|11|12|13,0.5624
6805.583688,-0.125900,-1.839970,0.008774,1.680127,0.012063,0.008276,-0.442150,0.007231,0.442209,8|9|10|11|12|13,0.5634
6805.617022,-0.149313,-1.876086,0.010319,1.687159,0.012648,0.008405,-0.429559,-0.006087,0.429602,8|9|10|11|12|13,0.5635
6805.633688,-0.149314,-1.876084,0.010320,1.701320,0.013319,0.008590,-0.443721,-0.006758,0.443772,8|9|10|11|12|13,0.5649
6805.667022,-0.134077,-1.902544,0.010791,1.708201,0.012884,0.008575,-0.436218,0.001951,0.436222,8|9|10|11|12|13,0.5632
6805.683688,-0.141194,-1.911346,0.010789,1.722301,0.012309,0.008620,-0.445536,-0.001343,0.445538,8|9|10|11|12|13,0.5630
6805.700355,-0.141193,-1.911346,0.010792,1.729530,0.013112,0.008654,-0.452765,-0.002145,0.452770,8|9|10|11|12|13,0.5635
6805.717022,-0.150909,-1.928734,0.010690,1.729530,0.013112,0.008654,-0.443317,-0.007429,0.443380,8|9|10|11|12|13|14,0.5643
6805.733688,-0.150921,-1.928736,0.010675,1.743897,0.012831,0.008820,-0.457683,-0.007156,0.457739,8|9|10|11|12|13|14,0.5572
6805.750355,-0.140608,-1.937337,0.009894,1.743897,0.012831,0.008820,-0.453006,-0.001552,0.453009,8|9|10|11|12|13|14,0.5541
6805.767022,-0.147059,-1.956412,0.009964,1.757812,0.012189,0.008722,-0.456555,-0.004420,0.456577,9|10|11|12|13|14,0.5614
6805.783688,-0.157521,-1.965195,0.009870,1.757812,0.012189,0.008722,-0.451784,-0.010108,0.451897,9|10|11|12|13|14,0.5618
6805.817022,-0.146681,-1.981538,0.008816,1.771644,0.013757,0.008773,-0.456732,-0.005788,0.456769,9|10|11|12|13|14,0.5622
6805.833688,-0.136470,-1.990451,0.008797,1.778706,0.013895,0.008768,-0.458949,-0.000379,0.458949,9|10|11|12|13|14,0.5621
6805.850355,-0.135699,-1.999721,0.009249,1.792829,0.013009,0.008728,-0.468033,0.000924,0.468034,9|10|11|12|13|14,0.5622
6805.867022,-0.142597,-2.008581,0.009449,1.799777,0.012611,0.008683,-0.470167,-0.002429,0.470173,9|10|11|12|13|14,0.5624
6805.883688,-0.149633,-2.017430,0.009966,1.799777,0.012611,0.008683,-0.465359,-0.006255,0.465402,9|10|11|12|13|14,0.5614
6805.900355,-0.155925,-2.025731,0.009800,1.806322,0.013577,0.008870,-0.467395,-0.010642,0.467516,9|10|11|12|13|14,0.5613
6805.917022,-0.143567,-2.032706,0.009426,1.813254,0.014025,0.008872,-0.470532,-0.004375,0.470553,9|10|11|12|13|14,0.5615
6805.933688,-0.143567,-2.032706,0.009424,1.827145,0.013128,0.008933,-0.484424,-0.003478,0.484436,9|10|11|12|13|14,0.5617
6805.950355,-0.146063,-2.051940,0.009239,1.827145,0.013128,0.008933,-0.473971,-0.004838,0.473995,9|10|11|12|13|14,0.5629
6805.967022,-0.153041,-2.060766,0.009125,1.834147,0.012714,0.008984,-0.476178,-0.008219,0.476249,9|10|11|12|13|14,0.5627
6805.983688,-0.153040,-2.060766,0.009127,1.841103,0.013325,0.009020,-0.483134,-0.008830,0.483214,9|10|11|12|13|14,0.5625
6806.000355,-0.159773,-2.069322,0.009541,1.855122,0.014869,0.009019,-0.492504,-0.014035,0.492704,9|10|11|12|13|14,0.5636
6806.017022,-0.141462,-2.086411,0.010174,1.861965,0.014418,0.009008,-0.490056,-0.003635,0.490070,9|10|11|12|13|14,0.5632
6806.033688,-0.141462,-2.086410,0.010175,1.868857,0.013773,0.008962,-0.496949,-0.002990,0.496958,9|10|11|12|13|14,0.5617
6806.050355,-0.131308,-2.095284,0.009393,1.875804,0.013206,0.008956,-0.499071,0.003093,0.499081,9|10|11|12|13|14,0.5621
6806.067022,-0.149698,-2.112692,0.008975,1.875804,0.013206,0.008956,-0.489614,-0.006905,0.489663,9|10|11|12|13|14,0.5623
6806.083688,-0.158233,-2.120031,0.009120,1.882962,0.013976,0.008761,-0.492785,-0.012315,0.492939,9|10|11|12|13|14,0.5617
6806.100355,-0.158236,-2.120031,0.009120,1.897544,0.014100,0.008686,-0.507367,-0.012441,0.507519,9|10|11|12|13|14,0.5613
6806.117022,-0.140453,-2.139596,0.008536,1.897544,0.014100,0.008686,-0.496730,-0.002781,0.496737,9|10|11|12|13|14,0.5619
6806.133688,-0.147846,-2.148530,0.008574,1.911795,0.013244,0.008786,-0.506127,-0.005945,0.506162,9|10|11|12|13|14,0.5624
6806.167022,-0.161970,-2.167333,0.008825,1.918653,0.013474,0.008656,-0.502769,-0.013855,0.502960,9|10|11|12|13|14,0.5614
6806.183688,-0.158365,-2.174078,0.009025,1.925574,0.014313,0.008663,-0.506024,-0.012736,0.506184,9|10|11|12|13|14,0.5617
6806.200355,-0.147220,-2.183122,0.009106,1.932645,0.014392,0.008556,-0.508177,-0.006760,0.508222,9|10|11|12|13|14,0.5617
6806.217022,-0.148123,-2.193178,0.009551,1.946788,0.013466,0.008322,-0.516855,-0.006327,0.516893,9|10|11|12|13|14|16,0.5563
6806.233688,-0.147741,-2.194053,0.008526,1.953878,0.012983,0.008273,-0.523470,-0.005636,0.523500,9|10|11|12|13|14|15|16,0.5626
6806.250355,-0.155212,-2.202266,0.008404,1.960837,0.013599,0.008185,-0.525966,-0.010315,0.526067,9|10|11|12|13|14|15|16,0.5623
6806.267022,-0.170131,-2.219295,0.007983,1.960837,0.013599,0.008185,-0.516714,-0.018426,0.517043,9|10|11|12|13|14|15|16,0.5519
6806.283688,-0.170985,-2.220287,0.006613,1.975257,0.013756,0.008196,-0.530596,-0.019048,0.530938,11|12|13|14|15|16,0.5630
6806.300355,-0.162639,-2.228159,0.007359,1.982456,0.013685,0.008253,-0.533514,-0.014442,0.533710,11|12|13|14|15|16,0.5644
6806.333688,-0.159908,-2.238165,0.007073,1.989674,0.013634,0.008295,-0.535294,-0.012909,0.535450,11|12|13|14|15|16,0.5644
6806.350355,-0.164117,-2.255862,0.007488,1.996662,0.014661,0.008300,-0.532665,-0.016229,0.532912,11|12|13|14|15|16,0.5630
6806.367022,-0.151989,-2.272602,0.007800,2.003718,0.016012,0.008259,-0.530621,-0.010991,0.530735,11|12|13|14|15|16,0.5637
6806.383688,-0.133638,-2.281694,0.007853,2.010910,0.016023,0.008261,-0.532868,-0.001031,0.532869,11|12|13|14|15|16,0.5631
6806.400355,-0.134627,-2.291503,0.007441,2.017984,0.015476,0.008253,-0.534611,-0.001024,0.534612,11|12|13|14|15|16,0.5648
6806.417022,-0.143094,-2.300364,0.007172,2.025043,0.015059,0.008226,-0.536856,-0.005211,0.536881,11|12|13|14|15|16,0.5644
6806.433688,-0.149846,-2.309183,0.006624,2.039187,0.015405,0.007687,-0.546208,-0.009227,0.546286,11|12|13|14|15|16,0.5637
6806.450355,-0.156239,-2.317817,0.006288,2.046413,0.016038,0.007683,-0.548743,-0.013337,0.548905,11|12|13|14|15|16,0.5629
6806.500355,-0.143997,-2.344824,0.006319,2.060720,0.015148,0.007712,-0.548370,-0.005799,0.548400,11|12|13|14|15|16,0.5631
6806.517022,-0.150793,-2.354091,0.006567,2.074512,0.014946,0.007646,-0.557127,-0.009292,0.557204,11|12|13|14|15|16,0.5625
6806.533688,-0.150793,-2.354091,0.006567,2.081564,0.016335,0.007671,-0.564179,-0.010682,0.564280,11|12|13|14|15|16,0.5611
6806.550355,-0.154552,-2.369257,0.006151,2.088739,0.017090,0.007692,-0.563112,-0.013483,0.563273,11|12|13|14|15|16,0.5606
6806.583688,-0.126061,-2.388745,0.005890,2.095907,0.017013,0.007682,-0.559683,0.002074,0.559687,11|12|13|14|15|16,0.5618
6806.600355,-0.127930,-2.397330,0.005450,2.103140,0.016989,0.007626,-0.562250,0.001080,0.562251,11|12|13|14|15|16,0.5626
6806.617022,-0.127930,-2.397329,0.005449,2.117470,0.017274,0.007493,-0.576581,0.000795,0.576581,11|12|13|14|15|16,0.5628
6806.633688,-0.130531,-2.416071,0.006044,2.117470,0.017274,0.007493,-0.566395,-0.000622,0.566395,11|12|13|14|15|16,0.5617
6806.650355,-0.125819,-2.423507,0.005896,2.124598,0.017519,0.007567,-0.569481,0.001691,0.569484,11|12|13|14|15|16,0.5610
6806.683688,-0.130572,-2.442336,0.006473,2.138714,0.016683,0.007639,-0.573365,-0.000060,0.573365,11|12|13|14|15|16,0.5637
6806.700355,-0.136822,-2.451312,0.007048,2.145777,0.016300,0.007645,-0.575551,-0.003075,0.575559,11|12|13|14|15|16,0.5641
6806.717022,-0.136822,-2.451312,0.007049,2.159779,0.017337,0.007727,-0.589554,-0.004112,0.589568,11|12|13|14|15|16,0.5643
6806.733688,-0.142824,-2.459974,0.007496,2.166874,0.017311,0.007830,-0.591942,-0.007350,0.591987,11|12|13|14|15|16,0.5636
6806.750355,-0.128876,-2.477405,0.006584,2.166874,0.017311,0.007830,-0.582465,0.000227,0.582465,11|12|13|14|15|16|17,0.5633
6806.767022,-0.130763,-2.486892,0.006493,2.180818,0.016671,0.007869,-0.591254,-0.000161,0.591254,11|12|13|14|15|16|17,0.5634
6806.800355,-0.141609,-2.504655,0.005465,2.187820,0.016380,0.007893,-0.588605,-0.005768,0.588633,12|13|14|15|16|17,0.5634
6806.817022,-0.146420,-2.513290,0.005598,2.202080,0.017428,0.008025,-0.598173,-0.009432,0.598247,12|13|14|15|16|17,0.5628
6806.833688,-0.146422,-2.513290,0.005605,2.209256,0.016855,0.008030,-0.605349,-0.008861,0.605414,12|13|14|15|16|17,0.5619
6806.867022,-0.142547,-2.540300,0.005614,2.216303,0.016290,0.007966,-0.597716,-0.006196,0.597748,12|13|14|15|16|17,0.5617
6806.883688,-0.151255,-2.549352,0.006443,2.229684,0.016518,0.007696,-0.606179,-0.011159,0.606281,12|13|14|15|16|17,0.5618
6806.900355,-0.151255,-2.549352,0.006442,2.236649,0.017428,0.007578,-0.613144,-0.012068,0.613263,12|13|14|15|16|17,0.5621
6806.917022,-0.158946,-2.557635,0.006621,2.243796,0.017680,0.007563,-0.615791,-0.016502,0.616012,12|13|14|15|16|17,0.5626
6806.933688,-0.148031,-2.564269,0.005875,2.250912,0.017368,0.007558,-0.619299,-0.010260,0.619384,12|13|14|15|16|17,0.5622
6806.950355,-0.133068,-2.583169,0.006193,2.250912,0.017368,0.007558,-0.609024,-0.002132,0.609027,12|13|14|15|16|17,0.5633
6806.967022,-0.133068,-2.583169,0.006193,2.257966,0.017081,0.007555,-0.616078,-0.001845,0.616081,12|13|14|15|16|17,0.5627
6806.983688,-0.138461,-2.592141,0.006261,2.264973,0.016776,0.007514,-0.618210,-0.004472,0.618226,12|13|14|15|16|17,0.5628
6807.000355,-0.142975,-2.600969,0.006364,2.271738,0.016996,0.007494,-0.620178,-0.007147,0.620220,12|13|14|15|16|17,0.5618
6807.017022,-0.145239,-2.617103,0.005580,2.278728,0.017519,0.007495,-0.618401,-0.008904,0.618465,12|13|14|15|16|17,0.5617
6807.033688,-0.145239,-2.617104,0.005582,2.292703,0.016916,0.007538,-0.632375,-0.008302,0.632429,12|13|14|15|16|17,0.5622
6807.050355,-0.144531,-2.635806,0.005918,2.292703,0.016916,0.007538,-0.622210,-0.007921,0.622260,12|13|14|15|16|17,0.5630
6807.067022,-0.149249,-2.644640,0.005886,2.299698,0.016670,0.007616,-0.624405,-0.010241,0.624489,12|13|14|15|16|17,0.5635
6807.100355,-0.155044,-2.660774,0.006225,2.320745,0.018504,0.007686,-0.636686,-0.015228,0.636868,12|13|14|15|16|17,0.5625
6807.117022,-0.141942,-2.670022,0.006318,2.320745,0.018504,0.007686,-0.631656,-0.008109,0.631708,12|13|14|15|16|17,0.5618
6807.133688,-0.128885,-2.679227,0.006004,2.327623,0.018079,0.007685,-0.633528,-0.000590,0.633529,12|13|14|15|16|17,0.5603
6807.150355,-0.136485,-2.688349,0.005616,2.334538,0.017600,0.007651,-0.635488,-0.004244,0.635502,12|13|14|15|16|17,0.5608
6807.167022,-0.144181,-2.696947,0.005820,2.341456,0.017119,0.007706,-0.637735,-0.007947,0.637784,12|13|14|15|16|17,0.5616
6807.200355,-0.144180,-2.696947,0.005821,2.362972,0.017549,0.007516,-0.659251,-0.008377,0.659304,12|13|14|15|16|17,0.5611
6807.217022,-0.151378,-2.712664,0.005635,2.362972,0.017549,0.007516,-0.650710,-0.012292,0.650827,12|13|14|15|16|17,0.5617
6807.233688,-0.147762,-2.732024,0.005225,2.377166,0.017082,0.007567,-0.654382,-0.009864,0.654456,12|13|14|15|16|17,0.5632
6807.250355,-0.151670,-2.741169,0.005735,2.384177,0.016821,0.007524,-0.656424,-0.011729,0.656528,12|13|14|15|16|17,0.5632
6807.267022,-0.152081,-2.742242,0.006975,2.384177,0.016821,0.007524,-0.655840,-0.011952,0.655949,12|13|14|15|16|17|19,0.5623
6807.283688,-0.159519,-2.760772,0.005614,2.390944,0.017645,0.007404,-0.652539,-0.016822,0.652755,12|13|14|15|16|17|18|19,0.5622
6807.300355,-0.148067,-2.766600,0.005598,2.398082,0.017839,0.007296,-0.656507,-0.010794,0.656595,12|13|14|15|16|17|18|19,0.5529
6807.317022,-0.147544,-2.768079,0.006503,2.412244,0.017263,0.007021,-0.669864,-0.009935,0.669938,14|15|16|17|18|19,0.5644
6807.333688,-0.151213,-2.786643,0.005764,2.412244,0.017263,0.007021,-0.659776,-0.011933,0.659884,14|15|16|17|18|19,0.5643
6807.367022,-0.151213,-2.786642,0.005764,2.433322,0.016992,0.006661,-0.680855,-0.011661,0.680955,14|15|16|17|18|19,0.5631
6807.383688,-0.160366,-2.805479,0.005160,2.433322,0.016992,0.006661,-0.670620,-0.016640,0.670826,14|15|16|17|18|19,0.5622
6807.417022,-0.163455,-2.813927,0.005128,2.454757,0.017401,0.006747,-0.687464,-0.018729,0.687719,14|15|16|17|18|19,0.5631
6807.433688,-0.159318,-2.839835,0.005587,2.454757,0.017401,0.006747,-0.673382,-0.016486,0.673584,14|15|16|17|18|19,0.5626
6807.450355,-0.157757,-2.848711,0.005715,2.461899,0.017586,0.006762,-0.675700,-0.015826,0.675885,14|15|16|17|18|19,0.5618
6807.467022,-0.155470,-2.857456,0.006502,2.468793,0.019010,0.006625,-0.677841,-0.016008,0.678030,14|15|16|17|18|19,0.5610
6807.483688,-0.135609,-2.864806,0.006069,2.476064,0.019134,0.006627,-0.681114,-0.005339,0.681135,14|15|16|17|18|19,0.5602
6807.500355,-0.134867,-2.875503,0.005915,2.489993,0.018615,0.006462,-0.689228,-0.004419,0.689242,14|15|16|17|18|19,0.5624
6807.517022,-0.139867,-2.884097,0.005315,2.489993,0.018615,0.006462,-0.684559,-0.007139,0.684596,14|15|16|17|18|19,0.5634
6807.533688,-0.143397,-2.892993,0.005080,2.503960,0.018365,0.006378,-0.693692,-0.008810,0.693748,14|15|16|17|18|19,0.5634
6807.550355,-0.143398,-2.892992,0.005079,2.511149,0.019145,0.006421,-0.700882,-0.009590,0.700947,14|15|16|17|18|19,0.5634
6807.567022,-0.148010,-2.908738,0.005279,2.511149,0.019145,0.006421,-0.692325,-0.012100,0.692431,14|15|16|17|18|19,0.5629
6807.583688,-0.148010,-2.908738,0.005279,2.525628,0.018775,0.006436,-0.706803,-0.011730,0.706901,14|15|16|17|18|19,0.5639
6807.600355,-0.137460,-2.918872,0.004549,2.532840,0.018603,0.006466,-0.708506,-0.005826,0.708530,14|15|16|17|18|19,0.5638
6807.650355,-0.150727,-2.956090,0.004920,2.546756,0.019133,0.006390,-0.702197,-0.013575,0.702329,14|15|16|17|18|19,0.5609
6807.667022,-0.140651,-2.961576,0.005317,2.553988,0.020089,0.006422,-0.706446,-0.009056,0.706504,14|15|16|17|18|19,0.5609
6807.683688,-0.140653,-2.961574,0.005315,2.568367,0.020383,0.006390,-0.720826,-0.009351,0.720887,14|15|16|17|18|19,0.5616
6807.700355,-0.126908,-2.980999,0.005055,2.568367,0.020383,0.006390,-0.710266,-0.001885,0.710268,14|15|16|17|18|19,0.5637
6807.733688,-0.123765,-2.999739,0.005173,2.582817,0.020680,0.006253,-0.714530,-0.000478,0.714531,14|15|16|17|18|19,0.5626
6807.750355,-0.123765,-2.999740,0.005175,2.596859,0.020327,0.006364,-0.728571,-0.000125,0.728571,14|15|16|17|18|19,0.5623
6807.767022,-0.124833,-3.016787,0.005632,2.596859,0.020327,0.006364,-0.719307,-0.000709,0.719307,14|15|16|17|18|19,0.5631
6807.783688,-0.124834,-3.016788,0.005634,2.603972,0.020134,0.006384,-0.726420,-0.000516,0.726420,14|15|16|17|18|19,0.5636
6807.800355,-0.131615,-3.035260,0.006271,2.618038,0.019789,0.006443,-0.730448,-0.003862,0.730458,14|15|16|17|18|19|20,0.5634
6807.817022,-0.131601,-3.035278,0.006303,2.624973,0.020359,0.006470,-0.737373,-0.004423,0.737386,14|15|16|17|18|19|20,0.5585
6807.850355,-0.129689,-3.060835,0.006110,2.632100,0.020484,0.006582,-0.730610,-0.003515,0.730619,15|16|17|18|19|20,0.5627
6807.867022,-0.129367,-3.070675,0.006717,2.639178,0.020364,0.006652,-0.732340,-0.003222,0.732347,15|16|17|18|19|20,0.5638
6807.883688,-0.129366,-3.070676,0.006717,2.645934,0.020230,0.006600,-0.739096,-0.003088,0.739102,15|16|17|18|19|20,0.5635
6807.900355,-0.131672,-3.079739,0.006938,2.652792,0.020126,0.006608,-0.741030,-0.004239,0.741042,15|16|17|18|19|20,0.5630
6807.917022,-0.136248,-3.097879,0.006085,2.659830,0.020036,0.006631,-0.738209,-0.006639,0.738239,15|16|17|18|19|20,0.5620
6807.933688,-0.138056,-3.106934,0.005873,2.673956,0.020142,0.006652,-0.747415,-0.007730,0.747454,15|16|17|18|19|20,0.5607
6807.950355,-0.132269,-3.114146,0.005773,2.673956,0.020142,0.006652,-0.743494,-0.004587,0.743508,15|16|17|18|19|20,0.5609
6807.967022,-0.137733,-3.123411,0.005767,2.681131,0.019805,0.006657,-0.745634,-0.007222,0.745669,15|16|17|18|19|20,0.5612
6807.983688,-0.143103,-3.132497,0.005606,2.694909,0.019288,0.006566,-0.754475,-0.009625,0.754537,15|16|17|18|19|20,0.5610
6808.017022,-0.143103,-3.132496,0.005606,2.701546,0.020262,0.006077,-0.761113,-0.010599,0.761187,15|16|17|18|19|20,0.5617
6808.033688,-0.151294,-3.148082,0.005663,2.715795,0.020533,0.006013,-0.766893,-0.015324,0.767046,15|16|17|18|19|20,0.5624
6808.050355,-0.132038,-3.166503,0.005388,2.715795,0.020533,0.006013,-0.756877,-0.004863,0.756893,15|16|17|18|19|20,0.5638
6808.067022,-0.132038,-3.166503,0.005388,2.722932,0.020453,0.006014,-0.764015,-0.004784,0.764030,15|16|17|18|19|20,0.5639
6808.083688,-0.134084,-3.175661,0.005605,2.736914,0.020254,0.005921,-0.773020,-0.005698,0.773041,15|16|17|18|19|20,0.5630
6808.100355,-0.137266,-3.194469,0.006051,2.736914,0.020254,0.005921,-0.762799,-0.007432,0.762835,15|16|17|18|19|20,0.5611
6808.117022,-0.139052,-3.203758,0.005878,2.750545,0.019952,0.005879,-0.771382,-0.008103,0.771425,15|16|17|18|19|20,0.5592
6808.133688,-0.139051,-3.203760,0.005879,2.757565,0.019908,0.005894,-0.778401,-0.008058,0.778442,15|16|17|18|19|20,0.5593
6808.150355,-0.144509,-3.218518,0.005660,2.757565,0.019908,0.005894,-0.770381,-0.011028,0.770460,15|16|17|18|19|20,0.5607
6808.183688,-0.146760,-3.236604,0.006047,2.771597,0.019854,0.005973,-0.774585,-0.012200,0.774681,15|16|17|18|19|20,0.5627
6808.200355,-0.147677,-3.245529,0.005517,2.785406,0.021277,0.006023,-0.783543,-0.014124,0.783670,15|16|17|18|19|20,0.5620
6808.217022,-0.144746,-3.252085,0.005422,2.792266,0.020957,0.006029,-0.786840,-0.012213,0.786934,15|16|17|18|19|20,0.5622
6808.233688,-0.127933,-3.261160,0.005205,2.792266,0.020957,0.006029,-0.781904,-0.003077,0.781910,15|16|17|18|19|20,0.5614
6808.250355,-0.127931,-3.261161,0.005206,2.805972,0.020496,0.005916,-0.795609,-0.002614,0.795613,15|16|17|18|19|20,0.5622
6808.267022,-0.137509,-3.279717,0.004893,2.805972,0.020496,0.005916,-0.785526,-0.007824,0.785565,15|16|17|18|19|20,0.5622
6808.283688,-0.137509,-3.279718,0.004893,2.820179,0.020041,0.005842,-0.799733,-0.007370,0.799767,15|16|17|18|19|20,0.5619
6808.300355,-0.141199,-3.288962,0.004870,2.827384,0.020079,0.005815,-0.801915,-0.009415,0.801970,15|16|17|18|19|20,0.5604
6808.317022,-0.148222,-3.305562,0.004064,2.827384,0.020079,0.005815,-0.792895,-0.013235,0.793005,15|16|17|18|19|20|21|22,0.5594
6808.333688,-0.148568,-3.314693,0.003884,2.834532,0.020138,0.005802,-0.795080,-0.013485,0.795194,15|16|17|18|19|20|21|22,0.5618
6808.350355,-0.148234,-3.315443,0.003470,2.841505,0.020207,0.005818,-0.801645,-0.013371,0.801757,17|18|19|20|21|22,0.5641
6808.367022,-0.147955,-3.334196,0.003893,2.848414,0.020241,0.005758,-0.798363,-0.013259,0.798473,17|18|19|20|21|22,0.5633
6808.383688,-0.147997,-3.343263,0.004349,2.855377,0.020290,0.005723,-0.800398,-0.013332,0.800509,17|18|19|20|21|22,0.5618
6808.400355,-0.147985,-3.352441,0.004071,2.862266,0.020310,0.005693,-0.802299,-0.013347,0.802410,17|18|19|20|21|22,0.5604
6808.417022,-0.148149,-3.359088,0.003682,2.869406,0.020313,0.005650,-0.805826,-0.013441,0.805938,17|18|19|20|21|22,0.5623
6808.433688,-0.148150,-3.359087,0.003682,2.883553,0.020317,0.005429,-0.819974,-0.013446,0.820084,17|18|19|20|21|22,0.5632
6808.450355,-0.149402,-3.378100,0.004663,2.883553,0.020317,0.005429,-0.809641,-0.014130,0.809764,17|18|19|20|21|22,0.5637
6808.467022,-0.149937,-3.387337,0.004591,2.890835,0.020340,0.005409,-0.811903,-0.014447,0.812032,17|18|19|20|21|22,0.5629
6808.483688,-0.150462,-3.396978,0.004458,2.897843,0.019398,0.005326,-0.813671,-0.013791,0.813788,17|18|19|20|21|22,0.5615
6808.500355,-0.164508,-3.404054,0.004146,2.904713,0.019590,0.004947,-0.816699,-0.021619,0.816985,17|18|19|20|21|22,0.5610
6808.550355,-0.150933,-3.430936,0.003745,2.925812,0.020725,0.005052,-0.823184,-0.015382,0.823328,17|18|19|20|21|22,0.5629
6808.567022,-0.150933,-3.430936,0.003746,2.939934,0.021087,0.004683,-0.837307,-0.015744,0.837455,17|18|19|20|21|22,0.5616
6808.583688,-0.140173,-3.447227,0.003334,2.939934,0.021087,0.004683,-0.828451,-0.009899,0.828510,17|18|19|20|21|22,0.5596
6808.617022,-0.140172,-3.447227,0.003334,2.953788,0.021271,0.004605,-0.842305,-0.010083,0.842365,17|18|19|20|21|22,0.5633
6808.633688,-0.139278,-3.474440,0.004041,2.960629,0.021353,0.004550,-0.834356,-0.009685,0.834412,17|18|19|20|21|22,0.5638
6808.650355,-0.138641,-3.483287,0.003976,2.974727,0.021127,0.004502,-0.843646,-0.009115,0.843695,17|18|19|20|21|22,0.5632
6808.667022,-0.138642,-3.483287,0.003974,2.974727,0.021127,0.004502,-0.843646,-0.009116,0.843695,17|18|19|20|21|22,0.5622
6808.683688,-0.142719,-3.499761,0.004152,2.981829,0.021208,0.004473,-0.841795,-0.011415,0.841873,17|18|19|20|21|22,0.5606
6808.700355,-0.141934,-3.508755,0.004262,2.988952,0.021319,0.004480,-0.844031,-0.011102,0.844104,17|18|19|20|21|22,0.5626
6808.717022,-0.141935,-3.508754,0.004260,3.003052,0.021565,0.004521,-0.858131,-0.011349,0.858206,17|18|19|20|21|22,0.5633
6808.733688,-0.139793,-3.527340,0.004147,3.003052,0.021565,0.004521,-0.848029,-0.010188,0.848091,17|18|19|20|21|22,0.5629
6808.750355,-0.138281,-3.536694,0.003650,3.010107,0.021695,0.004527,-0.850000,-0.009499,0.850053,17|18|19|20|21|22,0.5624
6808.767022,-0.136612,-3.546025,0.003559,3.016964,0.021718,0.004499,-0.851786,-0.008616,0.851829,17|18|19|20|21|22,0.5607
6808.783688,-0.136439,-3.551908,0.004068,3.031445,0.022616,0.004476,-0.863069,-0.009422,0.863120,17|18|19|20|21|22,0.5597
6808.800355,-0.130467,-3.561496,0.004162,3.031445,0.022616,0.004476,-0.857857,-0.006178,0.857879,17|18|19|20|21|22,0.5611
6808.817022,-0.124676,-3.570880,0.003845,3.038678,0.023059,0.004437,-0.859988,-0.003476,0.859995,17|18|19|20|21|22,0.5625
6808.833688,-0.124676,-3.570880,0.003846,3.045907,0.023498,0.004401,-0.867218,-0.003916,0.867227,17|18|19|20|21|22,0.5625
6808.883688,-0.118665,-3.580832,0.004882,3.074182,0.022468,0.004399,-0.890084,0.000379,0.890084,18|19|20|21|22|23,0.5605
6808.900355,-0.130932,-3.606393,0.005315,3.081179,0.022584,0.004425,-0.883191,-0.006410,0.883214,18|19|20|21|22|23,0.5623
6808.917022,-0.129844,-3.615686,0.005615,3.088238,0.022615,0.004443,-0.885199,-0.005851,0.885218,18|19|20|21|22|23,0.5625
6808.933688,-0.127897,-3.634245,0.005662,3.095146,0.022257,0.004473,-0.882020,-0.004439,0.882031,18|19|20|21|22|23,0.5625
6808.950355,-0.127896,-3.634246,0.005660,3.095146,0.022257,0.004473,-0.882020,-0.004438,0.882031,18|19|20|21|22|23,0.5617
6808.967022,-0.133059,-3.649790,0.005864,3.102211,0.022424,0.004510,-0.880638,-0.007414,0.880669,18|19|20|21|22|23,0.5612
6809.017022,-0.126662,-3.678216,0.005291,3.129820,0.022434,0.004459,-0.892797,-0.003953,0.892806,18|19|20|21|22|23,0.5601
6809.033688,-0.126662,-3.678215,0.005292,3.136984,0.022087,0.004433,-0.899960,-0.003607,0.899968,18|19|20|21|22|23,0.5596
6809.050355,-0.124541,-3.687302,0.005120,3.136984,0.022087,0.004433,-0.895022,-0.002457,0.895025,18|19|20|21|22|23,0.5612
6809.067022,-0.132929,-3.693695,0.005031,3.144156,0.022000,0.004433,-0.898722,-0.006929,0.898748,18|19|20|21|22|23,0.5621
6809.083688,-0.137744,-3.703149,0.004646,3.151334,0.021922,0.004439,-0.900763,-0.009470,0.900812,18|19|20|21|22|23,0.5619
6809.100355,-0.139249,-3.712558,0.004490,3.165186,0.021928,0.004297,-0.909501,-0.010296,0.909559,18|19|20|21|22|23,0.5619
6809.117022,-0.142478,-3.731383,0.003147,3.165186,0.021928,0.004297,-0.899271,-0.012055,0.899352,18|19|20|21|22|23,0.5607
6809.150355,-0.142478,-3.731383,0.003148,3.186355,0.022670,0.004162,-0.920440,-0.012797,0.920529,18|19|20|21|22|23,0.5629
6809.167022,-0.134434,-3.755872,0.003402,3.186355,0.022670,0.004162,-0.907129,-0.008431,0.907168,18|19|20|21|22|23,0.5638
6809.183688,-0.134434,-3.755873,0.003402,3.193485,0.022860,0.004155,-0.914258,-0.008621,0.914299,18|19|20|21|22|23,0.5629
6809.200355,-0.132130,-3.765184,0.003845,3.207284,0.022354,0.004058,-0.922996,-0.006864,0.923022,18|19|20|21|22|23,0.5617
6809.217022,-0.129522,-3.774661,0.003836,3.214157,0.021625,0.003985,-0.924719,-0.004720,0.924731,18|19|20|21|22|23,0.5608
6809.233688,-0.138243,-3.790436,0.003637,3.214157,0.021625,0.003985,-0.916147,-0.009463,0.916196,18|19|20|21|22|23,0.5613
6809.250355,-0.148285,-3.799289,0.003758,3.228021,0.022034,0.004053,-0.925201,-0.015332,0.925328,18|19|20|21|22|23,0.5625
6809.283688,-0.148286,-3.799287,0.003757,3.241909,0.022505,0.004107,-0.939091,-0.015804,0.939224,18|19|20|21|22|23,0.5640
6809.300355,-0.140411,-3.826473,0.003887,3.241909,0.022505,0.004107,-0.924314,-0.011529,0.924386,18|19|20|21|22|23,0.5629
6809.317022,-0.140410,-3.826474,0.003888,3.255806,0.022748,0.004143,-0.938210,-0.011772,0.938284,18|19|20|21|22|23,0.5620
6809.333688,-0.133317,-3.841781,0.004765,3.255806,0.022748,0.004143,-0.929890,-0.007920,0.929923,18|19|20|21|22|23,0.5604
6809.350355,-0.134321,-3.852565,0.005145,3.262738,0.022756,0.004126,-0.930961,-0.008477,0.931000,18|19|20|21|22|23|24|25,0.5511
6809.383688,-0.135137,-3.870267,0.005189,3.276885,0.022775,0.003783,-0.935488,-0.008942,0.935531,18|19|20|21|22|23|24|25,0.5582
6809.400355,-0.134847,-3.879572,0.006489,3.283993,0.022197,0.003740,-0.937539,-0.008209,0.937575,18|20|21|22|23|24|25,0.5539
6809.417022,-0.135319,-3.880294,0.006037,3.298167,0.021661,0.003494,-0.951321,-0.007930,0.951354,20|21|22|23|24|25,0.5602
6809.433688,-0.155444,-3.896108,0.005700,3.298167,0.021661,0.003494,-0.942731,-0.018871,0.942920,20|21|22|23|24|25,0.5621
6809.450355,-0.155445,-3.896106,0.005696,3.312121,0.022327,0.003512,-0.956685,-0.019538,0.956885,20|21|22|23|24|25,0.5630
6809.467022,-0.147378,-3.914800,0.006059,3.312121,0.022327,0.003512,-0.946524,-0.015157,0.946645,20|21|22|23|24|25,0.5628
6809.483688,-0.142900,-3.924085,0.005739,3.326120,0.021896,0.003424,-0.955475,-0.012295,0.955555,20|21|22|23|24|25,0.5631
6809.500355,-0.138326,-3.933207,0.005725,3.326120,0.021896,0.003424,-0.950517,-0.009811,0.950567,20|21|22|23|24|25,0.5616
6809.517022,-0.150028,-3.940514,0.005389,3.340203,0.021946,0.002971,-0.960632,-0.016222,0.960769,20|21|22|23|24|25,0.5622
6809.533688,-0.152475,-3.949125,0.005033,3.340203,0.021946,0.002971,-0.955953,-0.017554,0.956114,20|21|22|23|24|25,0.5649
6809.567022,-0.144132,-3.967855,0.003440,3.361605,0.021840,0.002820,-0.967172,-0.012918,0.967259,20|21|22|23|24|25,0.5641
6809.583688,-0.140591,-3.976421,0.003076,3.361605,0.021840,0.002820,-0.962516,-0.010995,0.962579,20|21|22|23|24|25,0.5638
6809.600355,-0.140589,-3.976420,0.003077,3.375382,0.021281,0.002579,-0.976294,-0.010434,0.976350,20|21|22|23|24|25,0.5638
6809.617022,-0.163550,-3.995165,0.003848,3.375382,0.021281,0.002579,-0.966112,-0.022917,0.966384,20|21|22|23|24|25,0.5639
6809.633688,-0.159560,-4.001927,0.003986,3.389202,0.022658,0.002728,-0.976255,-0.022128,0.976506,20|21|22|23|24|25,0.5640
6809.650355,-0.150110,-4.011090,0.004177,3.389202,0.022658,0.002728,-0.971273,-0.016994,0.971422,20|21|22|23|24|25,0.5635
6809.667022,-0.139877,-4.020472,0.004991,3.396245,0.023184,0.002720,-0.973216,-0.011960,0.973289,20|21|22|23|24|25,0.5621
6809.683688,-0.139877,-4.020472,0.004989,3.410436,0.022181,0.002670,-0.987407,-0.010958,0.987468,20|21|22|23|24|25,0.5603
6809.700355,-0.146786,-4.037176,0.004730,3.417506,0.022643,0.002663,-0.985400,-0.015178,0.985517,20|21|22|23|24|25,0.5612
6809.717022,-0.146788,-4.037176,0.004728,3.424470,0.023121,0.002639,-0.992364,-0.015657,0.992487,20|21|22|23|24|25,0.5627
6809.733688,-0.141780,-4.054734,0.004916,3.424470,0.023121,0.002639,-0.982820,-0.012939,0.982905,20|21|22|23|24|25,0.5636
6809.750355,-0.141780,-4.054734,0.004914,3.438606,0.023259,0.002589,-0.996956,-0.013077,0.997042,20|21|22|23|24|25,0.5645
6809.767022,-0.128934,-4.073316,0.004369,3.438606,0.023259,0.002589,-0.986855,-0.006100,0.986873,20|21|22|23|24|25,0.5635
6809.800355,-0.128931,-4.073317,0.004371,3.452911,0.022552,0.002553,-1.001159,-0.005391,1.001173,20|21|22|23|24|25,0.5607
6809.817022,-0.146436,-4.090782,0.004194,3.460060,0.023031,0.002578,-0.998820,-0.015387,0.998939,20|21|22|23|24|25,0.5626
6809.833688,-0.143541,-4.098972,0.004267,3.467063,0.023540,0.002611,-1.001371,-0.014325,1.001474,20|21|22|23|24|25,0.5630
6809.850355,-0.130029,-4.117863,0.004559,3.474115,0.024044,0.002613,-0.998154,-0.007489,0.998182,20|21|22|23|24|25,0.5613
6809.867022,-0.122930,-4.127786,0.003852,3.481127,0.023384,0.002600,-0.999771,-0.002973,0.999775,20|21|22|23|24|25|26,0.5537
6809.883688,-0.122906,-4.127843,0.003826,3.488013,0.022746,0.002296,-1.006626,-0.002323,1.006629,20|21|22|23|24|25|26,0.5609
6809.917022,-0.132353,-4.134608,0.004377,3.509483,0.025006,0.002088,-1.024422,-0.009718,1.024468,21|22|23|24|25|26,0.5609
6809.933688,-0.119629,-4.160972,0.003961,3.509483,0.025006,0.002088,-1.010091,-0.002809,1.010095,21|22|23|24|25|26,0.5610
6809.950355,-0.119630,-4.160971,0.003961,3.516380,0.024427,0.002071,-1.016988,-0.002230,1.016991,21|22|23|24|25|26,0.5612
6809.983689,-0.109226,-4.170281,0.004789,3.537561,0.023634,0.002068,-1.033107,0.004215,1.033116,21|22|23|24|25|26,0.5635
6810.000355,-0.128048,-4.187409,0.004399,3.544660,0.024100,0.002172,-1.030902,-0.006484,1.030922,21|22|23|24|25|26,0.5627
6810.017022,-0.135001,-4.195757,0.004459,3.551699,0.024399,0.002245,-1.033404,-0.010563,1.033458,21|22|23|24|25|26,0.5636
6810.033689,-0.122186,-4.214722,0.005088,3.551699,0.024399,0.002245,-1.023095,-0.003603,1.023101,21|22|23|24|25|26,0.5632
6810.050355,-0.122185,-4.214723,0.005089,3.565673,0.023096,0.002285,-1.037069,-0.002300,1.037072,21|22|23|24|25|26,0.5621
6810.083689,-0.137010,-4.239713,0.004542,3.579659,0.024143,0.002398,-1.037477,-0.011409,1.037539,21|22|23|24|25|26,0.5628
6810.100355,-0.137010,-4.239712,0.004542,3.586684,0.024689,0.002389,-1.044501,-0.011955,1.044570,21|22|23|24|25|26,0.5621
6810.117022,-0.122084,-4.258483,0.004977,3.593646,0.024247,0.002303,-1.041259,-0.003405,1.041265,21|22|23|24|25|26,0.5617
6810.133689,-0.122084,-4.258483,0.004976,3.600726,0.023244,0.002240,-1.048338,-0.002402,1.048341,21|22|23|24|25|26,0.5611
6810.150355,-0.114483,-4.267858,0.005289,3.607756,0.022892,0.002247,-1.050272,0.002080,1.050274,21|22|23|24|25|26,0.5610
6810.167022,-0.121538,-4.275312,0.005097,3.607756,0.022892,0.002247,-1.046222,-0.001756,1.046224,21|22|23|24|25|26,0.5599
6810.183689,-0.140623,-4.293065,0.004750,3.621950,0.023420,0.002337,-1.050772,-0.012660,1.050849,21|22|23|24|25|26,0.5618
6810.200355,-0.137334,-4.302622,0.004282,3.621950,0.023420,0.002337,-1.045577,-0.010875,1.045634,21|22|23|24|25|26,0.5613
6810.217022,-0.133699,-4.312223,0.004272,3.628987,0.023676,0.002255,-1.047396,-0.009158,1.047436,21|22|23|24|25|26,0.5607
6810.233689,-0.133698,-4.312224,0.004273,3.642676,0.022860,0.001679,-1.061085,-0.008342,1.061118,21|22|23|24|25|26,0.5608
6810.267022,-0.140633,-4.335896,0.003769,3.656762,0.023873,0.001603,-1.062307,-0.013129,1.062388,21|22|23|24|25|26,0.5616
6810.283689,-0.140635,-4.335895,0.003767,3.663809,0.024404,0.001588,-1.069354,-0.013661,1.069441,21|22|23|24|25|26,0.5619
6810.300355,-0.126245,-4.354650,0.004652,3.663809,0.024404,0.001588,-1.059158,-0.005844,1.059174,21|22|23|24|25|26,0.5608
6810.317022,-0.126244,-4.354651,0.004652,3.677617,0.022867,0.001471,-1.072965,-0.004307,1.072974,21|22|23|24|25|26,0.5600
6810.333689,-0.118829,-4.364068,0.004833,3.684431,0.022083,0.001344,-1.074660,0.000505,1.074661,21|22|23|24|25|26,0.5613
6810.350355,-0.128912,-4.371106,0.004606,3.691028,0.022558,0.001272,-1.077435,-0.005452,1.077448,21|22|23|24|25|26,0.5608
6810.367022,-0.153070,-4.388171,0.004251,3.697704,0.023107,0.001329,-1.074841,-0.019133,1.075011,21|22|23|24|25|26,0.5619
6810.383689,-0.153071,-4.388169,0.004248,3.704377,0.023670,0.001364,-1.081516,-0.019697,1.081695,21|22|23|24|25|26,0.5624
6810.400355,-0.137923,-4.406441,0.003270,3.704377,0.023670,0.001364,-1.071582,-0.011468,1.071643,21|22|23|24|25|26|27|28,0.5545
6810.433689,-0.137888,-4.406511,0.003191,3.724901,0.023109,0.001398,-1.092068,-0.010889,1.092122,21|22|23|24|25|26|27|28,0.5540
6810.450355,-0.128635,-4.423402,0.003747,3.731934,0.023464,0.001175,-1.089919,-0.006218,1.089936,23|24|25|26|27|28,0.5608
6810.467022,-0.138750,-4.440103,0.004102,3.731934,0.023464,0.001175,-1.080844,-0.011719,1.080907,23|24|25|26|27|28,0.5616
6810.483689,-0.138751,-4.440104,0.004095,3.746074,0.023382,0.000677,-1.094984,-0.011637,1.095046,23|24|25|26|27|28,0.5622
6810.500355,-0.128886,-4.459325,0.002964,3.746074,0.023382,0.000677,-1.084536,-0.006280,1.084554,23|24|25|26|27|28,0.5619
6810.517022,-0.135447,-4.467194,0.002826,3.753320,0.022535,0.000739,-1.087506,-0.009001,1.087543,23|24|25|26|27|28,0.5626
6810.533689,-0.147500,-4.477021,0.002644,3.760479,0.021711,0.000834,-1.089327,-0.014730,1.089427,23|24|25|26|27|28,0.5628
6810.567022,-0.147499,-4.477023,0.002646,3.781281,0.023555,0.000822,-1.110128,-0.016572,1.110251,23|24|25|26|27|28,0.5621
6810.583689,-0.142171,-4.503013,0.003099,3.781281,0.023555,0.000822,-1.096001,-0.013682,1.096087,23|24|25|26|27|28,0.5625
6810.600355,-0.133405,-4.511144,0.003540,3.788408,0.023001,0.000700,-1.098708,-0.008366,1.098740,23|24|25|26|27|28,0.5630
6810.617022,-0.141752,-4.520602,0.003103,3.795617,0.022451,0.000693,-1.100778,-0.012355,1.100847,23|24|25|26|27|28,0.5635
6810.633689,-0.141753,-4.520602,0.003103,3.809733,0.022688,0.000032,-1.114894,-0.012592,1.114965,23|24|25|26|27|28,0.5629
6810.667022,-0.149729,-4.529852,0.003138,3.823948,0.022706,-0.000440,-1.124084,-0.016947,1.124211,23|24|25|26|27|28,0.5639
6810.717022,-0.144769,-4.546834,0.002308,3.838182,0.021905,-0.000454,-1.129087,-0.013454,1.129167,23|24|25|26|27|28,0.5624
6810.733689,-0.155796,-4.584587,0.001580,3.844789,0.021943,-0.000480,-1.115178,-0.019494,1.115349,23|24|25|26|27|28,0.5619
6810.750355,-0.155800,-4.584590,0.001570,3.858735,0.023529,-0.000494,-1.129123,-0.021081,1.129320,23|24|25|26|27|28,0.5619
6810.767022,-0.139602,-4.599423,0.001854,3.858735,0.023529,-0.000494,-1.121059,-0.012281,1.121126,23|24|25|26|27|28,0.5616
6810.783689,-0.132281,-4.607917,0.002024,3.865923,0.022962,-0.000515,-1.123628,-0.007738,1.123655,23|24|25|26|27|28,0.5608
6810.800355,-0.140310,-4.617261,0.002333,3.880043,0.022079,-0.000532,-1.132672,-0.011221,1.132728,23|24|25|26|27|28,0.5617
6810.817022,-0.140309,-4.617259,0.002337,3.887035,0.022959,-0.000488,-1.139665,-0.012100,1.139729,23|24|25|26|27|28,0.5623
6810.850355,-0.147847,-4.626402,0.002931,3.894068,0.023851,-0.000680,-1.141731,-0.017091,1.141859,23|24|25|26|27|28,0.5621
6810.867022,-0.139352,-4.643014,0.002261,3.908424,0.023225,-0.000727,-1.147057,-0.011852,1.147118,23|24|25|26|27|28,0.5618
6810.900355,-0.135952,-4.670588,0.001886,3.915648,0.022768,-0.000707,-1.139294,-0.009553,1.139334,23|24|25|26|27|28,0.5624
6810.917022,-0.136215,-4.670724,0.001405,3.922697,0.022682,-0.000843,-1.146269,-0.009609,1.146309,23|24|25|26|27|28|28,0.5549
6810.933689,-0.182275,-4.608747,0.001846,3.936871,0.024466,-0.000705,-1.194136,-0.036413,1.194691,23|24|25|26|27|28|28,0.5607
6810.950355,-0.130224,-4.696787,0.001441,3.936871,0.024466,-0.000705,-1.146277,-0.008144,1.146306,23|24|25|26|27|28|28,0.5562
6810.967022,-0.163894,-4.613696,0.002545,3.944036,0.023991,-0.000746,-1.198608,-0.025949,1.198888,24|25|26|27|28|28,0.5619
6810.983689,-0.124888,-4.715158,0.001991,3.951260,0.023485,-0.000876,-1.150681,-0.004266,1.150689,24|25|26|27|28|28,0.5617
6811.017022,-0.124890,-4.715159,0.001989,3.972179,0.024545,-0.000899,-1.171599,-0.005327,1.171612,24|25|26|27|28|28,0.5606
6811.033689,-0.185601,-4.643462,0.001117,3.979211,0.024260,-0.000896,-1.217610,-0.038022,1.218204,24|25|26|27|28|28,0.5626
6811.050355,-0.117081,-4.749893,0.002059,3.979211,0.024260,-0.000896,-1.159753,-0.000806,1.159753,24|25|26|27|28|28,0.5621
6811.083689,-0.169883,-4.676162,0.000821,4.000238,0.023463,-0.000893,-1.220862,-0.028689,1.221199,24|25|26|27|28|28,0.5633
6811.117022,-0.169875,-4.676179,0.000820,4.014264,0.024360,-0.000785,-1.234879,-0.029582,1.235233,24|25|26|27|28|28,0.5607
6811.133689,-0.125301,-4.793390,0.001109,4.014264,0.024360,-0.000785,-1.171168,-0.005382,1.171180,24|25|26|27|28|28,0.5623
6811.150355,-0.125301,-4.793390,0.001109,4.028435,0.023669,-0.000717,-1.185338,-0.004691,1.185347,24|25|26|27|28|28,0.5621
6811.167022,-0.119424,-4.802787,0.000933,4.028435,0.023669,-0.000717,-1.180230,-0.001499,1.180231,24|25|26|27|28|28,0.5624
6811.183689,-0.174544,-4.729561,0.001421,4.042421,0.023766,-0.000675,-1.234025,-0.031537,1.234428,24|25|26|27|28|28,0.5626
6811.200355,-0.174573,-4.729503,0.001421,4.049518,0.024746,-0.000692,-1.241154,-0.032533,1.241580,24|25|26|27|28|28,0.5618
6811.217022,-0.126774,-4.838032,0.001510,4.056652,0.024364,-0.000695,-1.189293,-0.006197,1.189309,24|25|26|27|28|28,0.5612
6811.233689,-0.126778,-4.838035,0.001507,4.063628,0.023814,-0.000933,-1.196269,-0.005649,1.196282,24|25|26|27|28|28,0.5617
6811.250355,-0.118727,-4.856309,0.001560,4.063628,0.023814,-0.000933,-1.186335,-0.001277,1.186336,24|25|26|27|28|28,0.5622
6811.267022,-0.118722,-4.856308,0.001564,4.077571,0.022701,-0.000978,-1.200278,-0.000161,1.200278,24|25|26|27|28|28,0.5632
6811.300355,-0.172035,-4.773743,0.000183,4.084422,0.023300,-0.000758,-1.252014,-0.029718,1.252366,24|25|26|27|28|28,0.5617
6811.317022,-0.133571,-4.890239,0.001896,4.098626,0.023294,-0.000738,-1.202896,-0.008832,1.202928,24|25|26|27|28|28,0.5615
6811.333689,-0.133570,-4.890239,0.001896,4.098626,0.023294,-0.000738,-1.202896,-0.008832,1.202928,24|25|26|27|28|28,0.5605
6811.350355,-0.126421,-4.899169,0.002342,4.105684,0.022784,-0.000866,-1.205099,-0.004438,1.205107,24|25|26|27|28|28,0.5601
6811.367022,-0.133405,-4.908636,0.002431,4.119056,0.023271,-0.001285,-1.213327,-0.008722,1.213359,24|25|26|27|28|28,0.5591
6811.383689,-0.190438,-4.832640,0.001888,4.125776,0.024111,-0.001361,-1.261362,-0.040543,1.262014,24|25|26|27|28|28,0.5600
6811.400355,-0.131994,-4.933259,0.001559,4.125776,0.024111,-0.001361,-1.206666,-0.008802,1.206698,24|25|26|27|28|28,0.5601
6811.417022,-0.131991,-4.933258,0.001562,4.139656,0.023164,-0.001486,-1.220546,-0.007853,1.220571,24|25|26|27|28|28,0.5603
6811.433689,-0.173146,-4.859182,0.001222,4.146649,0.022677,-0.001484,-1.267807,-0.029717,1.268155,24|25|26|27|28|28,0.5614
6811.450355,-0.174198,-4.880623,0.001849,4.153602,0.022195,-0.001481,-1.263107,-0.029811,1.263459,24|25|26|27|28|28|31,0.5567
6811.483689,-0.148397,-4.978534,0.000442,4.167138,0.023323,-0.001461,-1.223424,-0.016938,1.223541,24|25|26|27|28|28|30|31,0.5484
6811.500355,-0.149274,-4.979375,-0.000139,4.173994,0.023548,-0.001472,-1.229824,-0.017639,1.229950,26|27|28|28|30|31,0.5607
6811.517022,-0.132269,-4.995040,-0.000340,4.180876,0.023116,-0.001504,-1.228189,-0.007969,1.228215,26|27|28|28|30|31,0.5605
6811.533689,-0.132268,-4.995041,-0.000339,4.180876,0.023116,-0.001504,-1.228188,-0.007969,1.228214,26|27|28|28|30|31,0.5605
6811.550355,-0.130183,-5.004275,-0.000554,4.194771,0.022501,-0.001557,-1.237065,-0.006223,1.237080,26|27|28|28|30|31,0.5611
6811.567022,-0.136315,-5.013233,-0.001004,4.201913,0.023253,-0.001765,-1.239339,-0.010309,1.239382,26|27|28|28|30|31,0.5608
6811.583689,-0.187672,-4.930218,-0.000658,4.209116,0.022920,-0.001885,-1.291670,-0.037870,1.292225,26|27|28|28|30|31,0.5618
6811.600355,-0.189773,-4.936847,-0.001083,4.216204,0.022514,-0.002142,-1.295156,-0.038607,1.295731,26|27|28|28|30|31,0.5612
6811.617022,-0.183384,-4.956039,-0.002067,4.223268,0.022102,-0.002138,-1.291788,-0.034727,1.292254,26|27|28|28|30|31,0.5626
6811.633689,-0.183408,-4.955992,-0.002067,4.230199,0.021676,-0.002023,-1.298744,-0.034313,1.299197,26|27|28|28|30|31,0.5631
6811.650355,-0.150293,-5.066348,-0.001917,4.230199,0.021676,-0.002023,-1.238761,-0.016340,1.238869,26|27|28|28|30|31,0.5630
6811.667022,-0.150292,-5.066348,-0.001918,4.236875,0.021817,-0.002058,-1.245438,-0.016482,1.245547,26|27|28|28|30|31,0.5623
6811.683689,-0.201645,-4.984119,-0.001441,4.243997,0.022624,-0.002130,-1.297260,-0.045180,1.298047,26|27|28|28|30|31,0.5624
6811.700355,-0.142666,-5.091001,-0.001368,4.251180,0.022406,-0.002157,-1.246343,-0.012932,1.246410,26|27|28|28|30|31,0.5626
6811.717022,-0.142667,-5.091001,-0.001367,4.265597,0.022100,-0.002182,-1.260759,-0.012625,1.260822,26|27|28|28|30|31,0.5635
6811.733689,-0.145425,-5.100051,-0.001078,4.272907,0.021959,-0.002239,-1.263152,-0.013985,1.263229,26|27|28|28|30|31,0.5642
6811.750355,-0.147212,-5.109154,-0.000044,4.272907,0.021959,-0.002239,-1.258205,-0.014958,1.258294,26|27|28|28|30|31,0.5628
6811.767022,-0.150915,-5.128773,-0.000515,4.279859,0.022248,-0.002265,-1.254494,-0.017263,1.254613,26|27|28|28|30|31,0.5615
6811.783689,-0.192057,-5.043754,-0.001831,4.293914,0.022222,-0.002490,-1.314764,-0.039580,1.315360,26|27|28|28|30|31,0.5634
6811.817022,-0.192076,-5.043712,-0.001834,4.307886,0.022194,-0.002514,-1.328759,-0.039561,1.329348,26|27|28|28|30|31,0.5638
6811.833689,-0.192368,-5.071816,-0.001489,4.307886,0.022194,-0.002514,-1.313486,-0.039726,1.314086,26|27|28|28|30|31,0.5628
6811.850355,-0.192350,-5.071855,-0.001487,4.321570,0.022479,-0.002637,-1.327148,-0.040001,1.327751,26|27|28|28|30|31,0.5615
6811.867022,-0.146486,-5.173208,-0.000989,4.328669,0.022267,-0.002687,-1.279155,-0.014885,1.279241,26|27|28|28|30|31,0.5597
6811.883689,-0.187508,-5.096517,-0.000846,4.335822,0.022085,-0.002682,-1.327996,-0.036981,1.328511,26|27|28|28|30|31,0.5612
6811.900355,-0.144853,-5.197035,-0.001158,4.335822,0.022085,-0.002682,-1.273357,-0.013821,1.273432,26|27|28|28|30|31,0.5618
6811.917022,-0.192262,-5.114834,-0.000427,4.342978,0.021926,-0.002672,-1.325198,-0.039411,1.325784,26|27|28|28|30|31,0.5618
6811.950355,-0.192114,-5.115129,-0.000426,4.356976,0.022713,-0.002736,-1.339036,-0.040117,1.339636,26|27|28|28|30|31,0.5600
6811.967022,-0.195623,-5.133637,-0.000447,4.371275,0.022695,-0.002989,-1.343277,-0.042010,1.343934,26|27|28|28|30|31,0.5619
6811.983689,-0.175661,-5.163336,-0.001578,4.371275,0.022695,-0.002989,-1.327132,-0.031167,1.327498,26|27|28|28|30|31|32,0.5619
6812.000355,-0.177020,-5.171211,-0.001944,4.385268,0.022594,-0.003039,-1.336845,-0.031807,1.337223,26|27|28|28|30|31|32,0.5574
6812.017022,-0.183277,-5.169109,-0.001624,4.385268,0.022594,-0.003039,-1.337989,-0.035206,1.338452,27|28|28|30|31|32,0.5637
6812.033689,-0.138662,-5.269889,-0.002267,4.392272,0.022591,-0.003003,-1.290212,-0.010979,1.290258,27|28|28|30|31|32,0.5625
6812.050355,-0.182928,-5.186661,-0.001897,4.399123,0.023410,-0.002949,-1.342305,-0.035837,1.342784,27|28|28|30|31|32,0.5611
6812.067022,-0.171308,-5.193383,-0.002055,4.413523,0.023184,-0.003149,-1.353049,-0.029297,1.353366,27|28|28|30|31|32,0.5633
6812.083689,-0.171322,-5.193352,-0.002055,4.420704,0.023060,-0.003169,-1.360247,-0.029181,1.360560,27|28|28|30|31|32,0.5637
6812.100355,-0.127254,-5.294536,-0.002663,4.420704,0.023060,-0.003169,-1.305246,-0.005253,1.305256,27|28|28|30|31|32,0.5635
6812.117022,-0.175449,-5.222248,-0.002335,4.427812,0.022945,-0.003180,-1.351651,-0.031315,1.352014,27|28|28|30|31|32,0.5629
6812.133689,-0.176658,-5.232005,-0.002335,4.441416,0.022724,-0.003201,-1.359953,-0.031754,1.360324,27|28|28|30|31|32,0.5622
6812.167022,-0.179550,-5.245186,-0.002323,4.455517,0.022994,-0.003144,-1.366891,-0.033597,1.367304,27|28|28|30|31|32,0.5645
6812.183689,-0.179574,-5.245138,-0.002324,4.455517,0.022994,-0.003144,-1.366917,-0.033611,1.367330,27|28|28|30|31|32,0.5654
6812.217022,-0.177532,-5.254775,-0.002414,4.476438,0.022932,-0.003134,-1.382601,-0.032441,1.382981,27|28|28|30|31|32,0.5651
6812.233689,-0.172792,-5.274166,-0.002720,4.483500,0.022953,-0.003126,-1.379122,-0.029890,1.379446,27|28|28|30|31|32,0.5633
6812.250355,-0.175153,-5.289592,-0.002336,4.483500,0.022953,-0.003126,-1.370739,-0.031176,1.371093,27|28|28|30|31|32,0.5636
6812.267022,-0.129224,-5.390818,-0.002471,4.497785,0.023038,-0.003083,-1.330001,-0.006322,1.330016,27|28|28|30|31|32,0.5639
6812.283689,-0.173811,-5.308340,-0.001989,4.497785,0.023038,-0.003083,-1.374835,-0.030536,1.375174,27|28|28|30|31|32,0.5635
6812.317022,-0.127071,-5.420073,-0.003151,4.511860,0.023293,-0.003108,-1.328176,-0.005414,1.328187,27|28|28|30|31|32,0.5620
6812.333689,-0.127070,-5.420072,-0.003149,4.525859,0.022906,-0.003249,-1.342175,-0.005026,1.342184,27|28|28|30|31|32,0.5612
6812.350355,-0.125902,-5.435109,-0.003254,4.525859,0.022906,-0.003249,-1.334002,-0.004394,1.334010,27|28|28|30|31|32,0.5629
6812.367022,-0.125902,-5.435111,-0.003255,4.539721,0.022544,-0.003259,-1.347864,-0.004033,1.347870,27|28|28|30|31|32,0.5632
6812.383689,-0.173605,-5.352646,-0.002662,4.546727,0.022374,-0.003289,-1.399698,-0.029771,1.400014,27|28|28|30|31|32,0.5624
6812.400355,-0.178216,-5.371536,-0.002724,4.553551,0.022381,-0.003292,-1.396256,-0.032287,1.396630,27|28|28|30|31|32,0.5625
6812.417022,-0.180223,-5.381106,-0.002754,4.560729,0.022227,-0.003287,-1.398234,-0.033226,1.398628,27|28|28|30|31|32,0.5615
6812.433689,-0.180123,-5.381306,-0.002754,4.567912,0.022088,-0.003281,-1.405307,-0.033032,1.405696,27|28|28|30|31|32,0.5605
6812.450355,-0.179683,-5.386670,-0.002603,4.567912,0.022088,-0.003281,-1.402392,-0.032795,1.402775,27|28|28|30|31|32,0.5613
6812.483689,-0.206105,-5.373231,-0.003463,4.581998,0.021779,-0.003376,-1.423788,-0.046843,1.424559,27|28|28|30|31|32|33|34,0.5505
6812.500355,-0.209070,-5.379155,-0.004024,4.588530,0.022184,-0.003371,-1.427101,-0.048861,1.427937,27|28|28|30|31|32|33|34,0.5601
6812.517022,-0.169718,-5.452538,-0.004112,4.595504,0.022055,-0.003388,-1.394185,-0.027361,1.394453,27|28|28|30|31|32|33|34,0.5603
6812.533689,-0.205485,-5.393368,-0.003460,4.609525,0.021840,-0.003279,-1.440371,-0.046571,1.441124,28|30|31|32|33|34,0.5637
6812.550355,-0.205516,-5.393303,-0.003460,4.609525,0.021840,-0.003279,-1.440406,-0.046588,1.441160,28|30|31|32|33|34,0.5649
6812.567022,-0.206791,-5.402421,-0.003474,4.623497,0.021640,-0.003372,-1.449423,-0.047083,1.450188,28|30|31|32|33|34,0.5654
6812.583689,-0.207740,-5.412300,-0.003324,4.630281,0.021714,-0.003399,-1.450838,-0.047675,1.451621,28|30|31|32|33|34,0.5640
6812.600355,-0.208681,-5.421854,-0.003306,4.630281,0.021714,-0.003399,-1.445646,-0.048188,1.446449,28|30|31|32|33|34,0.5627
6812.617022,-0.209379,-5.431555,-0.003444,4.636684,0.021792,-0.003299,-1.446777,-0.048648,1.447595,28|30|31|32|33|34,0.5613
6812.633689,-0.207026,-5.445202,-0.003481,4.650625,0.021642,-0.003277,-1.453300,-0.047222,1.454067,28|30|31|32|33|34,0.5630
6812.650355,-0.207669,-5.454263,-0.003565,4.657878,0.021600,-0.003291,-1.455629,-0.047531,1.456405,28|30|31|32|33|34,0.5627
6812.667022,-0.208366,-5.463605,-0.003521,4.665060,0.021404,-0.003393,-1.457734,-0.047717,1.458515,28|30|31|32|33|34,0.5629
6812.700355,-0.208210,-5.463915,-0.003513,4.679240,0.020875,-0.003892,-1.471746,-0.047102,1.472499,28|30|31|32|33|34,0.5619
6812.717022,-0.216818,-5.489342,-0.003706,4.679240,0.020875,-0.003892,-1.457929,-0.051786,1.458848,28|30|31|32|33|34,0.5630
6812.750355,-0.216722,-5.508567,-0.004068,4.700074,0.020856,-0.004073,-1.468314,-0.051719,1.469224,28|30|31|32|33|34,0.5619
6812.767022,-0.216461,-5.517705,-0.003915,4.700074,0.020856,-0.004073,-1.463348,-0.051579,1.464256,28|30|31|32|33|34,0.5616
6812.783689,-0.215938,-5.527041,-0.004051,4.706983,0.020324,-0.004169,-1.465183,-0.050765,1.466062,28|30|31|32|33|34,0.5619
6812.800355,-0.215820,-5.527274,-0.004044,4.721109,0.020405,-0.004230,-1.479182,-0.050782,1.480054,28|30|31|32|33|34,0.5617
6812.817022,-0.223945,-5.532470,-0.004203,4.728325,0.020680,-0.004232,-1.483576,-0.055474,1.484613,28|30|31|32|33|34,0.5626
6812.833689,-0.221515,-5.550823,-0.004129,4.728325,0.020680,-0.004232,-1.473601,-0.054158,1.474596,28|30|31|32|33|34,0.5634
6812.850355,-0.221583,-5.550690,-0.004132,4.742797,0.020618,-0.004247,-1.488145,-0.054132,1.489130,28|30|31|32|33|34,0.5639
6812.867022,-0.212699,-5.570965,-0.003947,4.749959,0.019907,-0.004332,-1.484287,-0.048598,1.485082,28|30|31|32|33|34,0.5635
6812.883689,-0.212860,-5.570647,-0.003950,4.756902,0.020261,-0.004519,-1.491402,-0.049039,1.492208,28|30|31|32|33|34,0.5631
6812.900355,-0.227491,-5.586059,-0.004573,4.763825,0.020697,-0.004531,-1.489952,-0.057430,1.491059,28|30|31|32|33|34,0.5627
6812.917022,-0.227545,-5.585944,-0.004570,4.770699,0.021151,-0.004532,-1.496889,-0.057914,1.498008,28|30|31|32|33|34,0.5637
6812.933689,-0.221430,-5.595604,-0.004820,4.777707,0.021596,-0.004570,-1.498646,-0.055036,1.499656,28|30|31|32|33|34,0.5637
6812.950355,-0.214820,-5.605066,-0.004727,4.784648,0.020812,-0.004606,-1.500443,-0.050662,1.501298,28|30|31|32|33|34,0.5624
6812.967022,-0.200862,-5.624300,-0.004317,4.784648,0.020812,-0.004606,-1.489987,-0.043080,1.490609,28|30|31|32|33|34,0.5603
6812.983689,-0.200903,-5.624220,-0.004319,4.798328,0.019940,-0.004892,-1.503709,-0.042231,1.504302,28|30|31|32|33|34,0.5595
6813.017022,-0.232107,-5.628673,-0.005456,4.812145,0.020441,-0.004899,-1.515114,-0.059692,1.516289,28|30|31|32|33|34|35,0.5579
6813.033689,-0.232389,-5.628124,-0.005462,4.819164,0.020510,-0.004896,-1.522430,-0.059915,1.523609,28|30|31|32|33|34|35,0.5602
6813.050355,-0.227942,-5.638218,-0.005248,4.826187,0.019723,-0.004912,-1.523967,-0.056713,1.525021,28|30|31|32|33|34|35,0.5551
6813.067022,-0.212847,-5.673297,-0.005613,4.826187,0.019723,-0.004912,-1.504899,-0.048517,1.505681,30|31|32|33|34|35,0.5606
6813.083689,-0.223278,-5.681051,-0.005530,4.833277,0.020120,-0.004896,-1.507777,-0.054584,1.508765,30|31|32|33|34|35,0.5616
6813.100355,-0.217157,-5.690866,-0.005284,4.840287,0.020525,-0.004911,-1.509452,-0.051664,1.510335,30|31|32|33|34|35,0.5624
6813.117022,-0.217000,-5.691180,-0.005279,4.854203,0.021346,-0.004947,-1.523197,-0.052401,1.524098,30|31|32|33|34|35,0.5630
6813.150355,-0.198529,-5.719381,-0.005122,4.861129,0.021212,-0.004969,-1.514792,-0.042234,1.515381,30|31|32|33|34|35,0.5614
6813.167022,-0.199952,-5.726091,-0.004620,4.875487,0.020928,-0.005182,-1.525503,-0.042724,1.526101,30|31|32|33|34|35,0.5610
6813.183689,-0.206973,-5.734438,-0.004446,4.882699,0.021226,-0.005186,-1.528181,-0.046840,1.528899,30|31|32|33|34|35,0.5618
6813.200355,-0.206846,-5.734696,-0.004441,4.889904,0.021527,-0.005195,-1.535246,-0.047072,1.535968,30|31|32|33|34|35,0.5633
6813.217022,-0.197683,-5.754205,-0.004891,4.889904,0.021527,-0.005195,-1.524641,-0.042096,1.525222,30|31|32|33|34|35,0.5632
6813.250355,-0.197819,-5.753935,-0.004894,4.903747,0.019816,-0.005184,-1.538631,-0.040459,1.539163,30|31|32|33|34|35,0.5630
6813.267022,-0.217151,-5.779401,-0.004996,4.917732,0.020297,-0.005129,-1.538780,-0.051452,1.539640,30|31|32|33|34|35,0.5627
6813.283689,-0.216755,-5.786626,-0.004782,4.917732,0.020297,-0.005129,-1.534853,-0.051239,1.535708,30|31|32|33|34|35,0.5627
6813.300355,-0.208692,-5.796243,-0.004675,4.931742,0.021416,-0.005082,-1.543635,-0.047978,1.544380,30|31|32|33|34|35,0.5649
6813.317022,-0.200289,-5.805863,-0.004766,4.931742,0.021416,-0.005082,-1.538405,-0.043412,1.539017,30|31|32|33|34|35,0.5659
6813.333689,-0.200154,-5.806130,-0.004762,4.945676,0.020408,-0.005044,-1.552193,-0.042332,1.552770,30|31|32|33|34|35,0.5656
6813.350355,-0.191912,-5.815473,-0.004486,4.952672,0.020427,-0.005053,-1.554110,-0.037873,1.554571,30|31|32|33|34|35,0.5646
6813.367022,-0.206303,-5.832795,-0.005244,4.952672,0.020427,-0.005053,-1.544699,-0.045699,1.545375,30|31|32|33|34|35,0.5631
6813.383689,-0.205100,-5.840742,-0.005451,4.966994,0.021354,-0.005022,-1.554702,-0.045974,1.555381,30|31|32|33|34|35,0.5642
6813.400355,-0.198264,-5.850354,-0.005457,4.966994,0.021354,-0.005022,-1.549477,-0.042260,1.550053,30|31|32|33|34|35,0.5641
6813.417022,-0.191005,-5.860305,-0.005831,4.973969,0.021474,-0.005011,-1.551042,-0.038437,1.551518,30|31|32|33|34|35,0.5629
6813.433689,-0.189316,-5.866979,-0.006024,4.988112,0.020145,-0.005082,-1.561557,-0.036191,1.561977,30|31|32|33|34|35,0.5621
6813.450355,-0.204138,-5.876509,-0.005884,4.995223,0.020366,-0.005071,-1.563493,-0.044470,1.564125,30|31|32|33|34|35,0.5619
6813.500355,-0.204085,-5.876611,-0.005878,5.015988,0.020484,-0.005357,-1.584201,-0.044559,1.584828,30|31|32|33|34|35,0.5628
6813.533689,-0.215881,-5.889185,-0.007317,5.023104,0.019499,-0.005380,-1.584486,-0.049988,1.585274,30|31|32|33|34|35|36|37,0.5496
6813.550355,-0.230490,-5.895650,-0.007657,5.030134,0.019626,-0.005459,-1.588006,-0.058057,1.589066,30|31|32|33|34|35|36|37,0.5623
6813.567022,-0.232010,-5.892698,-0.007736,5.037285,0.019850,-0.005458,-1.596762,-0.059106,1.597855,30|31|32|33|34|35|36|37,0.5537
6813.583689,-0.257201,-5.848011,-0.008833,5.044439,0.020095,-0.005454,-1.628207,-0.073032,1.629844,32|33|34|35|36|37,0.5626
6813.600355,-0.249861,-5.866912,-0.008873,5.051219,0.019759,-0.005504,-1.624714,-0.068710,1.626166,32|33|34|35|36|37,0.5611
6813.617022,-0.249859,-5.866913,-0.008876,5.058020,0.018783,-0.005599,-1.631515,-0.067733,1.632920,32|33|34|35|36|37,0.5605
6813.633689,-0.268035,-5.880591,-0.008351,5.064891,0.019006,-0.005750,-1.630956,-0.077837,1.632812,32|33|34|35|36|37,0.5610
6813.650355,-0.264144,-5.890074,-0.008569,5.071793,0.019260,-0.005732,-1.632703,-0.075979,1.634470,32|33|34|35|36|37,0.5620
6813.667022,-0.260355,-5.899533,-0.008403,5.078694,0.019523,-0.005713,-1.634462,-0.074185,1.636145,32|33|34|35|36|37,0.5623
6813.683689,-0.260295,-5.899654,-0.008403,5.092497,0.020107,-0.005827,-1.648200,-0.074736,1.649893,32|33|34|35|36|37,0.5626
6813.700355,-0.251347,-5.918614,-0.008641,5.092497,0.020107,-0.005827,-1.637894,-0.069877,1.639384,32|33|34|35|36|37,0.5625
6813.717022,-0.246610,-5.928188,-0.008514,5.099095,0.019106,-0.005855,-1.639286,-0.066304,1.640627,32|33|34|35|36|37,0.5619
6813.733689,-0.261253,-5.932978,-0.008159,5.112969,0.018936,-0.005867,-1.650561,-0.074093,1.652223,32|33|34|35|36|37,0.5610
6813.750355,-0.266498,-5.941019,-0.008388,5.120208,0.019203,-0.005902,-1.653431,-0.077212,1.655233,32|33|34|35|36|37,0.5618
6813.767022,-0.266465,-5.941087,-0.008389,5.127381,0.019201,-0.005903,-1.660567,-0.077192,1.662360,32|33|34|35|36|37,0.5628
6813.783689,-0.262155,-5.951002,-0.008332,5.134613,0.018287,-0.005900,-1.662409,-0.073938,1.664053,32|33|34|35|36|37,0.5630
6813.800355,-0.257705,-5.960789,-0.008258,5.141674,0.017766,-0.005963,-1.664150,-0.071001,1.665664,32|33|34|35|36|37,0.5620
6813.850355,-0.271385,-5.995248,-0.009006,5.162575,0.018805,-0.006124,-1.666326,-0.079482,1.668221,32|33|34|35|36|37,0.5633
6813.867022,-0.266176,-6.004554,-0.009315,5.162575,0.018805,-0.006124,-1.661268,-0.076653,1.663035,32|33|34|35|36|37,0.5622
6813.883689,-0.266182,-6.004540,-0.009316,5.169490,0.018369,-0.006241,-1.668190,-0.076220,1.669930,32|33|34|35|36|37,0.5611
6813.900355,-0.260455,-6.014496,-0.008714,5.183571,0.017226,-0.006312,-1.676859,-0.071967,1.678403,32|33|34|35|36|37,0.5626
6813.917022,-0.279334,-6.030548,-0.008276,5.183571,0.017226,-0.006312,-1.668140,-0.082231,1.670165,32|33|34|35|36|37,0.5624
6813.933689,-0.279304,-6.030607,-0.008276,5.198006,0.018447,-0.006275,-1.682542,-0.083436,1.684610,32|33|34|35|36|37,0.5620
6813.950355,-0.271762,-6.047601,-0.007457,5.205218,0.018245,-0.006253,-1.680517,-0.079138,1.682379,32|33|34|35|36|37,0.5633
6813.967022,-0.271676,-6.047777,-0.007460,5.205218,0.018245,-0.006253,-1.680421,-0.079092,1.682281,32|33|34|35|36|37,0.5633
6813.983689,-0.262372,-6.057610,-0.008438,5.219787,0.017251,-0.006272,-1.689644,-0.073044,1.691222,32|33|34|35|36|37,0.5652
6814.000355,-0.265243,-6.066298,-0.008797,5.219787,0.017251,-0.006272,-1.684923,-0.074606,1.686574,32|33|34|35|36|37,0.5649
6814.033689,-0.269269,-6.092550,-0.009510,5.233548,0.018501,-0.006665,-1.684417,-0.078050,1.686224,32|33|34|35|36|37,0.5620
6814.050355,-0.260868,-6.096503,-0.009595,5.247628,0.018634,-0.006404,-1.696347,-0.073618,1.697944,32|33|34|35|36|37|38,0.5527
6814.083689,-0.261217,-6.095822,-0.009548,5.261670,0.016787,-0.006445,-1.710759,-0.071960,1.712272,32|33|34|35|36|37|38,0.5608
6814.100355,-0.292545,-6.082298,-0.008911,5.261670,0.016787,-0.006445,-1.718116,-0.088983,1.720419,33|34|35|36|37|38,0.5619
6814.117022,-0.303780,-6.090257,-0.009217,5.268382,0.017206,-0.006598,-1.720505,-0.095510,1.723154,33|34|35|36|37|38,0.5615
6814.133689,-0.303781,-6.090254,-0.009217,5.282515,0.017945,-0.006584,-1.734640,-0.096249,1.737308,33|34|35|36|37|38,0.5617
6814.150355,-0.288090,-6.108629,-0.009168,5.282515,0.017945,-0.006584,-1.724651,-0.087726,1.726880,33|34|35|36|37|38,0.5620
6814.167022,-0.284754,-6.116367,-0.009116,5.289743,0.017257,-0.006554,-1.727672,-0.085226,1.729773,33|34|35|36|37|38,0.5616
6814.183689,-0.284754,-6.116367,-0.009114,5.303744,0.017281,-0.006683,-1.741673,-0.085250,1.743758,33|34|35|36|37|38,0.5620
6814.200355,-0.294038,-6.126184,-0.008387,5.303744,0.017281,-0.006683,-1.736339,-0.090298,1.738686,33|34|35|36|37|38,0.5620
6814.217022,-0.292478,-6.142480,-0.008705,5.310816,0.018022,-0.006665,-1.734555,-0.090195,1.736899,33|34|35|36|37|38,0.5629
6814.267022,-0.292478,-6.142480,-0.008701,5.332040,0.018062,-0.006815,-1.755779,-0.090235,1.758096,33|34|35|36|37|38,0.5619
6814.283689,-0.279219,-6.179958,-0.008873,5.339158,0.017633,-0.006892,-1.742526,-0.082608,1.744483,33|34|35|36|37|38,0.5615
6814.300355,-0.284237,-6.186904,-0.009277,5.353571,0.018831,-0.006898,-1.753164,-0.086534,1.755298,33|34|35|36|37|38,0.5621
6814.317022,-0.284237,-6.186902,-0.009277,5.360441,0.018449,-0.006893,-1.760036,-0.086153,1.762143,33|34|35|36|37|38,0.5623
6814.333689,-0.274865,-6.196791,-0.009772,5.367486,0.017529,-0.006887,-1.761704,-0.080142,1.763526,33|34|35|36|37|38,0.5618
6814.350355,-0.270739,-6.213972,-0.009300,5.367486,0.017529,-0.006887,-1.752365,-0.077903,1.754096,33|34|35|36|37|38,0.5618
6814.367022,-0.283379,-6.223024,-0.009088,5.374530,0.016600,-0.006859,-1.754493,-0.083845,1.756495,33|34|35|36|37|38,0.5626
6814.383689,-0.295980,-6.232560,-0.008868,5.381295,0.016718,-0.006844,-1.756078,-0.090813,1.758425,33|34|35|36|37|38,0.5626
6814.433689,-0.267653,-6.257881,-0.009680,5.409433,0.017845,-0.006692,-1.770448,-0.076551,1.772102,33|34|35|36|37|38,0.5631
6814.450355,-0.267654,-6.257881,-0.009682,5.416493,0.017437,-0.006693,-1.777509,-0.076144,1.779139,33|34|35|36|37|38,0.5642
6814.467022,-0.270772,-6.266358,-0.009896,5.416493,0.017437,-0.006693,-1.772902,-0.077841,1.774610,33|34|35|36|37|38,0.5648
6814.483689,-0.275943,-6.275902,-0.010067,5.430724,0.018436,-0.006698,-1.781947,-0.081651,1.783817,33|34|35|36|37|38,0.5639
6814.517022,-0.265078,-6.302599,-0.010401,5.437777,0.018639,-0.006643,-1.774489,-0.075956,1.776113,33|34|35|36|37|38,0.5641
6814.533689,-0.262333,-6.310342,-0.010134,5.452069,0.017027,-0.006683,-1.784572,-0.072853,1.786058,33|34|35|36|37|38,0.5638
6814.550355,-0.273042,-6.319922,-0.009855,5.452069,0.017027,-0.006683,-1.779367,-0.078676,1.781106,33|34|35|36|37|38,0.5640
6814.567022,-0.273044,-6.319921,-0.009855,5.466036,0.017557,-0.006656,-1.793335,-0.079207,1.795083,33|34|35|36|37|38,0.5623
6814.583689,-0.283892,-6.330428,-0.009525,5.473116,0.018073,-0.006672,-1.794708,-0.085620,1.796749,33|34|35|36|37|38|39,0.5569
6814.600355,-0.274585,-6.347161,-0.009328,5.473116,0.018073,-0.006672,-1.785612,-0.080565,1.787428,33|34|35|36|37|38|39|40,0.5631
6814.617022,-0.274569,-6.347201,-0.009327,5.480030,0.017820,-0.006861,-1.792504,-0.080304,1.794302,33|34|35|36|37|38|39|40,0.5541
6814.633689,-0.270548,-6.365108,-0.009593,5.487092,0.017082,-0.007042,-1.789833,-0.077384,1.791505,35|36|37|38|39|40,0.5628
6814.650355,-0.270547,-6.365106,-0.009599,5.494163,0.016412,-0.007084,-1.796905,-0.076714,1.798542,35|36|37|38|39|40,0.5624
6814.667022,-0.280609,-6.374448,-0.009603,5.501146,0.016795,-0.007000,-1.798812,-0.082567,1.800706,35|36|37|38|39|40,0.5614
6814.683689,-0.289326,-6.383036,-0.009991,5.515275,0.017009,-0.006845,-1.808276,-0.087521,1.810393,35|36|37|38|39|40,0.5636
6814.700355,-0.275937,-6.401596,-0.009634,5.515275,0.017009,-0.006845,-1.798186,-0.080249,1.799976,35|36|37|38|39|40,0.5620
6814.717022,-0.279856,-6.408297,-0.009477,5.522328,0.016080,-0.006843,-1.801599,-0.081450,1.803439,35|36|37|38|39|40,0.5618
6814.733689,-0.292543,-6.417445,-0.009450,5.529142,0.015403,-0.006918,-1.803443,-0.087671,1.805573,35|36|37|38|39|40,0.5619
6814.750355,-0.300737,-6.424140,-0.010107,5.535788,0.015904,-0.006915,-1.806452,-0.092626,1.808825,35|36|37|38|39|40,0.5633
6814.767022,-0.300735,-6.424139,-0.010109,5.549092,0.016908,-0.006901,-1.819757,-0.093630,1.822164,35|36|37|38|39|40,0.5643
6814.783689,-0.285139,-6.443341,-0.009045,5.555742,0.017343,-0.007007,-1.815967,-0.085593,1.817983,35|36|37|38|39|40,0.5643
6814.800355,-0.285140,-6.443341,-0.009043,5.555742,0.017343,-0.007007,-1.815968,-0.085593,1.817984,35|36|37|38|39|40,0.5633
6814.817022,-0.277343,-6.452666,-0.009149,5.569466,0.015676,-0.006739,-1.824622,-0.079691,1.826362,35|36|37|38|39|40,0.5620
6814.850355,-0.271271,-6.460262,-0.009138,5.576294,0.015647,-0.006748,-1.827321,-0.076364,1.828916,35|36|37|38|39|40,0.5615
6814.867022,-0.295351,-6.477562,-0.008548,5.590751,0.016211,-0.006805,-1.832381,-0.090019,1.834590,35|36|37|38|39|40,0.5628
6814.883689,-0.287039,-6.494511,-0.008241,5.590751,0.016211,-0.006805,-1.823167,-0.085505,1.825171,35|36|37|38|39|40,0.5631
6814.900355,-0.285496,-6.502871,-0.008568,5.605177,0.014831,-0.006730,-1.833049,-0.083287,1.834940,35|36|37|38|39|40,0.5633
6814.933689,-0.304026,-6.522244,-0.007544,5.619140,0.015319,-0.006642,-1.836488,-0.093851,1.838884,35|36|37|38|39|40,0.5630
6814.967022,-0.295406,-6.539082,-0.007446,5.626135,0.015898,-0.006664,-1.834329,-0.089748,1.836524,35|36|37|38|39|40,0.5641
6814.983689,-0.286925,-6.549086,-0.008116,5.633066,0.015536,-0.006819,-1.835822,-0.084779,1.837778,35|36|37|38|39|40,0.5633
6815.000355,-0.291978,-6.557042,-0.008600,5.647437,0.014101,-0.006832,-1.845870,-0.086092,1.847877,35|36|37|38|39|40,0.5631
6815.017022,-0.301544,-6.566364,-0.008415,5.647437,0.014101,-0.006832,-1.840806,-0.091293,1.843068,35|36|37|38|39|40,0.5637
6815.033689,-0.310929,-6.575716,-0.008228,5.654296,0.014460,-0.006818,-1.842584,-0.096755,1.845122,35|36|37|38|39|40,0.5622
6815.067022,-0.292135,-6.592623,-0.009463,5.676177,0.014912,-0.006765,-1.855272,-0.086996,1.857311,35|36|37|38|39|40,0.5616
6815.083689,-0.292135,-6.592623,-0.009463,5.683476,0.014618,-0.006747,-1.862572,-0.086702,1.864589,35|36|37|38|39|40,0.5631
6815.100355,-0.297227,-6.611956,-0.007473,5.683476,0.014618,-0.006747,-1.852066,-0.089473,1.854226,35|36|37|38|39|40|41,0.5560
6815.117022,-0.300635,-6.621245,-0.007560,5.690587,0.014563,-0.006789,-1.854129,-0.091273,1.856374,35|36|37|38|39|40|41,0.5626
6815.133689,-0.300751,-6.627529,-0.007346,5.697492,0.015368,-0.007344,-1.857619,-0.092143,1.859903,35|36|37|38|39|40|41,0.5566
6815.150355,-0.287127,-6.637737,-0.008589,5.711629,0.015685,-0.007400,-1.866205,-0.085057,1.868143,36|37|38|39|40|41,0.5627
6815.167022,-0.272525,-6.646990,-0.009325,5.711629,0.015685,-0.007400,-1.861174,-0.077123,1.862771,36|37|38|39|40|41,0.5610
6815.183689,-0.281494,-6.655447,-0.009608,5.725986,0.014145,-0.007410,-1.870936,-0.080460,1.872665,36|37|38|39|40|41,0.5616
6815.217022,-0.301686,-6.674157,-0.009393,5.739749,0.014514,-0.007485,-1.874535,-0.091807,1.876782,36|37|38|39|40|41,0.5617
6815.233689,-0.301686,-6.674158,-0.009392,5.746904,0.014782,-0.007479,-1.881689,-0.092075,1.883941,36|37|38|39|40|41,0.5621
6815.283689,-0.296446,-6.708569,-0.009821,5.761364,0.013813,-0.007383,-1.877447,-0.088265,1.879521,36|37|38|39|40|41,0.5615
6815.300355,-0.302353,-6.717938,-0.009414,5.768244,0.013697,-0.007401,-1.879236,-0.091362,1.881455,36|37|38|39|40|41,0.5613
6815.333689,-0.302351,-6.717939,-0.009415,5.789393,0.015652,-0.007359,-1.900384,-0.093315,1.902674,36|37|38|39|40|41,0.5620
6815.350355,-0.274500,-6.743462,-0.008855,5.796636,0.015193,-0.007422,-1.893750,-0.077725,1.895345,36|37|38|39|40|41,0.5611
6815.367022,-0.273490,-6.752519,-0.009265,5.796636,0.015193,-0.007422,-1.888828,-0.077178,1.890404,36|37|38|39|40|41,0.5619
6815.383689,-0.273490,-6.752518,-0.009268,5.810846,0.014814,-0.007565,-1.903038,-0.076799,1.904587,36|37|38|39|40|41,0.5623
6815.400355,-0.285729,-6.771509,-0.009135,5.810846,0.014814,-0.007565,-1.892720,-0.083455,1.894559,36|37|38|39|40|41,0.5622
6815.417022,-0.283125,-6.777496,-0.008921,5.825000,0.015267,-0.007558,-1.903620,-0.082494,1.905406,36|37|38|39|40|41,0.5624
6815.433689,-0.283123,-6.777496,-0.008924,5.832026,0.014573,-0.007554,-1.910646,-0.081800,1.912396,36|37|38|39|40|41,0.5627
6815.450355,-0.275840,-6.796595,-0.009179,5.839060,0.013879,-0.007505,-1.907298,-0.077152,1.908857,36|37|38|39|40|41,0.5624
6815.467022,-0.275840,-6.796594,-0.009186,5.846034,0.013177,-0.007511,-1.914273,-0.076450,1.915799,36|37|38|39|40|41,0.5620
6815.483689,-0.285246,-6.806065,-0.008867,5.852619,0.013856,-0.007661,-1.915712,-0.082243,1.917477,36|37|38|39|40|41,0.5607
6815.517022,-0.294435,-6.815253,-0.008936,5.866825,0.014930,-0.007714,-1.924926,-0.088313,1.926951,36|37|38|39|40|41,0.5607
6815.533689,-0.276679,-6.839716,-0.007811,5.873901,0.014743,-0.007693,-1.918704,-0.078481,1.920309,36|37|38|39|40|41,0.5614
6815.550355,-0.277878,-6.849972,-0.007839,5.873901,0.014743,-0.007693,-1.913130,-0.079134,1.914766,36|37|38|39|40|41,0.5631
6815.567022,-0.279858,-6.859298,-0.007653,5.880982,0.014578,-0.007687,-1.915143,-0.080048,1.916816,36|37|38|39|40|41,0.5630
6815.583689,-0.279859,-6.859300,-0.007654,5.888065,0.014406,-0.007702,-1.922225,-0.079877,1.923884,36|37|38|39|40|41,0.5621
6815.600355,-0.281602,-6.868486,-0.007913,5.902171,0.015318,-0.007712,-1.931339,-0.081737,1.933068,36|37|38|39|40|41,0.5605
6815.617022,-0.283348,-6.877841,-0.007813,5.909341,0.014761,-0.007702,-1.933425,-0.082132,1.935169,36|37|38|39|40|41,0.5606
6815.633689,-0.268292,-6.894203,-0.007339,5.916506,0.014200,-0.007717,-1.931694,-0.073392,1.933088,36|37|38|39|40|41|42|43,0.5605
6815.650355,-0.268261,-6.894196,-0.007286,5.923685,0.013626,-0.007711,-1.938877,-0.072801,1.940243,36|37|38|39|40|41|42|43,0.5548
6815.667022,-0.274761,-6.903419,-0.006164,5.923685,0.013626,-0.007711,-1.933866,-0.076335,1.935372,38|39|40|41|42|43,0.5614
6815.683689,-0.282029,-6.912745,-0.006099,5.937626,0.014863,-0.007632,-1.942741,-0.081524,1.944451,38|39|40|41|42|43,0.5615
6815.700355,-0.281313,-6.929059,-0.007244,5.944740,0.014662,-0.007657,-1.940988,-0.080938,1.942674,38|39|40|41|42|43,0.5630
6815.717022,-0.281315,-6.929057,-0.007241,5.944740,0.014662,-0.007657,-1.940988,-0.080939,1.942675,38|39|40|41|42|43,0.5625
6815.733689,-0.270238,-6.939288,-0.006890,5.958837,0.013634,-0.007865,-1.949523,-0.073893,1.950923,38|39|40|41|42|43,0.5626
6815.750355,-0.279757,-6.957456,-0.006861,5.958837,0.013634,-0.007865,-1.939651,-0.079071,1.941262,38|39|40|41|42|43,0.5625
6815.767022,-0.286437,-6.966743,-0.007085,5.965857,0.013352,-0.007856,-1.941625,-0.082421,1.943374,38|39|40|41|42|43,0.5619
6815.783689,-0.289425,-6.973356,-0.007001,5.973072,0.014017,-0.007782,-1.945247,-0.084711,1.947090,38|39|40|41|42|43,0.5621
6815.817022,-0.282639,-6.992214,-0.007004,5.987274,0.013034,-0.007515,-1.949199,-0.080044,1.950841,38|39|40|41|42|43,0.5614
6815.833689,-0.282638,-6.992213,-0.007003,6.001087,0.012194,-0.007595,-1.963012,-0.079204,1.964609,38|39|40|41|42|43,0.5619
6815.850355,-0.292347,-7.001314,-0.006989,6.008056,0.012887,-0.007549,-1.965037,-0.085175,1.966882,38|39|40|41|42|43,0.5619
6815.867022,-0.302476,-7.016057,-0.006958,6.015026,0.013593,-0.007537,-1.963997,-0.091389,1.966122,38|39|40|41|42|43,0.5614
6815.883689,-0.291756,-7.025872,-0.006865,6.015026,0.013593,-0.007537,-1.958660,-0.085565,1.960528,38|39|40|41|42|43,0.5617
6815.900355,-0.281059,-7.035850,-0.007032,6.021972,0.014158,-0.007558,-1.960181,-0.080319,1.961826,38|39|40|41|42|43,0.5612
6815.917022,-0.273739,-7.044480,-0.007497,6.035691,0.012736,-0.007680,-1.969209,-0.074921,1.970633,38|39|40|41|42|43,0.5610
6815.933689,-0.283615,-7.053337,-0.006984,6.035691,0.012736,-0.007680,-1.964397,-0.080290,1.966037,38|39|40|41|42|43,0.5614
6815.950355,-0.293284,-7.062254,-0.007271,6.049410,0.012444,-0.008323,-1.973272,-0.085254,1.975112,38|39|40|41|42|43,0.5610
6815.983689,-0.293883,-7.077248,-0.007875,6.063870,0.012053,-0.008407,-1.979583,-0.085193,1.981415,38|39|40|41|42|43,0.5602
6816.000355,-0.293883,-7.077248,-0.007876,6.070993,0.011547,-0.008331,-1.986706,-0.084686,1.988510,38|39|40|41|42|43,0.5611
6816.017022,-0.291877,-7.087375,-0.007428,6.078032,0.011049,-0.008151,-1.988241,-0.083100,1.989977,38|39|40|41|42|43,0.5626
6816.033689,-0.304586,-7.106414,-0.006986,6.078032,0.011049,-0.008151,-1.977896,-0.090011,1.979943,38|39|40|41|42|43,0.5627
6816.050355,-0.310536,-7.115256,-0.007460,6.085043,0.011389,-0.008798,-1.980103,-0.093587,1.982314,38|39|40|41|42|43,0.5618
6816.067022,-0.310535,-7.115256,-0.007464,6.099303,0.011835,-0.008955,-1.994363,-0.094033,1.996579,38|39|40|41|42|43,0.5628
6816.083689,-0.291572,-7.132472,-0.008466,6.099303,0.011835,-0.008955,-1.985002,-0.083730,1.986767,38|39|40|41|42|43,0.5621
6816.100355,-0.291572,-7.132473,-0.008465,6.113562,0.010729,-0.008944,-1.999261,-0.082624,2.000968,38|39|40|41|42|43,0.5623
6816.117022,-0.295521,-7.141462,-0.008503,6.120571,0.010369,-0.008984,-2.001386,-0.084413,2.003165,38|39|40|41|42|43,0.5624
6816.150355,-0.302791,-7.150481,-0.008555,6.135023,0.011205,-0.009445,-2.010938,-0.089202,2.012915,38|39|40|41|42|43,0.5604
6816.167022,-0.300698,-7.174197,-0.009403,6.135023,0.011205,-0.009445,-1.998048,-0.088069,1.999988,38|39|40|41|42|43|44,0.5613
6816.183689,-0.300012,-7.187008,-0.009106,6.142299,0.011011,-0.009428,-1.998361,-0.087506,2.000276,39|40|41|42|43|44,0.5633
6816.200355,-0.300013,-7.187008,-0.009106,6.156860,0.010720,-0.009435,-2.012923,-0.087215,2.014811,39|40|41|42|43|44,0.5641
6816.217022,-0.302826,-7.205884,-0.008917,6.156860,0.010720,-0.009435,-2.002664,-0.088748,2.004630,39|40|41|42|43|44,0.5650
6816.233689,-0.304042,-7.215517,-0.008927,6.170862,0.012337,-0.009702,-2.011431,-0.091028,2.013489,39|40|41|42|43|44,0.5651
6816.250355,-0.304043,-7.215518,-0.008929,6.177981,0.011763,-0.009928,-2.018549,-0.090454,2.020575,39|40|41|42|43|44,0.5631
6816.267022,-0.295089,-7.220779,-0.009251,6.184939,0.011155,-0.010045,-2.022646,-0.084981,2.024430,39|40|41|42|43|44,0.5615
6816.283689,-0.286251,-7.240112,-0.009347,6.184939,0.011155,-0.010045,-2.012137,-0.080182,2.013734,39|40|41|42|43|44,0.5619
6816.300355,-0.294199,-7.249093,-0.009194,6.191892,0.010556,-0.010095,-2.014211,-0.083905,2.015958,39|40|41|42|43|44,0.5620
6816.317022,-0.301792,-7.258150,-0.009197,6.205582,0.010339,-0.010176,-2.022980,-0.087816,2.024885,39|40|41|42|43|44,0.5616
6816.333689,-0.301793,-7.258149,-0.009199,6.205582,0.010339,-0.010176,-2.022980,-0.087817,2.024886,39|40|41|42|43|44,0.5600
6816.350355,-0.302578,-7.273177,-0.010087,6.219995,0.010328,-0.010115,-2.029226,-0.088236,2.031143,39|40|41|42|43|44,0.5607
6816.367022,-0.296493,-7.283884,-0.009448,6.219995,0.010328,-0.010115,-2.023406,-0.084931,2.025188,39|40|41|42|43|44,0.5621
6816.383689,-0.300996,-7.292944,-0.009361,6.227190,0.009977,-0.010052,-2.025678,-0.087029,2.027547,39|40|41|42|43|44,0.5630
6816.400356,-0.305041,-7.302303,-0.009444,6.241313,0.010330,-0.009980,-2.034716,-0.089583,2.036687,39|40|41|42|43|44,0.5628
6816.433689,-0.298494,-7.317136,-0.009586,6.248484,0.011432,-0.010016,-2.033824,-0.087130,2.035689,39|40|41|42|43|44,0.5610
6816.450356,-0.298495,-7.317135,-0.009585,6.255610,0.011569,-0.010020,-2.040950,-0.087267,2.042815,39|40|41|42|43|44,0.5621
6816.467022,-0.279266,-7.337765,-0.010383,6.262805,0.011196,-0.010080,-2.036930,-0.076448,2.038364,39|40|41|42|43|44,0.5629
6816.483689,-0.279265,-7.337765,-0.010383,6.277194,0.010599,-0.010124,-2.051319,-0.075851,2.052721,39|40|41|42|43|44,0.5629
6816.500356,-0.288603,-7.357229,-0.010487,6.277194,0.010599,-0.010124,-2.040742,-0.080930,2.042346,39|40|41|42|43|44,0.5625
6816.517022,-0.288602,-7.357231,-0.010488,6.291494,0.011024,-0.010559,-2.055041,-0.081354,2.056651,39|40|41|42|43|44,0.5621
6816.533689,-0.278661,-7.372258,-0.011463,6.291494,0.011024,-0.010559,-2.046872,-0.075955,2.048280,39|40|41|42|43|44,0.5625
6816.550356,-0.281556,-7.382194,-0.010842,6.298490,0.010414,-0.010552,-2.048469,-0.076921,2.049912,39|40|41|42|43|44,0.5643
6816.567022,-0.289188,-7.391360,-0.010770,6.305480,0.009810,-0.010514,-2.050479,-0.080467,2.052057,39|40|41|42|43|44,0.5631
6816.583689,-0.289187,-7.391361,-0.010769,6.312475,0.009193,-0.010450,-2.057473,-0.079849,2.059022,39|40|41|42|43|44,0.5624
6816.600356,-0.304745,-7.409424,-0.010613,6.326351,0.010476,-0.010383,-2.061536,-0.089591,2.063482,39|40|41|42|43|44,0.5606
6816.617022,-0.302082,-7.413446,-0.011861,6.326351,0.010476,-0.010383,-2.059350,-0.088144,2.061235,39|40|41|42|43|44,0.5606
6816.633689,-0.302083,-7.413445,-0.011860,6.340643,0.010417,-0.010097,-2.073642,-0.088086,2.075512,39|40|41|42|43|44,0.5623
6816.650356,-0.284401,-7.423907,-0.011157,6.347734,0.010261,-0.010080,-2.075044,-0.078322,2.076521,39|40|41|42|43|44,0.5627
6816.667022,-0.283261,-7.436702,-0.010940,6.354826,0.010102,-0.010093,-2.075182,-0.077547,2.076630,39|40|41|42|43|44|45|46,0.5614
6816.683689,-0.286191,-7.454136,-0.010316,6.354826,0.010102,-0.010093,-2.065707,-0.079143,2.067223,39|40|41|42|43|44|45|46,0.5609
6816.700356,-0.287676,-7.462808,-0.010553,6.369057,0.011014,-0.009975,-2.075225,-0.080864,2.076800,39|40|41|42|43|44|45|46,0.5506
6816.717022,-0.279738,-7.469838,-0.010376,6.376265,0.010452,-0.009950,-2.078611,-0.075989,2.080000,41|42|43|44|45|46,0.5632
6816.733689,-0.272612,-7.480176,-0.010676,6.383483,0.009893,-0.009963,-2.080209,-0.071560,2.081440,41|42|43|44|45|46,0.5621
6816.750356,-0.279644,-7.489511,-0.010531,6.383483,0.009893,-0.009963,-2.075137,-0.075383,2.076506,41|42|43|44|45|46,0.5632
6816.767022,-0.286789,-7.498429,-0.010294,6.390692,0.009313,-0.009970,-2.077501,-0.078689,2.078990,41|42|43|44|45|46,0.5625
6816.800356,-0.286788,-7.498429,-0.010296,6.404717,0.010271,-0.009853,-2.091526,-0.079646,2.093041,41|42|43|44|45|46,0.5631
6816.817022,-0.278029,-7.524352,-0.010509,6.418779,0.009751,-0.010035,-2.091497,-0.074372,2.092819,41|42|43|44|45|46,0.5629
6816.833689,-0.277852,-7.533798,-0.010142,6.418779,0.009751,-0.010035,-2.086363,-0.074278,2.087685,41|42|43|44|45|46,0.5630
6816.850356,-0.277852,-7.533798,-0.010144,6.432895,0.008772,-0.010030,-2.100480,-0.073299,2.101758,41|42|43|44|45|46,0.5631
6816.867022,-0.291113,-7.551585,-0.009884,6.432895,0.008772,-0.010030,-2.090816,-0.080510,2.092366,41|42|43|44|45|46,0.5614
6816.883689,-0.296138,-7.559210,-0.010661,6.447238,0.009357,-0.009808,-2.101015,-0.083827,2.102687,41|42|43|44|45|46,0.5598
6816.900356,-0.296138,-7.559210,-0.010659,6.454351,0.008612,-0.009679,-2.108129,-0.083082,2.109765,41|42|43|44|45|46,0.5588
6816.917022,-0.286564,-7.577726,-0.010232,6.454351,0.008612,-0.009679,-2.098064,-0.077883,2.099509,41|42|43|44|45|46,0.5589
6816.950356,-0.286563,-7.577728,-0.010231,6.468095,0.007471,-0.009762,-2.111807,-0.076741,2.113201,41|42|43|44|45|46,0.5604
6816.967022,-0.310561,-7.600485,-0.010512,6.481558,0.008800,-0.009801,-2.112907,-0.091117,2.114871,41|42|43|44|45|46,0.5616
6816.983689,-0.300087,-7.610230,-0.010540,6.481558,0.008800,-0.009801,-2.107608,-0.085427,2.109339,41|42|43|44|45|46,0.5626
6817.000356,-0.289476,-7.620213,-0.010970,6.494910,0.008906,-0.009906,-2.115533,-0.079768,2.117036,41|42|43|44|45|46,0.5630
6817.017022,-0.279044,-7.630277,-0.010765,6.494910,0.008906,-0.009906,-2.110061,-0.074101,2.111362,41|42|43|44|45|46,0.5607
6817.033689,-0.287089,-7.637682,-0.010645,6.508647,0.007349,-0.009911,-2.119774,-0.076918,2.121169,41|42|43|44|45|46,0.5616
6817.050356,-0.297405,-7.646319,-0.010664,6.515541,0.007598,-0.010292,-2.121976,-0.082776,2.123590,41|42|43|44|45|46,0.5625
6817.067022,-0.297404,-7.646320,-0.010664,6.522852,0.008069,-0.010366,-2.129288,-0.083246,2.130914,41|42|43|44|45|46,0.5611
6817.083689,-0.301943,-7.661169,-0.011241,6.522852,0.008069,-0.010366,-2.121218,-0.085716,2.122950,41|42|43|44|45|46,0.5616
6817.100356,-0.301942,-7.661169,-0.011237,6.537339,0.006867,-0.010257,-2.135706,-0.084513,2.137377,41|42|43|44|45|46,0.5602
6817.117022,-0.302581,-7.681739,-0.011296,6.544388,0.006295,-0.010099,-2.131575,-0.084293,2.133241,41|42|43|44|45|46,0.5608
6817.133689,-0.309822,-7.690891,-0.010979,6.544388,0.006295,-0.010099,-2.126603,-0.088230,2.128432,41|42|43|44|45|46,0.5612
6817.150356,-0.309822,-7.690891,-0.010980,6.558387,0.007328,-0.010014,-2.140601,-0.089263,2.142462,41|42|43|44|45|46,0.5612
6817.183689,-0.300497,-7.716591,-0.010754,6.565514,0.007382,-0.010072,-2.133760,-0.084255,2.135422,41|42|43|44|45|46|47,0.5573
6817.200356,-0.300510,-7.716622,-0.010779,6.579716,0.006168,-0.010085,-2.147944,-0.083048,2.149549,41|42|43|44|45|46|47,0.5635
6817.217022,-0.307449,-7.734006,-0.009441,6.579716,0.006168,-0.010085,-2.138498,-0.086823,2.140260,41|42|43|44|45|46|47,0.5560
6817.233689,-0.307659,-7.735246,-0.009741,6.593774,0.006328,-0.010405,-2.151883,-0.087098,2.153645,42|43|44|45|46|47,0.5622
6817.250356,-0.315139,-7.744038,-0.009638,6.593774,0.006328,-0.010405,-2.147106,-0.091164,2.149040,42|43|44|45|46|47,0.5613
6817.267022,-0.309881,-7.757957,-0.010782,6.601201,0.006708,-0.010386,-2.146967,-0.088690,2.148798,42|43|44|45|46|47,0.5629
6817.283689,-0.309881,-7.757956,-0.010781,6.615846,0.006195,-0.010339,-2.161613,-0.088178,2.163410,42|43|44|45|46|47,0.5635
6817.300356,-0.304280,-7.770875,-0.011329,6.615846,0.006195,-0.010339,-2.154590,-0.085136,2.156272,42|43|44|45|46|47,0.5634
6817.317022,-0.307590,-7.780175,-0.011139,6.630139,0.006307,-0.010497,-2.163830,-0.087049,2.165580,42|43|44|45|46|47,0.5632
6817.333689,-0.309481,-7.789610,-0.010876,6.637222,0.007369,-0.010539,-2.165785,-0.089141,2.167619,42|43|44|45|46|47,0.5631
6817.350356,-0.305088,-7.804522,-0.010957,6.644389,0.007287,-0.010547,-2.164847,-0.086674,2.166581,42|43|44|45|46|47,0.5636
6817.383689,-0.289116,-7.824897,-0.011276,6.658400,0.005886,-0.010680,-2.167781,-0.076597,2.169134,42|43|44|45|46|47,0.5623
6817.400356,-0.298460,-7.833902,-0.011291,6.658400,0.005886,-0.010680,-2.162889,-0.081677,2.164430,42|43|44|45|46|47,0.5620
6817.433689,-0.316302,-7.851623,-0.011442,6.679431,0.006225,-0.010711,-2.174293,-0.091717,2.176227,42|43|44|45|46|47,0.5613
6817.450356,-0.311155,-7.857343,-0.011630,6.686702,0.005712,-0.010818,-2.178454,-0.088408,2.180247,42|43|44|45|46|47,0.5604
6817.467022,-0.311154,-7.857343,-0.011629,6.693988,0.005260,-0.010802,-2.185740,-0.087955,2.187509,42|43|44|45|46|47,0.5605
6817.483689,-0.306108,-7.877984,-0.013362,6.701260,0.004844,-0.010787,-2.181793,-0.084801,2.183440,42|43|44|45|46|47,0.5619
6817.500356,-0.311272,-7.887010,-0.013049,6.701260,0.004844,-0.010787,-2.176889,-0.087610,2.178651,42|43|44|45|46|47,0.5619
6817.517022,-0.316142,-7.896026,-0.012650,6.715263,0.006440,-0.010748,-2.185993,-0.091855,2.187922,42|43|44|45|46|47,0.5611
6817.550356,-0.291610,-7.912118,-0.011786,6.729524,0.006518,-0.010830,-2.191502,-0.078604,2.192912,42|43|44|45|46|47,0.5619
6817.567022,-0.283363,-7.922631,-0.011684,6.729524,0.006518,-0.010830,-2.185787,-0.074124,2.187044,42|43|44|45|46|47,0.5622
6817.583689,-0.289043,-7.931915,-0.011899,6.736716,0.006054,-0.010885,-2.187934,-0.076748,2.189280,42|43|44|45|46|47,0.5627
6817.617022,-0.289046,-7.931918,-0.011905,6.758247,0.006531,-0.011346,-2.209464,-0.077227,2.210814,42|43|44|45|46|47,0.5627
6817.633689,-0.287769,-7.956436,-0.012073,6.758247,0.006531,-0.011346,-2.196139,-0.076538,2.197472,42|43|44|45|46|47,0.5618
6817.667022,-0.294124,-7.976887,-0.011875,6.779398,0.004301,-0.011274,-2.206176,-0.077767,2.207547,42|43|44|45|46|47,0.5626
6817.683689,-0.294121,-7.976887,-0.011873,6.785946,0.004380,-0.011293,-2.212724,-0.077844,2.214093,42|43|44|45|46|47,0.5621
6817.700356,-0.304289,-7.987932,-0.011630,6.785946,0.004380,-0.011293,-2.206724,-0.083373,2.208298,42|43|44|45|46|47|48|49,0.5609
6817.717022,-0.310856,-7.997816,-0.013429,6.793113,0.005457,-0.011139,-2.208521,-0.088021,2.210274,42|43|44|45|46|47|48|49,0.5618
6817.733689,-0.294414,-8.008129,-0.013498,6.807486,0.005645,-0.010921,-2.217286,-0.079275,2.218702,42|43|44|45|46|47|48|49,0.5504
6817.750356,-0.295694,-8.008972,-0.015193,6.814627,0.005386,-0.010906,-2.223969,-0.079712,2.225397,44|45|46|47|48|49,0.5617
6817.767022,-0.292374,-8.030428,-0.014859,6.814627,0.005386,-0.010906,-2.212307,-0.077912,2.213679,44|45|46|47|48|49,0.5623
6817.783689,-0.295023,-8.039895,-0.014517,6.821768,0.005137,-0.010905,-2.214304,-0.079105,2.215716,44|45|46|47|48|49,0.5632
6817.800356,-0.297595,-8.049034,-0.013920,6.836175,0.006354,-0.010909,-2.223744,-0.081722,2.225245,44|45|46|47|48|49,0.5629
6817.817022,-0.297595,-8.049034,-0.013920,6.843426,0.005768,-0.010905,-2.230995,-0.081136,2.232470,44|45|46|47|48|49,0.5637
6817.833689,-0.278085,-8.066681,-0.014257,6.843426,0.005768,-0.010905,-2.221401,-0.070537,2.222520,44|45|46|47|48|49,0.5637
6817.867022,-0.294589,-8.084489,-0.014480,6.857772,0.004464,-0.010915,-2.226071,-0.078206,2.227445,44|45|46|47|48|49,0.5639
6817.883689,-0.302629,-8.093232,-0.014551,6.871860,0.005231,-0.010911,-2.235410,-0.083345,2.236963,44|45|46|47|48|49,0.5637
6817.900356,-0.302630,-8.093233,-0.014551,6.878979,0.005510,-0.010921,-2.242528,-0.083624,2.244087,44|45|46|47|48|49,0.5644
6817.917022,-0.299757,-8.099270,-0.014669,6.885936,0.004927,-0.011107,-2.246203,-0.081481,2.247680,44|45|46|47|48|49,0.5640
6817.950356,-0.289470,-8.109732,-0.014244,6.900031,0.003796,-0.011119,-2.254611,-0.074762,2.255850,44|45|46|47|48|49,0.5632
6817.967022,-0.292258,-8.128189,-0.014963,6.907198,0.004268,-0.011123,-2.251747,-0.076753,2.253055,44|45|46|47|48|49,0.5630
6817.983689,-0.299908,-8.136851,-0.015161,6.907198,0.004268,-0.011123,-2.247041,-0.080912,2.248497,44|45|46|47|48|49,0.5621
6818.000356,-0.298480,-8.153773,-0.014781,6.914454,0.004640,-0.010933,-2.245101,-0.080512,2.246544,44|45|46|47|48|49,0.5620
6818.017022,-0.292930,-8.163810,-0.014210,6.921562,0.003863,-0.010707,-2.246752,-0.076721,2.248061,44|45|46|47|48|49,0.5621
6818.033689,-0.292930,-8.163811,-0.014213,6.935170,0.002555,-0.010694,-2.260360,-0.075412,2.261617,44|45|46|47|48|49,0.5613
6818.050356,-0.303683,-8.172784,-0.013670,6.941882,0.003148,-0.010677,-2.262197,-0.081852,2.263678,44|45|46|47|48|49,0.5614
6818.067022,-0.320161,-8.185572,-0.013166,6.941882,0.003148,-0.010677,-2.255250,-0.090810,2.257078,44|45|46|47|48|49,0.5618
6818.100356,-0.301173,-8.205712,-0.013808,6.962031,0.004210,-0.010673,-2.264450,-0.081556,2.265918,44|45|46|47|48|49,0.5637
6818.117022,-0.292412,-8.215445,-0.013890,6.968730,0.003360,-0.010713,-2.265858,-0.075948,2.267130,44|45|46|47|48|49,0.5615
6818.133689,-0.294090,-8.223261,-0.013889,6.975613,0.002496,-0.010601,-2.268493,-0.075997,2.269766,44|45|46|47|48|49,0.5628
6818.150356,-0.294090,-8.223260,-0.013889,6.982451,0.002622,-0.010958,-2.275332,-0.076122,2.276605,44|45|46|47|48|49,0.5629
6818.167022,-0.316964,-8.239675,-0.014414,6.982451,0.002622,-0.010958,-2.266415,-0.088558,2.268145,44|45|46|47|48|49,0.5625
6818.200356,-0.316964,-8.239676,-0.014412,7.003935,0.002077,-0.011095,-2.287899,-0.088013,2.289591,44|45|46|47|48|49,0.5635
6818.217022,-0.308914,-8.267163,-0.013369,7.010977,0.001413,-0.010993,-2.280001,-0.082980,2.281510,44|45|46|47|48|49|50,0.5603
6818.233689,-0.308924,-8.267215,-0.013342,7.017780,0.001587,-0.010891,-2.286776,-0.083159,2.288287,44|45|46|47|48|49|50,0.5656
6818.250356,-0.317653,-8.275870,-0.013029,7.024967,0.002166,-0.010855,-2.289260,-0.088484,2.290969,44|45|46|47|48|49|50,0.5602
6818.283689,-0.313468,-8.301159,-0.013438,7.032048,0.002655,-0.010866,-2.282596,-0.086705,2.284242,45|46|47|48|49|50,0.5632
6818.300356,-0.306193,-8.311530,-0.013982,7.039193,0.001951,-0.010907,-2.284103,-0.082049,2.285577,45|46|47|48|49|50,0.5622
6818.317022,-0.315463,-8.320155,-0.014374,7.046323,0.001231,-0.010893,-2.286548,-0.086368,2.288179,45|46|47|48|49|50,0.5622
6818.333689,-0.324820,-8.328785,-0.014282,7.053399,0.000636,-0.010916,-2.288935,-0.090861,2.290738,45|46|47|48|49|50,0.5615
6818.367022,-0.322686,-8.342509,-0.014071,7.067702,0.001945,-0.011063,-2.295780,-0.091013,2.297583,45|46|47|48|49|50,0.5635
6818.417022,-0.319713,-8.374348,-0.014730,7.089488,0.000920,-0.011103,-2.300261,-0.088379,2.301958,45|46|47|48|49|50,0.5634
6818.433689,-0.319713,-8.374348,-0.014730,7.103503,0.002010,-0.011260,-2.314276,-0.089469,2.316005,45|46|47|48|49|50,0.5624
6818.450356,-0.318921,-8.388833,-0.014339,7.110637,0.002684,-0.011253,-2.313537,-0.089716,2.315276,45|46|47|48|49|50,0.5626
6818.467022,-0.304405,-8.399691,-0.013959,7.117676,0.001868,-0.011419,-2.314672,-0.081013,2.316089,45|46|47|48|49|50,0.5615
6818.483689,-0.295034,-8.410282,-0.013341,7.117676,0.001868,-0.011419,-2.308914,-0.075922,2.310162,45|46|47|48|49|50,0.5609
6818.500356,-0.305530,-8.418915,-0.014351,7.131743,0.000194,-0.011502,-2.318292,-0.079955,2.319670,45|46|47|48|49|50,0.5615
6818.517022,-0.316390,-8.427268,-0.014083,7.131743,0.000194,-0.011502,-2.313755,-0.085859,2.315347,45|46|47|48|49|50,0.5616
6818.533689,-0.316389,-8.427269,-0.014081,7.145698,0.001046,-0.011501,-2.327708,-0.086710,2.329323,45|46|47|48|49|50,0.5604
6818.550356,-0.324990,-8.442087,-0.012328,7.145698,0.001046,-0.011501,-2.319657,-0.091388,2.321456,45|46|47|48|49|50,0.5628
6818.567022,-0.313292,-8.452397,-0.015254,7.159996,0.000412,-0.011452,-2.328350,-0.084399,2.329879,45|46|47|48|49|50,0.5645
6818.583689,-0.312155,-8.462491,-0.012967,7.159996,0.000412,-0.011452,-2.322864,-0.083783,2.324374,45|46|47|48|49|50,0.5643
6818.600356,-0.318985,-8.471488,-0.014084,7.174033,0.000198,-0.011627,-2.332012,-0.087282,2.333645,45|46|47|48|49|50,0.5630
6818.650356,-0.306063,-8.496149,-0.013971,7.188203,0.001830,-0.011582,-2.332777,-0.081897,2.334214,45|46|47|48|49|50,0.5628
6818.667022,-0.306064,-8.496148,-0.013969,7.202405,0.001009,-0.011638,-2.346979,-0.081077,2.348379,45|46|47|48|49|50,0.5618
6818.683689,-0.296236,-8.515773,-0.013628,7.202405,0.001009,-0.011638,-2.336311,-0.075740,2.337539,45|46|47|48|49|50,0.5623
6818.700356,-0.303881,-8.524467,-0.014421,7.209523,0.000513,-0.011659,-2.338706,-0.079401,2.340054,45|46|47|48|49|50,0.5612
6818.717022,-0.309615,-8.530847,-0.014680,7.216689,0.000952,-0.012046,-2.342406,-0.082958,2.343874,45|46|47|48|49|50,0.5615
6818.733689,-0.309615,-8.530846,-0.014680,7.231034,0.001034,-0.012027,-2.356752,-0.083040,2.358214,45|46|47|48|49|50,0.5622
6818.750356,-0.301298,-8.541245,-0.014566,7.237925,0.000168,-0.012027,-2.357989,-0.077655,2.359268,45|46|47|48|49|50|51|52,0.5619
6818.767022,-0.290553,-8.551429,-0.015517,7.237925,0.000168,-0.012027,-2.352452,-0.071818,2.353548,45|46|47|48|49|50|51|52,0.5539
6818.800356,-0.321308,-8.579034,-0.015388,7.251457,-0.000851,-0.012029,-2.350988,-0.087520,2.352617,47|48|49|50|51|52,0.5625
6818.817022,-0.321953,-8.581833,-0.015516,7.258534,0.000041,-0.011791,-2.356544,-0.088762,2.358215,47|48|49|50|51|52,0.5632
6818.833689,-0.308182,-8.592536,-0.015643,7.272713,0.000717,-0.011624,-2.364903,-0.081957,2.366322,47|48|49|50|51|52,0.5634
6818.850356,-0.294965,-8.603545,-0.014555,7.279685,0.000269,-0.011613,-2.365888,-0.074328,2.367056,47|48|49|50|51|52,0.5632
6818.867022,-0.294965,-8.603545,-0.014554,7.286670,-0.000152,-0.011613,-2.372874,-0.073907,2.374024,47|48|49|50|51|52,0.5636
6818.883689,-0.303434,-8.622915,-0.013522,7.286670,-0.000152,-0.011613,-2.362348,-0.078514,2.363653,47|48|49|50|51|52,0.5634
6818.900356,-0.308247,-8.631361,-0.012839,7.293637,0.000025,-0.011599,-2.364727,-0.081308,2.366124,47|48|49|50|51|52,0.5641
6818.917022,-0.304046,-8.637121,-0.012183,7.308257,0.000973,-0.011339,-2.376215,-0.079975,2.377560,47|48|49|50|51|52,0.5645
6818.933689,-0.292412,-8.648241,-0.012977,7.315349,0.000144,-0.011350,-2.377262,-0.072826,2.378377,47|48|49|50|51|52,0.5632
6818.950356,-0.288686,-8.658719,-0.013065,7.322498,-0.000704,-0.011357,-2.378714,-0.069955,2.379743,47|48|49|50|51|52,0.5621
6818.967022,-0.299593,-8.667492,-0.012360,7.322498,-0.000704,-0.011357,-2.373949,-0.075885,2.375161,47|48|49|50|51|52,0.5630
6818.983689,-0.299593,-8.667492,-0.012361,7.336517,-0.000293,-0.011170,-2.387969,-0.076295,2.389187,47|48|49|50|51|52,0.5632
6819.000356,-0.310707,-8.676104,-0.012765,7.343477,0.000058,-0.011094,-2.390251,-0.082688,2.391681,47|48|49|50|51|52,0.5640
6819.033689,-0.296151,-8.702628,-0.013563,7.350403,-0.000062,-0.011141,-2.382758,-0.074663,2.383927,47|48|49|50|51|52,0.5633
6819.050356,-0.296151,-8.702627,-0.013563,7.364468,-0.001577,-0.011166,-2.396824,-0.073149,2.397940,47|48|49|50|51|52,0.5638
6819.067022,-0.308087,-8.719916,-0.015767,7.364468,-0.001577,-0.011166,-2.387430,-0.079639,2.388758,47|48|49|50|51|52,0.5631
6819.083689,-0.316938,-8.726606,-0.015375,7.371697,-0.001310,-0.011270,-2.391025,-0.084718,2.392525,47|48|49|50|51|52,0.5623
6819.100356,-0.316938,-8.726606,-0.015374,7.379076,-0.001000,-0.011256,-2.398403,-0.085027,2.399910,47|48|49|50|51|52,0.5613
6819.117022,-0.306721,-8.746981,-0.015728,7.393213,-0.002031,-0.011045,-2.401465,-0.078449,2.402746,47|48|49|50|51|52,0.5601
6819.133689,-0.305710,-8.756630,-0.015260,7.393213,-0.002031,-0.011045,-2.396221,-0.077901,2.397487,47|48|49|50|51|52,0.5594
6819.150356,-0.305710,-8.756630,-0.015257,7.406570,-0.002242,-0.011102,-2.409578,-0.077690,2.410830,47|48|49|50|51|52,0.5612
6819.183689,-0.319402,-8.764778,-0.012763,7.420085,-0.001573,-0.010998,-2.418668,-0.085802,2.420189,47|48|49|50|51|52,0.5640
6819.200356,-0.313879,-8.788574,-0.013783,7.426838,-0.001298,-0.011054,-2.412487,-0.083081,2.413917,47|48|49|50|51|52,0.5643
6819.217022,-0.313880,-8.788573,-0.013784,7.433595,-0.001681,-0.010987,-2.419244,-0.082698,2.420657,47|48|49|50|51|52,0.5631
6819.233689,-0.308484,-8.797931,-0.013345,7.440436,-0.002698,-0.010944,-2.420998,-0.078750,2.422279,47|48|49|50|51|52,0.5619
6819.250356,-0.309450,-8.816132,-0.012208,7.440436,-0.002698,-0.010944,-2.411106,-0.079279,2.412409,47|48|49|50|51|52|53,0.5545
6819.267022,-0.309479,-8.816225,-0.012148,7.454183,-0.002419,-0.011107,-2.424803,-0.079575,2.426108,47|48|49|50|51|52|53,0.5629
6819.283689,-0.321112,-8.827963,-0.013391,7.454183,-0.002419,-0.011107,-2.418426,-0.085900,2.419951,47|48|49|50|51|52|53,0.5636
6819.300356,-0.315797,-8.838635,-0.014673,7.461333,-0.002176,-0.011115,-2.419775,-0.083256,2.421207,47|48|49|50|51|52|53,0.5534
6819.333689,-0.319677,-8.859031,-0.013823,7.475458,-0.003697,-0.011071,-2.422816,-0.083848,2.424266,48|49|50|51|52|53,0.5621
6819.350356,-0.330933,-8.866771,-0.013289,7.489343,-0.003464,-0.010875,-2.432497,-0.090200,2.434169,48|49|50|51|52|53,0.5634
6819.367022,-0.330932,-8.866771,-0.013287,7.496395,-0.003209,-0.010890,-2.439549,-0.090455,2.441226,48|49|50|51|52|53,0.5645
6819.383689,-0.324913,-8.883437,-0.013328,7.496395,-0.003209,-0.010890,-2.430490,-0.087187,2.432054,48|49|50|51|52|53,0.5637
6819.417022,-0.324914,-8.883438,-0.013330,7.517380,-0.004651,-0.011072,-2.451475,-0.085745,2.452974,48|49|50|51|52|53,0.5632
6819.433689,-0.329047,-8.911631,-0.013293,7.524352,-0.004316,-0.011148,-2.443126,-0.088333,2.444722,48|49|50|51|52|53,0.5635
6819.450356,-0.329047,-8.911632,-0.013296,7.531650,-0.003778,-0.011136,-2.450422,-0.088871,2.452034,48|49|50|51|52|53,0.5641
6819.467022,-0.333041,-8.924352,-0.013778,7.531650,-0.003778,-0.011136,-2.443510,-0.091044,2.445206,48|49|50|51|52|53,0.5642
6819.483689,-0.333041,-8.924350,-0.013777,7.546040,-0.004008,-0.011149,-2.457902,-0.090814,2.459579,48|49|50|51|52|53,0.5645
6819.500356,-0.324326,-8.936554,-0.013621,7.553184,-0.004689,-0.011144,-2.458411,-0.085400,2.459894,48|49|50|51|52|53,0.5627
6819.517022,-0.317205,-8.947826,-0.013935,7.559911,-0.004586,-0.011289,-2.459011,-0.081634,2.460366,48|49|50|51|52|53,0.5625
6819.533689,-0.334517,-8.966358,-0.013662,7.559911,-0.004586,-0.011289,-2.448943,-0.091047,2.450635,48|49|50|51|52|53,0.5632
6819.583689,-0.312227,-8.991083,-0.012978,7.581124,-0.002888,-0.011272,-2.456713,-0.080636,2.458036,48|49|50|51|52|53,0.5620
6819.600356,-0.303992,-9.000955,-0.013092,7.588171,-0.004026,-0.011272,-2.458393,-0.075025,2.459537,48|49|50|51|52|53,0.5607
6819.617022,-0.318989,-9.009207,-0.012350,7.601761,-0.005217,-0.011454,-2.467501,-0.081987,2.468863,48|49|50|51|52|53,0.5607
6819.633689,-0.318989,-9.009208,-0.012350,7.608885,-0.004821,-0.011446,-2.474625,-0.082383,2.475996,48|49|50|51|52|53,0.5611
6819.667022,-0.334021,-9.017389,-0.012791,7.615996,-0.004495,-0.011445,-2.477294,-0.090880,2.478960,48|49|50|51|52|53,0.5619
6819.683689,-0.320730,-9.043521,-0.013167,7.622986,-0.004614,-0.011451,-2.470078,-0.083543,2.471491,48|49|50|51|52|53,0.5611
6819.700356,-0.321554,-9.052791,-0.013310,7.630013,-0.005393,-0.011393,-2.472068,-0.083214,2.473468,48|49|50|51|52|53,0.5608
6819.717022,-0.321554,-9.052791,-0.013309,7.644157,-0.004784,-0.011480,-2.486211,-0.083823,2.487624,48|49|50|51|52|53,0.5622
6819.733689,-0.328355,-9.064889,-0.012774,7.651309,-0.004351,-0.011480,-2.486790,-0.087956,2.488345,48|49|50|51|52|53,0.5634
6819.750356,-0.320808,-9.076708,-0.013253,7.658209,-0.004020,-0.011430,-2.487265,-0.084188,2.488689,48|49|50|51|52|53,0.5637
6819.767022,-0.313444,-9.087542,-0.013018,7.658209,-0.004020,-0.011430,-2.481375,-0.080188,2.482670,48|49|50|51|52|53,0.5628
6819.783689,-0.307878,-9.097838,-0.012894,7.665040,-0.004082,-0.011428,-2.482609,-0.077102,2.483806,48|49|50|51|52|53|54|55,0.5593
6819.800356,-0.307883,-9.097847,-0.012887,7.678845,-0.004564,-0.011384,-2.496409,-0.076623,2.497585,48|49|50|51|52|53|54|55,0.5615
6819.817022,-0.316451,-9.110182,-0.012547,7.678845,-0.004564,-0.011384,-2.489708,-0.081283,2.491034,48|49|50|51|52|53|54|55,0.5562
6819.833689,-0.316677,-9.110913,-0.012927,7.693457,-0.004124,-0.011302,-2.503922,-0.081846,2.505259,50|51|52|53|54|55,0.5638
6819.850356,-0.312047,-9.119689,-0.012571,7.700371,-0.004357,-0.011185,-2.506066,-0.079098,2.507314,50|51|52|53|54|55,0.5619
6819.867022,-0.303630,-9.142368,-0.012560,7.700371,-0.004357,-0.011185,-2.493738,-0.074529,2.494852,50|51|52|53|54|55,0.5615
6819.883689,-0.306273,-9.150751,-0.013006,7.707197,-0.005615,-0.011178,-2.496009,-0.074709,2.497127,50|51|52|53|54|55,0.5615
6819.900356,-0.306272,-9.150752,-0.013008,7.721045,-0.005397,-0.011155,-2.509857,-0.074926,2.510975,50|51|52|53|54|55,0.5615
6819.917022,-0.323176,-9.159049,-0.013313,7.728074,-0.004876,-0.010955,-2.512380,-0.084636,2.513805,50|51|52|53|54|55,0.5633
6819.933689,-0.325326,-9.160829,-0.013639,7.734917,-0.004518,-0.010877,-2.518255,-0.086163,2.519729,50|51|52|53|54|55,0.5639
6819.950356,-0.317864,-9.172254,-0.013534,7.741772,-0.004535,-0.010814,-2.518900,-0.082094,2.520237,50|51|52|53|54|55,0.5645
6819.967022,-0.309865,-9.183708,-0.012805,7.748698,-0.005339,-0.010768,-2.519599,-0.076944,2.520774,50|51|52|53|54|55,0.5648
6819.983689,-0.303997,-9.193294,-0.012730,7.748698,-0.005339,-0.010768,-2.514388,-0.073757,2.515469,50|51|52|53|54|55,0.5635
6820.000356,-0.304075,-9.202296,-0.012530,7.763089,-0.005149,-0.010728,-2.523886,-0.073991,2.524971,50|51|52|53|54|55,0.5635
6820.017022,-0.314348,-9.210580,-0.013265,7.770458,-0.004953,-0.010705,-2.526755,-0.079772,2.528014,50|51|52|53|54|55,0.5637
6820.033689,-0.308767,-9.227860,-0.013574,7.770458,-0.004953,-0.010705,-2.517363,-0.076743,2.518532,50|51|52|53|54|55,0.5626
6820.050356,-0.308767,-9.227860,-0.013574,7.777719,-0.004803,-0.010694,-2.524625,-0.076894,2.525796,50|51|52|53|54|55,0.5618
6820.067022,-0.301918,-9.248360,-0.013259,7.784678,-0.005326,-0.010575,-2.520441,-0.072653,2.521488,50|51|52|53|54|55,0.5614
6820.083689,-0.301919,-9.248359,-0.013261,7.798738,-0.005626,-0.010598,-2.534501,-0.072353,2.535533,50|51|52|53|54|55,0.5616
6820.100356,-0.308957,-9.264741,-0.012929,7.805783,-0.005743,-0.010597,-2.532645,-0.076064,2.533787,50|51|52|53|54|55,0.5633
6820.117022,-0.308957,-9.264740,-0.012929,7.805783,-0.005743,-0.010597,-2.532645,-0.076064,2.533787,50|51|52|53|54|55,0.5645
6820.133689,-0.310417,-9.273128,-0.012340,7.812612,-0.005861,-0.010561,-2.534916,-0.076742,2.536078,50|51|52|53|54|55,0.5636
6820.167022,-0.312498,-9.301226,-0.012840,7.826532,-0.006367,-0.010421,-2.533565,-0.077372,2.534746,50|51|52|53|54|55,0.5617
6820.183689,-0.312498,-9.301227,-0.012839,7.841004,-0.006684,-0.010361,-2.548037,-0.077055,2.549202,50|51|52|53|54|55,0.5619
6820.200356,-0.316854,-9.307983,-0.012937,7.848223,-0.006795,-0.010367,-2.551585,-0.079313,2.552817,50|51|52|53|54|55,0.5627
6820.233689,-0.319193,-9.316102,-0.013390,7.861962,-0.006823,-0.010401,-2.560912,-0.080558,2.562178,50|51|52|53|54|55,0.5610
6820.250356,-0.320513,-9.335562,-0.013145,7.868840,-0.007004,-0.010424,-2.557214,-0.081099,2.558500,50|51|52|53|54|55,0.5592
6820.267022,-0.319116,-9.348903,-0.012898,7.868840,-0.007004,-0.010424,-2.549963,-0.080343,2.551229,50|51|52|53|54|55,0.5615
6820.300356,-0.321021,-9.369278,-0.012627,7.882753,-0.007229,-0.010325,-2.552804,-0.081158,2.554093,50|51|52|53|54|55|56,0.5549
6820.317022,-0.321891,-9.378816,-0.012201,7.896652,-0.007564,-0.010418,-2.561519,-0.081298,2.562809,50|51|52|53|54|55|56,0.5619
6820.333689,-0.323115,-9.387556,-0.011807,7.896652,-0.007564,-0.010418,-2.556769,-0.081964,2.558083,50|51|52|53|54|55|56,0.5574
6820.350356,-0.323288,-9.388059,-0.012035,7.903445,-0.007399,-0.010371,-2.563289,-0.082223,2.564607,51|52|53|54|55|56,0.5600
6820.400356,-0.324823,-9.396983,-0.012607,7.924108,-0.007705,-0.010135,-2.579102,-0.082753,2.580429,51|52|53|54|55|56,0.5634
6820.417022,-0.323469,-9.430789,-0.011859,7.938195,-0.007907,-0.010116,-2.574816,-0.081823,2.576116,51|52|53|54|55|56,0.5630
6820.450356,-0.323469,-9.430791,-0.011860,7.952347,-0.008419,-0.010130,-2.588967,-0.081311,2.590243,51|52|53|54|55|56,0.5631
6820.467022,-0.324708,-9.446097,-0.012166,7.952347,-0.008419,-0.010130,-2.580649,-0.081988,2.581951,51|52|53|54|55|56,0.5644
6820.483689,-0.330135,-9.464851,-0.012716,7.966104,-0.008892,-0.010025,-2.584215,-0.084469,2.585595,51|52|53|54|55|56,0.5646
6820.500356,-0.330135,-9.464851,-0.012717,7.972943,-0.009173,-0.010008,-2.591053,-0.084188,2.592421,51|52|53|54|55|56,0.5652
6820.517022,-0.332266,-9.475019,-0.012403,7.979611,-0.009017,-0.010047,-2.592196,-0.085503,2.593605,51|52|53|54|55|56,0.5652
6820.533689,-0.338274,-9.494324,-0.011792,7.979611,-0.009017,-0.010047,-2.581705,-0.088773,2.583231,51|52|53|54|55|56,0.5645
6820.550356,-0.335168,-9.496664,-0.012546,7.993888,-0.009048,-0.010057,-2.594710,-0.087055,2.596170,51|52|53|54|55|56,0.5644
6820.567022,-0.335593,-9.505666,-0.012591,7.993888,-0.009048,-0.010057,-2.589818,-0.087288,2.591288,51|52|53|54|55|56,0.5647
6820.583689,-0.335593,-9.505662,-0.012593,8.008159,-0.009061,-0.010115,-2.604091,-0.087274,2.605553,51|52|53|54|55|56,0.5632
6820.600356,-0.332992,-9.526810,-0.013261,8.015215,-0.009296,-0.010059,-2.599653,-0.085631,2.601063,51|52|53|54|55|56,0.5646
6820.617022,-0.332509,-9.536317,-0.013001,8.015215,-0.009296,-0.010059,-2.594486,-0.085370,2.595891,51|52|53|54|55|56,0.5637
6820.633689,-0.334886,-9.543833,-0.013325,8.029277,-0.009358,-0.010060,-2.604464,-0.086602,2.605903,51|52|53|54|55|56,0.5623
6820.650356,-0.334885,-9.543833,-0.013323,8.036335,-0.009273,-0.010068,-2.611522,-0.086687,2.612960,51|52|53|54|55|56,0.5643
6820.667022,-0.336523,-9.550052,-0.012899,8.043364,-0.009231,-0.010106,-2.615172,-0.087619,2.616639,51|52|53|54|55|56,0.5640
6820.683689,-0.333903,-9.560995,-0.013156,8.050397,-0.009216,-0.010136,-2.616256,-0.086213,2.617676,51|52|53|54|55|56,0.5643
6820.700356,-0.332079,-9.571261,-0.012101,8.057183,-0.009187,-0.010140,-2.617463,-0.085254,2.618851,51|52|53|54|55|56,0.5634
6820.717022,-0.329523,-9.591031,-0.011263,8.057183,-0.009187,-0.010140,-2.606717,-0.083869,2.608066,51|52|53|54|55|56,0.5619
6820.733689,-0.327893,-9.596403,-0.011046,8.071147,-0.009674,-0.010114,-2.617762,-0.082496,2.619061,51|52|53|54|55|56,0.5612
6820.750356,-0.330574,-9.605136,-0.011450,8.071147,-0.009674,-0.010114,-2.613016,-0.083955,2.614364,51|52|53|54|55|56,0.5616
6820.767022,-0.330574,-9.605135,-0.011450,8.085264,-0.009989,-0.010023,-2.627134,-0.083641,2.628465,51|52|53|54|55|56,0.5610
6820.783689,-0.334433,-9.623177,-0.011643,8.085264,-0.009989,-0.010023,-2.617329,-0.085742,2.618733,51|52|53|54|55|56,0.5610
6820.800356,-0.334433,-9.623177,-0.011642,8.099156,-0.009312,-0.009582,-2.631221,-0.086419,2.632640,51|52|53|54|55|56,0.5621
6820.817022,-0.335154,-9.631727,-0.010998,8.106328,-0.009354,-0.009576,-2.633746,-0.086771,2.635175,51|52|53|54|55|56,0.5624
6820.833689,-0.331921,-9.636508,-0.010553,8.106328,-0.009354,-0.009576,-2.631147,-0.085015,2.632520,51|52|53|54|55|56,0.5614
6820.850356,-0.324746,-9.647047,-0.010880,8.120358,-0.009586,-0.009580,-2.639448,-0.080886,2.640687,51|52|53|54|55|56|57|58,0.5617
6820.867022,-0.324799,-9.667303,-0.011184,8.127225,-0.009754,-0.009412,-2.635307,-0.080751,2.636543,51|52|53|54|55|56|57|58,0.5512
6820.883689,-0.326168,-9.677872,-0.010873,8.127225,-0.009754,-0.009412,-2.629563,-0.081497,2.630825,53|54|55|56|57|58,0.5637
6820.900356,-0.327399,-9.687149,-0.010707,8.133891,-0.009271,-0.009271,-2.631187,-0.082651,2.632485,53|54|55|56|57|58,0.5621
6820.917022,-0.327399,-9.687151,-0.010710,8.141113,-0.008698,-0.009097,-2.638407,-0.083224,2.639720,53|54|55|56|57|58,0.5622
6820.933689,-0.311107,-9.702720,-0.010647,8.148184,-0.009000,-0.009089,-2.637014,-0.074071,2.638054,53|54|55|56|57|58,0.5621
6820.967022,-0.311107,-9.702720,-0.010647,8.169147,-0.009546,-0.009146,-2.657977,-0.073525,2.658994,53|54|55|56|57|58,0.5621
6820.983689,-0.317471,-9.721633,-0.010656,8.169147,-0.009546,-0.009146,-2.647699,-0.076987,2.648818,53|54|55|56|57|58,0.5608
6821.000356,-0.320132,-9.736604,-0.010500,8.175697,-0.009331,-0.008823,-2.646113,-0.078652,2.647282,53|54|55|56|57|58,0.5599
6821.017022,-0.317259,-9.741165,-0.010547,8.189744,-0.009332,-0.008635,-2.657682,-0.077091,2.658799,53|54|55|56|57|58,0.5617
6821.050356,-0.316122,-9.762478,-0.010086,8.203604,-0.009524,-0.008480,-2.659958,-0.076285,2.661052,53|54|55|56|57|58,0.5628
6821.067022,-0.316537,-9.772660,-0.010585,8.210440,-0.009476,-0.008301,-2.661261,-0.076561,2.662362,53|54|55|56|57|58,0.5633
6821.083689,-0.316538,-9.772660,-0.010585,8.217260,-0.009213,-0.007864,-2.668080,-0.076825,2.669186,53|54|55|56|57|58,0.5629
6821.100356,-0.317319,-9.781749,-0.011044,8.224479,-0.009395,-0.007629,-2.670360,-0.077069,2.671472,53|54|55|56|57|58,0.5621
6821.117022,-0.312049,-9.795695,-0.010849,8.231648,-0.009607,-0.007546,-2.669948,-0.073996,2.670973,53|54|55|56|57|58,0.5631
6821.133689,-0.314194,-9.806786,-0.010717,8.238836,-0.009838,-0.007524,-2.671109,-0.074933,2.672160,53|54|55|56|57|58,0.5628
6821.150356,-0.316600,-9.816248,-0.011036,8.245907,-0.009860,-0.007436,-2.673038,-0.076220,2.674124,53|54|55|56|57|58,0.5633
6821.167022,-0.319193,-9.825396,-0.010909,8.245907,-0.009860,-0.007436,-2.668066,-0.077632,2.669196,53|54|55|56|57|58,0.5628
6821.183689,-0.319193,-9.825397,-0.010910,8.260021,-0.009251,-0.007514,-2.682181,-0.078241,2.683322,53|54|55|56|57|58,0.5628
6821.200356,-0.304743,-9.840365,-0.010972,8.266970,-0.009727,-0.007524,-2.680992,-0.069915,2.681903,53|54|55|56|57|58,0.5618
6821.217022,-0.304744,-9.840363,-0.010970,8.273944,-0.010235,-0.007564,-2.687967,-0.069408,2.688863,53|54|55|56|57|58,0.5616
6821.233689,-0.308464,-9.850939,-0.010922,8.281071,-0.010763,-0.007539,-2.689347,-0.070903,2.690281,53|54|55|56|57|58,0.5623
6821.250356,-0.321052,-9.868371,-0.010750,8.281071,-0.010763,-0.007539,-2.679876,-0.077748,2.681003,53|54|55|56|57|58,0.5626
6821.267022,-0.328097,-9.877694,-0.010209,8.288053,-0.010711,-0.007337,-2.681793,-0.081632,2.683035,53|54|55|56|57|58,0.5614
6821.283689,-0.326213,-9.884440,-0.010268,8.295362,-0.010051,-0.007074,-2.685434,-0.081269,2.686663,53|54|55|56|57|58,0.5614
6821.300356,-0.316005,-9.896011,-0.010098,8.302406,-0.010435,-0.006585,-2.686188,-0.075340,2.687244,53|54|55|56|57|58,0.5605
6821.317022,-0.322085,-9.904591,-0.009258,8.309488,-0.010942,-0.006577,-2.688608,-0.078139,2.689743,53|54|55|56|57|58,0.5619
6821.333689,-0.328885,-9.913670,-0.009296,8.316453,-0.011377,-0.006601,-2.690640,-0.081401,2.691871,53|54|55|56|57|58,0.5622
6821.350356,-0.328885,-9.913669,-0.009297,8.329831,-0.010116,-0.007158,-2.704019,-0.082662,2.705282,53|54|55|56|57|58,0.5612
6821.367022,-0.326482,-9.926208,-0.009991,8.329831,-0.010116,-0.007158,-2.697204,-0.081359,2.698430,53|54|55|56|57|58|59,0.5610
6821.417022,-0.323303,-9.956323,-0.009994,8.350222,-0.011383,-0.007249,-2.701227,-0.078371,2.702364,54|55|56|57|58|59,0.5642
6821.433689,-0.330590,-9.964606,-0.010529,8.357051,-0.011972,-0.007197,-2.703556,-0.081745,2.704791,54|55|56|57|58|59,0.5638
6821.450356,-0.338395,-9.973264,-0.010449,8.363776,-0.012117,-0.007276,-2.705576,-0.085843,2.706938,54|55|56|57|58|59,0.5634
6821.467022,-0.338396,-9.973264,-0.010450,8.370591,-0.011296,-0.007293,-2.712392,-0.086665,2.713777,54|55|56|57|58|59,0.5638
6821.483689,-0.339271,-9.977241,-0.010045,8.384059,-0.011118,-0.007304,-2.723699,-0.087319,2.725098,54|55|56|57|58|59,0.5622
6821.500356,-0.314333,-9.999514,-0.010228,8.390945,-0.011729,-0.007182,-2.718475,-0.073160,2.719459,54|55|56|57|58|59,0.5610
6821.550356,-0.334914,-10.019974,-0.010380,8.404909,-0.011494,-0.007049,-2.721324,-0.084585,2.722638,54|55|56|57|58|59,0.5635
6821.567022,-0.334914,-10.019974,-0.010380,8.419206,-0.011947,-0.007208,-2.735621,-0.084132,2.736914,54|55|56|57|58|59,0.5625
6821.583689,-0.322514,-10.042026,-0.009778,8.426249,-0.012631,-0.007207,-2.730676,-0.076713,2.731754,54|55|56|57|58|59,0.5615
6821.600356,-0.331768,-10.051661,-0.009914,8.426249,-0.012631,-0.007207,-2.725442,-0.081745,2.726668,54|55|56|57|58|59,0.5630
6821.633689,-0.350664,-10.070588,-0.009626,8.439760,-0.013082,-0.006976,-2.728670,-0.091567,2.730206,54|55|56|57|58|59,0.5617
6821.650356,-0.350663,-10.070590,-0.009629,8.454315,-0.011968,-0.006963,-2.743224,-0.092680,2.744789,54|55|56|57|58|59,0.5633
6821.667022,-0.333061,-10.083511,-0.009618,8.454315,-0.011968,-0.006963,-2.736197,-0.083116,2.737460,54|55|56|57|58|59,0.5627
6821.683689,-0.330136,-10.094542,-0.009887,8.461460,-0.012464,-0.006973,-2.737347,-0.081034,2.738546,54|55|56|57|58|59,0.5635
6821.700356,-0.336773,-10.103821,-0.010105,8.475433,-0.013188,-0.006914,-2.746279,-0.083919,2.747560,54|55|56|57|58|59,0.5647
6821.733689,-0.345546,-10.118431,-0.009775,8.482357,-0.012662,-0.007500,-2.745265,-0.089216,2.746714,54|55|56|57|58|59,0.5638
6821.750356,-0.335695,-10.127517,-0.010318,8.489584,-0.012474,-0.007530,-2.747551,-0.084053,2.748837,54|55|56|57|58|59,0.5633
6821.767022,-0.332960,-10.138870,-0.010266,8.496591,-0.012913,-0.007534,-2.748388,-0.082130,2.749615,54|55|56|57|58|59,0.5628
6821.783689,-0.338392,-10.148295,-0.010208,8.510618,-0.013781,-0.007449,-2.757293,-0.084215,2.758579,54|55|56|57|58|59,0.5629
6821.800356,-0.343612,-10.157612,-0.009639,8.517237,-0.013628,-0.007405,-2.758850,-0.087208,2.760228,54|55|56|57|58|59,0.5615
6821.817022,-0.348959,-10.166900,-0.009492,8.524263,-0.012607,-0.007326,-2.760830,-0.091137,2.762333,54|55|56|57|58|59,0.5606
6821.833689,-0.348959,-10.166900,-0.009493,8.531372,-0.012342,-0.007295,-2.767938,-0.091402,2.769447,54|55|56|57|58|59,0.5593
6821.850356,-0.330447,-10.180053,-0.009572,8.538434,-0.012970,-0.007252,-2.767848,-0.080715,2.769025,54|55|56|57|58|59,0.5591
6821.867022,-0.330448,-10.180053,-0.009571,8.545533,-0.013559,-0.007021,-2.774947,-0.080127,2.776103,54|55|56|57|58|59,0.5591
6821.883689,-0.334978,-10.200265,-0.010085,8.545533,-0.013559,-0.007021,-2.763963,-0.082594,2.765197,54|55|56|57|58|59|60|61,0.5601
6821.900356,-0.343024,-10.209190,-0.009319,8.552275,-0.013712,-0.006977,-2.765856,-0.086816,2.767218,54|55|56|57|58|59|60|61,0.5611
6821.917022,-0.344246,-10.212186,-0.009358,8.559539,-0.012890,-0.006969,-2.771492,-0.088302,2.772898,54|55|56|57|58|59|60|61,0.5598
6821.933689,-0.344444,-10.212795,-0.009862,8.573796,-0.012365,-0.007010,-2.785418,-0.088934,2.786838,56|57|58|59|60|61,0.5624
6821.950356,-0.331974,-10.224086,-0.009909,8.580832,-0.012944,-0.007021,-2.786315,-0.081581,2.787510,56|57|58|59|60|61,0.5619
6821.967022,-0.319833,-10.235858,-0.009946,8.587887,-0.013546,-0.007015,-2.786970,-0.074383,2.787962,56|57|58|59|60|61,0.5625
6821.983689,-0.331176,-10.254201,-0.010080,8.587887,-0.013546,-0.007015,-2.777004,-0.080552,2.778172,56|57|58|59|60|61,0.5629
6822.000356,-0.331176,-10.254201,-0.010077,8.594772,-0.013329,-0.006970,-2.783888,-0.080769,2.785060,56|57|58|59|60|61,0.5631
6822.017022,-0.335004,-10.268289,-0.009963,8.601953,-0.012568,-0.006627,-2.783413,-0.083613,2.784669,56|57|58|59|60|61,0.5638
6822.033689,-0.323394,-10.279700,-0.009110,8.609008,-0.011912,-0.006486,-2.784265,-0.077962,2.785356,56|57|58|59|60|61,0.5637
6822.050356,-0.323394,-10.279700,-0.009111,8.622857,-0.013033,-0.006520,-2.798113,-0.076841,2.799168,56|57|58|59|60|61,0.5632
6822.067022,-0.313625,-10.290046,-0.009227,8.629680,-0.013419,-0.006537,-2.799311,-0.071148,2.800215,56|57|58|59|60|61,0.5629
6822.100356,-0.333507,-10.310444,-0.009376,8.643932,-0.011712,-0.006491,-2.802482,-0.083665,2.803730,56|57|58|59|60|61,0.5627
6822.117022,-0.333508,-10.310445,-0.009375,8.650985,-0.011849,-0.006426,-2.809534,-0.083529,2.810775,56|57|58|59|60|61,0.5645
6822.133689,-0.307835,-10.330321,-0.009308,8.650985,-0.011849,-0.006426,-2.798726,-0.069581,2.799591,56|57|58|59|60|61,0.5630
6822.150356,-0.307835,-10.330321,-0.009308,8.657794,-0.012459,-0.006442,-2.805535,-0.068970,2.806383,56|57|58|59|60|61,0.5631
6822.167022,-0.317773,-10.350984,-0.009672,8.671610,-0.013312,-0.006443,-2.808124,-0.073523,2.809086,56|57|58|59|60|61,0.5636
6822.200356,-0.328640,-10.363493,-0.009561,8.678782,-0.012750,-0.006177,-2.808499,-0.079993,2.809638,56|57|58|59|60|61,0.5636
6822.217022,-0.328640,-10.363494,-0.009560,8.692978,-0.012615,-0.005625,-2.822696,-0.080128,2.823833,56|57|58|59|60|61,0.5631
6822.233689,-0.311437,-10.385955,-0.009628,8.692978,-0.012615,-0.005625,-2.810485,-0.070783,2.811376,56|57|58|59|60|61,0.5629
6822.250356,-0.317544,-10.394391,-0.009459,8.700066,-0.013287,-0.005530,-2.812989,-0.073432,2.813947,56|57|58|59|60|61,0.5641
6822.267022,-0.317543,-10.394393,-0.009458,8.707014,-0.013617,-0.005535,-2.819936,-0.073103,2.820884,56|57|58|59|60|61,0.5630
6822.283689,-0.330852,-10.407488,-0.009673,8.721306,-0.012465,-0.005468,-2.827114,-0.081490,2.828288,56|57|58|59|60|61,0.5632
6822.300356,-0.330852,-10.407485,-0.009673,8.728327,-0.012124,-0.005364,-2.834137,-0.081831,2.835318,56|57|58|59|60|61,0.5623
6822.317022,-0.321872,-10.418835,-0.009312,8.735265,-0.013062,-0.005445,-2.834904,-0.076015,2.835923,56|57|58|59|60|61,0.5621
6822.333689,-0.313408,-10.429761,-0.008710,8.742392,-0.014036,-0.005425,-2.836092,-0.070444,2.836967,56|57|58|59|60|61,0.5616
6822.350356,-0.321599,-10.447353,-0.008764,8.749490,-0.014115,-0.005377,-2.833631,-0.074820,2.834618,56|57|58|59|60|61,0.5619
6822.367022,-0.334816,-10.456032,-0.008786,8.756925,-0.013891,-0.005374,-2.836351,-0.082229,2.837543,56|57|58|59|60|61,0.5616
6822.417022,-0.328493,-10.484138,-0.008591,8.770953,-0.013765,-0.005100,-2.835103,-0.078925,2.836201,56|57|58|59|60|61|62,0.5615
6822.433689,-0.328658,-10.492047,-0.008566,8.777564,-0.014439,-0.005081,-2.837415,-0.078342,2.838497,56|57|58|59|60|61|62,0.5574
6822.467022,-0.328732,-10.492360,-0.008833,8.798181,-0.013533,-0.006110,-2.857862,-0.079289,2.858962,57|58|59|60|61|62,0.5625
6822.483689,-0.333773,-10.502998,-0.008928,8.798181,-0.013533,-0.006110,-2.852081,-0.082030,2.853261,57|58|59|60|61|62,0.5629
6822.500356,-0.327117,-10.515441,-0.009085,8.805133,-0.013205,-0.006112,-2.852270,-0.078743,2.853357,57|58|59|60|61|62,0.5620
6822.517022,-0.316048,-10.535690,-0.009169,8.811951,-0.014026,-0.005742,-2.848081,-0.071911,2.848988,57|58|59|60|61|62,0.5609
6822.533689,-0.316049,-10.535690,-0.009167,8.825458,-0.015317,-0.005668,-2.861588,-0.070620,2.862459,57|58|59|60|61|62,0.5616
6822.550356,-0.343279,-10.551615,-0.008942,8.825458,-0.015317,-0.005668,-2.852939,-0.085423,2.854218,57|58|59|60|61|62,0.5621
6822.583689,-0.343280,-10.551615,-0.008944,8.839554,-0.014509,-0.005550,-2.867035,-0.086231,2.868331,57|58|59|60|61|62,0.5625
6822.600356,-0.333330,-10.578236,-0.009855,8.846618,-0.014175,-0.005517,-2.859629,-0.081164,2.860780,57|58|59|60|61|62,0.5619
6822.617022,-0.328128,-10.587872,-0.009543,8.860285,-0.014679,-0.005282,-2.868058,-0.077835,2.869114,57|58|59|60|61|62,0.5612
6822.633689,-0.328692,-10.595775,-0.008818,8.860285,-0.014679,-0.005282,-2.863762,-0.078143,2.864828,57|58|59|60|61|62,0.5599
6822.650356,-0.334572,-10.599551,-0.009021,8.874566,-0.014407,-0.005143,-2.875993,-0.081611,2.877151,57|58|59|60|61|62,0.5610
6822.667022,-0.331900,-10.610893,-0.008636,8.874566,-0.014407,-0.005143,-2.869829,-0.080162,2.870948,57|58|59|60|61|62,0.5628
6822.683689,-0.329856,-10.621763,-0.008376,8.881636,-0.014379,-0.005230,-2.870990,-0.079081,2.872079,57|58|59|60|61|62,0.5622
6822.700356,-0.329064,-10.631780,-0.008326,8.888569,-0.014856,-0.005264,-2.872479,-0.078176,2.873542,57|58|59|60|61|62,0.5629
6822.717022,-0.329064,-10.631780,-0.008327,8.902277,-0.016072,-0.005450,-2.886187,-0.076960,2.887213,57|58|59|60|61|62,0.5625
6822.733689,-0.335692,-10.639246,-0.008132,8.902277,-0.016072,-0.005450,-2.882131,-0.080564,2.883257,57|58|59|60|61|62,0.5628
6822.750356,-0.350375,-10.647190,-0.008271,8.916512,-0.015276,-0.005262,-2.892051,-0.089342,2.893431,57|58|59|60|61|62,0.5639
6822.767023,-0.351040,-10.650253,-0.008320,8.923587,-0.014975,-0.005309,-2.897463,-0.090004,2.898860,57|58|59|60|61|62,0.5646
6822.783689,-0.339142,-10.673799,-0.008922,8.930506,-0.015488,-0.005335,-2.891581,-0.083030,2.892773,57|58|59|60|61|62,0.5633
6822.800356,-0.339142,-10.673798,-0.008921,8.937259,-0.016121,-0.005373,-2.898335,-0.082397,2.899506,57|58|59|60|61|62,0.5619
6822.817023,-0.341780,-10.691379,-0.008632,8.937259,-0.016121,-0.005373,-2.888781,-0.083835,2.889997,57|58|59|60|61|62,0.5622
6822.833689,-0.350212,-10.695155,-0.008010,8.944289,-0.015869,-0.005501,-2.893760,-0.088670,2.895119,57|58|59|60|61|62,0.5635
6822.850356,-0.350211,-10.695155,-0.008009,8.958492,-0.015403,-0.005516,-2.907964,-0.089135,2.909330,57|58|59|60|61|62,0.5636
6822.867023,-0.341266,-10.717599,-0.008143,8.965438,-0.015834,-0.005501,-2.902709,-0.083848,2.903920,57|58|59|60|61|62,0.5628
6822.883689,-0.337936,-10.727604,-0.007835,8.972445,-0.016730,-0.005472,-2.904279,-0.081145,2.905412,57|58|59|60|61|62,0.5620
6822.917023,-0.337936,-10.727604,-0.007833,8.979125,-0.016913,-0.005532,-2.910958,-0.080962,2.912084,57|58|59|60|61|62,0.5620
6822.933689,-0.357380,-10.748253,-0.008886,8.986239,-0.016342,-0.005434,-2.906854,-0.092105,2.908313,57|58|59|60|61|62|63|64,0.5514
6822.950356,-0.349113,-10.759200,-0.008705,9.000516,-0.015273,-0.005343,-2.915180,-0.088683,2.916529,57|58|59|60|61|62|63|64,0.5610
6822.967023,-0.340798,-10.769320,-0.008595,9.007549,-0.015673,-0.005206,-2.916712,-0.083766,2.917914,57|58|59|60|61|62|63|64,0.5511
6822.983689,-0.340726,-10.770369,-0.008720,9.014465,-0.015795,-0.005108,-2.923057,-0.083605,2.924252,59|60|61|62|63|64,0.5618
6823.000356,-0.338563,-10.788213,-0.008962,9.014465,-0.015795,-0.005108,-2.913359,-0.082433,2.914525,59|60|61|62|63|64,0.5627
6823.017023,-0.339582,-10.794527,-0.008380,9.021449,-0.015742,-0.005063,-2.916912,-0.083042,2.918093,59|60|61|62|63|64,0.5644
6823.033689,-0.339584,-10.794526,-0.008379,9.035850,-0.015289,-0.005114,-2.931313,-0.083496,2.932502,59|60|61|62|63|64,0.5648
6823.050356,-0.334350,-10.814333,-0.008946,9.042991,-0.015131,-0.005119,-2.927689,-0.080814,2.928804,59|60|61|62|63|64,0.5641
6823.067023,-0.331331,-10.824663,-0.008999,9.049926,-0.015811,-0.005111,-2.929009,-0.078495,2.930061,59|60|61|62|63|64,0.5630
6823.083689,-0.328577,-10.834435,-0.008726,9.049926,-0.015811,-0.005111,-2.923697,-0.077000,2.924711,59|60|61|62|63|64,0.5619
6823.100356,-0.328576,-10.834435,-0.008727,9.064287,-0.015772,-0.005091,-2.938058,-0.077038,2.939068,59|60|61|62|63|64,0.5619
6823.117023,-0.337795,-10.841242,-0.008479,9.071577,-0.015613,-0.005034,-2.941651,-0.082209,2.942800,59|60|61|62|63|64,0.5635
6823.150356,-0.337233,-10.849466,-0.008408,9.085541,-0.015534,-0.004904,-2.951145,-0.081985,2.952284,59|60|61|62|63|64,0.5631
6823.167023,-0.332430,-10.879623,-0.008731,9.085541,-0.015534,-0.004904,-2.934755,-0.079381,2.935828,59|60|61|62|63|64,0.5618
6823.183689,-0.331432,-10.890239,-0.007938,9.091928,-0.015698,-0.004864,-2.935372,-0.078678,2.936426,59|60|61|62|63|64,0.5607
6823.217023,-0.331428,-10.890238,-0.007938,9.113598,-0.014420,-0.004929,-2.957042,-0.079953,2.958122,59|60|61|62|63|64,0.5623
6823.233689,-0.320540,-10.910137,-0.007248,9.113598,-0.014420,-0.004929,-2.946225,-0.074039,2.947155,59|60|61|62|63|64,0.5626
6823.250356,-0.320541,-10.910137,-0.007246,9.127566,-0.014966,-0.004878,-2.960193,-0.073495,2.961105,59|60|61|62|63|64,0.5630
6823.267023,-0.313640,-10.921370,-0.007550,9.127566,-0.014966,-0.004878,-2.954087,-0.069747,2.954910,59|60|61|62|63|64,0.5614
6823.283689,-0.308407,-10.931913,-0.008233,9.141780,-0.015456,-0.004624,-2.962570,-0.066414,2.963314,59|60|61|62|63|64,0.5620
6823.300356,-0.328390,-10.943384,-0.008097,9.141780,-0.015456,-0.004624,-2.956340,-0.077277,2.957350,59|60|61|62|63|64,0.5624
6823.317023,-0.328389,-10.943384,-0.008096,9.149186,-0.015439,-0.004618,-2.963746,-0.077294,2.964754,59|60|61|62|63|64,0.5636
6823.333689,-0.326138,-10.955437,-0.008212,9.156228,-0.015490,-0.004462,-2.964237,-0.076022,2.965212,59|60|61|62|63|64,0.5633
6823.350356,-0.325482,-10.966688,-0.007992,9.163309,-0.015563,-0.004179,-2.965203,-0.075595,2.966167,59|60|61|62|63|64,0.5622
6823.367023,-0.325829,-10.985045,-0.007443,9.169718,-0.015788,-0.003744,-2.961635,-0.075563,2.962599,59|60|61|62|63|64,0.5611
6823.383689,-0.329709,-10.987132,-0.006993,9.176862,-0.015614,-0.003422,-2.967646,-0.077846,2.968666,59|60|61|62|63|64,0.5624
6823.400356,-0.327463,-10.998664,-0.006672,9.184015,-0.015509,-0.003293,-2.968531,-0.076732,2.969522,59|60|61|62|63|64,0.5638
6823.417023,-0.327464,-10.998664,-0.006673,9.197969,-0.015445,-0.003318,-2.982485,-0.076797,2.983474,59|60|61|62|63|64,0.5638
6823.433689,-0.325511,-11.019094,-0.006853,9.197969,-0.015445,-0.003318,-2.971382,-0.075740,2.972347,59|60|61|62|63|64,0.5643
6823.450356,-0.325510,-11.019094,-0.006853,9.212106,-0.016081,-0.003246,-2.985518,-0.075104,2.986463,59|60|61|62|63|64,0.5639
6823.467023,-0.324858,-11.028746,-0.006854,9.212106,-0.016081,-0.003246,-2.980273,-0.074751,2.981210,59|60|61|62|63|64|65,0.5614
6823.483689,-0.328249,-11.034922,-0.006808,9.219363,-0.016373,-0.003256,-2.984174,-0.076304,2.985149,59|60|61|62|63|64|65,0.5572
6823.500356,-0.336564,-11.053650,-0.006597,9.226597,-0.016580,-0.003267,-2.981231,-0.080620,2.982321,60|61|62|63|64|65,0.5631
6823.533689,-0.342683,-11.072791,-0.006646,9.246915,-0.016115,-0.003340,-2.991148,-0.084415,2.992339,60|61|62|63|64|65,0.5618
6823.550356,-0.338068,-11.074194,-0.006784,9.254068,-0.016079,-0.003357,-2.997537,-0.081943,2.998657,60|61|62|63|64|65,0.5619
6823.567023,-0.331054,-11.083848,-0.006862,9.254068,-0.016079,-0.003357,-2.992289,-0.078133,2.993309,60|61|62|63|64|65,0.5617
6823.583689,-0.330037,-11.095179,-0.006767,9.261223,-0.016072,-0.003378,-2.993286,-0.077590,2.994292,60|61|62|63|64|65,0.5624
6823.600356,-0.329732,-11.106010,-0.006876,9.275463,-0.016167,-0.003495,-3.001639,-0.077331,3.002635,60|61|62|63|64|65,0.5612
6823.617023,-0.329732,-11.106010,-0.006876,9.282293,-0.016651,-0.003513,-3.008469,-0.076847,3.009451,60|61|62|63|64|65,0.5610
6823.650356,-0.337299,-11.131501,-0.007069,9.295862,-0.017011,-0.003479,-3.008186,-0.080605,3.009266,60|61|62|63|64|65,0.5588
6823.683689,-0.342346,-11.147636,-0.006226,9.302854,-0.017027,-0.003414,-3.006410,-0.083336,3.007565,60|61|62|63|64|65,0.5603
6823.700356,-0.342347,-11.147636,-0.006226,9.316968,-0.017016,-0.003243,-3.020524,-0.083347,3.021673,60|61|62|63|64|65,0.5598
6823.717023,-0.342483,-11.158254,-0.006410,9.316968,-0.017016,-0.003243,-3.014753,-0.083423,3.015907,60|61|62|63|64|65,0.5587
6823.733689,-0.342557,-11.167726,-0.006498,9.330889,-0.016079,-0.003251,-3.023527,-0.084402,3.024705,60|61|62|63|64|65,0.5581
6823.750356,-0.330499,-11.179969,-0.006535,9.330889,-0.016079,-0.003251,-3.016870,-0.077852,3.017875,60|61|62|63|64|65,0.5600
6823.767023,-0.330497,-11.179970,-0.006536,9.337819,-0.016435,-0.003249,-3.023800,-0.077494,3.024793,60|61|62|63|64|65,0.5602
6823.783689,-0.332661,-11.201733,-0.006317,9.344763,-0.016734,-0.003213,-3.018916,-0.078377,3.019934,60|61|62|63|64|65,0.5617
6823.800356,-0.332661,-11.201734,-0.006318,9.351855,-0.017021,-0.003254,-3.026008,-0.078089,3.027016,60|61|62|63|64|65,0.5610
6823.817023,-0.336403,-11.210851,-0.006468,9.358826,-0.017068,-0.003243,-3.028025,-0.080078,3.029084,60|61|62|63|64|65,0.5593
6823.833689,-0.340502,-11.220503,-0.006564,9.372968,-0.017423,-0.003223,-3.036923,-0.081954,3.038028,60|61|62|63|64|65,0.5595
6823.850356,-0.345641,-11.232295,-0.006483,9.379978,-0.017460,-0.003196,-3.037524,-0.084712,3.038705,60|61|62|63|64|65,0.5620
6823.867023,-0.345470,-11.243695,-0.006632,9.379978,-0.017460,-0.003196,-3.031329,-0.084621,3.032510,60|61|62|63|64|65,0.5621
6823.883689,-0.345818,-11.254510,-0.006479,9.386756,-0.017592,-0.003132,-3.032229,-0.084681,3.033411,60|61|62|63|64|65,0.5614
6823.900356,-0.347546,-11.264915,-0.006357,9.393576,-0.017720,-0.003105,-3.033395,-0.085494,3.034599,60|61|62|63|64|65,0.5616
6823.917023,-0.348684,-11.274547,-0.006576,9.400135,-0.017353,-0.003095,-3.034719,-0.086481,3.035951,60|61|62|63|64|65,0.5606
6823.933689,-0.343551,-11.275573,-0.006785,9.414310,-0.017618,-0.003089,-3.048335,-0.083427,3.049477,60|61|62|63|64|65,0.5613
6823.950356,-0.343550,-11.275573,-0.006785,9.421338,-0.017795,-0.003088,-3.055363,-0.083250,3.056497,60|61|62|63|64|65,0.5618
6823.967023,-0.346633,-11.298815,-0.007040,9.421338,-0.017795,-0.003088,-3.042732,-0.084930,3.043917,60|61|62|63|64|65|66|67,0.5492
6823.983689,-0.349303,-11.307789,-0.006683,9.435437,-0.018356,-0.003214,-3.051955,-0.085822,3.053162,60|61|62|63|64|65|66|67,0.5615
6824.000356,-0.349301,-11.307795,-0.006689,9.435437,-0.018356,-0.003214,-3.051952,-0.085821,3.053158,60|61|62|63|64|65|66|67,0.5560
6824.033689,-0.358566,-11.328219,-0.007287,9.449089,-0.018331,-0.003180,-3.054505,-0.090886,3.055857,62|63|64|65|66|67,0.5628
6824.050356,-0.358566,-11.328221,-0.007285,9.463404,-0.017956,-0.003057,-3.068820,-0.091261,3.070176,62|63|64|65|66|67,0.5634
6824.067023,-0.355514,-11.340055,-0.007362,9.470478,-0.017569,-0.003031,-3.069461,-0.089992,3.070780,62|63|64|65|66|67,0.5635
6824.083689,-0.349819,-11.360887,-0.007216,9.470478,-0.017569,-0.003031,-3.058139,-0.086902,3.059373,62|63|64|65|66|67,0.5625
6824.100356,-0.343959,-11.366933,-0.007411,9.477227,-0.016700,-0.002971,-3.061601,-0.084586,3.062769,62|63|64|65|66|67,0.5616
6824.117023,-0.331796,-11.371129,-0.007193,9.491607,-0.017010,-0.002997,-3.073698,-0.077668,3.074679,62|63|64|65|66|67,0.5620
6824.133689,-0.331797,-11.371129,-0.007194,9.498653,-0.017211,-0.003049,-3.080744,-0.077466,3.081718,62|63|64|65|66|67,0.5630
6824.150356,-0.335921,-11.394128,-0.006397,9.505700,-0.017416,-0.003096,-3.075291,-0.079509,3.076319,62|63|64|65|66|67,0.5629
6824.167023,-0.335922,-11.394129,-0.006397,9.512612,-0.017316,-0.003059,-3.082204,-0.079609,3.083231,62|63|64|65|66|67,0.5630
6824.183689,-0.338517,-11.404029,-0.006204,9.519633,-0.016922,-0.002801,-3.083845,-0.081415,3.084919,62|63|64|65|66|67,0.5626
6824.200356,-0.341000,-11.413695,-0.006278,9.526941,-0.017099,-0.002740,-3.085900,-0.082590,3.087005,62|63|64|65|66|67,0.5620
6824.217023,-0.334176,-11.426692,-0.006426,9.526941,-0.017099,-0.002740,-3.078835,-0.078884,3.079845,62|63|64|65|66|67,0.5625
6824.233689,-0.336831,-11.438059,-0.006604,9.534246,-0.017355,-0.002709,-3.079963,-0.080073,3.081003,62|63|64|65|66|67,0.5627
6824.250356,-0.340108,-11.448565,-0.006719,9.541544,-0.017621,-0.002679,-3.081551,-0.081591,3.082631,62|63|64|65|66|67,0.5619
6824.283689,-0.346177,-11.468066,-0.006533,9.554754,-0.017101,-0.002307,-3.084165,-0.085414,3.085347,62|63|64|65|66|67,0.5601
6824.300356,-0.335597,-11.465900,-0.006530,9.569194,-0.016000,-0.002197,-3.099779,-0.080764,3.100831,62|63|64|65|66|67,0.5621
6824.317023,-0.335597,-11.465900,-0.006528,9.569194,-0.016000,-0.002197,-3.099779,-0.080764,3.100831,62|63|64|65|66|67,0.5622
6824.333689,-0.322543,-11.479435,-0.006458,9.583420,-0.015981,-0.002270,-3.106646,-0.073691,3.107520,62|63|64|65|66|67,0.5629
6824.350356,-0.320547,-11.500605,-0.006450,9.583420,-0.015981,-0.002270,-3.095141,-0.072611,3.095992,62|63|64|65|66|67,0.5619
6824.367023,-0.319627,-11.511086,-0.006293,9.597356,-0.015800,-0.001779,-3.103380,-0.072294,3.104222,62|63|64|65|66|67,0.5623
6824.383689,-0.319627,-11.511088,-0.006297,9.604358,-0.016176,-0.001527,-3.110381,-0.071918,3.111212,62|63|64|65|66|67,0.5606
6824.400356,-0.317282,-11.525883,-0.005770,9.604358,-0.016176,-0.001527,-3.102340,-0.070647,3.103144,62|63|64|65|66|67,0.5615
6824.417023,-0.322988,-11.534902,-0.005597,9.618816,-0.016752,-0.001440,-3.111897,-0.073174,3.112757,62|63|64|65|66|67,0.5613
6824.433689,-0.326894,-11.544806,-0.005874,9.618816,-0.016752,-0.001440,-3.106515,-0.075299,3.107428,62|63|64|65|66|67,0.5612
6824.450356,-0.326893,-11.544807,-0.005876,9.632614,-0.016520,-0.001056,-3.120313,-0.075531,3.121227,62|63|64|65|66|67,0.5617
6824.467023,-0.334678,-11.562771,-0.005580,9.639789,-0.016207,-0.000853,-3.117727,-0.080078,3.118755,62|63|64|65|66|67,0.5606
6824.483689,-0.327013,-11.567557,-0.004855,9.646831,-0.016504,-0.000773,-3.122166,-0.075616,3.123082,62|63|64|65|66|67,0.5616
6824.500356,-0.327013,-11.567557,-0.004854,9.646831,-0.016504,-0.000773,-3.122166,-0.075617,3.123082,62|63|64|65|66|67,0.5619
6824.533689,-0.331962,-11.598114,-0.004264,9.667857,-0.017111,-0.000727,-3.126586,-0.077706,3.127551,62|63|64|65|66|67|68,0.5579
6824.550356,-0.336049,-11.607487,-0.004356,9.675069,-0.016309,-0.000666,-3.128705,-0.080731,3.129747,63|64|65|66|67|68,0.5621
6824.567023,-0.336594,-11.613783,-0.004804,9.675069,-0.016309,-0.000666,-3.125284,-0.081029,3.126334,63|64|65|66|67|68,0.5619
6824.583689,-0.336594,-11.613782,-0.004803,9.689385,-0.017229,-0.000043,-3.139599,-0.080109,3.140621,63|64|65|66|67|68,0.5605
6824.600356,-0.332434,-11.632788,-0.005229,9.696502,-0.017792,-0.000087,-3.136386,-0.077289,3.137339,63|64|65|66|67|68,0.5609
6824.617023,-0.340123,-11.641962,-0.005037,9.696502,-0.017792,-0.000087,-3.131402,-0.081470,3.132462,63|64|65|66|67|68,0.5608
6824.633689,-0.340124,-11.641964,-0.005039,9.703169,-0.017797,-0.000185,-3.138068,-0.081465,3.139126,63|64|65|66|67|68,0.5606
6824.650356,-0.347557,-11.653659,-0.005063,9.709916,-0.016974,-0.000394,-3.138461,-0.086331,3.139648,63|64|65|66|67|68,0.5615
6824.667023,-0.347558,-11.653658,-0.005063,9.716907,-0.016171,-0.000462,-3.145452,-0.087134,3.146659,63|64|65|66|67|68,0.5611
6824.700356,-0.329931,-11.685883,-0.006781,9.738096,-0.017316,-0.000508,-3.149124,-0.076416,3.150051,63|64|65|66|67|68,0.5615
6824.717023,-0.334975,-11.695227,-0.006512,9.738096,-0.017316,-0.000508,-3.144047,-0.079159,3.145043,63|64|65|66|67|68,0.5611
6824.733689,-0.334976,-11.695226,-0.006511,9.751746,-0.016853,-0.000794,-3.157698,-0.079623,3.158701,63|64|65|66|67|68,0.5597
6824.750356,-0.340405,-11.704304,-0.006652,9.758735,-0.016934,-0.000746,-3.159754,-0.082494,3.160831,63|64|65|66|67|68,0.5601
6824.767023,-0.332233,-11.717080,-0.006196,9.758735,-0.016934,-0.000746,-3.152809,-0.078056,3.153775,63|64|65|66|67|68,0.5611
6824.783689,-0.334281,-11.728537,-0.005675,9.772652,-0.017764,-0.000728,-3.160500,-0.078342,3.161471,63|64|65|66|67|68,0.5614
6824.800356,-0.340279,-11.737589,-0.005525,9.779651,-0.018053,-0.000618,-3.162581,-0.081314,3.163626,63|64|65|66|67|68,0.5620
6824.817023,-0.346116,-11.746680,-0.005481,9.779651,-0.018053,-0.000618,-3.157641,-0.084489,3.158771,63|64|65|66|67|68,0.5619
6824.833689,-0.346115,-11.746678,-0.005480,9.793702,-0.016789,-0.000685,-3.171692,-0.085752,3.172851,63|64|65|66|67|68,0.5611
6824.850356,-0.343284,-11.760307,-0.005684,9.793702,-0.016789,-0.000685,-3.164285,-0.084217,3.165405,63|64|65|66|67|68,0.5625
6824.867023,-0.331729,-11.771843,-0.005708,9.800759,-0.016256,-0.000681,-3.165070,-0.078472,3.166043,63|64|65|66|67|68,0.5621
6824.900356,-0.334400,-11.790019,-0.004928,9.814413,-0.017544,-0.000677,-3.168846,-0.078640,3.169822,63|64|65|66|67|68,0.5612
6824.950356,-0.340059,-11.810806,-0.004624,9.842926,-0.017560,-0.000827,-3.186063,-0.081704,3.187110,63|64|65|66|67|68,0.5614
6824.967023,-0.336135,-11.824854,-0.005131,9.842926,-0.017560,-0.000827,-3.178428,-0.079575,3.179424,63|64|65|66|67|68,0.5613
6824.983689,-0.336135,-11.824854,-0.005131,9.856997,-0.018492,-0.000644,-3.192499,-0.078643,3.193467,63|64|65|66|67|68,0.5621
6825.000356,-0.350787,-11.845324,-0.005057,9.863741,-0.018231,-0.000750,-3.188121,-0.086870,3.189304,63|64|65|66|67|68,0.5621
6825.017023,-0.355333,-11.853660,-0.005284,9.863741,-0.018231,-0.000750,-3.183591,-0.089343,3.184844,63|64|65|66|67|68|69|70,0.5551
6825.033689,-0.355322,-11.853692,-0.005305,9.877956,-0.017605,-0.000757,-3.197789,-0.089963,3.199055,63|64|65|66|67|68|69|70,0.5638
6825.050356,-0.350959,-11.857656,-0.005618,9.885016,-0.018126,-0.000789,-3.202693,-0.087071,3.203877,63|64|65|66|67|68|69|70,0.5546
6825.067023,-0.343294,-11.879508,-0.005577,9.885016,-0.018126,-0.000789,-3.190815,-0.082911,3.191892,65|66|67|68|69|70,0.5658
6825.083689,-0.350997,-11.888530,-0.004973,9.892096,-0.018654,-0.000792,-3.192995,-0.086571,3.194168,65|66|67|68|69|70,0.5645
6825.100356,-0.350997,-11.888529,-0.004975,9.905778,-0.018569,-0.001079,-3.206677,-0.086656,3.207847,65|66|67|68|69|70,0.5632
6825.117023,-0.358476,-11.897492,-0.005205,9.913127,-0.018402,-0.001061,-3.209157,-0.090890,3.210443,65|66|67|68|69|70,0.5628
6825.133689,-0.355763,-11.910122,-0.006089,9.920327,-0.018643,-0.000997,-3.209491,-0.089177,3.210730,65|66|67|68|69|70,0.5631
6825.150356,-0.355762,-11.910122,-0.006089,9.920327,-0.018643,-0.000997,-3.209491,-0.089177,3.210730,65|66|67|68|69|70,0.5627
6825.167023,-0.353873,-11.923052,-0.006236,9.934527,-0.018708,-0.000907,-3.216664,-0.088087,3.217870,65|66|67|68|69|70,0.5637
6825.183689,-0.357157,-11.932959,-0.006227,9.941388,-0.017897,-0.001023,-3.218142,-0.090686,3.219419,65|66|67|68|69|70,0.5636
6825.200356,-0.359579,-11.942365,-0.005892,9.941388,-0.017897,-0.001023,-3.213031,-0.092004,3.214348,65|66|67|68|69|70,0.5634
6825.217023,-0.346493,-11.953227,-0.005988,9.948689,-0.016657,-0.001109,-3.214425,-0.086135,3.215579,65|66|67|68|69|70,0.5644
6825.233689,-0.328649,-11.965507,-0.006466,9.962818,-0.017313,-0.001117,-3.221876,-0.075784,3.222767,65|66|67|68|69|70,0.5630
6825.250356,-0.328649,-11.965508,-0.006464,9.962818,-0.017313,-0.001117,-3.221875,-0.075784,3.222767,65|66|67|68|69|70,0.5634
6825.267023,-0.329080,-11.976306,-0.006386,9.969831,-0.017881,-0.001146,-3.223020,-0.075452,3.223903,65|66|67|68|69|70,0.5628
6825.283689,-0.345987,-11.994292,-0.006111,9.976719,-0.018155,-0.001152,-3.220138,-0.084371,3.221243,65|66|67|68|69|70,0.5628
6825.300356,-0.345989,-11.994294,-0.006110,9.991185,-0.016802,-0.001244,-3.234602,-0.085724,3.235737,65|66|67|68|69|70,0.5623
6825.317023,-0.340072,-12.008098,-0.005864,9.991185,-0.016802,-0.001244,-3.227098,-0.082511,3.228153,65|66|67|68|69|70,0.5627
6825.333689,-0.340072,-12.008098,-0.005866,10.005217,-0.017957,-0.001248,-3.241131,-0.081356,3.242152,65|66|67|68|69|70,0.5623
6825.350356,-0.338535,-12.029814,-0.006166,10.005217,-0.017957,-0.001248,-3.229328,-0.080526,3.230332,65|66|67|68|69|70,0.5635
6825.367023,-0.346807,-12.038825,-0.005895,10.012202,-0.018492,-0.001260,-3.231417,-0.084488,3.232521,65|66|67|68|69|70,0.5634
6825.383689,-0.346806,-12.038827,-0.005894,10.018621,-0.018177,-0.001646,-3.237835,-0.084804,3.238946,65|66|67|68|69|70,0.5631
6825.400356,-0.348408,-12.047256,-0.006562,10.033002,-0.016035,-0.001644,-3.247636,-0.087817,3.248823,65|66|67|68|69|70,0.5647
6825.417023,-0.348408,-12.047252,-0.006564,10.033002,-0.016035,-0.001644,-3.247638,-0.087817,3.248825,65|66|67|68|69|70,0.5651
6825.433689,-0.318127,-12.073394,-0.006190,10.040179,-0.016427,-0.001669,-3.240601,-0.070974,3.241378,65|66|67|68|69|70,0.5644
6825.450356,-0.318127,-12.073393,-0.006188,10.054618,-0.016853,-0.001467,-3.255040,-0.070549,3.255804,65|66|67|68|69|70,0.5640
6825.467023,-0.323038,-12.083175,-0.006036,10.061471,-0.016440,-0.001444,-3.256578,-0.073632,3.257410,65|66|67|68|69|70,0.5630
6825.483689,-0.328136,-12.100071,-0.006398,10.068633,-0.015890,-0.001236,-3.254559,-0.076957,3.255469,65|66|67|68|69|70,0.5623
6825.517023,-0.328137,-12.100067,-0.006401,10.082530,-0.017170,-0.000796,-3.268457,-0.075677,3.269333,65|66|67|68|69|70,0.5626
6825.533689,-0.324191,-12.126905,-0.006519,10.089595,-0.017740,-0.000697,-3.260935,-0.072968,3.261752,65|66|67|68|69|70|71,0.5568
6825.550356,-0.324192,-12.126966,-0.006521,10.096483,-0.017534,-0.000878,-3.267791,-0.073175,3.268610,65|66|67|68|69|70|71,0.5631
6825.567023,-0.341116,-12.142211,-0.004981,10.103585,-0.016887,-0.000699,-3.266611,-0.083023,3.267666,65|66|67|68|69|70|71,0.5610
6825.583689,-0.337442,-12.147800,-0.005232,10.103585,-0.016887,-0.000699,-3.263573,-0.081028,3.264579,65|66|67|68|69|70|71,0.5551
6825.617023,-0.337542,-12.149141,-0.005132,10.124306,-0.017826,-0.000479,-3.283565,-0.080143,3.284543,66|67|68|69|70|71,0.5629
6825.633689,-0.333486,-12.179364,-0.005615,10.124306,-0.017826,-0.000479,-3.267139,-0.077945,3.268069,66|67|68|69|70|71,0.5633
6825.667023,-0.347623,-12.193537,-0.005633,10.138580,-0.017661,-0.000271,-3.273713,-0.085797,3.274837,66|67|68|69|70|71,0.5633
6825.733689,-0.347624,-12.193537,-0.005636,10.173162,-0.018055,-0.000550,-3.308295,-0.085403,3.309397,66|67|68|69|70|71,0.5610
6825.750356,-0.351114,-12.234488,-0.005814,10.173162,-0.018055,-0.000550,-3.286039,-0.087309,3.287199,66|67|68|69|70|71,0.5625
6825.767023,-0.351115,-12.234487,-0.005814,10.180057,-0.017553,-0.000605,-3.292935,-0.087811,3.294106,66|67|68|69|70|71,0.5628
6825.783689,-0.336487,-12.257651,-0.006529,10.194092,-0.017416,-0.000662,-3.294378,-0.080004,3.295350,66|67|68|69|70|71,0.5632
6825.800356,-0.330051,-12.268350,-0.005847,10.194092,-0.017416,-0.000662,-3.288563,-0.076509,3.289452,66|67|68|69|70|71,0.5627
6825.817023,-0.330053,-12.268350,-0.005846,10.208062,-0.018550,-0.000725,-3.302532,-0.075375,3.303392,66|67|68|69|70|71,0.5627
6825.833689,-0.335116,-12.275251,-0.005350,10.214825,-0.018167,-0.001061,-3.305545,-0.078512,3.306477,66|67|68|69|70|71,0.5630
6825.850356,-0.350875,-12.289071,-0.005580,10.214825,-0.018167,-0.001061,-3.298038,-0.087079,3.299187,66|67|68|69|70|71,0.5634
6825.867023,-0.344059,-12.297087,-0.005913,10.221882,-0.017472,-0.001146,-3.300738,-0.084071,3.301808,66|67|68|69|70|71,0.5623
6825.883689,-0.344059,-12.297086,-0.005914,10.235798,-0.018302,-0.001123,-3.314653,-0.083241,3.315698,66|67|68|69|70|71,0.5614
6825.900356,-0.336274,-12.318491,-0.005316,10.242681,-0.018822,-0.001033,-3.309902,-0.078495,3.310833,66|67|68|69|70|71,0.5616
6825.917023,-0.346325,-12.327166,-0.005489,10.249545,-0.018630,-0.001020,-3.312053,-0.084152,3.313122,66|67|68|69|70|71,0.5625
6825.933689,-0.346325,-12.327167,-0.005489,10.249545,-0.018630,-0.001020,-3.312053,-0.084152,3.313122,66|67|68|69|70|71,0.5621
6825.950356,-0.353483,-12.333033,-0.005478,10.263933,-0.017716,-0.001050,-3.323254,-0.088958,3.324445,66|67|68|69|70|71,0.5620
6825.967023,-0.343367,-12.352793,-0.005329,10.263933,-0.017716,-0.001050,-3.312513,-0.083464,3.313564,66|67|68|69|70|71,0.5616
6825.983689,-0.337665,-12.364233,-0.005682,10.271035,-0.017367,-0.001049,-3.313397,-0.080716,3.314380,66|67|68|69|70|71,0.5613
6826.000356,-0.337667,-12.364232,-0.005683,10.284255,-0.018696,-0.000863,-3.326616,-0.079388,3.327564,66|67|68|69|70|71,0.5597
6826.017023,-0.343944,-12.379748,-0.005391,10.284255,-0.018696,-0.000863,-3.318185,-0.082803,3.319218,66|67|68|69|70|71,0.5608
6826.033689,-0.343942,-12.379750,-0.005389,10.298658,-0.017861,-0.000911,-3.332587,-0.083637,3.333637,66|67|68|69|70|71,0.5626
6826.050356,-0.346482,-12.390958,-0.005393,10.298658,-0.017861,-0.000911,-3.326497,-0.085020,3.327583,66|67|68|69|70|71,0.5624
6826.083689,-0.346482,-12.390955,-0.005393,10.319944,-0.019117,-0.001006,-3.347784,-0.083764,3.348832,66|67|68|69|70|71,0.5633
6826.100356,-0.337949,-12.415209,-0.004586,10.326474,-0.019190,-0.001280,-3.341131,-0.079059,3.342066,66|67|68|69|70|71|72|73,0.5482
6826.117023,-0.348836,-12.424482,-0.004495,10.333653,-0.018728,-0.001267,-3.343273,-0.085439,3.344364,68|69|70|71|72|73,0.5641
6826.133689,-0.358507,-12.432640,-0.004534,10.340826,-0.018345,-0.001278,-3.346014,-0.091080,3.347254,68|69|70|71|72|73,0.5652
6826.150356,-0.351443,-12.450109,-0.004586,10.340826,-0.018345,-0.001278,-3.336519,-0.087244,3.337659,68|69|70|71|72|73,0.5642
6826.167023,-0.345755,-12.461427,-0.003866,10.354899,-0.019321,-0.001348,-3.344439,-0.083180,3.345473,68|69|70|71|72|73,0.5623
6826.183689,-0.348020,-12.468425,-0.003267,10.354899,-0.019321,-0.001348,-3.340637,-0.084412,3.341703,68|69|70|71|72|73,0.5632
6826.200356,-0.360441,-12.477751,-0.003691,10.361796,-0.019968,-0.001436,-3.342467,-0.090519,3.343693,68|69|70|71|72|73,0.5636
6826.217023,-0.360444,-12.477753,-0.003686,10.375938,-0.019153,-0.001746,-3.356609,-0.091334,3.357851,68|69|70|71|72|73,0.5641
6826.233689,-0.365223,-12.490221,-0.005013,10.375938,-0.019153,-0.001746,-3.349834,-0.093934,3.351150,68|69|70|71|72|73,0.5647
6826.250356,-0.356232,-12.503093,-0.004920,10.390453,-0.019623,-0.001658,-3.357351,-0.088581,3.358520,68|69|70|71|72|73,0.5623
6826.267023,-0.356233,-12.503094,-0.004918,10.390453,-0.019623,-0.001658,-3.357351,-0.088581,3.358519,68|69|70|71|72|73,0.5619
6826.283689,-0.362717,-12.522228,-0.005906,10.397353,-0.019804,-0.001655,-3.353853,-0.091929,3.355113,68|69|70|71|72|73,0.5624
6826.300356,-0.364934,-12.526884,-0.006512,10.404231,-0.019281,-0.001731,-3.358201,-0.093657,3.359507,68|69|70|71|72|73,0.5638
6826.317023,-0.357406,-12.532875,-0.006542,10.411522,-0.018348,-0.001766,-3.362235,-0.090501,3.363452,68|69|70|71|72|73,0.5650
6826.350356,-0.357407,-12.532875,-0.006543,10.432669,-0.018504,-0.001769,-3.383381,-0.090345,3.384587,68|69|70|71|72|73,0.5621
6826.367023,-0.333406,-12.566065,-0.006664,10.432669,-0.018504,-0.001769,-3.365338,-0.077308,3.366226,68|69|70|71|72|73,0.5625
6826.383689,-0.345945,-12.574726,-0.006791,10.439448,-0.019044,-0.001779,-3.367413,-0.083584,3.368450,68|69|70|71|72|73,0.5626
6826.400356,-0.353474,-12.578031,-0.007177,10.454050,-0.018171,-0.001832,-3.380220,-0.088550,3.381379,68|69|70|71|72|73,0.5632
6826.417023,-0.348060,-12.587967,-0.007352,10.454050,-0.018171,-0.001832,-3.374818,-0.085610,3.375904,68|69|70|71|72|73,0.5636
6826.433689,-0.348061,-12.587971,-0.007352,10.467961,-0.018500,-0.001538,-3.388727,-0.085282,3.389800,68|69|70|71|72|73,0.5632
6826.450356,-0.335793,-12.611922,-0.006534,10.474975,-0.019284,-0.001538,-3.382723,-0.077835,3.383618,68|69|70|71|72|73,0.5624
6826.467023,-0.346193,-12.618755,-0.006511,10.474975,-0.019284,-0.001538,-3.379011,-0.083489,3.380043,68|69|70|71|72|73,0.5632
6826.483689,-0.346192,-12.618755,-0.006512,10.481489,-0.019274,-0.002001,-3.385525,-0.083498,3.386555,68|69|70|71|72|73,0.5639
6826.500356,-0.354827,-12.626813,-0.007274,10.495861,-0.017541,-0.001993,-3.395519,-0.089925,3.396710,68|69|70|71|72|73,0.5647
6826.517023,-0.354827,-12.626812,-0.007272,10.502865,-0.016851,-0.001925,-3.402524,-0.090617,3.403731,68|69|70|71|72|73,0.5648
6826.567023,-0.326540,-12.671112,-0.005717,10.523597,-0.017681,-0.002019,-3.399174,-0.074422,3.399989,68|69|70|71|72|73,0.5628
6826.583689,-0.333028,-12.678650,-0.006033,10.523597,-0.017681,-0.002019,-3.395079,-0.077950,3.395974,68|69|70|71|72|73|74,0.5553
6826.600356,-0.330799,-12.684823,-0.005846,10.531038,-0.017185,-0.001930,-3.399164,-0.077236,3.400041,68|69|70|71|72|73|74,0.5646
6826.617023,-0.323421,-12.697392,-0.005518,10.538354,-0.016854,-0.001803,-3.399647,-0.073560,3.400443,68|69|70|71|72|73|74,0.5586
6826.633689,-0.323413,-12.698189,-0.005520,10.551877,-0.018452,-0.001435,-3.412737,-0.071958,3.413496,69|70|71|72|73|74,0.5615
6826.650356,-0.329503,-12.715275,-0.005813,10.558698,-0.018503,-0.001346,-3.410274,-0.075220,3.411103,69|70|71|72|73|74,0.5619
6826.667023,-0.329503,-12.715275,-0.005812,10.565981,-0.018196,-0.001236,-3.417557,-0.075528,3.418391,69|70|71|72|73|74,0.5630
6826.683689,-0.340995,-12.728091,-0.005444,10.572918,-0.018057,-0.001188,-3.417532,-0.081914,3.418513,69|70|71|72|73|74,0.5635
6826.700356,-0.336676,-12.741523,-0.005987,10.579846,-0.017966,-0.001176,-3.417158,-0.079662,3.418087,69|70|71|72|73|74,0.5646
6826.717023,-0.334848,-12.752522,-0.005652,10.579846,-0.017966,-0.001176,-3.411180,-0.078671,3.412088,69|70|71|72|73|74,0.5628
6826.733689,-0.334848,-12.752521,-0.005652,10.593451,-0.019185,-0.000823,-3.424786,-0.077451,3.425661,69|70|71|72|73|74,0.5629
6826.767023,-0.351382,-12.772209,-0.005686,10.600933,-0.018927,-0.000733,-3.421571,-0.086700,3.422669,69|70|71|72|73|74,0.5644
6826.783689,-0.351383,-12.772209,-0.005686,10.615643,-0.018679,-0.000717,-3.436282,-0.086947,3.437381,69|70|71|72|73|74,0.5634
6826.800356,-0.345856,-12.796516,-0.005781,10.622341,-0.018463,-0.000726,-3.429767,-0.084166,3.430800,69|70|71|72|73|74,0.5624
6826.817023,-0.345858,-12.796519,-0.005781,10.622341,-0.018463,-0.000726,-3.429765,-0.084166,3.430798,69|70|71|72|73|74,0.5606
6826.833689,-0.344311,-12.807414,-0.005516,10.636062,-0.018535,-0.000724,-3.437565,-0.083256,3.438573,69|70|71|72|73|74,0.5612
6826.850356,-0.341210,-12.812085,-0.005599,10.636062,-0.018535,-0.000724,-3.435026,-0.081572,3.435994,69|70|71|72|73|74,0.5627
6826.883689,-0.341467,-12.820899,-0.005711,10.656806,-0.018535,-0.000663,-3.450980,-0.081714,3.451948,69|70|71|72|73|74,0.5648
6826.900356,-0.342637,-12.848933,-0.005674,10.656806,-0.018535,-0.000663,-3.435745,-0.082356,3.436732,69|70|71|72|73|74,0.5652
6826.917023,-0.342191,-12.859384,-0.005749,10.663684,-0.018762,-0.000701,-3.436942,-0.081888,3.437917,69|70|71|72|73|74,0.5640
6826.950356,-0.353275,-12.866997,-0.005892,10.684229,-0.018896,-0.001366,-3.453353,-0.087780,3.454468,69|70|71|72|73|74,0.5640
6826.983689,-0.345179,-12.889934,-0.006440,10.698417,-0.018589,-0.001353,-3.455073,-0.083692,3.456086,69|70|71|72|73|74,0.5630
6827.000356,-0.345179,-12.889935,-0.006440,10.704997,-0.019291,-0.001316,-3.461653,-0.082989,3.462647,69|70|71|72|73|74,0.5621
6827.017023,-0.340690,-12.908519,-0.005982,10.704997,-0.019291,-0.001316,-3.451551,-0.080554,3.452491,69|70|71|72|73|74,0.5622
6827.033689,-0.350873,-12.910719,-0.006131,10.711951,-0.019334,-0.001194,-3.457312,-0.086046,3.458383,69|70|71|72|73|74,0.5642
6827.050356,-0.350874,-12.910720,-0.006132,10.719234,-0.019219,-0.001173,-3.464594,-0.086161,3.465665,69|70|71|72|73|74,0.5651
6827.067023,-0.351447,-12.919506,-0.005978,10.726354,-0.019232,-0.001173,-3.466939,-0.086462,3.468017,69|70|71|72|73|74,0.5650
6827.083689,-0.349978,-12.944571,-0.005961,10.733453,-0.019270,-0.001178,-3.460416,-0.085631,3.461475,69|70|71|72|73|74,0.5636
6827.100356,-0.350273,-12.956459,-0.006046,10.740564,-0.019167,-0.000963,-3.461066,-0.085897,3.462132,69|70|71|72|73|74|75|76,0.5548
6827.117023,-0.350274,-12.956492,-0.006038,10.754010,-0.018993,-0.000607,-3.474494,-0.086071,3.475560,69|70|71|72|73|74|75|76,0.5613
6827.133689,-0.343034,-12.965851,-0.005780,10.754010,-0.018993,-0.000607,-3.469406,-0.082138,3.470378,69|70|71|72|73|74|75|76,0.5621
6827.150356,-0.346078,-12.972434,-0.005295,10.768504,-0.018860,-0.000579,-3.480323,-0.083928,3.481335,69|70|71|72|73|74|75|76,0.5526
6827.167023,-0.346265,-12.973670,-0.005378,10.768504,-0.018860,-0.000579,-3.479652,-0.084029,3.480666,71|72|73|74|75|76,0.5627
6827.183689,-0.344512,-12.986614,-0.005317,10.782649,-0.019286,-0.000666,-3.486762,-0.082653,3.487741,71|72|73|74|75|76,0.5627
6827.200356,-0.345197,-13.009241,-0.004972,10.789786,-0.019482,-0.000669,-3.481601,-0.082835,3.482587,71|72|73|74|75|76,0.5629
6827.217023,-0.350798,-13.013133,-0.005315,10.789786,-0.019482,-0.000669,-3.479487,-0.085880,3.480547,71|72|73|74|75|76,0.5634
6827.233689,-0.353712,-13.022005,-0.005235,10.803810,-0.019651,-0.000576,-3.488690,-0.087297,3.489782,71|72|73|74|75|76,0.5650
6827.250356,-0.353713,-13.022005,-0.005234,10.810854,-0.019722,-0.000588,-3.495734,-0.087225,3.496822,71|72|73|74|75|76,0.5640
6827.267023,-0.356679,-13.042428,-0.004793,10.810854,-0.019722,-0.000588,-3.484635,-0.088842,3.485768,71|72|73|74|75|76,0.5636
6827.283689,-0.357654,-13.053415,-0.005012,10.824447,-0.020430,-0.000784,-3.492258,-0.088666,3.493383,71|72|73|74|75|76,0.5628
6827.300356,-0.357654,-13.053414,-0.005012,10.824447,-0.020430,-0.000784,-3.492258,-0.088666,3.493383,71|72|73|74|75|76,0.5614
6827.317023,-0.368101,-13.062208,-0.004922,10.831346,-0.020539,-0.001185,-3.494380,-0.094237,3.495650,71|72|73|74|75|76,0.5626
6827.333689,-0.368367,-13.070082,-0.005604,10.845902,-0.020125,-0.001233,-3.504657,-0.094797,3.505938,71|72|73|74|75|76,0.5637
6827.350356,-0.364881,-13.083791,-0.005653,10.845902,-0.020125,-0.001233,-3.497205,-0.092906,3.498439,71|72|73|74|75|76,0.5627
6827.367023,-0.362275,-13.094900,-0.005684,10.859737,-0.020446,-0.001218,-3.505002,-0.091170,3.506188,71|72|73|74|75|76,0.5621
6827.383689,-0.362275,-13.094899,-0.005682,10.859737,-0.020446,-0.001218,-3.505003,-0.091170,3.506188,71|72|73|74|75|76,0.5625
6827.400356,-0.361766,-13.103166,-0.005360,10.874053,-0.019701,-0.001348,-3.514825,-0.091641,3.516019,71|72|73|74|75|76,0.5641
6827.417023,-0.363392,-13.112134,-0.005527,10.881233,-0.019246,-0.001364,-3.517132,-0.092981,3.518361,71|72|73|74|75|76,0.5651
6827.433689,-0.356086,-13.126109,-0.005815,10.881233,-0.019246,-0.001364,-3.509536,-0.089014,3.510664,71|72|73|74|75|76,0.5644
6827.450356,-0.349540,-13.138501,-0.005592,10.888395,-0.018894,-0.001393,-3.509961,-0.085811,3.511009,71|72|73|74|75|76,0.5637
6827.483689,-0.341329,-13.156168,-0.005420,10.909262,-0.019237,-0.001253,-3.521225,-0.081009,3.522157,71|72|73|74|75|76,0.5615
6827.500356,-0.341329,-13.156169,-0.005421,10.916583,-0.019237,-0.001256,-3.528545,-0.081009,3.529474,71|72|73|74|75|76,0.5628
6827.517023,-0.349374,-13.169778,-0.004707,10.916583,-0.019237,-0.001256,-3.521150,-0.085384,3.522185,71|72|73|74|75|76,0.5640
6827.533689,-0.349201,-13.181932,-0.005077,10.923842,-0.019296,-0.001261,-3.521804,-0.085234,3.522835,71|72|73|74|75|76,0.5632
6827.550356,-0.349802,-13.192636,-0.005412,10.937790,-0.019282,-0.001254,-3.529935,-0.085577,3.530973,71|72|73|74|75|76,0.5620
6827.583689,-0.349443,-13.206252,-0.005500,10.944842,-0.019266,-0.001233,-3.529587,-0.085401,3.530620,71|72|73|74|75|76,0.5619
6827.600356,-0.349443,-13.206255,-0.005501,10.959044,-0.018762,-0.001303,-3.543787,-0.085905,3.544828,71|72|73|74|75|76,0.5626
6827.617023,-0.347951,-13.220500,-0.006235,10.959044,-0.018762,-0.001303,-3.536045,-0.085097,3.537069,71|72|73|74|75|76,0.5628
6827.633689,-0.347951,-13.220500,-0.006234,10.973176,-0.018043,-0.001208,-3.550177,-0.085817,3.551214,71|72|73|74|75|76,0.5624
6827.650356,-0.335603,-13.245356,-0.006186,10.973176,-0.018043,-0.001208,-3.536666,-0.079111,3.537550,71|72|73|74|75|76|77,0.5604
6827.667023,-0.335596,-13.245368,-0.006185,10.987115,-0.018092,-0.001184,-3.550598,-0.079058,3.551478,71|72|73|74|75|76|77,0.5533
6827.683689,-0.330378,-13.260257,-0.005912,10.987115,-0.018092,-0.001184,-3.542505,-0.076225,3.543325,72|73|74|75|76|77,0.5617
6827.700356,-0.330378,-13.260256,-0.005911,11.001817,-0.018021,-0.001192,-3.557208,-0.076296,3.558026,72|73|74|75|76|77,0.5630
6827.733689,-0.331442,-13.269206,-0.005704,11.009195,-0.017990,-0.001198,-3.559722,-0.076907,3.560552,72|73|74|75|76|77,0.5619
6827.750356,-0.329843,-13.301854,-0.006213,11.015832,-0.018237,-0.001168,-3.548614,-0.075799,3.549424,72|73|74|75|76|77,0.5604
6827.767023,-0.329844,-13.301855,-0.006212,11.029813,-0.018755,-0.001120,-3.562595,-0.075281,3.563390,72|73|74|75|76|77,0.5615
6827.783689,-0.336704,-13.314164,-0.006082,11.029813,-0.018755,-0.001120,-3.555907,-0.079012,3.556785,72|73|74|75|76|77,0.5621
6827.800356,-0.336703,-13.314163,-0.006084,11.036814,-0.018856,-0.001087,-3.562909,-0.078911,3.563783,72|73|74|75|76|77,0.5632
6827.833689,-0.340493,-13.323606,-0.006156,11.050884,-0.019052,-0.001032,-3.571848,-0.080776,3.572761,72|73|74|75|76|77,0.5636
6827.850356,-0.344556,-13.352893,-0.006261,11.057480,-0.019444,-0.000807,-3.562528,-0.082599,3.563486,72|73|74|75|76|77,0.5622
6827.867023,-0.344555,-13.352893,-0.006256,11.072232,-0.019486,-0.000528,-3.577279,-0.082556,3.578232,72|73|74|75|76|77,0.5628
6827.883689,-0.350973,-13.367210,-0.005692,11.079445,-0.019551,-0.000570,-3.576713,-0.085982,3.577747,72|73|74|75|76|77,0.5630
6827.900356,-0.351508,-13.376600,-0.005982,11.079445,-0.019551,-0.000570,-3.571610,-0.086275,3.572652,72|73|74|75|76|77,0.5626
6827.917023,-0.351508,-13.376600,-0.005982,11.086387,-0.019357,-0.000537,-3.578552,-0.086469,3.579596,72|73|74|75|76|77,0.5626
6827.933689,-0.349200,-13.392055,-0.005710,11.092980,-0.018890,-0.000424,-3.576745,-0.085685,3.577772,72|73|74|75|76|77,0.5615
6827.950356,-0.349200,-13.392055,-0.005711,11.107250,-0.019105,-0.000741,-3.591015,-0.085470,3.592032,72|73|74|75|76|77,0.5628
6827.967023,-0.344190,-13.407310,-0.005104,11.114399,-0.019243,-0.000759,-3.589872,-0.082612,3.590822,72|73|74|75|76|77,0.5632
6828.000356,-0.344189,-13.407309,-0.005099,11.128376,-0.019601,-0.000751,-3.603850,-0.082254,3.604789,72|73|74|75|76|77,0.5629
6828.017023,-0.349889,-13.440450,-0.004450,11.134966,-0.019260,-0.000735,-3.592429,-0.085700,3.593451,72|73|74|75|76|77,0.5625
6828.033689,-0.352251,-13.450829,-0.004499,11.134966,-0.019260,-0.000735,-3.586789,-0.086986,3.587844,72|73|74|75|76|77,0.5607
6828.050356,-0.352250,-13.450828,-0.004498,11.142049,-0.019431,-0.000723,-3.593873,-0.086815,3.594921,72|73|74|75|76|77,0.5608
6828.067023,-0.347500,-13.453094,-0.004823,11.156396,-0.019383,-0.000895,-3.606987,-0.084281,3.607972,72|73|74|75|76|77,0.5620
6828.083689,-0.349862,-13.460942,-0.004988,11.163642,-0.019340,-0.000850,-3.609969,-0.085610,3.610984,72|73|74|75|76|77,0.5618
6828.100356,-0.349633,-13.472501,-0.005126,11.163642,-0.019340,-0.000850,-3.603687,-0.085488,3.604701,72|73|74|75|76|77,0.5622
6828.133689,-0.349212,-13.483521,-0.005044,11.184390,-0.019497,-0.000724,-3.618445,-0.085104,3.619446,72|73|74|75|76|77,0.5611
6828.167023,-0.351301,-13.516833,-0.004743,11.198482,-0.019869,-0.000777,-3.614434,-0.085875,3.615454,72|73|74|75|76|77|78|79,0.5627
6828.183689,-0.351303,-13.516842,-0.004747,11.198482,-0.019869,-0.000777,-3.614429,-0.085876,3.615449,72|73|74|75|76|77|78|79,0.5543
6828.200356,-0.356633,-13.537754,-0.004901,11.205547,-0.019945,-0.000579,-3.610129,-0.088701,3.611219,74|75|76|77|78|79,0.5631
6828.217023,-0.356634,-13.537753,-0.004898,11.219283,-0.018995,-0.000169,-3.623866,-0.089652,3.624975,74|75|76|77|78|79,0.5619
6828.233689,-0.349447,-13.545195,-0.004998,11.219283,-0.018995,-0.000169,-3.619820,-0.085748,3.620836,74|75|76|77|78|79,0.5635
6828.250356,-0.349446,-13.545194,-0.004998,11.226531,-0.019091,-0.000095,-3.627068,-0.085652,3.628079,74|75|76|77|78|79,0.5638
6828.267023,-0.344076,-13.556941,-0.004666,11.240829,-0.019552,-0.000185,-3.634980,-0.082274,3.635911,74|75|76|77|78|79,0.5639
6828.283689,-0.345995,-13.569628,-0.004128,11.247651,-0.019154,-0.000227,-3.634908,-0.083718,3.635872,74|75|76|77|78|79,0.5634
6828.300356,-0.352763,-13.592531,-0.004315,11.247651,-0.019154,-0.000227,-3.622462,-0.087401,3.623517,74|75|76|77|78|79,0.5629
6828.317023,-0.347229,-13.594720,-0.004111,11.254707,-0.019496,-0.000223,-3.628327,-0.084052,3.629301,74|75|76|77|78|79,0.5626
6828.333689,-0.352191,-13.604007,-0.004576,11.268911,-0.020068,-0.000219,-3.637485,-0.086179,3.638506,74|75|76|77|78|79,0.5641
6828.350356,-0.352190,-13.604007,-0.004575,11.268911,-0.020068,-0.000219,-3.637485,-0.086179,3.638506,74|75|76|77|78|79,0.5647
6828.367023,-0.360785,-13.624895,-0.004475,11.275965,-0.020332,-0.000253,-3.633190,-0.090590,3.634319,74|75|76|77|78|79,0.5629
6828.383689,-0.360785,-13.624895,-0.004474,11.289542,-0.020251,-0.000261,-3.646766,-0.090671,3.647893,74|75|76|77|78|79,0.5616
6828.400356,-0.364422,-13.636070,-0.004598,11.289542,-0.020251,-0.000261,-3.640694,-0.092649,3.641873,74|75|76|77|78|79,0.5606
6828.417023,-0.363079,-13.647403,-0.004738,11.296563,-0.020477,-0.000268,-3.641554,-0.091696,3.642709,74|75|76|77|78|79,0.5608
6828.433689,-0.363079,-13.647402,-0.004738,11.303694,-0.020600,-0.000324,-3.648686,-0.091573,3.649835,74|75|76|77|78|79,0.5620
6828.450356,-0.367998,-13.666806,-0.004914,11.310936,-0.020581,-0.000261,-3.645384,-0.094271,3.646603,74|75|76|77|78|79,0.5622
6828.467023,-0.367692,-13.676687,-0.004413,11.324939,-0.020142,-0.000202,-3.654017,-0.094545,3.655240,74|75|76|77|78|79,0.5636
6828.483689,-0.367282,-13.686516,-0.004958,11.324939,-0.020142,-0.000202,-3.648675,-0.094324,3.649894,74|75|76|77|78|79,0.5633
6828.500356,-0.361913,-13.689896,-0.005078,11.331922,-0.020228,-0.000216,-3.653819,-0.091321,3.654961,74|75|76|77|78|79,0.5635
6828.517023,-0.361913,-13.689896,-0.005078,11.346292,-0.019824,-0.000334,-3.668189,-0.091725,3.669336,74|75|76|77|78|79,0.5648
6828.533689,-0.363286,-13.697421,-0.004983,11.353418,-0.019703,-0.000364,-3.671226,-0.092594,3.672393,74|75|76|77|78|79,0.5656
6828.583689,-0.347825,-13.739104,-0.004188,11.367202,-0.018704,-0.000042,-3.662353,-0.085199,3.663344,74|75|76|77|78|79,0.5619
6828.600356,-0.341048,-13.743778,-0.003944,11.374338,-0.019089,-0.000006,-3.666947,-0.081132,3.667845,74|75|76|77|78|79,0.5630
6828.617023,-0.346570,-13.754049,-0.003466,11.381509,-0.019395,-0.000025,-3.668537,-0.083829,3.669495,74|75|76|77|78|79,0.5631
6828.633689,-0.351105,-13.764877,-0.004167,11.388679,-0.019673,-0.000032,-3.669824,-0.086018,3.670832,74|75|76|77|78|79,0.5637
6828.650356,-0.351105,-13.764875,-0.004169,11.402426,-0.019497,-0.000064,-3.683572,-0.086195,3.684580,74|75|76|77|78|79,0.5628
6828.667023,-0.358928,-13.786486,-0.003999,11.402426,-0.019497,-0.000064,-3.671829,-0.090451,3.672942,74|75|76|77|78|79|80,0.5618
6828.683689,-0.358928,-13.786487,-0.003997,11.416330,-0.019154,0.000059,-3.685732,-0.090794,3.686850,74|75|76|77|78|79|80,0.5615
6828.700356,-0.350565,-13.790444,-0.004583,11.416330,-0.019154,0.000059,-3.683579,-0.086250,3.684589,74|75|76|77|78|79|80,0.5635
6828.717023,-0.347783,-13.801744,-0.004966,11.430972,-0.018719,0.000185,-3.692080,-0.085175,3.693063,74|75|76|77|78|79|80,0.5571
6828.733689,-0.347669,-13.802778,-0.004907,11.438042,-0.018622,0.000287,-3.698587,-0.085210,3.699568,75|76|77|78|79|80,0.5647
6828.750356,-0.341893,-13.828385,-0.004945,11.438042,-0.018622,0.000287,-3.684669,-0.082077,3.685583,75|76|77|78|79|80,0.5647
6828.767023,-0.340182,-13.839580,-0.004687,11.444706,-0.017938,0.000449,-3.685249,-0.081833,3.686158,75|76|77|78|79|80,0.5634
6828.783689,-0.340181,-13.839582,-0.004689,11.459028,-0.018076,0.000669,-3.699570,-0.081695,3.700472,75|76|77|78|79|80,0.5643
6828.800356,-0.330656,-13.851403,-0.004553,11.459028,-0.018076,0.000669,-3.693143,-0.076521,3.693936,75|76|77|78|79|80,0.5653
6828.817023,-0.332954,-13.861824,-0.004020,11.473706,-0.018307,0.000663,-3.702159,-0.077540,3.702970,75|76|77|78|79|80,0.5650
6828.833689,-0.334341,-13.872487,-0.003476,11.480540,-0.017850,0.000828,-3.703198,-0.078754,3.704035,75|76|77|78|79|80,0.5641
6828.850356,-0.336330,-13.883337,-0.003627,11.480540,-0.017850,0.000828,-3.697301,-0.079837,3.698163,75|76|77|78|79|80,0.5629
6828.867023,-0.329517,-13.885962,-0.003524,11.487463,-0.018085,0.000966,-3.702796,-0.075900,3.703574,75|76|77|78|79|80,0.5633
6828.883689,-0.333221,-13.894763,-0.002761,11.494454,-0.018455,0.000988,-3.705005,-0.077545,3.705816,75|76|77|78|79|80,0.5633
6828.900356,-0.338400,-13.904994,-0.002737,11.508475,-0.019034,0.001020,-3.713467,-0.079783,3.714324,75|76|77|78|79|80,0.5635
6828.917023,-0.342634,-13.914993,-0.002860,11.508475,-0.019034,0.001020,-3.708033,-0.082086,3.708942,75|76|77|78|79|80,0.5648
6828.933689,-0.346968,-13.924512,-0.002229,11.515529,-0.019333,0.001236,-3.709915,-0.084144,3.710869,75|76|77|78|79|80,0.5645
6828.950356,-0.346968,-13.924509,-0.002226,11.529623,-0.019173,0.001698,-3.724011,-0.084305,3.724965,75|76|77|78|79|80,0.5625
6828.967023,-0.350828,-13.933519,-0.001973,11.529623,-0.019173,0.001698,-3.719115,-0.086405,3.720119,75|76|77|78|79|80,0.5619
6828.983689,-0.346437,-13.937375,-0.002863,11.536880,-0.019429,0.001792,-3.724275,-0.083763,3.725217,75|76|77|78|79|80,0.5618
6829.000356,-0.353168,-13.958251,-0.002474,11.544083,-0.019699,0.001787,-3.720134,-0.087155,3.721155,75|76|77|78|79|80,0.5640
6829.033689,-0.353167,-13.958253,-0.002474,11.564781,-0.018354,0.001362,-3.740830,-0.088500,3.741877,75|76|77|78|79|80,0.5638
6829.050356,-0.349228,-13.977025,-0.002299,11.564781,-0.018354,0.001362,-3.730627,-0.086364,3.731627,75|76|77|78|79|80,0.5640
6829.067023,-0.349227,-13.977026,-0.002297,11.572197,-0.018761,0.001380,-3.738043,-0.085956,3.739031,75|76|77|78|79|80,0.5641
6829.083689,-0.344433,-14.002125,-0.003480,11.579577,-0.019104,0.001358,-3.731781,-0.083012,3.732704,75|76|77|78|79|80,0.5637
6829.117023,-0.354385,-14.023433,-0.004368,11.593955,-0.019825,0.001360,-3.734581,-0.087706,3.735610,75|76|77|78|79|80,0.5633
6829.133690,-0.354384,-14.023433,-0.004367,11.607326,-0.019089,0.001404,-3.747952,-0.088441,3.748995,75|76|77|78|79|80,0.5624
6829.150356,-0.352476,-14.034438,-0.003890,11.607326,-0.019089,0.001404,-3.741970,-0.087407,3.742991,75|76|77|78|79|80,0.5612
6829.167023,-0.349201,-14.043468,-0.003857,11.621926,-0.019310,0.001383,-3.751662,-0.085407,3.752634,75|76|77|78|79|80,0.5620
6829.183690,-0.350457,-14.057491,-0.003868,11.629204,-0.019403,0.001458,-3.751319,-0.086000,3.752305,75|76|77|78|79|80|81|82,0.5498
6829.200356,-0.350430,-14.057608,-0.003898,11.635956,-0.018928,0.001403,-3.758007,-0.086460,3.759002,75|76|77|78|79|80|81|82,0.5617
6829.217023,-0.353499,-14.077955,-0.004115,11.642955,-0.018679,0.001428,-3.753949,-0.088381,3.754989,75|76|77|78|79|80|81|82,0.5577
6829.250356,-0.353136,-14.078728,-0.003921,11.657223,-0.019436,0.001412,-3.767797,-0.087428,3.768811,77|78|79|80|81|82,0.5638
6829.267023,-0.343565,-14.089690,-0.004871,11.664273,-0.019824,0.001497,-3.768887,-0.081840,3.769776,77|78|79|80|81|82,0.5648
6829.283690,-0.349152,-14.101259,-0.004932,11.671263,-0.019958,0.001737,-3.769591,-0.084745,3.770543,77|78|79|80|81|82,0.5635
6829.300356,-0.360801,-14.122497,-0.004069,11.671263,-0.019958,0.001737,-3.758052,-0.091081,3.759155,77|78|79|80|81|82,0.5614
6829.350356,-0.340378,-14.140420,-0.004442,11.698899,-0.018893,0.001973,-3.775942,-0.081051,3.776811,77|78|79|80|81|82,0.5621
6829.367023,-0.342930,-14.152457,-0.004457,11.698899,-0.018893,0.001973,-3.769401,-0.082440,3.770302,77|78|79|80|81|82,0.5625
6829.383690,-0.342931,-14.152456,-0.004454,11.712880,-0.019222,0.001971,-3.783383,-0.082112,3.784274,77|78|79|80|81|82,0.5631
6829.400356,-0.351912,-14.172259,-0.004252,11.712880,-0.019222,0.001971,-3.772622,-0.086997,3.773625,77|78|79|80|81|82,0.5635
6829.417023,-0.351911,-14.172262,-0.004255,11.727172,-0.019352,0.001778,-3.786912,-0.086866,3.787908,77|78|79|80|81|82,0.5624
6829.433690,-0.349220,-14.185073,-0.004697,11.734352,-0.019732,0.001712,-3.787128,-0.085027,3.788083,77|78|79|80|81|82,0.5626
6829.450356,-0.349222,-14.185072,-0.004695,11.734352,-0.019732,0.001712,-3.787129,-0.085028,3.788084,77|78|79|80|81|82,0.5636
6829.467023,-0.360728,-14.208055,-0.004178,11.741434,-0.020133,0.001749,-3.781723,-0.090884,3.782815,77|78|79|80|81|82,0.5642
6829.483690,-0.366599,-14.219056,-0.003989,11.748555,-0.020566,0.001753,-3.782866,-0.093644,3.784025,77|78|79|80|81|82,0.5636
6829.500356,-0.372788,-14.230352,-0.004094,11.762124,-0.019902,0.001912,-3.790298,-0.097675,3.791556,77|78|79|80|81|82,0.5628
6829.517023,-0.363507,-14.232036,-0.004153,11.769308,-0.020151,0.001916,-3.796565,-0.092383,3.797689,77|78|79|80|81|82,0.5616
6829.533690,-0.363468,-14.239402,-0.004019,11.769308,-0.020151,0.001916,-3.792562,-0.092363,3.793687,77|78|79|80|81|82,0.5622
6829.550356,-0.363468,-14.239401,-0.004017,11.783767,-0.020385,0.001933,-3.807021,-0.092129,3.808136,77|78|79|80|81|82,0.5627
6829.567023,-0.368722,-14.259676,-0.003505,11.783767,-0.020385,0.001933,-3.796004,-0.094989,3.797192,77|78|79|80|81|82,0.5635
6829.583690,-0.370425,-14.269750,-0.003944,11.790517,-0.019859,0.001946,-3.797279,-0.096443,3.798503,77|78|79|80|81|82,0.5621
6829.600356,-0.370425,-14.269752,-0.003950,11.797489,-0.019685,0.001966,-3.804250,-0.096617,3.805477,77|78|79|80|81|82,0.5625
6829.617023,-0.361373,-14.280440,-0.003527,11.812240,-0.019500,0.001922,-3.813189,-0.091884,3.814296,77|78|79|80|81|82,0.5638
6829.633690,-0.361372,-14.280439,-0.003523,11.819604,-0.019491,0.001878,-3.820554,-0.091893,3.821659,77|78|79|80|81|82,0.5641
6829.667023,-0.359653,-14.317956,-0.003648,11.833455,-0.018453,0.001854,-3.814015,-0.092004,3.815125,77|78|79|80|81|82,0.5639
6829.683690,-0.354149,-14.323518,-0.003486,11.833455,-0.018453,0.001854,-3.810991,-0.089014,3.812030,77|78|79|80|81|82,0.5630
6829.700356,-0.345679,-14.325142,-0.003428,11.840820,-0.018278,0.001878,-3.817472,-0.084586,3.818409,77|78|79|80|81|82,0.5630
6829.717023,-0.343617,-14.338486,-0.002743,11.847956,-0.018635,0.001886,-3.817355,-0.083112,3.818260,77|78|79|80|81|82|83,0.5580
6829.733690,-0.348370,-14.348346,-0.003419,11.855075,-0.018981,0.001878,-3.819116,-0.085351,3.820070,77|78|79|80|81|82|83,0.5625
6829.750356,-0.353699,-14.358460,-0.003619,11.868977,-0.019205,0.001827,-3.827523,-0.088025,3.828535,78|79|80|81|82|83,0.5641
6829.767023,-0.359029,-14.368407,-0.004138,11.868977,-0.019205,0.001827,-3.822118,-0.090924,3.823199,78|79|80|81|82|83,0.5633
6829.783690,-0.357136,-14.371330,-0.003207,11.875649,-0.018531,0.001794,-3.827202,-0.090570,3.828273,78|79|80|81|82|83,0.5630
6829.800356,-0.347681,-14.374747,-0.003722,11.883114,-0.018299,0.001966,-3.832806,-0.085664,3.833764,78|79|80|81|82|83,0.5632
6829.817023,-0.347681,-14.374747,-0.003722,11.898016,-0.018204,0.002065,-3.847709,-0.085759,3.848665,78|79|80|81|82|83,0.5638
6829.833690,-0.344486,-14.402513,-0.003834,11.905451,-0.018182,0.002085,-3.840053,-0.084051,3.840973,78|79|80|81|82|83,0.5647
6829.867023,-0.344486,-14.402511,-0.003831,11.919260,-0.017110,0.002571,-3.853863,-0.085123,3.854803,78|79|80|81|82|83,0.5630
6829.883690,-0.344909,-14.425013,-0.003655,11.919260,-0.017110,0.002571,-3.841634,-0.085358,3.842582,78|79|80|81|82|83,0.5630
6829.900356,-0.330408,-14.435959,-0.003360,11.926681,-0.017298,0.002575,-3.843103,-0.077292,3.843880,78|79|80|81|82|83,0.5630
6829.933690,-0.330408,-14.435957,-0.003357,11.948297,-0.017272,0.002734,-3.864720,-0.077317,3.865493,78|79|80|81|82|83,0.5636
6829.950356,-0.340734,-14.470420,-0.002670,11.955172,-0.017047,0.002847,-3.852868,-0.083162,3.853765,78|79|80|81|82|83,0.5624
6829.967023,-0.333323,-14.473208,-0.001473,11.955172,-0.017047,0.002847,-3.851351,-0.079135,3.852164,78|79|80|81|82|83,0.5630
6829.983690,-0.331182,-14.480547,-0.002151,11.962266,-0.017483,0.002832,-3.854455,-0.077537,3.855235,78|79|80|81|82|83,0.5626
6830.000356,-0.337558,-14.491493,-0.001531,11.976395,-0.018302,0.002818,-3.862637,-0.080186,3.863469,78|79|80|81|82|83,0.5628
6830.017023,-0.343793,-14.501805,-0.002230,11.976395,-0.018302,0.002818,-3.857034,-0.083576,3.857939,78|79|80|81|82|83,0.5638
6830.033690,-0.349799,-14.511890,-0.002241,11.983518,-0.018677,0.003102,-3.858677,-0.086467,3.859645,78|79|80|81|82|83,0.5633
6830.050356,-0.349798,-14.511890,-0.002239,11.997436,-0.018065,0.003691,-3.872595,-0.087079,3.873574,78|79|80|81|82|83,0.5621
6830.067023,-0.351335,-14.524137,-0.001331,11.997436,-0.018065,0.003691,-3.865939,-0.087917,3.866939,78|79|80|81|82|83,0.5612
6830.083690,-0.351334,-14.524136,-0.001332,12.011918,-0.018745,0.003801,-3.880422,-0.087236,3.881402,78|79|80|81|82|83,0.5623
6830.100356,-0.353317,-14.544547,-0.001232,12.011918,-0.018745,0.003801,-3.869329,-0.088318,3.870337,78|79|80|81|82|83,0.5628
6830.117023,-0.358962,-14.554625,-0.001415,12.018857,-0.018793,0.003820,-3.870792,-0.091341,3.871870,78|79|80|81|82|83,0.5620
6830.133690,-0.359657,-14.560152,-0.001237,12.032495,-0.017376,0.002971,-3.881427,-0.093136,3.882545,78|79|80|81|82|83,0.5616
6830.150356,-0.353415,-14.563583,-0.001808,12.032495,-0.017376,0.002971,-3.879561,-0.089745,3.880599,78|79|80|81|82|83,0.5619
6830.167023,-0.353415,-14.563583,-0.001807,12.039733,-0.017670,0.002968,-3.886799,-0.089450,3.887828,78|79|80|81|82|83,0.5622
6830.200356,-0.348116,-14.597324,-0.002567,12.061204,-0.018878,0.002914,-3.889931,-0.085370,3.890868,78|79|80|81|82|83,0.5622
6830.217023,-0.353591,-14.608728,-0.002579,12.061204,-0.018878,0.002914,-3.883734,-0.088348,3.884739,78|79|80|81|82|83|84|85,0.5498
6830.233690,-0.359509,-14.618131,-0.003123,12.074667,-0.018110,0.002572,-3.892088,-0.092334,3.893183,78|79|80|81|82|83|84|85,0.5622
6830.250356,-0.356450,-14.619730,-0.002602,12.074667,-0.018110,0.002572,-3.891218,-0.090672,3.892275,78|79|80|81|82|83|84|85,0.5625
6830.267023,-0.348133,-14.628936,-0.003629,12.089417,-0.018498,0.002599,-3.900963,-0.085766,3.901906,78|79|80|81|82|83|84|85,0.5493
6830.283690,-0.350891,-14.642864,-0.003544,12.096756,-0.018649,0.002675,-3.900734,-0.087117,3.901706,80|81|82|83|84|85,0.5625
6830.300356,-0.353979,-14.654166,-0.002931,12.096756,-0.018649,0.002675,-3.894592,-0.088798,3.895604,80|81|82|83|84|85,0.5610
6830.333690,-0.353979,-14.654165,-0.002932,12.110441,-0.017577,0.002602,-3.908278,-0.089870,3.909311,80|81|82|83|84|85,0.5619
6830.350356,-0.350207,-14.666164,-0.003246,12.117607,-0.018017,0.002598,-3.908922,-0.087383,3.909899,80|81|82|83|84|85,0.5615
6830.367023,-0.341379,-14.674621,-0.003356,12.131702,-0.018881,0.002649,-3.918418,-0.081723,3.919270,80|81|82|83|84|85,0.5621
6830.400356,-0.360909,-14.707599,-0.002730,12.138739,-0.019144,0.002839,-3.907537,-0.092080,3.908621,80|81|82|83|84|85,0.5636
6830.417023,-0.363954,-14.715193,-0.002168,12.145169,-0.018891,0.002824,-3.909841,-0.093990,3.910970,80|81|82|83|84|85,0.5620
6830.450356,-0.346411,-14.724090,-0.003215,12.159506,-0.017507,0.002697,-3.919338,-0.085842,3.920278,80|81|82|83|84|85,0.5618
6830.467023,-0.346412,-14.724089,-0.003216,12.166587,-0.017853,0.002692,-3.926420,-0.085497,3.927351,80|81|82|83|84|85,0.5627
6830.500356,-0.353386,-14.757867,-0.003782,12.187500,-0.018028,0.002237,-3.928977,-0.089119,3.929988,80|81|82|83|84|85,0.5636
6830.517023,-0.354918,-14.763733,-0.003650,12.187500,-0.018028,0.002237,-3.925789,-0.089953,3.926820,80|81|82|83|84|85,0.5630
6830.533690,-0.349241,-14.770511,-0.003845,12.194784,-0.018270,0.002124,-3.929388,-0.086627,3.930343,80|81|82|83|84|85,0.5624
6830.550356,-0.353114,-14.781729,-0.004202,12.201943,-0.018646,0.002012,-3.930451,-0.088359,3.931444,80|81|82|83|84|85,0.5624
6830.567023,-0.358955,-14.792315,-0.003545,12.216074,-0.019445,0.002019,-3.938830,-0.090736,3.939875,80|81|82|83|84|85,0.5631
6830.583690,-0.364926,-14.802360,-0.003539,12.216074,-0.019445,0.002019,-3.933372,-0.093983,3.934495,80|81|82|83|84|85,0.5632
6830.600356,-0.370943,-14.812725,-0.003324,12.229595,-0.018994,0.002124,-3.941261,-0.097706,3.942472,80|81|82|83|84|85,0.5625
6830.617023,-0.369469,-14.816401,-0.003733,12.229595,-0.018994,0.002124,-3.939263,-0.096906,3.940454,80|81|82|83|84|85,0.5627
6830.633690,-0.365140,-14.823345,-0.004273,12.244144,-0.019392,0.002130,-3.950038,-0.094158,3.951160,80|81|82|83|84|85,0.5633
6830.667023,-0.371194,-14.846221,-0.003401,12.258134,-0.019165,0.002137,-3.951596,-0.097680,3.952803,80|81|82|83|84|85,0.5631
6830.683690,-0.373552,-14.856297,-0.003583,12.258134,-0.019165,0.002137,-3.946120,-0.098963,3.947361,80|81|82|83|84|85,0.5634
6830.700356,-0.373552,-14.856299,-0.003583,12.265093,-0.018732,0.002152,-3.953079,-0.099396,3.954328,80|81|82|83|84|85,0.5636
6830.717023,-0.362693,-14.865515,-0.003384,12.272519,-0.018663,0.002114,-3.955494,-0.093566,3.956600,80|81|82|83|84|85,0.5638
6830.733690,-0.362694,-14.865514,-0.003385,12.286892,-0.018749,0.002125,-3.969867,-0.093480,3.970968,80|81|82|83|84|85,0.5656
6830.767023,-0.363610,-14.904014,-0.004196,12.293928,-0.018427,0.002301,-3.955979,-0.094308,3.957103,80|81|82|83|84|85|86,0.5606
6830.783690,-0.358473,-14.908744,-0.004153,12.300609,-0.017867,0.002236,-3.960089,-0.092078,3.961159,80|81|82|83|84|85|86,0.5548
6830.800356,-0.350702,-14.911445,-0.004641,12.315079,-0.017709,0.002337,-3.973089,-0.088013,3.974064,81|82|83|84|85|86,0.5630
6830.817023,-0.343025,-14.923040,-0.004464,12.315079,-0.017709,0.002337,-3.966786,-0.083843,3.967672,81|82|83|84|85|86,0.5634
6830.833690,-0.343023,-14.923039,-0.004462,12.329399,-0.018499,0.002330,-3.981106,-0.083051,3.981972,81|82|83|84|85|86,0.5652
6830.850356,-0.349034,-14.933698,-0.004310,12.336214,-0.018414,0.002296,-3.982129,-0.086406,3.983067,81|82|83|84|85|86,0.5655
6830.867023,-0.360859,-14.954173,-0.003855,12.342770,-0.017904,0.002121,-3.977560,-0.093347,3.978655,81|82|83|84|85|86,0.5656
6830.883690,-0.360106,-14.957673,-0.003549,12.350346,-0.017273,0.002058,-3.983234,-0.093569,3.984333,81|82|83|84|85|86,0.5648
6830.900356,-0.360104,-14.957676,-0.003546,12.357868,-0.017362,0.002041,-3.990755,-0.093479,3.991849,81|82|83|84|85|86,0.5653
6830.917023,-0.343986,-14.977126,-0.004004,12.357868,-0.017362,0.002041,-3.980180,-0.084723,3.981082,81|82|83|84|85|86,0.5648
6830.933690,-0.346271,-14.987856,-0.003585,12.372877,-0.017426,0.002099,-3.989358,-0.085904,3.990283,81|82|83|84|85|86,0.5656
6830.950356,-0.346272,-14.987855,-0.003586,12.379861,-0.016927,0.002352,-3.996343,-0.086403,3.997277,81|82|83|84|85|86,0.5659
6830.967023,-0.347151,-14.999369,-0.003931,12.386753,-0.016273,0.002465,-3.996977,-0.087538,3.997936,81|82|83|84|85|86,0.5641
6830.983690,-0.340033,-15.015346,-0.004157,12.386753,-0.016273,0.002465,-3.988293,-0.083673,3.989171,81|82|83|84|85|86,0.5632
6831.000356,-0.340032,-15.015347,-0.004156,12.394063,-0.016432,0.002518,-3.995603,-0.083513,3.996475,81|82|83|84|85|86,0.5635
6831.017023,-0.330873,-15.021546,-0.002303,12.401364,-0.016611,0.002516,-3.999532,-0.078357,4.000300,81|82|83|84|85|86,0.5644
6831.050356,-0.339935,-15.053359,-0.003016,12.415685,-0.016638,0.002533,-3.996565,-0.083262,3.997432,81|82|83|84|85|86,0.5613
6831.067023,-0.339934,-15.053360,-0.003014,12.422539,-0.016168,0.002504,-4.003419,-0.083733,4.004295,81|82|83|84|85|86,0.5614
6831.083690,-0.331257,-15.065230,-0.002813,12.436607,-0.016962,0.002535,-4.011034,-0.078225,4.011797,81|82|83|84|85|86,0.5609
6831.117023,-0.331257,-15.065229,-0.002816,12.443591,-0.017365,0.002538,-4.018018,-0.077823,4.018772,81|82|83|84|85|86,0.5621
6831.133690,-0.348936,-15.095738,-0.002167,12.457477,-0.017729,0.002868,-4.015327,-0.087072,4.016271,81|82|83|84|85|86,0.5620
6831.150356,-0.348936,-15.095737,-0.002168,12.464623,-0.017251,0.003080,-4.022474,-0.087551,4.023427,81|82|83|84|85|86,0.5615
6831.167023,-0.354236,-15.109665,-0.002210,12.464623,-0.017251,0.003080,-4.014906,-0.090434,4.015924,81|82|83|84|85|86,0.5621
6831.183690,-0.348254,-15.119188,-0.001780,12.479167,-0.017949,0.003315,-4.024272,-0.086488,4.025201,81|82|83|84|85|86,0.5616
6831.200356,-0.353837,-15.129648,-0.001856,12.486181,-0.018083,0.003332,-4.025604,-0.089389,4.026596,81|82|83|84|85|86,0.5615
6831.217023,-0.359515,-15.140198,-0.001845,12.486181,-0.018083,0.003332,-4.019871,-0.092478,4.020935,81|82|83|84|85|86,0.5613
6831.233690,-0.359515,-15.140198,-0.001846,12.492801,-0.017800,0.003295,-4.026490,-0.092761,4.027559,81|82|83|84|85|86,0.5610
6831.250356,-0.357575,-15.148750,-0.002069,12.499730,-0.016860,0.002739,-4.028771,-0.092648,4.029836,81|82|83|84|85|86,0.5609
6831.267023,-0.342115,-15.162535,-0.002372,12.506865,-0.016782,0.002708,-4.028412,-0.084328,4.029294,81|82|83|84|85|86|87|88,0.5530
6831.317023,-0.354132,-15.192912,-0.001901,12.535022,-0.017971,0.002710,-4.040061,-0.089676,4.041056,83|84|85|86|87|88,0.5621
6831.333690,-0.360342,-15.203464,-0.001472,12.535022,-0.017971,0.002710,-4.034327,-0.093053,4.035400,83|84|85|86|87|88,0.5607
6831.350356,-0.358832,-15.206949,-0.001636,12.548999,-0.017469,0.002218,-4.046410,-0.092735,4.047473,83|84|85|86|87|88,0.5613
6831.367023,-0.358833,-15.206949,-0.001635,12.548999,-0.017469,0.002218,-4.046410,-0.092736,4.047473,83|84|85|86|87|88,0.5611
6831.383690,-0.349906,-15.213963,-0.002271,12.563381,-0.017772,0.002209,-4.056979,-0.087583,4.057924,83|84|85|86|87|88,0.5620
6831.400356,-0.353536,-15.236968,-0.002351,12.563381,-0.017772,0.002209,-4.044477,-0.089561,4.045468,83|84|85|86|87|88,0.5638
6831.417023,-0.353537,-15.236968,-0.002350,12.576928,-0.016952,0.002161,-4.058024,-0.090381,4.059030,83|84|85|86|87|88,0.5632
6831.450356,-0.356121,-15.247105,-0.002290,12.591081,-0.017491,0.002117,-4.066668,-0.091249,4.067691,83|84|85|86|87|88,0.5648
6831.483690,-0.344430,-15.257924,-0.002357,12.598093,-0.017863,0.002165,-4.067797,-0.084525,4.068675,83|84|85|86|87|88,0.5645
6831.500356,-0.353135,-15.279091,-0.002225,12.611804,-0.018083,0.002261,-4.070007,-0.089041,4.070981,83|84|85|86|87|88,0.5627
6831.517023,-0.358733,-15.289242,-0.002235,12.618728,-0.017349,0.002037,-4.071415,-0.092819,4.072473,83|84|85|86|87|88,0.5608
6831.533690,-0.362357,-15.301088,-0.003284,12.618728,-0.017349,0.002037,-4.064978,-0.094791,4.066083,83|84|85|86|87|88,0.5611
6831.550356,-0.351818,-15.307923,-0.002779,12.626083,-0.016637,0.002099,-4.068617,-0.089777,4.069607,83|84|85|86|87|88,0.5619
6831.567023,-0.343341,-15.321812,-0.003158,12.633222,-0.016971,0.002087,-4.068204,-0.084840,4.069089,83|84|85|86|87|88,0.5616
6831.583690,-0.348252,-15.332103,-0.002652,12.647500,-0.017526,0.002083,-4.076891,-0.086956,4.077818,83|84|85|86|87|88,0.5623
6831.617023,-0.348252,-15.332103,-0.002653,12.661621,-0.017345,0.001724,-4.091012,-0.087137,4.091940,83|84|85|86|87|88,0.5623
6831.633690,-0.356848,-15.350166,-0.002436,12.661621,-0.017345,0.001724,-4.081197,-0.091812,4.082230,83|84|85|86|87|88,0.5630
6831.650356,-0.354440,-15.366297,-0.003250,12.668801,-0.017703,0.001600,-4.079609,-0.090149,4.080605,83|84|85|86|87|88,0.5628
6831.667023,-0.354440,-15.366297,-0.003251,12.675914,-0.018067,0.001619,-4.086723,-0.089785,4.087709,83|84|85|86|87|88,0.5637
6831.700356,-0.370810,-15.397142,-0.002930,12.689724,-0.018508,0.001786,-4.083772,-0.098247,4.084954,83|84|85|86|87|88,0.5625
6831.717023,-0.371353,-15.402998,-0.002450,12.696281,-0.018160,0.001730,-4.087146,-0.098892,4.088343,83|84|85|86|87|88,0.5624
6831.733690,-0.366550,-15.406429,-0.002705,12.703621,-0.018331,0.001698,-4.092622,-0.096111,4.093750,83|84|85|86|87|88,0.5629
6831.750356,-0.369101,-15.419752,-0.002510,12.718183,-0.018599,0.001784,-4.099943,-0.097233,4.101096,83|84|85|86|87|88,0.5644
6831.767023,-0.369102,-15.419752,-0.002511,12.718183,-0.018599,0.001784,-4.099943,-0.097233,4.101096,83|84|85|86|87|88,0.5646
6831.800356,-0.371318,-15.430157,-0.002874,12.739098,-0.017936,0.001549,-4.115204,-0.099103,4.116397,83|84|85|86|87|88,0.5638
6831.817023,-0.370070,-15.445742,-0.003381,12.746396,-0.017866,0.001456,-4.114031,-0.098498,4.115210,83|84|85|86|87|88|89,0.5651
6831.833690,-0.363559,-15.462848,-0.003568,12.746396,-0.017866,0.001456,-4.104733,-0.094963,4.105831,84|85|86|87|88|89,0.5670
6831.850356,-0.362888,-15.476472,-0.004142,12.760733,-0.017835,0.001618,-4.111666,-0.094633,4.112755,84|85|86|87|88|89,0.5666
6831.867023,-0.362888,-15.476472,-0.004143,12.767314,-0.017139,0.001574,-4.118247,-0.095329,4.119350,84|85|86|87|88|89,0.5651
6831.883690,-0.363953,-15.489179,-0.003540,12.767314,-0.017139,0.001574,-4.111341,-0.095910,4.112460,84|85|86|87|88|89,0.5645
6831.900356,-0.361840,-15.498870,-0.003364,12.781479,-0.016945,0.001642,-4.120239,-0.094957,4.121333,84|85|86|87|88|89,0.5645
6831.917023,-0.344632,-15.506103,-0.003280,12.781479,-0.016945,0.001642,-4.116304,-0.085606,4.117194,84|85|86|87|88|89,0.5639
6831.933690,-0.350242,-15.518117,-0.003635,12.795989,-0.017685,0.001647,-4.124286,-0.087918,4.125223,84|85|86|87|88|89,0.5649
6831.950356,-0.355926,-15.529012,-0.003780,12.795989,-0.017685,0.001647,-4.118366,-0.091010,4.119372,84|85|86|87|88|89,0.5634
6831.967023,-0.355926,-15.529012,-0.003779,12.809405,-0.017274,0.001583,-4.131782,-0.091421,4.132794,84|85|86|87|88|89,0.5621
6831.983690,-0.361825,-15.546292,-0.003073,12.809405,-0.017274,0.001583,-4.122392,-0.094630,4.123478,84|85|86|87|88|89,0.5624
6832.017023,-0.352729,-15.554242,-0.002282,12.823962,-0.016804,0.001824,-4.132626,-0.090159,4.133609,84|85|86|87|88|89,0.5641
6832.033690,-0.352729,-15.554242,-0.002282,12.838981,-0.016568,0.001895,-4.147646,-0.090396,4.148631,84|85|86|87|88|89,0.5652
6832.050356,-0.348533,-15.582439,-0.002472,12.846187,-0.016243,0.002193,-4.139525,-0.088446,4.140470,84|85|86|87|88|89,0.5655
6832.067023,-0.347541,-15.594048,-0.002882,12.853057,-0.015584,0.002288,-4.140087,-0.088568,4.141034,84|85|86|87|88|89,0.5664
6832.083690,-0.347541,-15.594047,-0.002884,12.860297,-0.015777,0.002335,-4.147327,-0.088375,4.148268,84|85|86|87|88|89,0.5651
6832.100356,-0.333010,-15.605871,-0.002665,12.867661,-0.015871,0.002301,-4.148261,-0.080386,4.149040,84|85|86|87|88|89,0.5646
6832.117023,-0.336391,-15.616443,-0.002920,12.875011,-0.015980,0.002297,-4.149867,-0.082117,4.150679,84|85|86|87|88|89,0.5642
6832.133690,-0.337842,-15.626895,-0.002579,12.875011,-0.015980,0.002297,-4.144187,-0.082908,4.145016,84|85|86|87|88|89,0.5654
6832.150356,-0.339657,-15.637666,-0.002516,12.889126,-0.015525,0.002401,-4.152448,-0.084352,4.153304,84|85|86|87|88|89,0.5643
6832.167023,-0.339221,-15.645539,-0.002663,12.889126,-0.015525,0.002401,-4.148169,-0.084117,4.149021,84|85|86|87|88|89,0.5642
6832.183690,-0.339221,-15.645542,-0.002656,12.903379,-0.016223,0.002410,-4.162420,-0.083418,4.163256,84|85|86|87|88|89,0.5635
6832.217023,-0.343645,-15.670545,-0.001787,12.910448,-0.016522,0.002455,-4.155902,-0.085529,4.156782,84|85|86|87|88|89,0.5653
6832.233690,-0.348048,-15.680423,-0.001522,12.917493,-0.016827,0.002450,-4.157580,-0.087619,4.158503,84|85|86|87|88|89,0.5643
6832.250356,-0.352745,-15.690575,-0.001770,12.924512,-0.016904,0.002589,-4.159082,-0.090097,4.160058,84|85|86|87|88|89,0.5641
6832.267023,-0.352745,-15.690576,-0.001767,12.938693,-0.016889,0.002847,-4.173263,-0.090112,4.174236,84|85|86|87|88|89,0.5623
6832.283690,-0.353423,-15.697979,-0.001227,12.945977,-0.017137,0.002911,-4.176523,-0.090235,4.177497,84|85|86|87|88|89,0.5631
6832.300356,-0.350552,-15.704189,-0.001625,12.953164,-0.017401,0.002881,-4.180335,-0.088411,4.181270,84|85|86|87|88|89,0.5628
6832.317023,-0.353846,-15.715610,-0.002439,12.959933,-0.017020,0.003008,-4.180898,-0.090585,4.181879,84|85|86|87|88|89|90,0.5628
6832.333690,-0.362954,-15.735017,-0.000862,12.959933,-0.017020,0.003008,-4.170352,-0.095539,4.171446,84|85|86|87|88|89|90|91,0.5511
6832.350356,-0.357542,-15.737208,-0.000143,12.966678,-0.016408,0.002739,-4.175905,-0.093211,4.176945,84|85|86|87|88|89|90|91,0.5488
6832.367023,-0.347720,-15.744828,-0.000173,12.981330,-0.016478,0.002671,-4.186414,-0.087805,4.187334,86|87|88|89|90|91,0.5635
6832.400356,-0.347719,-15.744826,-0.000176,12.995812,-0.017055,0.002625,-4.200897,-0.087227,4.201802,86|87|88|89|90|91,0.5629
6832.417023,-0.353945,-15.778909,-0.000684,13.002747,-0.017127,0.002690,-4.189310,-0.090546,4.190288,86|87|88|89|90|91,0.5624
6832.433690,-0.358201,-15.789497,-0.001126,13.009346,-0.016739,0.002695,-4.190155,-0.093249,4.191193,86|87|88|89|90|91,0.5621
6832.450356,-0.358905,-15.797063,-0.001011,13.009346,-0.016739,0.002695,-4.186044,-0.093633,4.187091,86|87|88|89|90|91,0.5614
6832.467023,-0.358905,-15.797065,-0.001010,13.024027,-0.016897,0.002525,-4.200723,-0.093476,4.201763,86|87|88|89|90|91,0.5609
6832.483690,-0.353960,-15.812066,-0.001908,13.024027,-0.016897,0.002525,-4.192569,-0.090792,4.193552,86|87|88|89|90|91,0.5609
6832.500356,-0.353960,-15.812066,-0.001908,13.031430,-0.017027,0.002526,-4.199973,-0.090661,4.200952,86|87|88|89|90|91,0.5599
6832.517023,-0.355779,-15.824864,-0.001753,13.038356,-0.016630,0.002497,-4.199943,-0.092049,4.200952,86|87|88|89|90|91,0.5599
6832.550356,-0.357963,-15.837006,-0.000873,13.059088,-0.016777,0.002349,-4.214077,-0.093092,4.215105,86|87|88|89|90|91,0.5591
6832.567023,-0.350276,-15.856111,-0.000272,13.059088,-0.016777,0.002349,-4.203692,-0.088918,4.204632,86|87|88|89|90|91,0.5616
6832.583690,-0.355520,-15.867512,-0.000197,13.073044,-0.017458,0.002428,-4.211453,-0.091090,4.212438,86|87|88|89|90|91,0.5627
6832.600356,-0.355520,-15.867512,-0.000195,13.079614,-0.017170,0.002522,-4.218023,-0.091377,4.219013,86|87|88|89|90|91,0.5632
6832.617023,-0.360666,-15.878855,-0.000868,13.086144,-0.016821,0.002465,-4.218390,-0.094527,4.219449,86|87|88|89|90|91,0.5629
6832.633690,-0.365756,-15.890263,-0.001333,13.093156,-0.015986,0.002403,-4.219203,-0.098130,4.220344,86|87|88|89|90|91,0.5632
6832.650356,-0.356910,-15.892620,-0.001922,13.093156,-0.015986,0.002403,-4.217920,-0.093323,4.218952,86|87|88|89|90|91,0.5637
6832.667023,-0.356911,-15.892617,-0.001922,13.107314,-0.016659,0.002285,-4.232080,-0.092650,4.233094,86|87|88|89|90|91,0.5626
6832.683690,-0.351036,-15.918728,-0.001636,13.107314,-0.016659,0.002285,-4.217888,-0.089463,4.218837,86|87|88|89|90|91,0.5633
6832.750356,-0.357776,-15.949965,-0.001232,13.142813,-0.017431,0.001744,-4.236411,-0.092361,4.237418,86|87|88|89|90|91,0.5640
6832.767023,-0.357777,-15.949964,-0.001234,13.149940,-0.017808,0.001816,-4.243539,-0.091985,4.244535,86|87|88|89|90|91,0.5641
6832.783690,-0.368345,-15.975697,-0.001624,13.156753,-0.017765,0.001955,-4.236369,-0.097776,4.237497,86|87|88|89|90|91,0.5635
6832.800356,-0.368345,-15.975696,-0.001626,13.163060,-0.017322,0.001897,-4.242677,-0.098219,4.243813,86|87|88|89|90|91,0.5628
6832.817023,-0.374288,-15.989334,-0.001760,13.169929,-0.017735,0.001789,-4.242135,-0.101039,4.243338,86|87|88|89|90|91|92,0.5619
6832.833690,-0.367339,-15.994879,-0.001870,13.169929,-0.017735,0.001789,-4.239120,-0.097264,4.240235,86|87|88|89|90|91|92,0.5617
6832.850356,-0.367338,-15.994878,-0.001873,13.177255,-0.017746,0.001673,-4.246446,-0.097253,4.247560,86|87|88|89|90|91|92,0.5630
6832.883690,-0.372980,-16.002453,-0.002152,13.198429,-0.017149,0.001582,-4.263505,-0.100917,4.264699,87|88|89|90|91|92,0.5633
6832.900356,-0.373956,-16.026182,-0.002050,13.205400,-0.017299,0.001456,-4.257580,-0.101302,4.258785,87|88|89|90|91|92,0.5630
6832.917023,-0.365823,-16.037643,-0.001829,13.205400,-0.017299,0.001456,-4.251349,-0.096885,4.252452,87|88|89|90|91|92,0.5648
6832.933690,-0.368073,-16.045494,-0.002149,13.212570,-0.017196,0.001227,-4.254252,-0.098213,4.255386,87|88|89|90|91|92,0.5654
6832.950356,-0.366221,-16.057786,-0.002333,13.219758,-0.016976,0.001180,-4.254760,-0.097429,4.255875,87|88|89|90|91|92,0.5649
6832.967023,-0.363014,-16.071630,-0.003278,13.233732,-0.016183,0.001269,-4.261209,-0.096482,4.262301,87|88|89|90|91|92,0.5637
6832.983690,-0.363014,-16.071630,-0.003278,13.233732,-0.016183,0.001269,-4.261209,-0.096482,4.262301,87|88|89|90|91|92,0.5621
6833.000356,-0.351858,-16.088478,-0.002904,13.240386,-0.015830,0.001251,-4.258704,-0.090776,4.259671,87|88|89|90|91|92,0.5622
6833.017023,-0.351858,-16.088482,-0.002901,13.254927,-0.016528,0.001207,-4.273243,-0.090078,4.274193,87|88|89|90|91|92,0.5625
6833.033690,-0.353457,-16.101322,-0.002685,13.254927,-0.016528,0.001207,-4.266265,-0.090950,4.267235,87|88|89|90|91|92,0.5641
6833.050356,-0.356972,-16.113576,-0.002856,13.269515,-0.017036,0.001178,-4.274194,-0.092355,4.275192,87|88|89|90|91|92,0.5641
6833.067023,-0.360609,-16.125578,-0.003544,13.269515,-0.017036,0.001178,-4.267672,-0.094334,4.268714,87|88|89|90|91|92,0.5639
6833.083690,-0.364390,-16.137847,-0.003675,13.275971,-0.016369,0.001131,-4.267461,-0.097058,4.268565,87|88|89|90|91|92,0.5618
6833.100356,-0.364389,-16.137850,-0.003676,13.289817,-0.016363,0.001165,-4.281305,-0.097064,4.282405,87|88|89|90|91|92,0.5618
6833.117023,-0.355096,-16.137136,-0.004139,13.296953,-0.016126,0.000892,-4.288827,-0.092250,4.289819,87|88|89|90|91|92,0.5619
6833.133690,-0.353532,-16.142468,-0.003473,13.296953,-0.016126,0.000892,-4.285929,-0.091401,4.286904,87|88|89|90|91|92,0.5632
6833.150356,-0.355617,-16.149957,-0.003285,13.304130,-0.015825,0.000899,-4.289036,-0.092837,4.290041,87|88|89|90|91|92,0.5651
6833.167023,-0.347507,-16.176917,-0.002535,13.311319,-0.015596,0.000939,-4.281572,-0.088664,4.282490,87|88|89|90|91|92,0.5647
6833.183690,-0.347507,-16.176915,-0.002536,13.324710,-0.015412,0.000876,-4.294964,-0.088849,4.295883,87|88|89|90|91|92,0.5633
6833.200356,-0.335835,-16.189757,-0.002630,13.324710,-0.015412,0.000876,-4.287982,-0.082508,4.288775,87|88|89|90|91|92,0.5640
6833.217023,-0.340883,-16.194561,-0.002774,13.332351,-0.015337,0.000850,-4.293013,-0.085327,4.293861,87|88|89|90|91|92,0.5649
6833.233690,-0.340883,-16.194559,-0.002774,13.347099,-0.015310,0.000850,-4.307762,-0.085354,4.308607,87|88|89|90|91|92,0.5650
6833.267023,-0.339845,-16.232971,-0.002066,13.360391,-0.015736,0.001231,-4.300178,-0.084372,4.301006,87|88|89|90|91|92,0.5636
6833.283690,-0.339844,-16.232976,-0.002065,13.360391,-0.015736,0.001231,-4.300176,-0.084372,4.301004,87|88|89|90|91|92,0.5625
6833.300356,-0.344890,-16.238132,-0.002130,13.367757,-0.015849,0.001246,-4.304740,-0.087003,4.305619,87|88|89|90|91|92,0.5630
6833.317023,-0.344890,-16.238130,-0.002131,13.381858,-0.016090,0.001278,-4.318842,-0.086762,4.319713,87|88|89|90|91|92,0.5630
6833.333690,-0.346716,-16.252520,-0.002304,13.388939,-0.016209,0.001277,-4.318103,-0.087638,4.318992,87|88|89|90|91|92,0.5635
6833.350356,-0.350634,-16.274652,-0.002228,13.388939,-0.016209,0.001277,-4.306076,-0.089772,4.307012,87|88|89|90|91|92|93|94,0.5634
6833.367023,-0.350626,-16.274674,-0.002207,13.402757,-0.016605,0.001289,-4.319881,-0.089372,4.320806,87|88|89|90|91|92|93|94,0.5521
6833.383690,-0.354611,-16.285801,-0.002379,13.402757,-0.016605,0.001289,-4.313835,-0.091540,4.314806,87|88|89|90|91|92|93|94,0.5514
6833.400356,-0.354298,-16.286733,-0.001690,13.410035,-0.016692,0.001312,-4.320606,-0.091283,4.321571,89|90|91|92|93|94,0.5613
6833.417023,-0.359617,-16.308698,-0.001838,13.424272,-0.016607,0.001352,-4.322907,-0.094264,4.323935,89|90|91|92|93|94,0.5616
6833.433690,-0.359617,-16.308698,-0.001838,13.424272,-0.016607,0.001352,-4.322907,-0.094264,4.323935,89|90|91|92|93|94,0.5626
6833.450356,-0.360558,-16.319904,-0.002062,13.437810,-0.016034,0.001393,-4.330356,-0.095351,4.331405,89|90|91|92|93|94,0.5609
6833.483690,-0.350575,-16.337743,-0.002669,13.445143,-0.016197,0.001299,-4.327991,-0.089766,4.328922,89|90|91|92|93|94,0.5633
6833.500356,-0.350575,-16.337742,-0.002667,13.459539,-0.016461,0.001318,-4.342388,-0.089502,4.343310,89|90|91|92|93|94,0.5634
6833.517023,-0.352854,-16.351060,-0.003540,13.466733,-0.016588,0.001290,-4.342344,-0.090616,4.343290,89|90|91|92|93|94,0.5630
6833.567023,-0.354836,-16.384602,-0.002494,13.479720,-0.016763,0.000875,-4.337102,-0.091526,4.338068,89|90|91|92|93|94,0.5599
6833.583690,-0.354836,-16.384602,-0.002496,13.494329,-0.016618,0.000125,-4.351711,-0.091670,4.352677,89|90|91|92|93|94,0.5624
6833.600356,-0.360818,-16.389166,-0.003307,13.501623,-0.016560,0.000099,-4.356526,-0.094980,4.357561,89|90|91|92|93|94,0.5628
6833.617023,-0.359167,-16.402798,-0.003719,13.508161,-0.016127,-0.000063,-4.355655,-0.094520,4.356680,89|90|91|92|93|94,0.5620
6833.633690,-0.357629,-16.416521,-0.003682,13.508161,-0.016127,-0.000063,-4.348196,-0.093687,4.349206,89|90|91|92|93|94,0.5617
6833.650356,-0.356811,-16.429341,-0.003097,13.514541,-0.016653,0.000029,-4.347609,-0.092719,4.348598,89|90|91|92|93|94,0.5623
6833.667023,-0.358964,-16.430680,-0.003451,13.529128,-0.016847,0.000012,-4.361468,-0.093695,4.362475,89|90|91|92|93|94,0.5643
6833.683690,-0.359637,-16.445459,-0.003461,13.529128,-0.016847,0.000012,-4.353437,-0.094064,4.354453,89|90|91|92|93|94,0.5644
6833.700356,-0.359638,-16.445458,-0.003463,13.543398,-0.017208,-0.000027,-4.367707,-0.093704,4.368712,89|90|91|92|93|94,0.5637
6833.717023,-0.362007,-16.458363,-0.003428,13.549813,-0.016446,-0.000041,-4.367109,-0.095756,4.368158,89|90|91|92|93|94,0.5634
6833.733690,-0.366124,-16.483660,-0.003076,13.549813,-0.016446,-0.000041,-4.353361,-0.097999,4.354464,89|90|91|92|93|94,0.5617
6833.750356,-0.355527,-16.482297,-0.002940,13.556421,-0.016187,-0.000009,-4.360708,-0.092498,4.361689,89|90|91|92|93|94,0.5612
6833.767023,-0.352261,-16.485744,-0.003174,13.563447,-0.016400,0.000033,-4.365860,-0.090511,4.366798,89|90|91|92|93|94,0.5614
6833.783690,-0.355425,-16.496380,-0.003169,13.578179,-0.016547,0.000002,-4.374812,-0.092086,4.375781,89|90|91|92|93|94,0.5621
6833.800356,-0.356332,-16.509766,-0.003127,13.578179,-0.016547,0.000002,-4.367537,-0.092582,4.368518,89|90|91|92|93|94,0.5634
6833.817023,-0.357542,-16.522617,-0.002828,13.591780,-0.016975,-0.000246,-4.374155,-0.092814,4.375140,89|90|91|92|93|94,0.5621
6833.833690,-0.357823,-16.529177,-0.003336,13.591780,-0.016975,-0.000246,-4.370590,-0.092968,4.371578,89|90|91|92|93|94,0.5618
6833.850356,-0.364420,-16.528625,-0.003287,13.598814,-0.017311,-0.001043,-4.377924,-0.096217,4.378981,89|90|91|92|93|94,0.5634
6833.867023,-0.364418,-16.528625,-0.003282,13.613275,-0.017491,-0.001105,-4.392385,-0.096036,4.393435,89|90|91|92|93|94,0.5640
6833.933690,-0.366550,-16.541343,-0.004817,13.633467,-0.018182,-0.001734,-4.405667,-0.096506,4.406723,90|91|92|93|94|95,0.5602
6833.950356,-0.379997,-16.579870,-0.004798,13.640496,-0.018228,-0.002253,-4.391760,-0.103777,4.392986,90|91|92|93|94|95,0.5615
6833.967023,-0.379996,-16.579870,-0.004798,13.655441,-0.017917,-0.002572,-4.406704,-0.104088,4.407934,90|91|92|93|94|95,0.5635
6833.983690,-0.376096,-16.607171,-0.005819,13.662321,-0.017859,-0.002809,-4.398747,-0.102032,4.399930,90|91|92|93|94|95,0.5632
6834.000356,-0.373593,-16.619508,-0.005935,13.662321,-0.017859,-0.002809,-4.392041,-0.100674,4.393195,90|91|92|93|94|95,0.5620
6834.017023,-0.373411,-16.621112,-0.006173,13.668843,-0.018207,-0.002826,-4.397691,-0.100228,4.398833,90|91|92|93|94|95,0.5623
6834.033690,-0.373412,-16.621113,-0.006173,13.683397,-0.017442,-0.002956,-4.412245,-0.100994,4.413400,90|91|92|93|94|95,0.5654
6834.067023,-0.378075,-16.622602,-0.006200,13.698096,-0.016555,-0.003099,-4.426136,-0.104415,4.427367,90|91|92|93|94|95,0.5641
6834.083690,-0.359734,-16.664506,-0.006915,13.704508,-0.016661,-0.003073,-4.409770,-0.094351,4.410779,90|91|92|93|94|95,0.5625
6834.100356,-0.354508,-16.677931,-0.007072,13.704508,-0.016661,-0.003073,-4.402473,-0.091513,4.403424,90|91|92|93|94|95,0.5606
6834.117023,-0.355439,-16.674944,-0.006757,13.711098,-0.017224,-0.003168,-4.410686,-0.091456,4.411634,90|91|92|93|94|95,0.5622
6834.150356,-0.355439,-16.674943,-0.006757,13.733103,-0.017241,-0.003325,-4.432692,-0.091438,4.433635,90|91|92|93|94|95,0.5627
6834.167023,-0.361892,-16.692558,-0.007159,13.740233,-0.017380,-0.003497,-4.430249,-0.094810,4.431263,90|91|92|93|94|95,0.5620
6834.217023,-0.361980,-16.705759,-0.007422,13.760255,-0.017275,-0.003772,-4.443097,-0.094965,4.444111,90|91|92|93|94|95,0.5632
6834.233690,-0.368196,-16.724425,-0.007657,13.760255,-0.017275,-0.003772,-4.432953,-0.098348,4.434044,90|91|92|93|94|95,0.5646
6834.250356,-0.360426,-16.739817,-0.007754,13.767699,-0.016727,-0.003751,-4.432031,-0.094676,4.433042,90|91|92|93|94|95,0.5661
6834.267023,-0.352387,-16.755172,-0.007876,13.775117,-0.016159,-0.003747,-4.431102,-0.090879,4.432033,90|91|92|93|94|95,0.5662
6834.283690,-0.344149,-16.770325,-0.007926,13.788706,-0.016327,-0.003725,-4.436454,-0.086237,4.437292,90|91|92|93|94|95,0.5646
6834.300356,-0.344442,-16.777863,-0.007887,13.788706,-0.016327,-0.003725,-4.432357,-0.086398,4.433199,90|91|92|93|94|95,0.5623
6834.317023,-0.346002,-16.777847,-0.007722,13.795734,-0.016489,-0.003984,-4.439394,-0.087084,4.440248,90|91|92|93|94|95,0.5625
6834.333690,-0.346000,-16.777845,-0.007719,13.811013,-0.016106,-0.003989,-4.454674,-0.087466,4.455533,90|91|92|93|94|95,0.5631
6834.350356,-0.347094,-16.786017,-0.007971,13.817980,-0.016550,-0.003964,-4.457200,-0.087618,4.458061,90|91|92|93|94|95,0.5623
6834.367023,-0.343107,-16.802408,-0.008074,13.817980,-0.016550,-0.003964,-4.448291,-0.085455,4.449111,90|91|92|93|94|95,0.5621
6834.383690,-0.347609,-16.822192,-0.007335,13.824358,-0.016884,-0.003918,-4.443918,-0.087573,4.444781,90|91|92|93|94|95|96|97,0.5624
6834.400356,-0.352084,-16.820807,-0.007373,13.838741,-0.017089,-0.003929,-4.459055,-0.089799,4.459959,90|91|92|93|94|95|96|97,0.5638
6834.417023,-0.355455,-16.829758,-0.007379,13.838741,-0.017089,-0.003929,-4.454191,-0.091633,4.455133,90|91|92|93|94|95|96|97,0.5632
6834.433690,-0.354303,-16.846319,-0.007473,13.845907,-0.017069,-0.003867,-4.452356,-0.091030,4.453287,92|93|94|95|96|97,0.5627
6834.450356,-0.353444,-16.858098,-0.007559,13.853010,-0.017046,-0.003884,-4.453057,-0.090589,4.453979,92|93|94|95|96|97,0.5619
6834.467023,-0.352733,-16.869608,-0.008140,13.866465,-0.018071,-0.003915,-4.460257,-0.089180,4.461148,92|93|94|95|96|97,0.5599
6834.483690,-0.359978,-16.873274,-0.007450,13.866465,-0.018071,-0.003915,-4.458266,-0.093118,4.459238,92|93|94|95|96|97,0.5599
6834.500356,-0.366662,-16.875611,-0.008046,13.873921,-0.017969,-0.003675,-4.464453,-0.096853,4.465504,92|93|94|95|96|97,0.5624
6834.517023,-0.366661,-16.875611,-0.008044,13.888822,-0.017769,-0.003619,-4.479354,-0.097053,4.480405,92|93|94|95|96|97,0.5607
6834.533690,-0.365166,-16.890221,-0.007635,13.888822,-0.017769,-0.003619,-4.471413,-0.096243,4.472449,92|93|94|95|96|97,0.5595
6834.550356,-0.361974,-16.912855,-0.007521,13.895645,-0.017224,-0.003748,-4.465934,-0.095058,4.466946,92|93|94|95|96|97,0.5580
6834.567023,-0.361974,-16.912855,-0.007520,13.908919,-0.018209,-0.005328,-4.479208,-0.094074,4.480196,92|93|94|95|96|97,0.5584
6834.583690,-0.354484,-16.915898,-0.007340,13.916054,-0.018282,-0.006029,-4.484688,-0.089931,4.485590,92|93|94|95|96|97,0.5609
6834.600356,-0.363530,-16.913257,-0.007667,13.916054,-0.018282,-0.006029,-4.486125,-0.094847,4.487128,92|93|94|95|96|97,0.5622
6834.617023,-0.362887,-16.927693,-0.009136,13.923201,-0.018321,-0.006043,-4.485426,-0.094461,4.486421,92|93|94|95|96|97,0.5616
6834.650356,-0.361671,-16.968219,-0.010551,13.943556,-0.018861,-0.006351,-4.483756,-0.093269,4.484726,92|93|94|95|96|97,0.5601
6834.667023,-0.366369,-16.974635,-0.010727,13.943556,-0.018861,-0.006351,-4.480270,-0.095824,4.481295,92|93|94|95|96|97,0.5619
6834.683690,-0.366368,-16.974636,-0.010732,13.957588,-0.018958,-0.007692,-4.494302,-0.095727,4.495321,92|93|94|95|96|97,0.5626
6834.700356,-0.368540,-16.970654,-0.010836,13.964980,-0.018681,-0.007765,-4.503859,-0.097182,4.504907,92|93|94|95|96|97,0.5640
6834.717023,-0.369645,-16.977469,-0.010858,13.964980,-0.018681,-0.007765,-4.500155,-0.097784,4.501218,92|93|94|95|96|97,0.5621
6834.733690,-0.364850,-16.993853,-0.011877,13.978429,-0.019208,-0.007811,-4.504698,-0.094656,4.505693,92|93|94|95|96|97,0.5607
6834.750356,-0.363101,-17.015535,-0.012760,13.978429,-0.019208,-0.007811,-4.492915,-0.093710,4.493892,92|93|94|95|96|97,0.5614
6834.767023,-0.363101,-17.015536,-0.012764,13.992659,-0.019499,-0.007905,-4.507144,-0.093419,4.508112,92|93|94|95|96|97,0.5631
6834.783690,-0.371278,-17.021505,-0.012565,13.992659,-0.019499,-0.007905,-4.503901,-0.097864,4.504965,92|93|94|95|96|97,0.5646
6834.800356,-0.371279,-17.021504,-0.012562,14.007237,-0.019534,-0.007935,-4.518480,-0.097829,4.519539,92|93|94|95|96|97,0.5646
6834.817023,-0.368888,-17.050979,-0.012756,14.007237,-0.019534,-0.007935,-4.502460,-0.096536,4.503495,92|93|94|95|96|97,0.5649
6834.833690,-0.368866,-17.064418,-0.013193,14.020380,-0.019089,-0.007726,-4.508300,-0.096972,4.509343,92|93|94|95|96|97,0.5631
6834.850356,-0.368866,-17.064418,-0.013192,14.027297,-0.019306,-0.007731,-4.515217,-0.096755,4.516253,92|93|94|95|96|97,0.5617
6834.867023,-0.360686,-17.070053,-0.013249,14.027297,-0.019306,-0.007731,-4.512153,-0.092311,4.513097,92|93|94|95|96|97,0.5625
6834.883690,-0.363929,-17.077728,-0.013478,14.041894,-0.019397,-0.007786,-4.522579,-0.093984,4.523555,92|93|94|95|96|97,0.5635
6834.917023,-0.363322,-17.102691,-0.013332,14.056065,-0.020070,-0.007925,-4.523184,-0.092986,4.524139,92|93|94|95|96|97|98,0.5624
6834.933690,-0.365876,-17.111803,-0.013005,14.062731,-0.020620,-0.008041,-4.524898,-0.093827,4.525871,92|93|94|95|96|97|98,0.5582
6834.950356,-0.365873,-17.111815,-0.013017,14.062731,-0.020620,-0.008041,-4.524891,-0.093825,4.525864,92|93|94|95|96|97|98,0.5578
6834.967023,-0.371758,-17.113969,-0.012880,14.077571,-0.020535,-0.008257,-4.538561,-0.097109,4.539600,93|94|95|96|97|98,0.5643
6834.983690,-0.376505,-17.133709,-0.013243,14.077571,-0.020535,-0.008257,-4.527834,-0.099693,4.528932,93|94|95|96|97|98,0.5638
6835.000356,-0.375847,-17.147876,-0.013334,14.084876,-0.020598,-0.008296,-4.527440,-0.099275,4.528528,93|94|95|96|97|98,0.5631
6835.017023,-0.375849,-17.147877,-0.013335,14.098486,-0.021367,-0.008637,-4.541049,-0.098507,4.542118,93|94|95|96|97|98,0.5622
6835.033690,-0.376277,-17.161931,-0.013789,14.105141,-0.021804,-0.008836,-4.540067,-0.098306,4.541131,93|94|95|96|97|98,0.5624
6835.050356,-0.383391,-17.167866,-0.013562,14.112531,-0.021517,-0.008946,-4.544233,-0.102461,4.545388,93|94|95|96|97|98,0.5633
6835.067023,-0.386600,-17.166157,-0.013353,14.112531,-0.021517,-0.008946,-4.545162,-0.104205,4.546357,93|94|95|96|97|98,0.5646
6835.083690,-0.391173,-17.171091,-0.013138,14.127304,-0.021499,-0.008943,-4.557254,-0.106709,4.558503,93|94|95|96|97|98,0.5647
6835.100356,-0.381978,-17.201994,-0.012975,14.127304,-0.021499,-0.008943,-4.540457,-0.101718,4.541596,93|94|95|96|97|98,0.5639
6835.133690,-0.381976,-17.201997,-0.012981,14.148072,-0.021241,-0.008997,-4.561224,-0.101975,4.562364,93|94|95|96|97|98,0.5664
6835.150356,-0.387371,-17.212089,-0.014455,14.155572,-0.020655,-0.009042,-4.563240,-0.105495,4.564459,93|94|95|96|97|98,0.5658
6835.183690,-0.387373,-17.212086,-0.014448,14.163081,-0.020115,-0.009107,-4.570751,-0.106037,4.571980,93|94|95|96|97|98,0.5628
6835.200356,-0.361183,-17.259723,-0.013276,14.176281,-0.020904,-0.009090,-4.558056,-0.091024,4.558964,93|94|95|96|97|98,0.5625
6835.217023,-0.365559,-17.261366,-0.013394,14.176281,-0.020904,-0.009090,-4.557164,-0.093403,4.558121,93|94|95|96|97|98,0.5636
6835.250356,-0.372877,-17.271173,-0.013398,14.191029,-0.021004,-0.009107,-4.566583,-0.097282,4.567619,93|94|95|96|97|98,0.5648
6835.267023,-0.372877,-17.271172,-0.013394,14.205602,-0.021110,-0.009072,-4.581157,-0.097176,4.582188,93|94|95|96|97|98,0.5634
6835.283690,-0.370454,-17.287598,-0.013548,14.211900,-0.021310,-0.009019,-4.578527,-0.095663,4.579526,93|94|95|96|97|98,0.5623
6835.300356,-0.368988,-17.300144,-0.013293,14.218227,-0.021806,-0.009000,-4.578035,-0.094373,4.579008,93|94|95|96|97|98,0.5613
6835.317023,-0.370185,-17.310248,-0.013474,14.218227,-0.021806,-0.009000,-4.572544,-0.095026,4.573531,93|94|95|96|97|98,0.5623
6835.333690,-0.378371,-17.307141,-0.013807,14.225237,-0.021536,-0.009104,-4.581244,-0.099744,4.582330,93|94|95|96|97|98,0.5632
6835.350356,-0.378372,-17.307141,-0.013807,14.240298,-0.020332,-0.008781,-4.596305,-0.100949,4.597414,93|94|95|96|97|98,0.5639
6835.367023,-0.364018,-17.332805,-0.013511,14.240298,-0.020332,-0.008781,-4.582354,-0.093153,4.583301,93|94|95|96|97|98,0.5635
6835.383690,-0.354938,-17.352957,-0.013173,14.247394,-0.020256,-0.008697,-4.578496,-0.088298,4.579347,93|94|95|96|97|98,0.5617
6835.400356,-0.352808,-17.363981,-0.014381,14.260589,-0.020725,-0.008597,-4.585699,-0.086675,4.586518,93|94|95|96|97|98|99,0.5528
6835.417023,-0.353248,-17.362593,-0.013389,14.268181,-0.020480,-0.008613,-4.594046,-0.087158,4.594873,93|94|95|96|97|98,0.5616
6835.433690,-0.353380,-17.363937,-0.013137,14.275820,-0.020391,-0.008591,-4.600955,-0.087319,4.601784,93|94|95|96|97|98|99|100,0.5526
6835.483690,-0.354813,-17.408616,-0.012616,14.289372,-0.021030,-0.008021,-4.590225,-0.087469,4.591058,95|96|97|98|99|100,0.5601
6835.517023,-0.354810,-17.408615,-0.012619,14.310647,-0.021585,-0.007827,-4.611500,-0.086912,4.612319,95|96|97|98|99|100,0.5636
6835.533690,-0.364660,-17.411340,-0.011757,14.317692,-0.021628,-0.007836,-4.617067,-0.092223,4.617988,95|96|97|98|99|100,0.5637
6835.567023,-0.363138,-17.427388,-0.012245,14.331148,-0.022394,-0.007792,-4.621800,-0.090633,4.622689,95|96|97|98|99|100,0.5627
6835.600357,-0.372603,-17.458965,-0.011713,14.346008,-0.022593,-0.007685,-4.619501,-0.095585,4.620490,95|96|97|98|99|100,0.5639
6835.617023,-0.374121,-17.470878,-0.011754,14.353503,-0.022635,-0.007671,-4.620522,-0.096370,4.621527,95|96|97|98|99|100,0.5637
6835.633690,-0.374157,-17.483631,-0.011376,14.360463,-0.022129,-0.007632,-4.620551,-0.096899,4.621567,95|96|97|98|99|100,0.5623
6835.650357,-0.374156,-17.483629,-0.011376,14.360463,-0.022129,-0.007632,-4.620552,-0.096898,4.621568,95|96|97|98|99|100,0.5616
6835.667023,-0.374241,-17.495806,-0.011370,14.374148,-0.022256,-0.007500,-4.627619,-0.096820,4.628632,95|96|97|98|99|100,0.5633
6835.683690,-0.362447,-17.501435,-0.011358,14.381399,-0.022523,-0.007567,-4.631808,-0.090145,4.632685,95|96|97|98|99|100,0.5637
6835.700357,-0.367199,-17.511617,-0.011206,14.381399,-0.022523,-0.007567,-4.626275,-0.092730,4.627205,95|96|97|98|99|100,0.5652
6835.717023,-0.367200,-17.511617,-0.011206,14.395886,-0.022749,-0.007557,-4.640763,-0.092503,4.641685,95|96|97|98|99|100,0.5650
6835.733690,-0.369834,-17.524417,-0.011461,14.403031,-0.022772,-0.007542,-4.640952,-0.093916,4.641902,95|96|97|98|99|100,0.5653
6835.750357,-0.370916,-17.537227,-0.011727,14.409052,-0.022983,-0.007521,-4.640011,-0.094295,4.640969,95|96|97|98|99|100,0.5631
6835.767023,-0.371629,-17.549721,-0.012017,14.415599,-0.023411,-0.007847,-4.639768,-0.094257,4.640725,95|96|97|98|99|100,0.5617
6835.783690,-0.373322,-17.553709,-0.012023,14.415599,-0.023411,-0.007847,-4.637601,-0.095178,4.638577,95|96|97|98|99|100,0.5628
6835.800357,-0.373324,-17.553712,-0.012027,14.430612,-0.023284,-0.008666,-4.652612,-0.095306,4.653588,95|96|97|98|99|100,0.5637
6835.817023,-0.374541,-17.575737,-0.013554,14.430612,-0.023284,-0.008666,-4.640642,-0.095972,4.641635,95|96|97|98|99|100,0.5628
6835.833690,-0.374542,-17.575737,-0.013550,14.444071,-0.023091,-0.008157,-4.654102,-0.096166,4.655095,95|96|97|98|99|100,0.5612
6835.883690,-0.373058,-17.592250,-0.013395,14.458309,-0.023716,-0.008192,-4.659365,-0.094739,4.660328,95|96|97|98|99|100,0.5624
6835.917023,-0.377574,-17.632838,-0.012130,14.472865,-0.023928,-0.008248,-4.651863,-0.096989,4.652874,95|96|97|98|99|100,0.5620
6835.950357,-0.373829,-17.653281,-0.012036,14.486521,-0.023081,-0.008234,-4.654408,-0.095806,4.655394,95|96|97|98|99|100|101,0.5615
6835.967023,-0.373831,-17.653284,-0.012032,14.500304,-0.023621,-0.007821,-4.668189,-0.095267,4.669161,95|96|97|98|99|100|101,0.5615
6835.983690,-0.365296,-17.655412,-0.011770,14.507773,-0.023748,-0.007873,-4.674500,-0.090501,4.675376,95|96|97|98|99|100|101,0.5641
6836.017023,-0.372751,-17.655928,-0.011374,14.521738,-0.023867,-0.007861,-4.688186,-0.094434,4.689137,96|97|98|99|100|101,0.5627
6836.033690,-0.375044,-17.700635,-0.011065,14.528438,-0.024661,-0.007909,-4.670589,-0.094896,4.671553,96|97|98|99|100|101,0.5621
6836.050357,-0.374005,-17.696974,-0.011431,14.528438,-0.024661,-0.007909,-4.672578,-0.094331,4.673530,96|97|98|99|100|101,0.5643
6836.067023,-0.384370,-17.701220,-0.010908,14.535946,-0.024802,-0.008401,-4.677782,-0.099824,4.678847,96|97|98|99|100|101,0.5647
6836.100357,-0.384368,-17.701217,-0.010911,14.550346,-0.025125,-0.008387,-4.692183,-0.099499,4.693238,96|97|98|99|100|101,0.5650
6836.117023,-0.387788,-17.744570,-0.011130,14.557574,-0.025319,-0.008495,-4.675851,-0.101174,4.676945,96|97|98|99|100|101,0.5632
6836.133690,-0.387787,-17.744568,-0.011132,14.570473,-0.025987,-0.008590,-4.688750,-0.100506,4.689827,96|97|98|99|100|101,0.5607
6836.167023,-0.389844,-17.754849,-0.011402,14.578010,-0.025866,-0.008794,-4.690700,-0.101747,4.691803,96|97|98|99|100|101,0.5628
6836.217023,-0.388725,-17.791968,-0.011768,14.605765,-0.026144,-0.008762,-4.698281,-0.100868,4.699364,96|97|98|99|100|101,0.5619
6836.250357,-0.388728,-17.791969,-0.011767,14.621091,-0.025243,-0.008699,-4.713607,-0.101771,4.714706,96|97|98|99|100|101,0.5636
6836.267023,-0.395722,-17.793540,-0.011877,14.628735,-0.024934,-0.008770,-4.720399,-0.105881,4.721586,96|97|98|99|100|101,0.5641
6836.283690,-0.382007,-17.828001,-0.012329,14.635755,-0.024285,-0.008667,-4.708687,-0.099084,4.709729,96|97|98|99|100|101,0.5627
6836.300357,-0.377385,-17.843476,-0.012786,14.635755,-0.024285,-0.008667,-4.700275,-0.096575,4.701267,96|97|98|99|100|101,0.5622
6836.317023,-0.367086,-17.847616,-0.013530,14.641925,-0.024760,-0.008599,-4.704194,-0.090504,4.705064,96|97|98|99|100|101,0.5622
6836.333690,-0.367085,-17.847616,-0.013531,14.656637,-0.025269,-0.008853,-4.718905,-0.089995,4.719763,96|97|98|99|100|101,0.5636
6836.350357,-0.373128,-17.843318,-0.012646,14.664104,-0.025352,-0.008856,-4.728709,-0.093195,4.729628,96|97|98|99|100|101,0.5634
6836.367023,-0.378725,-17.852608,-0.012694,14.664104,-0.025352,-0.008856,-4.723662,-0.096239,4.724642,96|97|98|99|100|101,0.5634
6836.383690,-0.377866,-17.869041,-0.012933,14.671529,-0.025447,-0.008868,-4.722155,-0.095681,4.723125,96|97|98|99|100|101,0.5627
6836.400357,-0.378349,-17.881706,-0.013163,14.684416,-0.025637,-0.008374,-4.728160,-0.095756,4.729130,96|97|98|99|100|101,0.5628
6836.417023,-0.378884,-17.894330,-0.013207,14.691288,-0.025784,-0.008329,-4.728171,-0.095902,4.729144,96|97|98|99|100|101,0.5633
6836.450357,-0.380878,-17.900003,-0.012800,14.698843,-0.025302,-0.008015,-4.732643,-0.097468,4.733646,96|97|98|99|100|101,0.5644
6836.467023,-0.380878,-17.900001,-0.012803,14.706374,-0.024928,-0.007792,-4.740176,-0.097843,4.741185,96|97|98|99|100|101,0.5644
6836.483690,-0.368780,-17.936371,-0.012092,14.719903,-0.024380,-0.007182,-4.733936,-0.091824,4.734826,96|97|98|99|100|101|102|103,0.5578
6836.500357,-0.369137,-17.937398,-0.012065,14.726490,-0.024852,-0.007106,-4.739964,-0.091546,4.740848,98|99|100|101|102|103,0.5619
6836.517023,-0.358525,-17.946025,-0.011877,14.726490,-0.024852,-0.007106,-4.735273,-0.085780,4.736050,97|98|99|100|101|102|103,0.5556
6836.533690,-0.364624,-17.950800,-0.011061,14.734224,-0.024755,-0.007076,-4.740414,-0.089194,4.741253,98|99|100|101|102|103,0.5640
6836.550357,-0.364621,-17.950796,-0.011060,14.749131,-0.024660,-0.007036,-4.755322,-0.089287,4.756161,98|99|100|101|102|103,0.5637
6836.567023,-0.360566,-17.980497,-0.012668,14.749131,-0.024660,-0.007036,-4.739180,-0.087089,4.739980,98|99|100|101|102|103,0.5629
6836.583690,-0.359414,-17.992281,-0.012548,14.762141,-0.025280,-0.005951,-4.745785,-0.085846,4.746561,98|99|100|101|102|103,0.5621
6836.600357,-0.359414,-17.992283,-0.012552,14.769569,-0.025339,-0.005726,-4.753213,-0.085787,4.753987,98|99|100|101|102|103,0.5632
6836.633690,-0.368453,-18.009121,-0.011361,14.776798,-0.025457,-0.005658,-4.751292,-0.090586,4.752156,98|99|100|101|102|103,0.5648
6836.650357,-0.368453,-18.009120,-0.011360,14.790995,-0.025773,-0.005582,-4.765490,-0.090269,4.766345,98|99|100|101|102|103,0.5648
6836.667023,-0.369620,-18.020815,-0.011160,14.790995,-0.025773,-0.005582,-4.759134,-0.090905,4.760002,98|99|100|101|102|103,0.5637
6836.700357,-0.376144,-18.042688,-0.010534,14.811955,-0.026330,-0.004834,-4.768208,-0.093899,4.769133,98|99|100|101|102|103,0.5626
6836.717023,-0.379023,-18.052630,-0.010992,14.811955,-0.026330,-0.004834,-4.762806,-0.095466,4.763762,98|99|100|101|102|103,0.5636
6836.733690,-0.380497,-18.064862,-0.010321,14.819373,-0.026464,-0.004795,-4.763576,-0.096136,4.764545,98|99|100|101|102|103,0.5636
6836.750357,-0.380498,-18.064863,-0.010320,14.833400,-0.025796,-0.004762,-4.777602,-0.096805,4.778583,98|99|100|101|102|103,0.5625
6836.767023,-0.378786,-18.084274,-0.009481,14.833400,-0.025796,-0.004762,-4.767052,-0.095878,4.768016,98|99|100|101|102|103,0.5622
6836.783690,-0.371853,-18.088293,-0.009367,14.840160,-0.025597,-0.004586,-4.771627,-0.092310,4.772520,98|99|100|101|102|103,0.5626
6836.817023,-0.371851,-18.088292,-0.009366,14.861285,-0.026370,-0.004530,-4.792753,-0.091536,4.793627,98|99|100|101|102|103,0.5636
6836.833690,-0.376297,-18.118331,-0.008854,14.868380,-0.026580,-0.004510,-4.783523,-0.093749,4.784441,98|99|100|101|102|103,0.5641
6836.867023,-0.381646,-18.141563,-0.008510,14.874929,-0.026162,-0.004408,-4.777447,-0.097079,4.778433,98|99|100|101|102|103,0.5625
6836.883690,-0.381647,-18.141566,-0.008507,14.888714,-0.026515,-0.004408,-4.791231,-0.096727,4.792207,98|99|100|101|102|103,0.5631
6836.900357,-0.377993,-18.146859,-0.009286,14.888714,-0.026515,-0.004408,-4.788353,-0.094742,4.789290,98|99|100|101|102|103,0.5625
6836.917023,-0.380369,-18.159619,-0.008984,14.896071,-0.026537,-0.004373,-4.788775,-0.096014,4.789738,98|99|100|101|102|103,0.5632
6836.933690,-0.380240,-18.172382,-0.008997,14.903384,-0.026410,-0.004227,-4.789152,-0.096073,4.790116,98|99|100|101|102|103,0.5622
6836.950357,-0.380241,-18.172384,-0.008997,14.916712,-0.026196,-0.004330,-4.802479,-0.096288,4.803444,98|99|100|101|102|103,0.5635
6836.983690,-0.374109,-18.188519,-0.008932,14.931219,-0.026808,-0.004299,-4.808215,-0.092347,4.809102,98|99|100|101|102|103,0.5630
6837.000357,-0.379233,-18.201666,-0.008877,14.931219,-0.026808,-0.004299,-4.801072,-0.095134,4.802014,98|99|100|101|102|103|104,0.5640
6837.017023,-0.382763,-18.213225,-0.008704,14.938357,-0.027092,-0.004327,-4.801928,-0.096772,4.802903,98|99|100|101|102|103|104,0.5568
6837.033690,-0.386715,-18.226911,-0.009107,14.945443,-0.027115,-0.004156,-4.801577,-0.098900,4.802595,99|100|101|102|103|104,0.5625
6837.050357,-0.386717,-18.226912,-0.009106,14.952103,-0.026785,-0.004282,-4.808237,-0.099230,4.809260,99|100|101|102|103|104,0.5626
6837.067023,-0.381048,-18.237593,-0.009812,14.958808,-0.026491,-0.004298,-4.809136,-0.096446,4.810103,99|100|101|102|103|104,0.5634
6837.100357,-0.373478,-18.253601,-0.009114,14.973275,-0.026529,-0.004179,-4.814901,-0.092297,4.815785,99|100|101|102|103|104,0.5641
6837.117023,-0.373478,-18.253600,-0.009113,14.987763,-0.026693,-0.004268,-4.829389,-0.092134,4.830268,99|100|101|102|103|104,0.5640
6837.133690,-0.376070,-18.265373,-0.009206,14.994417,-0.026827,-0.004385,-4.829646,-0.093411,4.830549,99|100|101|102|103|104,0.5650
6837.167023,-0.379673,-18.285706,-0.009677,15.001424,-0.027169,-0.004474,-4.825602,-0.095031,4.826538,99|100|101|102|103|104,0.5636
6837.183690,-0.379674,-18.285706,-0.009683,15.015697,-0.027674,-0.004446,-4.839875,-0.094527,4.840798,99|100|101|102|103|104,0.5647
6837.200357,-0.387512,-18.309679,-0.009577,15.022730,-0.027963,-0.004472,-4.833882,-0.098502,4.834885,99|100|101|102|103|104,0.5656
6837.217023,-0.391193,-18.321827,-0.009585,15.022730,-0.027963,-0.004472,-4.827280,-0.100506,4.828326,99|100|101|102|103|104,0.5652
6837.233690,-0.394829,-18.334136,-0.009784,15.036186,-0.028029,-0.004332,-4.834048,-0.102419,4.835133,99|100|101|102|103|104,0.5629
6837.267023,-0.395016,-18.340542,-0.009190,15.050822,-0.028366,-0.004341,-4.845202,-0.102184,4.846280,99|100|101|102|103|104,0.5629
6837.283690,-0.398617,-18.352647,-0.008945,15.058116,-0.028276,-0.004316,-4.845918,-0.104234,4.847039,99|100|101|102|103|104,0.5630
6837.300357,-0.399096,-18.365045,-0.009241,15.058116,-0.028276,-0.004316,-4.839180,-0.104497,4.840308,99|100|101|102|103|104,0.5636
6837.317023,-0.399092,-18.365046,-0.009236,15.071742,-0.027716,-0.004328,-4.852806,-0.105055,4.853943,99|100|101|102|103|104,0.5628
6837.350357,-0.389172,-18.385989,-0.008882,15.078932,-0.028010,-0.004334,-4.848611,-0.099374,4.849630,99|100|101|102|103|104,0.5640
6837.367023,-0.393071,-18.395970,-0.008778,15.093659,-0.027910,-0.004521,-4.857915,-0.101596,4.858977,99|100|101|102|103|104,0.5641
6837.400357,-0.390647,-18.426163,-0.009059,15.100608,-0.027255,-0.004506,-4.848454,-0.100939,4.849504,99|100|101|102|103|104,0.5633
6837.417023,-0.390650,-18.426167,-0.009062,15.114184,-0.026927,-0.004505,-4.862028,-0.101270,4.863082,99|100|101|102|103|104,0.5632
6837.433690,-0.381104,-18.430564,-0.009370,15.121530,-0.027187,-0.004450,-4.866982,-0.095823,4.867926,99|100|101|102|103|104,0.5619
6837.450357,-0.375712,-18.437142,-0.009282,15.121530,-0.027187,-0.004450,-4.863406,-0.092894,4.864293,99|100|101|102|103|104,0.5623
6837.467023,-0.379145,-18.449514,-0.009592,15.128888,-0.027457,-0.004436,-4.864041,-0.094492,4.864958,99|100|101|102|103|104,0.5626
6837.483690,-0.382789,-18.461781,-0.009711,15.143197,-0.027487,-0.004422,-4.871683,-0.096445,4.872638,99|100|101|102|103|104,0.5626
6837.500357,-0.386581,-18.474156,-0.009864,15.143197,-0.027487,-0.004422,-4.864959,-0.098508,4.865956,99|100|101|102|103|104|105|106,0.5610
6837.517023,-0.386587,-18.474162,-0.009875,15.156992,-0.027192,-0.004316,-4.878750,-0.098807,4.879751,99|100|101|102|103|104|105|106,0.5648
6837.533690,-0.375464,-18.481178,-0.010643,15.156992,-0.027192,-0.004316,-4.874935,-0.092763,4.875817,99|100|101|102|103|104|105|106,0.5629
6837.550357,-0.377428,-18.490326,-0.010350,15.164251,-0.027336,-0.004423,-4.877223,-0.093688,4.878122,99|100|101|102|103|104|105|106,0.5518
6837.567023,-0.378847,-18.504325,-0.011281,15.178980,-0.027038,-0.004104,-4.884344,-0.094761,4.885263,101|102|103|104|105|106,0.5657
6837.583690,-0.377341,-18.519760,-0.011394,15.185942,-0.026453,-0.003930,-4.882917,-0.094530,4.883832,101|102|103|104|105|106,0.5639
6837.600357,-0.372666,-18.530074,-0.011168,15.185942,-0.026453,-0.003930,-4.877311,-0.091991,4.878178,101|102|103|104|105|106,0.5638
6837.617023,-0.372666,-18.530075,-0.011173,15.199820,-0.026564,-0.003835,-4.891188,-0.091881,4.892051,101|102|103|104|105|106,0.5641
6837.633690,-0.364163,-18.536586,-0.010627,15.207274,-0.026640,-0.003835,-4.895101,-0.087185,4.895878,101|102|103|104|105|106,0.5652
6837.667023,-0.363240,-18.537228,-0.010674,15.221862,-0.026418,-0.003779,-4.909340,-0.086905,4.910110,101|102|103|104|105|106,0.5655
6837.683690,-0.366580,-18.561910,-0.010285,15.221862,-0.026418,-0.003779,-4.895927,-0.088726,4.896731,101|102|103|104|105|106,0.5642
6837.700357,-0.362700,-18.580459,-0.010407,15.235498,-0.026954,-0.003539,-4.899481,-0.086085,4.900237,101|102|103|104|105|106,0.5632
6837.733690,-0.369883,-18.591831,-0.009956,15.249852,-0.027513,-0.003446,-4.907657,-0.089433,4.908472,101|102|103|104|105|106,0.5651
6837.750357,-0.369881,-18.591830,-0.009952,15.257006,-0.027824,-0.003446,-4.914811,-0.089121,4.915619,101|102|103|104|105|106,0.5655
6837.767023,-0.373569,-18.603345,-0.009756,15.264008,-0.027716,-0.003293,-4.915556,-0.091236,4.916402,101|102|103|104|105|106,0.5643
6837.783690,-0.381691,-18.627058,-0.009936,15.270655,-0.027855,-0.003210,-4.909317,-0.095515,4.910246,101|102|103|104|105|106,0.5633
6837.800357,-0.379623,-18.633750,-0.009833,15.270655,-0.027855,-0.003210,-4.905679,-0.094393,4.906587,101|102|103|104|105|106,0.5633
6837.817023,-0.379625,-18.633752,-0.009835,15.285399,-0.028317,-0.002874,-4.920423,-0.093933,4.921319,101|102|103|104|105|106,0.5634
6837.833690,-0.385109,-18.647585,-0.009717,15.285399,-0.028317,-0.002874,-4.912905,-0.096916,4.913861,101|102|103|104|105|106,0.5639
6837.850357,-0.388603,-18.659798,-0.009397,15.292542,-0.028266,-0.002825,-4.913412,-0.098868,4.914407,101|102|103|104|105|106,0.5635
6837.883690,-0.382400,-18.670995,-0.009488,15.313568,-0.027542,-0.002964,-4.928351,-0.096224,4.929290,101|102|103|104|105|106,0.5640
6837.900357,-0.375816,-18.676374,-0.009556,15.320893,-0.027831,-0.002973,-4.932752,-0.092357,4.933616,101|102|103|104|105|106,0.5634
6837.917023,-0.375813,-18.676372,-0.009551,15.320893,-0.027831,-0.002973,-4.932752,-0.092356,4.933617,101|102|103|104|105|106,0.5640
6837.950357,-0.383570,-18.712655,-0.009526,15.335411,-0.028445,-0.002969,-4.927554,-0.095966,4.928488,101|102|103|104|105|106,0.5640
6837.967023,-0.387936,-18.724664,-0.009517,15.348843,-0.028051,-0.002750,-4.934459,-0.098735,4.935447,101|102|103|104|105|106,0.5620
6837.983690,-0.383715,-18.729529,-0.008986,15.348843,-0.028051,-0.002750,-4.931814,-0.096442,4.932757,101|102|103|104|105|106,0.5619
6838.000357,-0.383716,-18.729530,-0.008988,15.362969,-0.028313,-0.002890,-4.945940,-0.096180,4.946876,101|102|103|104|105|106,0.5622
6838.017023,-0.381566,-18.732214,-0.008316,15.370242,-0.028322,-0.002853,-4.951754,-0.095004,4.952665,101|102|103|104|105|106,0.5642
6838.050357,-0.384917,-18.767025,-0.009242,15.377131,-0.027949,-0.002954,-4.939725,-0.097206,4.940681,101|102|103|104|105|106|107,0.5585
6838.083690,-0.377969,-18.774162,-0.009661,15.398072,-0.028320,-0.003031,-4.956786,-0.093060,4.957659,102|103|104|105|106|107,0.5625
6838.100357,-0.377967,-18.774162,-0.009662,15.398072,-0.028320,-0.003031,-4.956786,-0.093059,4.957659,102|103|104|105|106|107,0.5635
6838.133690,-0.390088,-18.809672,-0.009501,15.412357,-0.028880,-0.002898,-4.951773,-0.099094,4.952765,102|103|104|105|106|107,0.5641
6838.150357,-0.390086,-18.809671,-0.009497,15.419270,-0.028659,-0.002952,-4.958687,-0.099314,4.959682,102|103|104|105|106|107,0.5627
6838.167023,-0.389827,-18.822014,-0.009748,15.433213,-0.027849,-0.003208,-4.965923,-0.099986,4.966929,102|103|104|105|106|107,0.5635
6838.183690,-0.389829,-18.822015,-0.009755,15.440287,-0.028108,-0.003231,-4.972996,-0.099728,4.973996,102|103|104|105|106|107,0.5630
6838.200357,-0.377934,-18.838367,-0.010509,15.440287,-0.028108,-0.003231,-4.964106,-0.093267,4.964982,102|103|104|105|106|107,0.5643
6838.233690,-0.385337,-18.861890,-0.010496,15.454505,-0.028424,-0.003232,-4.965542,-0.096980,4.966489,102|103|104|105|106|107,0.5646
6838.250357,-0.385335,-18.861889,-0.010493,15.468369,-0.028667,-0.003486,-4.979406,-0.096736,4.980346,102|103|104|105|106|107,0.5642
6838.267023,-0.385588,-18.870029,-0.010611,15.468369,-0.028667,-0.003486,-4.974982,-0.096875,4.975925,102|103|104|105|106|107,0.5643
6838.283690,-0.383931,-18.874627,-0.010942,15.482807,-0.029279,-0.003448,-4.986921,-0.095363,4.987833,102|103|104|105|106|107,0.5654
6838.300357,-0.388517,-18.882262,-0.010893,15.489932,-0.029608,-0.003472,-4.989898,-0.097528,4.990851,102|103|104|105|106|107,0.5657
6838.317023,-0.396928,-18.906506,-0.010666,15.489932,-0.029608,-0.003472,-4.976724,-0.102105,4.977771,102|103|104|105|106|107,0.5657
6838.333690,-0.401564,-18.918737,-0.011002,15.496914,-0.029473,-0.003359,-4.977059,-0.104762,4.978161,102|103|104|105|106|107,0.5646
6838.350357,-0.399160,-18.924836,-0.010814,15.510846,-0.029841,-0.003411,-4.987675,-0.103088,4.988741,102|103|104|105|106|107,0.5632
6838.367023,-0.400036,-18.925617,-0.010612,15.510846,-0.029841,-0.003411,-4.987251,-0.103565,4.988327,102|103|104|105|106|107,0.5640
6838.383690,-0.404058,-18.937999,-0.010635,15.525502,-0.029929,-0.003380,-4.995178,-0.105666,4.996296,102|103|104|105|106|107,0.5640
6838.400357,-0.404059,-18.937999,-0.010636,15.532261,-0.029554,-0.003376,-5.001938,-0.106041,5.003061,102|103|104|105|106|107,0.5650
6838.417023,-0.404586,-18.960341,-0.010557,15.532261,-0.029554,-0.003376,-4.989795,-0.106333,4.990928,102|103|104|105|106|107,0.5628
6838.433690,-0.404587,-18.960343,-0.010560,15.546236,-0.029603,-0.003467,-5.003770,-0.106284,5.004898,102|103|104|105|106|107,0.5610
6838.450357,-0.395706,-18.969297,-0.010608,15.546236,-0.029603,-0.003467,-4.998901,-0.101459,4.999931,102|103|104|105|106|107,0.5614
6838.467023,-0.399203,-18.981092,-0.010567,15.553818,-0.029562,-0.003496,-5.000073,-0.103403,5.001142,102|103|104|105|106|107,0.5622
6838.483690,-0.399203,-18.981092,-0.010569,15.568232,-0.028928,-0.003582,-5.014488,-0.104037,5.015567,102|103|104|105|106|107,0.5633
6838.500357,-0.399097,-19.013020,-0.010560,15.568232,-0.028928,-0.003582,-4.997135,-0.103986,4.998217,102|103|104|105|106|107,0.5634
6838.517023,-0.389141,-19.016431,-0.011107,15.575173,-0.028345,-0.003605,-5.002221,-0.099159,5.003203,102|103|104|105|106|107,0.5617
6838.533690,-0.389142,-19.016432,-0.011104,15.589113,-0.028629,-0.003594,-5.016160,-0.098876,5.017134,102|103|104|105|106|107,0.5624
6838.567023,-0.380839,-19.022855,-0.011615,15.596478,-0.028939,-0.003578,-5.020032,-0.094055,5.020913,102|103|104|105|106|107|108|109,0.5631
6838.600357,-0.392495,-19.060400,-0.011846,15.617601,-0.028668,-0.003583,-5.020753,-0.100669,5.021762,104|105|106|107|108|109,0.5625
6838.617023,-0.389809,-19.065402,-0.011621,15.624597,-0.028720,-0.003468,-5.025030,-0.099158,5.026008,104|105|106|107|108|109,0.5632
6838.650357,-0.384616,-19.075555,-0.011678,15.631974,-0.028839,-0.003699,-5.026888,-0.096219,5.027809,104|105|106|107|108|109,0.5660
6838.667023,-0.385468,-19.090411,-0.011731,15.647007,-0.028633,-0.003359,-5.033847,-0.096891,5.034780,104|105|106|107|108|109,0.5653
6838.683690,-0.385468,-19.090410,-0.011730,15.647007,-0.028633,-0.003359,-5.033848,-0.096891,5.034780,104|105|106|107|108|109,0.5645
6838.700357,-0.384838,-19.106464,-0.011801,15.660721,-0.027820,-0.003151,-5.038838,-0.097365,5.039778,104|105|106|107|108|109,0.5630
6838.717023,-0.372129,-19.123850,-0.011273,15.660721,-0.027820,-0.003151,-5.029385,-0.090462,5.030199,104|105|106|107|108|109,0.5634
6838.733690,-0.368992,-19.126272,-0.011357,15.675314,-0.028149,-0.003320,-5.042661,-0.088429,5.043436,104|105|106|107|108|109,0.5632
6838.750357,-0.368993,-19.126270,-0.011355,15.682771,-0.028275,-0.003320,-5.050119,-0.088304,5.050891,104|105|106|107|108|109,0.5647
6838.767023,-0.372599,-19.148419,-0.011386,15.689949,-0.027998,-0.003229,-5.045261,-0.090545,5.046073,104|105|106|107|108|109,0.5641
6838.783690,-0.373941,-19.160645,-0.011434,15.689949,-0.027998,-0.003229,-5.038616,-0.091277,5.039443,104|105|106|107|108|109,0.5626
6838.817023,-0.370813,-19.166856,-0.011352,15.710819,-0.028709,-0.003091,-5.056110,-0.088867,5.056891,104|105|106|107|108|109,0.5632
6838.850357,-0.378866,-19.189889,-0.011186,15.725168,-0.029318,-0.003050,-5.057943,-0.092640,5.058791,104|105|106|107|108|109,0.5637
6838.867023,-0.382903,-19.201516,-0.011038,15.732218,-0.029256,-0.002901,-5.058675,-0.094899,5.059565,104|105|106|107|108|109,0.5635
6838.900357,-0.386043,-19.220616,-0.010923,15.738849,-0.029375,-0.002880,-5.054926,-0.096490,5.055847,104|105|106|107|108|109,0.5619
6838.917023,-0.387566,-19.221624,-0.011017,15.745982,-0.029484,-0.002309,-5.061512,-0.097209,5.062445,104|105|106|107|108|109,0.5636
6838.933690,-0.387566,-19.221623,-0.011014,15.760426,-0.029660,-0.001935,-5.075956,-0.097032,5.076884,104|105|106|107|108|109,0.5650
6838.950357,-0.390978,-19.233107,-0.010397,15.760426,-0.029660,-0.001935,-5.069716,-0.098889,5.070680,104|105|106|107|108|109,0.5639
6838.967023,-0.394050,-19.253485,-0.010214,15.767290,-0.029333,-0.001898,-5.065505,-0.100890,5.066510,104|105|106|107|108|109,0.5653
6838.983690,-0.389318,-19.257688,-0.009568,15.774127,-0.028991,-0.001882,-5.070057,-0.098662,5.071017,104|105|106|107|108|109,0.5645
6839.000357,-0.384198,-19.261895,-0.009203,15.788745,-0.029119,-0.001919,-5.082387,-0.095752,5.083289,104|105|106|107|108|109,0.5639
6839.033690,-0.384197,-19.261894,-0.009200,15.803250,-0.029674,-0.001916,-5.096893,-0.095196,5.097782,104|105|106|107|108|109,0.5647
6839.050357,-0.385774,-19.286769,-0.009480,15.810123,-0.029493,-0.001785,-5.090247,-0.096240,5.091157,104|105|106|107|108|109,0.5656
6839.067023,-0.393403,-19.311574,-0.009765,15.810123,-0.029493,-0.001785,-5.076768,-0.100392,5.077761,104|105|106|107|108|109|110,0.5641
6839.117023,-0.393644,-19.311857,-0.010135,15.838220,-0.029627,-0.002141,-5.104711,-0.100389,5.105698,105|106|107|108|109|110,0.5631
6839.133690,-0.391918,-19.342921,-0.011214,15.838220,-0.029627,-0.002141,-5.087828,-0.099458,5.088800,105|106|107|108|109|110,0.5629
6839.150357,-0.391966,-19.355025,-0.011387,15.845260,-0.029112,-0.002053,-5.088290,-0.100002,5.089272,105|106|107|108|109|110,0.5621
6839.167023,-0.384446,-19.362622,-0.010998,15.851906,-0.028959,-0.002139,-5.090805,-0.096069,5.091712,105|106|107|108|109|110,0.5621
6839.183690,-0.383284,-19.363695,-0.011276,15.858737,-0.029304,-0.001890,-5.097052,-0.095093,5.097939,105|106|107|108|109|110,0.5634
6839.200357,-0.388732,-19.371362,-0.011795,15.873088,-0.029787,-0.001877,-5.107238,-0.097572,5.108170,105|106|107|108|109|110,0.5640
6839.217023,-0.392172,-19.383188,-0.012013,15.873088,-0.029787,-0.001877,-5.100812,-0.099444,5.101781,105|106|107|108|109|110,0.5648
6839.233690,-0.395781,-19.395174,-0.012270,15.880243,-0.030036,-0.001855,-5.101454,-0.101159,5.102457,105|106|107|108|109|110,0.5642
6839.250357,-0.399147,-19.407149,-0.012274,15.894361,-0.029207,-0.001431,-5.109064,-0.103821,5.110118,105|106|107|108|109|110,0.5628
6839.267023,-0.392226,-19.413167,-0.010943,15.901155,-0.029087,-0.001369,-5.112586,-0.100181,5.113568,105|106|107|108|109|110,0.5627
6839.283690,-0.392225,-19.413169,-0.010941,15.901155,-0.029087,-0.001369,-5.112585,-0.100180,5.113566,105|106|107|108|109|110,0.5628
6839.300357,-0.384628,-19.424272,-0.011148,15.908294,-0.029307,-0.001350,-5.113688,-0.095833,5.114585,105|106|107|108|109|110,0.5627
6839.333690,-0.390936,-19.447887,-0.011332,15.922647,-0.029594,-0.001336,-5.115209,-0.098980,5.116166,105|106|107|108|109|110,0.5642
6839.350357,-0.391577,-19.457246,-0.011043,15.936441,-0.029842,-0.001525,-5.123916,-0.099083,5.124873,105|106|107|108|109|110,0.5633
6839.367023,-0.391577,-19.457247,-0.011044,15.936441,-0.029842,-0.001525,-5.123915,-0.099082,5.124873,105|106|107|108|109|110,0.5629
6839.383690,-0.389610,-19.462448,-0.011120,15.950935,-0.030362,-0.001477,-5.135582,-0.097494,5.136507,105|106|107|108|109|110,0.5629
6839.400357,-0.398607,-19.480565,-0.010359,15.950935,-0.030362,-0.001477,-5.125738,-0.102387,5.126761,105|106|107|108|109|110,0.5631
6839.417023,-0.398608,-19.480564,-0.010360,15.958063,-0.030645,-0.001508,-5.132867,-0.102106,5.133883,105|106|107|108|109|110,0.5629
6839.450357,-0.404713,-19.512812,-0.010225,15.978971,-0.030932,-0.001566,-5.136250,-0.105143,5.137326,105|106|107|108|109|110,0.5611
6839.467023,-0.405239,-19.512048,-0.011046,15.978971,-0.030932,-0.001566,-5.136665,-0.105429,5.137747,105|106|107|108|109|110,0.5624
6839.483690,-0.409766,-19.523981,-0.010813,15.993661,-0.030998,-0.001504,-5.144871,-0.107826,5.146001,105|106|107|108|109|110,0.5641
6839.500357,-0.410380,-19.536050,-0.010131,15.993661,-0.030998,-0.001504,-5.138312,-0.108163,5.139451,105|106|107|108|109|110,0.5646
6839.517023,-0.410382,-19.536047,-0.010134,16.007177,-0.030268,-0.001552,-5.151830,-0.108893,5.152980,105|106|107|108|109|110,0.5639
6839.533690,-0.410526,-19.547886,-0.010027,16.007177,-0.030268,-0.001552,-5.145395,-0.108974,5.146549,105|106|107|108|109|110,0.5633
6839.550357,-0.400336,-19.556186,-0.010527,16.014321,-0.030603,-0.001572,-5.148026,-0.103103,5.149059,105|106|107|108|109|110,0.5632
6839.583690,-0.361211,-17.099149,-0.007526,16.036277,-0.029945,-0.001700,-6.505320,-0.081963,6.505836,11|105|106|107|108|109|110,0.5641
6839.600357,-0.389940,-17.249144,-0.008380,16.043256,-0.029349,-0.001729,-6.430786,-0.098206,6.431536,11|105|106|107|108|109|110|112,0.5526
6839.617023,-0.376512,-16.552074,-0.008174,16.043256,-0.029349,-0.001729,-6.809626,-0.090756,6.810231,11|107|108|109|110|112,0.5648
6839.633690,-0.368027,-16.553285,-0.007912,16.057217,-0.029623,-0.001689,-6.822927,-0.085871,6.823467,11|107|108|109|110|112,0.5651
6839.650357,-0.367973,-16.544662,-0.007906,16.064653,-0.029963,-0.001677,-6.835048,-0.085500,6.835583,11|107|108|109|110|112,0.5647
6839.667023,-0.372055,-16.560250,-0.008109,16.072056,-0.030302,-0.001702,-6.833981,-0.087383,6.834540,11|107|108|109|110|112,0.5654
6839.683690,-0.376616,-16.586161,-0.008434,16.072056,-0.030302,-0.001702,-6.819900,-0.089867,6.820492,11|107|108|109|110|112,0.5654
6839.700357,-0.376585,-16.581435,-0.008431,16.085725,-0.029536,-0.001668,-6.836137,-0.090615,6.836738,11|107|108|109|110|112,0.5634
6839.733690,-0.370183,-16.614063,-0.007774,16.092677,-0.029467,-0.001540,-6.825356,-0.087212,6.825913,11|107|108|109|110|112,0.5633
6839.767023,-0.372789,-16.637664,-0.008028,16.114854,-0.029504,-0.001305,-6.834706,-0.088596,6.835281,11|107|108|109|110|112,0.5651
6839.800357,-0.367941,-16.679474,-0.007605,16.128545,-0.028532,-0.000990,-6.825673,-0.086943,6.826227,11|107|108|109|110|112,0.5623
6839.833690,-0.354680,-16.676856,-0.007472,16.135511,-0.028814,-0.001156,-6.834060,-0.079454,6.834522,11|107|108|109|110|112,0.5638
6839.850357,-0.358181,-16.686115,-0.007452,16.150434,-0.028948,-0.001168,-6.843951,-0.081224,6.844433,11|107|108|109|110|112,0.5629
6839.867023,-0.358883,-16.695241,-0.007707,16.150434,-0.028948,-0.001168,-6.838992,-0.081608,6.839478,11|107|108|109|110|112,0.5638
6839.883690,-0.359844,-16.711921,-0.007863,16.157666,-0.028698,-0.001114,-6.837158,-0.082383,6.837654,11|107|108|109|110|112,0.5632
6839.900357,-0.356088,-16.711911,-0.007380,16.164361,-0.028665,-0.000947,-6.843858,-0.080375,6.844330,11|107|108|109|110|112,0.5624
6839.917023,-0.355942,-16.707220,-0.007420,16.178385,-0.029247,-0.000745,-6.860432,-0.079713,6.860895,11|107|108|109|110|112,0.5632
6839.933690,-0.360948,-16.718242,-0.007587,16.178385,-0.029247,-0.000745,-6.854443,-0.082435,6.854938,11|107|108|109|110|112,0.5651
6839.950357,-0.361027,-16.730965,-0.007593,16.185570,-0.029513,-0.000682,-6.854712,-0.082215,6.855205,11|107|108|109|110|112,0.5651
6839.967023,-0.368470,-16.758084,-0.007275,16.192712,-0.029796,-0.000691,-6.847117,-0.085983,6.847657,11|107|108|109|110|112,0.5646
6839.983690,-0.372652,-16.776948,-0.006915,16.199843,-0.029835,-0.000432,-6.843997,-0.088221,6.844566,11|107|108|109|110|112,0.5639
6840.000357,-0.372677,-16.781065,-0.006919,16.213581,-0.029950,0.000164,-6.855499,-0.088121,6.856065,11|107|108|109|110|112,0.5638
6840.017023,-0.374416,-16.785053,-0.007094,16.213581,-0.029950,0.000164,-6.853331,-0.089067,6.853910,11|107|108|109|110|112,0.5637
6840.033690,-0.375638,-16.789875,-0.006514,16.220930,-0.030104,0.000548,-6.858060,-0.089578,6.858645,11|107|108|109|110|112,0.5649
6840.050357,-0.375610,-16.785554,-0.006510,16.235152,-0.029843,0.000649,-6.874630,-0.089822,6.875217,11|107|108|109|110|112,0.5642
6840.067023,-0.379069,-16.801635,-0.005746,16.235152,-0.029843,0.000649,-6.865891,-0.091706,6.866504,11|107|108|109|110|112,0.5638
6840.083690,-0.375120,-16.803408,-0.005074,16.242094,-0.029522,0.000660,-6.871869,-0.089881,6.872457,11|107|108|109|110|112,0.5646
6840.100357,-0.375084,-16.797477,-0.005070,16.256653,-0.029444,0.000596,-6.889651,-0.089938,6.890238,11|107|108|109|110|112,0.5645
6840.117023,-0.373468,-17.250420,-0.005107,16.264011,-0.029712,0.000589,-6.650844,-0.088891,6.651438,11|107|108|109|110|112|113,0.5648
6840.150357,-0.373893,-16.860878,-0.005558,16.271195,-0.030006,0.000602,-6.869736,-0.088744,6.870309,11|108|109|110|112|113,0.5638
6840.167023,-0.378025,-16.873903,-0.005143,16.278111,-0.029896,0.000713,-6.869574,-0.091102,6.870178,11|108|109|110|112|113,0.5627
6840.200357,-0.378010,-16.871335,-0.005141,16.299182,-0.029993,0.000460,-6.892040,-0.090996,6.892641,11|108|109|110|112|113,0.5628
6840.217023,-0.376703,-16.878632,-0.005028,16.299182,-0.029993,0.000460,-6.888074,-0.090287,6.888666,11|108|109|110|112|113,0.5629
6840.233690,-0.377426,-16.880240,-0.004966,16.306632,-0.030011,0.000452,-6.894651,-0.090662,6.895247,11|108|109|110|112|113,0.5631
6840.250357,-0.377439,-16.882332,-0.004971,16.320272,-0.029134,0.000212,-6.907154,-0.091547,6.907761,11|108|109|110|112|113,0.5623
6840.283690,-0.366879,-16.910014,-0.006040,16.334013,-0.029826,0.000149,-6.905847,-0.085122,6.906372,11|108|109|110|112|113,0.5641
6840.317023,-0.376478,-16.908339,-0.006060,16.341170,-0.030040,0.000138,-6.913917,-0.090124,6.914505,11|108|109|110|112|113,0.5654
6840.333690,-0.379766,-16.928148,-0.005739,16.348360,-0.030252,0.000161,-6.910342,-0.091704,6.910950,11|108|109|110|112|113,0.5649
6840.350357,-0.382793,-16.934578,-0.005526,16.355409,-0.030070,0.000199,-6.913897,-0.093532,6.914529,11|108|109|110|112|113,0.5640
6840.367023,-0.380217,-16.944704,-0.005589,16.362347,-0.029779,0.000178,-6.915331,-0.092425,6.915949,11|108|109|110|112|113,0.5642
6840.383690,-0.380241,-16.948267,-0.005592,16.369337,-0.029192,0.000189,-6.920385,-0.093026,6.921010,11|108|109|110|112|113,0.5628
6840.400357,-0.367908,-16.953809,-0.005778,16.383697,-0.029462,0.000896,-6.931730,-0.086054,6.932264,11|108|109|110|112|113,0.5624
6840.450357,-0.375488,-17.001428,-0.004463,16.404621,-0.029757,0.000705,-6.926777,-0.089889,6.927360,11|108|109|110|112|113,0.5623
6840.467023,-0.373759,-17.015697,-0.004366,16.404621,-0.029757,0.000705,-6.919021,-0.088953,6.919593,11|108|109|110|112|113,0.5626
6840.483690,-0.378703,-17.012785,-0.003711,16.419223,-0.030201,0.000717,-6.935206,-0.091195,6.935806,11|108|109|110|112|113,0.5624
6840.500357,-0.382106,-17.020845,-0.004205,16.419223,-0.030201,0.000717,-6.930826,-0.093046,6.931451,11|108|109|110|112|113,0.5632
6840.517023,-0.385579,-17.031156,-0.004217,16.426395,-0.030439,0.000656,-6.932396,-0.094698,6.933043,11|108|109|110|112|113,0.5630
6840.533690,-0.389110,-17.038910,-0.004225,16.433557,-0.030462,0.000801,-6.935345,-0.096596,6.936018,11|108|109|110|112|113,0.5625
6840.550357,-0.389149,-17.044977,-0.004229,16.447144,-0.030849,0.000215,-6.945634,-0.096231,6.946301,11|108|109|110|112|113,0.5615
6840.583690,-0.388866,-17.036039,-0.004442,16.462151,-0.030934,0.000217,-6.965499,-0.095991,6.966160,11|108|109|110|112|113,0.5631
6840.600357,-0.394756,-17.068479,-0.005471,16.469017,-0.030439,0.000214,-6.954736,-0.099694,6.955450,11|108|109|110|112|113,0.5643
6840.617023,-0.400556,-17.844621,-0.005675,16.475834,-0.029963,0.000068,-6.539737,-0.103491,6.540556,11|108|109|110|112|113|114|115,0.5643
6840.633690,-0.401140,-17.834844,-0.005686,16.482668,-0.030524,0.000288,-6.551885,-0.103245,6.552699,11|108|109|110|112|113|114|115,0.5592
6840.650357,-0.394534,-17.815431,-0.005487,16.482668,-0.030524,0.000288,-6.562434,-0.099651,6.563191,11|108|109|110|112|113|114|115,0.5517
6840.667023,-0.383599,-17.125376,-0.004760,16.490113,-0.030440,-0.000075,-6.944906,-0.093642,6.945538,11|110|112|113|114|115,0.5663
6840.683690,-0.390139,-17.144907,-0.005217,16.497628,-0.030231,-0.000122,-6.941809,-0.097409,6.942493,11|110|112|113|114|115,0.5653
6840.700357,-0.387138,-17.155073,-0.005147,16.504902,-0.029828,0.000018,-6.943557,-0.096183,6.944223,11|110|112|113|114|115,0.5628
6840.717023,-0.387073,-17.145491,-0.005140,16.518410,-0.028955,-0.000039,-6.962272,-0.097019,6.962948,11|110|112|113|114|115,0.5625
6840.733690,-0.371461,-17.152755,-0.005190,16.518410,-0.028955,-0.000039,-6.958321,-0.088536,6.958884,11|110|112|113|114|115,0.5630
6840.750357,-0.371628,-17.178191,-0.005200,16.532983,-0.029620,-0.000230,-6.959071,-0.087967,6.959627,11|110|112|113|114|115,0.5638
6840.767023,-0.368680,-17.171005,-0.005479,16.532983,-0.029620,-0.000230,-6.962976,-0.086363,6.963511,11|110|112|113|114|115,0.5652
6840.783690,-0.374769,-17.174162,-0.004975,16.547549,-0.029757,-0.000244,-6.975827,-0.089536,6.976402,11|110|112|113|114|115,0.5654
6840.800357,-0.377265,-17.184671,-0.004921,16.547549,-0.029757,-0.000244,-6.970116,-0.090895,6.970709,11|110|112|113|114|115,0.5647
6840.817023,-0.379841,-17.206244,-0.004777,16.554324,-0.029276,-0.000246,-6.965167,-0.092780,6.965785,11|110|112|113|114|115,0.5646
6840.833690,-0.372649,-17.217545,-0.005417,16.561195,-0.029069,-0.000148,-6.965895,-0.089082,6.966464,11|110|112|113|114|115,0.5654
6840.850357,-0.372550,-17.202708,-0.005407,16.575795,-0.029395,-0.000200,-6.988558,-0.088699,6.989121,11|110|112|113|114|115,0.5652
6840.867023,-0.370318,-17.216991,-0.005514,16.583194,-0.029296,-0.000066,-6.988194,-0.087588,6.988743,11|110|112|113|114|115,0.5643
6840.900357,-0.374432,-17.227717,-0.005318,16.597230,-0.028185,0.000148,-6.996402,-0.090936,6.996993,11|110|112|113|114|115,0.5624
6840.917023,-0.364026,-17.261367,-0.005100,16.597230,-0.028185,0.000148,-6.978111,-0.085288,6.978633,11|110|112|113|114|115,0.5630
6840.950357,-0.362080,-17.278507,-0.005364,16.611467,-0.028630,0.000016,-6.983033,-0.083790,6.983535,11|110|112|113|114|115,0.5631
6840.983690,-0.364543,-17.303432,-0.005142,16.626280,-0.028386,0.000169,-6.984300,-0.085377,6.984822,11|110|112|113|114|115,0.5638
6841.000357,-0.364527,-17.301068,-0.005141,16.633100,-0.028259,0.000287,-6.992404,-0.085495,6.992927,11|110|112|113|114|115,0.5637
6841.017023,-0.359416,-17.313792,-0.004918,16.646952,-0.028968,0.000246,-6.999341,-0.082012,6.999821,11|110|112|113|114|115,0.5634
6841.033690,-0.358072,-17.305845,-0.004864,16.646952,-0.028968,0.000246,-7.003659,-0.081280,7.004131,11|110|112|113|114|115,0.5641
6841.067023,-0.370776,-17.321152,-0.003984,16.661308,-0.029369,0.000215,-7.009699,-0.087786,7.010248,11|110|112|113|114|115,0.5654
6841.083690,-0.370738,-17.315453,-0.003984,16.675020,-0.029691,0.000308,-7.026509,-0.087442,7.027053,11|110|112|113|114|115,0.5640
6841.133690,-0.382370,-17.793447,-0.005256,16.688557,-0.030222,-0.000896,-6.780269,-0.093336,6.780911,11|110|112|113|114|115|116,0.5629
6841.167023,-0.383335,-17.383522,-0.005197,16.702678,-0.030028,-0.000782,-7.017175,-0.093966,7.017804,11|112|113|114|115|116,0.5627
6841.183690,-0.378616,-17.390384,-0.004691,16.716513,-0.029585,-0.000766,-7.027280,-0.091846,7.027880,11|112|113|114|115|116,0.5631
6841.200357,-0.378655,-17.396219,-0.004693,16.724070,-0.029762,-0.000821,-7.031665,-0.091691,7.032263,11|112|113|114|115|116,0.5630
6841.217023,-0.372677,-17.427507,-0.004641,16.724070,-0.029762,-0.000821,-7.014659,-0.088449,7.015217,11|112|113|114|115|116,0.5637
6841.233690,-0.375094,-17.443582,-0.005140,16.731626,-0.029929,-0.000832,-7.013480,-0.089600,7.014052,11|112|113|114|115|116,0.5639
6841.250357,-0.375109,-17.445828,-0.005140,16.745965,-0.030133,-0.000610,-7.026598,-0.089404,7.027167,11|112|113|114|115|116,0.5638
6841.267023,-0.377304,-17.446104,-0.005187,16.752695,-0.029847,-0.000726,-7.033179,-0.090883,7.033766,11|112|113|114|115|116,0.5631
6841.283690,-0.379155,-17.467528,-0.005366,16.759113,-0.030421,-0.000979,-7.027954,-0.091320,7.028547,11|112|113|114|115|116,0.5631
6841.300357,-0.375747,-17.468721,-0.005292,16.766672,-0.030500,-0.001593,-7.034863,-0.089389,7.035431,11|112|113|114|115|116,0.5623
6841.317023,-0.382866,-17.467903,-0.005254,16.774155,-0.030480,-0.001589,-7.042792,-0.093278,7.043410,11|112|113|114|115|116,0.5625
6841.333690,-0.382575,-17.481547,-0.005595,16.774155,-0.030480,-0.001589,-7.035377,-0.093123,7.035993,11|112|113|114|115|116,0.5628
6841.350357,-0.382121,-17.481154,-0.006130,16.781210,-0.029997,-0.001591,-7.042645,-0.093359,7.043264,11|112|113|114|115|116,0.5626
6841.367023,-0.375240,-17.494096,-0.006285,16.788032,-0.029589,-0.001794,-7.042432,-0.090030,7.043008,11|112|113|114|115|116,0.5618
6841.400357,-0.379605,-17.523692,-0.006761,16.808939,-0.030534,-0.001712,-7.047256,-0.091463,7.047849,11|112|113|114|115|116,0.5627
6841.417023,-0.379538,-17.513531,-0.006758,16.808939,-0.030534,-0.001712,-7.052778,-0.091425,7.053371,11|112|113|114|115|116,0.5626
6841.433690,-0.381638,-17.514138,-0.006664,16.823057,-0.030531,-0.001713,-7.066567,-0.092569,7.067173,11|112|113|114|115|116,0.5626
6841.450357,-0.383863,-17.519289,-0.006503,16.829942,-0.030185,-0.001740,-7.070653,-0.094126,7.071279,11|112|113|114|115|116,0.5621
6841.467023,-0.382915,-17.541353,-0.006545,16.829942,-0.030185,-0.001740,-7.058661,-0.093616,7.059282,11|112|113|114|115|116,0.5624
6841.483690,-0.377924,-17.546959,-0.006428,16.843864,-0.030028,-0.001394,-7.069536,-0.091061,7.070122,11|112|113|114|115|116,0.5620
6841.500357,-0.377972,-17.554196,-0.006431,16.851078,-0.030121,-0.001371,-7.072816,-0.090995,7.073401,11|112|113|114|115|116,0.5623
6841.517023,-0.372833,-17.548163,-0.005691,16.858495,-0.030206,-0.001440,-7.083511,-0.088117,7.084059,11|112|113|114|115|116,0.5627
6841.533690,-0.376151,-17.552321,-0.005425,16.865523,-0.029937,-0.001646,-7.088280,-0.090190,7.088853,11|112|113|114|115|116,0.5638
6841.550357,-0.378688,-17.566303,-0.005183,16.865523,-0.029937,-0.001646,-7.080681,-0.091571,7.081273,11|112|113|114|115|116,0.5630
6841.600357,-0.389967,-17.614535,-0.006564,16.886943,-0.031347,-0.002096,-7.075891,-0.096302,7.076547,11|112|113|114|115|116,0.5641
6841.617023,-0.394789,-17.627036,-0.006539,16.894347,-0.031695,-0.002134,-7.076502,-0.098577,7.077188,11|112|113|114|115|116,0.5655
6841.650357,-0.398377,-18.486503,-0.007229,16.907612,-0.031281,-0.001972,-6.622666,-0.101128,6.623438,11|112|113|114|115|116|117|118,0.5577
6841.667023,-0.398133,-18.449733,-0.007216,16.921749,-0.031957,-0.002371,-6.656786,-0.100312,6.657542,11|112|113|114|115|116|117|118,0.5616
6841.683690,-0.407285,-18.439590,-0.006903,16.921749,-0.031957,-0.002371,-6.662301,-0.105283,6.663133,11|112|113|114|115|116|117|118,0.5626
6841.700357,-0.421478,-20.709134,-0.007566,16.929228,-0.031868,-0.002332,-5.436335,-0.113579,5.437522,113|114|115|116|117|118,0.5643
6841.733690,-0.421481,-20.709136,-0.007564,16.943153,-0.030994,-0.002414,-5.450259,-0.114454,5.451461,113|114|115|116|117|118,0.5629
6841.767023,-0.413936,-20.729741,-0.007199,16.956979,-0.031677,-0.002710,-5.452885,-0.109675,5.453988,113|114|115|116|117|118,0.5655
6841.783690,-0.416466,-20.747935,-0.007421,16.964768,-0.031297,-0.002811,-5.450786,-0.111434,5.451925,113|114|115|116|117|118,0.5658
6841.800357,-0.410789,-20.768220,-0.007373,16.979445,-0.030194,-0.002870,-5.454438,-0.109456,5.455536,113|114|115|116|117|118,0.5635
6841.817023,-0.410790,-20.768220,-0.007369,16.979445,-0.030194,-0.002870,-5.454438,-0.109457,5.455536,113|114|115|116|117|118,0.5624
6841.833690,-0.406132,-20.782002,-0.007052,16.992752,-0.030709,-0.002942,-5.460255,-0.106413,5.461291,113|114|115|116|117|118,0.5621
6841.850357,-0.394853,-20.787783,-0.007223,17.000330,-0.030820,-0.002945,-5.464688,-0.100173,5.465606,113|114|115|116|117|118,0.5625
6841.867023,-0.401270,-20.791863,-0.007149,17.000330,-0.030820,-0.002945,-5.462472,-0.103662,5.463455,113|114|115|116|117|118,0.5635
6841.900357,-0.401271,-20.791862,-0.007149,17.021967,-0.030433,-0.002965,-5.484109,-0.104050,5.485096,113|114|115|116|117|118,0.5642
6841.917024,-0.404516,-20.831592,-0.007406,17.021967,-0.030433,-0.002965,-5.462517,-0.105822,5.463542,113|114|115|116|117|118,0.5636
6841.933690,-0.396294,-20.835437,-0.007517,17.035797,-0.030489,-0.002894,-5.474256,-0.101298,5.475193,113|114|115|116|117|118,0.5641
6841.950357,-0.394060,-20.838312,-0.007350,17.035797,-0.030489,-0.002894,-5.472693,-0.100085,5.473608,113|114|115|116|117|118,0.5654
6841.967024,-0.394061,-20.838311,-0.007350,17.050376,-0.030624,-0.002847,-5.487273,-0.099950,5.488183,113|114|115|116|117|118,0.5670
6841.983690,-0.399718,-20.861827,-0.007544,17.050376,-0.030624,-0.002847,-5.474493,-0.103029,5.475463,113|114|115|116|117|118,0.5661
6842.000357,-0.397979,-20.878016,-0.007401,17.064500,-0.029525,-0.002382,-5.479819,-0.103187,5.480790,113|114|115|116|117|118,0.5642
6842.017024,-0.397980,-20.878016,-0.007402,17.070737,-0.030085,-0.002341,-5.486056,-0.102628,5.487016,113|114|115|116|117|118,0.5652
6842.033690,-0.381051,-20.891358,-0.007022,17.070737,-0.030085,-0.002341,-5.478801,-0.093430,5.479597,113|114|115|116|117|118,0.5638
6842.067024,-0.388182,-20.906064,-0.007065,17.093384,-0.029815,-0.002273,-5.493457,-0.097579,5.494324,113|114|115|116|117|118,0.5636
6842.083690,-0.388183,-20.906064,-0.007063,17.093384,-0.029815,-0.002273,-5.493457,-0.097579,5.494324,113|114|115|116|117|118,0.5633
6842.117024,-0.387545,-20.919145,-0.007023,17.113882,-0.030354,-0.001812,-5.506846,-0.096696,5.507695,113|114|115|116|117|118,0.5635
6842.133690,-0.391315,-20.932477,-0.007357,17.113882,-0.030354,-0.001812,-5.499601,-0.098748,5.500488,113|114|115|116|117|118,0.5641
6842.167024,-0.395126,-20.959638,-0.007174,17.128364,-0.030632,-0.001702,-5.499322,-0.100547,5.500241,113|114|115|116|117|118|119,0.5620
6842.183690,-0.397197,-20.971711,-0.007027,17.142304,-0.031034,-0.001319,-5.506701,-0.101274,5.507632,113|114|115|116|117|118|119,0.5577
6842.200357,-0.396971,-20.972182,-0.006766,17.149120,-0.031175,-0.001045,-5.513262,-0.101010,5.514187,114|115|116|117|118|119,0.5607
6842.233690,-0.403781,-20.991296,-0.006755,17.156539,-0.031232,-0.000785,-5.510295,-0.104658,5.511288,114|115|116|117|118|119,0.5633
6842.250357,-0.405399,-21.004100,-0.006806,17.163987,-0.031331,-0.000719,-5.510784,-0.105442,5.511793,114|115|116|117|118|119,0.5628
6842.267024,-0.407156,-21.016997,-0.006789,17.171118,-0.030997,-0.000629,-5.510906,-0.106733,5.511940,114|115|116|117|118|119,0.5619
6842.283690,-0.407156,-21.016998,-0.006788,17.184988,-0.030504,-0.000471,-5.524776,-0.107226,5.525816,114|115|116|117|118|119,0.5625
6842.300357,-0.402076,-21.023317,-0.006298,17.192237,-0.030766,-0.000476,-5.528589,-0.104204,5.529571,114|115|116|117|118|119,0.5623
6842.317024,-0.395312,-21.032038,-0.006006,17.199517,-0.030966,-0.000479,-5.531128,-0.100330,5.532038,114|115|116|117|118|119,0.5622
6842.350357,-0.401995,-21.059357,-0.005460,17.206795,-0.031152,-0.000479,-5.523559,-0.103783,5.524534,114|115|116|117|118|119,0.5639
6842.367024,-0.404742,-21.072585,-0.005175,17.213951,-0.031096,-0.000172,-5.523528,-0.105334,5.524532,114|115|116|117|118|119,0.5629
6842.383690,-0.404742,-21.072584,-0.005177,17.220711,-0.030712,-0.000243,-5.530287,-0.105717,5.531298,114|115|116|117|118|119,0.5607
6842.400357,-0.402961,-21.081746,-0.004989,17.234106,-0.031384,-0.000724,-5.538703,-0.104080,5.539681,114|115|116|117|118|119,0.5612
6842.433690,-0.405748,-21.098460,-0.005923,17.241527,-0.031371,-0.000845,-5.537041,-0.105611,5.538048,114|115|116|117|118|119,0.5626
6842.450357,-0.405750,-21.098460,-0.005918,17.255625,-0.030519,-0.000866,-5.551139,-0.106464,5.552160,114|115|116|117|118|119,0.5626
6842.467024,-0.400519,-21.122615,-0.006429,17.255625,-0.030519,-0.000866,-5.538011,-0.103627,5.538980,114|115|116|117|118|119,0.5622
6842.483690,-0.393732,-21.129626,-0.006449,17.261863,-0.030959,-0.000819,-5.540436,-0.099500,5.541330,114|115|116|117|118|119,0.5621
6842.500357,-0.393730,-21.129628,-0.006450,17.276515,-0.031487,-0.000800,-5.555087,-0.098971,5.555969,114|115|116|117|118|119,0.5612
6842.517024,-0.405134,-21.141541,-0.006395,17.283764,-0.031711,-0.000828,-5.555865,-0.104947,5.556856,114|115|116|117|118|119,0.5632
6842.533690,-0.405134,-21.141541,-0.006393,17.290788,-0.031453,-0.000683,-5.562888,-0.105204,5.563883,114|115|116|117|118|119,0.5641
6842.567024,-0.407529,-21.175152,-0.006330,17.304817,-0.030836,-0.000726,-5.558651,-0.107131,5.559683,114|115|116|117|118|119,0.5639
6842.583690,-0.407529,-21.175152,-0.006331,17.304817,-0.030836,-0.000726,-5.558651,-0.107131,5.559683,114|115|116|117|118|119,0.5639
6842.600357,-0.398951,-21.183314,-0.006061,17.319169,-0.031029,-0.000654,-5.568566,-0.102278,5.569505,114|115|116|117|118|119,0.5630
6842.617024,-0.398950,-21.183314,-0.006062,17.319169,-0.031029,-0.000654,-5.568566,-0.102277,5.569505,114|115|116|117|118|119,0.5633
6842.633690,-0.399786,-21.193495,-0.005940,17.333622,-0.030966,-0.000731,-5.577485,-0.102797,5.578432,114|115|116|117|118|119,0.5625
6842.650357,-0.403080,-21.219361,-0.005812,17.333622,-0.030966,-0.000731,-5.563428,-0.104593,5.564411,114|115|116|117|118|119,0.5618
6842.667024,-0.403080,-21.219361,-0.005813,17.347135,-0.031643,-0.001012,-5.576941,-0.103916,5.577909,114|115|116|117|118|119,0.5634
6842.700357,-0.410062,-21.238409,-0.005041,17.354333,-0.031791,-0.001002,-5.573788,-0.107566,5.574826,114|115|116|117|118|119|120|121,0.5630
6842.717024,-0.411882,-21.251179,-0.004632,17.361445,-0.031951,-0.000923,-5.573961,-0.108398,5.575014,116|117|118|119|120|121,0.5639
6842.733690,-0.411882,-21.251179,-0.004634,17.375576,-0.031917,-0.000908,-5.588092,-0.108432,5.589144,116|117|118|119|120|121,0.5633
6842.750357,-0.414325,-21.263992,-0.004971,17.381952,-0.032549,-0.000966,-5.587505,-0.109130,5.588571,116|117|118|119|120|121,0.5617
6842.767024,-0.413496,-21.280693,-0.005345,17.381952,-0.032549,-0.000966,-5.578428,-0.108683,5.579487,116|117|118|119|120|121,0.5617
6842.783690,-0.413495,-21.280695,-0.005344,17.389271,-0.032680,-0.001307,-5.585745,-0.108552,5.586800,116|117|118|119|120|121,0.5630
6842.817024,-0.422464,-21.277992,-0.005298,17.410729,-0.031891,-0.001300,-5.608675,-0.114215,5.609838,116|117|118|119|120|121,0.5634
6842.833690,-0.417409,-21.315588,-0.006183,17.417558,-0.031866,-0.001190,-5.595070,-0.111501,5.596181,116|117|118|119|120|121,0.5627
6842.850357,-0.417408,-21.315589,-0.006185,17.424732,-0.032181,-0.001231,-5.602244,-0.111185,5.603347,116|117|118|119|120|121,0.5643
6842.867024,-0.410754,-21.327610,-0.006102,17.424732,-0.032181,-0.001231,-5.595709,-0.107571,5.596743,116|117|118|119|120|121,0.5645
6842.883690,-0.410755,-21.327608,-0.006103,17.439599,-0.031963,-0.001128,-5.610577,-0.107790,5.611612,116|117|118|119|120|121,0.5653
6842.900357,-0.415414,-21.339474,-0.006220,17.446597,-0.031296,-0.001173,-5.611127,-0.110992,5.612225,116|117|118|119|120|121,0.5648
6842.917024,-0.415813,-21.355058,-0.006525,17.446597,-0.031296,-0.001173,-5.602658,-0.111212,5.603761,116|117|118|119|120|121,0.5649
6842.933690,-0.411278,-21.367132,-0.006610,17.453641,-0.030706,-0.001184,-5.603139,-0.109340,5.604205,116|117|118|119|120|121,0.5642
6842.950357,-0.393650,-21.378471,-0.006736,17.460028,-0.031115,-0.001056,-5.603359,-0.099353,5.604240,116|117|118|119|120|121,0.5635
6842.983690,-0.402407,-21.390555,-0.006650,17.482231,-0.031684,-0.001027,-5.618997,-0.103546,5.619951,116|117|118|119|120|121,0.5652
6843.000357,-0.405045,-21.403264,-0.006478,17.482231,-0.031684,-0.001027,-5.612090,-0.104983,5.613072,116|117|118|119|120|121,0.5649
6843.017024,-0.407355,-21.415889,-0.006528,17.495946,-0.030818,-0.001040,-5.618945,-0.107107,5.619965,116|117|118|119|120|121,0.5635
6843.033690,-0.401457,-21.419660,-0.006771,17.503090,-0.030979,-0.000942,-5.624038,-0.103741,5.624995,116|117|118|119|120|121,0.5648
6843.050357,-0.401456,-21.419666,-0.006774,17.503090,-0.030979,-0.000942,-5.624035,-0.103741,5.624992,116|117|118|119|120|121,0.5646
6843.067024,-0.395265,-21.423923,-0.006470,17.517900,-0.031301,-0.000866,-5.636530,-0.100055,5.637418,116|117|118|119|120|121,0.5643
6843.083690,-0.397530,-21.434677,-0.005963,17.525116,-0.030742,-0.000663,-5.637901,-0.101847,5.638821,116|117|118|119|120|121,0.5638
6843.100357,-0.401762,-21.463161,-0.006274,17.525116,-0.030742,-0.000663,-5.622421,-0.104153,5.623386,116|117|118|119|120|121,0.5639
6843.117024,-0.393330,-21.470849,-0.006199,17.532251,-0.030198,-0.000426,-5.625377,-0.100116,5.626268,116|117|118|119|120|121,0.5641
6843.150357,-0.393326,-21.470855,-0.006201,17.545941,-0.030451,-0.000425,-5.639064,-0.099861,5.639948,116|117|118|119|120|121,0.5640
6843.183690,-0.388103,-21.504402,-0.004933,17.560939,-0.030429,-0.000417,-5.635828,-0.097051,5.636664,116|117|118|119|120|121|122,0.5555
6843.200357,-0.388099,-21.504469,-0.004930,17.574471,-0.030417,-0.000194,-5.649325,-0.097061,5.650158,116|117|118|119|120|121|122,0.5643
6843.217024,-0.382888,-21.522311,-0.005697,17.574471,-0.030417,-0.000194,-5.639627,-0.094233,5.640414,116|117|118|119|120|121|122,0.5616
6843.233690,-0.388132,-21.519656,-0.004882,17.581545,-0.030639,-0.000095,-5.648144,-0.096860,5.648975,116|117|118|119|120|121|122,0.5625
6843.250357,-0.391419,-21.531317,-0.004707,17.595937,-0.031076,0.000050,-5.656199,-0.098213,5.657052,117|118|119|120|121|122,0.5659
6843.267024,-0.394516,-21.543840,-0.004644,17.603094,-0.031329,0.000036,-5.656551,-0.099646,5.657429,117|118|119|120|121|122,0.5654
6843.283690,-0.397698,-21.556197,-0.004739,17.603094,-0.031329,0.000036,-5.649836,-0.101378,5.650746,117|118|119|120|121|122,0.5645
6843.300357,-0.397699,-21.556196,-0.004735,17.616618,-0.031589,0.000226,-5.663361,-0.101119,5.664263,117|118|119|120|121|122,0.5620
6843.317024,-0.401316,-21.568860,-0.005049,17.623752,-0.031548,0.000749,-5.663613,-0.103128,5.664552,117|118|119|120|121|122,0.5627
6843.333690,-0.400650,-21.577028,-0.004967,17.631123,-0.031680,0.001071,-5.666545,-0.102636,5.667475,117|118|119|120|121|122,0.5623
6843.367024,-0.408208,-21.600444,-0.004768,17.638303,-0.031496,0.001181,-5.661001,-0.106932,5.662011,117|118|119|120|121|122,0.5618
6843.400357,-0.408207,-21.600445,-0.004771,17.659500,-0.030823,0.001228,-5.682197,-0.107605,5.683216,117|118|119|120|121|122,0.5623
6843.433690,-0.396767,-21.628483,-0.004218,17.666858,-0.031044,0.001221,-5.674314,-0.101173,5.675216,117|118|119|120|121|122,0.5634
6843.450357,-0.396769,-21.628481,-0.004216,17.674216,-0.031264,0.001216,-5.681673,-0.100954,5.682570,117|118|119|120|121|122,0.5632
6843.467024,-0.400130,-21.641076,-0.004479,17.688369,-0.031096,0.001347,-5.688982,-0.102950,5.689913,117|118|119|120|121|122,0.5623
6843.483690,-0.403440,-21.653927,-0.004627,17.694963,-0.031158,0.001212,-5.688592,-0.104691,5.689555,117|118|119|120|121|122,0.5608
6843.500357,-0.401357,-21.674551,-0.004182,17.694963,-0.031158,0.001212,-5.677382,-0.103563,5.678327,117|118|119|120|121|122,0.5596
6843.517024,-0.401357,-21.674552,-0.004183,17.709284,-0.031507,0.000416,-5.691703,-0.103215,5.692639,117|118|119|120|121|122,0.5598
6843.533690,-0.406713,-21.685030,-0.005667,17.709284,-0.031507,0.000416,-5.686010,-0.106128,5.687000,117|118|119|120|121|122,0.5605
6843.550357,-0.406638,-21.697705,-0.006033,17.723522,-0.030960,0.000349,-5.693360,-0.106636,5.694358,117|118|119|120|121|122,0.5605
6843.567024,-0.406637,-21.697707,-0.006033,17.723522,-0.030960,0.000349,-5.693359,-0.106635,5.694357,117|118|119|120|121|122,0.5624
6843.583690,-0.398838,-21.715487,-0.005560,17.730156,-0.030873,0.000145,-5.690328,-0.102488,5.691251,117|118|119|120|121|122,0.5622
6843.600357,-0.398838,-21.715488,-0.005561,17.736955,-0.031097,0.000323,-5.697127,-0.102264,5.698044,117|118|119|120|121|122,0.5615
6843.617024,-0.398893,-21.717365,-0.005783,17.744225,-0.031300,0.000374,-5.703377,-0.102091,5.704290,117|118|119|120|121|122,0.5628
6843.633690,-0.402487,-21.724905,-0.005267,17.758638,-0.031622,0.000425,-5.713692,-0.103724,5.714634,117|118|119|120|121|122,0.5628
6843.650357,-0.408986,-21.750708,-0.005077,17.758638,-0.031622,0.000425,-5.699670,-0.107262,5.700680,117|118|119|120|121|122,0.5622
6843.667024,-0.408987,-21.750707,-0.005076,17.765578,-0.031401,0.000384,-5.706611,-0.107483,5.707623,117|118|119|120|121|122,0.5633
6843.683690,-0.407385,-21.765410,-0.005094,17.779525,-0.030693,0.000347,-5.712566,-0.107323,5.713575,117|118|119|120|121|122,0.5641
6843.700357,-0.407382,-21.765414,-0.005094,17.786625,-0.030902,0.000361,-5.719665,-0.107114,5.720667,117|118|119|120|121|122,0.5638
6843.717024,-0.397919,-21.778482,-0.003678,17.786625,-0.030902,0.000361,-5.712560,-0.101973,5.713471,117|118|119|120|121|122|124,0.5499
6843.733690,-0.399877,-21.791053,-0.004769,17.793758,-0.031114,0.000370,-5.712862,-0.102828,5.713787,117|118|119|120|121|122|123|124,0.5657
6843.750357,-0.399653,-21.791475,-0.004873,17.807751,-0.031034,0.000138,-5.726625,-0.102787,5.727547,117|119|120|121|122|123|124,0.5584
6843.767024,-0.402969,-21.813008,-0.004788,17.807751,-0.031034,0.000138,-5.714923,-0.104594,5.715880,119|120|121|122|123|124,0.5636
6843.783690,-0.402960,-21.818548,-0.005428,17.814420,-0.031421,-0.000306,-5.718581,-0.104202,5.719530,119|120|121|122|123|124,0.5626
6843.800357,-0.407112,-21.822754,-0.005953,17.821682,-0.031670,-0.000337,-5.723558,-0.106211,5.724544,119|120|121|122|123|124,0.5645
6843.833690,-0.407114,-21.822755,-0.005955,17.843060,-0.032101,-0.000158,-5.744936,-0.105782,5.745910,119|120|121|122|123|124,0.5638
6843.850357,-0.414405,-21.848027,-0.006498,17.849819,-0.032209,-0.000203,-5.737962,-0.109640,5.739009,119|120|121|122|123|124,0.5622
6843.867024,-0.416493,-21.868290,-0.006432,17.849819,-0.032209,-0.000203,-5.726950,-0.110780,5.728021,119|120|121|122|123|124,0.5619
6843.883690,-0.416491,-21.868290,-0.006431,17.864064,-0.032531,-0.000238,-5.741195,-0.110457,5.742258,119|120|121|122|123|124,0.5629
6843.900357,-0.418556,-21.868602,-0.006042,17.864064,-0.032531,-0.000238,-5.741026,-0.111579,5.742110,119|120|121|122|123|124,0.5634
6843.917024,-0.422898,-21.891224,-0.006090,17.871210,-0.032387,-0.000193,-5.735878,-0.114088,5.737012,119|120|121|122|123|124,0.5638
6843.933690,-0.422896,-21.891224,-0.006089,17.884920,-0.031778,-0.000189,-5.749588,-0.114696,5.750732,119|120|121|122|123|124,0.5634
6843.950357,-0.416689,-21.906353,-0.006537,17.892091,-0.032063,-0.000143,-5.748535,-0.111041,5.749607,119|120|121|122|123|124,0.5649
6843.967024,-0.416691,-21.906355,-0.006543,17.892091,-0.032063,-0.000143,-5.748534,-0.111042,5.749606,119|120|121|122|123|124,0.5644
6843.983690,-0.416968,-21.924126,-0.006176,17.907092,-0.032094,-0.000045,-5.753877,-0.111166,5.754951,119|120|121|122|123|124,0.5648
6844.017024,-0.416971,-21.924124,-0.006178,17.914090,-0.031489,-0.000084,-5.760877,-0.111772,5.761961,119|120|121|122|123|124,0.5637
6844.033690,-0.408285,-21.958123,-0.006871,17.921184,-0.031026,-0.000091,-5.749490,-0.107522,5.750495,119|120|121|122|123|124,0.5645
6844.050357,-0.402158,-21.964421,-0.005666,17.927932,-0.030881,-0.000066,-5.752815,-0.104339,5.753761,119|120|121|122|123|124,0.5638
6844.067024,-0.402155,-21.964422,-0.005663,17.942377,-0.031258,-0.000107,-5.767259,-0.103960,5.768196,119|120|121|122|123|124,0.5629
6844.083690,-0.400842,-21.974290,-0.005312,17.942377,-0.031258,-0.000107,-5.761896,-0.103249,5.762821,119|120|121|122|123|124,0.5651
6844.100357,-0.404909,-21.987843,-0.004933,17.949773,-0.031560,-0.000113,-5.761926,-0.105160,5.762886,119|120|121|122|123|124,0.5644
6844.117024,-0.404908,-21.987844,-0.004932,17.956814,-0.031341,0.000045,-5.768967,-0.105378,5.769929,119|120|121|122|123|124,0.5636
6844.133690,-0.409271,-22.000903,-0.005131,17.963752,-0.031012,0.000063,-5.768809,-0.108081,5.769821,119|120|121|122|123|124,0.5636
6844.150357,-0.401356,-22.010101,-0.005261,17.970720,-0.030871,0.000157,-5.770776,-0.103922,5.771712,119|120|121|122|123|124,0.5646
6844.167024,-0.399916,-22.017380,-0.004704,17.978186,-0.031198,-0.000032,-5.774286,-0.102814,5.775201,119|120|121|122|123|124,0.5637
6844.183690,-0.403971,-22.032378,-0.005439,17.985926,-0.031258,-0.000100,-5.773876,-0.104961,5.774830,119|120|121|122|123|124,0.5642
6844.200357,-0.405370,-22.049247,-0.005558,18.000597,-0.030219,-0.000105,-5.779379,-0.106764,5.780365,119|120|121|122|123|124,0.5645
6844.217024,-0.397459,-22.057327,-0.005955,18.000597,-0.030219,-0.000105,-5.774986,-0.102467,5.775895,119|120|121|122|123|124|125,0.5343
6844.233690,-0.390482,-22.065877,-0.006378,18.007591,-0.029939,-0.000141,-5.777331,-0.098957,5.778179,119|120|121|122|123|124|125,0.5646
6844.250357,-0.387260,-22.071897,-0.006455,18.014220,-0.030110,-0.000435,-5.780688,-0.097036,5.781502,119|120|121|122|123|124|125,0.5603
6844.267024,-0.388955,-22.074718,-0.007201,18.021679,-0.030212,-0.000543,-5.786615,-0.097856,5.787442,119|120|121|122|123|124|125,0.5550
6844.300357,-0.390964,-22.102007,-0.006518,18.043283,-0.030060,-0.000489,-5.793388,-0.099106,5.794235,120|121|122|123|124|125,0.5637
6844.317024,-0.387143,-22.109142,-0.006368,18.043283,-0.030060,-0.000489,-5.789509,-0.097030,5.790322,120|121|122|123|124|125,0.5629
6844.333690,-0.387697,-22.112406,-0.005749,18.057113,-0.030600,-0.000574,-5.801565,-0.096792,5.802373,120|121|122|123|124|125,0.5645
6844.350357,-0.391072,-22.116834,-0.005318,18.064391,-0.030877,-0.000534,-5.806437,-0.098351,5.807270,120|121|122|123|124|125,0.5646
6844.383690,-0.398924,-22.142536,-0.005724,18.071550,-0.031155,-0.000594,-5.799630,-0.102346,5.800533,120|121|122|123|124|125,0.5629
6844.400357,-0.403144,-22.155457,-0.005971,18.085247,-0.031547,-0.000500,-5.806306,-0.104250,5.807242,120|121|122|123|124|125,0.5625
6844.417024,-0.403275,-22.165497,-0.005983,18.085247,-0.031547,-0.000500,-5.800849,-0.104323,5.801787,120|121|122|123|124|125,0.5622
6844.433690,-0.407960,-22.166255,-0.005920,18.092158,-0.031379,-0.000216,-5.807349,-0.107038,5.808336,120|121|122|123|124|125,0.5630
6844.450357,-0.406655,-22.173539,-0.005739,18.099470,-0.031508,0.000179,-5.810703,-0.106201,5.811673,120|121|122|123|124|125,0.5627
6844.467024,-0.409630,-22.186487,-0.005596,18.106692,-0.031453,0.000269,-5.810888,-0.107876,5.811889,120|121|122|123|124|125,0.5621
6844.483690,-0.408630,-22.195556,-0.005617,18.113721,-0.031187,0.000314,-5.812988,-0.107599,5.813984,120|121|122|123|124|125,0.5631
6844.500357,-0.404983,-22.201496,-0.005054,18.120743,-0.030912,0.000347,-5.816781,-0.105894,5.817745,120|121|122|123|124|125,0.5627
6844.517024,-0.404983,-22.201497,-0.005056,18.134875,-0.030894,0.000275,-5.830912,-0.105913,5.831874,120|121|122|123|124|125,0.5618
6844.550357,-0.401066,-22.226845,-0.004941,18.142054,-0.031120,0.000248,-5.824314,-0.103563,5.825235,120|121|122|123|124|125,0.5630
6844.567024,-0.404379,-22.239461,-0.005272,18.149224,-0.031351,0.000234,-5.824629,-0.105135,5.825578,120|121|122|123|124|125,0.5630
6844.583690,-0.407633,-22.252223,-0.005430,18.156158,-0.031213,0.000332,-5.824628,-0.107045,5.825611,120|121|122|123|124|125,0.5618
6844.600357,-0.405485,-22.260266,-0.005486,18.169665,-0.031458,-0.000311,-5.833763,-0.105634,5.834719,120|121|122|123|124|125,0.5630
6844.617024,-0.405486,-22.260266,-0.005487,18.177028,-0.031457,-0.000412,-5.841125,-0.105635,5.842080,120|121|122|123|124|125,0.5625
6844.633690,-0.408375,-22.269656,-0.006347,18.177028,-0.031457,-0.000412,-5.836023,-0.107207,5.837007,120|121|122|123|124|125,0.5640
6844.667024,-0.408373,-22.269655,-0.006346,18.198154,-0.030682,-0.000718,-5.857150,-0.107981,5.858145,120|121|122|123|124|125,0.5648
6844.683690,-0.402050,-22.301342,-0.006085,18.198154,-0.030682,-0.000718,-5.839927,-0.104552,5.840863,120|121|122|123|124|125,0.5639
6844.700357,-0.402049,-22.301343,-0.006084,18.211889,-0.031306,-0.000734,-5.853661,-0.103927,5.854584,120|121|122|123|124|125,0.5628
6844.717024,-0.398664,-22.307292,-0.006296,18.219052,-0.031535,-0.000765,-5.857591,-0.101860,5.858476,120|121|122|123|124|125,0.5630
6844.733690,-0.407394,-22.322426,-0.006646,18.219052,-0.031535,-0.000765,-5.849368,-0.106608,5.850339,120|121|122|123|124|125,0.5639
6844.750357,-0.407393,-22.322424,-0.006644,18.233314,-0.031535,-0.000705,-5.863630,-0.106607,5.864599,120|121|122|123|124|125,0.5637
6844.767024,-0.410826,-22.336061,-0.006378,18.240309,-0.031344,-0.000732,-5.863215,-0.108668,5.864221,120|121|122|123|124|125|126|127,0.5607
6844.800357,-0.407464,-22.357969,-0.007752,18.247249,-0.030931,-0.000822,-5.858247,-0.107258,5.859229,122|123|124|125|126|127,0.5653
6844.817024,-0.401736,-22.365075,-0.007917,18.254331,-0.030813,0.000146,-5.861467,-0.104264,5.862394,122|123|124|125|126|127,0.5646
6844.833690,-0.401737,-22.365075,-0.007918,18.268764,-0.030950,0.000327,-5.875900,-0.104128,5.876822,122|123|124|125|126|127,0.5650
6844.850357,-0.404821,-22.389259,-0.006264,18.268764,-0.030950,0.000327,-5.862757,-0.105809,5.863711,122|123|124|125|126|127,0.5640
6844.867024,-0.404978,-22.399974,-0.006345,18.282299,-0.031339,-0.000006,-5.870468,-0.105508,5.871416,122|123|124|125|126|127,0.5625
6844.883690,-0.404976,-22.399975,-0.006345,18.289722,-0.031519,0.000000,-5.877891,-0.105326,5.878834,122|123|124|125|126|127,0.5641
6844.900357,-0.411388,-22.407626,-0.006636,18.296971,-0.031697,0.000005,-5.880983,-0.108635,5.881986,122|123|124|125|126|127,0.5650
6844.933690,-0.411389,-22.407624,-0.006635,18.311396,-0.031834,0.000118,-5.895409,-0.108499,5.896407,122|123|124|125|126|127,0.5658
6844.950357,-0.416781,-22.433954,-0.006337,18.318190,-0.031909,0.000010,-5.887894,-0.111360,5.888947,122|123|124|125|126|127,0.5645
6844.967024,-0.418577,-22.456838,-0.005758,18.318190,-0.031909,0.000010,-5.875458,-0.112341,5.876532,122|123|124|125|126|127,0.5632
6845.017024,-0.427562,-22.477732,-0.006425,18.339723,-0.032278,-0.000169,-5.885637,-0.116859,5.886797,122|123|124|125|126|127,0.5642
6845.033690,-0.425084,-22.488870,-0.006246,18.353481,-0.031449,-0.000314,-5.893342,-0.116344,5.894490,122|123|124|125|126|127,0.5645
6845.050357,-0.419248,-22.494685,-0.006224,18.353481,-0.031449,-0.000314,-5.890181,-0.113174,5.891268,122|123|124|125|126|127,0.5651
6845.067024,-0.413612,-22.500157,-0.006851,18.360283,-0.032035,-0.000011,-5.894007,-0.109526,5.895024,122|123|124|125|126|127,0.5642
6845.083690,-0.422829,-22.504201,-0.006110,18.367807,-0.032018,-0.000273,-5.899336,-0.114553,5.900448,122|123|124|125|126|127,0.5654
6845.100357,-0.422829,-22.504200,-0.006110,18.382621,-0.031168,-0.000305,-5.914150,-0.115403,5.915275,122|123|124|125|126|127,0.5656
6845.117024,-0.419317,-22.538360,-0.006291,18.382621,-0.031168,-0.000305,-5.895584,-0.113502,5.896676,122|123|124|125|126|127,0.5644
6845.150357,-0.401493,-22.553469,-0.006703,18.396368,-0.030450,-0.000248,-5.901115,-0.104536,5.902041,122|123|124|125|126|127,0.5632
6845.167024,-0.399991,-22.552827,-0.006604,18.410698,-0.031020,-0.000230,-5.915794,-0.103150,5.916693,122|123|124|125|126|127,0.5642
6845.183690,-0.399991,-22.552827,-0.006605,18.418113,-0.031172,-0.000213,-5.923209,-0.102998,5.924105,122|123|124|125|126|127,0.5650
6845.200357,-0.405959,-22.560511,-0.006525,18.425304,-0.031017,-0.000089,-5.926226,-0.106398,5.927181,122|123|124|125|126|127,0.5650
6845.217024,-0.407997,-22.573489,-0.006297,18.432180,-0.030567,-0.000080,-5.926049,-0.107958,5.927032,122|123|124|125|126|127,0.5639
6845.233690,-0.410384,-22.586594,-0.006282,18.438931,-0.030375,0.000085,-5.925678,-0.109450,5.926688,122|123|124|125|126|127,0.5648
6845.250357,-0.401867,-22.600044,-0.006260,18.438931,-0.030375,0.000085,-5.918366,-0.104825,5.919294,122|123|124|125|126|127,0.5652
6845.267024,-0.399788,-22.604910,-0.006537,18.446134,-0.030780,0.000079,-5.922924,-0.103291,5.923824,122|123|124|125|126|127,0.5646
6845.283690,-0.405501,-22.616717,-0.006640,18.453486,-0.030933,0.000040,-5.923860,-0.106245,5.924813,122|123|124|125|126|127,0.5640
6845.317024,-0.404896,-22.616759,-0.005925,18.475242,-0.029592,0.000391,-5.945593,-0.107257,5.946561,123|124|125|126|127,0.5633
6845.333690,-0.393638,-22.652070,-0.005663,18.481621,-0.029967,0.000302,-5.932779,-0.100771,5.933635,123|124|125|126|127,0.5636
6845.350357,-0.387343,-22.659843,-0.005492,18.481621,-0.029967,0.000302,-5.928553,-0.097352,5.929352,123|124|125|126|127,0.5648
6845.367024,-0.392479,-22.660303,-0.005499,18.489065,-0.029942,0.000297,-5.935749,-0.100168,5.936594,123|124|125|126|127,0.5648
6845.383690,-0.392355,-22.673129,-0.004918,18.496603,-0.029937,0.000304,-5.936316,-0.100109,5.937160,123|124|125|126|127,0.5648
6845.400357,-0.392352,-22.673128,-0.004909,18.511055,-0.029566,0.000414,-5.950768,-0.100478,5.951616,123|124|125|126|127,0.5632
6845.417024,-0.392430,-22.686085,-0.004775,18.517319,-0.030073,0.000368,-5.949990,-0.100017,5.950831,123|124|125|126|127,0.5634
6845.433690,-0.389507,-22.695824,-0.005264,18.524595,-0.030261,0.000361,-5.951973,-0.098241,5.952783,123|124|125|126|127,0.5628
6845.450357,-0.387855,-22.700730,-0.005118,18.531874,-0.030447,0.000398,-5.956586,-0.097159,5.957378,123|124|125|126|127,0.5617
6845.467024,-0.397913,-22.713662,-0.005529,18.539137,-0.030634,0.000422,-5.956822,-0.102441,5.957703,123|124|125|126|127,0.5631
6845.500357,-0.397913,-22.713662,-0.005531,18.553156,-0.031142,0.000516,-5.970841,-0.101934,5.971711,123|124|125|126|127,0.5630
6845.517024,-0.403359,-22.739499,-0.005962,18.559918,-0.031141,0.000490,-5.963563,-0.104899,5.964485,123|124|125|126|127,0.5626
6845.567024,-0.411876,-22.771096,-0.005022,18.574471,-0.031179,0.001076,-5.960945,-0.109497,5.961950,123|124|125|126|127,0.5631
6845.583690,-0.411875,-22.771097,-0.005020,18.588710,-0.030550,0.001145,-5.975183,-0.110126,5.976198,123|124|125|126|127,0.5629
6845.617024,-0.411940,-22.782485,-0.004620,18.595431,-0.030485,0.001091,-5.975716,-0.110229,5.976732,123|124|125|126|127,0.5645
6845.633690,-0.402500,-22.798358,-0.004417,18.602572,-0.030627,0.001109,-5.974228,-0.104960,5.975150,123|124|125|126|127,0.5633
6845.650357,-0.402499,-22.798356,-0.004419,18.616836,-0.030886,0.001155,-5.988493,-0.104700,5.989408,123|124|125|126|127,0.5640
6845.667024,-0.406702,-22.823564,-0.004625,18.616836,-0.030886,0.001155,-5.974794,-0.106990,5.975752,123|124|125|126|127,0.5645
6845.683690,-0.408372,-22.836573,-0.004476,18.623955,-0.030858,0.001252,-5.974843,-0.107929,5.975817,123|124|125|126|127,0.5626
6845.700357,-0.408373,-22.836573,-0.004476,18.637034,-0.031238,0.001031,-5.987922,-0.107549,5.988888,123|124|125|126|127,0.5625
6845.717024,-0.404888,-22.851982,-0.004820,18.644352,-0.031282,0.000568,-5.986865,-0.105614,5.987796,123|124|125|126|127,0.5637
6845.733690,-0.414223,-22.850594,-0.005183,18.651591,-0.031207,0.000727,-5.994860,-0.110762,5.995883,123|124|125|126|127,0.5621
6845.750357,-0.414222,-22.850593,-0.005183,18.658514,-0.030767,0.000685,-6.001784,-0.111201,6.002814,123|124|125|126|127,0.5643
6845.767024,-0.413415,-22.867905,-0.005187,18.665295,-0.030336,0.000572,-5.999155,-0.111198,6.000186,123|124|125|126|127,0.5632
6845.783690,-0.405688,-22.887471,-0.005550,18.671629,-0.030796,0.000799,-5.994855,-0.106543,5.995802,123|124|125|126|127,0.5635
6845.800357,-0.400048,-22.894246,-0.005467,18.678941,-0.031083,0.000838,-5.998483,-0.103192,5.999371,123|124|125|126|127,0.5629
6845.817024,-0.408779,-22.893358,-0.005281,18.686312,-0.031294,0.000850,-6.006339,-0.107726,6.007305,123|124|125|126|127,0.5624
6845.850357,-0.416977,-22.923401,-0.006058,18.693636,-0.031501,0.000900,-5.997337,-0.111981,5.998382,125|126|127,0.5649
6845.867024,-0.416977,-22.923400,-0.006058,18.700600,-0.030928,0.000925,-6.004301,-0.112554,6.005356,125|126|127,0.5638
6845.883690,-0.412052,-22.940704,-0.005948,18.714539,-0.030286,0.000879,-6.008835,-0.110523,6.009851,125|126|127,0.5645
6845.900357,-0.407524,-22.945650,-0.005773,18.714539,-0.030286,0.000879,-6.006146,-0.108062,6.007118,125|126|127,0.5652
6845.917024,-0.407525,-22.945653,-0.005775,18.728702,-0.030622,0.000929,-6.020307,-0.107727,6.021271,125|126|127,0.5647
6845.933690,-0.407946,-22.959128,-0.005521,18.736162,-0.030622,0.000876,-6.020443,-0.107959,6.021411,125|126|127,0.5640
6845.950357,-0.408089,-22.972674,-0.003106,18.736162,-0.030622,0.000876,-6.013081,-0.108040,6.014052,125|126|127,0.5640
6845.967024,-0.408090,-22.972674,-0.003108,18.749636,-0.030812,0.000669,-6.026556,-0.107850,6.027521,125|126|127,0.5625
6845.983690,-0.405321,-22.993822,-0.004443,18.749636,-0.030812,0.000669,-6.015063,-0.106350,6.016003,125|126|127,0.5619
6846.000357,-0.405319,-22.993822,-0.004431,18.764565,-0.031949,0.000525,-6.029991,-0.105212,6.030909,125|126|127,0.5600
6846.017024,-0.422668,-23.007533,-0.005723,18.772129,-0.032285,0.000519,-6.030107,-0.114308,6.031190,125|126|127,0.5624
6846.050357,-0.422668,-23.007532,-0.005722,18.785398,-0.031355,0.000397,-6.043376,-0.115238,6.044475,125|126|127,0.5636
6846.067024,-0.421964,-23.044738,-0.005042,18.785398,-0.031355,0.000397,-6.023155,-0.114863,6.024251,125|126|127,0.5627
6846.083690,-0.420609,-23.043040,-0.005855,18.799206,-0.032249,0.000408,-6.037886,-0.113233,6.038948,125|126|127,0.5619
6846.100357,-0.420609,-23.043040,-0.005855,18.799206,-0.032249,0.000408,-6.037886,-0.113232,6.038948,125|126|127,0.5609
6846.133690,-0.432386,-23.075925,-0.006251,18.813811,-0.031516,0.000527,-6.034621,-0.120373,6.035822,125|126|127,0.5634
6846.150357,-0.432387,-23.075926,-0.006253,18.820710,-0.030998,0.000495,-6.041520,-0.120892,6.042729,125|126|127,0.5636
6846.167024,-0.416371,-23.087013,-0.005507,18.834369,-0.031943,0.000519,-6.049150,-0.111245,6.050173,125|126|127,0.5636
6846.183690,-0.424878,-23.087404,-0.006177,18.842302,-0.031407,0.000467,-6.056872,-0.116404,6.057990,125|126|127,0.5641
6846.200357,-0.430608,-23.096123,-0.007369,18.850085,-0.030860,0.000528,-6.059918,-0.120067,6.061108,125|126|127,0.5639
6846.217024,-0.430606,-23.096124,-0.007362,18.850085,-0.030860,0.000528,-6.059918,-0.120066,6.061107,125|126|127,0.5654
6846.233690,-0.423645,-23.117535,-0.007692,18.864222,-0.029528,0.000606,-6.062416,-0.117620,6.063557,125|126|127,0.5649
6846.267024,-0.416230,-23.132622,-0.008317,18.878052,-0.030714,0.001102,-6.068045,-0.112407,6.069086,125|126|127,0.5656
6846.300357,-0.416096,-23.160290,-0.006119,18.892910,-0.030642,0.001232,-6.067867,-0.112412,6.068908,125|126|127,0.5641
6846.317024,-0.421292,-23.176845,-0.006379,18.899600,-0.029898,0.001217,-6.065560,-0.115984,6.066669,125|126|127,0.5545
6846.333690,-0.415003,-23.185316,-0.005986,18.906244,-0.029665,0.001134,-6.067599,-0.112801,6.068648,126|127,0.5653
6846.350357,-0.404222,-23.188452,-0.005476,18.906244,-0.029665,0.001134,-6.065893,-0.106942,6.066835,126|127,0.5652
6846.367024,-0.401878,-23.188907,-0.005678,18.920170,-0.030633,0.000961,-6.079571,-0.104700,6.080472,126|127,0.5632
6846.383690,-0.412638,-23.192853,-0.004523,18.927944,-0.030189,0.000751,-6.085203,-0.110993,6.086215,126|127,0.5630
6846.400357,-0.414061,-23.205217,-0.003658,18.927944,-0.030189,0.000751,-6.078483,-0.111769,6.079511,126|127,0.5627
6846.433690,-0.414061,-23.205217,-0.003658,18.948848,-0.029259,0.001148,-6.099388,-0.112699,6.100429,126|127,0.5645
6846.450357,-0.387748,-23.247971,-0.003774,18.948848,-0.029259,0.001148,-6.076146,-0.098408,6.076943,126|127,0.5650
6846.483690,-0.398604,-23.256403,-0.005840,18.963582,-0.029346,0.001126,-6.086300,-0.104223,6.087192,126|127,0.5646
6846.500357,-0.397474,-23.269432,-0.007830,18.978183,-0.028778,0.001210,-6.093819,-0.104180,6.094710,126|127,0.5659
6846.517024,-0.397474,-23.269432,-0.007829,18.984384,-0.029240,0.001309,-6.100020,-0.103718,6.100902,126|127,0.5661
6846.533690,-0.389962,-23.287630,-0.006878,18.984384,-0.029240,0.001309,-6.090129,-0.099639,6.090944,126|127,0.5655
6846.550357,-0.397128,-23.284203,-0.007261,18.991739,-0.029862,0.001400,-6.099347,-0.102911,6.100216,126|127,0.5627
6846.567024,-0.406161,-23.299718,-0.006481,18.999247,-0.030097,0.001456,-6.098425,-0.107588,6.099374,126|127,0.5634
6846.583690,-0.409642,-23.316141,-0.006142,19.013802,-0.030221,0.002221,-6.104056,-0.109360,6.105035,126|127,0.5641
6846.600357,-0.409642,-23.316141,-0.006142,19.020291,-0.030119,0.002215,-6.110545,-0.109461,6.111525,126|127,0.5640
6846.617024,-0.413363,-23.332286,-0.006047,19.020291,-0.030119,0.002215,-6.101771,-0.111487,6.102790,126|127,0.5633
6846.633690,-0.407959,-23.339538,-0.005125,19.034065,-0.030381,0.003167,-6.111603,-0.108290,6.112562,126|127,0.5629
6846.650357,-0.407959,-23.339538,-0.005126,19.041552,-0.030380,0.003297,-6.119089,-0.108291,6.120047,126|127,0.5633
6846.667024,-0.414526,-23.353259,-0.003784,19.041552,-0.030380,0.003297,-6.111634,-0.111863,6.112657,126|127,0.5651
6846.683690,-0.415822,-23.366360,-0.004840,19.052107,-0.030482,0.004116,-6.115068,-0.112469,6.116103,126|127,0.5657
6846.700357,-0.415823,-23.366361,-0.004840,19.052107,-0.030482,0.004116,-6.115068,-0.112469,6.116102,126|127,0.5673
6846.733690,-0.416359,-23.390099,-0.002870,19.057893,-0.030647,0.005797,-6.107954,-0.112600,6.108991,126|127,0.5651
6846.750357,-0.416359,-23.390100,-0.002870,19.057906,-0.030645,0.005796,-6.107966,-0.112602,6.109004,126|127,0.5643
6846.767024,-0.416621,-23.389044,-0.002403,19.057899,-0.030626,0.005795,-6.108533,-0.112764,6.109573,126|127,0.5637
6846.783690,-0.416635,-23.389091,-0.002472,19.057899,-0.030626,0.005795,-6.108507,-0.112771,6.109548,126|127,0.5628
6846.800357,-0.416482,-23.389519,-0.002428,19.057887,-0.030606,0.005795,-6.108263,-0.112708,6.109303,126|127,0.5622
6846.817024,-0.415985,-23.389148,-0.001714,19.057874,-0.030588,0.005794,-6.108451,-0.112456,6.109486,126|127,0.5617
6846.833690,-0.415500,-23.388770,-0.001073,19.057899,-0.030588,0.005794,-6.108682,-0.112192,6.109712,126|127,0.5612
6846.850357,-0.415270,-23.388925,-0.000828,19.057899,-0.030588,0.005794,-6.108597,-0.112067,6.109625,126|127,0.5607
6846.867024,-0.415234,-23.388957,-0.000619,19.057910,-0.030588,0.005793,-6.108591,-0.112048,6.109619,126|127,0.5603
6846.883690,-0.414914,-23.388807,-0.000057,19.057922,-0.030588,0.005793,-6.108684,-0.111874,6.109708,126|127,0.5604
6846.900357,-0.414913,-23.388807,-0.000055,19.057933,-0.030588,0.005793,-6.108696,-0.111873,6.109720,126|127,0.5597
6846.933690,-0.415177,-23.388979,-0.000627,19.057956,-0.030588,0.005793,-6.108625,-0.112016,6.109652,126|127,0.5599
6846.950357,-0.415311,-23.389192,-0.000857,19.057981,-0.030588,0.005793,-6.108534,-0.112089,6.109562,126|127,0.5596
6846.967024,-0.415212,-23.389336,-0.000724,19.057981,-0.030588,0.005793,-6.108456,-0.112036,6.109483,126|127,0.5588
6847.000357,-0.415232,-23.389297,-0.000680,19.058000,-0.030588,0.005793,-6.108496,-0.112047,6.109524,126|127,0.5589
6847.033690,-0.415474,-23.389071,-0.001173,19.058032,-0.030588,0.005792,-6.108651,-0.112179,6.109681,126|127,0.5593
6847.067024,-0.415722,-23.389081,-0.001765,19.058044,-0.030588,0.005793,-6.108658,-0.112313,6.109690,126|127,0.5587
6847.083690,-0.415715,-23.389109,-0.001669,19.058055,-0.030588,0.005792,-6.108654,-0.112310,6.109686,126|127,0.5591
6847.100357,-0.415715,-23.389109,-0.001669,19.058076,-0.030588,0.005792,-6.108675,-0.112310,6.109707,126|127,0.5586
6847.117024,-0.415451,-23.389270,-0.001245,19.058090,-0.030588,0.005792,-6.108600,-0.112165,6.109630,126|127,0.5584
6847.133690,-0.415450,-23.389271,-0.001244,19.058103,-0.030588,0.005792,-6.108613,-0.112165,6.109643,126|127,0.5581
6847.150357,-0.415267,-23.389049,-0.000952,19.058109,-0.030588,0.005793,-6.108740,-0.112066,6.109767,126|127,0.5592
6847.167024,-0.415458,-23.389114,-0.001288,19.058109,-0.030588,0.005793,-6.108704,-0.112170,6.109734,126|127,0.5592
6847.183690,-0.415458,-23.389114,-0.001289,19.058132,-0.030587,0.005792,-6.108727,-0.112170,6.109757,126|127,0.5586
6847.200357,-0.415638,-23.389273,-0.001627,19.058132,-0.030587,0.005792,-6.108641,-0.112268,6.109673,126|127,0.5588
6847.233690,-0.415701,-23.389466,-0.001735,19.058164,-0.030587,0.005791,-6.108568,-0.112302,6.109601,126|127,0.5589
6847.250357,-0.415536,-23.389262,-0.001534,19.058164,-0.030587,0.005791,-6.108679,-0.112212,6.109710,126|127,0.5598
6847.267024,-0.415766,-23.389392,-0.001842,19.058175,-0.030587,0.005791,-6.108620,-0.112337,6.109653,126|127,0.5594
6847.283690,-0.415890,-23.389357,-0.002028,19.058189,-0.030587,0.005791,-6.108653,-0.112405,6.109687,126|127,0.5597
6847.300357,-0.415789,-23.389542,-0.001832,19.058198,-0.030587,0.005791,-6.108562,-0.112350,6.109595,126|127,0.5597
6847.333690,-0.415624,-23.389676,-0.001552,19.058221,-0.030588,0.005791,-6.108511,-0.112260,6.109543,126|127,0.5597
6847.350357,-0.415561,-23.389680,-0.001335,19.058233,-0.030588,0.005791,-6.108520,-0.112226,6.109551,126|127,0.5591
6847.367024,-0.415561,-23.389680,-0.001335,19.058256,-0.030587,0.005790,-6.108543,-0.112226,6.109574,126|127,0.5582
6847.383690,-0.415384,-23.389929,-0.001018,19.058256,-0.030587,0.005790,-6.108408,-0.112130,6.109437,126|127,0.5585
6847.400357,-0.415384,-23.389929,-0.001018,19.058278,-0.030587,0.005790,-6.108431,-0.112130,6.109460,126|127,0.5587
6847.417024,-0.415706,-23.389722,-0.001588,19.058278,-0.030587,0.005790,-6.108544,-0.112305,6.109576,126|127,0.5589
6847.433690,-0.415807,-23.389820,-0.001795,19.058288,-0.030587,0.005789,-6.108500,-0.112360,6.109533,126|127,0.5589
6847.450357,-0.415697,-23.389944,-0.001673,19.058299,-0.030588,0.005789,-6.108444,-0.112300,6.109476,126|127,0.5587
6847.467024,-0.415738,-23.389835,-0.001720,19.058324,-0.030587,0.005788,-6.108528,-0.112322,6.109561,126|127,0.5593
6847.483690,-0.415727,-23.389932,-0.001652,19.058324,-0.030587,0.005788,-6.108475,-0.112316,6.109508,126|127,0.5594
6847.500357,-0.415701,-23.390131,-0.001630,19.058336,-0.030587,0.005787,-6.108379,-0.112302,6.109411,126|127,0.5585
6847.517024,-0.415456,-23.389993,-0.001262,19.058336,-0.030587,0.005787,-6.108454,-0.112169,6.109484,126|127,0.5587
6847.533690,-0.415456,-23.389992,-0.001262,19.058340,-0.030587,0.005787,-6.108458,-0.112169,6.109487,126|127,0.5589
6847.567024,-0.415782,-23.389905,-0.001751,19.058341,-0.030587,0.005787,-6.108507,-0.112346,6.109540,126|127,0.5592
6847.583690,-0.415585,-23.389974,-0.001461,19.058341,-0.030587,0.005787,-6.108470,-0.112239,6.109501,126|127,0.5591
6847.600357,-0.415758,-23.389939,-0.001805,19.058341,-0.030587,0.005787,-6.108489,-0.112333,6.109521,126|127,0.5590
6847.617024,-0.415758,-23.389939,-0.001804,19.058341,-0.030587,0.005787,-6.108489,-0.112333,6.109521,126|127,0.5592
6847.633690,-0.415597,-23.390034,-0.001428,19.058341,-0.030587,0.005787,-6.108437,-0.112246,6.109468,126|127,0.5590
6847.650357,-0.415611,-23.390231,-0.001482,19.058341,-0.030587,0.005787,-6.108330,-0.112253,6.109361,126|127,0.5586
6847.667024,-0.415610,-23.390231,-0.001482,19.058341,-0.030587,0.005787,-6.108330,-0.112253,6.109361,126|127,0.5582
