t,x,y,yaw,odom_x,odom_y,odom_yaw,error_x,error_y,error_dist,tags_used,quality
6854.100357,-0.172625,0.383341,-0.000574,-0.000000,-0.000000,0.000000,0.000000,0.000000,0.000000,0|1,0.5602
6854.117024,-0.171336,0.357123,0.001947,-0.000000,-0.000000,0.000000,0.014248,0.000708,0.014266,0|1,0.5609
6854.133691,-0.176382,0.348104,0.001752,0.006920,-0.000098,0.000012,0.012232,-0.001933,0.012384,0|1,0.5608
6854.150357,-0.177546,0.340270,0.002185,0.020436,0.001256,0.000155,0.002973,-0.003917,0.004917,0|1,0.5616
6854.167024,-0.162977,0.332128,0.002235,0.026982,0.000863,0.000136,0.000848,0.004397,0.004478,0|1,0.5587
6854.183691,-0.159946,0.324100,0.003142,0.033522,0.000428,0.000108,-0.001329,0.006482,0.006616,0|1,0.5610
6854.200357,-0.165421,0.315571,0.002784,0.033522,0.000428,0.000108,0.003308,0.003508,0.004822,0|1,0.5642
6854.217024,-0.165425,0.315572,0.002785,0.047156,-0.000534,0.000352,-0.010327,0.004468,0.011253,0|1,0.5663
6854.233691,-0.178544,0.298245,0.003341,0.054118,0.000024,0.000443,-0.007868,-0.003214,0.008499,0|1,0.5658
6854.250357,-0.178542,0.298245,0.003342,0.061119,0.000934,0.000427,-0.014870,-0.004123,0.015431,0|1,0.5636
6854.267024,-0.177304,0.280325,0.003135,0.061119,0.000934,0.000427,-0.005131,-0.003445,0.006180,0|1|2,0.5501
6854.283691,-0.165241,0.272734,0.004037,0.067799,0.001107,0.000617,-0.007688,0.002940,0.008231,0|1|2,0.5624
6854.300357,-0.165242,0.272734,0.004038,0.081453,0.000059,0.001391,-0.021343,0.003988,0.021712,0|1|2,0.5628
6854.317024,-0.171188,0.255545,0.004587,0.081453,0.000059,0.001391,-0.011999,0.000761,0.012023,0|1|2,0.5631
6854.333691,-0.171188,0.255546,0.004588,0.095593,0.000910,0.001623,-0.026140,-0.000089,0.026140,0|1|2,0.5628
6854.367024,-0.167326,0.229475,0.006737,0.102511,0.000832,0.001768,-0.018890,0.002096,0.019006,0|1|2,0.5622
6854.383691,-0.167326,0.229475,0.006738,0.116051,-0.000449,0.001842,-0.032430,0.003376,0.032606,0|1|2,0.5631
6854.400357,-0.177922,0.212227,0.006075,0.122836,-0.001126,0.002224,-0.029838,-0.001699,0.029886,0|1|2,0.5642
6854.417024,-0.186990,0.203963,0.004767,0.130248,-0.000519,0.001348,-0.032756,-0.007232,0.033545,0|1|2,0.5638
6854.433691,-0.186988,0.203964,0.004764,0.130248,-0.000519,0.001348,-0.032756,-0.007231,0.033545,0|1|2,0.5620
6854.450357,-0.196406,0.196078,0.006790,0.137434,0.000309,0.001289,-0.035654,-0.013175,0.038010,0|1|2,0.5630
6854.467024,-0.173134,0.177065,0.003392,0.151144,-0.000117,0.001387,-0.039037,-0.000095,0.039037,0|1|2,0.5634
6854.483691,-0.172950,0.168361,0.003322,0.151144,-0.000117,0.001387,-0.034307,0.000008,0.034307,0|1|2,0.5633
6854.500357,-0.180544,0.159956,0.003857,0.157847,-0.000661,0.001449,-0.036440,-0.003573,0.036615,0|1|2,0.5609
6854.517024,-0.188651,0.151280,0.004518,0.164596,-0.000533,0.001505,-0.038471,-0.008105,0.039316,0|1|2,0.5614
6854.533691,-0.186388,0.143567,0.003994,0.178334,0.000444,0.001857,-0.048018,-0.007849,0.048656,0|1|2,0.5604
6854.550357,-0.186388,0.143567,0.003994,0.185209,-0.000058,0.001897,-0.054893,-0.007347,0.055383,0|1|2,0.5599
6854.567024,-0.173569,0.125639,0.004437,0.185209,-0.000058,0.001897,-0.045153,-0.000375,0.045155,0|1|2,0.5598
6854.600357,-0.188560,0.108096,0.004379,0.199072,-0.001197,0.001978,-0.049478,-0.007378,0.050025,0|1|2,0.5614
6854.617024,-0.188559,0.108096,0.004376,0.213148,0.000356,0.002051,-0.063554,-0.008930,0.064178,0|1|2,0.5613
6854.650357,-0.175150,0.081879,0.005195,0.220057,0.001141,0.002134,-0.056218,-0.002420,0.056270,0|1|2,0.5618
6854.667024,-0.163958,0.073097,0.004157,0.233552,-0.000453,0.002580,-0.064944,0.005259,0.065156,0|1|2,0.5600
6854.683691,-0.163957,0.073096,0.004153,0.233552,-0.000453,0.002580,-0.064944,0.005260,0.065156,0|1|2,0.5608
6854.717024,-0.179354,0.047865,0.003770,0.248026,0.000350,0.001947,-0.065700,-0.003903,0.065816,0|1|2,0.5617
6854.733691,-0.179354,0.047865,0.003770,0.254849,0.000771,0.002086,-0.072523,-0.004323,0.072652,0|1|2,0.5607
6854.750358,-0.165895,0.029800,0.004064,0.261542,0.001169,0.002116,-0.069402,0.002598,0.069450,0|1|2,0.5616
6854.767024,-0.160398,0.021228,0.003782,0.275188,-0.000164,0.002376,-0.078392,0.006922,0.078697,0|1|2,0.5624
6854.783691,-0.172474,0.012743,0.003970,0.282304,0.000207,0.002687,-0.080892,-0.000010,0.080892,0|1|2,0.5627
6854.800358,-0.173577,0.011080,0.005681,0.282304,0.000207,0.002687,-0.079988,-0.000608,0.079990,0|1|2|4,0.5633
6854.817024,-0.174913,-0.005117,0.005725,0.289364,0.000543,0.002957,-0.078245,-0.001665,0.078263,0|1|2|3|4,0.5640
6854.833691,-0.174911,-0.005116,0.005721,0.302744,0.001046,0.003561,-0.091626,-0.002168,0.091651,0|1|2|3|4,0.5636
6854.850358,-0.169933,-0.013721,0.005639,0.309298,0.000491,0.003694,-0.093505,0.001096,0.093511,0|1|2|3|4,0.5616
6854.883691,-0.171373,-0.038391,0.006225,0.323482,0.001381,0.004009,-0.094280,-0.000569,0.094282,0|1|2|3|4,0.5598
6854.900358,-0.166592,-0.046739,0.006209,0.323482,0.001381,0.004009,-0.089744,0.002032,0.089767,0|1|2|3|4,0.5620
6854.917024,-0.166594,-0.046740,0.006214,0.330352,0.001888,0.004195,-0.096614,0.001523,0.096626,0|1|2|3|4,0.5630
6854.933691,-0.151939,-0.064759,0.006892,0.337081,0.002312,0.004276,-0.093556,0.009070,0.093994,0|1|2|3|4,0.5617
6854.950358,-0.145973,-0.073112,0.007077,0.343691,0.002302,0.004581,-0.095628,0.012325,0.096419,0|1|2|3|4,0.5612
6854.967024,-0.147270,-0.081367,0.007765,0.350431,0.001319,0.004996,-0.097880,0.012606,0.098689,0|1|2|3|4,0.5608
6854.983691,-0.161465,-0.089653,0.008476,0.357571,0.001334,0.005337,-0.100512,0.004879,0.100631,0|1|2|3|4,0.5611
6855.000358,-0.160660,-0.098799,0.009480,0.364708,0.001366,0.005769,-0.102679,0.005287,0.102815,0|1|2|3|4,0.5625
6855.017024,-0.160195,-0.108159,0.010216,0.371754,0.001421,0.006142,-0.104638,0.005487,0.104782,0|1|2|3|4,0.5629
6855.050358,-0.161003,-0.125344,0.010541,0.392516,0.001704,0.007676,-0.116060,0.004771,0.116158,0|1|2|3|4,0.5622
6855.067024,-0.159271,-0.133670,0.010815,0.392516,0.001704,0.007676,-0.111536,0.005715,0.111682,0|1|2|3|4,0.5608
6855.083691,-0.158405,-0.142829,0.010609,0.406153,0.001726,0.008087,-0.120196,0.006166,0.120354,0|1|2|3|4,0.5623
6855.100358,-0.158405,-0.142828,0.010607,0.413051,0.001665,0.008283,-0.127094,0.006228,0.127246,0|1|2|3|4,0.5630
6855.117024,-0.160219,-0.159740,0.010816,0.413051,0.001665,0.008283,-0.117902,0.005247,0.118018,0|1|2|3|4,0.5632
6855.133691,-0.160219,-0.159741,0.010817,0.420013,0.001540,0.008639,-0.124864,0.005371,0.124979,0|1|2|3|4,0.5626
6855.150358,-0.164510,-0.177096,0.010136,0.433830,0.001898,0.009622,-0.129247,0.002687,0.129275,0|1|2|3|4,0.5624
6855.167024,-0.156288,-0.185826,0.010452,0.440663,0.001558,0.010162,-0.131338,0.007498,0.131552,0|1|2|3|4,0.5613
6855.183691,-0.156288,-0.185825,0.010450,0.440663,0.001558,0.010162,-0.131339,0.007498,0.131553,0|1|2|3|4,0.5625
6855.200358,-0.167170,-0.203166,0.011750,0.454292,0.000701,0.010467,-0.135540,0.002446,0.135562,0|1|2|3|4,0.5634
6855.233691,-0.180605,-0.219858,0.012823,0.461026,0.001587,0.010705,-0.133199,-0.005736,0.133322,0|1|2|3|4,0.5631
6855.267024,-0.155902,-0.236590,0.013622,0.474248,0.002673,0.010927,-0.137334,0.006609,0.137493,0|1|2|3|4,0.5636
6855.283691,-0.154697,-0.245358,0.014228,0.480977,0.002359,0.010911,-0.139299,0.007580,0.139505,0|1|2|3|4,0.5638
6855.300358,-0.159945,-0.253726,0.013499,0.487727,0.002027,0.010862,-0.141499,0.005063,0.141589,0|1|2|3|4,0.5635
6855.317024,-0.165584,-0.262286,0.013502,0.494670,0.001659,0.010874,-0.143788,0.002369,0.143808,0|1|2|3|4,0.5633
6855.333691,-0.171563,-0.271126,0.012830,0.508491,0.002877,0.011092,-0.152803,-0.002096,0.152818,0|1|2|3|4|5,0.5618
6855.350358,-0.171563,-0.271128,0.012827,0.515222,0.002514,0.011194,-0.159533,-0.001733,0.159543,0|1|2|3|4|5,0.5626
6855.367024,-0.156485,-0.288284,0.012491,0.515222,0.002514,0.011194,-0.150214,0.006467,0.150353,0|1|2|3|4|5,0.5621
6855.383691,-0.163103,-0.296533,0.012384,0.521926,0.002110,0.011311,-0.152432,0.003277,0.152468,0|1|2|3|4|5,0.5641
6855.400358,-0.169568,-0.305358,0.012859,0.528705,0.001691,0.011620,-0.154413,0.000185,0.154413,0|1|2|3|4|5,0.5643
6855.417024,-0.176493,-0.313916,0.013735,0.542805,0.002643,0.011949,-0.163860,-0.004527,0.163923,0|1|2|3|4|5,0.5638
6855.450358,-0.176494,-0.313916,0.013734,0.556659,0.003668,0.012211,-0.177714,-0.005553,0.177800,0|1|2|3|4|5,0.5632
6855.467024,-0.154694,-0.339992,0.013620,0.556659,0.003668,0.012211,-0.163548,0.006303,0.163670,0|1|2|3|4|5,0.5614
6855.483691,-0.152845,-0.348699,0.013682,0.570074,0.002258,0.012513,-0.172232,0.008720,0.172453,0|1|2|3|4|5,0.5609
6855.500358,-0.163846,-0.357085,0.013211,0.570074,0.002258,0.012513,-0.167671,0.002744,0.167693,0|1|2|3|4|5,0.5611
6855.517024,-0.175082,-0.365698,0.013511,0.577149,0.002761,0.012583,-0.170062,-0.003863,0.170106,0|1|2|3|4|5,0.5613
6855.533691,-0.175082,-0.365699,0.013510,0.591181,0.003684,0.012687,-0.184093,-0.004786,0.184155,0|1|2|3|4|5,0.5629
6855.550358,-0.168756,-0.373952,0.013846,0.598059,0.003132,0.012663,-0.186489,-0.000793,0.186490,0|1|2|3|4|5,0.5626
6855.567024,-0.158374,-0.391701,0.013078,0.598059,0.003132,0.012663,-0.176845,0.004855,0.176912,0|1|2|3|4|5,0.5619
6855.583691,-0.158373,-0.391701,0.013077,0.611537,0.002440,0.012749,-0.190323,0.005548,0.190404,0|1|2|3|4|5,0.5626
6855.600358,-0.176673,-0.409087,0.013147,0.611537,0.002440,0.012749,-0.180868,-0.004393,0.180922,0|1|2|3|4|5,0.5632
6855.617024,-0.178963,-0.416686,0.013383,0.618474,0.003065,0.012759,-0.183676,-0.006260,0.183782,0|1|2|3|4|5,0.5633
6855.633691,-0.178964,-0.416686,0.013383,0.632393,0.003723,0.012859,-0.197594,-0.006919,0.197715,0|1|2|3|4|5,0.5634
6855.667024,-0.165068,-0.443366,0.014092,0.646082,0.002278,0.013026,-0.196787,0.002086,0.196798,0|1|2|3|4|5,0.5627
6855.683691,-0.176288,-0.451980,0.013466,0.646082,0.002278,0.013026,-0.192102,-0.004009,0.192144,0|1|2|3|4|5,0.5640
6855.700358,-0.176289,-0.451980,0.013464,0.659946,0.003225,0.013327,-0.205966,-0.004955,0.206026,0|1|2|3|4|5,0.5644
6855.717024,-0.185104,-0.468678,0.014266,0.659946,0.003225,0.013327,-0.196888,-0.009741,0.197129,0|1|2|3|4|5,0.5649
6855.750358,-0.185105,-0.468679,0.014269,0.681086,0.002870,0.013513,-0.218028,-0.009387,0.218230,0|1|2|3|4|5,0.5637
6855.767024,-0.178729,-0.495420,0.013866,0.688163,0.003508,0.013517,-0.210573,-0.006551,0.210675,0|1|2|3|4|5,0.5638
6855.783691,-0.185555,-0.504407,0.014361,0.695282,0.004507,0.013501,-0.212806,-0.011257,0.213104,0|1|2|3|4|5,0.5633
6855.800358,-0.178018,-0.512484,0.014129,0.695282,0.004507,0.013501,-0.208418,-0.007158,0.208541,0|1|2|3|4|5,0.5635
6855.833691,-0.152658,-0.530371,0.014710,0.716483,0.005191,0.013486,-0.219907,0.005946,0.219987,0|1|2|3|4|5,0.5614
6855.850358,-0.146964,-0.540106,0.015291,0.716483,0.005191,0.013486,-0.214618,0.009043,0.214808,0|1|2|3|4|5|7,0.5539
6855.867024,-0.159208,-0.549296,0.013486,0.723596,0.004400,0.013476,-0.216732,0.003183,0.216756,0|1|2|3|4|5|6|7,0.5604
6855.883691,-0.171872,-0.557332,0.013509,0.730734,0.004842,0.013141,-0.219499,-0.004139,0.219538,0|1|2|3|4|5|6|7,0.5614
6855.900358,-0.165088,-0.566082,0.014355,0.737940,0.005420,0.013131,-0.221952,-0.001028,0.221954,0|2|3|4|5|6|7,0.5559
6855.917024,-0.165399,-0.566909,0.013630,0.752306,0.005575,0.013164,-0.235869,-0.001352,0.235873,2|3|4|5|6|7,0.5635
6855.933691,-0.158635,-0.576039,0.013986,0.759460,0.004746,0.013178,-0.238063,0.003156,0.238084,2|3|4|5|6|7,0.5630
6855.950358,-0.159214,-0.594355,0.013718,0.766369,0.004748,0.013124,-0.235017,0.002845,0.235034,2|3|4|5|6|7,0.5620
6855.967024,-0.172238,-0.603481,0.014158,0.773495,0.005725,0.013166,-0.237178,-0.005207,0.237236,2|3|4|5|6|7,0.5617
6855.983691,-0.172593,-0.610897,0.014959,0.773495,0.005725,0.013166,-0.233148,-0.005397,0.233210,2|3|4|5|6|7,0.5620
6856.000358,-0.159895,-0.619869,0.015458,0.787324,0.007653,0.013361,-0.242105,-0.000422,0.242105,2|3|4|5|6|7,0.5621
6856.033691,-0.134875,-0.637527,0.015024,0.801506,0.006939,0.013315,-0.246699,0.013896,0.247090,2|3|4|5|6|7,0.5620
6856.067024,-0.147601,-0.655779,0.014630,0.808661,0.007081,0.013273,-0.243929,0.006842,0.244025,2|3|4|5|6|7,0.5611
6856.100358,-0.138345,-0.673497,0.014034,0.823173,0.008351,0.013305,-0.248815,0.010609,0.249041,2|3|4|5|6|7,0.5630
6856.117024,-0.130726,-0.682673,0.013856,0.837186,0.006809,0.013508,-0.257844,0.016294,0.258358,2|3|4|5|6|7,0.5615
6856.133691,-0.142249,-0.691716,0.014086,0.837186,0.006809,0.013508,-0.252926,0.010034,0.253125,2|3|4|5|6|7,0.5624
6856.150358,-0.142248,-0.691716,0.014084,0.844269,0.006805,0.013558,-0.260008,0.010039,0.260202,2|3|4|5|6|7,0.5627
6856.200358,-0.145387,-0.726959,0.013848,0.865201,0.008073,0.013655,-0.261785,0.007077,0.261881,2|3|4|5|6|7,0.5628
6856.217024,-0.141756,-0.735652,0.013535,0.879244,0.006566,0.013730,-0.271106,0.010559,0.271311,2|3|4|5|6|7,0.5622
6856.233691,-0.154241,-0.744522,0.013599,0.879244,0.006566,0.013730,-0.266281,0.003776,0.266308,2|3|4|5|6|7,0.5623
6856.250358,-0.165477,-0.752673,0.013942,0.886361,0.007019,0.013845,-0.268964,-0.002780,0.268979,2|3|4|5|6|7,0.5627
6856.267024,-0.165478,-0.752673,0.013943,0.900776,0.007938,0.013894,-0.283380,-0.003700,0.283404,2|3|4|5|6|7,0.5629
6856.283691,-0.154996,-0.770943,0.014465,0.900776,0.007938,0.013894,-0.273454,0.002002,0.273461,2|3|4|5|6|7,0.5622
6856.317024,-0.154997,-0.770942,0.014468,0.914776,0.007030,0.013728,-0.287453,0.002910,0.287468,2|3|4|5|6|7,0.5610
6856.333691,-0.164964,-0.796479,0.014756,0.921823,0.007462,0.013712,-0.280619,-0.002930,0.280634,2|3|4|5|6|7,0.5612
6856.350358,-0.160076,-0.805667,0.014627,0.935799,0.008321,0.013744,-0.289604,-0.001130,0.289606,2|3|4|5|6|7,0.5621
6856.367024,-0.155042,-0.814840,0.015160,0.942837,0.008754,0.013739,-0.291657,0.001175,0.291659,2|3|4|5|6|7,0.5618
6856.383691,-0.150284,-0.824092,0.015092,0.942837,0.008754,0.013739,-0.286630,0.003764,0.286655,2|3|4|5|6|7|8,0.5618
6856.400358,-0.150284,-0.824092,0.015091,0.956988,0.007473,0.013641,-0.300782,0.005045,0.300825,2|3|4|5|6|7|8,0.5609
6856.417024,-0.153849,-0.841279,0.014728,0.956988,0.007473,0.013641,-0.291440,0.003113,0.291457,2|3|4|5|6|7|8,0.5544
6856.433691,-0.153986,-0.841985,0.014278,0.963937,0.007818,0.013572,-0.298005,0.002693,0.298017,3|4|5|6|7|8,0.5602
6856.450358,-0.166238,-0.851209,0.014230,0.978054,0.009115,0.013567,-0.307105,-0.005259,0.307150,3|4|5|6|7|8,0.5615
6856.467024,-0.162012,-0.858774,0.014279,0.985052,0.008815,0.013647,-0.309994,-0.002660,0.310005,3|4|5|6|7|8,0.5622
6856.483691,-0.153864,-0.867832,0.013968,0.985052,0.008815,0.013647,-0.305073,0.001771,0.305078,3|4|5|6|7|8,0.5612
6856.500358,-0.145817,-0.876842,0.013698,0.998980,0.008150,0.014563,-0.314106,0.006812,0.314180,3|4|5|6|7|8,0.5613
6856.517024,-0.152082,-0.885954,0.013615,1.006003,0.008491,0.015153,-0.316175,0.003069,0.316190,3|4|5|6|7|8,0.5609
6856.533691,-0.163127,-0.902622,0.014631,1.012873,0.008750,0.015523,-0.313983,-0.003187,0.313999,3|4|5|6|7|8,0.5620
6856.550358,-0.163127,-0.902621,0.014633,1.019559,0.009029,0.015542,-0.320670,-0.003466,0.320689,3|4|5|6|7|8,0.5627
6856.567024,-0.158663,-0.912014,0.015307,1.026185,0.009232,0.015558,-0.322193,-0.001240,0.322195,3|4|5|6|7|8,0.5632
6856.583691,-0.153127,-0.928816,0.015515,1.032790,0.009019,0.016025,-0.319667,0.001987,0.319673,3|4|5|6|7|8,0.5628
6856.600358,-0.151655,-0.937078,0.015565,1.032790,0.009019,0.016025,-0.315177,0.002790,0.315190,3|4|5|6|7|8,0.5615
6856.633691,-0.153933,-0.953695,0.016846,1.053087,0.009727,0.017731,-0.326443,0.000848,0.326444,3|4|5|6|7|8,0.5623
6856.650358,-0.153933,-0.953695,0.016846,1.059686,0.009849,0.017756,-0.333043,0.000726,0.333043,3|4|5|6|7|8,0.5623
6856.667024,-0.150693,-0.970975,0.017517,1.059686,0.009849,0.017756,-0.323652,0.002492,0.323662,3|4|5|6|7|8,0.5634
6856.683691,-0.150530,-0.979280,0.017666,1.066271,0.009724,0.017933,-0.325724,0.002709,0.325735,3|4|5|6|7|8,0.5631
6856.700358,-0.154151,-0.987669,0.018121,1.072990,0.009427,0.018115,-0.327882,0.001041,0.327884,3|4|5|6|7|8,0.5621
6856.717024,-0.159196,-0.995431,0.018263,1.079767,0.009533,0.018534,-0.330439,-0.001804,0.330443,3|4|5|6|7|8,0.5624
6856.733691,-0.159196,-0.995431,0.018263,1.093136,0.009531,0.019150,-0.343808,-0.001803,0.343813,3|4|5|6|7|8,0.5629
6856.750358,-0.160638,-1.013027,0.019225,1.093136,0.009531,0.019150,-0.334245,-0.002581,0.334255,3|4|5|6|7|8,0.5637
6856.767024,-0.162773,-1.021239,0.019581,1.099917,0.009508,0.019137,-0.336562,-0.003715,0.336582,3|4|5|6|7|8,0.5639
6856.783691,-0.164597,-1.029866,0.019950,1.106899,0.009282,0.019064,-0.338855,-0.004479,0.338884,3|4|5|6|7|8,0.5628
6856.800358,-0.164597,-1.029865,0.019950,1.120960,0.009468,0.018704,-0.352915,-0.004664,0.352946,3|4|5|6|7|8,0.5616
6856.817024,-0.170342,-1.046596,0.019159,1.120960,0.009468,0.018704,-0.343821,-0.007781,0.343909,3|4|5|6|7|8,0.5637
6856.833691,-0.169484,-1.055879,0.019367,1.135319,0.009864,0.018686,-0.353135,-0.007708,0.353219,3|4|5|6|7|8,0.5648
6856.850358,-0.169484,-1.055879,0.019366,1.142528,0.009823,0.018721,-0.360345,-0.007668,0.360426,3|4|5|6|7|8,0.5644
6856.867024,-0.168666,-1.065078,0.018630,1.149628,0.010213,0.018730,-0.362446,-0.007610,0.362526,3|4|5|6|7|8,0.5639
6856.883691,-0.167203,-1.074141,0.019145,1.156715,0.010673,0.018721,-0.364607,-0.007272,0.364680,3|4|5|6|7|8,0.5628
6856.900358,-0.169668,-1.082866,0.018609,1.163660,0.011144,0.018683,-0.366810,-0.009079,0.366923,3|4|5|6|7|8,0.5639
6856.917024,-0.165787,-1.091612,0.018889,1.170590,0.011572,0.018620,-0.368988,-0.007396,0.369062,3|4|5|6|7|8|10,0.5641
6856.933691,-0.160405,-1.100773,0.018261,1.170590,0.011572,0.018620,-0.364010,-0.004468,0.364038,3|4|5|6|7|8|9|10,0.5616
6856.950358,-0.152160,-1.117593,0.018975,1.177534,0.012000,0.018594,-0.361815,-0.000410,0.361815,3|4|5|6|7|8|9|10,0.5520
6856.967024,-0.151929,-1.118655,0.018882,1.191670,0.012202,0.018568,-0.375375,-0.000486,0.375375,5|6|7|8|9|10,0.5620
6857.017024,-0.149660,-1.153629,0.018863,1.205987,0.012203,0.018575,-0.370684,0.000757,0.370685,5|6|7|8|9|10,0.5628
6857.033691,-0.151428,-1.162760,0.019042,1.213144,0.012205,0.018568,-0.372878,-0.000203,0.372878,5|6|7|8|9|10,0.5616
6857.050358,-0.151428,-1.162760,0.019042,1.220281,0.012198,0.018529,-0.380016,-0.000196,0.380016,5|6|7|8|9|10,0.5605
6857.067024,-0.154963,-1.181403,0.019124,1.227254,0.012394,0.018502,-0.376855,-0.002308,0.376862,5|6|7|8|9|10,0.5597
6857.100358,-0.148870,-1.197665,0.018909,1.248805,0.013816,0.018619,-0.389570,-0.000413,0.389570,5|6|7|8|9|10,0.5635
6857.117024,-0.148870,-1.197665,0.018908,1.255801,0.014300,0.018666,-0.396567,-0.000896,0.396568,5|6|7|8|9|10,0.5639
6857.133691,-0.138708,-1.216030,0.017457,1.255801,0.014300,0.018666,-0.386589,0.004632,0.386616,5|6|7|8|9|10,0.5640
6857.150358,-0.138708,-1.216030,0.017456,1.269931,0.014583,0.018493,-0.400718,0.004349,0.400742,5|6|7|8|9|10,0.5633
6857.167024,-0.129864,-1.233067,0.018287,1.277165,0.014807,0.018464,-0.398696,0.008937,0.398796,5|6|7|8|9|10,0.5620
6857.183691,-0.132919,-1.241871,0.017928,1.277165,0.014807,0.018464,-0.393910,0.007279,0.393977,5|6|7|8|9|10,0.5627
6857.200358,-0.131396,-1.251214,0.018418,1.284356,0.015028,0.018446,-0.396023,0.007889,0.396102,5|6|7|8|9|10,0.5631
6857.217024,-0.129943,-1.260375,0.018825,1.291514,0.015237,0.018443,-0.398204,0.008472,0.398294,5|6|7|8|9|10,0.5630
6857.233691,-0.128701,-1.269553,0.019120,1.305442,0.014858,0.018303,-0.407144,0.009529,0.407255,5|6|7|8|9|10,0.5623
6857.250358,-0.128701,-1.269553,0.019120,1.312453,0.014904,0.018315,-0.414155,0.009483,0.414264,5|6|7|8|9|10,0.5609
6857.267024,-0.137403,-1.286067,0.018858,1.319468,0.014966,0.018356,-0.412193,0.004697,0.412219,5|6|7|8|9|10,0.5615
6857.300358,-0.137403,-1.286067,0.018857,1.332829,0.015104,0.018052,-0.425554,0.004559,0.425578,5|6|7|8|9|10,0.5639
6857.317024,-0.139772,-1.312722,0.018900,1.332829,0.015104,0.018052,-0.411067,0.003280,0.411080,5|6|7|8|9|10,0.5643
6857.333691,-0.139771,-1.312722,0.018900,1.346608,0.014642,0.018008,-0.424845,0.003742,0.424862,5|6|7|8|9|10,0.5635
6857.350358,-0.146514,-1.329065,0.018877,1.346608,0.014642,0.018008,-0.415961,0.000083,0.415961,5|6|7|8|9|10,0.5626
6857.367024,-0.146514,-1.329065,0.018877,1.360552,0.014931,0.018083,-0.429905,-0.000206,0.429905,5|6|7|8|9|10,0.5637
6857.400358,-0.148496,-1.355768,0.018614,1.374231,0.015293,0.017809,-0.429071,-0.001638,0.429074,5|6|7|8|9|10,0.5631
6857.417024,-0.147734,-1.364619,0.018484,1.374231,0.015293,0.017809,-0.424261,-0.001221,0.424262,5|6|7|8|9|10,0.5626
6857.433691,-0.147417,-1.365651,0.017627,1.388172,0.015601,0.017579,-0.437641,-0.001355,0.437643,5|6|7|8|9|10|11,0.5598
6857.467024,-0.146136,-1.373491,0.018327,1.402306,0.015978,0.017578,-0.447514,-0.001034,0.447515,5|6|7|8|9|10|11,0.5554
6857.483691,-0.143539,-1.399296,0.018475,1.402306,0.015978,0.017578,-0.433491,0.000386,0.433491,6|7|8|9|10|11,0.5633
6857.500358,-0.143538,-1.399296,0.018475,1.416191,0.016259,0.017428,-0.447376,0.000105,0.447376,6|7|8|9|10|11,0.5631
6857.517024,-0.142243,-1.408414,0.018429,1.416191,0.016259,0.017428,-0.442421,0.000812,0.442422,6|7|8|9|10|11,0.5617
6857.533691,-0.140582,-1.417593,0.018002,1.429994,0.015841,0.016843,-0.451236,0.002135,0.451241,6|7|8|9|10|11,0.5608
6857.550358,-0.153640,-1.433671,0.017598,1.429994,0.015841,0.016843,-0.442494,-0.004957,0.442522,6|7|8|9|10|11,0.5618
6857.567024,-0.149122,-1.442535,0.017461,1.437003,0.016280,0.016807,-0.444686,-0.002938,0.444696,6|7|8|9|10|11,0.5627
6857.583691,-0.149122,-1.442535,0.017459,1.450997,0.017120,0.016792,-0.458680,-0.003777,0.458696,6|7|8|9|10|11,0.5624
6857.600358,-0.144409,-1.451608,0.017928,1.457948,0.016187,0.016795,-0.460702,-0.000280,0.460702,6|7|8|9|10|11,0.5617
6857.617024,-0.139194,-1.460432,0.018346,1.464888,0.016306,0.016717,-0.462848,0.002438,0.462855,6|7|8|9|10|11,0.5612
6857.633691,-0.135929,-1.468009,0.018139,1.464888,0.016306,0.016717,-0.458732,0.004215,0.458751,6|7|8|9|10|11,0.5608
6857.650358,-0.150423,-1.486279,0.017276,1.471744,0.016577,0.016721,-0.455653,-0.003928,0.455670,6|7|8|9|10|11,0.5617
6857.667024,-0.150423,-1.486279,0.017275,1.485189,0.017165,0.016710,-0.469099,-0.004516,0.469120,6|7|8|9|10|11,0.5620
6857.683691,-0.145623,-1.503899,0.017276,1.491905,0.017491,0.016720,-0.466239,-0.002227,0.466245,6|7|8|9|10|11,0.5631
6857.700358,-0.142905,-1.512369,0.017056,1.498692,0.017007,0.016776,-0.468425,-0.000264,0.468425,6|7|8|9|10|11,0.5629
6857.717024,-0.139556,-1.521150,0.017251,1.498692,0.017007,0.016776,-0.463653,0.001559,0.463656,6|7|8|9|10|11,0.5611
6857.733691,-0.148807,-1.528493,0.017518,1.512802,0.017549,0.016824,-0.473769,-0.004008,0.473786,6|7|8|9|10|11,0.5605
6857.750358,-0.148808,-1.528493,0.017518,1.519982,0.017891,0.016801,-0.480949,-0.004351,0.480969,6|7|8|9|10|11,0.5623
6857.767024,-0.142941,-1.546320,0.017393,1.527233,0.018239,0.016772,-0.478513,-0.001505,0.478516,6|7|8|9|10|11,0.5624
6857.783691,-0.139430,-1.555350,0.018190,1.527233,0.018239,0.016772,-0.473607,0.000406,0.473607,6|7|8|9|10|11,0.5617
6857.800358,-0.139430,-1.555350,0.018190,1.541555,0.016938,0.016513,-0.487930,0.001707,0.487933,6|7|8|9|10|11,0.5608
6857.817024,-0.149242,-1.572741,0.018256,1.541555,0.016938,0.016513,-0.478475,-0.003620,0.478488,6|7|8|9|10|11,0.5625
6857.833691,-0.156793,-1.582027,0.018278,1.548578,0.017286,0.016479,-0.480449,-0.008069,0.480516,6|7|8|9|10|11,0.5629
6857.850358,-0.156793,-1.582027,0.018278,1.562294,0.018021,0.016483,-0.494164,-0.008804,0.494242,6|7|8|9|10|11,0.5630
6857.867024,-0.153457,-1.590981,0.017783,1.569286,0.018024,0.016388,-0.496291,-0.006991,0.496340,6|7|8|9|10|11,0.5626
6857.883691,-0.146325,-1.608696,0.017503,1.576424,0.017087,0.016366,-0.493803,-0.002172,0.493808,6|7|8|9|10|11,0.5620
6857.900358,-0.148812,-1.616401,0.017432,1.576424,0.017087,0.016366,-0.489615,-0.003521,0.489628,6|7|8|9|10|11,0.5620
6857.917024,-0.163596,-1.625821,0.017658,1.583339,0.016899,0.016306,-0.491406,-0.011366,0.491537,6|7|8|9|10|11,0.5623
6857.933691,-0.167193,-1.634367,0.017658,1.597499,0.018018,0.016246,-0.500921,-0.014437,0.501129,6|7|8|9|10|11,0.5630
6857.950358,-0.161302,-1.643827,0.017377,1.597499,0.018018,0.016246,-0.495781,-0.011233,0.495908,6|7|8|9|10|11|13,0.5574
6857.967024,-0.160244,-1.644520,0.015084,1.611899,0.017626,0.016288,-0.509805,-0.010265,0.509908,6|7|8|9|10|11|12|13,0.5625
6857.983691,-0.153867,-1.653002,0.015117,1.618852,0.017761,0.016290,-0.512150,-0.006932,0.512197,6|7|8|9|10|11|12|13,0.5584
6858.017024,-0.154053,-1.661363,0.015266,1.632702,0.019539,0.016262,-0.521456,-0.008808,0.521530,8|9|10|11|12|13,0.5637
6858.033691,-0.151564,-1.687689,0.014925,1.632702,0.019539,0.016262,-0.507149,-0.007447,0.507203,8|9|10|11|12|13,0.5632
6858.050358,-0.140457,-1.696226,0.015035,1.639618,0.020437,0.016224,-0.509429,-0.002306,0.509434,8|9|10|11|12|13,0.5625
6858.067024,-0.140457,-1.696225,0.015036,1.653813,0.019495,0.016214,-0.523624,-0.001364,0.523626,8|9|10|11|12|13,0.5621
6858.083691,-0.131071,-1.712729,0.014274,1.653813,0.019495,0.016214,-0.514658,0.003742,0.514672,8|9|10|11|12|13,0.5622
6858.100358,-0.131071,-1.712729,0.014275,1.660816,0.019393,0.016125,-0.521661,0.003845,0.521675,8|9|10|11|12|13,0.5614
6858.117024,-0.147824,-1.731155,0.015181,1.667844,0.019891,0.016125,-0.518669,-0.005753,0.518701,8|9|10|11|12|13,0.5627
6858.133691,-0.142273,-1.740285,0.015214,1.674879,0.020406,0.016139,-0.520744,-0.003248,0.520754,8|9|10|11|12|13,0.5624
6858.150358,-0.136472,-1.749319,0.014921,1.681995,0.020901,0.016070,-0.522952,-0.000588,0.522952,8|9|10|11|12|13,0.5620
6858.167024,-0.131202,-1.757794,0.014693,1.689095,0.020163,0.016117,-0.525447,0.003017,0.525456,8|9|10|11|12|13,0.5620
6858.183691,-0.143338,-1.766818,0.014283,1.696187,0.019250,0.016086,-0.527631,-0.002663,0.527638,8|9|10|11|12|13,0.5620
6858.200358,-0.157870,-1.776413,0.014269,1.710127,0.020885,0.015642,-0.536352,-0.012193,0.536491,8|9|10|11|12|13,0.5611
6858.217024,-0.157871,-1.776413,0.014265,1.710127,0.020885,0.015642,-0.536352,-0.012194,0.536491,8|9|10|11|12|13,0.5629
6858.233691,-0.135129,-1.792847,0.014066,1.717146,0.021872,0.015643,-0.534447,-0.000815,0.534448,8|9|10|11|12|13,0.5633
6858.283691,-0.123378,-1.819542,0.014106,1.738610,0.021643,0.015500,-0.541406,0.005808,0.541437,8|9|10|11|12|13,0.5627
6858.300358,-0.130728,-1.829033,0.013867,1.745754,0.022222,0.015405,-0.543390,0.001238,0.543392,8|9|10|11|12|13,0.5616
6858.317024,-0.130729,-1.829034,0.013864,1.752979,0.022899,0.015362,-0.550615,0.000560,0.550615,8|9|10|11|12|13,0.5625
6858.333691,-0.115145,-1.846728,0.013981,1.759998,0.023074,0.015435,-0.548023,0.008860,0.548094,8|9|10|11|12|13,0.5628
6858.350358,-0.115145,-1.846728,0.013982,1.767041,0.022272,0.015405,-0.555065,0.009662,0.555149,8|9|10|11|12|13,0.5637
6858.383691,-0.139762,-1.873202,0.013910,1.781125,0.021916,0.015413,-0.554753,-0.003352,0.554763,8|9|10|11|12|13,0.5626
6858.400358,-0.134569,-1.881890,0.013688,1.795030,0.022972,0.015429,-0.563938,-0.001583,0.563940,8|9|10|11|12|13,0.5637
6858.417024,-0.128413,-1.890831,0.013504,1.795030,0.022972,0.015429,-0.559081,0.001765,0.559084,8|9|10|11|12|13,0.5637
6858.433691,-0.122475,-1.899735,0.013664,1.801882,0.022793,0.015378,-0.561096,0.005174,0.561120,8|9|10|11|12|13,0.5633
6858.450358,-0.122475,-1.899735,0.013664,1.815325,0.021669,0.015169,-0.574539,0.006298,0.574573,8|9|10|11|12|13,0.5637
6858.500358,-0.126950,-1.907582,0.013742,1.828840,0.022776,0.015283,-0.583788,0.002761,0.583794,8|9|10|11|12|13,0.5634
6858.517024,-0.139383,-1.933565,0.013059,1.842718,0.022406,0.014704,-0.583541,-0.003617,0.583552,8|9|10|11|12|13|14,0.5573
6858.533691,-0.127634,-1.949963,0.012612,1.842718,0.022406,0.014704,-0.574633,0.002773,0.574639,9|10|11|12|13|14,0.5627
6858.550358,-0.127633,-1.949963,0.012614,1.855756,0.022250,0.014063,-0.587670,0.002930,0.587677,9|10|11|12|13|14,0.5623
6858.567024,-0.150601,-1.967189,0.012401,1.855756,0.022250,0.014063,-0.578301,-0.009548,0.578380,9|10|11|12|13|14,0.5629
6858.600358,-0.135750,-1.983743,0.012309,1.869117,0.023489,0.013689,-0.582671,-0.002711,0.582677,9|10|11|12|13|14,0.5640
6858.617024,-0.127489,-1.992501,0.012293,1.883224,0.023206,0.013116,-0.592020,0.002065,0.592023,9|10|11|12|13|14,0.5636
6858.650358,-0.127487,-1.992501,0.012297,1.896654,0.022525,0.012448,-0.605450,0.002747,0.605456,9|10|11|12|13|14,0.5635
6858.667024,-0.142900,-2.019560,0.011116,1.896654,0.022525,0.012448,-0.590739,-0.005620,0.590766,9|10|11|12|13|14,0.5624
6858.683691,-0.146922,-2.026609,0.010792,1.909872,0.023796,0.012146,-0.600125,-0.009076,0.600194,9|10|11|12|13|14,0.5614
6858.700358,-0.146922,-2.026609,0.010791,1.916800,0.023388,0.011980,-0.607053,-0.008668,0.607115,9|10|11|12|13|14,0.5623
6858.717024,-0.130830,-2.042653,0.010549,1.923748,0.022999,0.011891,-0.605286,0.000472,0.605286,9|10|11|12|13|14,0.5627
6858.733691,-0.137812,-2.051862,0.010824,1.923748,0.022999,0.011891,-0.600279,-0.003319,0.600288,9|10|11|12|13|14,0.5622
6858.750358,-0.144413,-2.060999,0.011152,1.930625,0.022647,0.011909,-0.602189,-0.006553,0.602224,9|10|11|12|13|14,0.5630
6858.783691,-0.145476,-2.077352,0.011053,1.943771,0.023925,0.011930,-0.606447,-0.008403,0.606505,9|10|11|12|13|14,0.5617
6858.800358,-0.145479,-2.077353,0.011048,1.950270,0.024837,0.011854,-0.612945,-0.009317,0.613016,9|10|11|12|13|14,0.5625
6858.817024,-0.121658,-2.093886,0.011034,1.956962,0.024398,0.011637,-0.610660,0.004074,0.610673,9|10|11|12|13|14,0.5626
6858.833691,-0.130189,-2.101838,0.010987,1.970781,0.023475,0.011471,-0.620154,0.000362,0.620154,9|10|11|12|13|14,0.5634
6858.850358,-0.130188,-2.101838,0.010986,1.977397,0.023570,0.011135,-0.626769,0.000268,0.626769,9|10|11|12|13|14,0.5631
6858.883691,-0.144466,-2.127424,0.009975,1.984507,0.024166,0.010751,-0.619970,-0.008080,0.620023,9|10|11|12|13|14,0.5621
6858.900358,-0.144466,-2.127423,0.009979,1.998805,0.023959,0.010055,-0.634268,-0.007872,0.634317,9|10|11|12|13|14,0.5628
6858.917024,-0.138478,-2.136329,0.009405,1.998805,0.023959,0.010055,-0.629430,-0.004615,0.629447,9|10|11|12|13|14,0.5635
6858.933691,-0.142071,-2.145643,0.008971,2.012738,0.023770,0.010013,-0.638301,-0.006376,0.638332,9|10|11|12|13|14,0.5636
6858.950358,-0.144988,-2.154619,0.008991,2.019613,0.024304,0.009845,-0.640296,-0.008493,0.640353,9|10|11|12|13|14,0.5634
6858.967024,-0.149565,-2.172661,0.008653,2.019613,0.024304,0.009845,-0.630489,-0.010975,0.630585,9|10|11|12|13|14,0.5631
6858.983691,-0.149565,-2.172661,0.008653,2.033713,0.024260,0.009551,-0.644589,-0.010931,0.644681,9|10|11|12|13|14,0.5629
6859.000358,-0.142086,-2.180315,0.008272,2.040699,0.024115,0.009305,-0.647418,-0.006719,0.647453,9|10|11|12|13|14,0.5628
6859.017024,-0.141979,-2.189344,0.008247,2.040699,0.024115,0.009305,-0.642511,-0.006658,0.642545,9|10|11|12|13|14,0.5633
6859.033691,-0.144816,-2.199376,0.006599,2.055086,0.023872,0.009166,-0.651445,-0.007954,0.651493,9|10|11|12|13|14|15|16,0.5626
6859.067024,-0.154847,-2.227147,0.006162,2.062045,0.023673,0.009044,-0.643307,-0.013197,0.643442,11|12|13|14|15|16,0.5613
6859.083691,-0.158485,-2.234919,0.006474,2.076282,0.024136,0.009032,-0.653319,-0.015635,0.653507,11|12|13|14|15|16,0.5616
6859.100358,-0.156337,-2.244023,0.006704,2.076282,0.024136,0.009032,-0.648372,-0.014464,0.648534,11|12|13|14|15|16,0.5618
6859.133691,-0.150863,-2.262283,0.007158,2.090536,0.024676,0.009116,-0.652704,-0.012024,0.652814,11|12|13|14|15|16,0.5624
6859.150358,-0.150863,-2.262282,0.007157,2.104709,0.025764,0.009019,-0.666878,-0.013112,0.667006,11|12|13|14|15|16,0.5608
6859.167024,-0.147660,-2.271214,0.007167,2.104709,0.025764,0.009019,-0.662024,-0.011368,0.662122,11|12|13|14|15|16,0.5612
6859.183691,-0.134234,-2.288181,0.006697,2.111657,0.025701,0.008919,-0.659756,-0.004004,0.659768,11|12|13|14|15|16,0.5621
6859.200358,-0.135960,-2.297004,0.006274,2.118608,0.025652,0.008838,-0.661910,-0.004890,0.661928,11|12|13|14|15|16,0.5628
6859.217024,-0.135960,-2.297004,0.006274,2.132621,0.025580,0.008724,-0.675923,-0.004817,0.675940,11|12|13|14|15|16,0.5626
6859.233691,-0.138798,-2.314654,0.006656,2.132621,0.025580,0.008724,-0.666330,-0.006354,0.666360,11|12|13|14|15|16,0.5618
6859.250358,-0.140268,-2.323688,0.006829,2.146815,0.025909,0.008687,-0.675615,-0.007480,0.675656,11|12|13|14|15|16,0.5610
6859.267024,-0.136118,-2.331851,0.006637,2.146815,0.025909,0.008687,-0.671179,-0.005222,0.671200,11|12|13|14|15|16,0.5624
6859.300358,-0.136119,-2.331852,0.006639,2.161005,0.025883,0.008729,-0.685368,-0.005197,0.685388,11|12|13|14|15|16,0.5626
6859.317024,-0.138421,-2.349992,0.007444,2.167966,0.025882,0.008734,-0.682470,-0.006440,0.682500,11|12|13|14|15|16,0.5619
6859.333691,-0.140097,-2.368128,0.006620,2.174819,0.026019,0.008620,-0.679466,-0.007483,0.679507,11|12|13|14|15|16,0.5609
6859.367024,-0.128432,-2.384794,0.005887,2.189082,0.027141,0.008557,-0.684675,-0.002260,0.684679,11|12|13|14|15|16,0.5611
6859.383691,-0.128432,-2.384795,0.005889,2.196339,0.027486,0.008550,-0.691932,-0.002606,0.691937,11|12|13|14|15|16,0.5618
6859.400358,-0.124609,-2.394018,0.005627,2.210817,0.028188,0.008487,-0.701398,-0.001226,0.701399,11|12|13|14|15|16,0.5619
6859.417024,-0.116369,-2.412207,0.005044,2.210817,0.028188,0.008487,-0.691515,0.003258,0.691523,11|12|13|14|15|16,0.5620
6859.450358,-0.125632,-2.429313,0.005519,2.224801,0.027311,0.008500,-0.696199,-0.000895,0.696200,11|12|13|14|15|16,0.5618
6859.467024,-0.125632,-2.429312,0.005519,2.231910,0.027325,0.008510,-0.703309,-0.000908,0.703310,11|12|13|14|15|16,0.5633
6859.483691,-0.126482,-2.438157,0.005487,2.246005,0.027349,0.008539,-0.712597,-0.001392,0.712599,11|12|13|14|15|16,0.5635
6859.500358,-0.127565,-2.456274,0.005829,2.253030,0.027382,0.008553,-0.709776,-0.002008,0.709779,11|12|13|14|15|16,0.5635
6859.517024,-0.128202,-2.465195,0.006328,2.253030,0.027382,0.008553,-0.704927,-0.002352,0.704931,11|12|13|14|15|16,0.5628
6859.533691,-0.128671,-2.474189,0.006682,2.259986,0.027459,0.008555,-0.706995,-0.002679,0.707000,11|12|13|14|15|16|17,0.5563
6859.550358,-0.128461,-2.482467,0.007176,2.266958,0.027542,0.008592,-0.709468,-0.002646,0.709473,11|12|13|14|15|16|17,0.5631
6859.567024,-0.128489,-2.482483,0.007157,2.280778,0.027731,0.008629,-0.723279,-0.002851,0.723284,11|12|13|14|15|16|17,0.5569
6859.583691,-0.128127,-2.500860,0.006262,2.287763,0.027828,0.008630,-0.720276,-0.002746,0.720282,12|13|14|15|16|17,0.5637
6859.600358,-0.127470,-2.509621,0.005751,2.287763,0.027828,0.008630,-0.715515,-0.002386,0.715519,12|13|14|15|16|17,0.5630
6859.617024,-0.126957,-2.518641,0.005294,2.301959,0.027347,0.008641,-0.724809,-0.001623,0.724811,12|13|14|15|16|17,0.5615
6859.633691,-0.126956,-2.518642,0.005294,2.309133,0.027182,0.008647,-0.731983,-0.001457,0.731984,12|13|14|15|16|17,0.5609
6859.650358,-0.135342,-2.535477,0.005510,2.316267,0.027023,0.008640,-0.729964,-0.005851,0.729988,12|13|14|15|16|17,0.5618
6859.667024,-0.138392,-2.544611,0.005136,2.316267,0.027023,0.008640,-0.724999,-0.007506,0.725038,12|13|14|15|16|17,0.5623
6859.683691,-0.141466,-2.553781,0.004989,2.323163,0.026862,0.008594,-0.726911,-0.009012,0.726967,12|13|14|15|16|17,0.5616
6859.700358,-0.144641,-2.562833,0.004950,2.337011,0.027860,0.008397,-0.735838,-0.011733,0.735932,12|13|14|15|16|17,0.5605
6859.717024,-0.144641,-2.562833,0.004950,2.344150,0.027955,0.008395,-0.742977,-0.011828,0.743072,12|13|14|15|16|17,0.5601
6859.750358,-0.130935,-2.588212,0.005063,2.351287,0.028071,0.008392,-0.736326,-0.004487,0.736340,12|13|14|15|16|17,0.5624
6859.767024,-0.130045,-2.597342,0.005336,2.365222,0.028313,0.008334,-0.745300,-0.004243,0.745312,12|13|14|15|16|17,0.5628
6859.783691,-0.129042,-2.606327,0.005277,2.365222,0.028313,0.008334,-0.740417,-0.003695,0.740426,12|13|14|15|16|17,0.5621
6859.800358,-0.127964,-2.615214,0.005220,2.372004,0.027389,0.008259,-0.742369,-0.002182,0.742372,12|13|14|15|16|17,0.5610
6859.817024,-0.142526,-2.622451,0.005011,2.378909,0.027286,0.008163,-0.745336,-0.009991,0.745403,12|13|14|15|16|17,0.5600
6859.833691,-0.144055,-2.631033,0.005353,2.385865,0.027420,0.008168,-0.747627,-0.010953,0.747708,12|13|14|15|16|17,0.5616
6859.850358,-0.142762,-2.640168,0.005835,2.399782,0.027746,0.008240,-0.756581,-0.010573,0.756655,12|13|14|15|16|17,0.5627
6859.867024,-0.142761,-2.640168,0.005837,2.406754,0.027933,0.008255,-0.763552,-0.010760,0.763628,12|13|14|15|16|17,0.5622
6859.883691,-0.139817,-2.658292,0.004509,2.406754,0.027933,0.008255,-0.753703,-0.009154,0.753759,12|13|14|15|16|17,0.5618
6859.900358,-0.139818,-2.658290,0.004508,2.420580,0.028473,0.008259,-0.767531,-0.009694,0.767592,12|13|14|15|16|17,0.5607
6859.917024,-0.138092,-2.667241,0.004558,2.420580,0.028473,0.008259,-0.762666,-0.008754,0.762717,12|13|14|15|16|17,0.5603
6859.933691,-0.132173,-2.683349,0.004053,2.427452,0.028415,0.008206,-0.760785,-0.005474,0.760805,12|13|14|15|16|17,0.5604
6859.950358,-0.133593,-2.692522,0.004004,2.434587,0.028393,0.008149,-0.762935,-0.006221,0.762960,12|13|14|15|16|17,0.5610
6859.967024,-0.134634,-2.701614,0.004324,2.449019,0.027601,0.008080,-0.772425,-0.005992,0.772449,12|13|14|15|16|17,0.5614
6859.983691,-0.134635,-2.701613,0.004322,2.449019,0.027601,0.008080,-0.772426,-0.005993,0.772449,12|13|14|15|16|17,0.5604
6860.000358,-0.147770,-2.719043,0.004063,2.463088,0.027655,0.007927,-0.777018,-0.013180,0.777130,12|13|14|15|16|17,0.5607
6860.017024,-0.150587,-2.727602,0.003982,2.463088,0.027655,0.007927,-0.772366,-0.014708,0.772506,12|13|14|15|16|17,0.5625
6860.033691,-0.150588,-2.727601,0.003980,2.476954,0.028225,0.007926,-0.786232,-0.015278,0.786381,12|13|14|15|16|17,0.5638
6860.067024,-0.148095,-2.736751,0.003364,2.491022,0.027640,0.007854,-0.795328,-0.013336,0.795440,12|13|14|15|16|17,0.5628
6860.117024,-0.148062,-2.782514,0.005689,2.512081,0.028276,0.007013,-0.791516,-0.013940,0.791638,14|15|16|17|18|19,0.5643
6860.133691,-0.148062,-2.782515,0.005691,2.512081,0.028276,0.007013,-0.791515,-0.013940,0.791638,14|15|16|17|18|19,0.5641
6860.150358,-0.142242,-2.800448,0.004337,2.519261,0.028453,0.006980,-0.788950,-0.010948,0.789026,14|15|16|17|18|19,0.5632
6860.167024,-0.140678,-2.808400,0.004626,2.526483,0.027584,0.007011,-0.791852,-0.009226,0.791905,14|15|16|17|18|19,0.5635
6860.183691,-0.153596,-2.817866,0.004506,2.533337,0.026940,0.006794,-0.793557,-0.015600,0.793710,14|15|16|17|18|19,0.5630
6860.200358,-0.162495,-2.826001,0.004445,2.540108,0.027554,0.006797,-0.795903,-0.021048,0.796182,14|15|16|17|18|19,0.5630
6860.217024,-0.154311,-2.834899,0.003886,2.546920,0.028180,0.006883,-0.797882,-0.017223,0.798068,14|15|16|17|18|19,0.5634
6860.233691,-0.145694,-2.843931,0.003553,2.553768,0.028827,0.006934,-0.799824,-0.013185,0.799933,14|15|16|17|18|19,0.5626
6860.267024,-0.134524,-2.860593,0.004199,2.567886,0.028259,0.006851,-0.804891,-0.006541,0.804917,14|15|16|17|18|19,0.5608
6860.283691,-0.134524,-2.860591,0.004198,2.581803,0.029016,0.006832,-0.818808,-0.007298,0.818841,14|15|16|17|18|19,0.5620
6860.300358,-0.142095,-2.878369,0.004411,2.581803,0.029016,0.006832,-0.809144,-0.011408,0.809224,14|15|16|17|18|19,0.5630
6860.317024,-0.137423,-2.887286,0.004407,2.588615,0.029427,0.006743,-0.811112,-0.009276,0.811165,14|15|16|17|18|19,0.5634
6860.333691,-0.137424,-2.887286,0.004404,2.595671,0.029800,0.006625,-0.818168,-0.009649,0.818225,14|15|16|17|18|19,0.5627
6860.350358,-0.127311,-2.905191,0.004405,2.602803,0.029297,0.006621,-0.815571,-0.003645,0.815579,14|15|16|17|18|19,0.5620
6860.367024,-0.135135,-2.913353,0.004825,2.610000,0.028612,0.006485,-0.818331,-0.007209,0.818363,14|15|16|17|18|19,0.5620
6860.383691,-0.144550,-2.922193,0.004783,2.624254,0.029447,0.006521,-0.827777,-0.013159,0.827882,14|15|16|17|18|19,0.5623
6860.417024,-0.133576,-2.940681,0.004782,2.631257,0.029905,0.006565,-0.824736,-0.007647,0.824771,14|15|16|17|18|19,0.5616
6860.433691,-0.127847,-2.950023,0.005372,2.638299,0.030343,0.006565,-0.826702,-0.004969,0.826717,14|15|16|17|18|19,0.5608
6860.450358,-0.122294,-2.958998,0.005342,2.645358,0.029512,0.006501,-0.828886,-0.001116,0.828887,14|15|16|17|18|19,0.5593
6860.467024,-0.122292,-2.959000,0.005348,2.659601,0.030264,0.006366,-0.843127,-0.001867,0.843129,14|15|16|17|18|19,0.5593
6860.483691,-0.134793,-2.966730,0.004655,2.666805,0.030985,0.006333,-0.846126,-0.009380,0.846178,14|15|16|17|18|19,0.5616
6860.500358,-0.124911,-2.983835,0.004167,2.666805,0.030985,0.006333,-0.836833,-0.004003,0.836843,14|15|16|17|18|19,0.5624
6860.517024,-0.124912,-2.983835,0.004165,2.680847,0.030997,0.006590,-0.850875,-0.004017,0.850885,14|15|16|17|18|19,0.5621
6860.533691,-0.106401,-3.002008,0.004265,2.687914,0.030229,0.006594,-0.848071,0.006817,0.848098,14|15|16|17|18|19,0.5623
6860.567024,-0.128760,-3.019829,0.004863,2.694968,0.030141,0.006582,-0.845433,-0.005241,0.845450,14|15|16|17|18|19,0.5637
6860.583691,-0.128761,-3.019829,0.004861,2.709177,0.030973,0.006686,-0.859642,-0.006073,0.859664,14|15|16|17|18|19,0.5642
6860.600358,-0.129762,-3.029115,0.005690,2.716178,0.031094,0.006758,-0.861596,-0.006736,0.861623,14|15|16|17|18|19|20,0.5637
6860.617024,-0.119362,-3.046601,0.005063,2.716178,0.031094,0.006758,-0.852096,-0.001078,0.852097,14|15|16|17|18|19|20,0.5546
6860.633691,-0.118679,-3.055478,0.004849,2.730198,0.030233,0.006818,-0.861291,0.000158,0.861291,15|16|17|18|19|20,0.5630
6860.650358,-0.118679,-3.055478,0.004852,2.737258,0.030702,0.006890,-0.868352,-0.000311,0.868352,15|16|17|18|19|20,0.5619
6860.683691,-0.131130,-3.064393,0.004580,2.751228,0.031689,0.006743,-0.877472,-0.008062,0.877509,15|16|17|18|19|20,0.5637
6860.700358,-0.119198,-3.091395,0.004038,2.751228,0.031689,0.006743,-0.862801,-0.001569,0.862802,15|16|17|18|19|20,0.5635
6860.717024,-0.112671,-3.100444,0.003993,2.758221,0.031033,0.006646,-0.864878,0.002637,0.864882,15|16|17|18|19|20,0.5624
6860.750358,-0.112671,-3.100443,0.003995,2.772361,0.030082,0.006610,-0.879020,0.003588,0.879027,15|16|17|18|19|20,0.5625
6860.767024,-0.138401,-3.117237,0.003558,2.786506,0.030520,0.006658,-0.884029,-0.010829,0.884095,15|16|17|18|19|20,0.5638
6860.783691,-0.137255,-3.126067,0.003578,2.793516,0.030721,0.006571,-0.886240,-0.010404,0.886301,15|16|17|18|19|20,0.5630
6860.800358,-0.135006,-3.135185,0.003991,2.800332,0.029936,0.006263,-0.888102,-0.008394,0.888141,15|16|17|18|19|20,0.5613
6860.817024,-0.130355,-3.152515,0.003628,2.800332,0.029936,0.006263,-0.878685,-0.005861,0.878705,15|16|17|18|19|20,0.5607
6860.833691,-0.141396,-3.160122,0.003400,2.807260,0.030255,0.005644,-0.881475,-0.012178,0.881560,15|16|17|18|19|20,0.5598
6860.867024,-0.141397,-3.160121,0.003398,2.828286,0.031641,0.005455,-0.902501,-0.013565,0.902603,15|16|17|18|19|20,0.5614
6860.883691,-0.123714,-3.187250,0.002614,2.828286,0.031641,0.005455,-0.887763,-0.003946,0.887772,15|16|17|18|19|20,0.5624
6860.900358,-0.123716,-3.187248,0.002615,2.842085,0.029882,0.005294,-0.901563,-0.002188,0.901566,15|16|17|18|19|20,0.5613
6860.917024,-0.129853,-3.204002,0.003089,2.842085,0.029882,0.005294,-0.892456,-0.005518,0.892473,15|16|17|18|19|20,0.5610
6860.967024,-0.142242,-3.229868,0.003065,2.862493,0.030538,0.005360,-0.898802,-0.012899,0.898895,15|16|17|18|19|20,0.5617
6860.983691,-0.142243,-3.229868,0.003065,2.876157,0.031064,0.005450,-0.912466,-0.013426,0.912565,15|16|17|18|19|20,0.5615
6861.000358,-0.135274,-3.238739,0.002802,2.883055,0.030369,0.005452,-0.914545,-0.008941,0.914589,15|16|17|18|19|20,0.5600
6861.017024,-0.129966,-3.255496,0.002931,2.889975,0.030684,0.005464,-0.912360,-0.006366,0.912382,15|16|17|18|19|20,0.5602
6861.033691,-0.139844,-3.263565,0.002904,2.896944,0.031030,0.005232,-0.914940,-0.012077,0.915020,15|16|17|18|19|20,0.5623
6861.050358,-0.139844,-3.263565,0.002904,2.903923,0.031385,0.004803,-0.921920,-0.012432,0.922003,15|16|17|18|19|20,0.5628
6861.067024,-0.131663,-3.281657,0.002579,2.903923,0.031385,0.004803,-0.912090,-0.007980,0.912124,15|16|17|18|19|20,0.5623
6861.100358,-0.137166,-3.299551,0.002709,2.918284,0.029901,0.004780,-0.916724,-0.009482,0.916773,15|16|17|18|19|20|22,0.5571
6861.117025,-0.136507,-3.300355,0.001989,2.932145,0.029974,0.004652,-0.930148,-0.009196,0.930193,15|16|17|18|19|20|21|22,0.5636
6861.133691,-0.149297,-3.309078,0.002136,2.939075,0.030658,0.004686,-0.932334,-0.016828,0.932486,15|16|17|18|19|20|21|22,0.5591
6861.167025,-0.138458,-3.335907,0.001510,2.946108,0.031157,0.004609,-0.924789,-0.011429,0.924859,17|18|19|20|21|22,0.5629
6861.217025,-0.150943,-3.362543,0.003363,2.974494,0.030626,0.003976,-0.938695,-0.017674,0.938861,17|18|19|20|21|22,0.5616
6861.233691,-0.150437,-3.370658,0.002792,2.974494,0.030626,0.003976,-0.934284,-0.017397,0.934446,17|18|19|20|21|22,0.5633
6861.250358,-0.150436,-3.370659,0.002793,2.988669,0.030546,0.003455,-0.948459,-0.017316,0.948617,17|18|19|20|21|22,0.5621
6861.267025,-0.136663,-3.388463,0.001809,2.988669,0.030546,0.003455,-0.938787,-0.009825,0.938839,17|18|19|20|21|22,0.5634
6861.283691,-0.143505,-3.397957,0.000771,2.995761,0.030112,0.003429,-0.940717,-0.013107,0.940808,17|18|19|20|21|22,0.5629
6861.300358,-0.150099,-3.407602,0.000863,3.002857,0.029715,0.003456,-0.942570,-0.016291,0.942710,17|18|19|20|21|22,0.5629
6861.317025,-0.156144,-3.416980,0.000695,3.009511,0.030152,0.003454,-0.944125,-0.020010,0.944337,17|18|19|20|21|22,0.5627
6861.350358,-0.135091,-3.432474,0.001407,3.023513,0.031510,0.003466,-0.949713,-0.009921,0.949765,17|18|19|20|21|22,0.5611
6861.367025,-0.131430,-3.441036,0.001419,3.037792,0.030370,0.003518,-0.959339,-0.006789,0.959363,17|18|19|20|21|22,0.5620
6861.383691,-0.131431,-3.441035,0.001421,3.044651,0.030442,0.003527,-0.966200,-0.006861,0.966224,17|18|19|20|21|22,0.5614
6861.400358,-0.148239,-3.459140,0.001801,3.044651,0.030442,0.003527,-0.956355,-0.015991,0.956488,17|18|19|20|21|22,0.5618
6861.417025,-0.147513,-3.466959,0.001910,3.058581,0.032203,0.003267,-0.966035,-0.017355,0.966191,17|18|19|20|21|22,0.5636
6861.433691,-0.147515,-3.466958,0.001909,3.065743,0.031858,0.003242,-0.973197,-0.017010,0.973346,17|18|19|20|21|22,0.5638
6861.467025,-0.135695,-3.475955,0.002491,3.080214,0.030936,0.003277,-0.982783,-0.009662,0.982830,17|18|19|20|21|22,0.5636
6861.483691,-0.135652,-3.503145,0.001701,3.080214,0.030936,0.003277,-0.968006,-0.009630,0.968054,17|18|19|20|21|22,0.5623
6861.500358,-0.135652,-3.503145,0.001700,3.094155,0.032095,0.003157,-0.981946,-0.010790,0.982005,17|18|19|20|21|22,0.5621
6861.550358,-0.142285,-3.512698,0.002219,3.108324,0.032335,0.003001,-0.990921,-0.014632,0.991029,17|18|19|20|21|22,0.5610
6861.567025,-0.116565,-3.538245,0.000925,3.122520,0.031370,0.002682,-0.991242,0.000320,0.991242,17|18|19|20|21|22,0.5615
6861.600358,-0.123456,-3.547510,0.000607,3.136424,0.033048,0.002749,-1.000107,-0.005101,1.000120,17|18|19|20|21|22,0.5585
6861.633691,-0.137870,-3.566361,0.000506,3.150448,0.032545,0.002764,-1.003882,-0.012425,1.003959,17|18|19|20|21|22,0.5610
6861.650358,-0.114874,-3.582492,0.000010,3.150448,0.032545,0.002764,-0.995122,0.000078,0.995122,17|18|19|20|21|22|23,0.5616
6861.667025,-0.121909,-3.600540,0.001464,3.164439,0.032056,0.002755,-0.999303,-0.003251,0.999308,18|19|20|21|22|23,0.5630
6861.683691,-0.121909,-3.600539,0.001463,3.171397,0.032712,0.002768,-1.006262,-0.003907,1.006269,18|19|20|21|22|23,0.5621
6861.717025,-0.125791,-3.609363,0.001778,3.178517,0.033019,0.002890,-1.008584,-0.006322,1.008604,18|19|20|21|22|23,0.5614
6861.733691,-0.116834,-3.635165,0.001384,3.185623,0.032692,0.002923,-1.001670,-0.001118,1.001671,18|19|20|21|22|23,0.5623
6861.767025,-0.126719,-3.653514,0.001323,3.199813,0.032034,0.002968,-1.005885,-0.005826,1.005902,18|19|20|21|22|23,0.5633
6861.783691,-0.126718,-3.653514,0.001323,3.213903,0.033696,0.002988,-1.019975,-0.007488,1.020002,18|19|20|21|22|23,0.5622
6861.800358,-0.131849,-3.662652,0.000836,3.221123,0.033173,0.002977,-1.022227,-0.009751,1.022273,18|19|20|21|22|23,0.5636
6861.817025,-0.108926,-3.679441,0.000833,3.221123,0.033173,0.002977,-1.013110,0.002713,1.013113,18|19|20|21|22|23,0.5620
6861.833691,-0.108927,-3.679439,0.000832,3.234996,0.032056,0.002689,-1.026984,0.003829,1.026991,18|19|20|21|22|23,0.5621
6861.867025,-0.116816,-3.688356,0.000623,3.241859,0.031688,0.002713,-1.028998,-0.000088,1.028998,18|19|20|21|22|23,0.5617
6861.883691,-0.138552,-3.714218,0.001127,3.248857,0.032367,0.002769,-1.021934,-0.012572,1.022012,18|19|20|21|22|23,0.5612
6861.900358,-0.138551,-3.714219,0.001128,3.263081,0.032234,0.002764,-1.036158,-0.012439,1.036232,18|19|20|21|22|23,0.5604
6861.917025,-0.124604,-3.732273,0.001997,3.263081,0.032234,0.002764,-1.026350,-0.004853,1.026361,18|19|20|21|22|23,0.5598
6861.933691,-0.124603,-3.732274,0.001995,3.276862,0.031597,0.002369,-1.040131,-0.004215,1.040139,18|19|20|21|22|23,0.5598
6861.950358,-0.138936,-3.750758,0.001305,3.276862,0.031597,0.002369,-1.030081,-0.011999,1.030151,18|19|20|21|22|23,0.5595
6861.967025,-0.140528,-3.758003,0.000797,3.283631,0.032520,0.002332,-1.032911,-0.013785,1.033003,18|19|20|21|22|23,0.5599
6861.983691,-0.127320,-3.766775,0.001349,3.290447,0.033208,0.002270,-1.034964,-0.007293,1.034989,18|19|20|21|22|23,0.5605
6862.000358,-0.118882,-3.775635,0.000623,3.297381,0.032746,0.002249,-1.037085,-0.002241,1.037088,18|19|20|21|22|23,0.5602
6862.017025,-0.125655,-3.784377,0.000638,3.311315,0.031841,0.002243,-1.046266,-0.005014,1.046278,18|19|20|21|22|23,0.5617
6862.033691,-0.132237,-3.793194,0.001228,3.318227,0.031389,0.002248,-1.048384,-0.008137,1.048416,18|19|20|21|22|23,0.5630
6862.050358,-0.138622,-3.802140,0.001638,3.318227,0.031389,0.002248,-1.043520,-0.011605,1.043585,18|19|20|21|22|23,0.5625
6862.067025,-0.138620,-3.802141,0.001640,3.324930,0.031772,0.002257,-1.050222,-0.011986,1.050291,18|19|20|21|22|23,0.5615
6862.083691,-0.139820,-3.817974,0.001017,3.331795,0.032764,0.002291,-1.048482,-0.013625,1.048570,18|19|20|21|22|23,0.5610
6862.100358,-0.125593,-3.827297,0.000880,3.338635,0.032795,0.002286,-1.050260,-0.005922,1.050277,18|19|20|21|22|23,0.5602
6862.117025,-0.126598,-3.835798,0.000804,3.345530,0.032401,0.002245,-1.052535,-0.006072,1.052552,18|19|20|21|22|23,0.5613
6862.133691,-0.132486,-3.844567,0.000664,3.352453,0.032007,0.002296,-1.054690,-0.008875,1.054727,18|19|20|21|22|23,0.5618
6862.150358,-0.138170,-3.854677,0.001585,3.359436,0.031988,0.002164,-1.056176,-0.011941,1.056244,18|19|20|21|22|23|24|25,0.5541
6862.167025,-0.138161,-3.854719,0.001605,3.373792,0.032339,0.001796,-1.070510,-0.012287,1.070580,18|19|20|21|22|23|24|25,0.5612
6862.183691,-0.128747,-3.870545,0.001440,3.373792,0.032339,0.001796,-1.061912,-0.007166,1.061936,18|19|20|21|22|23|24|25,0.5527
6862.200358,-0.128712,-3.871445,0.001996,3.387904,0.031611,0.001489,-1.075534,-0.006419,1.075553,20|21|22|23|24|25,0.5638
6862.217025,-0.134939,-3.880475,0.002279,3.394793,0.031237,0.001620,-1.077514,-0.009426,1.077555,20|21|22|23|24|25,0.5638
6862.233691,-0.146594,-3.899157,0.001930,3.401504,0.031590,0.001642,-1.074068,-0.016108,1.074189,20|21|22|23|24|25,0.5625
6862.250358,-0.146594,-3.899157,0.001930,3.408631,0.032213,0.001576,-1.081195,-0.016731,1.081324,20|21|22|23|24|25,0.5611
6862.283691,-0.138954,-3.923997,0.002385,3.422986,0.031933,0.001561,-1.082052,-0.012291,1.082122,20|21|22|23|24|25,0.5624
6862.300358,-0.141381,-3.932822,0.002131,3.422986,0.031933,0.001561,-1.077256,-0.013607,1.077341,20|21|22|23|24|25,0.5636
6862.317025,-0.143061,-3.942126,0.002350,3.430203,0.031831,0.001530,-1.079415,-0.014416,1.079511,20|21|22|23|24|25,0.5631
6862.333691,-0.143062,-3.942128,0.002353,3.444480,0.031960,0.001357,-1.093691,-0.014545,1.093788,20|21|22|23|24|25,0.5621
6862.350358,-0.144543,-3.951601,0.002288,3.444480,0.031960,0.001357,-1.088542,-0.015347,1.088651,20|21|22|23|24|25,0.5608
6862.367025,-0.142829,-3.968378,0.002006,3.451533,0.031980,0.001182,-1.086478,-0.014430,1.086574,20|21|22|23|24|25,0.5617
6862.383691,-0.142829,-3.968379,0.002008,3.458412,0.032054,0.000984,-1.093357,-0.014504,1.093453,20|21|22|23|24|25,0.5617
6862.400358,-0.142587,-3.977719,0.001745,3.465322,0.032119,0.000955,-1.095191,-0.014434,1.095286,20|21|22|23|24|25,0.5617
6862.417025,-0.141081,-3.995771,0.001379,3.472231,0.032199,0.000905,-1.092290,-0.013690,1.092376,20|21|22|23|24|25,0.5619
6862.450358,-0.141083,-3.995770,0.001376,3.493001,0.032111,0.000472,-1.113059,-0.013603,1.113142,20|21|22|23|24|25,0.5593
6862.467025,-0.138774,-4.020323,0.000815,3.493001,0.032111,0.000472,-1.099716,-0.012340,1.099785,20|21|22|23|24|25,0.5612
6862.483691,-0.138773,-4.020324,0.000816,3.507150,0.031927,0.000488,-1.113865,-0.012156,1.113931,20|21|22|23|24|25,0.5616
6862.500358,-0.140788,-4.029517,0.000901,3.514230,0.031874,0.000459,-1.115948,-0.013196,1.116026,20|21|22|23|24|25,0.5610
6862.517025,-0.142406,-4.038647,0.001181,3.521130,0.032569,0.000373,-1.117886,-0.014768,1.117983,20|21|22|23|24|25,0.5607
6862.533691,-0.143451,-4.047646,0.001273,3.528205,0.032584,0.000241,-1.120070,-0.015347,1.120175,20|21|22|23|24|25,0.5596
6862.550358,-0.134481,-4.063739,0.001479,3.528205,0.032584,0.000241,-1.111327,-0.010467,1.111376,20|21|22|23|24|25,0.5602
6862.583691,-0.134482,-4.063739,0.001474,3.549039,0.032726,0.000052,-1.132160,-0.010610,1.132210,20|21|22|23|24|25,0.5614
6862.617025,-0.133820,-4.082021,0.000713,3.562978,0.033378,0.000058,-1.136163,-0.010896,1.136216,20|21|22|23|24|25,0.5612
6862.633691,-0.132477,-4.100321,0.000758,3.570141,0.033347,-0.000067,-1.133381,-0.010130,1.133426,20|21|22|23|24|25,0.5605
6862.650358,-0.131424,-4.109661,0.000556,3.577321,0.033319,-0.000199,-1.135486,-0.009527,1.135526,20|21|22|23|24|25,0.5620
6862.683691,-0.123361,-4.116232,0.000186,3.591466,0.033300,-0.000221,-1.146062,-0.005124,1.146073,20|21|22|23|24|25,0.5620
6862.700358,-0.123611,-4.144205,0.000500,3.591466,0.033300,-0.000221,-1.130859,-0.005251,1.130872,20|21|22|23|24|25|26,0.5596
6862.733691,-0.123422,-4.144633,0.000970,3.612192,0.032966,-0.000267,-1.151353,-0.004814,1.151363,21|22|23|24|25|26,0.5585
6862.750358,-0.133773,-4.159870,0.000304,3.619231,0.033200,-0.000228,-1.150107,-0.010668,1.150156,21|22|23|24|25|26,0.5614
6862.767025,-0.128042,-4.178126,0.000442,3.619231,0.033200,-0.000228,-1.140187,-0.007548,1.140212,21|22|23|24|25|26,0.5613
6862.783691,-0.124595,-4.187454,0.000444,3.626221,0.033453,-0.000229,-1.142109,-0.005924,1.142124,21|22|23|24|25|26,0.5617
6862.800358,-0.124596,-4.187454,0.000442,3.640100,0.033094,-0.000190,-1.155987,-0.005567,1.156001,21|22|23|24|25|26,0.5610
6862.817025,-0.121038,-4.196609,0.000147,3.647143,0.033155,-0.000196,-1.158056,-0.003691,1.158062,21|22|23|24|25|26,0.5598
6862.833691,-0.126934,-4.212978,0.000142,3.647143,0.033155,-0.000196,-1.149158,-0.006890,1.149179,21|22|23|24|25|26,0.5597
6862.850358,-0.126933,-4.212978,0.000141,3.654238,0.033311,-0.000184,-1.156253,-0.007045,1.156275,21|22|23|24|25|26,0.5608
6862.867025,-0.125167,-4.222068,0.000194,3.661325,0.033480,-0.000171,-1.158401,-0.006252,1.158418,21|22|23|24|25|26,0.5621
6862.883691,-0.122929,-4.231359,-0.000097,3.675351,0.033511,-0.000188,-1.167378,-0.005064,1.167389,21|22|23|24|25|26,0.5620
6862.900358,-0.120575,-4.240616,0.000064,3.682415,0.033305,-0.000260,-1.169412,-0.003576,1.169417,21|22|23|24|25|26,0.5617
6862.917025,-0.117985,-4.250086,0.000145,3.689497,0.033246,-0.000276,-1.171348,-0.002106,1.171350,21|22|23|24|25|26,0.5618
6862.933691,-0.122666,-4.265709,0.000233,3.696581,0.033202,-0.000278,-1.169940,-0.004601,1.169949,21|22|23|24|25|26,0.5634
6862.950358,-0.123264,-4.275171,0.000207,3.696581,0.033202,-0.000278,-1.164797,-0.004923,1.164807,21|22|23|24|25|26,0.5635
6862.967025,-0.123875,-4.284586,-0.000074,3.703371,0.033179,-0.000340,-1.166470,-0.005229,1.166481,21|22|23|24|25|26,0.5623
6862.983691,-0.124253,-4.293842,0.000107,3.710304,0.033147,-0.000441,-1.168372,-0.005400,1.168385,21|22|23|24|25|26,0.5618
6863.017025,-0.124255,-4.293842,0.000104,3.731500,0.032651,-0.000479,-1.189568,-0.004904,1.189578,21|22|23|24|25|26,0.5609
6863.050358,-0.131286,-4.328247,0.000051,3.738656,0.032645,-0.000479,-1.178024,-0.008709,1.178056,21|22|23|24|25|26,0.5608
6863.067025,-0.131160,-4.337562,0.000770,3.745563,0.032635,-0.000562,-1.179869,-0.008628,1.179900,21|22|23|24|25|26,0.5595
6863.083691,-0.131161,-4.337561,0.000768,3.759128,0.032453,-0.000573,-1.193434,-0.008447,1.193464,21|22|23|24|25|26,0.5586
6863.100358,-0.133374,-4.352476,0.000390,3.759128,0.032453,-0.000573,-1.185327,-0.009645,1.185367,21|22|23|24|25|26,0.5591
6863.117025,-0.133392,-4.361796,0.000187,3.766127,0.032475,-0.000559,-1.187261,-0.009673,1.187301,21|22|23|24|25|26,0.5600
6863.133691,-0.133123,-4.371188,0.000090,3.780106,0.032577,-0.000545,-1.196136,-0.009627,1.196175,21|22|23|24|25|26,0.5606
6863.150358,-0.132694,-4.380422,0.000068,3.780106,0.032577,-0.000545,-1.191118,-0.009390,1.191155,21|22|23|24|25|26,0.5613
6863.167025,-0.132024,-4.389576,-0.000168,3.793945,0.032766,-0.000630,-1.199981,-0.009212,1.200016,21|22|23|24|25|26,0.5616
6863.200358,-0.129882,-4.408289,-0.000458,3.800549,0.032315,-0.000639,-1.196416,-0.007592,1.196441,21|22|23|24|25|26|27|28,0.5579
6863.217025,-0.136299,-4.413810,-0.000018,3.807516,0.032360,-0.000648,-1.200381,-0.011122,1.200432,21|22|23|24|25|26|27|28,0.5589
6863.233691,-0.136275,-4.413839,0.000042,3.821737,0.032518,-0.000647,-1.214586,-0.011267,1.214638,21|22|23|24|25|26|27|28,0.5498
6863.250358,-0.133847,-4.432821,0.000614,3.821737,0.032518,-0.000647,-1.204270,-0.009941,1.204311,23|24|25|26|27|28,0.5618
6863.283691,-0.135899,-4.449478,0.000361,3.843082,0.031639,-0.000958,-1.216561,-0.010173,1.216604,23|24|25|26|27|28,0.5612
6863.300358,-0.145760,-4.459026,0.000180,3.843082,0.031639,-0.000958,-1.211369,-0.015529,1.211469,23|24|25|26|27|28,0.5617
6863.317025,-0.144068,-4.468329,-0.000151,3.850014,0.031781,-0.001017,-1.213246,-0.014749,1.213336,23|24|25|26|27|28,0.5622
6863.333691,-0.142135,-4.477585,-0.000154,3.856774,0.031947,-0.001093,-1.214977,-0.013861,1.215056,23|24|25|26|27|28,0.5614
6863.350358,-0.139807,-4.486912,-0.000403,3.870622,0.031418,-0.001231,-1.223756,-0.012064,1.223816,23|24|25|26|27|28,0.5611
6863.367025,-0.137555,-4.495814,-0.000529,3.870622,0.031418,-0.001231,-1.218919,-0.010837,1.218967,23|24|25|26|27|28,0.5599
6863.383691,-0.147293,-4.502632,-0.000341,3.884714,0.031292,-0.001432,-1.229303,-0.016002,1.229407,23|24|25|26|27|28,0.5618
6863.400358,-0.154019,-4.511154,-0.000506,3.884714,0.031292,-0.001432,-1.224669,-0.019655,1.224826,23|24|25|26|27|28,0.5635
6863.417025,-0.148236,-4.520473,-0.000554,3.891890,0.031715,-0.001420,-1.226782,-0.016932,1.226899,23|24|25|26|27|28,0.5633
6863.467025,-0.141850,-4.547307,-0.000748,3.920589,0.031259,-0.001642,-1.240899,-0.012996,1.240967,23|24|25|26|27|28,0.5635
6863.483691,-0.151345,-4.557237,-0.000835,3.927586,0.031855,-0.001670,-1.242496,-0.018750,1.242637,23|24|25|26|27|28,0.5631
6863.500358,-0.151344,-4.557236,-0.000832,3.934510,0.032468,-0.001670,-1.249421,-0.019362,1.249571,23|24|25|26|27|28,0.5630
6863.517025,-0.147133,-4.564993,-0.001413,3.941543,0.033061,-0.001723,-1.252239,-0.017664,1.252364,23|24|25|26|27|28,0.5625
6863.533691,-0.129617,-4.583662,-0.001127,3.948623,0.032244,-0.001382,-1.249178,-0.007322,1.249200,23|24|25|26|27|28,0.5609
6863.550358,-0.129617,-4.583664,-0.001128,3.955702,0.031028,-0.001462,-1.256257,-0.006106,1.256272,23|24|25|26|27|28,0.5607
6863.567025,-0.121588,-4.592532,-0.001152,3.962610,0.031205,-0.001480,-1.258348,-0.001917,1.258349,23|24|25|26|27|28,0.5604
6863.583691,-0.151190,-4.609864,-0.001016,3.962610,0.031205,-0.001480,-1.248919,-0.017999,1.249049,23|24|25|26|27|28,0.5600
6863.600358,-0.147926,-4.618144,-0.001008,3.969610,0.031595,-0.001442,-1.251420,-0.016613,1.251530,23|24|25|26|27|28,0.5614
6863.617025,-0.147923,-4.618142,-0.001000,3.983674,0.031949,-0.001416,-1.265485,-0.016964,1.265598,23|24|25|26|27|28,0.5611
6863.633691,-0.136112,-4.636727,-0.000930,3.990905,0.031103,-0.001390,-1.262619,-0.009694,1.262656,23|24|25|26|27|28,0.5605
6863.650358,-0.136109,-4.636727,-0.000925,3.997896,0.031480,-0.001390,-1.269610,-0.010070,1.269650,23|24|25|26|27|28,0.5605
6863.667025,-0.136806,-4.643802,-0.000685,4.004909,0.032035,-0.001400,-1.272778,-0.011001,1.272825,23|24|25|26|27|28,0.5615
6863.683691,-0.143149,-4.661184,-0.000485,4.004909,0.032035,-0.001400,-1.263329,-0.014443,1.263412,23|24|25|26|27|28,0.5625
6863.700358,-0.143148,-4.661183,-0.000482,4.011793,0.032604,-0.001422,-1.270214,-0.015012,1.270303,23|24|25|26|27|28,0.5633
6863.717025,-0.135533,-4.670493,-0.000166,4.025782,0.032897,-0.001454,-1.279145,-0.011163,1.279194,23|24|25|26|27|28|28,0.5554
6863.733691,-0.119185,-4.689192,-0.000498,4.025782,0.032897,-0.001454,-1.268987,-0.002272,1.268989,23|24|25|26|27|28|28,0.5610
6863.750358,-0.119189,-4.689199,-0.000499,4.040169,0.032481,-0.001902,-1.283371,-0.001859,1.283372,23|24|25|26|27|28|28,0.5587
6863.767025,-0.168710,-4.604815,-0.001147,4.047300,0.032922,-0.001945,-1.336347,-0.029239,1.336667,24|25|26|27|28|28,0.5616
6863.783691,-0.127916,-4.714473,-0.001277,4.054426,0.033366,-0.001968,-1.283889,-0.007478,1.283911,24|25|26|27|28|28,0.5618
6863.800358,-0.127916,-4.714472,-0.001277,4.054426,0.033366,-0.001968,-1.283890,-0.007478,1.283911,24|25|26|27|28|28,0.5617
6863.833691,-0.169574,-4.648308,-0.001657,4.068299,0.031637,-0.001974,-1.333709,-0.028411,1.334011,24|25|26|27|28|28,0.5615
6863.850358,-0.169599,-4.648266,-0.001662,4.082089,0.031885,-0.002017,-1.347522,-0.028672,1.347827,24|25|26|27|28|28,0.5612
6863.867025,-0.144335,-4.757462,-0.001523,4.089061,0.032582,-0.002009,-1.295155,-0.015604,1.295249,24|25|26|27|28|28,0.5612
6863.883691,-0.180306,-4.675452,-0.001237,4.096033,0.033286,-0.002001,-1.346687,-0.035884,1.347165,24|25|26|27|28|28,0.5616
6863.900358,-0.170239,-4.684483,-0.000971,4.102962,0.032888,-0.001872,-1.348711,-0.030012,1.349045,24|25|26|27|28|28,0.5618
6863.917025,-0.160027,-4.693718,-0.001190,4.102962,0.032888,-0.001872,-1.343695,-0.024459,1.343918,24|25|26|27|28|28,0.5618
6863.933691,-0.120578,-4.793590,-0.001177,4.117008,0.032153,-0.001863,-1.303475,-0.002253,1.303477,24|25|26|27|28|28,0.5645
6863.950358,-0.120578,-4.793591,-0.001176,4.124123,0.032766,-0.001850,-1.310590,-0.002866,1.310593,24|25|26|27|28|28,0.5639
6863.967025,-0.128204,-4.802890,-0.001534,4.124123,0.032766,-0.001850,-1.305534,-0.007007,1.305553,24|25|26|27|28|28,0.5645
6863.983691,-0.120943,-4.820353,-0.001632,4.131315,0.033384,-0.001843,-1.303238,-0.003674,1.303243,24|25|26|27|28|28,0.5638
6864.017025,-0.120939,-4.820349,-0.001627,4.152448,0.031928,-0.001937,-1.324372,-0.002215,1.324374,24|25|26|27|28|28,0.5632
6864.033691,-0.171126,-4.755014,-0.001137,4.152448,0.031928,-0.001937,-1.359865,-0.029512,1.360185,24|25|26|27|28|28,0.5628
6864.050358,-0.177157,-4.763519,-0.001073,4.159522,0.032296,-0.001919,-1.362314,-0.033155,1.362718,24|25|26|27|28|28,0.5638
6864.067025,-0.126170,-4.864387,-0.000714,4.166502,0.032698,-0.001881,-1.314491,-0.005815,1.314504,24|25|26|27|28|28,0.5627
6864.083691,-0.120378,-4.873892,-0.000784,4.180496,0.032620,-0.002060,-1.323321,-0.002585,1.323324,24|25|26|27|28|28,0.5624
6864.100358,-0.120378,-4.873894,-0.000784,4.180496,0.032620,-0.002060,-1.323321,-0.002586,1.323323,24|25|26|27|28|28,0.5609
6864.117025,-0.160245,-4.792007,-0.000877,4.187597,0.031762,-0.002129,-1.374912,-0.023420,1.375112,24|25|26|27|28|28,0.5605
6864.133691,-0.133673,-4.899886,-0.001050,4.194651,0.031701,-0.002141,-1.323345,-0.008884,1.323375,24|25|26|27|28|28,0.5607
6864.150358,-0.180037,-4.817007,-0.001222,4.201803,0.032062,-0.002129,-1.375525,-0.034469,1.375957,24|25|26|27|28|28,0.5607
6864.167025,-0.129083,-4.917849,-0.001286,4.208956,0.032444,-0.002126,-1.327889,-0.007127,1.327908,24|25|26|27|28|28,0.5602
6864.183691,-0.129081,-4.917849,-0.001284,4.222681,0.030934,-0.002320,-1.341614,-0.005617,1.341626,24|25|26|27|28|28,0.5589
6864.200358,-0.130925,-4.934177,-0.001144,4.222681,0.030934,-0.002320,-1.332739,-0.006613,1.332756,24|25|26|27|28|28,0.5595
6864.233691,-0.130927,-4.934177,-0.001147,4.236394,0.031434,-0.002434,-1.346453,-0.007115,1.346471,24|25|26|27|28|28,0.5613
6864.250358,-0.183104,-4.873361,-0.000389,4.243298,0.031851,-0.002401,-1.386392,-0.035908,1.386857,24|25|26|27|28|28|31,0.5617
6864.267025,-0.165363,-4.900950,-0.001735,4.250202,0.032287,-0.002383,-1.378308,-0.026693,1.378566,24|25|26|27|28|28|30|31,0.5603
6864.283691,-0.165899,-4.900001,-0.001793,4.257030,0.032573,-0.002495,-1.385651,-0.027271,1.385920,24|25|26|27|28|28|30|31,0.5512
6864.317025,-0.136079,-4.995412,-0.002575,4.270614,0.030810,-0.002725,-1.347391,-0.009272,1.347423,26|27|28|28|30|31,0.5624
6864.333691,-0.146655,-5.003171,-0.002769,4.277253,0.031224,-0.002775,-1.349809,-0.015430,1.349898,26|27|28|28|30|31,0.5619
6864.350358,-0.140435,-5.012127,-0.002603,4.291398,0.031526,-0.003088,-1.359089,-0.012350,1.359145,26|27|28|28|30|31,0.5629
6864.383691,-0.135979,-5.029119,-0.002774,4.298635,0.030791,-0.003058,-1.357093,-0.009187,1.357124,26|27|28|28|30|31,0.5621
6864.417025,-0.156003,-5.048795,-0.003823,4.312622,0.030422,-0.002973,-1.360380,-0.019696,1.360522,26|27|28|28|30|31,0.5630
6864.433691,-0.156004,-5.048795,-0.003821,4.326418,0.031540,-0.003145,-1.374176,-0.020814,1.374333,26|27|28|28|30|31,0.5635
6864.450358,-0.150743,-5.056560,-0.003508,4.326418,0.031540,-0.003145,-1.369957,-0.017952,1.370075,26|27|28|28|30|31,0.5639
6864.467025,-0.180227,-4.983174,-0.002978,4.333481,0.031021,-0.003202,-1.416895,-0.033480,1.417290,26|27|28|28|30|31,0.5638
6864.483691,-0.180229,-4.983171,-0.002978,4.347855,0.029606,-0.003270,-1.431271,-0.032065,1.431630,26|27|28|28|30|31,0.5641
6864.500358,-0.143453,-5.082652,-0.004071,4.354699,0.030128,-0.003977,-1.384060,-0.012570,1.384117,26|27|28|28|30|31,0.5645
6864.517025,-0.198449,-5.000205,-0.003617,4.361953,0.030944,-0.004139,-1.436106,-0.043300,1.436759,26|27|28|28|30|31,0.5627
6864.533691,-0.162112,-5.101504,-0.003792,4.369191,0.030739,-0.003901,-1.388301,-0.023316,1.388497,26|27|28|28|30|31,0.5639
6864.550358,-0.197841,-5.016056,-0.004293,4.376442,0.030472,-0.003855,-1.441979,-0.042493,1.442605,26|27|28|28|30|31,0.5637
6864.567025,-0.143972,-5.127396,-0.004714,4.376442,0.030472,-0.003855,-1.381485,-0.013182,1.381548,26|27|28|28|30|31,0.5633
6864.600358,-0.143970,-5.127395,-0.004712,4.390666,0.030264,-0.003983,-1.395711,-0.012973,1.395771,26|27|28|28|30|31,0.5628
6864.617025,-0.195864,-5.054826,-0.004946,4.404499,0.032101,-0.004152,-1.448967,-0.043036,1.449606,26|27|28|28|30|31,0.5624
6864.633691,-0.194380,-5.061366,-0.005375,4.404499,0.032101,-0.004152,-1.445413,-0.042227,1.446030,26|27|28|28|30|31,0.5614
6864.650358,-0.168137,-5.078561,-0.004764,4.418547,0.030649,-0.004608,-1.450124,-0.026507,1.450366,26|27|28|28|30|31,0.5622
6864.667025,-0.178242,-5.088083,-0.004715,4.418547,0.030649,-0.004608,-1.444946,-0.031996,1.445300,26|27|28|28|30|31,0.5626
6864.683691,-0.178144,-5.088277,-0.004715,4.432308,0.029717,-0.004643,-1.458602,-0.031011,1.458931,26|27|28|28|30|31,0.5619
6864.700358,-0.151421,-5.198823,-0.004726,4.439399,0.030526,-0.004608,-1.405621,-0.017261,1.405727,26|27|28|28|30|31,0.5608
6864.717025,-0.151417,-5.198823,-0.004720,4.446538,0.030616,-0.004594,-1.412761,-0.017349,1.412867,26|27|28|28|30|31,0.5607
6864.733691,-0.142110,-5.214902,-0.004568,4.446538,0.030616,-0.004594,-1.404025,-0.012286,1.404079,26|27|28|28|30|31,0.5613
6864.750358,-0.140607,-5.223714,-0.004451,4.453764,0.030189,-0.004551,-1.406462,-0.011040,1.406505,26|27|28|28|30|31,0.5615
6864.767025,-0.140605,-5.223713,-0.004453,4.467913,0.029760,-0.004527,-1.420612,-0.010610,1.420651,26|27|28|28|30|31,0.5618
6864.783691,-0.151725,-5.243005,-0.004811,4.467913,0.029760,-0.004527,-1.410123,-0.016648,1.410222,26|27|28|28|30|31|32,0.5603
6864.833691,-0.152082,-5.243250,-0.005190,4.496311,0.031235,-0.004596,-1.438388,-0.018316,1.438504,27|28|28|30|31|32,0.5628
6864.850358,-0.170221,-5.185309,-0.004809,4.496311,0.031235,-0.004596,-1.469872,-0.028192,1.470142,27|28|28|30|31|32,0.5640
6864.867025,-0.170230,-5.185290,-0.004806,4.510556,0.030988,-0.004741,-1.484128,-0.027951,1.484391,27|28|28|30|31|32,0.5631
6864.883691,-0.134936,-5.297480,-0.005395,4.510556,0.030988,-0.004741,-1.423166,-0.008734,1.423193,27|28|28|30|31|32,0.5616
6864.900358,-0.131410,-5.304133,-0.005756,4.524614,0.031278,-0.004742,-1.433609,-0.007106,1.433626,27|28|28|30|31|32,0.5615
6864.917025,-0.118446,-5.313692,-0.005715,4.524614,0.031278,-0.004742,-1.428418,-0.000057,1.428418,27|28|28|30|31|32,0.5607
6864.933691,-0.171933,-5.230361,-0.005633,4.531623,0.030657,-0.004741,-1.480699,-0.028531,1.480974,27|28|28|30|31|32,0.5629
6864.950358,-0.180351,-5.239537,-0.006164,4.538634,0.030031,-0.004697,-1.482721,-0.032477,1.483076,27|28|28|30|31|32,0.5631
6864.967025,-0.180450,-5.239336,-0.006165,4.552538,0.030248,-0.004602,-1.496733,-0.032748,1.497091,27|28|28|30|31|32,0.5621
6864.983691,-0.152353,-5.349840,-0.005810,4.552538,0.030248,-0.004602,-1.436686,-0.017444,1.436792,27|28|28|30|31|32,0.5614
6865.000358,-0.185102,-5.264418,-0.005092,4.566740,0.031106,-0.004366,-1.497303,-0.036126,1.497738,27|28|28|30|31|32,0.5618
6865.017025,-0.171555,-5.273927,-0.005117,4.566740,0.031106,-0.004366,-1.492139,-0.028761,1.492416,27|28|28|30|31|32,0.5629
6865.033691,-0.127406,-5.374688,-0.005122,4.573788,0.030987,-0.004290,-1.444439,-0.004616,1.444447,27|28|28|30|31|32,0.5642
6865.050358,-0.127405,-5.374686,-0.005121,4.587888,0.030748,-0.004280,-1.458541,-0.004377,1.458547,27|28|28|30|31|32,0.5636
6865.067025,-0.130089,-5.393611,-0.006036,4.587888,0.030748,-0.004280,-1.448254,-0.005830,1.448266,27|28|28|30|31|32,0.5625
6865.083691,-0.131020,-5.402819,-0.006333,4.594915,0.031580,-0.004296,-1.450276,-0.007165,1.450294,27|28|28|30|31|32,0.5613
6865.100358,-0.163797,-5.317974,-0.005668,4.609181,0.031065,-0.004295,-1.510643,-0.024490,1.510842,27|28|28|30|31|32,0.5606
6865.117025,-0.163511,-5.326844,-0.005863,4.616340,0.030542,-0.004297,-1.512982,-0.023808,1.513170,27|28|28|30|31|32,0.5606
6865.133691,-0.124825,-5.428750,-0.005787,4.623490,0.030030,-0.004287,-1.464760,-0.002240,1.464762,27|28|28|30|31|32,0.5616
6865.150358,-0.124824,-5.428752,-0.005785,4.623490,0.030030,-0.004287,-1.464759,-0.002239,1.464761,27|28|28|30|31|32,0.5617
6865.167025,-0.184210,-5.354932,-0.005689,4.637450,0.031456,-0.004283,-1.518820,-0.035963,1.519246,27|28|28|30|31|32,0.5613
6865.183691,-0.174567,-5.362507,-0.005666,4.644558,0.031125,-0.004122,-1.521815,-0.030389,1.522118,27|28|28|30|31|32,0.5615
6865.200358,-0.163278,-5.372018,-0.006049,4.644558,0.031125,-0.004122,-1.516649,-0.024251,1.516843,27|28|28|30|31|32,0.5621
6865.217025,-0.122493,-5.472605,-0.004274,4.658635,0.030192,-0.004344,-1.476072,-0.001121,1.476073,27|28|28|30|31|32,0.5628
6865.233691,-0.129198,-5.482127,-0.005155,4.665589,0.030050,-0.004353,-1.477848,-0.004620,1.477856,27|28|28|30|31|32,0.5627
6865.267025,-0.183367,-5.406272,-0.006212,4.672746,0.030761,-0.004303,-1.526214,-0.034794,1.526611,27|28|28|30|31|32,0.5611
6865.283691,-0.194672,-5.373443,-0.005806,4.679767,0.030319,-0.004137,-1.551073,-0.040506,1.551602,27|28|28|30|31|32|33|34,0.5511
6865.300358,-0.196128,-5.370653,-0.005775,4.693831,0.028971,-0.004095,-1.566653,-0.039951,1.567163,27|28|28|30|31|32|33|34,0.5639
6865.317025,-0.178537,-5.454529,-0.005785,4.693831,0.028971,-0.004095,-1.521074,-0.030364,1.521377,27|28|28|30|31|32|33|34,0.5525
6865.333691,-0.189104,-5.434567,-0.005960,4.707503,0.029727,-0.004079,-1.545592,-0.036869,1.546031,28|30|31|32|33|34,0.5615
6865.350358,-0.220237,-5.404427,-0.005303,4.707503,0.029727,-0.004079,-1.561962,-0.053798,1.562889,28|30|31|32|33|34,0.5624
6865.367025,-0.208813,-5.413523,-0.005281,4.714414,0.030500,-0.004063,-1.563933,-0.048360,1.564681,28|30|31|32|33|34,0.5631
6865.383691,-0.208784,-5.413583,-0.005278,4.728114,0.030240,-0.004127,-1.577601,-0.048085,1.578333,28|30|31|32|33|34,0.5627
6865.400358,-0.193058,-5.431018,-0.005515,4.735044,0.029603,-0.004130,-1.575060,-0.038895,1.575540,28|30|31|32|33|34,0.5630
6865.433691,-0.192883,-5.431360,-0.005510,4.748856,0.029442,-0.004608,-1.588687,-0.038639,1.589157,28|30|31|32|33|34,0.5614
6865.450358,-0.219404,-5.458053,-0.005136,4.748856,0.029442,-0.004608,-1.574171,-0.053044,1.575064,28|30|31|32|33|34,0.5603
6865.467025,-0.210977,-5.465053,-0.005457,4.756062,0.029394,-0.004699,-1.577576,-0.048415,1.578318,28|30|31|32|33|34,0.5615
6865.483691,-0.210922,-5.465161,-0.005460,4.763267,0.028996,-0.004689,-1.584722,-0.047986,1.585449,28|30|31|32|33|34,0.5621
6865.500358,-0.216498,-5.484069,-0.004976,4.777378,0.028249,-0.004515,-1.588555,-0.050263,1.589350,28|30|31|32|33|34,0.5630
6865.517025,-0.221508,-5.493689,-0.005693,4.784113,0.028639,-0.004482,-1.590060,-0.053374,1.590956,28|30|31|32|33|34,0.5630
6865.533691,-0.221607,-5.493491,-0.005693,4.784113,0.028639,-0.004482,-1.590167,-0.053428,1.591065,28|30|31|32|33|34,0.5629
6865.550358,-0.220261,-5.509588,-0.005665,4.791145,0.029429,-0.004563,-1.588452,-0.053481,1.589352,28|30|31|32|33|34,0.5635
6865.567025,-0.220257,-5.509598,-0.005666,4.798169,0.029055,-0.004807,-1.595471,-0.053105,1.596354,28|30|31|32|33|34,0.5629
6865.600358,-0.219113,-5.537042,-0.006261,4.812248,0.028372,-0.005177,-1.594634,-0.051791,1.595475,28|30|31|32|33|34,0.5635
6865.617025,-0.219064,-5.537138,-0.006257,4.826419,0.028493,-0.005312,-1.608754,-0.051885,1.609590,28|30|31|32|33|34,0.5633
6865.633691,-0.223648,-5.546030,-0.006374,4.833608,0.028535,-0.005347,-1.611109,-0.054416,1.612027,28|30|31|32|33|34,0.5617
6865.667025,-0.227871,-5.554968,-0.006234,4.840794,0.028599,-0.005352,-1.613436,-0.056773,1.614434,28|30|31|32|33|34,0.5646
6865.683691,-0.218393,-5.580923,-0.006387,4.847981,0.028682,-0.005345,-1.606519,-0.051696,1.607351,28|30|31|32|33|34,0.5649
6865.700358,-0.216818,-5.590540,-0.006009,4.862243,0.029024,-0.005407,-1.615556,-0.051179,1.616366,28|30|31|32|33|34,0.5637
6865.717025,-0.216870,-5.590440,-0.006011,4.869302,0.029781,-0.005461,-1.622668,-0.051965,1.623500,28|30|31|32|33|34,0.5627
6865.733691,-0.211033,-5.607075,-0.006346,4.869302,0.029781,-0.005461,-1.613629,-0.048787,1.614367,28|30|31|32|33|34,0.5622
6865.750358,-0.199783,-5.616289,-0.006488,4.883347,0.028956,-0.005745,-1.622671,-0.041845,1.623210,28|30|31|32|33|34,0.5620
6865.767025,-0.205028,-5.625926,-0.007104,4.883347,0.028956,-0.005745,-1.617431,-0.044693,1.618049,28|30|31|32|33|34,0.5622
6865.783691,-0.210425,-5.634968,-0.007084,4.897182,0.028201,-0.005850,-1.626350,-0.046869,1.627026,28|30|31|32|33|34,0.5617
6865.800358,-0.224872,-5.626652,-0.006831,4.897182,0.028201,-0.005850,-1.630866,-0.054723,1.631783,28|30|31|32|33|34|35,0.5543
6865.817025,-0.225547,-5.625438,-0.006816,4.903937,0.028159,-0.006020,-1.638281,-0.055048,1.639205,28|30|31|32|33|34|35,0.5605
6865.833691,-0.230154,-5.633581,-0.007144,4.918180,0.028180,-0.006065,-1.648097,-0.057570,1.649102,28|30|31|32|33|34|35,0.5594
6865.850358,-0.217563,-5.669044,-0.007563,4.918180,0.028180,-0.006065,-1.628827,-0.050716,1.629616,30|31|32|33|34|35,0.5606
6865.867025,-0.219152,-5.678211,-0.007410,4.925338,0.028071,-0.006002,-1.631003,-0.051468,1.631815,30|31|32|33|34|35,0.5607
6865.883691,-0.219279,-5.677962,-0.007413,4.932513,0.027975,-0.005949,-1.638313,-0.051440,1.639120,30|31|32|33|34|35,0.5615
6865.900358,-0.221100,-5.696658,-0.007777,4.939405,0.028124,-0.005837,-1.635043,-0.052574,1.635888,30|31|32|33|34|35,0.5620
6865.917025,-0.221254,-5.696362,-0.007773,4.953671,0.029501,-0.006136,-1.649470,-0.054034,1.650355,30|31|32|33|34|35,0.5611
6865.933691,-0.218579,-5.702885,-0.007407,4.960834,0.029411,-0.006357,-1.653089,-0.052489,1.653922,30|31|32|33|34|35,0.5600
6865.950358,-0.199193,-5.722482,-0.007932,4.967867,0.029322,-0.006574,-1.649478,-0.041857,1.650009,30|31|32|33|34|35,0.5615
6865.967025,-0.199942,-5.731871,-0.007747,4.974903,0.029219,-0.006664,-1.651411,-0.042158,1.651949,30|31|32|33|34|35,0.5630
6865.983691,-0.199818,-5.732111,-0.007750,4.974903,0.029219,-0.006664,-1.651281,-0.042091,1.651817,30|31|32|33|34|35,0.5628
6866.000358,-0.201566,-5.750628,-0.007929,4.981839,0.029361,-0.006677,-1.648152,-0.043178,1.648717,30|31|32|33|34|35,0.5614
6866.017025,-0.198942,-5.756919,-0.007932,4.995930,0.028723,-0.006680,-1.658825,-0.041112,1.659334,30|31|32|33|34|35,0.5613
6866.033691,-0.202441,-5.766300,-0.008318,4.995930,0.028723,-0.006680,-1.653725,-0.043011,1.654285,30|31|32|33|34|35,0.5616
6866.050358,-0.206459,-5.775574,-0.008481,5.009963,0.028110,-0.006634,-1.662717,-0.044578,1.663314,30|31|32|33|34|35,0.5620
6866.067025,-0.206452,-5.775586,-0.008482,5.009963,0.028110,-0.006634,-1.662710,-0.044575,1.663308,30|31|32|33|34|35,0.5618
6866.083691,-0.210297,-5.784794,-0.009103,5.023712,0.028316,-0.006621,-1.671454,-0.046867,1.672111,30|31|32|33|34|35,0.5602
6866.100358,-0.214115,-5.794127,-0.008592,5.030795,0.028519,-0.006587,-1.673463,-0.049143,1.674184,30|31|32|33|34|35,0.5591
6866.117025,-0.210201,-5.808893,-0.008579,5.037878,0.028721,-0.006542,-1.672522,-0.047213,1.673188,30|31|32|33|34|35,0.5617
6866.133691,-0.210132,-5.809028,-0.008578,5.044959,0.028925,-0.006482,-1.679530,-0.047379,1.680198,30|31|32|33|34|35,0.5623
6866.150358,-0.203130,-5.828033,-0.008905,5.052042,0.029142,-0.006487,-1.676286,-0.043785,1.676858,30|31|32|33|34|35,0.5626
6866.167025,-0.199522,-5.837407,-0.008842,5.059135,0.029344,-0.006499,-1.678286,-0.042022,1.678812,30|31|32|33|34|35,0.5624
6866.183691,-0.195897,-5.847002,-0.008706,5.059135,0.029344,-0.006499,-1.673072,-0.040049,1.673552,30|31|32|33|34|35,0.5619
6866.217025,-0.196245,-5.862843,-0.008226,5.073314,0.028844,-0.006519,-1.678642,-0.039733,1.679113,30|31|32|33|34|35,0.5613
6866.233691,-0.198403,-5.872315,-0.008094,5.080501,0.028638,-0.006530,-1.680681,-0.040698,1.681174,30|31|32|33|34|35,0.5621
6866.250358,-0.200740,-5.881782,-0.007729,5.094765,0.028206,-0.006500,-1.689799,-0.041533,1.690309,30|31|32|33|34|35,0.5626
6866.267025,-0.203135,-5.891208,-0.008226,5.101648,0.028872,-0.006480,-1.691558,-0.043498,1.692117,30|31|32|33|34|35,0.5627
6866.283691,-0.205492,-5.901030,-0.008368,5.101648,0.028872,-0.006480,-1.686219,-0.044776,1.686814,30|31|32|33|34|35,0.5621
6866.300358,-0.205524,-5.900966,-0.008366,5.115931,0.028570,-0.006496,-1.700537,-0.044491,1.701119,30|31|32|33|34|35,0.5622
6866.317025,-0.205908,-5.899842,-0.010225,5.122907,0.028410,-0.006696,-1.708124,-0.044540,1.708705,30|31|32|33|34|35|36,0.5539
6866.333691,-0.215096,-5.883843,-0.009112,5.129896,0.028243,-0.006732,-1.723805,-0.049371,1.724512,30|31|32|33|34|35|36|37,0.5639
6866.350358,-0.218141,-5.901275,-0.009977,5.129896,0.028243,-0.006732,-1.714330,-0.051021,1.715089,30|31|32|33|34|35|36|37,0.5610
6866.367025,-0.219647,-5.898368,-0.010068,5.136869,0.028134,-0.006805,-1.722883,-0.051731,1.723659,30|31|32|33|34|35|36|37,0.5494
6866.383691,-0.249170,-5.854032,-0.011785,5.143835,0.027752,-0.006702,-1.753935,-0.067408,1.755230,32|33|34|35|36|37,0.5610
6866.400358,-0.255568,-5.869000,-0.011374,5.150932,0.027370,-0.006609,-1.752896,-0.070499,1.754313,32|33|34|35|36|37,0.5617
6866.417025,-0.255536,-5.869064,-0.011375,5.158053,0.026999,-0.006591,-1.759982,-0.070110,1.761378,32|33|34|35|36|37,0.5621
6866.433691,-0.260325,-5.878349,-0.011410,5.171813,0.026664,-0.006668,-1.768693,-0.072375,1.770174,32|33|34|35|36|37,0.5620
6866.450358,-0.269762,-5.897016,-0.011592,5.178618,0.027728,-0.006660,-1.765351,-0.078562,1.767098,32|33|34|35|36|37,0.5614
6866.467025,-0.268178,-5.902884,-0.011407,5.185430,0.028162,-0.006686,-1.768975,-0.078134,1.770699,32|33|34|35|36|37,0.5612
6866.483691,-0.252210,-5.912099,-0.011719,5.185430,0.028162,-0.006686,-1.763971,-0.069453,1.765338,32|33|34|35|36|37,0.5603
6866.500358,-0.246776,-5.921103,-0.011852,5.199170,0.027463,-0.006732,-1.772819,-0.065797,1.774040,32|33|34|35|36|37,0.5596
6866.533691,-0.255847,-5.939434,-0.011941,5.206259,0.027108,-0.006879,-1.769943,-0.070366,1.771341,32|33|34|35|36|37,0.5614
6866.550358,-0.260295,-5.948618,-0.011915,5.213410,0.026725,-0.007087,-1.772101,-0.072398,1.773580,32|33|34|35|36|37,0.5601
6866.583691,-0.269389,-5.964546,-0.012422,5.227546,0.026246,-0.007175,-1.777578,-0.076856,1.779238,32|33|34|35|36|37,0.5615
6866.600358,-0.270757,-5.974295,-0.012463,5.241547,0.026014,-0.007040,-1.786280,-0.077365,1.787955,32|33|34|35|36|37,0.5628
6866.617025,-0.271665,-5.983735,-0.012330,5.241547,0.026014,-0.007040,-1.781149,-0.077855,1.782850,32|33|34|35|36|37,0.5627
6866.633691,-0.272846,-5.992964,-0.012394,5.255380,0.026282,-0.007008,-1.789966,-0.078762,1.791698,32|33|34|35|36|37,0.5623
6866.650358,-0.273521,-6.002322,-0.012242,5.255380,0.026282,-0.007008,-1.784880,-0.079126,1.786633,32|33|34|35|36|37,0.5614
6866.667025,-0.273539,-6.002284,-0.012242,5.269555,0.026038,-0.007195,-1.799076,-0.078892,1.800805,32|33|34|35|36|37,0.5619
6866.683691,-0.267877,-6.008235,-0.012564,5.276490,0.025919,-0.007378,-1.802779,-0.075693,1.804367,32|33|34|35|36|37,0.5626
6866.700358,-0.269359,-6.017634,-0.012151,5.283701,0.025842,-0.007479,-1.804881,-0.076419,1.806498,32|33|34|35|36|37,0.5629
6866.717025,-0.270534,-6.027180,-0.012225,5.290849,0.025402,-0.007466,-1.806841,-0.076614,1.808464,32|33|34|35|36|37,0.5636
6866.733691,-0.272204,-6.045797,-0.011758,5.290849,0.025402,-0.007466,-1.796722,-0.077517,1.798393,32|33|34|35|36|37,0.5620
6866.750358,-0.272253,-6.045702,-0.011759,5.304945,0.025573,-0.007460,-1.810869,-0.077714,1.812536,32|33|34|35|36|37,0.5614
6866.767025,-0.278719,-6.060947,-0.011021,5.304945,0.025573,-0.007460,-1.802581,-0.081223,1.804410,32|33|34|35|36|37,0.5635
6866.783691,-0.278716,-6.060953,-0.011021,5.312072,0.025900,-0.007440,-1.809706,-0.081549,1.811543,32|33|34|35|36|37,0.5638
6866.800358,-0.273668,-6.070517,-0.010353,5.319198,0.026236,-0.007466,-1.811636,-0.079139,1.813364,32|33|34|35|36|37,0.5626
6866.833691,-0.257226,-6.099450,-0.011118,5.340426,0.026218,-0.007523,-1.817145,-0.070176,1.818499,32|33|34|35|36|37,0.5601
6866.850358,-0.259703,-6.105750,-0.011684,5.347434,0.026076,-0.007560,-1.820728,-0.071378,1.822126,32|33|34|35|36|37,0.5596
6866.867025,-0.264765,-6.108703,-0.010950,5.354293,0.025935,-0.007599,-1.825981,-0.073987,1.827479,32|33|34|35|36|37|38,0.5615
6866.883691,-0.266275,-6.105679,-0.010963,5.361211,0.025828,-0.007649,-1.834541,-0.074702,1.836061,32|33|34|35|36|37|38,0.5544
6866.900358,-0.285607,-6.078472,-0.011086,5.368386,0.025738,-0.007733,-1.856497,-0.085127,1.858448,33|34|35|36|37|38,0.5602
6866.917025,-0.287758,-6.096920,-0.011407,5.375172,0.024856,-0.008054,-1.853256,-0.085408,1.855223,33|34|35|36|37|38,0.5600
6866.933691,-0.288669,-6.105924,-0.011217,5.375172,0.024856,-0.008054,-1.848362,-0.085901,1.850357,33|34|35|36|37|38,0.5587
6866.950358,-0.288669,-6.105924,-0.011214,5.389374,0.025039,-0.008136,-1.862564,-0.086084,1.864552,33|34|35|36|37|38,0.5595
6866.967025,-0.299869,-6.112126,-0.012105,5.389374,0.025039,-0.008136,-1.859190,-0.092168,1.861473,33|34|35|36|37|38,0.5607
6866.983691,-0.295721,-6.131127,-0.011673,5.403567,0.025299,-0.007953,-1.863057,-0.090169,1.865238,33|34|35|36|37|38,0.5616
6867.000358,-0.293135,-6.140781,-0.012206,5.410430,0.025823,-0.007915,-1.864675,-0.089283,1.866811,33|34|35|36|37|38,0.5612
6867.017025,-0.290477,-6.150096,-0.012087,5.410430,0.025823,-0.007915,-1.859613,-0.087836,1.861686,33|34|35|36|37|38,0.5600
6867.033691,-0.282204,-6.156140,-0.011818,5.417548,0.025950,-0.007960,-1.863449,-0.083465,1.865317,33|34|35|36|37|38,0.5607
6867.050358,-0.282204,-6.156140,-0.011816,5.424686,0.026085,-0.008126,-1.870587,-0.083600,1.872454,33|34|35|36|37|38,0.5614
6867.067025,-0.277322,-6.175106,-0.012355,5.431864,0.026186,-0.008242,-1.867459,-0.081042,1.869216,33|34|35|36|37|38,0.5620
6867.083691,-0.274815,-6.184676,-0.012296,5.439047,0.026308,-0.008315,-1.869441,-0.079798,1.871144,33|34|35|36|37|38,0.5624
6867.100358,-0.274814,-6.184676,-0.012298,5.452997,0.025321,-0.008305,-1.883391,-0.078811,1.885039,33|34|35|36|37|38,0.5623
6867.117025,-0.272300,-6.194181,-0.011988,5.460079,0.025247,-0.008195,-1.885309,-0.077367,1.886895,33|34|35|36|37|38,0.5619
6867.150358,-0.285100,-6.218975,-0.012037,5.467171,0.025181,-0.008142,-1.878921,-0.084250,1.880809,33|34|35|36|37|38,0.5642
6867.183691,-0.285672,-6.237877,-0.011962,5.481163,0.025031,-0.008098,-1.882640,-0.084406,1.884532,33|34|35|36|37|38,0.5626
6867.200358,-0.285960,-6.247434,-0.011770,5.487997,0.024499,-0.008062,-1.884280,-0.084027,1.886153,33|34|35|36|37|38,0.5608
6867.217025,-0.293494,-6.253403,-0.011524,5.502199,0.025048,-0.008026,-1.895236,-0.088669,1.897309,33|34|35|36|37|38,0.5600
6867.233691,-0.290129,-6.261479,-0.011043,5.502199,0.025048,-0.008026,-1.890847,-0.086838,1.892840,33|34|35|36|37|38,0.5616
6867.250358,-0.290129,-6.261480,-0.011044,5.509383,0.025458,-0.007977,-1.898032,-0.087247,1.900036,33|34|35|36|37|38,0.5639
6867.267025,-0.277217,-6.280722,-0.011832,5.523755,0.026283,-0.008016,-1.901949,-0.081049,1.903675,33|34|35|36|37|38,0.5642
6867.283691,-0.270606,-6.290434,-0.011819,5.523755,0.026283,-0.008016,-1.896673,-0.077453,1.898254,33|34|35|36|37|38,0.5637
6867.300358,-0.264754,-6.299674,-0.012005,5.530795,0.025386,-0.007715,-1.898693,-0.073373,1.900110,33|34|35|36|37|38,0.5615
6867.317025,-0.277503,-6.307004,-0.011621,5.538033,0.025255,-0.007747,-1.901944,-0.080168,1.903633,33|34|35|36|37|38,0.5611
6867.333691,-0.278025,-6.316345,-0.011265,5.545309,0.025252,-0.007764,-1.904143,-0.080446,1.905842,33|34|35|36|37|38,0.5635
6867.350358,-0.278025,-6.316346,-0.011262,5.552569,0.025246,-0.007768,-1.911403,-0.080440,1.913094,33|34|35|36|37|38,0.5645
6867.367025,-0.277464,-6.326112,-0.011706,5.559629,0.025247,-0.007735,-1.913155,-0.080133,1.914833,33|34|35|36|37|38,0.5641
6867.383691,-0.276880,-6.337310,-0.010921,5.573638,0.025061,-0.007770,-1.921078,-0.079626,1.922727,33|34|35|36|37|38|39|40,0.5631
6867.400358,-0.275841,-6.345916,-0.011725,5.580760,0.025082,-0.007793,-1.923523,-0.079079,1.925148,33|34|35|36|37|38|39|40,0.5548
6867.417025,-0.276228,-6.362157,-0.012563,5.587875,0.025102,-0.007805,-1.921811,-0.079305,1.923447,35|36|37|38|39|40,0.5632
6867.433691,-0.275296,-6.371597,-0.013020,5.587875,0.025102,-0.007805,-1.916681,-0.078796,1.918300,35|36|37|38|39|40,0.5635
6867.450358,-0.275295,-6.371597,-0.013019,5.601798,0.025005,-0.007921,-1.930605,-0.078698,1.932208,35|36|37|38|39|40,0.5622
6867.467025,-0.273243,-6.390595,-0.012714,5.608736,0.024064,-0.007825,-1.927218,-0.076635,1.928741,35|36|37|38|39|40,0.5609
6867.483691,-0.274832,-6.397068,-0.012752,5.608736,0.024064,-0.007825,-1.923700,-0.077497,1.925260,35|36|37|38|39|40,0.5602
6867.517025,-0.274833,-6.397067,-0.012755,5.623059,0.023622,-0.007741,-1.938024,-0.077056,1.939555,35|36|37|38|39|40,0.5621
6867.533692,-0.292488,-6.424084,-0.012888,5.637250,0.023189,-0.007802,-1.937526,-0.086209,1.939443,35|36|37|38|39|40,0.5622
6867.567025,-0.292486,-6.424084,-0.012885,5.650800,0.024375,-0.007826,-1.951075,-0.087395,1.953032,35|36|37|38|39|40,0.5611
6867.583692,-0.297419,-6.443712,-0.012042,5.650800,0.024375,-0.007826,-1.940407,-0.090069,1.942496,35|36|37|38|39|40,0.5604
6867.633692,-0.284025,-6.476611,-0.011586,5.671743,0.023792,-0.007925,-1.943474,-0.082197,1.945212,35|36|37|38|39|40,0.5609
6867.683692,-0.304925,-6.501207,-0.011966,5.692749,0.022251,-0.009019,-1.951106,-0.092007,1.953274,35|36|37|38|39|40,0.5612
6867.700358,-0.304926,-6.501206,-0.011970,5.706666,0.022344,-0.009185,-1.965024,-0.092101,1.967181,35|36|37|38|39|40,0.5637
6867.733692,-0.301584,-6.530032,-0.013368,5.713682,0.022383,-0.009164,-1.956375,-0.090315,1.958458,35|36|37|38|39|40,0.5638
6867.750358,-0.301584,-6.530032,-0.013369,5.727760,0.022053,-0.009258,-1.970452,-0.089984,1.972506,35|36|37|38|39|40,0.5637
6867.767025,-0.302579,-6.545658,-0.013580,5.727760,0.022053,-0.009258,-1.961959,-0.090520,1.964046,35|36|37|38|39|40,0.5629
6867.783692,-0.303204,-6.554672,-0.013876,5.734874,0.022088,-0.009374,-1.964175,-0.090892,1.966276,35|36|37|38|39|40,0.5637
6867.800358,-0.302000,-6.564404,-0.014050,5.741840,0.022158,-0.009477,-1.965853,-0.090305,1.967926,35|36|37|38|39|40,0.5638
6867.817025,-0.300302,-6.574094,-0.013206,5.756195,0.021865,-0.009526,-1.974941,-0.089086,1.976950,35|36|37|38|39|40,0.5642
6867.833692,-0.298996,-6.583609,-0.013158,5.756195,0.021865,-0.009526,-1.969770,-0.088373,1.971752,35|36|37|38|39|40,0.5632
6867.850358,-0.302741,-6.590334,-0.012534,5.763296,0.020906,-0.009656,-1.973216,-0.089447,1.975242,35|36|37|38|39|40,0.5621
6867.867025,-0.315394,-6.598133,-0.012216,5.770312,0.021249,-0.009978,-1.975989,-0.096664,1.978352,35|36|37|38|39|40,0.5628
6867.883692,-0.308488,-6.606758,-0.012476,5.777481,0.021735,-0.009977,-1.978472,-0.093395,1.980675,35|36|37|38|39|40,0.5647
6867.900358,-0.300296,-6.617092,-0.013210,5.791800,0.022749,-0.010008,-1.987178,-0.089953,1.989213,35|36|37|38|39|40|41,0.5650
6867.917025,-0.300293,-6.617103,-0.013209,5.798743,0.022484,-0.010034,-1.994115,-0.089687,1.996131,35|36|37|38|39|40|41,0.5619
6867.933692,-0.283921,-6.636337,-0.013222,5.798743,0.022484,-0.010034,-1.983667,-0.080783,1.985311,35|36|37|38|39|40|41,0.5561
6867.950358,-0.283924,-6.637275,-0.013384,5.805816,0.021704,-0.010298,-1.990230,-0.080004,1.991838,36|37|38|39|40|41,0.5618
6867.983692,-0.294983,-6.661266,-0.013983,5.819773,0.021810,-0.010417,-1.991145,-0.086113,1.993006,36|37|38|39|40|41,0.5624
6868.000358,-0.293269,-6.670936,-0.013523,5.833766,0.021872,-0.010514,-1.999883,-0.085241,2.001699,36|37|38|39|40|41,0.5624
6868.017025,-0.291595,-6.680306,-0.013371,5.840574,0.020843,-0.010411,-2.001599,-0.083299,2.003331,36|37|38|39|40|41,0.5611
6868.033692,-0.290534,-6.689537,-0.014257,5.840574,0.020843,-0.010411,-1.996582,-0.082719,1.998295,36|37|38|39|40|41,0.5610
6868.050358,-0.290532,-6.689541,-0.014261,5.847559,0.020470,-0.010435,-2.003566,-0.082345,2.005257,36|37|38|39|40|41,0.5611
6868.067025,-0.304531,-6.695766,-0.014693,5.861812,0.020963,-0.010333,-2.014431,-0.090444,2.016460,36|37|38|39|40|41,0.5617
6868.083692,-0.308360,-6.704038,-0.014756,5.868902,0.021197,-0.010048,-2.017024,-0.092756,2.019156,36|37|38|39|40|41,0.5629
6868.100358,-0.299552,-6.724214,-0.013820,5.868902,0.021197,-0.010048,-2.006061,-0.087963,2.007989,36|37|38|39|40|41,0.5637
6868.117025,-0.299552,-6.724214,-0.013820,5.882860,0.021395,-0.009851,-2.020020,-0.088161,2.021943,36|37|38|39|40|41,0.5627
6868.133692,-0.293363,-6.742466,-0.012500,5.882860,0.021395,-0.009851,-2.010102,-0.084792,2.011890,36|37|38|39|40|41,0.5606
6868.150358,-0.291138,-6.748307,-0.012629,5.890038,0.021633,-0.009864,-2.014106,-0.083818,2.015850,36|37|38|39|40|41,0.5619
6868.167025,-0.286681,-6.758132,-0.012831,5.897117,0.021848,-0.009961,-2.015847,-0.081608,2.017498,36|37|38|39|40|41,0.5637
6868.200358,-0.278811,-6.777624,-0.012755,5.911163,0.022096,-0.010126,-2.019302,-0.077573,2.020791,36|37|38|39|40|41,0.5625
6868.217025,-0.278811,-6.777623,-0.012755,5.925069,0.020883,-0.009728,-2.033208,-0.076361,2.034641,36|37|38|39|40|41,0.5614
6868.233692,-0.277298,-6.784814,-0.013113,5.932293,0.020877,-0.009704,-2.036525,-0.075530,2.037925,36|37|38|39|40|41,0.5615
6868.250358,-0.293519,-6.801583,-0.012734,5.932293,0.020877,-0.009704,-2.027406,-0.084340,2.029160,36|37|38|39|40|41,0.5627
6868.267025,-0.292767,-6.811493,-0.012830,5.939512,0.020860,-0.009670,-2.029240,-0.083912,2.030974,36|37|38|39|40|41,0.5638
6868.283692,-0.292243,-6.821371,-0.013110,5.953387,0.020546,-0.009607,-2.037746,-0.083310,2.039449,36|37|38|39|40|41,0.5646
6868.300358,-0.292299,-6.830996,-0.013266,5.953387,0.020546,-0.009607,-2.032516,-0.083337,2.034223,36|37|38|39|40|41,0.5627
6868.317025,-0.294920,-6.837315,-0.013172,5.960215,0.019997,-0.009663,-2.035908,-0.084211,2.037649,36|37|38|39|40|41,0.5617
6868.333692,-0.301543,-6.843997,-0.013592,5.967404,0.020443,-0.009622,-2.039463,-0.088254,2.041372,36|37|38|39|40|41,0.5621
6868.350358,-0.294607,-6.854094,-0.013606,5.981805,0.021319,-0.009572,-2.048379,-0.085358,2.050156,36|37|38|39|40|41,0.5625
6868.367025,-0.294607,-6.854094,-0.013605,5.989007,0.021750,-0.009589,-2.055581,-0.085788,2.057371,36|37|38|39|40|41,0.5626
6868.383692,-0.280254,-6.874190,-0.012715,5.989007,0.021750,-0.009589,-2.044664,-0.077982,2.046150,36|37|38|39|40|41,0.5624
6868.400358,-0.273007,-6.885568,-0.011381,5.995803,0.021302,-0.009597,-2.045278,-0.073592,2.046602,36|37|38|39|40|41|42|43,0.5487
6868.433692,-0.273001,-6.885652,-0.011258,6.017559,0.020700,-0.009609,-2.066988,-0.072986,2.068276,36|37|38|39|40|41|42|43,0.5625
6868.450358,-0.283816,-6.909766,-0.010487,6.017559,0.020700,-0.009609,-2.053880,-0.078856,2.055393,38|39|40|41|42|43,0.5642
6868.483692,-0.282815,-6.929785,-0.010926,6.031737,0.020627,-0.009500,-2.057179,-0.078233,2.058666,38|39|40|41|42|43,0.5633
6868.500358,-0.282816,-6.929783,-0.010927,6.045684,0.020496,-0.009511,-2.071127,-0.078103,2.072599,38|39|40|41|42|43,0.5622
6868.517025,-0.282591,-6.939644,-0.010420,6.045684,0.020496,-0.009511,-2.065768,-0.077978,2.067239,38|39|40|41|42|43,0.5631
6868.533692,-0.282413,-6.954488,-0.011559,6.059818,0.020517,-0.009582,-2.071834,-0.077897,2.073298,38|39|40|41|42|43,0.5641
6868.567025,-0.280800,-6.973751,-0.010951,6.066882,0.020500,-0.009594,-2.068429,-0.076997,2.069862,38|39|40|41|42|43,0.5637
6868.583692,-0.280322,-6.983331,-0.011517,6.073621,0.019623,-0.009447,-2.069962,-0.075858,2.071351,38|39|40|41|42|43,0.5614
6868.617025,-0.296154,-6.998148,-0.009889,6.095259,0.018801,-0.009010,-2.083542,-0.083635,2.085220,38|39|40|41|42|43,0.5637
6868.633692,-0.298573,-7.007762,-0.009437,6.102378,0.018558,-0.009051,-2.085435,-0.084704,2.087155,38|39|40|41|42|43,0.5646
6868.650358,-0.298574,-7.007762,-0.009434,6.109123,0.018728,-0.009070,-2.092180,-0.084874,2.093901,38|39|40|41|42|43,0.5654
6868.667025,-0.303774,-7.026782,-0.010283,6.115765,0.019847,-0.009073,-2.088484,-0.088814,2.090372,38|39|40|41|42|43,0.5639
6868.683692,-0.300212,-7.031208,-0.010390,6.115765,0.019847,-0.009073,-2.086080,-0.086877,2.087888,38|39|40|41|42|43,0.5633
6868.700358,-0.283222,-7.039878,-0.010551,6.129657,0.019527,-0.008417,-2.095265,-0.077321,2.096691,38|39|40|41|42|43,0.5633
6868.717025,-0.285916,-7.048001,-0.010350,6.129657,0.019527,-0.008417,-2.090849,-0.078782,2.092333,38|39|40|41|42|43,0.5648
6868.733692,-0.285916,-7.048001,-0.010352,6.144045,0.019022,-0.008589,-2.105237,-0.078276,2.106692,38|39|40|41|42|43,0.5655
6868.750358,-0.288715,-7.059576,-0.009345,6.150983,0.018348,-0.008754,-2.105884,-0.079120,2.107370,38|39|40|41|42|43,0.5642
6868.767025,-0.291535,-7.069330,-0.010098,6.158016,0.017885,-0.008864,-2.107615,-0.080187,2.109140,38|39|40|41|42|43,0.5638
6868.800358,-0.308986,-7.093641,-0.008485,6.165163,0.017884,-0.008902,-2.101544,-0.089662,2.103456,38|39|40|41|42|43,0.5625
6868.817025,-0.308987,-7.093639,-0.008485,6.172195,0.017928,-0.008869,-2.108577,-0.089707,2.110484,38|39|40|41|42|43,0.5646
6868.833692,-0.308106,-7.103370,-0.009113,6.186320,0.017943,-0.008868,-2.117414,-0.089240,2.119294,38|39|40|41|42|43,0.5649
6868.850358,-0.306123,-7.122809,-0.008195,6.186320,0.017943,-0.008868,-2.106850,-0.088156,2.108693,38|39|40|41|42|43,0.5644
6868.867025,-0.305193,-7.132375,-0.008765,6.200262,0.017729,-0.008894,-2.115594,-0.087434,2.117400,38|39|40|41|42|43,0.5623
6868.883692,-0.307312,-7.137374,-0.008860,6.200262,0.017729,-0.008894,-2.112876,-0.088584,2.114732,38|39|40|41|42|43,0.5632
6868.900358,-0.306742,-7.147079,-0.009167,6.207358,0.017733,-0.008988,-2.114697,-0.088275,2.116539,38|39|40|41|42|43,0.5647
6868.917025,-0.305973,-7.157156,-0.009244,6.214521,0.017702,-0.009009,-2.116384,-0.087823,2.118205,38|39|40|41|42|43,0.5658
6868.933692,-0.305974,-7.157155,-0.009245,6.228770,0.016810,-0.008811,-2.130633,-0.086932,2.132406,38|39|40|41|42|43,0.5648
6868.950358,-0.305232,-7.176091,-0.010284,6.228770,0.016810,-0.008811,-2.120342,-0.086523,2.122107,38|39|40|41|42|43|44,0.5630
6868.967025,-0.305230,-7.176129,-0.010282,6.243088,0.017331,-0.008786,-2.134640,-0.087042,2.136414,38|39|40|41|42|43|44,0.5556
6868.983692,-0.314168,-7.191035,-0.009635,6.250350,0.017755,-0.008768,-2.133798,-0.092319,2.135795,39|40|41|42|43|44,0.5642
6869.000358,-0.314168,-7.191036,-0.009634,6.250350,0.017755,-0.008768,-2.133798,-0.092319,2.135794,39|40|41|42|43|44,0.5648
6869.017025,-0.307288,-7.201237,-0.010601,6.257612,0.018184,-0.008802,-2.135517,-0.089006,2.137371,39|40|41|42|43|44,0.5643
6869.033692,-0.300717,-7.211295,-0.009771,6.271736,0.017780,-0.008945,-2.144177,-0.085027,2.145862,39|40|41|42|43|44,0.5625
6869.050358,-0.288690,-7.229635,-0.009828,6.271736,0.017780,-0.008945,-2.134213,-0.078485,2.135656,39|40|41|42|43|44,0.5615
6869.067025,-0.298074,-7.235791,-0.010949,6.285845,0.017651,-0.009009,-2.144974,-0.083455,2.146597,39|40|41|42|43|44,0.5621
6869.083692,-0.298074,-7.235791,-0.010949,6.285845,0.017651,-0.009009,-2.144974,-0.083455,2.146597,39|40|41|42|43|44,0.5632
6869.117025,-0.298303,-7.264883,-0.011353,6.299904,0.017519,-0.009084,-2.143223,-0.083438,2.144846,39|40|41|42|43|44,0.5620
6869.133692,-0.298303,-7.264884,-0.011354,6.313742,0.016414,-0.009099,-2.157060,-0.082332,2.158631,39|40|41|42|43|44,0.5609
6869.150358,-0.304478,-7.279730,-0.011522,6.313742,0.016414,-0.009099,-2.148990,-0.085684,2.150697,39|40|41|42|43|44,0.5604
6869.167025,-0.311928,-7.288292,-0.011133,6.320848,0.016561,-0.009072,-2.151440,-0.089878,2.153316,39|40|41|42|43|44,0.5609
6869.183692,-0.311928,-7.288292,-0.011133,6.327956,0.016715,-0.009014,-2.158547,-0.090032,2.160424,39|40|41|42|43|44,0.5623
6869.200358,-0.308993,-7.298300,-0.010941,6.342375,0.016928,-0.008610,-2.167528,-0.088646,2.169340,39|40|41|42|43|44,0.5629
6869.217025,-0.303035,-7.318510,-0.010607,6.342375,0.016928,-0.008610,-2.156546,-0.085402,2.158237,39|40|41|42|43|44,0.5628
6869.233692,-0.300519,-7.328370,-0.010709,6.356274,0.017544,-0.008562,-2.165087,-0.084648,2.166742,39|40|41|42|43|44,0.5618
6869.250358,-0.292976,-7.332194,-0.010454,6.356274,0.017544,-0.008562,-2.163012,-0.080548,2.164511,39|40|41|42|43|44,0.5620
6869.267025,-0.292977,-7.332193,-0.010453,6.370488,0.017779,-0.008746,-2.177226,-0.080782,2.178724,39|40|41|42|43|44,0.5635
6869.283692,-0.287718,-7.351923,-0.010825,6.370488,0.017779,-0.008746,-2.166505,-0.077918,2.167906,39|40|41|42|43|44,0.5645
6869.300358,-0.285466,-7.361990,-0.011150,6.377597,0.017878,-0.008789,-2.168143,-0.076790,2.169503,39|40|41|42|43|44,0.5637
6869.333692,-0.292857,-7.376357,-0.011014,6.398608,0.016808,-0.008681,-2.181345,-0.079732,2.182801,39|40|41|42|43|44,0.5614
6869.350358,-0.292857,-7.376357,-0.011015,6.405835,0.016685,-0.008648,-2.188571,-0.079610,2.190019,39|40|41|42|43|44,0.5636
6869.367025,-0.296492,-7.395931,-0.011799,6.412798,0.016502,-0.008576,-2.184895,-0.081396,2.186410,39|40|41|42|43|44,0.5634
6869.383692,-0.297563,-7.405648,-0.011610,6.412798,0.016502,-0.008576,-2.179614,-0.081975,2.181155,39|40|41|42|43|44,0.5644
6869.400358,-0.299242,-7.415726,-0.011195,6.426371,0.016062,-0.008570,-2.187709,-0.082444,2.189262,39|40|41|42|43|44,0.5631
6869.433692,-0.304134,-7.427979,-0.011692,6.440661,0.016732,-0.008378,-2.195338,-0.085769,2.197012,39|40|41|42|43|44,0.5615
6869.467025,-0.304134,-7.427979,-0.011693,6.454985,0.017387,-0.008334,-2.209662,-0.086424,2.211351,39|40|41|42|43|44,0.5640
6869.483692,-0.293150,-7.448274,-0.010561,6.454985,0.017387,-0.008334,-2.198635,-0.080448,2.200107,39|40|41|42|43|44|45|46,0.5518
6869.500358,-0.282315,-7.468778,-0.010334,6.462032,0.017499,-0.008361,-2.194542,-0.074666,2.195812,41|42|43|44|45|46,0.5638
6869.517025,-0.279977,-7.475927,-0.010416,6.469044,0.016882,-0.008345,-2.197670,-0.072775,2.198875,41|42|43|44|45|46,0.5625
6869.533692,-0.287957,-7.483757,-0.009895,6.476298,0.016783,-0.008356,-2.200666,-0.077011,2.202013,41|42|43|44|45|46,0.5634
6869.550358,-0.287956,-7.483757,-0.009894,6.490645,0.016530,-0.008220,-2.215013,-0.076758,2.216343,41|42|43|44|45|46,0.5641
6869.567025,-0.288937,-7.503882,-0.010638,6.490645,0.016530,-0.008220,-2.204076,-0.077284,2.205430,41|42|43|44|45|46,0.5651
6869.583692,-0.290106,-7.513993,-0.010292,6.497744,0.016389,-0.008107,-2.205679,-0.077775,2.207049,41|42|43|44|45|46,0.5644
6869.600358,-0.291146,-7.523629,-0.010503,6.504459,0.016703,-0.008082,-2.207157,-0.078651,2.208558,41|42|43|44|45|46,0.5621
6869.617025,-0.291147,-7.523630,-0.010506,6.518651,0.016534,-0.008079,-2.221349,-0.078483,2.222735,41|42|43|44|45|46,0.5626
6869.633692,-0.286017,-7.527881,-0.010314,6.525582,0.016394,-0.008210,-2.225970,-0.075554,2.227252,41|42|43|44|45|46,0.5628
6869.650358,-0.286769,-7.547214,-0.011428,6.525582,0.016394,-0.008210,-2.215463,-0.075956,2.216765,41|42|43|44|45|46,0.5634
6869.667025,-0.287930,-7.557155,-0.011207,6.539583,0.015878,-0.008238,-2.224061,-0.076068,2.225361,41|42|43|44|45|46,0.5629
6869.683692,-0.287929,-7.557155,-0.011208,6.546578,0.015578,-0.008167,-2.231056,-0.075768,2.232342,41|42|43|44|45|46,0.5613
6869.700358,-0.293881,-7.572510,-0.011485,6.546578,0.015578,-0.008167,-2.222709,-0.078998,2.224113,41|42|43|44|45|46,0.5594
6869.733692,-0.293882,-7.572509,-0.011484,6.568106,0.014560,-0.007825,-2.244237,-0.077980,2.245592,41|42|43|44|45|46,0.5618
6869.767025,-0.310271,-7.609531,-0.011256,6.574911,0.014549,-0.007830,-2.230917,-0.086865,2.232607,41|42|43|44|45|46,0.5617
6869.783692,-0.310271,-7.609531,-0.011258,6.588376,0.015916,-0.008304,-2.244382,-0.088231,2.246115,41|42|43|44|45|46,0.5618
6869.800358,-0.309517,-7.614435,-0.011420,6.595205,0.015578,-0.008360,-2.248546,-0.087482,2.250247,41|42|43|44|45|46,0.5635
6869.833692,-0.293903,-7.623337,-0.011351,6.609178,0.014855,-0.008450,-2.257685,-0.078271,2.259042,41|42|43|44|45|46,0.5643
6869.850358,-0.297347,-7.651217,-0.011180,6.609178,0.014855,-0.008450,-2.242532,-0.080134,2.243963,41|42|43|44|45|46,0.5636
6869.867025,-0.302030,-7.660861,-0.011145,6.623114,0.014112,-0.008731,-2.251225,-0.081933,2.252716,41|42|43|44|45|46,0.5644
6869.883692,-0.307553,-7.670232,-0.011103,6.630265,0.013967,-0.008735,-2.253282,-0.084786,2.254877,41|42|43|44|45|46,0.5621
6869.900358,-0.310701,-7.675687,-0.010708,6.630265,0.013967,-0.008735,-2.250316,-0.086495,2.251978,41|42|43|44|45|46,0.5623
6869.917025,-0.310700,-7.675687,-0.010707,6.644170,0.013665,-0.008376,-2.264221,-0.086194,2.265861,41|42|43|44|45|46,0.5646
6869.950358,-0.314385,-7.704639,-0.010219,6.658106,0.014071,-0.008285,-2.262422,-0.088593,2.264155,41|42|43|44|45|46,0.5648
6869.983692,-0.307728,-7.719487,-0.009862,6.665253,0.013885,-0.008293,-2.261501,-0.084784,2.263090,41|42|43|44|45|46|47,0.5640
6870.000358,-0.309570,-7.729084,-0.010036,6.672324,0.013700,-0.008320,-2.263356,-0.085598,2.264974,41|42|43|44|45|46|47,0.5634
6870.017025,-0.309602,-7.729531,-0.010169,6.686562,0.013305,-0.008359,-2.277350,-0.085220,2.278944,42|43|44|45|46|47,0.5659
6870.033692,-0.313527,-7.749108,-0.009871,6.686562,0.013305,-0.008359,-2.266710,-0.087347,2.268392,42|43|44|45|46|47,0.5649
6870.050358,-0.315519,-7.758863,-0.009629,6.693663,0.012929,-0.008359,-2.268508,-0.088050,2.270216,42|43|44|45|46|47,0.5631
6870.067025,-0.319798,-7.765349,-0.009943,6.700585,0.013020,-0.008247,-2.271904,-0.090465,2.273704,42|43|44|45|46|47,0.5633
6870.100358,-0.314441,-7.782645,-0.010077,6.715033,0.013455,-0.008178,-2.276954,-0.087983,2.278653,42|43|44|45|46|47,0.5638
6870.117025,-0.310680,-7.792905,-0.010198,6.729478,0.013861,-0.008260,-2.285824,-0.086342,2.287454,42|43|44|45|46|47,0.5628
6870.133692,-0.307092,-7.803480,-0.009880,6.736294,0.014342,-0.008262,-2.286894,-0.084870,2.288468,42|43|44|45|46|47,0.5622
6870.150358,-0.303601,-7.813753,-0.010265,6.736294,0.014342,-0.008262,-2.281312,-0.082969,2.282820,42|43|44|45|46|47,0.5605
6870.167025,-0.303603,-7.813753,-0.010266,6.743335,0.014077,-0.008340,-2.288352,-0.082705,2.289846,42|43|44|45|46|47,0.5606
6870.233692,-0.296185,-7.817158,-0.009862,6.778137,0.012868,-0.008449,-2.321307,-0.077463,2.322599,42|43|44|45|46|47,0.5624
6870.250358,-0.313668,-7.865190,-0.011822,6.778137,0.012868,-0.008449,-2.295197,-0.086950,2.296843,42|43|44|45|46|47,0.5612
6870.267025,-0.313670,-7.865191,-0.011823,6.792538,0.012685,-0.008358,-2.309597,-0.086769,2.311226,42|43|44|45|46|47,0.5625
6870.300358,-0.313565,-7.889699,-0.010850,6.806926,0.012468,-0.008001,-2.310665,-0.086487,2.312283,42|43|44|45|46|47,0.5636
6870.317025,-0.314149,-7.899536,-0.010559,6.806926,0.012468,-0.008001,-2.305319,-0.086802,2.306953,42|43|44|45|46|47,0.5641
6870.350358,-0.314151,-7.899537,-0.010562,6.827966,0.013774,-0.008174,-2.326359,-0.088108,2.328027,42|43|44|45|46|47,0.5614
6870.383692,-0.301446,-7.913244,-0.010196,6.842272,0.013490,-0.008273,-2.333219,-0.080915,2.334621,42|43|44|45|46|47,0.5632
6870.433692,-0.294217,-7.960475,-0.011000,6.863388,0.013230,-0.007913,-2.328668,-0.076711,2.329932,42|43|44|45|46|47,0.5620
6870.450358,-0.293826,-7.967353,-0.010747,6.863388,0.013230,-0.007913,-2.324930,-0.076497,2.326188,42|43|44|45|46|47,0.5631
6870.467025,-0.298075,-7.976840,-0.010523,6.870529,0.012877,-0.007853,-2.326914,-0.078450,2.328236,42|43|44|45|46|47,0.5654
6870.483692,-0.302118,-7.987697,-0.010629,6.877666,0.012504,-0.007803,-2.328149,-0.080271,2.329533,42|43|44|45|46|47|48,0.5503
6870.500358,-0.307542,-7.997163,-0.010774,6.891219,0.012416,-0.007794,-2.336557,-0.083127,2.338035,42|43|44|45|46|47|48|49,0.5644
6870.517025,-0.312695,-8.007600,-0.010570,6.898486,0.013081,-0.007490,-2.338149,-0.086590,2.339752,42|43|44|45|46|47|48|49,0.5588
6870.550358,-0.314052,-8.008231,-0.012310,6.912830,0.013223,-0.007327,-2.352150,-0.087470,2.353776,44|45|46|47|48|49,0.5640
6870.567025,-0.298272,-8.031846,-0.012025,6.912830,0.013223,-0.007327,-2.339321,-0.078886,2.340651,44|45|46|47|48|49,0.5633
6870.583692,-0.298272,-8.031846,-0.012025,6.927187,0.013365,-0.007343,-2.353677,-0.079028,2.355004,44|45|46|47|48|49,0.5635
6870.600358,-0.297054,-8.041603,-0.012375,6.927187,0.013365,-0.007343,-2.348375,-0.078362,2.349682,44|45|46|47|48|49,0.5631
6870.617025,-0.293613,-8.062170,-0.012061,6.941205,0.013446,-0.007325,-2.351216,-0.076567,2.352462,44|45|46|47|48|49,0.5618
6870.650358,-0.291314,-8.075512,-0.012562,6.955780,0.012773,-0.007311,-2.358541,-0.074641,2.359722,44|45|46|47|48|49,0.5628
6870.667025,-0.291314,-8.075512,-0.012562,6.962973,0.012423,-0.007153,-2.365734,-0.074291,2.366900,44|45|46|47|48|49,0.5634
6870.683692,-0.295197,-8.085603,-0.012380,6.969786,0.012835,-0.007046,-2.367062,-0.076810,2.368308,44|45|46|47|48|49,0.5638
6870.700358,-0.304036,-8.105874,-0.012120,6.969786,0.012835,-0.007046,-2.356042,-0.081607,2.357455,44|45|46|47|48|49,0.5637
6870.733692,-0.289858,-8.120120,-0.012034,6.991024,0.012729,-0.007156,-2.369542,-0.073791,2.370691,44|45|46|47|48|49,0.5629
6870.750358,-0.293367,-8.129953,-0.012157,6.991024,0.012729,-0.007156,-2.364197,-0.075696,2.365409,44|45|46|47|48|49,0.5629
6870.767025,-0.293367,-8.129952,-0.012159,6.998088,0.012394,-0.007203,-2.371262,-0.075361,2.372459,44|45|46|47|48|49,0.5634
6870.800358,-0.302897,-8.157610,-0.011765,7.019340,0.012060,-0.006830,-2.377479,-0.080197,2.378831,44|45|46|47|48|49,0.5613
6870.817025,-0.302897,-8.157611,-0.011760,7.019340,0.012060,-0.006830,-2.377478,-0.080198,2.378830,44|45|46|47|48|49,0.5606
6870.833692,-0.304841,-8.173098,-0.011452,7.026499,0.011516,-0.006650,-2.376220,-0.080705,2.377590,44|45|46|47|48|49,0.5617
6870.850358,-0.304840,-8.173098,-0.011454,7.033610,0.010960,-0.006658,-2.383331,-0.080149,2.384679,44|45|46|47|48|49,0.5627
6870.867025,-0.319436,-8.192683,-0.010485,7.040388,0.010780,-0.006686,-2.379460,-0.087895,2.381083,44|45|46|47|48|49,0.5614
6870.883692,-0.319437,-8.192684,-0.010486,7.047078,0.011614,-0.006624,-2.386150,-0.088729,2.387799,44|45|46|47|48|49,0.5616
6870.917025,-0.295008,-8.217153,-0.011489,7.060430,0.012488,-0.006673,-2.386211,-0.076320,2.387431,44|45|46|47|48|49,0.5626
6870.933692,-0.295007,-8.217151,-0.011491,7.074166,0.011377,-0.006801,-2.399948,-0.075208,2.401127,44|45|46|47|48|49,0.5630
6870.950358,-0.302776,-8.233826,-0.011285,7.081286,0.010801,-0.006853,-2.398004,-0.078849,2.399300,44|45|46|47|48|49,0.5630
6870.967025,-0.310827,-8.243501,-0.012061,7.081286,0.010801,-0.006853,-2.392743,-0.083222,2.394190,44|45|46|47|48|49,0.5617
6870.983692,-0.318449,-8.252913,-0.012636,7.087959,0.011136,-0.007471,-2.394298,-0.087696,2.395904,44|45|46|47|48|49,0.5598
6871.033692,-0.319264,-8.277762,-0.012555,7.109288,0.010153,-0.007410,-2.402122,-0.087148,2.403702,44|45|46|47|48|49|50,0.5625
6871.050358,-0.323358,-8.286681,-0.012413,7.116392,0.009818,-0.007341,-2.404377,-0.089036,2.406025,44|45|46|47|48|49|50,0.5581
6871.067025,-0.323516,-8.287363,-0.012715,7.130402,0.010934,-0.007269,-2.418016,-0.090237,2.419699,45|46|47|48|49|50,0.5630
6871.083692,-0.320505,-8.302320,-0.011901,7.137442,0.010532,-0.007298,-2.416930,-0.088193,2.418538,45|46|47|48|49|50,0.5639
6871.100358,-0.311423,-8.312100,-0.011318,7.144511,0.010120,-0.007303,-2.418686,-0.082844,2.420104,45|46|47|48|49|50,0.5635
6871.117025,-0.316362,-8.321637,-0.011195,7.144511,0.010120,-0.007303,-2.413501,-0.085525,2.415016,45|46|47|48|49|50,0.5635
6871.133692,-0.321558,-8.331334,-0.011058,7.151588,0.009710,-0.007288,-2.415306,-0.087936,2.416906,45|46|47|48|49|50,0.5631
6871.150358,-0.326964,-8.340982,-0.011650,7.165561,0.010070,-0.007091,-2.424034,-0.091230,2.425750,45|46|47|48|49|50,0.5627
6871.167025,-0.329809,-8.348331,-0.011458,7.165561,0.010070,-0.007091,-2.420039,-0.092773,2.421817,45|46|47|48|49|50,0.5624
6871.183692,-0.329809,-8.348332,-0.011458,7.179964,0.010071,-0.006978,-2.434441,-0.092775,2.436208,45|46|47|48|49|50,0.5634
6871.200358,-0.320342,-8.365642,-0.011848,7.179964,0.010071,-0.006978,-2.425036,-0.087625,2.426619,45|46|47|48|49|50,0.5642
6871.217025,-0.320141,-8.375967,-0.011512,7.187156,0.010032,-0.006956,-2.426617,-0.087473,2.428193,45|46|47|48|49|50,0.5645
6871.233692,-0.320255,-8.386033,-0.011585,7.194348,0.009983,-0.006992,-2.428339,-0.087483,2.429914,45|46|47|48|49|50,0.5646
6871.250358,-0.320209,-8.396288,-0.011352,7.201197,0.010495,-0.007083,-2.429614,-0.087967,2.431206,45|46|47|48|49|50,0.5627
6871.267025,-0.320209,-8.396290,-0.011350,7.215196,0.010861,-0.007132,-2.443613,-0.088333,2.445209,45|46|47|48|49|50,0.5624
6871.283692,-0.311687,-8.399665,-0.011985,7.222167,0.010329,-0.007147,-2.448751,-0.083168,2.450163,45|46|47|48|49|50,0.5622
6871.300358,-0.298983,-8.408920,-0.011793,7.222167,0.010329,-0.007147,-2.443725,-0.076261,2.444915,45|46|47|48|49|50,0.5632
6871.317025,-0.305816,-8.418788,-0.012068,7.229145,0.009785,-0.007175,-2.445338,-0.079427,2.446628,45|46|47|48|49|50,0.5637
6871.333692,-0.312911,-8.428309,-0.012012,7.242898,0.009652,-0.007173,-2.453915,-0.083147,2.455323,45|46|47|48|49|50,0.5623
6871.350358,-0.326048,-8.447719,-0.011526,7.250010,0.009938,-0.007127,-2.450474,-0.090567,2.452147,45|46|47|48|49|50,0.5664
6871.367025,-0.318896,-8.452223,-0.010558,7.257122,0.009629,-0.007081,-2.455141,-0.086370,2.456659,45|46|47|48|49|50,0.5660
6871.383692,-0.318895,-8.452228,-0.010578,7.257122,0.009629,-0.007081,-2.455138,-0.086369,2.456656,45|46|47|48|49|50,0.5660
6871.400358,-0.318521,-8.471533,-0.010234,7.264283,0.009311,-0.007001,-2.451807,-0.085842,2.453309,45|46|47|48|49|50,0.5632
6871.417025,-0.322213,-8.481725,-0.009310,7.278313,0.009706,-0.006952,-2.460296,-0.088240,2.461878,45|46|47|48|49|50,0.5611
6871.433692,-0.325442,-8.490820,-0.009043,7.285475,0.010809,-0.006900,-2.462514,-0.091095,2.464199,45|46|47|48|49|50,0.5611
6871.450358,-0.315882,-8.495243,-0.009515,7.285475,0.010809,-0.006900,-2.460113,-0.085898,2.461613,45|46|47|48|49|50,0.5623
6871.467025,-0.299599,-8.506527,-0.009220,7.292488,0.010986,-0.006897,-2.460999,-0.077222,2.462210,45|46|47|48|49|50,0.5615
6871.500358,-0.299598,-8.506525,-0.009220,7.313788,0.010092,-0.007028,-2.482300,-0.076327,2.483474,45|46|47|48|49|50,0.5625
6871.533692,-0.308237,-8.542955,-0.010583,7.320885,0.010811,-0.007158,-2.469595,-0.081731,2.470947,45|46|47|48|49|50|51|52,0.5529
6871.567025,-0.297863,-8.559085,-0.010446,7.334747,0.010113,-0.006995,-2.474695,-0.075389,2.475843,45|46|47|48|49|50|51|52,0.5532
6871.583692,-0.306577,-8.569837,-0.010987,7.348605,0.008845,-0.006870,-2.482707,-0.078854,2.483959,47|48|49|50|51|52,0.5652
6871.600358,-0.306575,-8.569836,-0.010987,7.355226,0.009009,-0.006911,-2.489328,-0.079017,2.490582,47|48|49|50|51|52,0.5647
6871.633692,-0.314996,-8.579083,-0.010474,7.369507,0.010437,-0.006450,-2.498581,-0.085018,2.500027,47|48|49|50|51|52,0.5634
6871.650358,-0.303559,-8.602366,-0.010160,7.369507,0.010437,-0.006450,-2.485930,-0.078795,2.487178,47|48|49|50|51|52,0.5633
6871.683692,-0.302106,-8.622698,-0.009998,7.390673,0.009887,-0.006335,-2.496048,-0.077450,2.497249,47|48|49|50|51|52,0.5632
6871.700358,-0.303987,-8.632381,-0.010133,7.390673,0.009887,-0.006335,-2.490784,-0.078469,2.492020,47|48|49|50|51|52,0.5632
6871.717025,-0.303987,-8.632382,-0.010132,7.404849,0.011094,-0.006197,-2.504959,-0.079676,2.506226,47|48|49|50|51|52,0.5622
6871.783692,-0.306308,-8.641869,-0.010132,7.433477,0.009501,-0.006097,-2.528431,-0.079341,2.529676,47|48|49|50|51|52,0.5636
6871.800358,-0.304399,-8.675831,-0.010422,7.433477,0.009501,-0.006097,-2.509974,-0.078294,2.511195,47|48|49|50|51|52,0.5632
6871.833692,-0.298098,-8.702762,-0.009982,7.454541,0.009893,-0.006175,-2.516403,-0.075252,2.517528,47|48|49|50|51|52,0.5626
6871.850358,-0.294567,-8.711092,-0.010162,7.461607,0.009300,-0.006212,-2.518943,-0.072738,2.519993,47|48|49|50|51|52,0.5630
6871.867025,-0.294567,-8.711091,-0.010166,7.461607,0.009300,-0.006212,-2.518944,-0.072738,2.519994,47|48|49|50|51|52,0.5631
6871.883692,-0.310024,-8.729625,-0.010183,7.475943,0.009367,-0.006260,-2.523202,-0.081199,2.524508,47|48|49|50|51|52,0.5617
6871.900358,-0.315367,-8.736857,-0.009400,7.475943,0.009367,-0.006260,-2.519270,-0.084101,2.520673,47|48|49|50|51|52,0.5603
6871.917025,-0.307528,-8.746675,-0.009512,7.483036,0.009709,-0.006171,-2.521030,-0.080180,2.522305,47|48|49|50|51|52,0.5604
6871.933692,-0.307528,-8.746676,-0.009512,7.497177,0.008145,-0.005837,-2.535170,-0.078616,2.536389,47|48|49|50|51|52,0.5603
6871.950358,-0.313668,-8.763848,-0.008842,7.497177,0.008145,-0.005837,-2.525835,-0.081947,2.527164,47|48|49|50|51|52,0.5606
6871.967025,-0.313668,-8.763848,-0.008842,7.510726,0.008431,-0.005881,-2.539384,-0.082233,2.540715,47|48|49|50|51|52,0.5598
6871.983692,-0.324863,-8.773283,-0.009575,7.517566,0.009041,-0.005864,-2.541094,-0.088925,2.542649,47|48|49|50|51|52,0.5609
6872.000358,-0.319155,-8.788399,-0.010059,7.524409,0.009655,-0.005873,-2.539723,-0.086432,2.541194,47|48|49|50|51|52,0.5621
6872.050358,-0.303575,-8.816644,-0.010515,7.537854,0.008633,-0.005963,-2.537823,-0.076933,2.538988,47|48|49|50|51|52|53,0.5544
6872.067025,-0.314703,-8.824924,-0.010847,7.544805,0.007854,-0.005961,-2.540270,-0.082200,2.541599,47|48|49|50|51|52|53,0.5622
6872.083692,-0.325207,-8.833083,-0.010810,7.551584,0.008018,-0.006624,-2.542612,-0.088070,2.544136,47|48|49|50|51|52|53,0.5614
6872.100358,-0.325200,-8.833111,-0.010802,7.565904,0.008026,-0.006958,-2.556917,-0.088074,2.558433,47|48|49|50|51|52|53,0.5548
6872.117025,-0.312078,-8.850579,-0.011820,7.573083,0.007399,-0.006915,-2.554605,-0.080310,2.555867,48|49|50|51|52|53,0.5608
6872.133692,-0.312078,-8.850579,-0.011821,7.573083,0.007399,-0.006915,-2.554606,-0.080310,2.555868,48|49|50|51|52|53,0.5631
6872.150358,-0.318434,-8.858819,-0.011692,7.587054,0.006975,-0.007105,-2.564096,-0.083338,2.565450,48|49|50|51|52|53,0.5642
6872.167025,-0.334583,-8.877703,-0.010760,7.594267,0.007596,-0.007167,-2.561042,-0.092730,2.562720,48|49|50|51|52|53,0.5621
6872.183692,-0.334583,-8.877703,-0.010762,7.601289,0.008000,-0.007225,-2.568063,-0.093134,2.569751,48|49|50|51|52|53,0.5628
6872.200358,-0.330066,-8.883743,-0.010610,7.608369,0.007325,-0.007307,-2.571862,-0.090002,2.573437,48|49|50|51|52|53,0.5613
6872.217025,-0.314995,-8.903151,-0.010781,7.608369,0.007325,-0.007307,-2.561319,-0.081805,2.562625,48|49|50|51|52|53,0.5620
6872.233692,-0.314995,-8.903150,-0.010778,7.622459,0.006145,-0.007336,-2.575409,-0.080625,2.576671,48|49|50|51|52|53,0.5620
6872.250358,-0.333356,-8.921948,-0.011206,7.622459,0.006145,-0.007336,-2.565187,-0.090597,2.566787,48|49|50|51|52|53,0.5608
6872.267025,-0.339641,-8.928187,-0.010945,7.636785,0.007426,-0.007416,-2.576120,-0.095293,2.577882,48|49|50|51|52|53,0.5614
6872.283692,-0.339642,-8.928188,-0.010947,7.644081,0.007102,-0.007372,-2.583416,-0.094969,2.585161,48|49|50|51|52|53,0.5615
6872.300358,-0.320405,-8.948013,-0.011704,7.651377,0.006796,-0.007358,-2.579944,-0.084202,2.581318,48|49|50|51|52|53,0.5613
6872.333692,-0.320405,-8.948014,-0.011704,7.658676,0.006489,-0.007349,-2.587242,-0.083895,2.588602,48|49|50|51|52|53,0.5614
6872.350358,-0.331708,-8.977303,-0.011367,7.665571,0.006779,-0.007505,-2.578216,-0.090319,2.579797,48|49|50|51|52|53,0.5611
6872.367025,-0.325966,-8.981936,-0.011714,7.679673,0.008328,-0.007473,-2.589802,-0.088746,2.591322,48|49|50|51|52|53,0.5616
6872.383692,-0.311730,-8.992847,-0.011658,7.679673,0.008328,-0.007473,-2.583876,-0.081006,2.585145,48|49|50|51|52|53,0.5607
6872.400358,-0.311730,-8.992847,-0.011659,7.686621,0.007525,-0.007559,-2.590824,-0.080203,2.592065,48|49|50|51|52|53,0.5610
6872.417025,-0.314175,-9.010561,-0.011173,7.693590,0.006707,-0.007596,-2.588166,-0.080708,2.589424,48|49|50|51|52|53,0.5614
6872.433692,-0.325062,-9.019853,-0.010891,7.700623,0.005875,-0.007595,-2.590145,-0.085790,2.591566,48|49|50|51|52|53,0.5608
6872.450358,-0.336012,-9.029082,-0.011127,7.707328,0.006153,-0.007671,-2.591831,-0.092016,2.593463,48|49|50|51|52|53,0.5597
6872.467025,-0.330730,-9.034490,-0.011104,7.714439,0.006849,-0.007670,-2.596005,-0.089839,2.597559,48|49|50|51|52|53,0.5598
6872.483692,-0.319966,-9.045697,-0.011033,7.721319,0.006847,-0.007631,-2.596797,-0.083984,2.598155,48|49|50|51|52|53,0.5594
6872.500358,-0.319967,-9.045697,-0.011032,7.735492,0.005750,-0.007551,-2.610970,-0.082887,2.612285,48|49|50|51|52|53,0.5613
6872.517025,-0.327506,-9.063045,-0.010919,7.735492,0.005750,-0.007551,-2.601539,-0.086979,2.602993,48|49|50|51|52|53,0.5602
6872.550358,-0.327506,-9.063046,-0.010922,7.749681,0.006969,-0.007710,-2.615728,-0.088198,2.617215,48|49|50|51|52|53,0.5614
6872.567025,-0.327277,-9.077160,-0.011967,7.763394,0.007747,-0.007669,-2.621770,-0.088848,2.623275,48|49|50|51|52|53,0.5615
6872.583692,-0.303323,-9.100108,-0.011947,7.763394,0.007747,-0.007669,-2.609305,-0.075822,2.610407,48|49|50|51|52|53|54|55,0.5612
6872.600358,-0.303469,-9.107190,-0.011818,7.770361,0.007100,-0.007728,-2.612423,-0.075252,2.613507,48|49|50|51|52|53|54|55,0.5612
6872.617025,-0.312121,-9.117128,-0.011447,7.777269,0.006638,-0.007718,-2.613928,-0.079489,2.615136,50|51|52|53|54|55,0.5626
6872.633692,-0.312120,-9.117128,-0.011447,7.791676,0.007747,-0.007646,-2.628335,-0.080598,2.629570,50|51|52|53|54|55,0.5621
6872.650358,-0.309598,-9.132098,-0.011411,7.791676,0.007747,-0.007646,-2.620200,-0.079223,2.621398,50|51|52|53|54|55,0.5628
6872.667025,-0.301005,-9.144304,-0.011425,7.805300,0.006645,-0.007555,-2.627194,-0.073447,2.628220,50|51|52|53|54|55,0.5624
6872.683692,-0.302759,-9.151223,-0.011938,7.805300,0.006645,-0.007555,-2.623433,-0.074398,2.624488,50|51|52|53|54|55,0.5617
6872.700358,-0.302758,-9.151223,-0.011939,7.812252,0.005666,-0.007497,-2.630384,-0.073419,2.631409,50|51|52|53|54|55,0.5611
6872.717025,-0.329342,-9.169364,-0.011772,7.826031,0.006490,-0.007279,-2.634296,-0.088684,2.635788,50|51|52|53|54|55,0.5606
6872.733692,-0.327731,-9.172668,-0.011867,7.826031,0.006490,-0.007279,-2.632501,-0.087808,2.633965,50|51|52|53|54|55,0.5620
6872.750358,-0.315875,-9.183630,-0.011177,7.833070,0.007281,-0.007193,-2.633586,-0.082152,2.634867,50|51|52|53|54|55,0.5623
6872.767025,-0.304277,-9.194787,-0.011107,7.840009,0.007380,-0.007105,-2.634464,-0.075944,2.635559,50|51|52|53|54|55,0.5620
6872.783692,-0.303143,-9.203846,-0.011143,7.846935,0.006890,-0.007112,-2.636467,-0.074835,2.637529,50|51|52|53|54|55,0.5623
6872.800358,-0.309529,-9.212799,-0.011347,7.853924,0.006375,-0.007095,-2.638589,-0.077787,2.639735,50|51|52|53|54|55,0.5617
6872.817025,-0.309527,-9.212799,-0.011349,7.868399,0.007211,-0.006942,-2.653064,-0.078623,2.654229,50|51|52|53|54|55,0.5613
6872.850358,-0.302275,-9.239375,-0.011924,7.875709,0.007731,-0.006824,-2.645932,-0.075193,2.647000,50|51|52|53|54|55,0.5636
6872.867025,-0.302275,-9.239375,-0.011923,7.889777,0.006093,-0.006474,-2.660001,-0.073555,2.661017,50|51|52|53|54|55,0.5634
6872.883692,-0.294186,-9.249728,-0.011783,7.896757,0.006075,-0.006752,-2.661356,-0.069138,2.662254,50|51|52|53|54|55,0.5633
6872.900358,-0.317073,-9.265554,-0.010092,7.904008,0.006398,-0.006833,-2.659999,-0.081895,2.661260,50|51|52|53|54|55,0.5622
6872.917025,-0.315688,-9.272652,-0.010314,7.911039,0.006708,-0.006798,-2.663173,-0.081449,2.664419,50|51|52|53|54|55,0.5636
6872.933692,-0.315689,-9.272651,-0.010314,7.917944,0.006801,-0.006829,-2.670079,-0.081542,2.671323,50|51|52|53|54|55,0.5625
6872.950358,-0.305615,-9.294556,-0.009286,7.924808,0.006039,-0.006705,-2.665041,-0.075300,2.666104,50|51|52|53|54|55,0.5614
6872.967025,-0.303919,-9.302325,-0.008388,7.931881,0.005362,-0.006738,-2.667893,-0.073698,2.668910,50|51|52|53|54|55,0.5614
6872.983692,-0.314507,-9.309443,-0.008623,7.931881,0.005362,-0.006738,-2.664021,-0.079450,2.665205,50|51|52|53|54|55,0.5604
6873.000358,-0.314507,-9.309443,-0.008623,7.946537,0.005888,-0.006620,-2.678676,-0.079976,2.679869,50|51|52|53|54|55,0.5608
6873.017025,-0.323353,-9.316266,-0.008384,7.953747,0.006032,-0.006573,-2.682175,-0.084925,2.683519,50|51|52|53|54|55,0.5609
6873.033692,-0.314668,-9.338756,-0.009018,7.960350,0.005167,-0.006442,-2.676558,-0.079333,2.677734,50|51|52|53|54|55,0.5597
6873.050358,-0.314668,-9.338756,-0.009017,7.966986,0.004727,-0.006471,-2.683194,-0.078894,2.684354,50|51|52|53|54|55,0.5595
6873.067025,-0.312184,-9.348148,-0.009508,7.973957,0.005002,-0.006430,-2.685062,-0.077815,2.686189,50|51|52|53|54|55,0.5604
6873.083692,-0.324673,-9.353579,-0.009924,7.980927,0.005276,-0.006347,-2.689076,-0.084875,2.690415,50|51|52|53|54|55,0.5635
6873.100358,-0.325709,-9.370219,-0.010148,7.987895,0.005534,-0.006320,-2.687000,-0.085691,2.688366,50|51|52|53|54|55|56,0.5569
6873.117025,-0.325709,-9.370299,-0.010108,7.994855,0.005745,-0.006376,-2.693917,-0.085902,2.695286,50|51|52|53|54|55|56,0.5634
6873.133692,-0.317045,-9.390663,-0.010471,7.994855,0.005745,-0.006376,-2.682853,-0.081187,2.684081,50|51|52|53|54|55|56,0.5577
6873.150358,-0.313556,-9.401060,-0.009969,8.001700,0.005625,-0.006458,-2.684048,-0.079167,2.685215,51|52|53|54|55|56,0.5604
6873.167025,-0.314860,-9.406517,-0.010301,8.015324,0.004655,-0.006696,-2.694705,-0.078905,2.695860,51|52|53|54|55|56,0.5605
6873.183692,-0.328532,-9.413300,-0.010802,8.015324,0.004655,-0.006696,-2.691015,-0.086333,2.692399,51|52|53|54|55|56,0.5622
6873.200358,-0.328532,-9.413300,-0.010802,8.029598,0.005082,-0.006721,-2.705289,-0.086760,2.706680,51|52|53|54|55|56,0.5628
6873.233692,-0.319758,-9.443494,-0.011442,8.036554,0.004674,-0.006731,-2.695837,-0.081575,2.697071,51|52|53|54|55|56,0.5611
6873.250358,-0.319758,-9.443494,-0.011440,8.050634,0.003803,-0.006804,-2.709918,-0.080703,2.711119,51|52|53|54|55|56,0.5626
6873.267025,-0.336739,-9.457241,-0.011134,8.050634,0.003803,-0.006804,-2.702441,-0.089928,2.703937,51|52|53|54|55|56,0.5642
6873.283692,-0.336739,-9.457241,-0.011133,8.064776,0.004254,-0.006731,-2.716583,-0.090378,2.718086,51|52|53|54|55|56,0.5651
6873.300358,-0.331393,-9.476470,-0.010081,8.064776,0.004254,-0.006731,-2.706134,-0.087467,2.707547,51|52|53|54|55|56,0.5643
6873.317025,-0.327969,-9.487002,-0.009918,8.071843,0.004421,-0.006749,-2.707479,-0.085770,2.708837,51|52|53|54|55|56,0.5632
6873.350358,-0.335429,-9.502216,-0.010327,8.085575,0.003016,-0.006627,-2.712940,-0.088415,2.714380,51|52|53|54|55|56,0.5629
6873.367025,-0.345326,-9.507108,-0.010315,8.092639,0.003402,-0.006706,-2.717342,-0.094177,2.718973,51|52|53|54|55|56,0.5640
6873.400358,-0.345326,-9.507108,-0.010316,8.107167,0.004348,-0.006662,-2.731870,-0.095124,2.733526,51|52|53|54|55|56,0.5631
6873.417025,-0.324226,-9.540003,-0.010655,8.121178,0.003210,-0.006505,-2.728010,-0.082508,2.729257,51|52|53|54|55|56,0.5623
6873.433692,-0.331029,-9.546713,-0.011347,8.128047,0.003285,-0.006664,-2.731231,-0.086278,2.732593,51|52|53|54|55|56,0.5633
6873.450358,-0.340434,-9.556176,-0.011013,8.128047,0.003285,-0.006664,-2.726085,-0.091387,2.727616,51|52|53|54|55|56,0.5632
6873.467025,-0.340434,-9.556176,-0.011013,8.135163,0.003819,-0.006651,-2.733200,-0.091922,2.734745,51|52|53|54|55|56,0.5630
6873.483692,-0.328990,-9.572785,-0.010811,8.142316,0.004355,-0.006651,-2.731330,-0.086232,2.732691,51|52|53|54|55|56,0.5628
6873.517025,-0.313927,-9.594511,-0.011300,8.162989,0.002920,-0.006671,-2.740200,-0.076604,2.741271,51|52|53|54|55|56,0.5609
6873.533692,-0.323569,-9.598481,-0.011506,8.162989,0.002920,-0.006671,-2.738039,-0.081843,2.739262,51|52|53|54|55|56,0.5621
6873.550358,-0.339348,-9.606183,-0.011336,8.176877,0.003223,-0.006725,-2.747736,-0.090720,2.749234,51|52|53|54|55|56,0.5626
6873.567025,-0.338127,-9.613396,-0.011898,8.183959,0.003477,-0.006734,-2.750899,-0.090307,2.752381,51|52|53|54|55|56,0.5631
6873.583692,-0.333727,-9.624769,-0.012170,8.183959,0.003477,-0.006734,-2.744719,-0.087912,2.746127,51|52|53|54|55|56,0.5638
6873.600358,-0.333727,-9.624770,-0.012171,8.197794,0.002892,-0.006494,-2.758554,-0.087328,2.759936,51|52|53|54|55|56,0.5615
6873.617025,-0.326979,-9.645111,-0.010923,8.197794,0.002892,-0.006494,-2.747501,-0.083653,2.748774,51|52|53|54|55|56|57|58,0.5487
6873.633692,-0.336214,-9.648879,-0.011151,8.204829,0.003101,-0.006577,-2.752485,-0.088881,2.753920,51|52|53|54|55|56|57,0.5600
6873.650358,-0.332796,-9.657000,-0.010755,8.212113,0.003477,-0.006590,-2.755357,-0.087397,2.756743,51|52|53|54|55|56|57|58,0.5626
6873.683692,-0.320729,-9.680803,-0.010752,8.226204,0.004079,-0.006572,-2.756515,-0.081433,2.757718,53|54|55|56|57|58,0.5623
6873.700358,-0.316591,-9.690849,-0.010518,8.239584,0.003721,-0.006553,-2.764436,-0.078823,2.765560,53|54|55|56|57|58,0.5612
6873.717025,-0.315314,-9.699015,-0.010073,8.239584,0.003721,-0.006553,-2.759999,-0.078127,2.761104,53|54|55|56|57|58,0.5598
6873.733692,-0.320747,-9.701100,-0.010084,8.254142,0.004131,-0.006507,-2.773422,-0.081488,2.774619,53|54|55|56|57|58,0.5599
6873.750358,-0.320747,-9.701101,-0.010083,8.261408,0.004220,-0.006508,-2.780687,-0.081577,2.781884,53|54|55|56|57|58,0.5604
6873.767025,-0.317184,-9.712733,-0.009986,8.268408,0.004073,-0.006456,-2.781368,-0.079490,2.782503,53|54|55|56|57|58,0.5602
6873.800358,-0.313384,-9.743329,-0.009910,8.274912,0.003057,-0.006223,-2.771244,-0.076400,2.772297,53|54|55|56|57|58,0.5586
6873.817025,-0.327284,-9.748013,-0.009807,8.289196,0.003075,-0.007269,-2.782979,-0.083970,2.784245,53|54|55|56|57|58,0.5609
6873.833692,-0.328972,-9.752397,-0.010835,8.289196,0.003075,-0.007269,-2.780595,-0.084887,2.781891,53|54|55|56|57|58,0.5642
6873.867025,-0.316930,-9.775292,-0.011827,8.303563,0.003770,-0.007216,-2.782523,-0.079030,2.783645,53|54|55|56|57|58,0.5632
6873.883692,-0.311424,-9.786501,-0.011642,8.317171,0.003228,-0.006795,-2.790041,-0.075492,2.791062,53|54|55|56|57|58,0.5619
6873.900359,-0.311424,-9.786501,-0.011642,8.317171,0.003228,-0.006795,-2.790040,-0.075492,2.791062,53|54|55|56|57|58,0.5623
6873.933692,-0.318895,-9.808748,-0.011271,8.331774,0.003240,-0.007413,-2.792550,-0.079557,2.793683,53|54|55|56|57|58,0.5636
6874.017025,-0.314759,-9.854939,-0.011821,8.367314,0.002949,-0.007351,-2.802988,-0.077004,2.804045,53|54|55|56|57|58,0.5639
6874.033692,-0.316392,-9.865034,-0.012204,8.374361,0.002798,-0.007374,-2.804548,-0.077738,2.805625,53|54|55|56|57|58,0.5648
6874.050359,-0.316391,-9.865034,-0.012205,8.388190,0.002378,-0.007229,-2.818378,-0.077317,2.819438,53|54|55|56|57|58,0.5651
6874.067025,-0.320022,-9.885098,-0.012079,8.388190,0.002378,-0.007229,-2.807472,-0.079284,2.808591,53|54|55|56|57|58,0.5637
6874.083692,-0.322420,-9.895150,-0.012035,8.394878,0.002361,-0.007138,-2.808695,-0.080568,2.809851,53|54|55|56|57|58,0.5614
6874.100359,-0.322420,-9.895151,-0.012035,8.409460,0.001988,-0.007105,-2.823278,-0.080195,2.824417,53|54|55|56|57|58,0.5615
6874.117025,-0.321888,-9.898245,-0.011848,8.416687,0.001806,-0.007136,-2.828823,-0.079721,2.829946,53|54|55|56|57|58,0.5623
6874.150359,-0.327837,-9.928185,-0.010975,8.423672,0.001777,-0.007145,-2.819534,-0.082917,2.820753,53|54|55|56|57|58|59,0.5602
6874.167025,-0.327856,-9.935876,-0.011423,8.430107,0.002169,-0.007099,-2.821790,-0.083317,2.823019,53|54|55|56|57|58|59,0.5585
6874.183692,-0.321975,-9.938564,-0.011559,8.443859,0.001822,-0.007154,-2.834083,-0.079773,2.835205,53|54|55|56|57|58|59,0.5573
6874.200359,-0.323453,-9.949734,-0.012286,8.443859,0.001822,-0.007154,-2.828011,-0.080573,2.829159,54|55|56|57|58|59,0.5605
6874.217025,-0.325420,-9.960526,-0.011828,8.457664,0.001432,-0.007112,-2.835950,-0.081248,2.837114,54|55|56|57|58|59,0.5605
6874.233692,-0.325420,-9.960526,-0.011828,8.464602,0.001204,-0.007155,-2.842889,-0.081020,2.844043,54|55|56|57|58|59,0.5605
6874.250359,-0.327438,-9.969778,-0.011684,8.464602,0.001204,-0.007155,-2.837860,-0.082113,2.839048,54|55|56|57|58|59,0.5600
6874.267025,-0.332262,-9.988508,-0.011838,8.478176,0.001738,-0.006952,-2.841253,-0.085264,2.842532,54|55|56|57|58|59,0.5603
6874.283692,-0.332262,-9.988508,-0.011837,8.485109,0.001520,-0.006944,-2.848186,-0.085046,2.849455,54|55|56|57|58|59,0.5592
6874.300359,-0.328748,-9.992081,-0.011639,8.492030,0.001289,-0.006886,-2.853166,-0.082904,2.854370,54|55|56|57|58|59,0.5601
6874.317025,-0.326270,-10.011668,-0.011766,8.492030,0.001289,-0.006886,-2.842522,-0.081551,2.843691,54|55|56|57|58|59,0.5613
6874.333692,-0.326268,-10.011667,-0.011763,8.499108,0.001048,-0.006891,-2.849600,-0.081309,2.850760,54|55|56|57|58|59,0.5613
6874.367025,-0.328580,-10.020904,-0.011988,8.513194,0.000998,-0.006840,-2.858665,-0.082512,2.859856,54|55|56|57|58|59,0.5606
6874.383692,-0.331249,-10.045057,-0.011298,8.527338,0.000459,-0.006824,-2.859682,-0.083416,2.860898,54|55|56|57|58|59,0.5616
6874.417025,-0.338275,-10.066350,-0.010881,8.541019,-0.000178,-0.006674,-2.861788,-0.086592,2.863098,54|55|56|57|58|59,0.5629
6874.433692,-0.338276,-10.066350,-0.010879,8.547511,0.000283,-0.006669,-2.868281,-0.087053,2.869602,54|55|56|57|58|59,0.5629
6874.450359,-0.345950,-10.086084,-0.011467,8.547511,0.000283,-0.006669,-2.857553,-0.091218,2.859009,54|55|56|57|58|59,0.5613
6874.467025,-0.338492,-10.085933,-0.011096,8.561911,0.000268,-0.006584,-2.872038,-0.087150,2.873360,54|55|56|57|58|59,0.5610
6874.483692,-0.338494,-10.085931,-0.011093,8.569034,0.000173,-0.006600,-2.879161,-0.087055,2.880477,54|55|56|57|58|59,0.5616
6874.500359,-0.338261,-10.108339,-0.011081,8.576157,0.000074,-0.006632,-2.874107,-0.086823,2.875418,54|55|56|57|58|59,0.5619
6874.517025,-0.338261,-10.108340,-0.011078,8.583125,0.000195,-0.006567,-2.881074,-0.086944,2.882386,54|55|56|57|58|59,0.5638
6874.533692,-0.339301,-10.118417,-0.011224,8.589882,0.000003,-0.006612,-2.882353,-0.087314,2.883675,54|55|56|57|58|59,0.5634
6874.550359,-0.337595,-10.133140,-0.010945,8.589882,0.000003,-0.006612,-2.874352,-0.086382,2.875650,54|55|56|57|58|59,0.5624
6874.567025,-0.339701,-10.140572,-0.010746,8.597007,0.000034,-0.006618,-2.877437,-0.087555,2.878769,54|55|56|57|58|59,0.5628
6874.583692,-0.339702,-10.140572,-0.010746,8.611165,-0.000022,-0.006621,-2.891596,-0.087500,2.892920,54|55|56|57|58|59,0.5631
6874.600359,-0.338646,-10.151769,-0.010280,8.618243,-0.000092,-0.006644,-2.892589,-0.086853,2.893892,54|55|56|57|58|59,0.5631
6874.617025,-0.338476,-10.172776,-0.010211,8.618243,-0.000092,-0.006644,-2.881172,-0.086754,2.882478,54|55|56|57|58|59,0.5625
6874.633692,-0.338477,-10.172777,-0.010213,8.631745,0.000181,-0.006376,-2.894673,-0.087027,2.895981,54|55|56|57|58|59,0.5603
6874.650359,-0.338871,-10.183537,-0.010495,8.638759,-0.000053,-0.006390,-2.895840,-0.087004,2.897147,54|55|56|57|58|59,0.5595
6874.667025,-0.334564,-10.194766,-0.011041,8.638759,-0.000053,-0.006390,-2.889738,-0.084659,2.890978,54|55|56|57|58|59|60|61,0.5479
6874.683692,-0.337301,-10.204477,-0.010559,8.645745,-0.000282,-0.006392,-2.891446,-0.085915,2.892722,54|55|56|57|58|59|60|61,0.5625
6874.700359,-0.339650,-10.213341,-0.010445,8.652928,-0.000526,-0.006271,-2.893811,-0.086945,2.895117,54|55|56|57|58|59|60|61,0.5546
6874.717025,-0.342571,-10.223028,-0.010061,8.666714,0.000611,-0.005921,-2.902331,-0.089667,2.903716,54|55|56|57|58|59|60|61,0.5489
6874.733692,-0.339238,-10.227296,-0.010623,8.673805,0.000456,-0.005901,-2.907103,-0.087698,2.908426,56|57|58|59|60|61,0.5626
6874.750359,-0.326079,-10.237589,-0.010493,8.673805,0.000456,-0.005901,-2.901514,-0.080543,2.902631,56|57|58|59|60|61,0.5630
6874.767025,-0.327749,-10.248554,-0.010444,8.680886,0.000258,-0.005907,-2.902635,-0.081250,2.903772,56|57|58|59|60|61,0.5629
6874.800359,-0.332171,-10.268031,-0.010321,8.695076,-0.000153,-0.005898,-2.906238,-0.083236,2.907429,56|57|58|59|60|61,0.5643
6874.817025,-0.334739,-10.278003,-0.009971,8.708908,0.001201,-0.005491,-2.914650,-0.085983,2.915918,56|57|58|59|60|61,0.5630
6874.833692,-0.327265,-10.280881,-0.009649,8.708908,0.001201,-0.005491,-2.913088,-0.081920,2.914239,56|57|58|59|60|61,0.5623
6874.850359,-0.327267,-10.280881,-0.009650,8.715978,0.000911,-0.005470,-2.920158,-0.081631,2.921299,56|57|58|59|60|61,0.5608
6874.867025,-0.318404,-10.301800,-0.009255,8.730165,0.000213,-0.005508,-2.922978,-0.076110,2.923969,56|57|58|59|60|61,0.5612
6874.883692,-0.318405,-10.301802,-0.009252,8.737019,0.000226,-0.005513,-2.929832,-0.076123,2.930821,56|57|58|59|60|61,0.5622
6874.917025,-0.326693,-10.325571,-0.009374,8.743777,0.000963,-0.005176,-2.923669,-0.081357,2.924801,56|57|58|59|60|61,0.5625
6874.933692,-0.316880,-10.331496,-0.008923,8.757889,0.000773,-0.004885,-2.934564,-0.075833,2.935544,56|57|58|59|60|61,0.5624
6874.967025,-0.316879,-10.331497,-0.008924,8.771799,0.000380,-0.004829,-2.948473,-0.075438,2.949438,56|57|58|59|60|61,0.5641
6875.017025,-0.321741,-10.378857,-0.008963,8.785514,0.001073,-0.004292,-2.936448,-0.078760,2.937504,56|57|58|59|60|61,0.5643
6875.033692,-0.321743,-10.378856,-0.008961,8.799944,0.000534,-0.003965,-2.950879,-0.078222,2.951915,56|57|58|59|60|61,0.5639
6875.050359,-0.317628,-10.397551,-0.008595,8.799944,0.000534,-0.003965,-2.940719,-0.075980,2.941701,56|57|58|59|60|61,0.5646
6875.067025,-0.321672,-10.407608,-0.008272,8.807188,0.000199,-0.003951,-2.942496,-0.077839,2.943526,56|57|58|59|60|61,0.5647
6875.083692,-0.321669,-10.407607,-0.008267,8.821324,0.001060,-0.003997,-2.956633,-0.078699,2.957680,56|57|58|59|60|61,0.5639
6875.100359,-0.325333,-10.422119,-0.008219,8.821324,0.001060,-0.003997,-2.948745,-0.080685,2.949849,56|57|58|59|60|61,0.5645
6875.117025,-0.325332,-10.422117,-0.008217,8.835255,0.000627,-0.003967,-2.962677,-0.080251,2.963764,56|57|58|59|60|61,0.5634
6875.133692,-0.310435,-10.440980,-0.008538,8.835255,0.000627,-0.003967,-2.952430,-0.072149,2.953311,56|57|58|59|60|61,0.5634
6875.150359,-0.318017,-10.450454,-0.008304,8.842258,0.000024,-0.004030,-2.954281,-0.075664,2.955250,56|57|58|59|60|61,0.5640
6875.167025,-0.318017,-10.450456,-0.008307,8.856404,-0.000468,-0.003736,-2.968426,-0.075172,2.969378,56|57|58|59|60|61,0.5649
6875.183692,-0.335190,-10.470752,-0.008821,8.856404,-0.000468,-0.003736,-2.957391,-0.084498,2.958598,56|57|58|59|60|61|62,0.5560
6875.200359,-0.331748,-10.476188,-0.008473,8.870593,-0.000028,-0.003169,-2.968627,-0.083066,2.969789,56|57|58|59|60|61|62,0.5636
6875.233692,-0.325407,-10.495149,-0.007830,8.884550,-0.001036,-0.003230,-2.972281,-0.078607,2.973320,57|58|59|60|61|62,0.5635
6875.267025,-0.338909,-10.510752,-0.008063,8.891155,-0.000629,-0.003618,-2.970402,-0.086346,2.971657,57|58|59|60|61|62,0.5619
6875.300359,-0.338910,-10.510754,-0.008069,8.904805,0.000386,-0.003816,-2.984051,-0.087362,2.985329,57|58|59|60|61|62,0.5615
6875.317025,-0.320284,-10.528721,-0.009053,8.911639,-0.000243,-0.003907,-2.981126,-0.076604,2.982110,57|58|59|60|61|62,0.5625
6875.333692,-0.317452,-10.537110,-0.008770,8.925419,-0.001579,-0.003865,-2.990347,-0.073727,2.991256,57|58|59|60|61|62,0.5624
6875.350359,-0.335923,-10.555367,-0.008455,8.932086,-0.001606,-0.003949,-2.987086,-0.083733,2.988260,57|58|59|60|61|62,0.5620
6875.367025,-0.345325,-10.564886,-0.007772,8.939044,-0.000864,-0.003850,-2.988867,-0.089582,2.990209,57|58|59|60|61|62,0.5614
6875.383692,-0.345324,-10.564885,-0.007772,8.946007,-0.000108,-0.003838,-2.995831,-0.090337,2.997193,57|58|59|60|61|62,0.5618
6875.400359,-0.333727,-10.579632,-0.007668,8.946007,-0.000108,-0.003838,-2.987820,-0.084029,2.989002,57|58|59|60|61|62,0.5610
6875.417025,-0.322370,-10.591158,-0.007955,8.952606,-0.000389,-0.003812,-2.988159,-0.077573,2.989165,57|58|59|60|61|62,0.5608
6875.433692,-0.322370,-10.591158,-0.007955,8.966282,-0.001334,-0.003536,-3.001835,-0.076628,3.002813,57|58|59|60|61|62,0.5626
6875.450359,-0.327159,-10.597569,-0.008288,8.973522,-0.000830,-0.003536,-3.005589,-0.079732,3.006646,57|58|59|60|61|62,0.5616
6875.467025,-0.336561,-10.606716,-0.008446,8.980712,-0.000405,-0.003558,-3.007805,-0.085264,3.009013,57|58|59|60|61|62,0.5629
6875.483692,-0.332087,-10.622866,-0.008223,8.987628,-0.001028,-0.003596,-3.005946,-0.082205,3.007070,57|58|59|60|61|62,0.5630
6875.500359,-0.325799,-10.632949,-0.007834,8.994699,-0.001761,-0.003587,-3.007539,-0.078052,3.008551,57|58|59|60|61|62,0.5631
6875.533692,-0.325797,-10.632950,-0.007832,9.001667,-0.002520,-0.003394,-3.014506,-0.077291,3.015497,57|58|59|60|61|62,0.5631
6875.550359,-0.344697,-10.650506,-0.007932,9.015887,-0.001633,-0.003945,-3.019178,-0.088445,3.020473,57|58|59|60|61|62,0.5630
6875.567025,-0.351158,-10.663327,-0.007561,9.015887,-0.001633,-0.003945,-3.012208,-0.091952,3.013611,57|58|59|60|61|62,0.5623
6875.583692,-0.351159,-10.663327,-0.007560,9.023189,-0.001110,-0.003925,-3.019511,-0.092475,3.020926,57|58|59|60|61|62,0.5631
6875.600359,-0.339949,-10.675453,-0.007936,9.037281,-0.002184,-0.003968,-3.027016,-0.085306,3.028218,57|58|59|60|61|62,0.5621
6875.617025,-0.332979,-10.685692,-0.008145,9.044129,-0.002459,-0.003956,-3.028301,-0.081239,3.029391,57|58|59|60|61|62,0.5624
6875.633692,-0.347949,-10.704646,-0.008435,9.044129,-0.002459,-0.003956,-3.017995,-0.089369,3.019318,57|58|59|60|61|62,0.5622
6875.650359,-0.351234,-10.709912,-0.008222,9.051094,-0.001951,-0.004329,-3.022097,-0.091661,3.023487,57|58|59|60|61|62,0.5622
6875.667025,-0.351234,-10.709912,-0.008221,9.065248,-0.001946,-0.004297,-3.036252,-0.091666,3.037635,57|58|59|60|61|62,0.5628
6875.683692,-0.342229,-10.719967,-0.008193,9.065248,-0.001946,-0.004297,-3.030790,-0.086769,3.032032,57|58|59|60|61|62,0.5635
6875.717025,-0.335195,-10.730202,-0.008022,9.079279,-0.002916,-0.004207,-3.039260,-0.081972,3.040366,57|58|59|60|61|62,0.5647
6875.733692,-0.348134,-10.749121,-0.008992,9.092973,-0.001900,-0.004136,-3.042668,-0.090014,3.043999,57|58|59|60|61|62|63|64,0.5622
6875.750359,-0.354957,-10.758068,-0.009108,9.100015,-0.001122,-0.004110,-3.044846,-0.094498,3.046312,57|58|59|60|61|62|63|64,0.5620
6875.767025,-0.339236,-10.772707,-0.009363,9.100015,-0.001122,-0.004110,-3.036895,-0.085949,3.038111,59|60|61|62|63|64,0.5614
6875.800359,-0.337999,-10.791311,-0.009041,9.120805,-0.002561,-0.003815,-3.047574,-0.083832,3.048727,59|60|61|62|63|64,0.5620
6875.817025,-0.347708,-10.800911,-0.008904,9.120805,-0.002561,-0.003815,-3.042354,-0.089106,3.043659,59|60|61|62|63|64,0.5617
6875.833692,-0.347945,-10.804228,-0.008660,9.128099,-0.001820,-0.003810,-3.047845,-0.089975,3.049172,59|60|61|62|63|64,0.5627
6875.850359,-0.337072,-10.816370,-0.008730,9.142078,-0.001025,-0.003835,-3.055228,-0.084856,3.056406,59|60|61|62|63|64,0.5620
6875.867025,-0.326451,-10.829087,-0.009110,9.149063,-0.001735,-0.003872,-3.055306,-0.078371,3.056311,59|60|61|62|63|64,0.5609
6875.883692,-0.325439,-10.835430,-0.009148,9.156125,-0.002426,-0.003850,-3.058920,-0.077128,3.059892,59|60|61|62|63|64,0.5628
6875.900359,-0.335377,-10.844609,-0.009162,9.163074,-0.002279,-0.004259,-3.060877,-0.082673,3.061993,59|60|61|62|63|64,0.5622
6875.917025,-0.335377,-10.844609,-0.009163,9.170510,-0.001664,-0.004255,-3.068314,-0.083288,3.069444,59|60|61|62|63|64,0.5619
6875.933692,-0.340810,-10.858952,-0.009619,9.170510,-0.001664,-0.004255,-3.060516,-0.086236,3.061731,59|60|61|62|63|64,0.5615
6875.950359,-0.340810,-10.858952,-0.009619,9.184345,-0.001027,-0.004112,-3.074352,-0.086874,3.075579,59|60|61|62|63|64,0.5609
6875.967025,-0.322491,-10.883183,-0.008883,9.191361,-0.001842,-0.004177,-3.068204,-0.076095,3.069147,59|60|61|62|63|64,0.5600
6875.983692,-0.322491,-10.883183,-0.008883,9.198057,-0.002205,-0.004201,-3.074900,-0.075732,3.075832,59|60|61|62|63|64,0.5611
6876.000359,-0.333369,-10.897819,-0.009156,9.205067,-0.001514,-0.004410,-3.073952,-0.082330,3.075055,59|60|61|62|63|64,0.5601
6876.017025,-0.338041,-10.899852,-0.009009,9.205067,-0.001514,-0.004410,-3.072846,-0.084869,3.074018,59|60|61|62|63|64,0.5612
6876.033692,-0.327388,-10.907274,-0.009187,9.212406,-0.000676,-0.004269,-3.076155,-0.079914,3.077193,59|60|61|62|63|64,0.5620
6876.050359,-0.315003,-10.921855,-0.008681,9.226269,-0.001013,-0.004269,-3.082097,-0.072842,3.082958,59|60|61|62|63|64,0.5610
6876.067025,-0.315005,-10.921854,-0.008681,9.226269,-0.001013,-0.004269,-3.082098,-0.072843,3.082958,59|60|61|62|63|64,0.5623
6876.083692,-0.310907,-10.931378,-0.008604,9.240141,-0.002024,-0.004312,-3.090795,-0.069602,3.091578,59|60|61|62|63|64,0.5619
6876.100359,-0.319906,-10.940746,-0.009097,9.240141,-0.002024,-0.004312,-3.085701,-0.074490,3.086600,59|60|61|62|63|64,0.5603
6876.117025,-0.333108,-10.955210,-0.009321,9.247269,-0.001570,-0.003911,-3.084964,-0.082114,3.086057,59|60|61|62|63|64,0.5615
6876.150359,-0.333108,-10.955210,-0.009323,9.261217,-0.001174,-0.003484,-3.098912,-0.082511,3.100010,59|60|61|62|63|64,0.5618
6876.167025,-0.319430,-10.978674,-0.007970,9.275304,-0.002213,-0.003356,-3.100252,-0.074030,3.101135,59|60|61|62|63|64,0.5627
6876.200359,-0.334640,-10.998967,-0.007782,9.282485,-0.001750,-0.003269,-3.096398,-0.082753,3.097504,59|60|61|62|63|64,0.5647
6876.250359,-0.315528,-11.033026,-0.007777,9.303304,-0.001564,-0.003154,-3.098713,-0.072541,3.099562,59|60|61|62|63|64|65,0.5621
6876.267025,-0.315527,-11.033024,-0.007779,9.317646,-0.002713,-0.003273,-3.113056,-0.071392,3.113874,59|60|61|62|63|64|65,0.5629
6876.283692,-0.339104,-11.044519,-0.007351,9.325107,-0.002587,-0.003274,-3.114262,-0.084329,3.115404,59|60|61|62|63|64|65,0.5538
6876.317025,-0.337520,-11.065380,-0.007635,9.332287,-0.002512,-0.003064,-3.110105,-0.083536,3.111227,60|61|62|63|64|65,0.5632
6876.333692,-0.336070,-11.075925,-0.007321,9.339303,-0.002543,-0.003045,-3.111391,-0.082714,3.112491,60|61|62|63|64|65,0.5618
6876.350359,-0.336156,-11.085784,-0.007210,9.352353,-0.002821,-0.003698,-3.119083,-0.082480,3.120173,60|61|62|63|64|65,0.5597
6876.367025,-0.336157,-11.085783,-0.007213,9.359442,-0.002577,-0.004176,-3.126172,-0.082724,3.127267,60|61|62|63|64|65,0.5606
6876.400359,-0.341689,-11.084291,-0.007475,9.366451,-0.002246,-0.004249,-3.133991,-0.086062,3.135172,60|61|62|63|64|65,0.5622
6876.417025,-0.327353,-11.118407,-0.009426,9.373446,-0.001987,-0.004332,-3.122449,-0.078519,3.123436,60|61|62|63|64|65,0.5623
6876.433692,-0.327355,-11.118407,-0.009427,9.386922,-0.003729,-0.004359,-3.135924,-0.076778,3.136864,60|61|62|63|64|65,0.5605
6876.450359,-0.332470,-11.132662,-0.008622,9.393629,-0.003906,-0.004360,-3.134883,-0.079376,3.135888,60|61|62|63|64|65,0.5609
6876.467025,-0.332470,-11.132660,-0.008625,9.400750,-0.003582,-0.004289,-3.142005,-0.079700,3.143016,60|61|62|63|64|65,0.5615
6876.483692,-0.348045,-11.141966,-0.009058,9.400750,-0.003582,-0.004289,-3.136943,-0.088162,3.138182,60|61|62|63|64|65,0.5634
6876.500359,-0.344729,-11.158459,-0.008720,9.407868,-0.003257,-0.004250,-3.135098,-0.086680,3.136296,60|61|62|63|64|65,0.5636
6876.517025,-0.339920,-11.170057,-0.008561,9.415018,-0.003009,-0.004223,-3.135947,-0.084311,3.137080,60|61|62|63|64|65,0.5636
6876.533692,-0.336357,-11.180929,-0.009238,9.422021,-0.002923,-0.004130,-3.137042,-0.082457,3.138125,60|61|62|63|64|65,0.5611
6876.583692,-0.336357,-11.180929,-0.009239,9.450039,-0.002986,-0.003724,-3.165060,-0.082394,3.166132,60|61|62|63|64|65,0.5626
6876.600359,-0.336957,-11.202025,-0.008355,9.450039,-0.002986,-0.003724,-3.153595,-0.082713,3.154679,60|61|62|63|64|65,0.5632
6876.617025,-0.335889,-11.213214,-0.008159,9.464071,-0.004403,-0.003800,-3.161545,-0.080713,3.162575,60|61|62|63|64|65,0.5626
6876.633692,-0.335566,-11.223799,-0.008266,9.470929,-0.004467,-0.003875,-3.162652,-0.080470,3.163675,60|61|62|63|64|65,0.5631
6876.650359,-0.354678,-11.236521,-0.008180,9.478063,-0.004108,-0.003712,-3.162865,-0.091212,3.164179,60|61|62|63|64|65,0.5631
6876.667025,-0.354679,-11.236522,-0.008180,9.485148,-0.003774,-0.003695,-3.169950,-0.091546,3.171271,60|61|62|63|64|65,0.5634
6876.683692,-0.349549,-11.254330,-0.007975,9.492225,-0.003525,-0.003754,-3.167350,-0.089002,3.168600,60|61|62|63|64|65,0.5633
6876.700359,-0.344223,-11.266150,-0.007939,9.492225,-0.003525,-0.003754,-3.160927,-0.086103,3.162100,60|61|62|63|64|65,0.5643
6876.717025,-0.344223,-11.266151,-0.007937,9.505732,-0.004494,-0.003828,-3.174434,-0.085134,3.175575,60|61|62|63|64|65,0.5626
6876.733692,-0.340493,-11.277005,-0.007816,9.505732,-0.004494,-0.003828,-3.168536,-0.083104,3.169626,60|61|62|63|64|65,0.5630
6876.750359,-0.353532,-11.286288,-0.007653,9.512848,-0.004254,-0.003811,-3.170603,-0.090427,3.171892,60|61|62|63|64|65,0.5641
6876.767025,-0.349994,-11.299111,-0.009077,9.520023,-0.004039,-0.003806,-3.170810,-0.088715,3.172051,60|61|62|63|64|65|66|67,0.5512
6876.783692,-0.349982,-11.299189,-0.009154,9.527150,-0.003918,-0.003820,-3.177894,-0.088829,3.179136,60|61|62|63|64|65|66|67,0.5643
6876.800359,-0.344696,-11.320865,-0.008808,9.534015,-0.004218,-0.003829,-3.172980,-0.085650,3.174136,60|61|62|63|64|65|66|67,0.5524
6876.817025,-0.348600,-11.326344,-0.009425,9.540943,-0.005158,-0.003711,-3.176930,-0.086830,3.178117,62|63|64|65|66|67,0.5626
6876.833692,-0.361773,-11.335736,-0.009485,9.554861,-0.004712,-0.003645,-3.185740,-0.094432,3.187139,62|63|64|65|66|67,0.5633
6876.867025,-0.361771,-11.335730,-0.009479,9.569354,-0.003778,-0.003541,-3.200236,-0.095365,3.201656,62|63|64|65|66|67,0.5632
6876.883692,-0.347358,-11.363715,-0.009114,9.576074,-0.003768,-0.003424,-3.191751,-0.087534,3.192951,62|63|64|65|66|67,0.5620
6876.900359,-0.347360,-11.363718,-0.009115,9.576074,-0.003768,-0.003424,-3.191749,-0.087535,3.192949,62|63|64|65|66|67,0.5605
6876.917025,-0.340713,-11.378344,-0.009008,9.583134,-0.003719,-0.003348,-3.190862,-0.083967,3.191967,62|63|64|65|66|67,0.5611
6876.933692,-0.339964,-11.387943,-0.008470,9.590095,-0.003700,-0.003266,-3.192607,-0.083576,3.193700,62|63|64|65|66|67,0.5622
6876.950359,-0.339964,-11.387944,-0.008471,9.604017,-0.003658,-0.003321,-3.206529,-0.083617,3.207619,62|63|64|65|66|67,0.5636
6876.983692,-0.338123,-11.417122,-0.008334,9.617684,-0.003834,-0.003251,-3.204338,-0.082432,3.205399,62|63|64|65|66|67,0.5628
6877.000359,-0.336924,-11.427030,-0.008625,9.617684,-0.003834,-0.003251,-3.198955,-0.081777,3.200000,62|63|64|65|66|67,0.5616
6877.017025,-0.340086,-11.431039,-0.008654,9.632069,-0.003923,-0.003104,-3.211159,-0.083405,3.212242,62|63|64|65|66|67,0.5620
6877.033692,-0.340085,-11.431039,-0.008653,9.639394,-0.003903,-0.003069,-3.218484,-0.083425,3.219565,62|63|64|65|66|67,0.5641
6877.050359,-0.340545,-11.450451,-0.008616,9.646289,-0.003995,-0.002908,-3.214829,-0.083576,3.215915,62|63|64|65|66|67,0.5637
6877.067025,-0.340542,-11.450451,-0.008622,9.653191,-0.003922,-0.002606,-3.221732,-0.083648,3.222817,62|63|64|65|66|67,0.5619
6877.083692,-0.340923,-11.471810,-0.008777,9.653191,-0.003922,-0.002606,-3.210123,-0.083848,3.211218,62|63|64|65|66|67,0.5608
6877.100359,-0.338520,-11.479425,-0.008189,9.666396,-0.003163,-0.001808,-3.219190,-0.083299,3.220267,62|63|64|65|66|67,0.5598
6877.117025,-0.332396,-11.480102,-0.007691,9.666396,-0.003163,-0.001808,-3.218824,-0.079970,3.219817,62|63|64|65|66|67,0.5605
6877.167025,-0.332396,-11.480102,-0.007684,9.684193,-0.002076,0.001364,-3.236621,-0.081057,3.237636,62|63|64|65|66|67,0.5622
6877.183692,-0.324458,-11.519817,-0.005728,9.684193,-0.002076,0.001364,-3.215040,-0.076731,3.215955,62|63|64|65|66|67,0.5631
6877.233692,-0.323731,-11.516106,-0.003993,9.684954,-0.002072,0.001637,-3.217817,-0.076342,3.218723,62|63|64|65|66|67,0.5623
6877.250359,-0.323731,-11.516107,-0.003994,9.684869,-0.002145,0.001637,-3.217732,-0.076269,3.218636,62|63|64|65|66|67,0.5625
6877.267025,-0.324274,-11.515645,-0.004272,9.684618,-0.002360,0.001631,-3.217732,-0.076348,3.218637,62|63|64|65|66|67,0.5634
6877.283692,-0.325250,-11.514298,-0.004236,9.684611,-0.002361,0.001631,-3.218457,-0.076878,3.219375,62|63|64|65|66|67,0.5623
6877.333692,-0.328206,-11.510900,-0.004677,9.684597,-0.002362,0.001632,-3.220288,-0.078485,3.221245,62|63|64|65|66|67,0.5605
6877.350359,-0.328382,-11.511161,-0.004329,9.684597,-0.002362,0.001632,-3.220146,-0.078581,3.221105,62|63|64|65|66|67,0.5603
6877.383692,-0.328382,-11.511161,-0.004328,9.693751,-0.001352,0.003196,-3.229301,-0.079591,3.230282,62|63|64|65|66|67,0.5631
6877.400359,-0.323370,-11.509811,-0.003917,9.699534,-0.001562,0.002566,-3.235819,-0.076657,3.236727,62|63|64|65|66|67,0.5637
6877.417025,-0.318526,-11.513859,-0.003574,9.706338,-0.002100,0.002651,-3.240424,-0.073485,3.241257,62|63|64|65|66|67,0.5624
6877.433692,-0.319485,-11.532158,-0.003722,9.706338,-0.002100,0.002651,-3.230478,-0.074001,3.231326,62|63|64|65|66|67,0.5620
6877.450359,-0.319484,-11.532158,-0.003722,9.713778,-0.002118,0.002743,-3.237919,-0.073982,3.238764,62|63|64|65|66|67,0.5626
6877.467025,-0.327293,-11.551558,-0.003831,9.721197,-0.002191,0.002748,-3.234792,-0.078148,3.235735,62|63|64|65|66|67,0.5637
6877.500359,-0.331180,-11.574685,-0.002822,9.742084,-0.001997,0.003454,-3.243109,-0.080446,3.244107,62|63|64|65|66|67|68,0.5558
6877.517025,-0.328409,-11.580014,-0.001903,9.742084,-0.001997,0.003454,-3.240214,-0.078938,3.241175,62|63|64|65|66|67|68,0.5619
6877.533692,-0.326766,-11.585974,-0.001808,9.749121,-0.002120,0.003508,-3.244012,-0.077921,3.244948,62|63|64|65|66|67|68,0.5622
6877.567025,-0.329108,-11.606857,-0.002182,9.763144,-0.002184,0.003524,-3.246684,-0.079124,3.247648,63|64|65|66|67|68,0.5640
6877.583692,-0.329108,-11.606855,-0.002181,9.777099,-0.001981,0.003660,-3.260640,-0.079326,3.261605,63|64|65|66|67|68,0.5633
6877.600359,-0.331172,-11.627216,-0.001999,9.784100,-0.002284,0.003822,-3.256575,-0.080139,3.257561,63|64|65|66|67|68,0.5628
6877.617025,-0.331172,-11.627219,-0.002000,9.791443,-0.002548,0.003873,-3.263916,-0.079875,3.264894,63|64|65|66|67|68,0.5628
6877.633692,-0.332830,-11.638181,-0.002477,9.791443,-0.002548,0.003873,-3.257958,-0.080772,3.258959,63|64|65|66|67|68,0.5635
6877.667025,-0.332829,-11.638180,-0.002476,9.812122,-0.002835,0.004041,-3.278638,-0.080485,3.279625,63|64|65|66|67|68,0.5638
6877.683692,-0.346608,-11.669745,-0.002042,9.818928,-0.002030,0.003482,-3.268285,-0.088768,3.269490,63|64|65|66|67|68,0.5625
6877.717025,-0.329102,-11.680253,-0.002773,9.826353,-0.002052,0.003562,-3.270004,-0.079230,3.270964,63|64|65|66|67|68,0.5635
6877.733692,-0.330013,-11.692730,-0.002621,9.833688,-0.002171,0.003557,-3.270558,-0.079602,3.271526,63|64|65|66|67|68,0.5642
6877.750359,-0.331994,-11.703591,-0.002461,9.840979,-0.002296,0.003523,-3.271946,-0.080549,3.272937,63|64|65|66|67|68,0.5629
6877.767025,-0.331994,-11.703589,-0.002459,9.854857,-0.002287,0.003460,-3.285825,-0.080559,3.286812,63|64|65|66|67|68,0.5621
6877.783692,-0.334146,-11.714499,-0.002799,9.861412,-0.002603,0.003576,-3.286450,-0.081409,3.287458,63|64|65|66|67|68,0.5614
6877.800359,-0.334876,-11.726524,-0.003272,9.868543,-0.002676,0.003562,-3.287046,-0.081729,3.288062,63|64|65|66|67|68,0.5608
6877.817025,-0.334878,-11.726522,-0.003271,9.868543,-0.002676,0.003562,-3.287046,-0.081730,3.288062,63|64|65|66|67|68,0.5625
6877.833692,-0.341864,-11.745145,-0.002938,9.882817,-0.002929,0.003635,-3.291197,-0.085267,3.292301,63|64|65|66|67|68,0.5629
6877.850359,-0.344052,-11.755853,-0.002622,9.889868,-0.002765,0.003746,-3.292428,-0.086618,3.293567,63|64|65|66|67|68,0.5637
6877.867025,-0.345985,-11.766317,-0.002282,9.896631,-0.002182,0.003637,-3.293503,-0.088248,3.294685,63|64|65|66|67|68,0.5635
6877.883692,-0.345985,-11.766318,-0.002281,9.903786,-0.001499,0.003711,-3.300658,-0.088931,3.301855,63|64|65|66|67|68,0.5637
6877.917025,-0.327152,-11.787616,-0.002228,9.910787,-0.001830,0.003709,-3.296090,-0.078358,3.297021,63|64|65|66|67|68,0.5635
6877.933692,-0.327151,-11.787616,-0.002227,9.924913,-0.002522,0.003684,-3.310215,-0.077666,3.311126,63|64|65|66|67|68,0.5647
6877.967025,-0.332371,-11.797470,-0.002476,9.938702,-0.002443,0.003792,-3.318647,-0.080578,3.319625,63|64|65|66|67|68,0.5618
6878.000359,-0.343043,-11.817595,-0.002062,9.953209,-0.002707,0.003852,-3.322213,-0.086108,3.323329,63|64|65|66|67|68,0.5621
6878.033692,-0.343111,-11.829307,-0.002484,9.967062,-0.002877,0.004163,-3.329701,-0.085971,3.330811,63|64|65|66|67|68,0.5635
6878.050359,-0.351008,-11.864607,-0.002902,9.967062,-0.002877,0.004163,-3.310513,-0.090252,3.311743,63|64|65|66|67|68|69|70,0.5593
6878.067025,-0.349641,-11.870765,-0.002503,9.973757,-0.002443,0.004073,-3.313863,-0.089941,3.315084,63|64|65|66|67|68|69|70,0.5541
6878.083692,-0.349640,-11.870781,-0.002502,9.988049,-0.002612,0.003985,-3.328146,-0.089772,3.329357,63|64|65|66|67|68|69|70,0.5531
6878.100359,-0.343692,-11.874231,-0.002116,9.995098,-0.002804,0.003961,-3.333322,-0.086346,3.334440,65|66|67|68|69|70,0.5645
6878.117025,-0.344219,-11.886322,-0.002382,10.002258,-0.002989,0.003889,-3.333910,-0.086444,3.335031,65|66|67|68|69|70,0.5651
6878.133692,-0.350310,-11.906628,-0.002334,10.002258,-0.002989,0.003889,-3.322872,-0.089748,3.324084,65|66|67|68|69|70,0.5648
6878.150359,-0.353313,-11.916794,-0.002520,10.009175,-0.003083,0.003767,-3.324264,-0.091282,3.325517,65|66|67|68|69|70,0.5635
6878.167025,-0.355201,-11.922004,-0.002443,10.015813,-0.003313,0.003636,-3.328070,-0.092077,3.329343,65|66|67|68|69|70,0.5623
6878.183692,-0.358591,-11.926887,-0.002185,10.023034,-0.003143,0.003632,-3.332636,-0.094088,3.333964,65|66|67|68|69|70,0.5643
6878.200359,-0.358591,-11.926886,-0.002186,10.037507,-0.002836,0.003746,-3.347109,-0.094395,3.348440,65|66|67|68|69|70,0.5635
6878.217025,-0.355040,-11.951151,-0.002341,10.037507,-0.002836,0.003746,-3.333923,-0.092457,3.335205,65|66|67|68|69|70,0.5635
6878.233692,-0.353421,-11.961951,-0.002280,10.044403,-0.002265,0.003765,-3.334950,-0.092145,3.336223,65|66|67|68|69|70,0.5620
6878.250359,-0.353421,-11.961953,-0.002282,10.051103,-0.001348,0.003701,-3.341649,-0.093063,3.342945,65|66|67|68|69|70,0.5628
6878.267025,-0.345803,-11.966277,-0.002521,10.065533,-0.001488,0.003730,-3.353732,-0.088781,3.354907,65|66|67|68|69|70,0.5638
6878.283692,-0.330747,-11.982848,-0.002517,10.065533,-0.001488,0.003730,-3.344730,-0.080593,3.345701,65|66|67|68|69|70,0.5644
6878.300359,-0.330748,-11.982846,-0.002516,10.079716,-0.001886,0.003643,-3.358914,-0.080196,3.359871,65|66|67|68|69|70,0.5654
6878.317025,-0.336268,-11.992772,-0.002367,10.079716,-0.001886,0.003643,-3.353518,-0.083192,3.354549,65|66|67|68|69|70,0.5652
6878.333692,-0.339438,-12.002615,-0.002229,10.086617,-0.001733,0.003661,-3.355068,-0.085065,3.356146,65|66|67|68|69|70,0.5643
6878.383692,-0.337237,-12.037241,-0.003401,10.108291,-0.001594,0.003893,-3.357924,-0.083997,3.358975,65|66|67|68|69|70,0.5624
6878.400359,-0.340865,-12.047591,-0.002957,10.122560,-0.001916,0.003995,-3.366568,-0.085643,3.367657,65|66|67|68|69|70,0.5619
6878.417025,-0.344487,-12.057897,-0.003458,10.122560,-0.001916,0.003995,-3.360966,-0.087608,3.362107,65|66|67|68|69|70,0.5618
6878.433692,-0.345671,-12.065507,-0.002876,10.128932,-0.001350,0.004129,-3.363201,-0.088816,3.364374,65|66|67|68|69|70,0.5623
6878.450359,-0.345671,-12.065510,-0.002874,10.136028,-0.000276,0.004529,-3.370295,-0.089889,3.371493,65|66|67|68|69|70,0.5638
6878.467025,-0.324141,-12.075414,-0.001411,10.150976,-0.000016,0.004607,-3.379867,-0.078446,3.380778,65|66|67|68|69|70,0.5634
6878.483692,-0.321160,-12.090495,-0.001603,10.150976,-0.000016,0.004607,-3.371672,-0.076821,3.372547,65|66|67|68|69|70,0.5642
6878.500359,-0.321161,-12.090496,-0.001602,10.165631,0.000310,0.004688,-3.386327,-0.077147,3.387205,65|66|67|68|69|70,0.5626
6878.517025,-0.321764,-12.101644,-0.001630,10.172344,0.000372,0.004893,-3.386981,-0.077533,3.387868,65|66|67|68|69|70,0.5627
6878.533692,-0.317817,-12.119875,-0.001605,10.179537,0.000031,0.005057,-3.384267,-0.075042,3.385099,65|66|67|68|69|70,0.5631
6878.550359,-0.317483,-12.121204,-0.002433,10.186799,-0.000229,0.005101,-3.390807,-0.074600,3.391628,65|66|67|68|69|70|71,0.5557
6878.567025,-0.317837,-12.125251,-0.001620,10.194068,-0.000515,0.005127,-3.395876,-0.074504,3.396693,65|66|67|68|69|70|71,0.5638
6878.583692,-0.323211,-12.134824,-0.001562,10.201142,-0.000687,0.005348,-3.397746,-0.077251,3.398624,65|66|67|68|69|70|71,0.5588
6878.600359,-0.327468,-12.145292,-0.001259,10.207816,-0.000240,0.005432,-3.398729,-0.080008,3.399671,66|67|68|69|70|71,0.5657
6878.617025,-0.334548,-12.163319,-0.000832,10.207816,-0.000240,0.005432,-3.388929,-0.083851,3.389966,66|67|68|69|70|71,0.5649
6878.633692,-0.334549,-12.163320,-0.000830,10.215025,0.000147,0.005544,-3.396138,-0.084238,3.397183,66|67|68|69|70|71,0.5647
6878.650359,-0.324567,-12.179526,-0.000755,10.222153,-0.000079,0.005601,-3.394461,-0.078581,3.395371,66|67|68|69|70|71,0.5641
6878.667025,-0.324567,-12.179526,-0.000754,10.236207,-0.000578,0.005588,-3.408515,-0.078083,3.409410,66|67|68|69|70|71,0.5648
6878.700359,-0.336714,-12.209387,-0.000277,10.243276,-0.000509,0.005664,-3.399352,-0.084744,3.400408,66|67|68|69|70|71,0.5629
6878.717025,-0.336714,-12.209389,-0.000276,10.257496,-0.000109,0.006153,-3.413571,-0.085144,3.414633,66|67|68|69|70|71,0.5621
6878.733692,-0.335920,-12.215313,0.000065,10.264741,-0.000611,0.006232,-3.417596,-0.084209,3.418634,66|67|68|69|70|71,0.5611
6878.750359,-0.332930,-12.232004,0.000756,10.264741,-0.000611,0.006232,-3.408526,-0.082579,3.409527,66|67|68|69|70|71,0.5624
6878.767025,-0.341021,-12.242476,0.000665,10.271868,-0.001131,0.006171,-3.409960,-0.086453,3.411056,66|67|68|69|70|71,0.5624
6878.783692,-0.348932,-12.252634,0.000725,10.278502,-0.000997,0.006221,-3.411070,-0.090883,3.412281,66|67|68|69|70|71,0.5624
6878.800359,-0.347199,-12.253846,0.000266,10.285289,-0.000333,0.005486,-3.417200,-0.090605,3.418401,66|67|68|69|70|71,0.5632
6878.817025,-0.335638,-12.264121,-0.000648,10.299702,0.000111,0.005301,-3.426032,-0.084762,3.427080,66|67|68|69|70|71,0.5619
6878.833692,-0.326172,-12.275854,-0.000588,10.306925,-0.000199,0.005279,-3.426881,-0.079304,3.427798,66|67|68|69|70|71,0.5613
6878.867025,-0.336049,-12.297541,-0.001842,10.314128,-0.000526,0.005217,-3.422294,-0.084338,3.423333,66|67|68|69|70|71,0.5626
6878.883692,-0.336049,-12.297541,-0.001843,10.327517,0.000093,0.005172,-3.435683,-0.084957,3.436734,66|67|68|69|70|71,0.5613
6878.900359,-0.339203,-12.313315,-0.001557,10.334577,-0.000178,0.005132,-3.434170,-0.086396,3.435257,66|67|68|69|70|71,0.5612
6878.917025,-0.333184,-12.317311,-0.001009,10.341625,-0.000441,0.005145,-3.439048,-0.082860,3.440046,66|67|68|69|70|71,0.5613
6878.933692,-0.333183,-12.317309,-0.001005,10.348691,-0.000703,0.005207,-3.446115,-0.082598,3.447104,66|67|68|69|70|71,0.5624
6878.967025,-0.337771,-12.328596,-0.001120,10.362451,-0.000393,0.005201,-3.453739,-0.085397,3.454795,66|67|68|69|70|71,0.5635
6878.983692,-0.348038,-12.356076,-0.000172,10.369663,0.000579,0.005154,-3.446013,-0.091941,3.447239,66|67|68|69|70|71,0.5616
6879.000359,-0.342322,-12.360850,-0.000028,10.369663,0.000579,0.005154,-3.443420,-0.088833,3.444566,66|67|68|69|70|71,0.5607
6879.017025,-0.342322,-12.360850,-0.000028,10.376558,0.000733,0.005210,-3.450316,-0.088987,3.451463,66|67|68|69|70|71,0.5610
6879.033692,-0.328263,-12.380887,-0.000664,10.383534,0.000245,0.005175,-3.446406,-0.080851,3.447355,66|67|68|69|70|71,0.5625
6879.067025,-0.328263,-12.380887,-0.000664,10.404278,0.000093,0.004910,-3.467150,-0.080699,3.468089,66|67|68|69|70|71,0.5634
6879.100359,-0.338501,-12.411417,-0.001124,10.411820,-0.000027,0.004889,-3.458097,-0.086135,3.459169,66|67|68|69|70|71|72|73,0.5636
6879.117025,-0.338515,-12.412115,-0.001382,10.426143,-0.000527,0.004957,-3.472041,-0.085642,3.473097,68|69|70|71|72|73,0.5645
6879.133692,-0.345033,-12.436324,-0.000461,10.426143,-0.000527,0.004957,-3.458881,-0.089177,3.460031,68|69|70|71|72|73,0.5645
6879.150359,-0.349210,-12.446925,0.000049,10.433150,-0.000753,0.004982,-3.460125,-0.091218,3.461328,68|69|70|71|72|73,0.5640
6879.167025,-0.349210,-12.446924,0.000052,10.446879,0.000183,0.004986,-3.473855,-0.092153,3.475077,68|69|70|71|72|73,0.5627
6879.183692,-0.349040,-12.458010,-0.000554,10.454006,-0.000126,0.004940,-3.474957,-0.091748,3.476168,68|69|70|71|72|73,0.5637
6879.200359,-0.349040,-12.458009,-0.000555,10.454006,-0.000126,0.004940,-3.474958,-0.091748,3.476169,68|69|70|71|72|73,0.5642
6879.217025,-0.345123,-12.480350,-0.000303,10.468238,-0.000746,0.004745,-3.477049,-0.088993,3.478188,68|69|70|71|72|73,0.5652
6879.250359,-0.345122,-12.480347,-0.000300,10.482024,-0.000678,0.004639,-3.490837,-0.089061,3.491973,68|69|70|71|72|73,0.5641
6879.267025,-0.357125,-12.508516,-0.000447,10.489224,-0.000728,0.004491,-3.482724,-0.095525,3.484034,68|69|70|71|72|73,0.5623
6879.283692,-0.355049,-12.512325,-0.000930,10.489224,-0.000728,0.004491,-3.480655,-0.094396,3.481935,68|69|70|71|72|73,0.5633
6879.300359,-0.355048,-12.512324,-0.000928,10.496518,-0.000702,0.004526,-3.487949,-0.094422,3.489227,68|69|70|71|72|73,0.5639
6879.333692,-0.355992,-12.523700,-0.001661,10.517370,0.000547,0.004579,-3.502618,-0.096179,3.503938,68|69|70|71|72|73,0.5627
6879.350359,-0.356602,-12.546421,-0.002285,10.517370,0.000547,0.004579,-3.490269,-0.096504,3.491603,68|69|70|71|72|73,0.5624
6879.367025,-0.340384,-12.553253,-0.001386,10.524763,0.001473,0.004520,-3.493954,-0.088614,3.495078,68|69|70|71|72|73,0.5635
6879.383692,-0.328345,-12.566879,-0.001952,10.538925,0.000793,0.004459,-3.500715,-0.081386,3.501661,68|69|70|71|72|73,0.5644
6879.400359,-0.334414,-12.576882,-0.001737,10.538925,0.000793,0.004459,-3.495277,-0.084681,3.496303,68|69|70|71|72|73,0.5650
6879.417025,-0.338932,-12.586756,-0.001047,10.553013,0.000508,0.004402,-3.503996,-0.086849,3.505072,68|69|70|71|72|73,0.5646
6879.433692,-0.343657,-12.597069,-0.001044,10.553013,0.000508,0.004402,-3.498390,-0.089414,3.499532,68|69|70|71|72|73,0.5642
6879.450359,-0.343784,-12.602124,-0.000844,10.567357,0.001172,0.004276,-3.509987,-0.090145,3.511145,68|69|70|71|72|73,0.5626
6879.467025,-0.343784,-12.602124,-0.000845,10.567357,0.001172,0.004276,-3.509987,-0.090146,3.511144,68|69|70|71|72|73,0.5621
6879.483692,-0.335064,-12.621458,-0.000613,10.574614,0.000881,0.004316,-3.506739,-0.085109,3.507772,68|69|70|71|72|73,0.5632
6879.500359,-0.339741,-12.631795,-0.000884,10.581865,0.000578,0.004358,-3.508371,-0.087344,3.509458,68|69|70|71|72|73,0.5641
6879.517025,-0.344487,-12.641918,-0.000973,10.595252,0.000871,0.004539,-3.516254,-0.090213,3.517411,68|69|70|71|72|73,0.5627
6879.533692,-0.347969,-12.650962,-0.001681,10.602140,0.002140,0.004620,-3.518226,-0.093373,3.519465,68|69|70|71|72|73,0.5615
6879.550359,-0.341285,-12.650027,-0.001828,10.602140,0.002140,0.004620,-3.518736,-0.089740,3.519880,68|69|70|71|72|73,0.5631
6879.567025,-0.323676,-12.657711,-0.001927,10.616973,0.002320,0.004620,-3.529399,-0.080348,3.530314,68|69|70|71|72|73,0.5619
6879.583692,-0.320651,-12.675109,-0.001869,10.624231,0.002282,0.004560,-3.527202,-0.078660,3.528079,68|69|70|71|72|73,0.5627
6879.600359,-0.320652,-12.675109,-0.001872,10.631416,0.002462,0.004671,-3.534388,-0.078841,3.535267,68|69|70|71|72|73,0.5628
6879.617025,-0.323793,-12.697080,-0.001602,10.638209,0.002910,0.004679,-3.529239,-0.080989,3.530168,68|69|70|71|72|73|74,0.5602
6879.633692,-0.321118,-12.703715,-0.001829,10.638209,0.002910,0.004679,-3.525633,-0.079533,3.526530,68|69|70|71|72|73|74,0.5567
6879.650359,-0.315233,-12.707916,-0.001337,10.645376,0.002544,0.004819,-3.530519,-0.075967,3.531337,69|70|71|72|73|74,0.5636
6879.667025,-0.315232,-12.707913,-0.001335,10.659899,0.001863,0.004999,-3.545044,-0.075285,3.545844,69|70|71|72|73|74,0.5635
6879.683692,-0.326382,-12.729141,-0.000408,10.659899,0.001863,0.004999,-3.533504,-0.081339,3.534440,69|70|71|72|73|74,0.5642
6879.700359,-0.332067,-12.739280,-0.000421,10.667086,0.001568,0.005125,-3.535178,-0.084131,3.536179,69|70|71|72|73|74,0.5640
6879.717025,-0.332066,-12.739280,-0.000421,10.673854,0.001855,0.005206,-3.541946,-0.084417,3.542952,69|70|71|72|73|74,0.5632
6879.733692,-0.332431,-12.751393,-0.000674,10.688276,0.002324,0.005281,-3.549785,-0.085080,3.550805,69|70|71|72|73|74,0.5636
6879.750359,-0.322579,-12.763676,-0.001300,10.688276,0.002324,0.005281,-3.543113,-0.079722,3.544010,69|70|71|72|73|74,0.5649
6879.767025,-0.322578,-12.763676,-0.001300,10.702267,0.001687,0.005237,-3.557104,-0.079085,3.557983,69|70|71|72|73|74,0.5654
6879.783692,-0.327458,-12.773532,-0.000375,10.702267,0.001687,0.005237,-3.551745,-0.081734,3.552686,69|70|71|72|73|74,0.5641
6879.800359,-0.337703,-12.793554,-0.000684,10.709349,0.001622,0.005339,-3.547943,-0.087231,3.549015,69|70|71|72|73|74,0.5637
6879.817025,-0.338556,-12.800015,0.000298,10.723541,0.002231,0.005413,-3.558623,-0.088301,3.559718,69|70|71|72|73|74,0.5636
6879.833692,-0.330269,-12.808777,0.000328,10.723541,0.002231,0.005413,-3.553863,-0.083794,3.554851,69|70|71|72|73|74,0.5618
6879.850359,-0.331009,-12.816502,-0.000139,10.730812,0.001668,0.005420,-3.556937,-0.083631,3.557920,69|70|71|72|73|74,0.5631
6879.867025,-0.339806,-12.826633,-0.000165,10.744718,0.001072,0.005353,-3.565333,-0.087813,3.566415,69|70|71|72|73|74,0.5638
6879.883692,-0.348392,-12.836687,-0.000339,10.751482,0.001651,0.004885,-3.566631,-0.093055,3.567845,69|70|71|72|73|74,0.5634
6879.900359,-0.348948,-12.838366,0.000134,10.751482,0.001651,0.004885,-3.565718,-0.093357,3.566940,69|70|71|72|73|74,0.5626
6879.917025,-0.339577,-12.847870,-0.001108,10.758707,0.002454,0.004429,-3.567781,-0.089064,3.568892,69|70|71|72|73|74,0.5632
6879.933692,-0.327770,-12.861293,-0.001678,10.765833,0.002341,0.004339,-3.567615,-0.082530,3.568569,69|70|71|72|73|74,0.5629
6879.950359,-0.327769,-12.861294,-0.001677,10.780108,0.001660,0.004251,-3.581890,-0.081849,3.582825,69|70|71|72|73|74,0.5637
6879.967025,-0.335401,-12.880370,-0.001781,10.780108,0.001660,0.004251,-3.571520,-0.085991,3.572555,69|70|71|72|73|74,0.5642
6879.983692,-0.340622,-12.890772,-0.001439,10.793481,0.001931,0.004114,-3.579238,-0.089096,3.580347,69|70|71|72|73|74,0.5625
6880.000359,-0.342612,-12.898008,-0.001671,10.793481,0.001931,0.004114,-3.575305,-0.090175,3.576442,69|70|71|72|73|74,0.5606
6880.017025,-0.342613,-12.898009,-0.001670,10.800527,0.001988,0.003992,-3.582350,-0.090232,3.583486,69|70|71|72|73|74,0.5606
6880.033692,-0.337006,-12.912990,-0.001579,10.807595,0.001674,0.004006,-3.581278,-0.086866,3.582331,69|70|71|72|73|74,0.5615
6880.050359,-0.337005,-12.912990,-0.001579,10.814676,0.001367,0.004058,-3.588359,-0.086559,3.589403,69|70|71|72|73|74,0.5627
6880.067025,-0.346726,-12.932762,-0.001438,10.828348,0.001352,0.004090,-3.591283,-0.091820,3.592456,69|70|71|72|73|74,0.5625
6880.083692,-0.350154,-12.941460,-0.000610,10.835472,0.002262,0.004235,-3.593678,-0.094591,3.594923,69|70|71|72|73|74,0.5619
6880.117025,-0.350155,-12.941461,-0.000609,10.842458,0.002873,0.004237,-3.600663,-0.095203,3.601922,69|70|71|72|73|74,0.5612
6880.133692,-0.334392,-12.957574,-0.001876,10.849339,0.002373,0.004153,-3.598792,-0.086131,3.599823,69|70|71|72|73|74|75|76,0.5619
6880.150359,-0.334921,-12.974703,-0.001401,10.856284,0.001866,0.004168,-3.596428,-0.085906,3.597454,69|70|71|72|73|74|75|76,0.5510
6880.183692,-0.335237,-12.976255,-0.001454,10.877283,0.002085,0.003677,-3.616583,-0.086296,3.617613,71|72|73|74|75|76,0.5618
6880.200359,-0.344757,-12.995252,-0.001535,10.877283,0.002085,0.003677,-3.606256,-0.091465,3.607415,71|72|73|74|75|76,0.5635
6880.217025,-0.340379,-13.009855,-0.001911,10.891998,0.001309,0.003815,-3.613037,-0.088305,3.614116,71|72|73|74|75|76,0.5634
6880.233692,-0.340380,-13.009855,-0.001910,10.899135,0.000945,0.003921,-3.620173,-0.087941,3.621241,71|72|73|74|75|76,0.5643
6880.250359,-0.346433,-13.021143,-0.002219,10.905726,0.001350,0.003811,-3.620627,-0.091632,3.621786,71|72|73|74|75|76,0.5645
6880.283692,-0.351968,-13.033111,-0.001665,10.919744,0.001757,0.002930,-3.628139,-0.095043,3.629383,71|72|73|74|75|76,0.5632
6880.300359,-0.351352,-13.044251,-0.002639,10.926899,0.001512,0.002716,-3.629241,-0.094460,3.630470,71|72|73|74|75|76,0.5631
6880.317026,-0.345623,-13.063702,-0.003059,10.926899,0.001512,0.002716,-3.618671,-0.091341,3.619824,71|72|73|74|75|76,0.5639
6880.333692,-0.349975,-13.073673,-0.002923,10.941371,0.000994,0.002579,-3.627723,-0.093185,3.628919,71|72|73|74|75|76,0.5650
6880.350359,-0.354113,-13.083306,-0.002671,10.941371,0.000994,0.002579,-3.622486,-0.095431,3.623743,71|72|73|74|75|76,0.5646
6880.367026,-0.358271,-13.093513,-0.002536,10.955247,0.001030,0.002457,-3.630814,-0.097723,3.632128,71|72|73|74|75|76,0.5631
6880.383692,-0.354976,-13.097882,-0.003216,10.955247,0.001030,0.002457,-3.628440,-0.095931,3.629708,71|72|73|74|75|76,0.5626
6880.417026,-0.358087,-13.118211,-0.003951,10.969633,0.001149,0.002554,-3.631776,-0.097734,3.633091,71|72|73|74|75|76,0.5630
6880.433692,-0.358086,-13.118210,-0.003950,10.976866,0.001347,0.002639,-3.639010,-0.097932,3.640327,71|72|73|74|75|76,0.5634
6880.450359,-0.354553,-13.137921,-0.003601,10.983440,0.002001,0.002623,-3.634873,-0.096660,3.636158,71|72|73|74|75|76,0.5621
6880.467026,-0.354554,-13.137922,-0.003602,10.997768,0.002783,0.002716,-3.649199,-0.097442,3.650500,71|72|73|74|75|76,0.5627
6880.517026,-0.345691,-13.138655,-0.003461,11.018825,0.002119,0.002668,-3.669862,-0.091961,3.671014,71|72|73|74|75|76,0.5645
6880.533692,-0.342993,-13.180665,-0.002737,11.018825,0.002119,0.002668,-3.647031,-0.090482,3.648153,71|72|73|74|75|76,0.5641
6880.550359,-0.345537,-13.189273,-0.002607,11.025527,0.002395,0.002631,-3.649053,-0.092138,3.650216,71|72|73|74|75|76,0.5644
6880.567026,-0.341742,-13.190980,-0.002604,11.040335,0.002501,0.002651,-3.662935,-0.090181,3.664045,71|72|73|74|75|76,0.5639
6880.583692,-0.336688,-13.204692,-0.002621,11.040335,0.002501,0.002651,-3.655485,-0.087430,3.656530,71|72|73|74|75|76,0.5640
6880.600359,-0.340911,-13.215622,-0.002637,11.055034,0.001915,0.002708,-3.664242,-0.089135,3.665326,71|72|73|74|75|76,0.5653
6880.633692,-0.350216,-13.238388,-0.002634,11.068180,0.003071,0.002976,-3.665012,-0.095341,3.666252,71|72|73|74|75|76|77,0.5634
6880.650359,-0.344110,-13.238920,-0.002461,11.075771,0.003922,0.003058,-3.672316,-0.092874,3.673491,71|72|73|74|75|76|77,0.5642
6880.667026,-0.344111,-13.238923,-0.002460,11.075771,0.003922,0.003058,-3.672315,-0.092874,3.673489,71|72|73|74|75|76|77,0.5640
6880.683692,-0.333535,-13.241190,-0.002547,11.090715,0.003944,0.002621,-3.686030,-0.087147,3.687060,72|73|74|75|76|77,0.5626
6880.717026,-0.322692,-13.259455,-0.003724,11.105115,0.004630,0.002737,-3.690507,-0.081935,3.691416,72|73|74|75|76|77,0.5638
6880.733692,-0.324998,-13.281651,-0.004456,11.111689,0.004237,0.003287,-3.685017,-0.082789,3.685947,72|73|74|75|76|77,0.5637
6880.750359,-0.315595,-13.297910,-0.004166,11.118938,0.003978,0.003525,-3.683432,-0.077414,3.684246,72|73|74|75|76|77,0.5649
6880.767026,-0.323319,-13.301900,-0.002653,11.126115,0.003704,0.003587,-3.688438,-0.081337,3.689335,72|73|74|75|76|77,0.5648
6880.783692,-0.327306,-13.313458,-0.002120,11.126115,0.003704,0.003587,-3.682156,-0.083500,3.683103,72|73|74|75|76|77,0.5655
6880.800359,-0.331879,-13.323465,-0.002248,11.140141,0.003509,0.003829,-3.690742,-0.085787,3.691739,72|73|74|75|76|77,0.5654
6880.833692,-0.331879,-13.323462,-0.002249,11.154297,0.004048,0.003956,-3.704899,-0.086326,3.705905,72|73|74|75|76|77,0.5637
6880.850359,-0.335253,-13.338011,-0.001406,11.161447,0.003822,0.004029,-3.704141,-0.087929,3.705185,72|73|74|75|76|77,0.5631
6880.867026,-0.329166,-13.357542,-0.000596,11.168424,0.003560,0.003960,-3.700505,-0.084353,3.701466,72|73|74|75|76|77,0.5640
6880.883692,-0.333018,-13.367710,-0.000144,11.168424,0.003560,0.003960,-3.694978,-0.086444,3.695989,72|73|74|75|76|77,0.5635
6880.900359,-0.337105,-13.377863,0.000130,11.175523,0.003328,0.004016,-3.696557,-0.088429,3.697615,72|73|74|75|76|77,0.5637
6880.917026,-0.337105,-13.377864,0.000129,11.189520,0.003953,0.003969,-3.710554,-0.089055,3.711623,72|73|74|75|76|77,0.5628
6880.933692,-0.340652,-13.387924,-0.000537,11.189520,0.003953,0.003969,-3.705086,-0.090979,3.706203,72|73|74|75|76|77,0.5611
6880.950359,-0.332380,-13.400627,-0.001429,11.203913,0.002988,0.003920,-3.712577,-0.085514,3.713562,72|73|74|75|76|77,0.5628
6880.967026,-0.339398,-13.410833,-0.002037,11.210847,0.002740,0.003903,-3.713963,-0.089077,3.715031,72|73|74|75|76|77,0.5630
6880.983692,-0.346467,-13.420765,-0.001924,11.217251,0.002967,0.003919,-3.714966,-0.093143,3.716134,72|73|74|75|76|77,0.5627
6881.000359,-0.350294,-13.427192,-0.002235,11.224323,0.003822,0.003162,-3.718544,-0.096076,3.719785,72|73|74|75|76|77,0.5623
6881.017026,-0.347102,-13.429170,-0.001953,11.224323,0.003822,0.003162,-3.717470,-0.094341,3.718667,72|73|74|75|76|77,0.5619
6881.033692,-0.333279,-13.442367,-0.002319,11.231594,0.003998,0.003026,-3.717574,-0.087000,3.718591,72|73|74|75|76|77,0.5626
6881.067026,-0.333278,-13.442366,-0.002322,11.253102,0.003284,0.002919,-3.739082,-0.086285,3.740078,72|73|74|75|76|77,0.5628
6881.083692,-0.335294,-13.463913,-0.002958,11.259857,0.003575,0.002960,-3.734126,-0.087666,3.735155,72|73|74|75|76|77,0.5622
6881.100359,-0.342556,-13.484517,-0.002971,11.266538,0.003548,0.003053,-3.729607,-0.091578,3.730731,72|73|74|75|76|77,0.5598
6881.117026,-0.342556,-13.484518,-0.002972,11.273723,0.003310,0.003000,-3.736791,-0.091341,3.737907,72|73|74|75|76|77,0.5593
6881.150359,-0.338721,-13.487879,-0.003114,11.280829,0.003073,0.003043,-3.742072,-0.089018,3.743131,72|73|74|75|76|77,0.5615
6881.183692,-0.350613,-13.527071,-0.003992,11.294760,0.003050,0.003156,-3.734699,-0.095446,3.735919,72|73|74|75|76|77|78|79,0.5548
6881.200359,-0.347930,-13.531941,-0.003479,11.308813,0.004519,0.003164,-3.746106,-0.095455,3.747322,74|75|76|77|78|79,0.5634
6881.217026,-0.340144,-13.538758,-0.003378,11.308813,0.004519,0.003164,-3.742404,-0.091221,3.743515,74|75|76|77|78|79,0.5643
6881.233692,-0.340145,-13.538757,-0.003379,11.315753,0.004164,0.003452,-3.749344,-0.090868,3.750445,74|75|76|77|78|79,0.5623
6881.250359,-0.327945,-13.549947,-0.003493,11.329976,0.003291,0.003401,-3.757490,-0.083361,3.758415,74|75|76|77|78|79,0.5630
6881.267026,-0.334388,-13.559781,-0.003081,11.336690,0.003384,0.003369,-3.758857,-0.086952,3.759863,74|75|76|77|78|79,0.5635
6881.283692,-0.341045,-13.569734,-0.003159,11.343788,0.003616,0.003314,-3.760544,-0.090799,3.761640,74|75|76|77|78|79,0.5624
6881.317026,-0.347815,-13.579902,-0.002836,11.358613,0.003129,0.003378,-3.769840,-0.093988,3.771012,74|75|76|77|78|79,0.5639
6881.333692,-0.343930,-13.590976,-0.002720,11.365736,0.002833,0.003457,-3.770947,-0.091577,3.772058,74|75|76|77|78|79,0.5636
6881.350359,-0.347297,-13.604701,-0.003094,11.372519,0.003092,0.003492,-3.770269,-0.093662,3.771432,74|75|76|77|78|79,0.5633
6881.367026,-0.356389,-13.627978,-0.001935,11.372519,0.003092,0.003492,-3.757616,-0.098596,3.758909,74|75|76|77|78|79,0.5637
6881.383692,-0.352566,-13.631396,-0.002156,11.379184,0.003454,0.003368,-3.762425,-0.096879,3.763672,74|75|76|77|78|79,0.5626
6881.400359,-0.346795,-13.635021,-0.002635,11.393605,0.003305,0.003101,-3.774877,-0.093592,3.776037,74|75|76|77|78|79,0.5614
6881.417026,-0.346677,-13.647824,-0.002772,11.393605,0.003305,0.003101,-3.767919,-0.093525,3.769080,74|75|76|77|78|79,0.5615
6881.433692,-0.346678,-13.647824,-0.002772,11.408024,0.002864,0.002983,-3.782338,-0.093084,3.783483,74|75|76|77|78|79,0.5625
6881.450359,-0.350393,-13.658052,-0.002691,11.415022,0.002983,0.002868,-3.783776,-0.095218,3.784974,74|75|76|77|78|79,0.5628
6881.483692,-0.355876,-13.684474,-0.002998,11.421848,0.002697,0.002954,-3.776241,-0.097904,3.777510,74|75|76|77|78|79,0.5617
6881.500359,-0.360516,-13.689576,-0.003209,11.429027,0.002706,0.002601,-3.780646,-0.100434,3.781980,74|75|76|77|78|79,0.5629
6881.517026,-0.360036,-13.702193,-0.004288,11.436344,0.002788,0.002627,-3.781106,-0.100251,3.782435,74|75|76|77|78|79,0.5625
6881.533692,-0.359194,-13.714611,-0.004685,11.443711,0.002867,0.002645,-3.781723,-0.099868,3.783042,74|75|76|77|78|79,0.5633
6881.550359,-0.359194,-13.714611,-0.004682,11.450394,0.003794,0.002713,-3.788407,-0.100795,3.789747,74|75|76|77|78|79,0.5620
6881.567026,-0.345639,-13.728334,-0.005075,11.464447,0.004509,0.002513,-3.795005,-0.094139,3.796173,74|75|76|77|78|79,0.5611
6881.583692,-0.345639,-13.728335,-0.005073,11.471606,0.004132,0.002451,-3.802165,-0.093762,3.803321,74|75|76|77|78|79,0.5620
6881.600359,-0.336362,-13.745271,-0.004810,11.471606,0.004132,0.002451,-3.792963,-0.088715,3.794000,74|75|76|77|78|79,0.5634
6881.617026,-0.336362,-13.745271,-0.004810,11.485994,0.003614,0.002488,-3.807351,-0.088197,3.808373,74|75|76|77|78|79,0.5635
6881.633692,-0.346499,-13.768616,-0.005135,11.492627,0.004018,0.002466,-3.801293,-0.094103,3.802458,74|75|76|77|78|79,0.5630
6881.650359,-0.346500,-13.768616,-0.005135,11.499803,0.004390,0.002503,-3.808470,-0.094476,3.809641,74|75|76|77|78|79,0.5617
6881.667026,-0.348710,-13.779208,-0.005072,11.507283,0.004137,0.002518,-3.810192,-0.095420,3.811387,74|75|76|77|78|79|80,0.5545
6881.683692,-0.338398,-13.788970,-0.004515,11.514689,0.003855,0.002545,-3.812295,-0.089531,3.813347,74|75|76|77|78|79|80,0.5621
6881.700359,-0.342155,-13.801135,-0.004804,11.522074,0.003573,0.002588,-3.813068,-0.091287,3.814160,74|75|76|77|78|79|80,0.5550
6881.717026,-0.342104,-13.801772,-0.005020,11.528752,0.003934,0.002749,-3.819400,-0.091620,3.820499,75|76|77|78|79|80,0.5632
6881.733692,-0.350613,-13.825412,-0.004647,11.535128,0.004528,0.002753,-3.812925,-0.096830,3.814154,75|76|77|78|79|80,0.5628
6881.750359,-0.345345,-13.827754,-0.004201,11.535128,0.004528,0.002753,-3.811654,-0.093967,3.812812,75|76|77|78|79|80,0.5623
6881.783692,-0.329504,-13.838615,-0.003961,11.557455,0.005415,0.002787,-3.828083,-0.086241,3.829055,75|76|77|78|79|80,0.5645
6881.800359,-0.329504,-13.838614,-0.003960,11.564998,0.005446,0.002725,-3.835628,-0.086273,3.836598,75|76|77|78|79|80,0.5644
6881.817026,-0.326201,-13.866379,-0.003742,11.564998,0.005446,0.002725,-3.820539,-0.084469,3.821472,75|76|77|78|79|80,0.5643
6881.833692,-0.326201,-13.866379,-0.003743,11.572076,0.006012,0.002822,-3.827616,-0.085035,3.828561,75|76|77|78|79|80,0.5628
6881.850359,-0.318621,-13.883268,-0.003118,11.578736,0.005694,0.003696,-3.825100,-0.080592,3.825949,75|76|77|78|79|80,0.5633
6881.867026,-0.318620,-13.883270,-0.003117,11.593208,0.005243,0.003835,-3.839571,-0.080141,3.840407,75|76|77|78|79|80,0.5631
6881.883692,-0.329733,-13.898841,-0.002149,11.593208,0.005243,0.003835,-3.831105,-0.086176,3.832074,75|76|77|78|79|80,0.5631
6881.900359,-0.329733,-13.898841,-0.002151,11.600427,0.005055,0.003869,-3.838324,-0.085988,3.839287,75|76|77|78|79|80,0.5634
6881.917026,-0.336057,-13.919440,-0.003104,11.614088,0.005502,0.004038,-3.840788,-0.089865,3.841839,75|76|77|78|79|80,0.5634
6881.933692,-0.335279,-13.926120,-0.002085,11.621279,0.005470,0.004094,-3.844348,-0.089408,3.845388,75|76|77|78|79|80,0.5634
6881.950359,-0.335279,-13.926121,-0.002086,11.621279,0.005470,0.004094,-3.844348,-0.089408,3.845387,75|76|77|78|79|80,0.5623
6881.967026,-0.330992,-13.942807,-0.001293,11.628378,0.005361,0.004237,-3.842380,-0.086963,3.843364,75|76|77|78|79|80,0.5630
6881.983692,-0.330991,-13.942807,-0.001291,11.642268,0.005102,0.004211,-3.856270,-0.086704,3.857245,75|76|77|78|79|80,0.5641
6882.000359,-0.335431,-13.962821,-0.001264,11.642268,0.005102,0.004211,-3.845392,-0.089111,3.846424,75|76|77|78|79|80,0.5643
6882.033692,-0.334266,-13.978322,-0.002092,11.656198,0.005385,0.004293,-3.850898,-0.088756,3.851920,75|76|77|78|79|80,0.5613
6882.050359,-0.334095,-13.984879,-0.002315,11.663480,0.005015,0.004304,-3.854616,-0.088291,3.855627,75|76|77|78|79|80,0.5619
6882.067026,-0.334095,-13.984879,-0.002318,11.677877,0.004286,0.004240,-3.869013,-0.087562,3.870004,75|76|77|78|79|80,0.5620
6882.083692,-0.345818,-14.005681,-0.001640,11.677877,0.004286,0.004240,-3.857704,-0.093926,3.858847,75|76|77|78|79|80,0.5615
6882.117026,-0.347635,-14.016689,-0.001995,11.698267,0.005526,0.003730,-3.872111,-0.096152,3.873304,75|76|77|78|79|80,0.5617
6882.133692,-0.337107,-14.024638,-0.002202,11.705520,0.005316,0.003718,-3.875047,-0.090217,3.876098,75|76|77|78|79|80,0.5620
6882.150359,-0.334199,-14.039060,-0.002954,11.705520,0.005316,0.003718,-3.867210,-0.088632,3.868226,75|76|77|78|79|80,0.5610
6882.167026,-0.337567,-14.050611,-0.002679,11.712778,0.005108,0.003695,-3.868188,-0.090251,3.869241,75|76|77|78|79|80,0.5622
6882.183692,-0.337568,-14.050611,-0.002681,11.726660,0.005362,0.003710,-3.882070,-0.090505,3.883125,75|76|77|78|79|80,0.5626
6882.200359,-0.340504,-14.062781,-0.003332,11.733223,0.005235,0.003766,-3.882018,-0.091970,3.883108,75|76|77|78|79|80|81|82,0.5584
6882.217026,-0.337459,-14.077007,-0.003139,11.733223,0.005235,0.003766,-3.874288,-0.090311,3.875340,75|76|77|78|79|80|81|82,0.5541
6882.233692,-0.337022,-14.077698,-0.003028,11.747361,0.004671,0.003713,-3.888050,-0.089509,3.889081,77|78|79|80|81|82,0.5629
6882.267026,-0.348663,-14.104122,-0.003211,11.761382,0.004750,0.003892,-3.887707,-0.095906,3.888890,77|78|79|80|81|82,0.5634
6882.283692,-0.348665,-14.104120,-0.003211,11.767994,0.005149,0.003873,-3.894320,-0.096307,3.895511,77|78|79|80|81|82,0.5620
6882.300359,-0.348359,-14.120182,-0.002767,11.775087,0.006159,0.003832,-3.892684,-0.097145,3.893896,77|78|79|80|81|82,0.5625
6882.317026,-0.348358,-14.120184,-0.002767,11.782110,0.005967,0.004660,-3.899706,-0.096953,3.900911,77|78|79|80|81|82,0.5634
6882.333692,-0.343221,-14.122711,-0.002584,11.782110,0.005967,0.004660,-3.898334,-0.094161,3.899471,77|78|79|80|81|82,0.5623
6882.350359,-0.335051,-14.143439,-0.001990,11.796377,0.005316,0.004560,-3.901339,-0.089063,3.902355,77|78|79|80|81|82,0.5649
6882.367026,-0.340511,-14.155239,-0.002331,11.796377,0.005316,0.004560,-3.894924,-0.092027,3.896011,77|78|79|80|81|82,0.5645
6882.383692,-0.345377,-14.165585,-0.002159,11.810017,0.005341,0.004422,-3.902939,-0.094693,3.904088,77|78|79|80|81|82,0.5629
6882.400359,-0.345340,-14.170680,-0.002042,11.817342,0.005076,0.003956,-3.907496,-0.094405,3.908636,77|78|79|80|81|82,0.5632
6882.417026,-0.345340,-14.170681,-0.002042,11.824708,0.004951,0.003948,-3.914861,-0.094281,3.915997,77|78|79|80|81|82,0.5648
6882.433692,-0.346367,-14.174768,-0.002191,11.824708,0.004951,0.003948,-3.912640,-0.094837,3.913789,77|78|79|80|81|82,0.5654
6882.467026,-0.355269,-14.212793,-0.001911,11.838904,0.004816,0.004141,-3.906167,-0.099529,3.907435,77|78|79|80|81|82,0.5630
6882.483692,-0.355269,-14.212794,-0.001911,11.852482,0.005139,0.004093,-3.919744,-0.099852,3.921016,77|78|79|80|81|82,0.5628
6882.500359,-0.346827,-14.222038,-0.002538,11.852482,0.005139,0.004093,-3.914723,-0.095261,3.915882,77|78|79|80|81|82,0.5628
6882.517026,-0.349611,-14.231254,-0.002375,11.859819,0.005011,0.003978,-3.917050,-0.096643,3.918242,77|78|79|80|81|82,0.5633
6882.533692,-0.349611,-14.231254,-0.002374,11.874345,0.004672,0.003674,-3.931576,-0.096304,3.932756,77|78|79|80|81|82,0.5643
6882.550359,-0.355606,-14.255483,-0.002633,11.874345,0.004672,0.003674,-3.918406,-0.099554,3.919671,77|78|79|80|81|82,0.5637
6882.567026,-0.358405,-14.267372,-0.003119,11.881408,0.004662,0.003306,-3.919007,-0.101062,3.920310,77|78|79|80|81|82,0.5631
6882.583692,-0.358405,-14.267372,-0.003119,11.887728,0.004286,0.003244,-3.925327,-0.100686,3.926618,77|78|79|80|81|82,0.5620
6882.600359,-0.360066,-14.272834,-0.003537,11.902024,0.004638,0.002600,-3.936655,-0.101939,3.937974,77|78|79|80|81|82,0.5632
6882.617026,-0.365625,-14.271296,-0.003435,11.902024,0.004638,0.002600,-3.937489,-0.104961,3.938888,77|78|79|80|81|82,0.5642
6882.633692,-0.363436,-14.281523,-0.003605,11.909303,0.004858,0.002646,-3.939210,-0.103988,3.940583,77|78|79|80|81|82,0.5642
6882.650359,-0.356962,-14.308812,-0.003830,11.916205,0.005513,0.002669,-3.931283,-0.101117,3.932584,77|78|79|80|81|82,0.5638
6882.667026,-0.348119,-14.314496,-0.003851,11.922741,0.006354,0.002648,-3.934733,-0.097149,3.935932,77|78|79|80|81|82,0.5620
6882.683692,-0.348120,-14.314499,-0.003851,11.937168,0.005920,0.002455,-3.949158,-0.096716,3.950342,77|78|79|80|81|82,0.5629
6882.700359,-0.336367,-14.316493,-0.004158,11.937168,0.005920,0.002455,-3.948078,-0.090327,3.949111,77|78|79|80|81|82,0.5639
6882.717026,-0.342968,-14.338887,-0.003878,11.944265,0.005754,0.002360,-3.943002,-0.093742,3.944116,77|78|79|80|81|82|83,0.5645
6882.733692,-0.342973,-14.338899,-0.003888,11.951407,0.005618,0.002318,-3.950138,-0.093609,3.951247,77|78|79|80|81|82|83,0.5620
6882.750359,-0.347790,-14.363338,-0.003960,11.965162,0.006196,0.002393,-3.950610,-0.096797,3.951795,78|79|80|81|82|83,0.5625
6882.767026,-0.342150,-14.366961,-0.004105,11.972402,0.005895,0.002402,-3.955882,-0.093429,3.956985,78|79|80|81|82|83,0.5607
6882.783692,-0.342150,-14.366962,-0.004104,11.979696,0.005784,0.002414,-3.963175,-0.093318,3.964273,78|79|80|81|82|83,0.5607
6882.800359,-0.340132,-14.372900,-0.003853,11.986974,0.005662,0.002471,-3.967227,-0.092098,3.968296,78|79|80|81|82|83,0.5626
6882.833692,-0.344639,-14.383003,-0.004459,11.994124,0.005620,0.002513,-3.968885,-0.094503,3.970010,78|79|80|81|82|83,0.5617
6882.850359,-0.348555,-14.407695,-0.004599,12.007163,0.006765,0.002653,-3.968503,-0.097767,3.969708,78|79|80|81|82|83,0.5602
6882.867026,-0.336824,-14.416220,-0.004720,12.007163,0.006765,0.002653,-3.963874,-0.091389,3.964928,78|79|80|81|82|83,0.5613
6882.883692,-0.333970,-14.420978,-0.004858,12.014345,0.006820,0.002358,-3.968470,-0.089892,3.969488,78|79|80|81|82|83,0.5634
6882.900359,-0.333970,-14.420979,-0.004861,12.021879,0.007121,0.002220,-3.976005,-0.090193,3.977027,78|79|80|81|82|83,0.5632
6882.917026,-0.328262,-14.446409,-0.006050,12.036721,0.007422,0.002221,-3.977027,-0.087385,3.977987,78|79|80|81|82|83,0.5627
6882.933692,-0.325275,-14.459648,-0.006145,12.043135,0.007033,0.002303,-3.976247,-0.085368,3.977163,78|79|80|81|82|83,0.5621
6882.950359,-0.324749,-14.469041,-0.005791,12.050258,0.006773,0.002249,-3.978265,-0.084819,3.979169,78|79|80|81|82|83,0.5614
6882.967026,-0.330243,-14.468134,-0.005103,12.057758,0.006718,0.002277,-3.986256,-0.087749,3.987222,78|79|80|81|82|83,0.5625
6882.983692,-0.333658,-14.478423,-0.004469,12.057758,0.006718,0.002277,-3.980663,-0.089602,3.981672,78|79|80|81|82|83,0.5631
6883.000359,-0.335008,-14.491970,-0.004637,12.065130,0.006637,0.002291,-3.980672,-0.090251,3.981695,78|79|80|81|82|83,0.5638
6883.033692,-0.337605,-14.513970,-0.004263,12.079067,0.007111,0.002614,-3.982653,-0.092130,3.983718,78|79|80|81|82|83,0.5632
6883.050359,-0.330667,-14.515707,-0.005114,12.093138,0.006867,0.003153,-3.995781,-0.088115,3.996752,78|79|80|81|82|83,0.5634
6883.067026,-0.336075,-14.522850,-0.004853,12.093138,0.006867,0.003153,-3.991897,-0.091051,3.992935,78|79|80|81|82|83,0.5644
6883.083692,-0.336074,-14.522848,-0.004855,12.107523,0.006774,0.003200,-4.006284,-0.090958,4.007316,78|79|80|81|82|83,0.5653
6883.100359,-0.336231,-14.536083,-0.004611,12.114607,0.007023,0.003444,-4.006175,-0.091288,4.007215,78|79|80|81|82|83,0.5646
6883.117026,-0.338426,-14.559040,-0.004053,12.114607,0.007023,0.003444,-3.993697,-0.092474,3.994768,78|79|80|81|82|83,0.5648
6883.133692,-0.334640,-14.566083,-0.003818,12.121214,0.006785,0.003515,-3.996478,-0.090176,3.997495,78|79|80|81|82|83,0.5620
6883.150359,-0.338498,-14.567550,-0.003532,12.128553,0.006486,0.003526,-4.003018,-0.091974,4.004074,78|79|80|81|82|83,0.5610
6883.167026,-0.343110,-14.578390,-0.003156,12.135895,0.006228,0.003515,-4.004468,-0.094219,4.005576,78|79|80|81|82|83,0.5626
6883.183692,-0.343110,-14.578391,-0.003154,12.149775,0.006118,0.003517,-4.018347,-0.094108,4.019449,78|79|80|81|82|83,0.5619
6883.200359,-0.350910,-14.599853,-0.002517,12.156301,0.006518,0.003546,-4.013206,-0.098741,4.014421,78|79|80|81|82|83,0.5618
6883.217026,-0.350911,-14.599854,-0.002518,12.156301,0.006518,0.003546,-4.013206,-0.098741,4.014420,78|79|80|81|82|83,0.5631
6883.233692,-0.348435,-14.604333,-0.002793,12.170942,0.006773,0.003101,-4.025414,-0.097650,4.026598,78|79|80|81|82|83,0.5632
6883.267026,-0.343150,-14.608109,-0.002680,12.178335,0.006694,0.003081,-4.030756,-0.094697,4.031868,80|81|82|83|84|85,0.5633
6883.283692,-0.339696,-14.634044,-0.002380,12.185630,0.006586,0.003020,-4.023957,-0.092704,4.025025,80|81|82|83|84|85,0.5628
6883.300359,-0.342774,-14.658256,-0.002090,12.192655,0.006666,0.002902,-4.017822,-0.094449,4.018932,80|81|82|83|84|85,0.5618
6883.317026,-0.342148,-14.666122,-0.002857,12.198567,0.006231,0.002807,-4.019460,-0.093672,4.020551,80|81|82|83|84|85,0.5618
6883.333692,-0.342148,-14.666122,-0.002849,12.212454,0.005831,0.001672,-4.033346,-0.093272,4.034424,80|81|82|83|84|85,0.5630
6883.350359,-0.348910,-14.660838,-0.002657,12.219498,0.005911,0.001911,-4.043260,-0.097029,4.044424,80|81|82|83|84|85,0.5652
6883.367026,-0.351865,-14.685381,-0.003665,12.219498,0.005911,0.001911,-4.029921,-0.098627,4.031127,80|81|82|83|84|85,0.5640
6883.383692,-0.351864,-14.685380,-0.003662,12.226567,0.005972,0.001971,-4.036990,-0.098687,4.038196,80|81|82|83|84|85,0.5639
6883.400359,-0.350905,-14.706278,-0.004304,12.239897,0.007070,0.002023,-4.038963,-0.099258,4.040182,80|81|82|83|84|85,0.5637
6883.417026,-0.344088,-14.710032,-0.004342,12.239897,0.007070,0.002023,-4.036925,-0.095551,4.038056,80|81|82|83|84|85,0.5641
6883.433692,-0.344089,-14.710032,-0.004340,12.254026,0.006746,0.002580,-4.051054,-0.095228,4.052173,80|81|82|83|84|85,0.5634
6883.450359,-0.335421,-14.714017,-0.004509,12.261264,0.006619,0.002508,-4.056129,-0.090388,4.057136,80|81|82|83|84|85,0.5632
6883.467026,-0.342836,-14.737799,-0.004550,12.261264,0.006619,0.002508,-4.043202,-0.094411,4.044304,80|81|82|83|84|85,0.5642
6883.483692,-0.342837,-14.737796,-0.004553,12.275248,0.006235,0.002425,-4.057187,-0.094027,4.058277,80|81|82|83|84|85,0.5635
6883.500359,-0.347554,-14.758965,-0.004336,12.282418,0.005955,0.002382,-4.052850,-0.096305,4.053995,80|81|82|83|84|85,0.5618
6883.517026,-0.347553,-14.758967,-0.004331,12.289633,0.005844,0.002056,-4.060064,-0.096193,4.061204,80|81|82|83|84|85,0.5628
6883.533692,-0.351120,-14.760517,-0.004452,12.296843,0.005913,0.002050,-4.066431,-0.098200,4.067616,80|81|82|83|84|85,0.5643
6883.550359,-0.356194,-14.780162,-0.005057,12.296843,0.005913,0.002050,-4.055753,-0.100952,4.057009,80|81|82|83|84|85,0.5648
6883.567026,-0.356194,-14.780161,-0.005058,12.304011,0.005895,0.001990,-4.062921,-0.100933,4.064174,80|81|82|83|84|85,0.5646
6883.583692,-0.356181,-14.806611,-0.005186,12.310748,0.006360,0.001712,-4.055284,-0.101383,4.056551,80|81|82|83|84|85,0.5632
6883.600359,-0.350941,-14.807501,-0.005455,12.317257,0.005838,0.001620,-4.061310,-0.098013,4.062493,80|81|82|83|84|85,0.5633
6883.617026,-0.350939,-14.807503,-0.005454,12.324473,0.005809,0.001053,-4.068525,-0.097983,4.069705,80|81|82|83|84|85,0.5645
6883.633692,-0.358503,-14.809189,-0.005462,12.331741,0.005837,0.000938,-4.074875,-0.102121,4.076155,80|81|82|83|84|85,0.5651
6883.667026,-0.357844,-14.849733,-0.006361,12.346300,0.005587,0.000560,-4.067399,-0.101501,4.068665,80|81|82|83|84|85,0.5641
6883.683692,-0.361503,-14.858613,-0.006671,12.359488,0.004831,0.000311,-4.075760,-0.102730,4.077054,80|81|82|83|84|85,0.5632
6883.700359,-0.367365,-14.860537,-0.006797,12.359488,0.004831,0.000311,-4.074712,-0.105915,4.076088,80|81|82|83|84|85,0.5630
6883.717026,-0.367363,-14.860538,-0.006795,12.374081,0.005749,0.000388,-4.089305,-0.106833,4.090700,80|81|82|83|84|85,0.5641
6883.733692,-0.364786,-14.875994,-0.006628,12.374081,0.005749,0.000388,-4.080905,-0.105428,4.082267,80|81|82|83|84|85,0.5639
6883.750359,-0.357884,-14.890685,-0.006432,12.381585,0.006153,0.000408,-4.080428,-0.102076,4.081704,80|81|82|83|84|85|86,0.5610
6883.767026,-0.357887,-14.890703,-0.006445,12.394742,0.006251,0.000244,-4.093575,-0.102175,4.094850,80|81|82|83|84|85|86,0.5559
6883.783692,-0.343633,-14.901140,-0.006592,12.394742,0.006251,0.000244,-4.087907,-0.094426,4.088997,80|81|82|83|84|85|86,0.5593
6883.800359,-0.351405,-14.904145,-0.007076,12.409439,0.006442,-0.000167,-4.100968,-0.098840,4.102159,80|81|82|83|84|85|86,0.5576
6883.833692,-0.347744,-14.932565,-0.007929,12.424255,0.006617,-0.000302,-4.100340,-0.097016,4.101488,81|82|83|84|85|86,0.5654
6883.850359,-0.346661,-14.945323,-0.007712,12.424255,0.006617,-0.000302,-4.093407,-0.096423,4.094543,81|82|83|84|85|86,0.5644
6883.867026,-0.346660,-14.945323,-0.007712,12.430706,0.006589,0.000009,-4.099858,-0.096395,4.100991,81|82|83|84|85|86,0.5622
6883.883692,-0.346582,-14.956229,-0.006917,12.437553,0.006194,-0.000029,-4.100777,-0.095953,4.101899,81|82|83|84|85|86,0.5634
6883.900359,-0.346582,-14.956229,-0.006917,12.452072,0.006511,0.000015,-4.115296,-0.096271,4.116422,81|82|83|84|85|86,0.5641
6883.917026,-0.351917,-14.962398,-0.006754,12.459280,0.006568,0.000039,-4.119150,-0.099225,4.120345,81|82|83|84|85|86,0.5629
6883.950359,-0.349223,-14.976795,-0.006710,12.472195,0.006710,0.000325,-4.124241,-0.097898,4.125403,81|82|83|84|85|86,0.5611
6883.967026,-0.339728,-15.006220,-0.006253,12.472195,0.006710,0.000325,-4.108252,-0.092729,4.109299,81|82|83|84|85|86,0.5611
6883.983692,-0.344363,-15.000790,-0.006361,12.486554,0.007226,-0.000408,-4.125562,-0.095766,4.126673,81|82|83|84|85|86,0.5620
6884.033692,-0.328154,-15.039570,-0.007794,12.501500,0.007935,-0.000558,-4.119436,-0.087653,4.120369,81|82|83|84|85|86,0.5616
6884.050359,-0.328152,-15.039569,-0.007794,12.514923,0.006756,-0.000524,-4.132860,-0.086474,4.133765,81|82|83|84|85|86,0.5624
6884.067026,-0.331138,-15.052041,-0.007924,12.522137,0.006805,-0.000592,-4.133295,-0.088141,4.134235,81|82|83|84|85|86,0.5632
6884.083692,-0.331139,-15.052040,-0.007923,12.522137,0.006805,-0.000592,-4.133295,-0.088142,4.134235,81|82|83|84|85|86,0.5635
6884.100359,-0.340666,-15.069557,-0.007860,12.529628,0.006945,-0.000430,-4.131263,-0.093455,4.132320,81|82|83|84|85|86,0.5647
6884.117026,-0.340667,-15.069557,-0.007859,12.536899,0.007026,-0.000394,-4.138534,-0.093536,4.139591,81|82|83|84|85|86,0.5635
6884.133692,-0.338824,-15.084766,-0.007602,12.543839,0.006929,-0.000303,-4.137209,-0.092432,4.138242,81|82|83|84|85|86,0.5643
6884.150359,-0.338551,-15.101180,-0.006963,12.557310,0.006666,-0.000199,-4.141759,-0.092017,4.142781,81|82|83|84|85|86,0.5631
6884.167026,-0.338550,-15.101181,-0.006962,12.564666,0.006901,-0.000122,-4.149114,-0.092251,4.150140,81|82|83|84|85|86,0.5636
6884.183692,-0.344305,-15.101321,-0.007149,12.564666,0.006901,-0.000122,-4.149036,-0.095378,4.150133,81|82|83|84|85|86,0.5636
6884.200359,-0.339556,-15.128455,-0.006748,12.571840,0.007078,-0.000087,-4.141465,-0.092966,4.142508,81|82|83|84|85|86,0.5640
6884.217026,-0.337300,-15.139858,-0.007162,12.578979,0.007229,-0.000149,-4.142408,-0.091887,4.143427,81|82|83|84|85|86,0.5642
6884.233692,-0.335818,-15.150968,-0.007596,12.585528,0.006671,-0.000197,-4.142919,-0.090520,4.143908,81|82|83|84|85|86,0.5624
6884.250359,-0.343864,-15.151024,-0.007914,12.592445,0.006210,-0.000283,-4.149803,-0.094432,4.150877,81|82|83|84|85|86,0.5628
6884.267026,-0.349679,-15.159444,-0.007876,12.599973,0.006080,-0.000285,-4.152754,-0.097460,4.153897,81|82|83|84|85|86|87|88,0.5500
6884.283692,-0.351632,-15.171662,-0.007784,12.607457,0.005947,-0.000290,-4.153597,-0.098384,4.154762,81|82|83|84|85|86|87|88,0.5639
6884.300359,-0.353242,-15.183257,-0.007610,12.614634,0.005913,-0.000279,-4.154472,-0.099221,4.155656,81|82|83|84|85|86|87|88,0.5509
6884.317026,-0.352679,-15.195174,-0.007882,12.621148,0.006634,-0.000268,-4.154509,-0.099633,4.155703,83|84|85|86|87|88,0.5616
6884.333692,-0.352674,-15.195173,-0.007880,12.635117,0.006492,-0.000251,-4.168479,-0.099489,4.169666,83|84|85|86|87|88,0.5633
6884.350359,-0.342604,-15.203586,-0.008012,12.642420,0.006598,-0.000450,-4.171213,-0.094119,4.172274,83|84|85|86|87|88,0.5638
6884.367026,-0.342605,-15.203585,-0.008013,12.649722,0.006737,-0.000393,-4.178515,-0.094258,4.179578,83|84|85|86|87|88,0.5633
6884.383692,-0.343238,-15.226254,-0.007016,12.649722,0.006737,-0.000393,-4.166194,-0.094595,4.167268,83|84|85|86|87|88,0.5623
6884.400359,-0.343240,-15.226255,-0.007015,12.663484,0.006124,-0.000616,-4.179956,-0.093983,4.181012,83|84|85|86|87|88,0.5608
6884.417026,-0.341962,-15.248066,-0.007081,12.663484,0.006124,-0.000616,-4.168103,-0.093282,4.169146,83|84|85|86|87|88,0.5610
6884.433692,-0.350459,-15.249326,-0.007258,12.676882,0.005472,-0.001142,-4.180813,-0.097248,4.181944,83|84|85|86|87|88,0.5625
6884.450359,-0.359947,-15.250616,-0.007238,12.684063,0.005671,-0.001164,-4.187291,-0.102603,4.188548,83|84|85|86|87|88,0.5645
6884.467026,-0.358284,-15.261516,-0.007744,12.691171,0.005850,-0.001119,-4.188475,-0.101874,4.189713,83|84|85|86|87|88,0.5627
6884.483692,-0.358285,-15.261516,-0.007745,12.698269,0.006258,-0.000953,-4.195572,-0.102283,4.196819,83|84|85|86|87|88,0.5624
6884.500359,-0.352523,-15.289470,-0.007922,12.704884,0.006641,-0.000955,-4.186997,-0.099526,4.188180,83|84|85|86|87|88,0.5618
6884.517026,-0.352524,-15.289470,-0.007920,12.711800,0.006302,-0.000982,-4.193913,-0.099188,4.195086,83|84|85|86|87|88,0.5613
6884.533692,-0.341377,-15.298734,-0.008348,12.711800,0.006302,-0.000982,-4.188882,-0.093126,4.189917,83|84|85|86|87|88,0.5618
6884.567026,-0.348100,-15.320347,-0.008417,12.726194,0.006075,-0.001161,-4.191527,-0.096546,4.192639,83|84|85|86|87|88,0.5641
6884.583692,-0.349239,-15.332016,-0.008562,12.733587,0.006002,-0.001259,-4.192578,-0.097088,4.193702,83|84|85|86|87|88,0.5644
6884.600359,-0.350565,-15.343513,-0.008581,12.746726,0.004806,-0.001407,-4.199469,-0.096610,4.200580,83|84|85|86|87|88,0.5629
6884.667026,-0.359741,-15.373382,-0.008366,12.768870,0.005490,-0.001617,-4.205376,-0.102272,4.206620,83|84|85|86|87|88,0.5647
6884.683692,-0.357645,-15.386753,-0.008391,12.776158,0.005469,-0.001787,-4.205398,-0.101107,4.206613,83|84|85|86|87|88,0.5645
6884.700359,-0.357642,-15.386755,-0.008390,12.782740,0.005272,-0.001834,-4.211979,-0.100909,4.213188,83|84|85|86|87|88,0.5643
6884.717026,-0.361180,-15.395339,-0.008027,12.789613,0.004928,-0.002266,-4.214186,-0.102484,4.215432,83|84|85|86|87|88,0.5653
6884.733692,-0.364671,-15.403716,-0.008677,12.804426,0.005198,-0.002624,-4.224445,-0.104650,4.225741,83|84|85|86|87|88,0.5663
6884.750359,-0.361907,-15.418764,-0.008846,12.804426,0.005198,-0.002624,-4.216268,-0.103143,4.217529,83|84|85|86|87|88,0.5649
6884.817026,-0.361908,-15.418765,-0.008843,12.839915,0.004792,-0.003046,-4.251757,-0.102737,4.252998,83|84|85|86|87|88,0.5637
6884.833692,-0.371799,-15.456580,-0.009198,12.839915,0.004792,-0.003046,-4.231202,-0.108101,4.232582,83|84|85|86|87|88|89,0.5560
6884.850359,-0.371598,-15.457788,-0.009262,12.854064,0.005698,-0.002982,-4.244694,-0.108897,4.246091,84|85|86|87|88|89,0.5627
6884.867026,-0.356476,-15.487522,-0.009228,12.854064,0.005698,-0.002982,-4.228539,-0.100669,4.229737,84|85|86|87|88|89,0.5598
6884.883692,-0.350682,-15.487246,-0.009201,12.860603,0.005182,-0.002979,-4.235230,-0.097004,4.236341,84|85|86|87|88|89,0.5613
6884.900359,-0.350681,-15.487251,-0.009201,12.875269,0.005392,-0.003085,-4.249894,-0.097214,4.251005,84|85|86|87|88|89,0.5634
6884.917026,-0.357838,-15.497917,-0.009613,12.875269,0.005392,-0.003085,-4.244094,-0.101100,4.245298,84|85|86|87|88|89,0.5636
6884.933692,-0.357839,-15.497915,-0.009614,12.889954,0.005649,-0.003206,-4.258781,-0.101357,4.259987,84|85|86|87|88|89,0.5632
6884.950359,-0.351923,-15.528752,-0.009232,12.889954,0.005649,-0.003206,-4.242023,-0.098133,4.243158,84|85|86|87|88|89,0.5631
6884.967026,-0.350478,-15.541651,-0.009001,12.896580,0.005444,-0.003145,-4.241639,-0.097139,4.242751,84|85|86|87|88|89,0.5614
6884.983692,-0.352606,-15.540909,-0.008811,12.903211,0.004928,-0.003104,-4.248673,-0.097780,4.249798,84|85|86|87|88|89,0.5642
6885.000359,-0.352604,-15.540910,-0.008811,12.918095,0.005390,-0.002857,-4.263556,-0.098241,4.264688,84|85|86|87|88|89,0.5637
6885.017026,-0.359444,-15.543194,-0.008763,12.925381,0.005458,-0.002820,-4.269599,-0.102025,4.270818,84|85|86|87|88|89,0.5631
6885.033692,-0.355742,-15.558494,-0.008893,12.925381,0.005458,-0.002820,-4.261285,-0.100009,4.262459,84|85|86|87|88|89,0.5628
6885.050359,-0.351722,-15.585856,-0.008467,12.932393,0.005808,-0.002781,-4.253428,-0.098165,4.254560,84|85|86|87|88|89,0.5610
6885.067026,-0.351723,-15.585859,-0.008466,12.944899,0.005436,-0.002967,-4.265932,-0.097794,4.267053,84|85|86|87|88|89,0.5598
6885.083692,-0.346456,-15.593778,-0.008385,12.952451,0.005937,-0.003199,-4.269182,-0.095429,4.270248,84|85|86|87|88|89,0.5615
6885.100359,-0.350464,-15.589053,-0.008498,12.960128,0.006486,-0.003288,-4.279425,-0.098158,4.280550,84|85|86|87|88|89,0.5629
6885.117026,-0.342774,-15.604399,-0.008718,12.960128,0.006486,-0.003288,-4.271087,-0.093974,4.272121,84|85|86|87|88|89,0.5645
6885.133692,-0.342774,-15.604397,-0.008719,12.967565,0.006811,-0.003277,-4.278525,-0.094299,4.279564,84|85|86|87|88|89,0.5635
6885.150359,-0.330007,-15.634634,-0.009507,12.974139,0.006469,-0.003280,-4.268670,-0.087009,4.269557,84|85|86|87|88|89,0.5626
6885.167026,-0.330005,-15.634636,-0.009508,12.981076,0.005681,-0.003172,-4.275607,-0.086220,4.276476,84|85|86|87|88|89,0.5625
6885.183692,-0.345124,-15.643557,-0.009029,12.988118,0.005503,-0.003189,-4.277795,-0.094256,4.278833,84|85|86|87|88|89,0.5626
6885.200359,-0.346806,-15.653318,-0.008667,13.003042,0.005841,-0.002914,-4.287413,-0.095505,4.288477,84|85|86|87|88|89,0.5637
6885.217026,-0.346804,-15.653316,-0.008667,13.003042,0.005841,-0.002914,-4.287415,-0.095504,4.288478,84|85|86|87|88|89,0.5641
6885.233692,-0.342311,-15.680453,-0.008413,13.016572,0.005451,-0.002694,-4.286198,-0.092664,4.287199,84|85|86|87|88|89,0.5633
6885.250359,-0.343908,-15.687972,-0.008510,13.023507,0.005333,-0.002673,-4.289046,-0.093412,4.290063,84|85|86|87|88|89,0.5626
6885.283692,-0.348899,-15.695620,-0.008311,13.030887,0.005580,-0.002633,-4.292267,-0.096369,4.293349,84|85|86|87|88|89,0.5645
6885.300359,-0.348899,-15.695620,-0.008316,13.045648,0.005934,-0.002496,-4.307029,-0.096722,4.308115,84|85|86|87|88|89,0.5635
6885.317026,-0.345497,-15.713869,-0.007564,13.052300,0.005340,-0.002543,-4.303764,-0.094274,4.304796,84|85|86|87|88|89|90|91,0.5621
6885.333692,-0.340770,-15.736941,-0.008034,13.052300,0.005340,-0.002543,-4.291226,-0.091698,4.292206,84|85|86|87|88|89|90|91,0.5494
6885.350359,-0.340137,-15.737480,-0.006826,13.066467,0.004765,-0.002572,-4.305100,-0.090779,4.306057,84|86|87|88|89|90|91,0.5544
6885.367026,-0.355696,-15.743244,-0.006803,13.073884,0.004668,-0.002575,-4.309380,-0.099136,4.310521,86|87|88|89|90|91,0.5635
6885.383692,-0.356647,-15.756843,-0.007107,13.073884,0.004668,-0.002575,-4.301989,-0.099648,4.303143,86|87|88|89|90|91,0.5639
6885.400359,-0.357618,-15.768544,-0.007172,13.081140,0.004540,-0.002440,-4.302885,-0.100045,4.304048,86|87|88|89|90|91,0.5629
6885.433692,-0.349480,-15.782436,-0.006984,13.094576,0.005286,-0.002175,-4.308775,-0.096363,4.309852,86|87|88|89|90|91,0.5613
6885.450359,-0.349482,-15.782438,-0.006985,13.108868,0.005112,-0.002433,-4.323065,-0.096190,4.324135,86|87|88|89|90|91,0.5615
6885.467026,-0.350109,-15.797497,-0.006965,13.108868,0.005112,-0.002433,-4.314880,-0.096526,4.315960,86|87|88|89|90|91,0.5619
6885.483692,-0.350110,-15.797496,-0.006967,13.123336,0.005308,-0.002365,-4.329349,-0.096722,4.330429,86|87|88|89|90|91,0.5622
6885.500359,-0.349228,-15.810938,-0.007206,13.123336,0.005308,-0.002365,-4.322044,-0.096239,4.323115,86|87|88|89|90|91,0.5618
6885.517026,-0.346781,-15.834657,-0.007452,13.136420,0.004106,-0.002525,-4.322238,-0.093700,4.323253,86|87|88|89|90|91,0.5594
6885.533692,-0.346780,-15.834660,-0.007448,13.143255,0.003935,-0.003025,-4.329071,-0.093528,4.330081,86|87|88|89|90|91,0.5626
6885.550359,-0.363851,-15.836941,-0.007067,13.150543,0.004121,-0.003013,-4.335115,-0.102991,4.336338,86|87|88|89|90|91,0.5635
6885.567026,-0.363850,-15.836941,-0.007066,13.157885,0.004186,-0.003008,-4.342456,-0.103056,4.343679,86|87|88|89|90|91,0.5650
6885.583692,-0.361704,-15.862902,-0.008001,13.157885,0.004186,-0.003008,-4.328347,-0.101882,4.329546,86|87|88|89|90|91,0.5635
6885.600359,-0.360719,-15.875639,-0.008148,13.171658,0.005246,-0.003032,-4.335199,-0.102402,4.336408,86|87|88|89|90|91,0.5620
6885.617026,-0.360719,-15.875640,-0.008143,13.178247,0.004787,-0.002866,-4.341788,-0.101943,4.342984,86|87|88|89|90|91,0.5611
6885.633692,-0.353125,-15.882848,-0.007933,13.178247,0.004787,-0.002866,-4.337872,-0.097814,4.338975,86|87|88|89|90|91,0.5610
6885.650359,-0.346082,-15.884094,-0.008279,13.192829,0.004668,-0.003013,-4.351779,-0.093867,4.352791,86|87|88|89|90|91,0.5626
6885.667026,-0.353079,-15.904835,-0.007723,13.192829,0.004668,-0.003013,-4.340505,-0.097663,4.341603,86|87|88|89|90|91,0.5622
6885.700359,-0.353080,-15.904835,-0.007726,13.207154,0.004038,-0.003127,-4.354830,-0.097033,4.355910,86|87|88|89|90|91,0.5628
6885.717026,-0.354274,-15.927628,-0.007563,13.213792,0.003465,-0.003202,-4.349080,-0.097102,4.350164,86|87|88|89|90|91,0.5627
6885.733692,-0.370364,-15.931333,-0.008099,13.228479,0.003636,-0.003502,-4.361748,-0.106017,4.363036,86|87|88|89|90|91,0.5646
6885.750359,-0.370567,-15.940460,-0.008449,13.228479,0.003636,-0.003502,-4.356788,-0.106125,4.358080,86|87|88|89|90|91,0.5644
6885.783692,-0.363737,-15.972503,-0.008706,13.243416,0.003859,-0.003704,-4.354312,-0.102625,4.355521,86|87|88|89|90|91,0.5635
6885.800359,-0.363737,-15.972506,-0.008705,13.256791,0.003230,-0.003956,-4.367685,-0.101996,4.368876,86|87|88|89|90|91,0.5638
6885.817026,-0.363389,-15.982982,-0.008622,13.264226,0.003367,-0.004318,-4.369427,-0.101941,4.370616,86|87|88|89|90|91,0.5631
6885.833692,-0.365254,-15.982227,-0.008407,13.271711,0.003460,-0.004454,-4.377322,-0.103048,4.378534,86|87|88|89|90|91,0.5635
6885.850359,-0.368013,-16.003541,-0.008341,13.279153,0.003331,-0.004546,-4.373179,-0.104411,4.374426,86|87|88|89|90|91|92,0.5635
6885.867026,-0.366563,-16.018176,-0.008885,13.279153,0.003331,-0.004546,-4.365226,-0.103619,4.366456,87|88|89|90|91|92,0.5651
6885.883692,-0.368150,-16.028793,-0.008593,13.286276,0.002813,-0.004566,-4.366578,-0.103960,4.367815,87|88|89|90|91|92,0.5640
6885.900359,-0.375164,-16.033693,-0.008537,13.293048,0.002488,-0.004622,-4.370686,-0.107446,4.372006,87|88|89|90|91|92,0.5648
6885.933692,-0.379595,-16.042413,-0.008857,13.307156,0.002908,-0.004878,-4.380052,-0.110271,4.381440,87|88|89|90|91|92,0.5646
6885.950359,-0.371343,-16.058232,-0.009375,13.314759,0.003443,-0.004829,-4.379062,-0.106316,4.380352,87|88|89|90|91|92,0.5635
6885.967026,-0.363431,-16.073695,-0.008973,13.321532,0.003953,-0.004906,-4.377432,-0.102521,4.378633,87|88|89|90|91|92,0.5623
6885.983692,-0.356149,-16.075268,-0.008596,13.327955,0.003455,-0.004897,-4.383003,-0.098065,4.384100,87|88|89|90|91|92,0.5622
6886.000359,-0.356149,-16.075268,-0.008599,13.342487,0.003522,-0.004845,-4.397535,-0.098133,4.398630,87|88|89|90|91|92,0.5640
6886.017026,-0.362594,-16.074596,-0.009271,13.349932,0.003718,-0.004908,-4.405343,-0.101831,4.406520,87|88|89|90|91|92,0.5655
6886.033692,-0.365423,-16.081746,-0.009039,13.357346,0.003819,-0.004977,-4.408870,-0.103468,4.410084,87|88|89|90|91|92,0.5649
6886.050359,-0.360900,-16.099396,-0.008938,13.364122,0.003627,-0.004908,-4.406056,-0.100812,4.407209,87|88|89|90|91|92,0.5638
6886.067026,-0.357745,-16.114395,-0.009128,13.364122,0.003627,-0.004908,-4.397905,-0.099093,4.399021,87|88|89|90|91|92,0.5631
6886.083692,-0.357702,-16.129649,-0.008570,13.370709,0.003216,-0.004878,-4.396202,-0.098653,4.397309,87|88|89|90|91|92,0.5628
6886.100359,-0.362956,-16.131210,-0.008199,13.385536,0.003467,-0.004922,-4.410178,-0.101760,4.411352,87|88|89|90|91|92,0.5633
6886.117026,-0.362957,-16.131207,-0.008203,13.392809,0.003601,-0.004880,-4.417453,-0.101893,4.418628,87|88|89|90|91|92,0.5634
6886.133692,-0.362819,-16.141953,-0.008415,13.400021,0.003849,-0.004867,-4.418825,-0.102064,4.420004,87|88|89|90|91|92,0.5632
6886.183692,-0.352478,-16.175700,-0.009698,13.412320,0.003317,-0.004977,-4.412787,-0.095901,4.413829,87|88|89|90|91|92,0.5619
6886.217026,-0.352480,-16.175700,-0.009697,13.434124,0.004522,-0.006622,-4.434590,-0.097107,4.435653,87|88|89|90|91|92,0.5642
6886.233692,-0.351585,-16.189865,-0.010999,13.434124,0.004522,-0.006622,-4.426892,-0.096616,4.427947,87|88|89|90|91|92,0.5634
6886.250359,-0.336681,-16.220431,-0.011819,13.440828,0.004254,-0.006520,-4.416989,-0.088238,4.417870,87|88|89|90|91|92,0.5618
6886.267026,-0.336680,-16.220435,-0.011814,13.454753,0.003027,-0.006546,-4.430912,-0.087011,4.431766,87|88|89|90|91|92,0.5634
6886.283692,-0.339976,-16.221706,-0.011383,13.462329,0.003203,-0.006467,-4.437797,-0.088979,4.438688,87|88|89|90|91|92,0.5643
6886.300359,-0.350744,-16.229709,-0.011610,13.462329,0.003203,-0.006467,-4.433444,-0.094828,4.434458,87|88|89|90|91|92,0.5643
6886.317026,-0.351825,-16.253243,-0.010762,13.469783,0.003321,-0.006285,-4.428107,-0.095525,4.429137,87|88|89|90|91|92,0.5634
6886.333692,-0.350123,-16.267113,-0.010303,13.483332,0.003065,-0.005938,-4.434119,-0.094340,4.435123,87|88|89|90|91|92|93|94,0.5528
6886.350359,-0.350132,-16.267172,-0.010305,13.483332,0.003065,-0.005938,-4.434087,-0.094345,4.435090,87|88|89|90|91|92|93|94,0.5614
6886.367026,-0.352889,-16.273314,-0.009897,13.490137,0.002713,-0.005927,-4.437553,-0.095490,4.438580,87|88|89|90|91|92|93|94,0.5624
6886.433692,-0.349911,-16.324873,-0.009958,13.518791,0.002716,-0.005906,-4.438187,-0.093859,4.439179,89|90|91|92|93|94,0.5609
6886.450359,-0.355216,-16.328128,-0.010289,13.525212,0.002256,-0.005873,-4.442837,-0.096280,4.443880,89|90|91|92|93|94,0.5616
6886.483692,-0.362665,-16.339597,-0.009825,13.539958,0.001997,-0.005800,-4.451347,-0.100066,4.452472,89|90|91|92|93|94,0.5628
6886.500359,-0.362665,-16.339595,-0.009824,13.554054,0.002325,-0.005541,-4.465444,-0.100395,4.466572,89|90|91|92|93|94,0.5618
6886.517026,-0.363795,-16.352243,-0.009685,13.560732,0.002563,-0.005448,-4.465248,-0.101242,4.466395,89|90|91|92|93|94,0.5606
6886.533692,-0.357491,-16.368627,-0.010080,13.567834,0.002345,-0.005470,-4.463448,-0.097593,4.464515,89|90|91|92|93|94,0.5603
6886.550359,-0.357490,-16.368628,-0.010080,13.575042,0.002242,-0.005703,-4.470655,-0.097490,4.471718,89|90|91|92|93|94,0.5607
6886.567026,-0.353837,-16.372900,-0.010100,13.582437,0.002283,-0.005862,-4.475729,-0.095544,4.476749,89|90|91|92|93|94,0.5619
6886.583692,-0.356457,-16.382398,-0.010400,13.589809,0.002282,-0.005941,-4.477939,-0.096964,4.478988,89|90|91|92|93|94,0.5610
6886.617026,-0.355396,-16.422880,-0.011004,13.596584,0.001582,-0.006044,-4.462713,-0.095675,4.463739,89|90|91|92|93|94,0.5606
6886.633692,-0.364879,-16.426521,-0.011122,13.602708,0.001324,-0.006018,-4.466855,-0.100570,4.467987,89|90|91|92|93|94,0.5610
6886.650359,-0.364879,-16.426523,-0.011129,13.616656,0.001075,-0.006483,-4.480802,-0.100321,4.481925,89|90|91|92|93|94,0.5629
6886.667026,-0.372425,-16.428693,-0.010559,13.616656,0.001075,-0.006483,-4.479621,-0.104421,4.480837,89|90|91|92|93|94,0.5637
6886.683693,-0.369499,-16.446106,-0.010256,13.623901,0.001160,-0.006491,-4.477402,-0.102910,4.478585,89|90|91|92|93|94,0.5628
6886.700359,-0.369499,-16.446106,-0.010255,13.637916,0.002167,-0.006261,-4.491418,-0.103917,4.492620,89|90|91|92|93|94,0.5619
6886.717026,-0.368095,-16.460216,-0.010186,13.637916,0.002167,-0.006261,-4.483750,-0.103150,4.484936,89|90|91|92|93|94,0.5624
6886.750359,-0.360373,-16.473287,-0.009509,13.651714,0.001562,-0.006003,-4.490447,-0.098344,4.491523,89|90|91|92|93|94,0.5623
6886.767026,-0.360372,-16.473287,-0.009510,13.658994,0.001436,-0.006129,-4.497727,-0.098218,4.498799,89|90|91|92|93|94,0.5619
6886.783693,-0.361907,-16.501491,-0.009900,13.666412,0.001336,-0.006180,-4.489815,-0.098943,4.490905,89|90|91|92|93|94,0.5621
6886.800359,-0.361907,-16.501491,-0.009899,13.679960,0.000445,-0.006307,-4.503364,-0.098051,4.504431,89|90|91|92|93|94,0.5620
6886.817026,-0.362888,-16.513679,-0.010376,13.679960,0.000445,-0.006307,-4.496739,-0.098581,4.497820,89|90|91|92|93|94,0.5613
6886.833693,-0.374621,-16.517984,-0.011651,13.694467,0.000316,-0.006422,-4.508903,-0.104827,4.510121,89|90|91|92|93|94,0.5636
6886.850359,-0.379024,-16.525073,-0.012467,13.694467,0.000316,-0.006422,-4.505049,-0.107218,4.506325,89|90|91|92|93|94,0.5647
6886.867026,-0.379024,-16.525071,-0.012468,13.709290,0.000627,-0.006424,-4.519873,-0.107530,4.521151,89|90|91|92|93|94,0.5639
6886.883693,-0.375063,-16.543068,-0.011771,13.709290,0.000627,-0.006424,-4.510093,-0.105371,4.511324,89|90|91|92|93|94|95,0.5612
6886.900359,-0.369350,-16.568789,-0.012374,13.716003,0.000471,-0.006400,-4.502829,-0.102103,4.503987,90|91|92|93|94|95,0.5627
6886.917026,-0.370917,-16.566148,-0.012728,13.722743,-0.000106,-0.006423,-4.511004,-0.102378,4.512165,89|90|91|92|93|94|95,0.5564
6886.933693,-0.370730,-16.566997,-0.012777,13.737643,0.000056,-0.006843,-4.525443,-0.102438,4.526602,90|91|92|93|94|95,0.5663
6886.950359,-0.375673,-16.587549,-0.013105,13.737643,0.000056,-0.006843,-4.514272,-0.105118,4.515496,90|91|92|93|94|95,0.5656
6886.967026,-0.374268,-16.602300,-0.012817,13.745051,-0.000004,-0.007024,-4.513663,-0.104289,4.514868,90|91|92|93|94|95,0.5641
6886.983693,-0.375308,-16.614963,-0.012837,13.752020,-0.000570,-0.007072,-4.513750,-0.104285,4.514954,90|91|92|93|94|95,0.5636
6887.000359,-0.382576,-16.620366,-0.012656,13.758625,-0.000778,-0.007116,-4.517415,-0.108026,4.518707,90|91|92|93|94|95,0.5625
6887.017026,-0.384959,-16.620873,-0.012917,13.765338,-0.001115,-0.007327,-4.523853,-0.108983,4.525165,90|91|92|93|94|95,0.5642
6887.033693,-0.384960,-16.620875,-0.012920,13.772381,-0.000663,-0.007607,-4.530894,-0.109436,4.532216,90|91|92|93|94|95,0.5645
6887.050359,-0.388227,-16.624887,-0.013097,13.779856,-0.000159,-0.007512,-4.536188,-0.111714,4.537564,90|91|92|93|94|95,0.5641
6887.067026,-0.380452,-16.640837,-0.013374,13.793056,0.000069,-0.007611,-4.540722,-0.107712,4.541999,90|91|92|93|94|95,0.5618
6887.083693,-0.372604,-16.656743,-0.013895,13.799841,-0.000408,-0.007704,-4.538865,-0.102964,4.540033,90|91|92|93|94|95,0.5615
6887.100359,-0.368316,-16.657494,-0.013674,13.799841,-0.000408,-0.007704,-4.538459,-0.100634,4.539574,90|91|92|93|94|95,0.5631
6887.117026,-0.374178,-16.662825,-0.014106,13.807460,-0.000086,-0.007551,-4.543178,-0.104139,4.544371,90|91|92|93|94|95,0.5637
6887.133693,-0.369501,-16.680220,-0.013980,13.815107,0.000085,-0.007555,-4.541373,-0.101764,4.542513,90|91|92|93|94|95,0.5635
6887.150359,-0.369500,-16.680217,-0.013977,13.829297,0.000094,-0.007266,-4.555565,-0.101772,4.556701,90|91|92|93|94|95,0.5630
6887.167026,-0.365487,-16.712091,-0.013680,13.829297,0.000094,-0.007266,-4.538243,-0.099581,4.539336,90|91|92|93|94|95,0.5634
6887.200359,-0.365488,-16.712094,-0.013692,13.850608,-0.000299,-0.007149,-4.559552,-0.099188,4.560630,90|91|92|93|94|95,0.5634
6887.217026,-0.368730,-16.714700,-0.012643,13.857812,-0.000223,-0.007061,-4.565338,-0.101025,4.566456,90|91|92|93|94|95,0.5636
6887.233693,-0.367687,-16.741285,-0.012438,13.857812,-0.000223,-0.007061,-4.550890,-0.100450,4.551999,90|91|92|93|94|95,0.5628
6887.250359,-0.367687,-16.741285,-0.012435,13.871098,0.000520,-0.006685,-4.564177,-0.101193,4.565298,90|91|92|93|94|95,0.5623
6887.267026,-0.366144,-16.754022,-0.012322,13.877620,0.000199,-0.006596,-4.563777,-0.100030,4.564873,90|91|92|93|94|95,0.5613
6887.283693,-0.354644,-16.760648,-0.011207,13.877620,0.000199,-0.006596,-4.560180,-0.093778,4.561144,90|91|92|93|94|95,0.5615
6887.317026,-0.359274,-16.770112,-0.011028,13.892212,0.000593,-0.006748,-4.569627,-0.096685,4.570650,90|91|92|93|94|95,0.5637
6887.333693,-0.359274,-16.770110,-0.011028,13.906732,0.000768,-0.006706,-4.584147,-0.096860,4.585170,90|91|92|93|94|95,0.5632
6887.350359,-0.351866,-16.788668,-0.011090,13.906732,0.000768,-0.006706,-4.574064,-0.092828,4.575005,90|91|92|93|94|95,0.5622
6887.367026,-0.347829,-16.812670,-0.012424,13.920026,-0.000160,-0.006174,-4.574315,-0.089699,4.575194,90|91|92|93|94|95|96,0.5543
6887.383693,-0.353042,-16.814882,-0.012355,13.920026,-0.000160,-0.006174,-4.573111,-0.092531,4.574047,90|91|92|93|94|95|96,0.5572
6887.417026,-0.354035,-16.815581,-0.010815,13.935014,0.000018,-0.005745,-4.587719,-0.093249,4.588667,90|91|92|93|94|95|96|97,0.5563
6887.433693,-0.358194,-16.849676,-0.011700,13.948646,0.000215,-0.004915,-4.582820,-0.095695,4.583819,92|93|94|95|96|97,0.5642
6887.450359,-0.358194,-16.849677,-0.011699,13.948646,0.000215,-0.004915,-4.582820,-0.095695,4.583819,92|93|94|95|96|97,0.5631
6887.467026,-0.355049,-16.858412,-0.011152,13.955589,-0.000082,-0.004660,-4.585015,-0.093687,4.585972,92|93|94|95|96|97,0.5647
6887.483693,-0.355049,-16.858412,-0.011150,13.970287,-0.000024,-0.004434,-4.599714,-0.093745,4.600669,92|93|94|95|96|97,0.5657
6887.500359,-0.359641,-16.880502,-0.010321,13.970287,-0.000024,-0.004434,-4.587707,-0.096233,4.588716,92|93|94|95|96|97,0.5640
6887.517026,-0.357632,-16.892685,-0.010664,13.977413,0.000021,-0.004516,-4.588212,-0.095182,4.589199,92|93|94|95|96|97,0.5624
6887.533693,-0.357632,-16.892684,-0.010664,13.984489,-0.000024,-0.004562,-4.595289,-0.095138,4.596274,92|93|94|95|96|97,0.5614
6887.550359,-0.356645,-16.905327,-0.011284,13.990866,-0.000486,-0.004566,-4.594795,-0.094135,4.595759,92|93|94|95|96|97,0.5602
6887.567026,-0.362927,-16.910909,-0.011321,13.998110,-0.000720,-0.004341,-4.599004,-0.097314,4.600033,92|93|94|95|96|97,0.5617
6887.583693,-0.366629,-16.922187,-0.011265,14.005478,-0.000855,-0.004241,-4.600241,-0.099187,4.601310,92|93|94|95|96|97,0.5624
6887.600359,-0.368609,-16.933818,-0.011042,14.012741,-0.001007,-0.004025,-4.601182,-0.100107,4.602271,92|93|94|95|96|97,0.5625
6887.617026,-0.370550,-16.945244,-0.010330,14.026332,-0.000373,-0.003741,-4.608562,-0.101793,4.609686,92|93|94|95|96|97,0.5621
6887.633693,-0.370552,-16.945243,-0.010328,14.026332,-0.000373,-0.003741,-4.608563,-0.101794,4.609687,92|93|94|95|96|97,0.5611
6887.650359,-0.367066,-16.951476,-0.010030,14.040625,-0.000616,-0.003900,-4.619470,-0.099655,4.620544,92|93|94|95|96|97,0.5628
6887.667026,-0.360374,-16.954768,-0.009667,14.048022,-0.000601,-0.003792,-4.625080,-0.096032,4.626077,92|93|94|95|96|97,0.5628
6887.683693,-0.362631,-16.977526,-0.009662,14.055409,-0.000607,-0.003818,-4.620097,-0.097245,4.621121,92|93|94|95|96|97,0.5634
6887.700359,-0.362528,-16.990422,-0.009647,14.055409,-0.000607,-0.003818,-4.613089,-0.097185,4.614112,92|93|94|95|96|97,0.5622
6887.717026,-0.362528,-16.990421,-0.009645,14.068597,-0.001128,-0.003923,-4.626278,-0.096664,4.627288,92|93|94|95|96|97,0.5602
6887.733693,-0.365822,-17.010451,-0.009798,14.075180,-0.001660,-0.004078,-4.621974,-0.097916,4.623011,92|93|94|95|96|97,0.5603
6887.750359,-0.365821,-17.010451,-0.009800,14.075180,-0.001660,-0.004078,-4.621974,-0.097916,4.623011,92|93|94|95|96|97,0.5620
6887.767026,-0.370017,-17.006067,-0.009884,14.089791,-0.001509,-0.003953,-4.638966,-0.100348,4.640051,92|93|94|95|96|97,0.5635
6887.783693,-0.375476,-17.029486,-0.010018,14.089791,-0.001509,-0.003953,-4.626237,-0.103308,4.627390,92|93|94|95|96|97,0.5630
6887.800359,-0.374000,-17.041215,-0.009587,14.097047,-0.001363,-0.003831,-4.627118,-0.102648,4.628257,92|93|94|95|96|97,0.5631
6887.817026,-0.371210,-17.051368,-0.009085,14.110545,-0.000470,-0.004116,-4.635099,-0.102022,4.636222,92|93|94|95|96|97,0.5631
6887.833693,-0.363903,-17.055934,-0.008844,14.110545,-0.000470,-0.004116,-4.632620,-0.098049,4.633658,92|93|94|95|96|97,0.5623
6887.850359,-0.359662,-17.057453,-0.008734,14.117468,-0.000731,-0.003747,-4.638719,-0.095483,4.639702,92|93|94|95|96|97,0.5620
6887.867026,-0.359663,-17.057453,-0.008730,14.132101,-0.001014,-0.003793,-4.653352,-0.095200,4.654326,92|93|94|95|96|97,0.5637
6887.883693,-0.365521,-17.082143,-0.008144,14.139379,-0.001150,-0.004006,-4.647209,-0.098240,4.648248,92|93|94|95|96|97,0.5630
6887.900359,-0.367511,-17.094268,-0.008016,14.145775,-0.001606,-0.004033,-4.647016,-0.098861,4.648067,92|93|94|95|96|97|98,0.5582
6887.917026,-0.369420,-17.102667,-0.009044,14.145775,-0.001606,-0.004033,-4.642450,-0.099896,4.643525,92|93|94|95|96|97|98,0.5618
6887.933693,-0.375538,-17.100436,-0.009282,14.152662,-0.002165,-0.004340,-4.650547,-0.102664,4.651680,92|93|94|95|96|97|98,0.5650
6887.950359,-0.375543,-17.100459,-0.009291,14.160373,-0.002071,-0.004532,-4.658246,-0.102760,4.659380,92|93|94|95|96|97|98,0.5651
6887.967026,-0.380377,-17.125902,-0.010466,14.175457,-0.002003,-0.004593,-4.659501,-0.105448,4.660694,93|94|95|96|97|98,0.5650
6887.983693,-0.380410,-17.141153,-0.010231,14.175457,-0.002003,-0.004593,-4.651212,-0.105461,4.652408,93|94|95|96|97|98,0.5641
6888.000359,-0.378312,-17.152813,-0.010353,14.182185,-0.001640,-0.004629,-4.651604,-0.104679,4.652782,93|94|95|96|97|98,0.5630
6888.017026,-0.378314,-17.152815,-0.010349,14.188659,-0.002348,-0.004675,-4.658077,-0.103973,4.659237,93|94|95|96|97|98,0.5639
6888.033693,-0.373651,-17.151877,-0.010661,14.196197,-0.002376,-0.005162,-4.666126,-0.101411,4.667228,93|94|95|96|97|98,0.5642
6888.050359,-0.381964,-17.171197,-0.011791,14.203685,-0.002499,-0.005224,-4.663111,-0.105799,4.664311,93|94|95|96|97|98,0.5640
6888.067026,-0.381963,-17.171197,-0.011791,14.211184,-0.002615,-0.005415,-4.670611,-0.105683,4.671806,93|94|95|96|97|98,0.5642
6888.083693,-0.383259,-17.186081,-0.011398,14.224604,-0.002963,-0.005701,-4.675940,-0.106034,4.677143,93|94|95|96|97|98,0.5631
6888.100359,-0.384594,-17.200973,-0.011299,14.231072,-0.003443,-0.005717,-4.674316,-0.106276,4.675524,93|94|95|96|97|98,0.5625
6888.117026,-0.389400,-17.205089,-0.011154,14.238405,-0.003097,-0.005693,-4.679410,-0.109233,4.680684,93|94|95|96|97|98,0.5627
6888.133693,-0.389399,-17.205089,-0.011158,14.246014,-0.002731,-0.005618,-4.687019,-0.109598,4.688300,93|94|95|96|97|98,0.5642
6888.150359,-0.389516,-17.224804,-0.010465,14.246014,-0.002731,-0.005618,-4.676304,-0.109655,4.677590,93|94|95|96|97|98,0.5634
6888.167026,-0.389517,-17.224803,-0.010466,14.259656,-0.001279,-0.005571,-4.689947,-0.111108,4.691263,93|94|95|96|97|98,0.5617
6888.183693,-0.383942,-17.241032,-0.010574,14.266065,-0.002174,-0.005515,-4.687537,-0.107177,4.688762,93|94|95|96|97|98,0.5618
6888.200359,-0.372845,-17.247870,-0.010711,14.273323,-0.002268,-0.005718,-4.691082,-0.101051,4.692170,93|94|95|96|97|98,0.5617
6888.217026,-0.375272,-17.248470,-0.010623,14.273323,-0.002268,-0.005718,-4.690755,-0.102369,4.691872,93|94|95|96|97|98,0.5635
6888.233693,-0.375689,-17.261079,-0.011436,14.288481,-0.002134,-0.005772,-4.699060,-0.102727,4.700183,93|94|95|96|97|98,0.5639
6888.267026,-0.375688,-17.261079,-0.011446,14.302101,-0.001908,-0.005524,-4.712681,-0.102952,4.713806,93|94|95|96|97|98,0.5636
6888.283693,-0.372930,-17.293042,-0.011743,14.309148,-0.002247,-0.005169,-4.702358,-0.101104,4.703444,93|94|95|96|97|98,0.5628
6888.300359,-0.368798,-17.300507,-0.011593,14.309148,-0.002247,-0.005169,-4.698302,-0.098856,4.699342,93|94|95|96|97|98,0.5633
6888.333693,-0.368798,-17.300510,-0.011588,14.323590,-0.002474,-0.004337,-4.712742,-0.098629,4.713774,93|94|95|96|97|98,0.5630
6888.350359,-0.375385,-17.337162,-0.010213,14.330613,-0.002659,-0.003720,-4.699843,-0.102013,4.700950,93|94|95|96|97|98,0.5632
6888.367026,-0.375604,-17.348056,-0.009499,14.337278,-0.002025,-0.002746,-4.700588,-0.102762,4.701711,93|94|95|96|97|98,0.5619
6888.383693,-0.364510,-17.349356,-0.008528,14.343803,-0.001420,-0.002053,-4.706409,-0.097337,4.707416,93|94|95|96|97|98,0.5627
6888.400359,-0.355020,-17.352456,-0.007729,14.357112,-0.001354,-0.001190,-4.718037,-0.092245,4.718939,93|94|95|96|97|98,0.5636
6888.433693,-0.356800,-17.372999,-0.006683,14.364063,-0.001301,-0.001076,-4.713822,-0.093259,4.714745,93|94|95|96|97|98|99|100,0.5654
6888.450359,-0.355961,-17.385915,-0.006355,14.371120,-0.001230,-0.000431,-4.713860,-0.092869,4.714775,93|94|95|96|97|98|99|100,0.5569
6888.467026,-0.355946,-17.385938,-0.006331,14.384173,-0.001033,0.001029,-4.726900,-0.093059,4.727816,93|94|95|96|97|98|99|100,0.5492
6888.483693,-0.352751,-17.395538,-0.006067,14.391367,-0.001250,0.001479,-4.728878,-0.091102,4.729756,95|96|97|98|99|100,0.5641
6888.500359,-0.350756,-17.402393,-0.004268,14.391367,-0.001250,0.001479,-4.725153,-0.090016,4.726010,95|96|97|98|99|100,0.5653
6888.517026,-0.350757,-17.402395,-0.004267,14.406020,-0.001800,0.001811,-4.739805,-0.089467,4.740650,95|96|97|98|99|100,0.5665
6888.533693,-0.355309,-17.413657,-0.004334,14.412961,-0.001736,0.002025,-4.740624,-0.092001,4.741517,95|96|97|98|99|100,0.5678
6888.550359,-0.364626,-17.436661,-0.003889,14.412961,-0.001736,0.002025,-4.728119,-0.097057,4.729115,95|96|97|98|99|100,0.5670
6888.567026,-0.364625,-17.436661,-0.003890,14.426706,-0.001235,0.002233,-4.741864,-0.097558,4.742868,95|96|97|98|99|100,0.5671
6888.583693,-0.363495,-17.442851,-0.003360,14.426706,-0.001235,0.002233,-4.738500,-0.096942,4.739492,95|96|97|98|99|100,0.5663
6888.600359,-0.360599,-17.448228,-0.003320,14.440841,-0.001723,0.002283,-4.749714,-0.094878,4.750661,95|96|97|98|99|100,0.5655
6888.617026,-0.357237,-17.457827,-0.003268,14.440841,-0.001723,0.002283,-4.744498,-0.093048,4.745410,95|96|97|98|99|100,0.5653
6888.633693,-0.364778,-17.480270,-0.003226,14.447983,-0.001964,0.002308,-4.739441,-0.096898,4.740431,95|96|97|98|99|100,0.5632
6888.650359,-0.364778,-17.480271,-0.003225,14.462076,-0.001546,0.002506,-4.753533,-0.097316,4.754529,95|96|97|98|99|100,0.5621
6888.683693,-0.362412,-17.503517,-0.003502,14.476456,-0.002206,0.002774,-4.755280,-0.095363,4.756236,95|96|97|98|99|100,0.5623
6888.700359,-0.365750,-17.510697,-0.002986,14.476456,-0.002206,0.002774,-4.751376,-0.097175,4.752370,95|96|97|98|99|100,0.5635
6888.717026,-0.365750,-17.510697,-0.002986,14.483627,-0.002441,0.002782,-4.758548,-0.096939,4.759535,95|96|97|98|99|100,0.5636
6888.733693,-0.373255,-17.522482,-0.002892,14.490520,-0.002399,0.002762,-4.759033,-0.101057,4.760106,95|96|97|98|99|100,0.5623
6888.750359,-0.376719,-17.529702,-0.003182,14.504703,-0.001270,0.002078,-4.769292,-0.104066,4.770427,95|96|97|98|99|100,0.5631
6888.767026,-0.376650,-17.532897,-0.002740,14.511909,-0.001498,0.002061,-4.774761,-0.103800,4.775890,95|96|97|98|99|100,0.5629
6888.783693,-0.369434,-17.542510,-0.002690,14.519183,-0.001768,0.002018,-4.776813,-0.099605,4.777852,95|96|97|98|99|100,0.5614
6888.800359,-0.363637,-17.566265,-0.003252,14.519183,-0.001768,0.002018,-4.763905,-0.096447,4.764881,95|96|97|98|99|100,0.5616
6888.817026,-0.367558,-17.578164,-0.003473,14.533349,-0.001776,0.002023,-4.771602,-0.098566,4.772620,95|96|97|98|99|100,0.5622
6888.833693,-0.367557,-17.578164,-0.003475,14.540084,-0.001687,0.002140,-4.778338,-0.098656,4.779356,95|96|97|98|99|100,0.5616
6888.850359,-0.367901,-17.593624,-0.004430,14.547238,-0.001985,0.002109,-4.777089,-0.098539,4.778105,95|96|97|98|99|100,0.5613
6888.883693,-0.367900,-17.593626,-0.004428,14.561641,-0.002482,0.002187,-4.791491,-0.098041,4.792494,95|96|97|98|99|100,0.5640
6888.900359,-0.375508,-17.620214,-0.003652,14.561641,-0.002482,0.002187,-4.777039,-0.102168,4.778131,95|96|97|98|99|100,0.5634
6888.917026,-0.379158,-17.631447,-0.003945,14.568489,-0.002271,0.002224,-4.777781,-0.104359,4.778920,95|96|97|98|99|100,0.5626
6888.967026,-0.379158,-17.631448,-0.003947,14.596258,-0.001627,0.002082,-4.805549,-0.105003,4.806696,95|96|97|98|99|100,0.5616
6888.983693,-0.361451,-17.660906,-0.003736,14.596258,-0.001627,0.002082,-4.789545,-0.095370,4.790494,95|96|97|98|99|100|101,0.5604
6889.000359,-0.368715,-17.672377,-0.003341,14.610264,-0.002110,0.002086,-4.797314,-0.098833,4.798332,96|97|98|99|100|101,0.5635
6889.017026,-0.368714,-17.672374,-0.003342,14.610264,-0.002110,0.002086,-4.797316,-0.098832,4.798334,96|97|98|99|100|101,0.5623
6889.033693,-0.376025,-17.685634,-0.003461,14.617045,-0.001960,0.001773,-4.796888,-0.102951,4.797993,96|97|98|99|100|101,0.5627
6889.050359,-0.376026,-17.685635,-0.003460,14.631949,-0.002329,0.001788,-4.811791,-0.102582,4.812884,96|97|98|99|100|101,0.5634
6889.067026,-0.375452,-17.705073,-0.003850,14.631949,-0.002329,0.001788,-4.801227,-0.102264,4.802316,96|97|98|99|100|101,0.5642
6889.083693,-0.378905,-17.716717,-0.004091,14.639074,-0.002563,0.001838,-4.802023,-0.103903,4.803147,96|97|98|99|100|101,0.5648
6889.100359,-0.378905,-17.716716,-0.004091,14.652523,-0.002296,0.001925,-4.815473,-0.104170,4.816600,96|97|98|99|100|101,0.5644
6889.117026,-0.382522,-17.728420,-0.003850,14.659459,-0.002001,0.001858,-4.816047,-0.106428,4.817222,96|97|98|99|100|101,0.5647
6889.133693,-0.381448,-17.735532,-0.004092,14.666714,-0.002284,0.001787,-4.819437,-0.105558,4.820593,96|97|98|99|100|101,0.5649
6889.150359,-0.374811,-17.748402,-0.004201,14.666714,-0.002284,0.001787,-4.812445,-0.101947,4.813524,96|97|98|99|100|101,0.5648
6889.167026,-0.374810,-17.748401,-0.004202,14.681188,-0.002846,0.001544,-4.826919,-0.101385,4.827983,96|97|98|99|100|101,0.5654
6889.183693,-0.378886,-17.759817,-0.004186,14.688251,-0.002674,0.001524,-4.827777,-0.103768,4.828892,96|97|98|99|100|101,0.5660
6889.200359,-0.387443,-17.782943,-0.004187,14.695050,-0.002773,0.001558,-4.822005,-0.108313,4.823221,96|97|98|99|100|101,0.5646
6889.217026,-0.385134,-17.789556,-0.004559,14.695050,-0.002773,0.001558,-4.818411,-0.107056,4.819601,96|97|98|99|100|101,0.5642
6889.233693,-0.385134,-17.789557,-0.004559,14.709710,-0.003001,0.001671,-4.833071,-0.106828,4.834251,96|97|98|99|100|101,0.5637
6889.250359,-0.390697,-17.806131,-0.005223,14.709710,-0.003001,0.001671,-4.824061,-0.109846,4.825312,96|97|98|99|100|101,0.5635
6889.267026,-0.390767,-17.818967,-0.004897,14.723508,-0.002030,0.001651,-4.830882,-0.110851,4.832154,96|97|98|99|100|101,0.5625
6889.283693,-0.385505,-17.826706,-0.004647,14.730106,-0.001451,0.001602,-4.833277,-0.108568,4.834496,96|97|98|99|100|101,0.5626
6889.300359,-0.377451,-17.830034,-0.003900,14.730106,-0.001451,0.001602,-4.831471,-0.104190,4.832594,96|97|98|99|100|101,0.5632
6889.317026,-0.377451,-17.830033,-0.003898,14.737385,-0.001135,0.001608,-4.838750,-0.104506,4.839879,96|97|98|99|100|101,0.5632
6889.333693,-0.369521,-17.833109,-0.003931,14.751846,-0.001696,0.001500,-4.851541,-0.099633,4.852564,96|97|98|99|100|101,0.5642
6889.350359,-0.365379,-17.844958,-0.003739,14.759080,-0.001823,0.001559,-4.852338,-0.097252,4.853312,96|97|98|99|100|101,0.5651
6889.367026,-0.373285,-17.868950,-0.004242,14.759080,-0.001823,0.001559,-4.839296,-0.101541,4.840361,96|97|98|99|100|101,0.5657
6889.383693,-0.373284,-17.868950,-0.004241,14.765955,-0.001637,0.001531,-4.846171,-0.101727,4.847238,96|97|98|99|100|101,0.5642
6889.400359,-0.372649,-17.882738,-0.003758,14.772860,-0.001332,0.001310,-4.845583,-0.101683,4.846649,96|97|98|99|100|101,0.5638
6889.417026,-0.367829,-17.889524,-0.003950,14.780192,-0.001458,0.001337,-4.849227,-0.098935,4.850236,96|97|98|99|100|101,0.5634
6889.433693,-0.367830,-17.889525,-0.003950,14.787546,-0.001676,0.001379,-4.856581,-0.098717,4.857585,96|97|98|99|100|101,0.5638
6889.450359,-0.370123,-17.901003,-0.003648,14.794891,-0.001897,0.001428,-4.857687,-0.099739,4.858711,96|97|98|99|100|101,0.5640
6889.467026,-0.377162,-17.924953,-0.003842,14.801876,-0.001673,0.001516,-4.851654,-0.103781,4.852764,96|97|98|99|100|101|102|103,0.5639
6889.517026,-0.360471,-17.936698,-0.004597,14.822943,-0.000440,0.002027,-4.866343,-0.095939,4.867289,96|97|98|99|100|101|102|103,0.5580
6889.533693,-0.360504,-17.937645,-0.004004,14.838393,-0.000318,0.002114,-4.881278,-0.096078,4.882224,98|99|100|101|102|103,0.5640
6889.550359,-0.358530,-17.955758,-0.003936,14.838393,-0.000318,0.002114,-4.871435,-0.095000,4.872361,98|99|100|101|102|103,0.5638
6889.567026,-0.356542,-17.982250,-0.003352,14.845445,0.000211,0.002081,-4.864090,-0.094441,4.865007,98|99|100|101|102|103,0.5626
6889.583693,-0.349568,-17.987987,-0.003083,14.851955,-0.000038,0.002307,-4.867484,-0.090400,4.868323,98|99|100|101|102|103,0.5621
6889.600359,-0.354131,-17.988390,-0.002850,14.859227,-0.000430,0.002364,-4.874535,-0.092488,4.875413,98|99|100|101|102|103,0.5639
6889.617026,-0.354131,-17.988390,-0.002850,14.874091,-0.000991,0.002451,-4.889400,-0.091926,4.890264,98|99|100|101|102|103,0.5637
6889.633693,-0.359679,-18.000655,-0.003096,14.874091,-0.000991,0.002451,-4.882733,-0.094937,4.883656,98|99|100|101|102|103,0.5643
6889.650359,-0.364208,-18.012936,-0.003629,14.881090,-0.000811,0.002757,-4.883055,-0.097575,4.884030,98|99|100|101|102|103,0.5644
6889.667026,-0.365159,-18.030480,-0.003265,14.887907,-0.000535,0.002845,-4.880338,-0.098363,4.881329,98|99|100|101|102|103,0.5640
6889.683693,-0.361957,-18.036218,-0.003285,14.894749,-0.000417,0.002937,-4.884062,-0.096738,4.885020,98|99|100|101|102|103,0.5632
6889.700359,-0.361957,-18.036219,-0.003284,14.901867,-0.000583,0.003004,-4.891180,-0.096572,4.892133,98|99|100|101|102|103,0.5639
6889.717026,-0.363538,-18.055463,-0.003385,14.916088,-0.000938,0.003063,-4.894941,-0.097070,4.895903,98|99|100|101|102|103,0.5653
6889.733693,-0.366321,-18.066677,-0.003669,14.923162,-0.000795,0.003163,-4.895920,-0.098722,4.896915,98|99|100|101|102|103,0.5643
6889.750359,-0.366321,-18.066678,-0.003669,14.929989,-0.000654,0.003151,-4.902746,-0.098864,4.903743,98|99|100|101|102|103,0.5629
6889.767026,-0.367094,-18.085845,-0.003635,14.929989,-0.000654,0.003151,-4.892329,-0.099278,4.893336,98|99|100|101|102|103,0.5618
6889.783693,-0.367095,-18.085847,-0.003635,14.944409,-0.001248,0.003271,-4.906748,-0.098684,4.907740,98|99|100|101|102|103,0.5604
6889.800359,-0.368383,-18.097235,-0.003668,14.944409,-0.001248,0.003271,-4.900559,-0.099381,4.901566,98|99|100|101|102|103,0.5624
6889.817026,-0.368383,-18.097235,-0.003669,14.951618,-0.001531,0.003288,-4.907768,-0.099098,4.908768,98|99|100|101|102|103,0.5636
6889.833693,-0.378857,-18.118225,-0.003196,14.965226,-0.001204,0.003242,-4.909965,-0.105110,4.911090,98|99|100|101|102|103,0.5635
6889.850359,-0.378857,-18.118226,-0.003197,14.965226,-0.001204,0.003242,-4.909964,-0.105110,4.911089,98|99|100|101|102|103,0.5647
6889.867026,-0.377893,-18.121570,-0.002934,14.979928,-0.000506,0.002984,-4.922848,-0.105284,4.923974,98|99|100|101|102|103,0.5643
6889.883693,-0.363055,-18.141962,-0.002245,14.987206,-0.000676,0.002977,-4.919049,-0.097043,4.920006,98|99|100|101|102|103,0.5636
6889.900359,-0.365829,-18.153376,-0.002160,14.994459,-0.000867,0.002935,-4.920098,-0.098357,4.921081,98|99|100|101|102|103,0.5642
6889.917026,-0.368444,-18.164702,-0.001825,14.994459,-0.000867,0.002935,-4.913941,-0.099774,4.914954,98|99|100|101|102|103,0.5636
6889.933693,-0.371192,-18.176326,-0.001875,15.001457,-0.000660,0.002983,-4.914622,-0.101471,4.915669,98|99|100|101|102|103,0.5632
6889.967026,-0.371194,-18.176330,-0.001882,15.022308,-0.001202,0.003058,-4.935469,-0.100930,4.936501,98|99|100|101|102|103,0.5619
6889.983693,-0.368764,-18.183768,-0.001678,15.029498,-0.001354,0.003125,-4.938618,-0.099455,4.939620,98|99|100|101|102|103,0.5629
6890.000359,-0.377446,-18.206832,-0.003060,15.029498,-0.001354,0.003125,-4.926081,-0.104166,4.927182,98|99|100|101|102|103|104,0.5632
6890.017026,-0.377463,-18.206855,-0.003095,15.043100,-0.000901,0.003079,-4.939671,-0.104629,4.940779,98|99|100|101|102|103|104,0.5569
6890.050359,-0.374810,-18.230473,-0.003763,15.056949,-0.000111,0.003034,-4.940685,-0.103969,4.941778,99|100|101|102|103|104,0.5628
6890.067026,-0.366803,-18.240060,-0.003287,15.056949,-0.000111,0.003034,-4.935477,-0.099615,4.936482,99|100|101|102|103|104,0.5623
6890.083693,-0.366803,-18.240061,-0.003289,15.071039,-0.000844,0.003014,-4.949566,-0.098882,4.950554,99|100|101|102|103|104,0.5630
6890.100359,-0.364644,-18.248052,-0.002772,15.077991,-0.000856,0.003004,-4.952176,-0.097694,4.953140,99|100|101|102|103|104,0.5621
6890.117026,-0.370092,-18.259072,-0.002999,15.077991,-0.000856,0.003004,-4.946186,-0.100651,4.947210,99|100|101|102|103|104,0.5611
6890.133693,-0.375640,-18.270206,-0.003181,15.084789,-0.000756,0.002988,-4.946931,-0.103764,4.948019,99|100|101|102|103|104,0.5614
6890.183693,-0.385470,-18.306863,-0.002669,15.114095,-0.001347,0.003285,-4.956311,-0.108503,4.957498,99|100|101|102|103|104,0.5639
6890.200359,-0.391030,-18.322513,-0.002638,15.114095,-0.001347,0.003285,-4.947804,-0.111520,4.949060,99|100|101|102|103|104,0.5636
6890.217026,-0.391030,-18.322512,-0.002639,15.127445,-0.001156,0.003138,-4.961154,-0.111711,4.962412,99|100|101|102|103|104,0.5623
6890.233693,-0.381957,-18.326241,-0.002399,15.134671,-0.001301,0.003075,-4.966357,-0.106634,4.967501,99|100|101|102|103|104,0.5628
6890.250359,-0.380422,-18.335256,-0.002693,15.134671,-0.001301,0.003075,-4.961458,-0.105797,4.962586,99|100|101|102|103|104,0.5627
6890.267026,-0.382730,-18.346611,-0.002900,15.149153,-0.001591,0.002847,-4.969768,-0.106758,4.970915,99|100|101|102|103|104,0.5638
6890.283693,-0.385251,-18.358173,-0.003095,15.149153,-0.001591,0.002847,-4.963483,-0.108124,4.964661,99|100|101|102|103|104,0.5651
6890.300359,-0.387556,-18.369573,-0.002829,15.156386,-0.001512,0.002798,-4.964520,-0.109451,4.965726,99|100|101|102|103|104,0.5644
6890.317026,-0.387555,-18.369572,-0.002828,15.169910,-0.002155,0.002581,-4.978044,-0.108809,4.979233,99|100|101|102|103|104,0.5635
6890.333693,-0.386863,-18.378471,-0.003244,15.177490,-0.002002,0.002601,-4.980788,-0.108583,4.981971,99|100|101|102|103|104,0.5636
6890.350359,-0.391939,-18.378495,-0.003098,15.184821,-0.001689,0.002642,-4.988104,-0.111654,4.989354,99|100|101|102|103|104,0.5648
6890.367026,-0.394626,-18.404724,-0.002988,15.184821,-0.001689,0.002642,-4.973848,-0.113106,4.975134,99|100|101|102|103|104,0.5639
6890.383693,-0.394626,-18.404725,-0.002988,15.198125,-0.000257,0.002544,-4.987153,-0.114539,4.988468,99|100|101|102|103|104,0.5641
6890.417026,-0.370025,-18.423151,-0.003476,15.212380,-0.000585,0.002511,-4.991401,-0.100835,4.992419,99|100|101|102|103|104,0.5631
6890.433693,-0.369091,-18.431358,-0.003595,15.219618,-0.000879,0.002439,-4.994178,-0.100031,4.995180,99|100|101|102|103|104,0.5642
6890.450359,-0.369088,-18.431355,-0.003594,15.226870,-0.000990,0.002599,-5.001432,-0.099917,5.002430,99|100|101|102|103|104,0.5653
6890.467026,-0.379710,-18.458553,-0.003822,15.226870,-0.000990,0.002599,-4.986647,-0.105682,4.987767,99|100|101|102|103|104,0.5649
6890.500359,-0.379710,-18.458559,-0.003820,15.247613,-0.000603,0.002478,-5.007387,-0.106069,5.008510,99|100|101|102|103|104,0.5639
6890.517026,-0.370153,-18.477169,-0.005331,15.247613,-0.000603,0.002478,-4.997276,-0.100869,4.998294,99|100|101|102|103|104|105|106,0.5612
6890.533693,-0.370161,-18.477201,-0.005382,15.262255,-0.000716,0.002540,-5.011901,-0.100761,5.012914,99|100|101|102|103|104|105|106,0.5571
6890.550359,-0.377007,-18.500588,-0.005467,15.262255,-0.000716,0.002540,-4.999188,-0.104475,5.000280,101|102|103|104|105|106,0.5657
6890.567026,-0.377833,-18.512374,-0.004905,15.269341,-0.000579,0.002594,-4.999869,-0.105057,5.000972,101|102|103|104|105|106,0.5652
6890.583693,-0.375956,-18.520860,-0.004857,15.275889,0.000047,0.002608,-5.001805,-0.104659,5.002900,101|102|103|104|105|106,0.5627
6890.600359,-0.367423,-18.522727,-0.005592,15.289653,0.000264,0.002680,-5.014557,-0.100239,5.015558,101|102|103|104|105|106,0.5628
6890.617026,-0.361110,-18.526593,-0.005287,15.289653,0.000264,0.002680,-5.012457,-0.096806,5.013392,101|102|103|104|105|106,0.5634
6890.633693,-0.361110,-18.526594,-0.005287,15.304788,0.000490,0.002262,-5.027592,-0.097033,5.028529,101|102|103|104|105|106,0.5645
6890.650359,-0.365709,-18.535701,-0.004811,15.304788,0.000490,0.002262,-5.022641,-0.099529,5.023627,101|102|103|104|105|106,0.5633
6890.667026,-0.361875,-18.569757,-0.005241,15.318266,0.000901,0.002666,-5.017612,-0.097846,5.018566,101|102|103|104|105|106,0.5634
6890.683693,-0.361880,-18.569762,-0.005252,15.325417,0.000327,0.002634,-5.024761,-0.097275,5.025702,101|102|103|104|105|106,0.5630
6890.700359,-0.356614,-18.573614,-0.005419,15.325417,0.000327,0.002634,-5.022669,-0.094412,5.023556,101|102|103|104|105|106,0.5641
6890.717026,-0.356611,-18.573611,-0.005409,15.340466,-0.000134,0.002737,-5.037719,-0.093949,5.038594,101|102|103|104|105|106,0.5651
6890.733693,-0.365464,-18.584852,-0.004955,15.340466,-0.000134,0.002737,-5.031607,-0.098757,5.032576,101|102|103|104|105|106,0.5639
6890.750359,-0.369161,-18.599467,-0.004972,15.354345,0.000643,0.003182,-5.037542,-0.101538,5.038565,101|102|103|104|105|106,0.5628
6890.767026,-0.372656,-18.613690,-0.004988,15.360986,0.000384,0.003360,-5.036452,-0.103174,5.037508,101|102|103|104|105|106,0.5620
6890.783693,-0.361284,-18.625077,-0.005271,15.368174,0.000184,0.003393,-5.037455,-0.096790,5.038385,101|102|103|104|105|106,0.5622
6890.800359,-0.366278,-18.629435,-0.004924,15.368174,0.000184,0.003393,-5.035085,-0.099503,5.036068,101|102|103|104|105|106,0.5644
6890.833693,-0.371371,-18.655450,-0.005153,15.389405,0.000363,0.003783,-5.042176,-0.102441,5.043216,101|102|103|104|105|106,0.5629
6890.850359,-0.373830,-18.668617,-0.004999,15.389405,0.000363,0.003783,-5.035019,-0.103773,5.036089,101|102|103|104|105|106,0.5618
6890.867026,-0.367067,-18.673438,-0.005213,15.395905,0.000215,0.003751,-5.038901,-0.099949,5.039893,101|102|103|104|105|106,0.5619
6890.883693,-0.369920,-18.671706,-0.005202,15.410391,-0.000305,0.003504,-5.054327,-0.100980,5.055336,101|102|103|104|105|106,0.5628
6890.900359,-0.373341,-18.681551,-0.004918,15.417730,-0.000560,0.003488,-5.056315,-0.102581,5.057355,101|102|103|104|105|106,0.5639
6890.933693,-0.381474,-18.704981,-0.004348,15.431423,-0.000065,0.003656,-5.057272,-0.107489,5.058414,101|102|103|104|105|106,0.5630
6890.950359,-0.381475,-18.704982,-0.004350,15.438321,0.000238,0.003482,-5.064169,-0.107792,5.065316,101|102|103|104|105|106,0.5635
6890.967026,-0.375201,-18.714430,-0.004476,15.438321,0.000238,0.003482,-5.059036,-0.104380,5.060113,101|102|103|104|105|106,0.5630
6890.983693,-0.370503,-18.723299,-0.003204,15.453371,-0.000045,0.003386,-5.069268,-0.101541,5.070285,101|102|103|104|105|106,0.5626
6891.000359,-0.370501,-18.723299,-0.003198,15.460812,-0.000233,0.003329,-5.076708,-0.101352,5.077720,101|102|103|104|105|106,0.5620
6891.017026,-0.375888,-18.753960,-0.004690,15.467631,0.000331,0.003536,-5.066863,-0.104834,5.067947,101|102|103|104|105|106|107,0.5625
6891.033693,-0.375914,-18.753977,-0.004725,15.473592,0.000117,0.003638,-5.072813,-0.104634,5.073892,101|102|103|104|105|106|107,0.5547
6891.050359,-0.379210,-18.768027,-0.004807,15.473592,0.000117,0.003638,-5.065177,-0.106421,5.066295,101|102|103|104|105|106|107,0.5531
6891.067026,-0.374380,-18.766507,-0.004399,15.480394,-0.000481,0.003529,-5.072807,-0.103199,5.073856,101|102|103|104|105|106|107,0.5560
6891.100359,-0.374632,-18.767311,-0.004615,15.501913,-0.000347,0.003736,-5.093889,-0.103469,5.094940,102|103|104|105|106|107,0.5652
6891.117026,-0.384973,-18.791130,-0.004979,15.508704,0.000085,0.003676,-5.087731,-0.109514,5.088910,102|103|104|105|106|107,0.5638
6891.133693,-0.386700,-18.804503,-0.004925,15.515377,0.000534,0.003572,-5.087136,-0.110897,5.088344,102|103|104|105|106|107,0.5640
6891.150359,-0.382140,-18.811839,-0.005789,15.522234,0.000578,0.003663,-5.090007,-0.108461,5.091163,102|103|104|105|106|107,0.5630
6891.167026,-0.376654,-18.817276,-0.005735,15.529340,0.000366,0.003665,-5.094160,-0.105265,5.095248,102|103|104|105|106|107,0.5626
6891.183693,-0.371069,-18.822701,-0.005463,15.529340,0.000366,0.003665,-5.091214,-0.102228,5.092240,102|103|104|105|106|107,0.5625
6891.200359,-0.371189,-18.830526,-0.005083,15.536456,0.000138,0.003393,-5.094077,-0.102063,5.095099,102|103|104|105|106|107,0.5638
6891.217026,-0.378068,-18.853626,-0.005840,15.543681,0.000072,0.003361,-5.088745,-0.105729,5.089844,102|103|104|105|106|107,0.5628
6891.233693,-0.378068,-18.853626,-0.005839,15.557117,-0.000651,0.002927,-5.102181,-0.105006,5.103262,102|103|104|105|106|107,0.5626
6891.250359,-0.378666,-18.863255,-0.006307,15.557117,-0.000651,0.002927,-5.096948,-0.105328,5.098036,102|103|104|105|106|107,0.5629
6891.267026,-0.389493,-18.867904,-0.006531,15.564891,-0.000682,0.002628,-5.102192,-0.111179,5.103403,102|103|104|105|106|107,0.5650
6891.300359,-0.391211,-18.900831,-0.007183,15.586176,-0.000154,0.002815,-5.105582,-0.112631,5.106824,102|103|104|105|106|107,0.5639
6891.317026,-0.388935,-18.910963,-0.006166,15.586176,-0.000154,0.002815,-5.100076,-0.111391,5.101292,102|103|104|105|106|107,0.5638
6891.333693,-0.388935,-18.910963,-0.006167,15.599937,-0.000680,0.002469,-5.113836,-0.110864,5.115038,102|103|104|105|106|107,0.5641
6891.350359,-0.385537,-18.917804,-0.007065,15.607288,-0.000750,0.002422,-5.117470,-0.108946,5.118630,102|103|104|105|106|107,0.5645
6891.367026,-0.385537,-18.917804,-0.007064,15.614629,-0.000819,0.002197,-5.124812,-0.108877,5.125968,102|103|104|105|106|107,0.5640
6891.383693,-0.392194,-18.943452,-0.007113,15.614629,-0.000819,0.002197,-5.110870,-0.112486,5.112108,102|103|104|105|106|107,0.5643
6891.400359,-0.392193,-18.943452,-0.007113,15.628333,-0.000907,0.001728,-5.124575,-0.112399,5.125807,102|103|104|105|106|107,0.5641
6891.417026,-0.395515,-18.966767,-0.007730,15.634914,-0.001535,0.001650,-5.118484,-0.113568,5.119743,102|103|104|105|106|107,0.5628
6891.433693,-0.396261,-18.963914,-0.007683,15.642054,-0.001403,0.001089,-5.127173,-0.114107,5.128443,102|103|104|105|106|107,0.5635
6891.450359,-0.405500,-18.966330,-0.007578,15.642054,-0.001403,0.001089,-5.125857,-0.119128,5.127242,102|103|104|105|106|107,0.5637
6891.467026,-0.400693,-18.982865,-0.007771,15.649529,-0.001117,0.001022,-5.124348,-0.116796,5.125678,102|103|104|105|106|107,0.5636
6891.483693,-0.400691,-18.982863,-0.007768,15.656401,-0.000298,0.001121,-5.131221,-0.117614,5.132568,102|103|104|105|106|107,0.5629
6891.500359,-0.385073,-19.005732,-0.007962,15.663137,0.000559,0.001075,-5.125534,-0.109975,5.126713,102|103|104|105|106|107,0.5628
6891.517026,-0.385073,-19.005732,-0.007964,15.677018,-0.000006,0.000964,-5.139414,-0.109411,5.140578,102|103|104|105|106|107,0.5625
6891.533693,-0.374905,-19.013837,-0.008177,15.684271,-0.000217,0.000844,-5.142266,-0.103670,5.143311,102|103|104|105|106|107,0.5625
6891.550359,-0.381278,-19.026409,-0.007921,15.691618,-0.000331,0.000785,-5.142778,-0.107016,5.143891,102|103|104|105|106|107|108|109,0.5556
6891.567026,-0.384302,-19.039746,-0.008534,15.698478,0.000258,0.000810,-5.142388,-0.109245,5.143549,102|103|104|105|106|107|108|109,0.5578
6891.583693,-0.384569,-19.041068,-0.009091,15.698478,0.000258,0.000810,-5.141670,-0.109390,5.142834,104|105|106|107|108|109,0.5620
6891.633693,-0.385864,-19.066765,-0.009335,15.727000,-0.000262,0.000445,-5.156225,-0.109565,5.157389,104|105|106|107|108|109,0.5633
6891.650359,-0.385865,-19.066760,-0.009333,15.734273,-0.000175,0.000507,-5.163501,-0.109652,5.164665,104|105|106|107|108|109,0.5632
6891.700359,-0.371676,-19.110817,-0.008872,15.747318,0.001249,0.000656,-5.152607,-0.103352,5.153643,104|105|106|107|108|109,0.5611
6891.717026,-0.371674,-19.110817,-0.008877,15.754514,0.001101,0.000590,-5.159803,-0.103203,5.160835,104|105|106|107|108|109,0.5632
6891.733693,-0.367104,-19.123262,-0.008990,15.769121,0.001135,0.000215,-5.167647,-0.100748,5.168629,104|105|106|107|108|109,0.5639
6891.750359,-0.369746,-19.132385,-0.008616,15.769121,0.001135,0.000215,-5.162688,-0.102182,5.163699,104|105|106|107|108|109,0.5634
6891.767026,-0.365607,-19.149023,-0.009860,15.776432,0.001499,0.000455,-5.160959,-0.100291,5.161933,104|105|106|107|108|109,0.5621
6891.783693,-0.365608,-19.149022,-0.009861,15.789732,0.000610,0.000391,-5.174259,-0.099403,5.175214,104|105|106|107|108|109,0.5608
6891.800359,-0.360130,-19.158413,-0.009600,15.789732,0.000610,0.000391,-5.169157,-0.096423,5.170056,104|105|106|107|108|109,0.5618
6891.817026,-0.372839,-19.163690,-0.008575,15.797030,0.000437,0.000331,-5.173583,-0.103156,5.174611,104|105|106|107|108|109,0.5627
6891.833693,-0.374635,-19.177355,-0.007517,15.804564,0.000416,0.000350,-5.173690,-0.104106,5.174737,104|105|106|107|108|109,0.5625
6891.850359,-0.375148,-19.191757,-0.007865,15.811974,0.000417,0.000485,-5.173272,-0.104381,5.174325,104|105|106|107|108|109,0.5621
6891.867026,-0.375148,-19.191758,-0.007865,15.825079,0.000415,0.001041,-5.186377,-0.104379,5.187427,104|105|106|107|108|109,0.5622
6891.883693,-0.367487,-19.207351,-0.008839,15.825079,0.000415,0.001041,-5.177905,-0.100211,5.178874,104|105|106|107|108|109,0.5633
6891.900359,-0.376390,-19.205686,-0.008459,15.832163,0.000339,0.000980,-5.185891,-0.104975,5.186953,104|105|106|107|108|109,0.5655
6891.917026,-0.377081,-19.217247,-0.008701,15.839627,0.000534,0.001091,-5.187071,-0.105541,5.188145,104|105|106|107|108|109,0.5665
6891.950359,-0.372843,-19.246519,-0.008455,15.854142,0.000817,0.001056,-5.185679,-0.103511,5.186712,104|105|106|107|108|109,0.5637
6891.967026,-0.371198,-19.259221,-0.007816,15.860710,0.000468,0.001000,-5.185345,-0.102265,5.186353,104|105|106|107|108|109,0.5616
6891.983693,-0.371197,-19.259223,-0.007817,15.874730,-0.000073,0.000838,-5.199364,-0.101723,5.200359,104|105|106|107|108|109,0.5620
6892.000359,-0.376595,-19.259742,-0.008252,15.882102,-0.000168,0.000838,-5.206452,-0.104562,5.207502,104|105|106|107|108|109,0.5631
6892.017026,-0.382469,-19.262964,-0.008908,15.889299,-0.000104,0.000918,-5.211895,-0.107817,5.213010,104|105|106|107|108|109,0.5638
6892.033693,-0.385733,-19.286506,-0.009544,15.889299,-0.000104,0.000918,-5.199100,-0.109583,5.200254,104|105|106|107|108|109,0.5651
6892.050359,-0.385735,-19.286506,-0.009546,15.896011,0.000361,0.001011,-5.205813,-0.110049,5.206976,104|105|106|107|108|109,0.5643
6892.067026,-0.378252,-19.301262,-0.009122,15.902814,0.000629,0.001088,-5.204597,-0.106246,5.205682,104|105|106|107|108|109|110,0.5598
6892.083693,-0.374953,-19.307463,-0.009388,15.917458,0.000270,0.001056,-5.215873,-0.104093,5.216911,104|105|106|107|108|109|110,0.5632
6892.117026,-0.375248,-19.307743,-0.010274,15.932169,0.000407,0.001102,-5.230432,-0.104390,5.231473,105|106|107|108|109|110,0.5623
6892.133693,-0.380666,-19.347908,-0.009939,15.932169,0.000407,0.001102,-5.208601,-0.107322,5.209707,105|106|107|108|109|110,0.5608
6892.150359,-0.378727,-19.359256,-0.009427,15.938316,0.000263,0.000929,-5.208582,-0.106120,5.209663,105|106|107|108|109|110,0.5602
6892.167026,-0.378724,-19.359259,-0.009432,15.951555,-0.000642,0.000636,-5.221819,-0.105214,5.222879,105|106|107|108|109|110,0.5621
6892.183693,-0.391334,-19.355242,-0.009530,15.951555,-0.000642,0.000636,-5.223998,-0.112069,5.225200,105|106|107|108|109|110,0.5648
6892.200359,-0.391336,-19.355239,-0.009530,15.966151,-0.000387,0.000660,-5.238595,-0.112324,5.239799,105|106|107|108|109|110,0.5651
6892.217026,-0.393414,-19.366041,-0.010324,15.972954,0.000140,0.000626,-5.239527,-0.113978,5.240766,105|106|107|108|109|110,0.5639
6892.233693,-0.390230,-19.396640,-0.010414,15.979626,0.000646,0.000514,-5.229571,-0.112743,5.230786,105|106|107|108|109|110,0.5622
6892.250359,-0.390229,-19.396642,-0.010417,15.986258,0.000348,0.000416,-5.236201,-0.112445,5.237408,105|106|107|108|109|110,0.5620
6892.267026,-0.376045,-19.405542,-0.010214,15.986258,0.000348,0.000416,-5.231368,-0.104733,5.232417,105|106|107|108|109|110,0.5632
6892.283693,-0.376046,-19.405540,-0.010214,16.000871,-0.000081,0.000244,-5.245983,-0.104305,5.247020,105|106|107|108|109|110,0.5636
6892.333693,-0.380531,-19.412077,-0.011307,16.021244,-0.000810,0.000134,-5.262802,-0.106011,5.263869,105|106|107|108|109|110,0.5625
6892.350359,-0.384820,-19.444210,-0.011515,16.021244,-0.000810,0.000134,-5.245337,-0.108332,5.246455,105|106|107|108|109|110,0.5635
6892.367026,-0.384818,-19.444213,-0.011516,16.036165,-0.000840,-0.000277,-5.260257,-0.108300,5.261371,105|106|107|108|109|110,0.5637
6892.400359,-0.397170,-19.479993,-0.011454,16.050531,-0.000131,-0.000103,-5.255172,-0.115712,5.256446,105|106|107|108|109|110,0.5631
6892.417026,-0.395455,-19.493892,-0.010799,16.050531,-0.000131,-0.000103,-5.247619,-0.114776,5.248874,105|106|107|108|109|110,0.5627
6892.433693,-0.387932,-19.499595,-0.010878,16.063587,-0.001163,-0.000787,-5.257578,-0.109653,5.258721,105|106|107|108|109|110,0.5630
6892.450359,-0.387929,-19.499602,-0.010880,16.071117,-0.001053,-0.001100,-5.265104,-0.109762,5.266248,105|106|107|108|109|110,0.5641
6892.467026,-0.392581,-19.498927,-0.010786,16.071117,-0.001053,-0.001100,-5.265470,-0.112290,5.266667,105|106|107|108|109|110,0.5659
6892.483693,-0.398802,-19.523599,-0.011585,16.078449,-0.000933,-0.001262,-5.259391,-0.115783,5.260665,105|106|107|108|109|110,0.5650
6892.517026,-0.398145,-19.547404,-0.012248,16.099207,-0.001592,-0.001558,-5.267212,-0.114760,5.268462,105|106|107|108|109|110,0.5636
6892.533693,-0.404575,-19.552118,-0.012295,16.099207,-0.001592,-0.001558,-5.264648,-0.118253,5.265976,105|106|107|108|109|110,0.5632
6892.550359,-0.407156,-19.553551,-0.012241,16.105951,-0.001950,-0.001789,-5.270613,-0.119297,5.271962,105|106|107|108|109|110,0.5638
6892.583693,-0.389172,-17.297329,-0.010281,16.120944,-0.000631,-0.001707,-6.511818,-0.111546,6.512773,11|105|106|107|108|109|110|112,0.5636
6892.600359,-0.377915,-17.295975,-0.010552,16.127835,0.000367,-0.001813,-6.519449,-0.106426,6.520317,11|105|106|107|108|109|110|112,0.5576
6892.617026,-0.377733,-17.266860,-0.010532,16.140846,-0.000914,-0.001740,-6.548283,-0.105055,6.549126,11|105|106|107|108|109|110|112,0.5555
6892.633693,-0.367217,-16.545940,-0.009960,16.140846,-0.000914,-0.001740,-6.940091,-0.099565,6.940805,11|107|108|109|110|112,0.5652
6892.667026,-0.367130,-16.532190,-0.009952,16.163636,-0.000279,-0.001825,-6.970354,-0.100157,6.971074,11|107|108|109|110|112,0.5656
6892.683693,-0.371813,-16.583387,-0.010894,16.163636,-0.000279,-0.001825,-6.942528,-0.102686,6.943288,11|107|108|109|110|112,0.5641
6892.700359,-0.371875,-16.593223,-0.010900,16.169888,0.000106,-0.001767,-6.943434,-0.103102,6.944199,11|107|108|109|110|112,0.5622
6892.717026,-0.361018,-16.593062,-0.010164,16.176656,-0.000408,-0.001557,-6.950293,-0.096687,6.950965,11|107|108|109|110|112,0.5638
6892.733693,-0.370069,-16.602945,-0.010159,16.191618,-0.000703,-0.001825,-6.959881,-0.101308,6.960619,11|107|108|109|110|112,0.5640
6892.750359,-0.374770,-16.614969,-0.009876,16.191618,-0.000703,-0.001825,-6.953345,-0.103859,6.954121,11|107|108|109|110|112,0.5647
6892.767026,-0.374795,-16.619012,-0.009881,16.205765,0.000189,-0.001414,-6.965295,-0.104764,6.966082,11|107|108|109|110|112,0.5641
6892.800359,-0.372871,-16.652255,-0.009895,16.219121,0.000474,-0.001391,-6.960584,-0.103993,6.961361,11|107|108|109|110|112,0.5629
6892.817026,-0.354782,-16.654337,-0.009364,16.219121,0.000474,-0.001391,-6.959458,-0.094161,6.960095,11|107|108|109|110|112,0.5641
6892.833693,-0.354773,-16.667108,-0.009028,16.233558,0.000393,-0.001532,-6.966954,-0.094071,6.967589,11|107|108|109|110|112,0.5643
6892.850359,-0.355430,-16.668070,-0.009094,16.241142,0.000776,-0.001621,-6.974015,-0.094810,6.974660,11|107|108|109|110|112,0.5644
6892.867026,-0.355047,-16.690075,-0.009341,16.241142,0.000776,-0.001621,-6.962056,-0.094596,6.962699,11|107|108|109|110|112,0.5640
6892.883693,-0.355017,-16.685429,-0.009339,16.254570,0.000167,-0.001440,-6.978010,-0.093972,6.978643,11|107|108|109|110|112,0.5623
6892.900359,-0.354003,-16.707045,-0.009433,16.261506,-0.000362,-0.001395,-6.973198,-0.092886,6.973817,11|107|108|109|110|112,0.5632
6892.917026,-0.358044,-16.711713,-0.009453,16.261506,-0.000362,-0.001395,-6.970660,-0.095080,6.971308,11|107|108|109|110|112,0.5637
6892.933693,-0.365496,-16.716432,-0.009900,16.276558,-0.000144,-0.001230,-6.983144,-0.099346,6.983851,11|107|108|109|110|112,0.5648
6892.950359,-0.363452,-16.735956,-0.009570,16.276558,-0.000144,-0.001230,-6.972534,-0.098229,6.973226,11|107|108|109|110|112,0.5654
6892.967026,-0.362894,-16.760839,-0.009810,16.283492,0.000165,-0.000785,-6.965945,-0.098227,6.966637,11|107|108|109|110|112,0.5655
6892.983693,-0.357030,-16.757556,-0.009366,16.289944,-0.000076,-0.000698,-6.974183,-0.094800,6.974827,11|107|108|109|110|112,0.5650
6893.000359,-0.357035,-16.758118,-0.009364,16.296628,-0.000643,-0.000583,-6.980562,-0.094236,6.981198,11|107|108|109|110|112,0.5652
6893.017026,-0.360723,-16.755064,-0.008982,16.311771,-0.000064,-0.000412,-6.997364,-0.096821,6.998034,11|107|108|109|110|112,0.5664
6893.033693,-0.368540,-16.762425,-0.008032,16.319323,0.000191,-0.000388,-7.000913,-0.101321,7.001646,11|107|108|109|110|112,0.5653
6893.067026,-0.357636,-16.811790,-0.008769,16.326107,-0.000231,-0.000498,-6.980871,-0.094958,6.981516,11|107|108|109|110|112,0.5616
6893.083693,-0.366779,-17.208976,-0.008042,16.332699,-0.000748,-0.000523,-6.771599,-0.099286,6.772327,11|107|108|109|110|112|113,0.5547
6893.100360,-0.373669,-17.212180,-0.008046,16.339703,-0.000890,-0.000392,-6.776859,-0.102887,6.777640,11|107|108|109|110|112|113,0.5565
6893.150360,-0.371167,-16.804828,-0.007794,16.361137,-0.000218,-0.000216,-7.019681,-0.102327,7.020427,11|108|109|110|112|113,0.5612
6893.200360,-0.373007,-16.842875,-0.007127,16.389539,-0.000453,-0.000446,-7.027404,-0.103081,7.028160,11|108|109|110|112|113,0.5627
6893.217026,-0.369071,-16.877887,-0.008351,16.389539,-0.000453,-0.000446,-7.008377,-0.100930,7.009104,11|108|109|110|112|113,0.5621
6893.233693,-0.367390,-16.895096,-0.008512,16.396953,-0.000350,-0.000476,-7.006439,-0.100114,7.007154,11|108|109|110|112|113,0.5606
6893.250360,-0.367345,-16.888200,-0.008507,16.403626,-0.000783,-0.000621,-7.016860,-0.099659,7.017568,11|108|109|110|112|113,0.5598
6893.267026,-0.366295,-16.901143,-0.008489,16.409846,-0.000993,-0.000625,-7.016045,-0.098874,7.016742,11|108|109|110|112|113,0.5620
6893.283693,-0.375278,-16.890228,-0.007998,16.416367,-0.001703,-0.000705,-7.028497,-0.103049,7.029252,11|108|109|110|112|113,0.5633
6893.300360,-0.375358,-16.902508,-0.008000,16.431009,-0.001549,-0.001513,-7.036464,-0.103243,7.037221,11|108|109|110|112|113,0.5637
6893.317026,-0.381755,-16.944736,-0.008488,16.431009,-0.001549,-0.001513,-7.013512,-0.106707,7.014323,11|108|109|110|112|113,0.5631
6893.333693,-0.381710,-16.937669,-0.008490,16.444735,-0.000187,-0.001545,-7.031079,-0.108047,7.031909,11|108|109|110|112|113,0.5626
6893.350360,-0.380359,-16.950178,-0.008561,16.450795,-0.000943,-0.001632,-7.030341,-0.106553,7.031148,11|108|109|110|112|113,0.5628
6893.367026,-0.368928,-16.943642,-0.008396,16.458216,-0.000905,-0.001476,-7.041318,-0.100379,7.042033,11|108|109|110|112|113,0.5631
6893.383693,-0.372517,-16.937136,-0.009074,16.458216,-0.000905,-0.001476,-7.044853,-0.102332,7.045596,11|108|109|110|112|113,0.5627
6893.400360,-0.372146,-16.965220,-0.009037,16.473385,-0.001061,-0.001882,-7.044759,-0.101966,7.045497,11|108|109|110|112|113,0.5643
6893.417026,-0.372214,-16.975584,-0.009045,16.473385,-0.001061,-0.001882,-7.039126,-0.102000,7.039865,11|108|109|110|112|113,0.5643
6893.433693,-0.373495,-16.999101,-0.009299,16.486541,-0.001498,-0.002240,-7.039501,-0.102252,7.040243,11|108|109|110|112|113,0.5635
6893.450360,-0.378774,-17.022010,-0.009827,16.486541,-0.001498,-0.002240,-7.027049,-0.105114,7.027835,11|108|109|110|112|113,0.5646
6893.467026,-0.382700,-17.000823,-0.009908,16.493256,-0.002247,-0.002308,-7.045276,-0.106505,7.046081,11|108|109|110|112|113,0.5642
6893.483693,-0.382666,-16.995521,-0.009902,16.508386,-0.001694,-0.002738,-7.063288,-0.107041,7.064099,11|108|109|110|112|113,0.5659
6893.500360,-0.388402,-17.008331,-0.010147,16.515762,-0.001357,-0.002815,-7.063701,-0.110491,7.064565,11|108|109|110|112|113,0.5656
6893.517026,-0.388465,-17.017933,-0.010154,16.522598,-0.001526,-0.002981,-7.065318,-0.110354,7.066180,11|108|109|110|112|113,0.5636
6893.533693,-0.378831,-17.046383,-0.010544,16.529320,-0.001933,-0.003113,-7.056582,-0.104702,7.057358,11|108|109|110|112|113,0.5633
6893.550360,-0.378885,-17.054897,-0.010541,16.536304,-0.002288,-0.003690,-7.058939,-0.104373,7.059710,11|108|109|110|112|113,0.5648
6893.583693,-0.389369,-17.080256,-0.010557,16.551449,-0.002005,-0.004079,-7.060298,-0.110346,7.061160,11|108|109|110|112|113,0.5662
6893.600360,-0.386203,-17.091663,-0.011919,16.551449,-0.002005,-0.004079,-7.054100,-0.108622,7.054936,11|108|109|110|112|113,0.5649
6893.617026,-0.390955,-17.865040,-0.012109,16.558534,-0.002406,-0.004129,-6.640870,-0.110563,6.641790,11|108|109|110|112|113|114|115,0.5644
6893.633693,-0.390982,-17.868953,-0.012108,16.572051,-0.002712,-0.004242,-6.652260,-0.110270,6.653174,11|108|109|110|112|113|114|115,0.5643
6893.650360,-0.394415,-17.537800,-0.011946,16.572051,-0.002712,-0.004242,-6.832233,-0.112239,6.833155,11|109|110|112|113|114|115,0.5629
6893.667026,-0.398420,-17.503662,-0.013029,16.586604,-0.002038,-0.004206,-6.865338,-0.115100,6.866303,11|109|110|112|113|114|115,0.5562
6893.683693,-0.394393,-17.114848,-0.010984,16.586604,-0.002038,-0.004206,-7.076651,-0.113033,7.077553,11|110|112|113|114|115,0.5641
6893.700360,-0.383882,-17.125763,-0.010645,16.593571,-0.001199,-0.004005,-7.077689,-0.108156,7.078516,11|110|112|113|114|115,0.5592
6893.717026,-0.371571,-17.121649,-0.010258,16.606260,-0.002504,-0.004109,-7.092618,-0.100161,7.093325,11|110|112|113|114|115,0.5601
6893.733693,-0.376287,-17.116468,-0.010631,16.606260,-0.002504,-0.004109,-7.095433,-0.102726,7.096176,11|110|112|113|114|115,0.5633
6893.750360,-0.376322,-17.121999,-0.010626,16.613542,-0.002508,-0.004483,-7.099709,-0.102740,7.100452,11|110|112|113|114|115,0.5653
6893.767026,-0.387969,-17.143443,-0.010620,16.621253,-0.002059,-0.004946,-7.095761,-0.109512,7.096606,11|110|112|113|114|115,0.5656
6893.783693,-0.379943,-17.158379,-0.011311,16.636243,-0.001736,-0.005159,-7.102637,-0.105469,7.103420,11|110|112|113|114|115,0.5640
6893.800360,-0.372418,-17.181050,-0.011394,16.642936,-0.001911,-0.005142,-7.097010,-0.101197,7.097732,11|110|112|113|114|115,0.5615
6893.817026,-0.375080,-17.196922,-0.011198,16.642936,-0.001911,-0.005142,-7.088383,-0.102638,7.089126,11|110|112|113|114|115,0.5630
6893.833693,-0.375140,-17.206085,-0.011200,16.649711,-0.002463,-0.005143,-7.090179,-0.102116,7.090915,11|110|112|113|114|115,0.5625
6893.850360,-0.376868,-17.202526,-0.011070,16.664824,-0.001895,-0.005042,-7.107226,-0.103625,7.107982,11|110|112|113|114|115,0.5625
6893.867026,-0.384561,-17.200339,-0.011043,16.672165,-0.001456,-0.004687,-7.115753,-0.108245,7.116576,11|110|112|113|114|115,0.5621
6893.883693,-0.375611,-17.235162,-0.010755,16.678269,-0.001274,-0.004645,-7.102934,-0.103552,7.103689,11|110|112|113|114|115,0.5616
6893.900360,-0.375611,-17.235077,-0.010756,16.678269,-0.001274,-0.004645,-7.102980,-0.103552,7.103735,11|110|112|113|114|115,0.5612
6893.933693,-0.371335,-17.234197,-0.010878,16.698964,-0.001748,-0.005437,-7.124155,-0.100754,7.124868,11|110|112|113|114|115,0.5654
6893.967026,-0.367939,-17.267038,-0.011892,16.706872,-0.001046,-0.005467,-7.114215,-0.099600,7.114913,11|110|112|113|114|115,0.5654
6893.983693,-0.358080,-17.282502,-0.012301,16.720527,-0.001597,-0.005223,-7.119470,-0.093687,7.120086,11|110|112|113|114|115,0.5628
6894.000360,-0.360595,-17.282368,-0.012336,16.727435,-0.002143,-0.005056,-7.126449,-0.094507,7.127076,11|110|112|113|114|115,0.5650
6894.017026,-0.363881,-17.287668,-0.012050,16.734553,-0.002337,-0.004992,-7.130685,-0.096097,7.131333,11|110|112|113|114|115,0.5662
6894.033693,-0.371548,-17.289920,-0.011915,16.734553,-0.002337,-0.004992,-7.129459,-0.100263,7.130164,11|110|112|113|114|115,0.5657
6894.050360,-0.371575,-17.293994,-0.011918,16.749394,-0.001972,-0.004656,-7.142087,-0.100642,7.142796,11|110|112|113|114|115,0.5647
6894.067026,-0.373671,-17.304636,-0.011439,16.755996,-0.002080,-0.004633,-7.142904,-0.101671,7.143627,11|110|112|113|114|115,0.5642
6894.083693,-0.369494,-17.318965,-0.011916,16.762693,-0.002464,-0.004479,-7.141815,-0.099011,7.142502,11|110|112|113|114|115,0.5643
6894.100360,-0.368363,-17.339571,-0.012124,16.762693,-0.002464,-0.004479,-7.130617,-0.098390,7.131295,11|110|112|113|114|115,0.5654
6894.117026,-0.368351,-17.338111,-0.012120,16.777350,-0.002275,-0.004393,-7.146067,-0.098573,7.146747,11|110|112|113|114|115,0.5661
6894.133693,-0.373669,-17.335274,-0.011506,16.784869,-0.001992,-0.004346,-7.155126,-0.101747,7.155850,11|110|112|113|114|115,0.5658
6894.150360,-0.372650,-17.795197,-0.011138,16.784869,-0.001992,-0.004346,-6.905168,-0.101050,6.905908,11|110|112|113|114|115|116,0.5650
6894.167026,-0.369695,-17.385345,-0.010723,16.798339,-0.002899,-0.004515,-7.141385,-0.098665,7.142066,11|112|113|114|115|116,0.5644
6894.183693,-0.370773,-17.409083,-0.010619,16.805022,-0.003362,-0.004519,-7.135166,-0.098780,7.135850,11|112|113|114|115|116,0.5649
6894.200360,-0.370737,-17.403998,-0.010616,16.812500,-0.003329,-0.004412,-7.145408,-0.098796,7.146091,11|112|113|114|115|116,0.5639
6894.217026,-0.377640,-17.415194,-0.010479,16.812500,-0.003329,-0.004412,-7.139321,-0.102544,7.140057,11|112|113|114|115|116,0.5641
6894.233693,-0.383461,-17.437273,-0.010559,16.819945,-0.003331,-0.004273,-7.134765,-0.105698,7.135547,11|112|113|114|115|116,0.5642
6894.250360,-0.383351,-17.420895,-0.010551,16.833216,-0.002548,-0.003846,-7.156936,-0.106427,7.157728,11|112|113|114|115|116,0.5625
6894.267026,-0.383061,-17.432066,-0.010469,16.833216,-0.002548,-0.003846,-7.150865,-0.106266,7.151655,11|112|113|114|115|116,0.5626
6894.283693,-0.372204,-17.454341,-0.009941,16.847434,-0.003107,-0.004033,-7.152981,-0.099799,7.153677,11|112|113|114|115|116,0.5644
6894.300360,-0.374649,-17.455875,-0.009895,16.854701,-0.002951,-0.004208,-7.159414,-0.101283,7.160130,11|112|113|114|115|116,0.5648
6894.317026,-0.374565,-17.443327,-0.009891,16.861953,-0.002801,-0.004173,-7.173486,-0.101391,7.174202,11|112|113|114|115|116,0.5644
6894.333693,-0.378510,-17.466115,-0.009083,16.868744,-0.003293,-0.004285,-7.167891,-0.103037,7.168631,11|112|113|114|115|116,0.5631
6894.367026,-0.374856,-17.466437,-0.009226,16.881698,-0.004063,-0.004153,-7.180670,-0.100281,7.181370,11|112|113|114|115|116,0.5626
6894.383693,-0.379539,-17.480569,-0.009065,16.881698,-0.004063,-0.004153,-7.172988,-0.102821,7.173725,11|112|113|114|115|116,0.5630
6894.400360,-0.383444,-17.481147,-0.008649,16.888527,-0.004323,-0.004382,-7.179503,-0.104683,7.180266,11|112|113|114|115|116,0.5637
6894.417026,-0.391968,-17.498662,-0.008897,16.895992,-0.003937,-0.004389,-7.177445,-0.109696,7.178283,11|112|113|114|115|116,0.5629
6894.433693,-0.391979,-17.500152,-0.008900,16.910158,-0.002781,-0.004363,-7.190801,-0.110858,7.191656,11|112|113|114|115|116,0.5621
6894.450360,-0.386265,-17.527313,-0.008852,16.916251,-0.003425,-0.004426,-7.182135,-0.107100,7.182933,11|112|113|114|115|116,0.5622
6894.467026,-0.378174,-17.546162,-0.008859,16.923210,-0.003770,-0.004605,-7.178853,-0.102352,7.179582,11|112|113|114|115|116,0.5637
6894.483693,-0.379304,-17.563983,-0.009149,16.930887,-0.003556,-0.004383,-7.176844,-0.103174,7.177586,11|112|113|114|115|116,0.5630
6894.500360,-0.382843,-17.570638,-0.009345,16.938635,-0.003622,-0.004595,-7.180974,-0.105030,7.181742,11|112|113|114|115|116,0.5636
6894.517026,-0.380257,-17.595692,-0.009666,16.945680,-0.004036,-0.004671,-7.174403,-0.103203,7.175145,11|112|113|114|115|116,0.5635
6894.533693,-0.381372,-17.592064,-0.009709,16.945680,-0.004036,-0.004671,-7.176375,-0.103810,7.177125,11|112|113|114|115|116,0.5637
6894.550360,-0.386804,-17.599902,-0.009886,16.952064,-0.004144,-0.004639,-7.178497,-0.106651,7.179289,11|112|113|114|115|116,0.5635
6894.567026,-0.387775,-17.609230,-0.009416,16.958679,-0.004751,-0.004609,-7.180042,-0.106569,7.180833,11|112|113|114|115|116,0.5646
6894.583693,-0.396245,-17.614183,-0.009485,16.965726,-0.004948,-0.004634,-7.184395,-0.110974,7.185252,11|112|113|114|115|116,0.5652
6894.600360,-0.396239,-17.613258,-0.009483,16.973460,-0.004360,-0.004196,-7.192632,-0.111559,7.193497,11|112|113|114|115|116,0.5643
6894.633693,-0.385321,-17.646541,-0.009358,16.988017,-0.004127,-0.004260,-7.189104,-0.105848,7.189883,11|112|113|114|115|116,0.5630
6894.650360,-0.385382,-17.655797,-0.009358,17.001571,-0.004963,-0.004384,-7.197627,-0.105042,7.198393,11|112|113|114|115|116,0.5640
6894.667026,-0.392957,-18.361852,-0.008304,17.009251,-0.004660,-0.004532,-6.821579,-0.109242,6.822454,11|112|113|114|115|116|117|118,0.5521
6894.683693,-0.404425,-18.424193,-0.008639,17.009251,-0.004660,-0.004532,-6.787694,-0.115455,6.788676,11|112|113|114|115|116|117|118,0.5638
6894.700360,-0.397202,-18.314671,-0.007571,17.016741,-0.004572,-0.004574,-6.854710,-0.111651,6.855619,11|113|114|115|116|117|118,0.5553
6894.717026,-0.414004,-20.704232,-0.009380,17.030410,-0.005171,-0.004552,-5.569699,-0.119439,5.570980,113|114|115|116|117|118,0.5618
6894.733693,-0.412538,-20.718626,-0.009428,17.036975,-0.005299,-0.004482,-5.568442,-0.118510,5.569703,113|114|115|116|117|118,0.5617
6894.750360,-0.419522,-20.728177,-0.009268,17.036975,-0.005299,-0.004482,-5.563249,-0.122302,5.564593,113|114|115|116|117|118,0.5632
6894.767026,-0.421576,-20.731203,-0.009243,17.043783,-0.005562,-0.004620,-5.568412,-0.123155,5.569774,113|114|115|116|117|118,0.5628
6894.783693,-0.421576,-20.731205,-0.009240,17.058487,-0.003604,-0.004234,-5.583115,-0.125113,5.584517,113|114|115|116|117|118,0.5642
6894.817026,-0.395424,-20.768444,-0.010582,17.064556,-0.003844,-0.004254,-5.568953,-0.110649,5.570052,113|114|115|116|117|118,0.5622
6894.833693,-0.395425,-20.768446,-0.010578,17.078100,-0.005036,-0.004443,-5.582496,-0.109457,5.583569,113|114|115|116|117|118,0.5641
6894.850360,-0.409496,-20.764087,-0.010332,17.078100,-0.005036,-0.004443,-5.584860,-0.117105,5.586088,113|114|115|116|117|118,0.5648
6894.867026,-0.414132,-20.772667,-0.010783,17.085957,-0.004539,-0.004468,-5.588053,-0.120120,5.589344,113|114|115|116|117|118,0.5675
6894.883693,-0.406804,-20.792799,-0.010877,17.093816,-0.004271,-0.004508,-5.584973,-0.116399,5.586186,113|114|115|116|117|118,0.5646
6894.900360,-0.406806,-20.792798,-0.010879,17.107465,-0.004274,-0.004317,-5.598622,-0.116396,5.599832,113|114|115|116|117|118,0.5629
6894.917026,-0.399125,-20.817843,-0.010528,17.114239,-0.004784,-0.004253,-5.591788,-0.111705,5.592903,113|114|115|116|117|118,0.5632
6894.933693,-0.401765,-20.819598,-0.010349,17.114239,-0.004784,-0.004253,-5.590833,-0.113139,5.591978,113|114|115|116|117|118,0.5639
6894.950360,-0.409074,-20.825493,-0.009663,17.121530,-0.004896,-0.004303,-5.594918,-0.116997,5.596141,113|114|115|116|117|118,0.5643
6894.967026,-0.410064,-20.838916,-0.010063,17.136630,-0.004189,-0.003790,-5.602723,-0.118238,5.603970,113|114|115|116|117|118,0.5636
6894.983693,-0.405312,-20.856492,-0.009936,17.136630,-0.004189,-0.003790,-5.593172,-0.115650,5.594368,113|114|115|116|117|118,0.5619
6895.000360,-0.405314,-20.856491,-0.009938,17.149023,-0.004044,-0.003700,-5.605565,-0.115796,5.606761,113|114|115|116|117|118,0.5608
6895.017026,-0.390027,-20.864895,-0.009613,17.149023,-0.004044,-0.003700,-5.601002,-0.107486,5.602034,113|114|115|116|117|118,0.5614
6895.050360,-0.405433,-20.862492,-0.010683,17.162742,-0.004392,-0.004174,-5.616022,-0.115511,5.617210,113|114|115|116|117|118,0.5652
6895.067026,-0.405433,-20.862492,-0.010684,17.170359,-0.003683,-0.004490,-5.623640,-0.116220,5.624841,113|114|115|116|117|118,0.5657
6895.083693,-0.387067,-20.892217,-0.011730,17.184647,-0.003618,-0.004420,-5.621779,-0.106294,5.622783,113|114|115|116|117|118,0.5647
6895.133693,-0.387067,-20.892218,-0.011729,17.198670,-0.004773,-0.004256,-5.635801,-0.105139,5.636782,113|114|115|116|117|118,0.5636
6895.150360,-0.400862,-20.933920,-0.010986,17.206255,-0.004593,-0.004024,-5.620718,-0.112803,5.621850,113|114|115|116|117|118,0.5631
6895.167026,-0.397547,-20.952021,-0.010951,17.213668,-0.004277,-0.003498,-5.618294,-0.111312,5.619397,113|114|115|116|117|118|119,0.5549
6895.183693,-0.390924,-20.962293,-0.011189,17.220104,-0.004096,-0.003214,-5.619149,-0.107891,5.620185,113|114|115|116|117|118|119,0.5625
6895.200360,-0.388960,-20.961089,-0.010616,17.226763,-0.004557,-0.002507,-5.626464,-0.106363,5.627469,113|114|115|116|117|118|119,0.5634
6895.233693,-0.402242,-20.974937,-0.009385,17.241269,-0.004593,-0.002151,-5.633439,-0.113541,5.634583,113|114|115|116|117|118|119,0.5571
6895.250360,-0.397225,-20.994469,-0.009356,17.248717,-0.004354,-0.002120,-5.630275,-0.111047,5.631370,114|115|116|117|118|119,0.5647
6895.267026,-0.393731,-21.008882,-0.009305,17.262547,-0.004863,-0.002375,-5.636272,-0.108635,5.637319,114|115|116|117|118|119,0.5629
6895.283693,-0.393732,-21.008880,-0.009305,17.269214,-0.005361,-0.002357,-5.642940,-0.108138,5.643976,114|115|116|117|118|119,0.5613
6895.300360,-0.401301,-21.021185,-0.009469,17.269214,-0.005361,-0.002357,-5.636250,-0.112247,5.637368,114|115|116|117|118|119,0.5626
6895.317026,-0.408186,-21.023246,-0.009380,17.283718,-0.005210,-0.002011,-5.649632,-0.116139,5.650825,114|115|116|117|118|119,0.5621
6895.333693,-0.407274,-21.033430,-0.009177,17.283718,-0.005210,-0.002011,-5.644097,-0.115640,5.645282,114|115|116|117|118|119,0.5638
6895.367026,-0.407277,-21.033426,-0.009179,17.303972,-0.004987,-0.001720,-5.664354,-0.115865,5.665539,114|115|116|117|118|119,0.5625
6895.383693,-0.393280,-21.060239,-0.008696,17.303972,-0.004987,-0.001720,-5.649786,-0.108250,5.650823,114|115|116|117|118|119,0.5619
6895.400360,-0.393279,-21.060246,-0.008704,17.318252,-0.005253,-0.003063,-5.664062,-0.107982,5.665091,114|115|116|117|118|119,0.5634
6895.417026,-0.405345,-21.069758,-0.009147,17.318252,-0.005253,-0.003063,-5.658889,-0.114537,5.660048,114|115|116|117|118|119,0.5645
6895.433693,-0.405347,-21.069752,-0.009146,17.332555,-0.005149,-0.003015,-5.673195,-0.114642,5.674354,114|115|116|117|118|119,0.5626
6895.450360,-0.398802,-21.103376,-0.009734,17.339047,-0.005548,-0.002919,-5.661415,-0.110676,5.662497,114|115|116|117|118|119,0.5630
6895.467026,-0.400539,-21.112393,-0.009981,17.345388,-0.005989,-0.002850,-5.662855,-0.111176,5.663946,114|115|116|117|118|119,0.5625
6895.500360,-0.412117,-21.114063,-0.009881,17.352202,-0.006456,-0.003021,-5.668758,-0.117001,5.669966,114|115|116|117|118|119,0.5634
6895.517026,-0.417725,-21.122832,-0.009755,17.366986,-0.005788,-0.002898,-5.678774,-0.120714,5.680057,114|115|116|117|118|119,0.5634
6895.533693,-0.413966,-21.141432,-0.010007,17.366986,-0.005788,-0.002898,-5.668666,-0.118665,5.669908,114|115|116|117|118|119,0.5625
6895.550360,-0.413965,-21.141431,-0.010007,17.374019,-0.005201,-0.002964,-5.675700,-0.119252,5.676953,114|115|116|117|118|119,0.5640
6895.567026,-0.407468,-21.151500,-0.010276,17.387229,-0.005470,-0.002818,-5.683440,-0.115448,5.684613,114|115|116|117|118|119,0.5643
6895.583693,-0.396783,-21.161030,-0.010398,17.394729,-0.005435,-0.002623,-5.685764,-0.109674,5.686821,114|115|116|117|118|119,0.5633
6895.600360,-0.405325,-21.165454,-0.009755,17.394729,-0.005435,-0.002623,-5.683357,-0.114315,5.684506,114|115|116|117|118|119,0.5642
6895.617026,-0.405159,-21.181444,-0.009543,17.402089,-0.005480,-0.002670,-5.682027,-0.114175,5.683174,114|115|116|117|118|119,0.5640
6895.650360,-0.405161,-21.181444,-0.009545,17.422580,-0.006385,-0.002656,-5.702518,-0.113270,5.703642,114|115|116|117|118|119,0.5625
6895.667026,-0.404030,-21.204860,-0.009668,17.429678,-0.006816,-0.002817,-5.696890,-0.112217,5.697996,114|115|116|117|118|119,0.5621
6895.683693,-0.407496,-21.203665,-0.009488,17.429678,-0.006816,-0.002817,-5.697539,-0.114101,5.698681,114|115|116|117|118|119,0.5628
6895.700360,-0.423223,-21.217019,-0.009646,17.437484,-0.006466,-0.002582,-5.698082,-0.122995,5.699409,114|115|116|117|118|119,0.5647
6895.717026,-0.423226,-21.217015,-0.009646,17.451829,-0.005683,-0.002534,-5.712429,-0.123779,5.713770,114|115|116|117|118|119,0.5652
6895.733693,-0.413179,-21.249437,-0.009421,17.451829,-0.005683,-0.002534,-5.694811,-0.118308,5.696040,114|115|116|117|118|119|120|121,0.5549
6895.750360,-0.407434,-21.254958,-0.010222,17.458313,-0.006007,-0.002399,-5.698297,-0.114860,5.699454,115|116|117|118|119|120|121,0.5568
6895.767026,-0.412145,-21.256657,-0.008548,17.472682,-0.006725,-0.002464,-5.711741,-0.116703,5.712933,116|117|118|119|120|121,0.5652
6895.817026,-0.421563,-21.299832,-0.009009,17.494111,-0.006819,-0.002761,-5.709702,-0.121714,5.710999,116|117|118|119|120|121,0.5633
6895.833693,-0.421561,-21.299831,-0.009007,17.500698,-0.007050,-0.002693,-5.716290,-0.121482,5.717581,116|117|118|119|120|121,0.5621
6895.850360,-0.422268,-21.308860,-0.009451,17.500698,-0.007050,-0.002693,-5.711383,-0.121863,5.712683,116|117|118|119|120|121,0.5630
6895.867026,-0.422265,-21.308862,-0.009449,17.507535,-0.007495,-0.002832,-5.718219,-0.121416,5.719508,116|117|118|119|120|121,0.5628
6895.883693,-0.425561,-21.311745,-0.008898,17.522450,-0.005894,-0.002722,-5.731566,-0.124808,5.732924,116|117|118|119|120|121,0.5629
6895.900360,-0.423540,-21.339376,-0.009195,17.529528,-0.004853,-0.002799,-5.723628,-0.124742,5.724987,116|117|118|119|120|121,0.5615
6895.917026,-0.408231,-21.348130,-0.009201,17.535629,-0.005316,-0.002397,-5.724976,-0.115955,5.726150,116|117|118|119|120|121,0.5635
6895.933693,-0.393909,-21.355657,-0.009364,17.542417,-0.006260,-0.002433,-5.727677,-0.107227,5.728681,116|117|118|119|120|121,0.5630
6895.950360,-0.401343,-21.351066,-0.008640,17.542417,-0.006260,-0.002433,-5.730170,-0.111268,5.731251,116|117|118|119|120|121,0.5645
6895.967026,-0.401342,-21.351068,-0.008640,17.557869,-0.006039,-0.002524,-5.745621,-0.111488,5.746703,116|117|118|119|120|121,0.5644
6895.983693,-0.411237,-21.377535,-0.008724,17.564930,-0.005447,-0.002472,-5.738294,-0.117450,5.739496,116|117|118|119|120|121,0.5644
6896.017026,-0.401950,-21.400148,-0.008918,17.571638,-0.005305,-0.002420,-5.732716,-0.112538,5.733820,116|117|118|119|120|121,0.5640
6896.033693,-0.399667,-21.402129,-0.008948,17.585565,-0.006375,-0.002495,-5.745567,-0.110226,5.746625,116|117|118|119|120|121,0.5640
6896.050360,-0.410628,-21.405357,-0.008471,17.593365,-0.006224,-0.002457,-5.751609,-0.116332,5.752785,116|117|118|119|120|121,0.5643
6896.067026,-0.410629,-21.405358,-0.008474,17.600764,-0.005993,-0.002239,-5.759007,-0.116565,5.760187,116|117|118|119|120|121,0.5640
6896.100360,-0.407638,-21.448128,-0.008671,17.607363,-0.005056,-0.002028,-5.742363,-0.115862,5.743532,116|117|118|119|120|121,0.5645
6896.133693,-0.387797,-21.453735,-0.008504,17.627181,-0.005604,-0.002220,-5.759140,-0.104530,5.760089,116|117|118|119|120|121,0.5633
6896.150360,-0.398377,-21.453456,-0.008271,17.634945,-0.005133,-0.002583,-5.767052,-0.110751,5.768116,116|117|118|119|120|121,0.5642
6896.167026,-0.398376,-21.453456,-0.008269,17.642910,-0.004440,-0.002613,-5.775017,-0.111443,5.776092,116|117|118|119|120|121,0.5662
6896.183693,-0.393515,-21.480309,-0.008961,17.649599,-0.004415,-0.002397,-5.767114,-0.108818,5.768140,116|117|118|119|120|121,0.5664
6896.217026,-0.383508,-21.499194,-0.008894,17.656180,-0.004953,-0.002138,-5.763434,-0.102836,5.764352,116|117|118|119|120|121,0.5650
6896.233693,-0.391702,-21.504493,-0.008101,17.671178,-0.005869,-0.002159,-5.775550,-0.106371,5.776529,116|117|118|119|120|121|122,0.5596
6896.250360,-0.391692,-21.504566,-0.008130,17.671178,-0.005869,-0.002159,-5.775510,-0.106366,5.776489,116|117|118|119|120|121|122,0.5654
6896.283693,-0.397753,-21.545105,-0.007659,17.685408,-0.004945,-0.001395,-5.767706,-0.110571,5.768766,117|118|119|120|121|122,0.5653
6896.300360,-0.397751,-21.545107,-0.007656,17.691786,-0.005166,-0.001320,-5.774083,-0.110349,5.775138,117|118|119|120|121|122,0.5656
6896.317026,-0.393191,-21.549656,-0.007808,17.698600,-0.005829,-0.000941,-5.778426,-0.107206,5.779420,117|118|119|120|121|122,0.5660
6896.333693,-0.393193,-21.549655,-0.007804,17.713582,-0.005718,-0.000564,-5.793409,-0.107318,5.794403,117|118|119|120|121|122,0.5663
6896.350360,-0.402724,-21.576507,-0.007651,17.713582,-0.005718,-0.000564,-5.778813,-0.112490,5.779907,117|118|119|120|121|122,0.5659
6896.367026,-0.402726,-21.576508,-0.007652,17.727465,-0.005203,-0.000224,-5.792695,-0.113006,5.793797,117|118|119|120|121|122,0.5647
6896.383693,-0.402927,-21.592132,-0.007478,17.733766,-0.005601,0.000037,-5.790504,-0.112712,5.791601,117|118|119|120|121|122,0.5628
6896.400360,-0.394483,-21.601385,-0.007686,17.741276,-0.006136,0.000087,-5.792988,-0.107585,5.793987,117|118|119|120|121|122,0.5635
6896.417026,-0.394481,-21.601391,-0.007690,17.748920,-0.006386,0.000088,-5.800629,-0.107335,5.801622,117|118|119|120|121|122,0.5647
6896.433693,-0.408735,-21.615090,-0.008002,17.748920,-0.006386,0.000088,-5.793180,-0.115077,5.794322,117|118|119|120|121|122,0.5645
6896.450360,-0.412432,-21.630145,-0.008188,17.762914,-0.005645,0.000450,-5.798990,-0.117822,5.800187,117|118|119|120|121|122,0.5643
6896.467026,-0.406945,-21.637052,-0.008121,17.769814,-0.005311,0.000356,-5.802138,-0.115172,5.803281,117|118|119|120|121|122,0.5641
6896.483693,-0.406949,-21.637051,-0.008124,17.776461,-0.005968,-0.000031,-5.808786,-0.114517,5.809915,117|118|119|120|121|122,0.5631
6896.500360,-0.401591,-21.644028,-0.007976,17.784034,-0.005926,-0.000357,-5.812568,-0.111645,5.813640,117|118|119|120|121|122,0.5633
6896.517026,-0.397395,-21.649983,-0.007961,17.784034,-0.005926,-0.000357,-5.809333,-0.109362,5.810363,117|118|119|120|121|122,0.5629
6896.533693,-0.405598,-21.655093,-0.008000,17.798963,-0.005721,-0.000255,-5.821482,-0.114024,5.822599,117|118|119|120|121|122,0.5633
6896.550360,-0.405162,-21.686774,-0.007993,17.798963,-0.005721,-0.000255,-5.804265,-0.113777,5.805380,117|118|119|120|121|122,0.5622
6896.567026,-0.405163,-21.686775,-0.007997,17.805185,-0.005488,-0.000252,-5.810487,-0.114011,5.811605,117|118|119|120|121|122,0.5612
6896.617026,-0.401633,-21.698098,-0.008139,17.833284,-0.006396,0.000387,-5.832433,-0.111181,5.833493,117|118|119|120|121|122,0.5627
6896.633693,-0.417471,-21.724863,-0.007482,17.833284,-0.006396,0.000387,-5.817882,-0.119780,5.819115,117|118|119|120|121|122,0.5631
6896.650360,-0.417472,-21.724863,-0.007484,17.847246,-0.005506,0.000322,-5.831844,-0.120671,5.833092,117|118|119|120|121|122,0.5632
6896.667026,-0.406224,-21.742796,-0.007179,17.847246,-0.005506,0.000322,-5.822101,-0.114553,5.823228,117|118|119|120|121|122,0.5636
6896.683693,-0.399885,-21.751191,-0.007032,17.853725,-0.005672,0.000296,-5.824019,-0.110938,5.825076,117|118|119|120|121|122,0.5638
6896.700360,-0.399881,-21.751194,-0.007034,17.860586,-0.005742,0.000487,-5.830878,-0.110866,5.831932,117|118|119|120|121|122,0.5628
6896.717026,-0.403057,-21.751343,-0.007250,17.875001,-0.005936,0.000425,-5.845212,-0.112399,5.846292,117|118|119|120|121|122,0.5633
6896.733693,-0.406340,-21.775312,-0.003679,17.882131,-0.005714,0.000411,-5.839314,-0.114397,5.840435,117|118|119|120|121|122|124,0.5562
6896.750360,-0.406468,-21.775369,-0.003440,17.888715,-0.006161,0.000775,-5.845867,-0.114019,5.846978,117|118|119|120|121|122|124,0.5632
6896.767026,-0.403559,-21.794047,-0.005943,17.895831,-0.006888,0.000779,-5.842833,-0.111706,5.843901,117|118|119|120|121|122|123|124,0.5631
6896.783693,-0.411063,-21.793946,-0.005925,17.895831,-0.006888,0.000779,-5.842886,-0.115784,5.844033,117|118|119|120|121|122|123|124,0.5636
6896.800360,-0.420865,-21.803686,-0.005569,17.903461,-0.006950,0.000916,-5.845219,-0.121046,5.846472,117|119|120|121|122|123|124,0.5560
6896.817026,-0.421326,-21.804562,-0.006865,17.917830,-0.006310,0.001167,-5.859111,-0.121936,5.860380,119|120|121|122|123|124,0.5645
6896.833693,-0.422314,-21.823465,-0.005822,17.924794,-0.006021,0.000366,-5.855802,-0.122756,5.857089,119|120|121|122|123|124,0.5644
6896.850360,-0.411861,-21.841689,-0.006134,17.924794,-0.006021,0.000366,-5.845901,-0.117069,5.847073,119|120|121|122|123|124,0.5641
6896.867026,-0.411859,-21.841690,-0.006136,17.938088,-0.007503,-0.002560,-5.859194,-0.115587,5.860334,119|120|121|122|123|124,0.5637
6896.883693,-0.411202,-21.845699,-0.007122,17.945007,-0.007886,-0.003896,-5.863934,-0.114846,5.865059,119|120|121|122|123|124,0.5644
6896.900360,-0.425957,-21.863359,-0.010174,17.945007,-0.007886,-0.003896,-5.854332,-0.122860,5.855621,119|120|121|122|123|124,0.5643
6896.917026,-0.428047,-21.880445,-0.011657,17.951838,-0.008177,-0.005050,-5.851877,-0.123699,5.853184,119|120|121|122|123|124,0.5644
6896.933693,-0.429529,-21.898292,-0.012552,17.958345,-0.007901,-0.006099,-5.848684,-0.124775,5.850015,119|120|121|122|123|124,0.5633
6896.967026,-0.427252,-21.900418,-0.014129,17.977622,-0.008109,-0.009112,-5.866806,-0.123328,5.868102,119|120|121|122|123|124,0.5665
6896.983693,-0.428793,-21.905703,-0.015055,17.977622,-0.008109,-0.009112,-5.863933,-0.124164,5.865248,119|120|121|122|123|124,0.5653
6897.000360,-0.428793,-21.905702,-0.015052,17.983847,-0.008285,-0.009969,-5.870159,-0.123988,5.871468,119|120|121|122|123|124,0.5658
6897.017026,-0.431386,-21.911127,-0.015630,17.990368,-0.007744,-0.011552,-5.873730,-0.125937,5.875080,119|120|121|122|123|124,0.5650
6897.033693,-0.431722,-21.917307,-0.016203,18.003816,-0.007816,-0.012799,-5.883820,-0.126046,5.885170,119|120|121|122|123|124,0.5619
6897.050360,-0.410853,-21.929874,-0.018490,18.003816,-0.007816,-0.012799,-5.876996,-0.114700,5.878116,119|120|121|122|123|124,0.5638
6897.067026,-0.410854,-21.929874,-0.018491,18.010466,-0.008450,-0.013746,-5.883646,-0.114066,5.884752,119|120|121|122|123|124,0.5653
6897.083693,-0.424518,-21.946072,-0.021819,18.017101,-0.008975,-0.013990,-5.881474,-0.120962,5.882718,119|120|121|122|123|124,0.5663
6897.100360,-0.424517,-21.946073,-0.021818,18.032239,-0.007928,-0.014447,-5.896612,-0.122008,5.897874,119|120|121|122|123|124,0.5665
6897.133693,-0.429649,-21.948510,-0.021159,18.046972,-0.007929,-0.012838,-5.910018,-0.124796,5.911336,119|120|121|122|123|124,0.5629
6897.150360,-0.412262,-21.980286,-0.022083,18.054212,-0.008146,-0.012818,-5.899994,-0.115120,5.901117,119|120|121|122|123|124,0.5650
6897.167026,-0.410113,-21.986558,-0.020310,18.061314,-0.008276,-0.012789,-5.903688,-0.113820,5.904786,119|120|121|122|123|124,0.5647
6897.200360,-0.417410,-22.017279,-0.019497,18.068513,-0.008096,-0.012927,-5.894189,-0.117956,5.895369,119|120|121|122|123|124,0.5647
6897.217026,-0.413298,-22.030207,-0.019463,18.075902,-0.007953,-0.012917,-5.894553,-0.115860,5.895692,119|120|121|122|123|124,0.5632
6897.233693,-0.410214,-22.042190,-0.018888,18.082963,-0.008074,-0.012961,-5.895103,-0.114060,5.896206,119|120|121|122|123|124,0.5634
6897.250360,-0.410214,-22.042190,-0.018887,18.089557,-0.007898,-0.012961,-5.901696,-0.114235,5.902802,119|120|121|122|123|124,0.5629
6897.267026,-0.407029,-22.050272,-0.019666,18.103057,-0.008276,-0.013022,-5.910805,-0.112123,5.911868,119|120|121|122|123|124,0.5634
6897.283693,-0.408365,-22.053430,-0.019981,18.103057,-0.008276,-0.013022,-5.909088,-0.112849,5.910165,119|120|121|122|123|124|125,0.5442
6897.300360,-0.408342,-22.053555,-0.020000,18.110302,-0.007736,-0.013384,-5.916265,-0.113377,5.917351,119|120|121|122|123|124|125,0.5556
6897.350360,-0.408974,-22.055845,-0.020276,18.139702,-0.008620,-0.013239,-5.944421,-0.112836,5.945492,120|121|122|123|124|125,0.5646
6897.367026,-0.406872,-22.107670,-0.020057,18.139702,-0.008620,-0.013239,-5.916256,-0.111677,5.917309,120|121|122|123|124|125,0.5652
6897.383693,-0.407045,-22.116869,-0.019328,18.146793,-0.008676,-0.013201,-5.918348,-0.111712,5.919402,120|121|122|123|124|125,0.5647
6897.400360,-0.406628,-22.126617,-0.019352,18.153852,-0.008758,-0.013198,-5.920109,-0.111400,5.921157,120|121|122|123|124|125,0.5638
6897.433693,-0.406040,-22.141819,-0.018448,18.175218,-0.009136,-0.013094,-5.933212,-0.110698,5.934245,120|121|122|123|124|125,0.5651
6897.450360,-0.408502,-22.152567,-0.018675,18.182145,-0.009188,-0.013145,-5.934298,-0.111980,5.935354,120|121|122|123|124|125,0.5644
6897.467026,-0.408502,-22.152567,-0.018675,18.189392,-0.008912,-0.013133,-5.941545,-0.112257,5.942605,120|121|122|123|124|125,0.5647
6897.483693,-0.408702,-22.168993,-0.020030,18.189392,-0.008912,-0.013133,-5.932617,-0.112360,5.933681,120|121|122|123|124|125,0.5640
6897.500360,-0.403762,-22.179834,-0.019820,18.196254,-0.008997,-0.013132,-5.933589,-0.109587,5.934601,120|121|122|123|124|125,0.5634
6897.517026,-0.403763,-22.179835,-0.019821,18.210460,-0.009960,-0.013058,-5.947794,-0.108624,5.948786,120|121|122|123|124|125,0.5642
6897.533693,-0.407704,-22.193731,-0.018750,18.210460,-0.009960,-0.013058,-5.940241,-0.110762,5.941274,120|121|122|123|124|125,0.5648
6897.550360,-0.415369,-22.206234,-0.017718,18.217677,-0.010476,-0.013036,-5.940660,-0.114407,5.941762,120|121|122|123|124|125,0.5635
6897.567026,-0.415368,-22.206234,-0.017717,18.225093,-0.010366,-0.013044,-5.948076,-0.114518,5.949178,120|121|122|123|124|125,0.5626
6897.583693,-0.418831,-22.230956,-0.018650,18.232062,-0.010506,-0.013083,-5.941608,-0.116251,5.942745,120|121|122|123|124|125,0.5623
6897.600360,-0.419384,-22.236418,-0.019500,18.238749,-0.010355,-0.013080,-5.945327,-0.116702,5.946472,120|121|122|123|124|125,0.5634
6897.617026,-0.419384,-22.236419,-0.019498,18.245594,-0.010578,-0.013071,-5.952172,-0.116479,5.953311,120|121|122|123|124|125,0.5643
6897.633693,-0.418136,-22.243812,-0.018503,18.252472,-0.010828,-0.013074,-5.955031,-0.115548,5.956152,120|121|122|123|124|125,0.5642
6897.650360,-0.420642,-22.249598,-0.018362,18.259361,-0.010841,-0.013453,-5.958775,-0.116895,5.959922,120|121|122|123|124|125,0.5643
6897.667026,-0.420641,-22.249597,-0.018361,18.273354,-0.010462,-0.013706,-5.972769,-0.117273,5.973920,120|121|122|123|124|125,0.5636
6897.683693,-0.411314,-22.272857,-0.020776,18.280435,-0.011027,-0.013815,-5.967212,-0.111632,5.968256,120|121|122|123|124|125,0.5633
6897.700360,-0.411314,-22.272857,-0.020776,18.287533,-0.011608,-0.013819,-5.974310,-0.111051,5.975342,120|121|122|123|124|125,0.5643
6897.717026,-0.418399,-22.289617,-0.021131,18.294519,-0.011781,-0.013755,-5.972185,-0.114723,5.973287,120|121|122|123|124|125,0.5639
6897.733693,-0.425779,-22.301829,-0.020546,18.301502,-0.011923,-0.013736,-5.972529,-0.118589,5.973706,120|121|122|123|124|125,0.5630
6897.750360,-0.425780,-22.301829,-0.020546,18.308758,-0.011447,-0.013767,-5.979785,-0.119065,5.980970,120|121|122|123|124|125,0.5637
6897.767026,-0.426714,-22.309561,-0.021012,18.315583,-0.011557,-0.013633,-5.982407,-0.119460,5.983599,120|121|122|123|124|125,0.5632
6897.783693,-0.419685,-22.331940,-0.019779,18.315583,-0.011557,-0.013633,-5.970246,-0.115633,5.971366,120|121|122|123|124|125|126|127,0.5531
6897.800360,-0.419711,-22.331984,-0.019745,18.329095,-0.012068,-0.013640,-5.983735,-0.115136,5.984843,120|121|122|123|124|125|126|127,0.5621
6897.817026,-0.419854,-22.341630,-0.020133,18.336047,-0.012498,-0.013683,-5.985444,-0.114781,5.986545,120|121|122|123|124|125|126|127,0.5637
6897.850360,-0.419930,-22.341891,-0.020150,18.350518,-0.012385,-0.013754,-5.999773,-0.114936,6.000874,122|123|124|125|126|127,0.5639
6897.867026,-0.428986,-22.356573,-0.020802,18.357489,-0.012729,-0.013853,-5.998762,-0.119508,5.999953,122|123|124|125|126|127,0.5635
6897.883693,-0.424121,-22.371484,-0.020441,18.357489,-0.012729,-0.013853,-5.990660,-0.116860,5.991800,122|123|124|125|126|127,0.5651
6897.900360,-0.429346,-22.386063,-0.020189,18.371274,-0.013325,-0.013869,-5.996520,-0.119099,5.997702,122|123|124|125|126|127,0.5651
6897.917026,-0.429346,-22.386063,-0.020191,18.378008,-0.013530,-0.013867,-6.003254,-0.118894,6.004431,122|123|124|125|126|127,0.5652
6897.933693,-0.435977,-22.402272,-0.020927,18.378008,-0.013530,-0.013867,-5.994443,-0.122493,5.995695,122|123|124|125|126|127,0.5658
6897.967026,-0.435977,-22.402272,-0.020929,18.392267,-0.013163,-0.013995,-6.008701,-0.122860,6.009957,122|123|124|125|126|127,0.5634
6897.983693,-0.430562,-22.421077,-0.021828,18.406563,-0.013628,-0.014094,-6.012779,-0.119446,6.013966,122|123|124|125|126|127,0.5646
6898.000360,-0.430207,-22.429129,-0.022305,18.413643,-0.013794,-0.014167,-6.015484,-0.119084,6.016662,122|123|124|125|126|127,0.5638
6898.017026,-0.434517,-22.449883,-0.023077,18.420807,-0.013849,-0.014197,-6.011367,-0.121365,6.012592,122|123|124|125|126|127,0.5639
6898.033693,-0.434517,-22.449883,-0.023078,18.427908,-0.013839,-0.014230,-6.018468,-0.121375,6.019692,122|123|124|125|126|127,0.5637
6898.050360,-0.435338,-22.458583,-0.023703,18.427908,-0.013839,-0.014230,-6.013739,-0.121819,6.014973,122|123|124|125|126|127,0.5644
6898.067026,-0.433638,-22.476129,-0.024640,18.434992,-0.014012,-0.014198,-6.011287,-0.120716,6.012499,122|123|124|125|126|127,0.5652
6898.083693,-0.434930,-22.487400,-0.023181,18.442159,-0.014217,-0.014145,-6.012329,-0.121210,6.013551,122|123|124|125|126|127,0.5647
6898.117026,-0.433195,-22.506537,-0.021442,18.456453,-0.013939,-0.014048,-6.016223,-0.120539,6.017431,122|123|124|125|126|127,0.5633
6898.133693,-0.433194,-22.506537,-0.021444,18.470184,-0.014109,-0.014004,-6.029954,-0.120369,6.031155,122|123|124|125|126|127,0.5621
6898.150360,-0.429792,-22.514484,-0.021746,18.477195,-0.014288,-0.013992,-6.032647,-0.118338,6.033807,122|123|124|125|126|127,0.5636
6898.167026,-0.429889,-22.525327,-0.020745,18.477195,-0.014288,-0.013992,-6.026754,-0.118387,6.027916,122|123|124|125|126|127,0.5650
6898.183693,-0.429889,-22.525327,-0.020746,18.491154,-0.014645,-0.014084,-6.040713,-0.118030,6.041866,122|123|124|125|126|127,0.5663
6898.200360,-0.432384,-22.541308,-0.020831,18.491154,-0.014645,-0.014084,-6.032027,-0.119382,6.033208,122|123|124|125|126|127,0.5669
6898.217026,-0.433605,-22.549174,-0.021635,18.498710,-0.014196,-0.014298,-6.035308,-0.120492,6.036510,122|123|124|125|126|127,0.5666
6898.233693,-0.425997,-22.565238,-0.022363,18.513245,-0.013960,-0.013497,-6.041114,-0.116588,6.042239,122|123|124|125|126|127,0.5650
6898.250360,-0.424198,-22.572848,-0.021096,18.520494,-0.014238,-0.013412,-6.044228,-0.115330,6.045328,122|123|124|125|126|127,0.5650
6898.283693,-0.424198,-22.572848,-0.021096,18.534743,-0.014397,-0.013283,-6.058477,-0.115171,6.059572,122|123|124|125|126|127,0.5652
6898.300360,-0.427709,-22.592761,-0.020771,18.534743,-0.014397,-0.013283,-6.047654,-0.117073,6.048787,122|123|124|125|126|127,0.5656
6898.333693,-0.428649,-22.601143,-0.021019,18.555945,-0.013934,-0.013079,-6.064300,-0.118044,6.065448,122|123|124|125|126|127,0.5572
6898.367026,-0.417189,-22.635032,-0.020365,18.569349,-0.014264,-0.013126,-6.059290,-0.111476,6.060315,123|124|125|126|127,0.5647
6898.383693,-0.418068,-22.638516,-0.021035,18.569349,-0.014264,-0.013126,-6.057396,-0.111953,6.058430,123|124|125|126|127,0.5653
6898.400360,-0.419396,-22.641848,-0.020726,18.576393,-0.014044,-0.013299,-6.062629,-0.112893,6.063680,123|124|125|126|127,0.5657
6898.417026,-0.419397,-22.641848,-0.020726,18.591020,-0.014275,-0.013180,-6.077256,-0.112662,6.078300,123|124|125|126|127,0.5650
6898.433693,-0.412956,-22.666107,-0.020324,18.591020,-0.014275,-0.013180,-6.064074,-0.109154,6.065056,123|124|125|126|127,0.5657
6898.450360,-0.415858,-22.678247,-0.020284,18.598315,-0.014570,-0.013013,-6.064770,-0.110432,6.065775,123|124|125|126|127,0.5670
6898.467026,-0.418497,-22.690409,-0.019803,18.605656,-0.014745,-0.013020,-6.065500,-0.111688,6.066528,123|124|125|126|127,0.5669
6898.483693,-0.418497,-22.690409,-0.019803,18.620037,-0.014908,-0.012875,-6.079882,-0.111525,6.080904,123|124|125|126|127,0.5666
6898.500360,-0.419817,-22.699928,-0.018842,18.627188,-0.014997,-0.012864,-6.081858,-0.112150,6.082892,123|124|125|126|127,0.5658
6898.517026,-0.419613,-22.720241,-0.019187,18.627188,-0.014997,-0.012864,-6.070819,-0.112033,6.071852,123|124|125|126|127,0.5658
6898.550360,-0.419872,-22.735745,-0.019495,18.641510,-0.015190,-0.012758,-6.076714,-0.111976,6.077746,123|124|125|126|127,0.5648
6898.583693,-0.420590,-22.755440,-0.019032,18.655941,-0.015060,-0.012757,-6.080442,-0.112490,6.081482,123|124|125|126|127,0.5638
6898.600360,-0.416564,-22.768196,-0.019703,18.662870,-0.015244,-0.012706,-6.080439,-0.110114,6.081436,123|124|125|126|127,0.5638
6898.617026,-0.417947,-22.773346,-0.020035,18.676682,-0.015856,-0.012504,-6.091452,-0.110253,6.092449,123|124|125|126|127,0.5643
6898.633693,-0.417947,-22.773346,-0.020035,18.683814,-0.016544,-0.012294,-6.098584,-0.109565,6.099568,123|124|125|126|127,0.5651
6898.650360,-0.425158,-22.787604,-0.019471,18.683814,-0.016544,-0.012294,-6.090833,-0.113479,6.091890,123|124|125|126|127,0.5648
6898.667026,-0.425157,-22.787604,-0.019471,18.698129,-0.016221,-0.012379,-6.105148,-0.113801,6.106208,123|124|125|126|127,0.5642
6898.683693,-0.434677,-22.815719,-0.018498,18.698129,-0.016221,-0.012379,-6.089865,-0.118966,6.091027,123|124|125|126|127,0.5640
6898.700360,-0.434677,-22.815719,-0.018500,18.711557,-0.016491,-0.012423,-6.103292,-0.118696,6.104446,123|124|125|126|127,0.5634
6898.717026,-0.424892,-22.819510,-0.018858,18.718501,-0.016834,-0.012441,-6.108179,-0.113034,6.109225,123|124|125|126|127,0.5633
6898.733693,-0.428549,-22.826952,-0.018554,18.718501,-0.016834,-0.012441,-6.104133,-0.115019,6.105217,123|124|125|126|127,0.5629
6898.750360,-0.428549,-22.826952,-0.018553,18.725361,-0.017034,-0.012728,-6.110994,-0.114820,6.112073,123|124|125|126|127,0.5634
6898.767026,-0.432171,-22.833443,-0.018342,18.732818,-0.016445,-0.012915,-6.114922,-0.117376,6.116048,123|124|125|126|127,0.5617
6898.783693,-0.424251,-22.861843,-0.019589,18.746375,-0.016754,-0.012867,-6.113046,-0.112753,6.114086,123|124|125|126|127,0.5615
6898.800360,-0.424845,-22.865748,-0.020164,18.753362,-0.017369,-0.012854,-6.117911,-0.112459,6.118945,123|124|125|126|127,0.5636
6898.817026,-0.426859,-22.871565,-0.020205,18.760335,-0.017772,-0.012846,-6.121721,-0.113149,6.122767,123|124|125|126|127,0.5632
6898.833693,-0.426859,-22.871566,-0.020206,18.760335,-0.017772,-0.012846,-6.121721,-0.113149,6.122767,123|124|125|126|127,0.5638
6898.850360,-0.438948,-22.891937,-0.019638,18.774446,-0.017627,-0.013013,-6.124757,-0.119858,6.125930,123|124|125|126|127,0.5637
6898.867026,-0.440848,-22.898124,-0.018498,18.774446,-0.017627,-0.013013,-6.121394,-0.120888,6.122587,123|124|125|126|127,0.5531
6898.883693,-0.442350,-22.899536,-0.020938,18.781195,-0.017074,-0.012823,-6.127375,-0.122257,6.128595,125|126|127,0.5619
6898.900360,-0.434213,-22.913802,-0.020697,18.794791,-0.017698,-0.012410,-6.133221,-0.117207,6.134341,125|126|127,0.5625
6898.917026,-0.429003,-22.922929,-0.020800,18.801682,-0.018138,-0.012353,-6.135153,-0.113933,6.136211,125|126|127,0.5633
6898.950360,-0.429003,-22.922928,-0.020794,18.809218,-0.017861,-0.012499,-6.142690,-0.114209,6.143751,125|126|127,0.5621
6898.967026,-0.440228,-22.939676,-0.021832,18.816431,-0.018077,-0.012191,-6.140797,-0.120088,6.141971,125|126|127,0.5624
6898.983693,-0.436732,-22.961506,-0.022469,18.823328,-0.018260,-0.012288,-6.135831,-0.117998,6.136965,125|126|127,0.5635
6899.000360,-0.438115,-22.967929,-0.021128,18.830521,-0.018780,-0.012328,-6.139533,-0.118229,6.140671,125|126|127,0.5647
6899.017026,-0.444535,-22.978850,-0.021353,18.844181,-0.019339,-0.012277,-6.147255,-0.121156,6.148449,125|126|127,0.5641
6899.033693,-0.444535,-22.978850,-0.021352,18.851624,-0.018857,-0.012382,-6.154699,-0.121638,6.155901,125|126|127,0.5653
6899.050360,-0.447359,-22.984743,-0.020941,18.858788,-0.018787,-0.012319,-6.158659,-0.123241,6.159892,125|126|127,0.5651
6899.067026,-0.450507,-22.990459,-0.021675,18.858788,-0.018787,-0.012319,-6.155551,-0.124950,6.156820,125|126|127,0.5644
6899.083693,-0.440926,-23.012096,-0.021238,18.873196,-0.019229,-0.012410,-6.158203,-0.119293,6.159358,125|126|127,0.5642
6899.100360,-0.440926,-23.012095,-0.021239,18.873196,-0.019229,-0.012410,-6.158203,-0.119293,6.159359,125|126|127,0.5649
6899.133693,-0.444240,-23.023614,-0.022141,18.894723,-0.019512,-0.012528,-6.173470,-0.120808,6.174651,125|126|127,0.5654
6899.150360,-0.446713,-23.051525,-0.019340,18.894723,-0.019512,-0.012528,-6.158300,-0.122143,6.159511,125|126|127,0.5659
6899.167026,-0.446713,-23.051525,-0.019341,18.901756,-0.019533,-0.012555,-6.165332,-0.122122,6.166541,125|126|127,0.5660
6899.183693,-0.445132,-23.060415,-0.018994,18.908902,-0.019774,-0.012443,-6.167648,-0.121019,6.168835,125|126|127,0.5656
6899.200360,-0.444873,-23.069680,-0.019783,18.923181,-0.019635,-0.012260,-6.176891,-0.121015,6.178076,125|126|127,0.5653
6899.217026,-0.445591,-23.090658,-0.020578,18.930020,-0.019643,-0.012228,-6.172329,-0.121391,6.173523,125|126|127,0.5644
6899.233693,-0.445591,-23.090659,-0.020576,18.936616,-0.019481,-0.012116,-6.178925,-0.121552,6.180121,125|126|127,0.5634
6899.250360,-0.442091,-23.104215,-0.020972,18.943618,-0.019706,-0.012065,-6.178560,-0.119420,6.179714,125|126|127,0.5626
6899.267026,-0.438188,-23.107651,-0.019914,18.943618,-0.019706,-0.012065,-6.176694,-0.117298,6.177808,125|126|127,0.5622
6899.283693,-0.440416,-23.117424,-0.020059,18.950536,-0.019855,-0.012062,-6.178299,-0.118357,6.179433,125|126|127,0.5636
6899.300360,-0.441959,-23.125997,-0.020846,18.957449,-0.020023,-0.012112,-6.180553,-0.119025,6.181699,125|126|127,0.5643
6899.333693,-0.442211,-23.145562,-0.021178,18.978843,-0.019739,-0.012115,-6.191313,-0.119440,6.192465,125|126|127,0.5637
6899.350360,-0.436893,-23.157646,-0.021150,18.978843,-0.019739,-0.012115,-6.184748,-0.116547,6.185846,125|126|127,0.5649
6899.383693,-0.438636,-23.173366,-0.019874,18.993023,-0.020271,-0.011979,-6.190384,-0.116956,6.191489,125|126|127,0.5509
6899.400360,-0.441524,-23.182912,-0.019674,19.008057,-0.019893,-0.012023,-6.200229,-0.118901,6.201369,126|127,0.5664
6899.417026,-0.444360,-23.191241,-0.019923,19.008057,-0.019893,-0.012023,-6.195702,-0.120440,6.196873,126|127,0.5656
6899.433693,-0.444363,-23.191242,-0.019930,19.021575,-0.019609,-0.011886,-6.209219,-0.120726,6.210393,126|127,0.5639
6899.450360,-0.434210,-23.211968,-0.019816,19.028296,-0.019811,-0.011944,-6.204680,-0.114999,6.205745,126|127,0.5646
6899.467027,-0.433320,-23.217313,-0.019468,19.028296,-0.019811,-0.011944,-6.201775,-0.114513,6.202832,126|127,0.5636
6899.483693,-0.429635,-23.221720,-0.019160,19.035038,-0.020055,-0.011982,-6.206123,-0.112266,6.207139,126|127,0.5627
6899.500360,-0.429635,-23.221720,-0.019160,19.049337,-0.019565,-0.012124,-6.220422,-0.112755,6.221444,126|127,0.5627
6899.517027,-0.433204,-23.229282,-0.019125,19.056477,-0.019868,-0.012116,-6.223451,-0.114390,6.224502,126|127,0.5633
6899.533693,-0.433204,-23.229282,-0.019125,19.063633,-0.020176,-0.012072,-6.230607,-0.114082,6.231651,126|127,0.5635
6899.550360,-0.426143,-23.258226,-0.020355,19.063633,-0.020176,-0.012072,-6.214879,-0.110235,6.215856,126|127,0.5656
6899.567027,-0.426143,-23.258226,-0.020356,19.070860,-0.020432,-0.012018,-6.222105,-0.109979,6.223077,126|127,0.5655
6899.583693,-0.432248,-23.281655,-0.021219,19.077964,-0.020628,-0.011865,-6.216474,-0.113094,6.217503,126|127,0.5656
6899.600360,-0.434042,-23.291498,-0.021497,19.092399,-0.020752,-0.011864,-6.225559,-0.113942,6.226602,126|127,0.5655
6899.617027,-0.433524,-23.303274,-0.022135,19.092399,-0.020752,-0.011864,-6.219160,-0.113657,6.220198,126|127,0.5653
6899.650360,-0.433455,-23.317276,-0.021780,19.106530,-0.020900,-0.011813,-6.225681,-0.113467,6.226715,126|127,0.5657
6899.667027,-0.433526,-23.324953,-0.020450,19.113499,-0.021100,-0.011837,-6.228478,-0.113303,6.229508,126|127,0.5665
6899.700360,-0.431573,-23.349431,-0.022108,19.127959,-0.020933,-0.011855,-6.229635,-0.112401,6.230649,126|127,0.5628
6899.717027,-0.430348,-23.357006,-0.020790,19.134411,-0.021280,-0.010921,-6.231970,-0.111386,6.232966,126|127,0.5644
6899.733693,-0.430348,-23.357007,-0.020790,19.139343,-0.021475,-0.011173,-6.236902,-0.111191,6.237893,126|127,0.5671
6899.750360,-0.439859,-23.381688,-0.020828,19.142965,-0.021609,-0.011385,-6.227107,-0.116218,6.228192,126|127,0.5668
6899.767027,-0.440155,-23.384517,-0.021229,19.145059,-0.021685,-0.011535,-6.227664,-0.116302,6.228750,126|127,0.5646
6899.783693,-0.439933,-23.387519,-0.020656,19.145759,-0.021710,-0.011603,-6.226732,-0.116156,6.227816,126|127,0.5645
6899.800360,-0.440190,-23.388729,-0.020935,19.145759,-0.021710,-0.011603,-6.226075,-0.116295,6.227161,126|127,0.5638
6899.817027,-0.440692,-23.388967,-0.021712,19.145689,-0.021654,-0.011603,-6.225874,-0.116624,6.226967,126|127,0.5636
6899.833693,-0.440070,-23.389120,-0.021085,19.145689,-0.021654,-0.011603,-6.225792,-0.116286,6.226878,126|127,0.5639
6899.850360,-0.440068,-23.389118,-0.021080,19.145567,-0.021548,-0.011595,-6.225671,-0.116391,6.226759,126|127,0.5640
6899.867027,-0.439822,-23.388599,-0.021506,19.145483,-0.021473,-0.011592,-6.225869,-0.116332,6.226956,126|127,0.5656
6899.883693,-0.437990,-23.386445,-0.020607,19.145483,-0.021473,-0.011592,-6.227040,-0.115337,6.228108,126|127,0.5651
6899.900360,-0.436803,-23.385254,-0.020590,19.145384,-0.021385,-0.011584,-6.227589,-0.114781,6.228647,126|127,0.5655
6899.917027,-0.435834,-23.384060,-0.021354,19.145136,-0.021165,-0.011565,-6.227991,-0.114474,6.229043,126|127,0.5650
6899.933693,-0.434531,-23.382806,-0.021780,19.145136,-0.021165,-0.011565,-6.228673,-0.113767,6.229712,126|127,0.5639
6899.950360,-0.434532,-23.382806,-0.021782,19.144822,-0.020884,-0.011541,-6.228358,-0.114047,6.229402,126|127,0.5627
6899.967027,-0.430857,-23.379647,-0.021462,19.144641,-0.020720,-0.011532,-6.229896,-0.112215,6.230906,126|127,0.5614
6899.983693,-0.428620,-23.377450,-0.021228,19.144443,-0.020537,-0.011535,-6.230892,-0.111183,6.231884,126|127,0.5617
6900.000360,-0.426448,-23.374274,-0.021661,19.144443,-0.020537,-0.011535,-6.232619,-0.110004,6.233590,126|127,0.5626
6900.017027,-0.423752,-23.371124,-0.021502,19.144049,-0.020176,-0.011543,-6.233938,-0.108901,6.234889,126|127,0.5632
6900.033693,-0.423755,-23.371126,-0.021508,19.144043,-0.020175,-0.011543,-6.233931,-0.108903,6.234882,126|127,0.5631
6900.050360,-0.418232,-23.366166,-0.020589,19.144043,-0.020175,-0.011543,-6.236628,-0.105903,6.237527,126|127,0.5629
6900.067027,-0.418234,-23.366167,-0.020592,19.144034,-0.020176,-0.011543,-6.236618,-0.105903,6.237517,126|127,0.5613
6900.083693,-0.418379,-23.366825,-0.021176,19.144028,-0.020177,-0.011544,-6.236255,-0.105981,6.237155,126|127,0.5603
6900.100360,-0.418300,-23.366812,-0.021049,19.144026,-0.020178,-0.011544,-6.236260,-0.105937,6.237160,126|127,0.5603
6900.117027,-0.418155,-23.366626,-0.020686,19.144021,-0.020178,-0.011544,-6.236356,-0.105858,6.237254,126|127,0.5598
6900.133693,-0.418189,-23.366875,-0.020777,19.144019,-0.020178,-0.011545,-6.236218,-0.105876,6.237117,126|127,0.5591
6900.150360,-0.418252,-23.366981,-0.020780,19.144019,-0.020178,-0.011545,-6.236160,-0.105911,6.237060,126|127,0.5591
6900.167027,-0.418079,-23.366685,-0.020386,19.144011,-0.020180,-0.011545,-6.236314,-0.105816,6.237212,126|127,0.5592
6900.183693,-0.418232,-23.366630,-0.020653,19.144011,-0.020180,-0.011545,-6.236344,-0.105898,6.237243,126|127,0.5594
6900.200360,-0.418232,-23.366631,-0.020653,19.144001,-0.020181,-0.011546,-6.236334,-0.105898,6.237233,126|127,0.5592
6900.233693,-0.418047,-23.366849,-0.020331,19.143992,-0.020182,-0.011546,-6.236206,-0.105796,6.237103,126|127,0.5585
6900.250360,-0.418366,-23.367127,-0.020842,19.143992,-0.020182,-0.011546,-6.236054,-0.105969,6.236955,126|127,0.5588
6900.267027,-0.418185,-23.367147,-0.020551,19.143982,-0.020183,-0.011547,-6.236034,-0.105870,6.236933,126|127,0.5585
6900.283693,-0.418217,-23.367113,-0.020574,19.143979,-0.020183,-0.011547,-6.236049,-0.105887,6.236948,126|127,0.5585
6900.300360,-0.418147,-23.367037,-0.020411,19.143975,-0.020184,-0.011548,-6.236086,-0.105848,6.236984,126|127,0.5587
6900.317027,-0.418155,-23.366880,-0.020331,19.143975,-0.020184,-0.011548,-6.236172,-0.105852,6.237070,126|127,0.5591
6900.333693,-0.418229,-23.367117,-0.020631,19.143969,-0.020184,-0.011548,-6.236037,-0.105892,6.236936,126|127,0.5586
6900.350360,-0.418147,-23.367376,-0.020400,19.143959,-0.020185,-0.011548,-6.235887,-0.105847,6.236785,126|127,0.5582
6900.367027,-0.418147,-23.367376,-0.020399,19.143959,-0.020185,-0.011548,-6.235887,-0.105847,6.236785,126|127,0.5580
6900.383693,-0.418271,-23.367252,-0.020563,19.143954,-0.020185,-0.011548,-6.235949,-0.105914,6.236848,126|127,0.5581
6900.400360,-0.418450,-23.367408,-0.021025,19.143950,-0.020186,-0.011549,-6.235860,-0.106010,6.236761,126|127,0.5579
6900.417027,-0.418450,-23.367409,-0.021025,19.143946,-0.020187,-0.011548,-6.235855,-0.106010,6.236756,126|127,0.5581
6900.433693,-0.418443,-23.367333,-0.020886,19.143940,-0.020187,-0.011549,-6.235891,-0.106005,6.236792,126|127,0.5583
6900.450360,-0.418522,-23.367037,-0.021017,19.143937,-0.020187,-0.011549,-6.236048,-0.106048,6.236950,126|127,0.5585
6900.467027,-0.418270,-23.367266,-0.020547,19.143931,-0.020188,-0.011549,-6.235918,-0.105911,6.236817,126|127,0.5580
6900.483693,-0.418258,-23.367517,-0.020558,19.143927,-0.020189,-0.011550,-6.235778,-0.105903,6.236677,126|127,0.5576
6900.500360,-0.418126,-23.367500,-0.020264,19.143918,-0.020189,-0.011550,-6.235778,-0.105831,6.236676,126|127,0.5576
6900.517027,-0.418232,-23.367278,-0.020312,19.143914,-0.020190,-0.011550,-6.235894,-0.105888,6.236793,126|127,0.5580
6900.533693,-0.418208,-23.367181,-0.020373,19.143914,-0.020190,-0.011550,-6.235947,-0.105875,6.236846,126|127,0.5582
6900.550360,-0.418208,-23.367182,-0.020373,19.143910,-0.020191,-0.011550,-6.235943,-0.105874,6.236842,126|127,0.5579
6900.567027,-0.418106,-23.367283,-0.020112,19.143906,-0.020191,-0.011551,-6.235884,-0.105818,6.236782,126|127,0.5584
6900.583693,-0.418139,-23.367080,-0.020041,19.143895,-0.020192,-0.011551,-6.235983,-0.105835,6.236881,126|127,0.5589
6900.600360,-0.418139,-23.367081,-0.020041,19.143895,-0.020192,-0.011551,-6.235982,-0.105835,6.236880,126|127,0.5585
6900.617027,-0.418291,-23.367531,-0.020395,19.143889,-0.020193,-0.011552,-6.235732,-0.105917,6.236632,126|127,0.5581
6900.633693,-0.418310,-23.367449,-0.020408,19.143885,-0.020193,-0.011551,-6.235773,-0.105927,6.236672,126|127,0.5583
6900.650360,-0.418307,-23.367317,-0.020304,19.143881,-0.020193,-0.011552,-6.235841,-0.105925,6.236740,126|127,0.5585
6900.667027,-0.418251,-23.367352,-0.020224,19.143877,-0.020194,-0.011552,-6.235818,-0.105894,6.236717,126|127,0.5585
6900.683693,-0.418304,-23.367395,-0.020272,19.143870,-0.020195,-0.011552,-6.235787,-0.105922,6.236686,126|127,0.5584
6900.700360,-0.418272,-23.367285,-0.020204,19.143870,-0.020195,-0.011552,-6.235847,-0.105905,6.236746,126|127,0.5587
6900.717027,-0.418272,-23.367285,-0.020203,19.143864,-0.020195,-0.011552,-6.235841,-0.105904,6.236740,126|127,0.5589
6900.733693,-0.418438,-23.367348,-0.020527,19.143858,-0.020196,-0.011553,-6.235801,-0.105994,6.236702,126|127,0.5588
6900.750360,-0.418367,-23.367641,-0.020373,19.143855,-0.020197,-0.011553,-6.235638,-0.105954,6.236538,126|127,0.5581
6900.767027,-0.418498,-23.367612,-0.020625,19.143845,-0.020198,-0.011553,-6.235644,-0.106025,6.236545,126|127,0.5583
6900.783693,-0.418679,-23.367449,-0.020870,19.143845,-0.020198,-0.011553,-6.235733,-0.106123,6.236636,126|127,0.5585
6900.817027,-0.418504,-23.367378,-0.020548,19.143837,-0.020199,-0.011553,-6.235764,-0.106027,6.236665,126|127,0.5583
6900.833693,-0.418571,-23.367432,-0.020645,19.143834,-0.020199,-0.011553,-6.235730,-0.106063,6.236632,126|127,0.5585
6900.850360,-0.418571,-23.367433,-0.020646,19.143824,-0.020200,-0.011554,-6.235720,-0.106062,6.236622,126|127,0.5588
6900.867027,-0.418702,-23.367518,-0.020964,19.143824,-0.020200,-0.011554,-6.235674,-0.106133,6.236577,126|127,0.5583
6900.883693,-0.418702,-23.367518,-0.020965,19.143820,-0.020201,-0.011555,-6.235670,-0.106132,6.236573,126|127,0.5582
6900.900360,-0.418618,-23.367690,-0.020752,19.143809,-0.020202,-0.011556,-6.235566,-0.106086,6.236468,126|127,0.5583
6900.917027,-0.418705,-23.367537,-0.020844,19.143809,-0.020202,-0.011556,-6.235649,-0.106133,6.236552,126|127,0.5586
6900.933693,-0.418704,-23.367536,-0.020843,19.143801,-0.020203,-0.011555,-6.235641,-0.106132,6.236544,126|127,0.5583
6900.950360,-0.418627,-23.367627,-0.020625,19.143801,-0.020203,-0.011555,-6.235592,-0.106090,6.236494,126|127,0.5583
6900.967027,-0.418654,-23.367421,-0.020702,19.143795,-0.020203,-0.011555,-6.235698,-0.106104,6.236601,126|127,0.5586
6900.983693,-0.418653,-23.367421,-0.020702,19.143784,-0.020204,-0.011556,-6.235687,-0.106103,6.236590,126|127,0.5589
6901.000360,-0.418770,-23.367333,-0.020881,19.143784,-0.020204,-0.011556,-6.235734,-0.106166,6.236638,126|127,0.5583
6901.017027,-0.418789,-23.367746,-0.021028,19.143780,-0.020204,-0.011556,-6.235506,-0.106176,6.236410,126|127,0.5581
6901.033693,-0.418713,-23.367758,-0.020825,19.143776,-0.020205,-0.011557,-6.235496,-0.106134,6.236399,126|127,0.5581
6901.050360,-0.418681,-23.367651,-0.020637,19.143771,-0.020206,-0.011556,-6.235548,-0.106116,6.236451,126|127,0.5583
6901.067027,-0.418680,-23.367651,-0.020636,19.143767,-0.020206,-0.011556,-6.235544,-0.106115,6.236447,126|127,0.5587
6901.083693,-0.418711,-23.367477,-0.020778,19.143759,-0.020207,-0.011557,-6.235631,-0.106131,6.236535,126|127,0.5584
6901.100360,-0.418690,-23.367623,-0.020731,19.143755,-0.020208,-0.011557,-6.235548,-0.106119,6.236451,126|127,0.5588
6901.117027,-0.418660,-23.367489,-0.020574,19.143755,-0.020208,-0.011557,-6.235621,-0.106102,6.236524,126|127,0.5591
6901.133693,-0.418661,-23.367489,-0.020575,19.143752,-0.020209,-0.011558,-6.235617,-0.106102,6.236520,126|127,0.5588
6901.150360,-0.418692,-23.367678,-0.020692,19.143748,-0.020209,-0.011558,-6.235511,-0.106119,6.236413,126|127,0.5583
6901.183693,-0.418847,-23.367787,-0.020910,19.143740,-0.020210,-0.011558,-6.235444,-0.106202,6.236348,126|127,0.5585
6901.200360,-0.418847,-23.367787,-0.020910,19.143727,-0.020211,-0.011560,-6.235430,-0.106201,6.236335,126|127,0.5585
6901.217027,-0.418878,-23.367829,-0.020988,19.143727,-0.020211,-0.011560,-6.235407,-0.106218,6.236312,126|127,0.5585
6901.233693,-0.418798,-23.367779,-0.020815,19.143723,-0.020212,-0.011560,-6.235431,-0.106174,6.236335,126|127,0.5586
6901.300360,-0.418912,-23.368063,-0.021071,19.143706,-0.020214,-0.011561,-6.235260,-0.106234,6.236164,126|127,0.5584
6901.317027,-0.418912,-23.368063,-0.021071,19.143694,-0.020215,-0.011561,-6.235248,-0.106233,6.236153,126|127,0.5586
6901.333693,-0.418840,-23.367772,-0.020874,19.143691,-0.020215,-0.011562,-6.235402,-0.106193,6.236307,126|127,0.5587
6901.350360,-0.418840,-23.367772,-0.020873,19.143685,-0.020216,-0.011562,-6.235397,-0.106192,6.236301,126|127,0.5587
6901.367027,-0.418862,-23.367781,-0.020880,19.143685,-0.020216,-0.011562,-6.235392,-0.106204,6.236296,126|127,0.5590
6901.400360,-0.418862,-23.367781,-0.020880,19.143670,-0.020217,-0.011563,-6.235376,-0.106203,6.236281,126|127,0.5589
6901.417027,-0.418770,-23.368011,-0.020621,19.143670,-0.020217,-0.011563,-6.235251,-0.106153,6.236155,126|127,0.5587
6901.433693,-0.418707,-23.368015,-0.020410,19.143660,-0.020218,-0.011563,-6.235240,-0.106118,6.236143,126|127,0.5587
6901.450360,-0.418707,-23.368015,-0.020409,19.143656,-0.020218,-0.011562,-6.235236,-0.106117,6.236139,126|127,0.5589
6901.467027,-0.418824,-23.368054,-0.020631,19.143650,-0.020219,-0.011562,-6.235209,-0.106180,6.236113,126|127,0.5585
6901.483693,-0.418825,-23.368055,-0.020634,19.143645,-0.020220,-0.011563,-6.235203,-0.106180,6.236107,126|127,0.5584
6901.500360,-0.418739,-23.368061,-0.020390,19.143641,-0.020220,-0.011563,-6.235196,-0.106133,6.236099,126|127,0.5587
6901.517027,-0.418701,-23.367872,-0.020311,19.143641,-0.020220,-0.011563,-6.235298,-0.106112,6.236201,126|127,0.5588
6901.533693,-0.418795,-23.367829,-0.020417,19.143631,-0.020221,-0.011564,-6.235312,-0.106162,6.236216,126|127,0.5583
6901.550360,-0.418837,-23.368200,-0.020611,19.143631,-0.020221,-0.011564,-6.235110,-0.106185,6.236015,126|127,0.5581
6901.567027,-0.418838,-23.368201,-0.020614,19.143626,-0.020222,-0.011564,-6.235104,-0.106185,6.236009,126|127,0.5581
6901.583693,-0.418785,-23.368247,-0.020418,19.143614,-0.020223,-0.011565,-6.235068,-0.106155,6.235972,126|127,0.5584
6901.600360,-0.418717,-23.368142,-0.020163,19.143614,-0.020223,-0.011565,-6.235125,-0.106118,6.236028,126|127,0.5587
6901.617027,-0.418778,-23.368130,-0.020371,19.143605,-0.020224,-0.011565,-6.235122,-0.106150,6.236026,126|127,0.5584
6901.633693,-0.418777,-23.368129,-0.020369,19.143599,-0.020225,-0.011565,-6.235117,-0.106149,6.236020,126|127,0.5588
6901.650360,-0.418671,-23.367992,-0.020038,19.143593,-0.020225,-0.011565,-6.235186,-0.106091,6.236088,126|127,0.5591
6901.667027,-0.418671,-23.367992,-0.020040,19.143593,-0.020225,-0.011565,-6.235186,-0.106092,6.236088,126|127,0.5589
6901.683693,-0.418780,-23.368230,-0.020334,19.143589,-0.020226,-0.011566,-6.235052,-0.106150,6.235956,126|127,0.5586
6901.700360,-0.418779,-23.368230,-0.020333,19.143580,-0.020227,-0.011566,-6.235043,-0.106148,6.235946,126|127,0.5585
6901.717027,-0.418824,-23.368229,-0.020235,19.143580,-0.020227,-0.011566,-6.235043,-0.106173,6.235947,126|127,0.5586
6901.733693,-0.418744,-23.368193,-0.020091,19.143572,-0.020228,-0.011566,-6.235055,-0.106129,6.235959,126|127,0.5586
6901.750360,-0.418741,-23.368170,-0.020069,19.143568,-0.020228,-0.011566,-6.235064,-0.106126,6.235967,126|127,0.5586
6901.783693,-0.418627,-23.368031,-0.019692,19.143559,-0.020229,-0.011567,-6.235130,-0.106063,6.236032,126|127,0.5589
6901.800360,-0.418684,-23.368128,-0.019880,19.143555,-0.020229,-0.011566,-6.235074,-0.106094,6.235976,126|127,0.5589
6901.817027,-0.418685,-23.368128,-0.019882,19.143544,-0.020231,-0.011567,-6.235062,-0.106093,6.235965,126|127,0.5585
6901.833693,-0.418877,-23.368257,-0.020289,19.143544,-0.020231,-0.011567,-6.234992,-0.106198,6.235896,126|127,0.5585
6901.850360,-0.418876,-23.368257,-0.020287,19.143534,-0.020232,-0.011567,-6.234983,-0.106196,6.235887,126|127,0.5585
6901.867027,-0.418941,-23.368118,-0.020383,19.143534,-0.020232,-0.011567,-6.235058,-0.106231,6.235963,126|127,0.5587
6901.883693,-0.418941,-23.368118,-0.020383,19.143525,-0.020233,-0.011568,-6.235048,-0.106230,6.235953,126|127,0.5588
6901.900360,-0.418980,-23.368060,-0.020442,19.143525,-0.020233,-0.011568,-6.235080,-0.106251,6.235985,126|127,0.5589
6901.917027,-0.418873,-23.368017,-0.020137,19.143517,-0.020234,-0.011568,-6.235096,-0.106192,6.236000,126|127,0.5590
6901.933693,-0.418951,-23.368118,-0.020374,19.143507,-0.020234,-0.011568,-6.235031,-0.106234,6.235936,126|127,0.5589
6901.950360,-0.418951,-23.368118,-0.020374,19.143507,-0.020234,-0.011568,-6.235031,-0.106234,6.235936,126|127,0.5588
6901.967027,-0.418971,-23.368343,-0.020334,19.143502,-0.020235,-0.011569,-6.234903,-0.106245,6.235809,126|127,0.5586
6902.000360,-0.419025,-23.368336,-0.020445,19.143488,-0.020236,-0.011570,-6.234894,-0.106272,6.235799,126|127,0.5585
6902.017027,-0.418811,-23.368345,-0.019980,19.143488,-0.020236,-0.011570,-6.234888,-0.106156,6.235792,126|127,0.5585
6902.050360,-0.418865,-23.368157,-0.019973,19.143475,-0.020238,-0.011571,-6.234977,-0.106184,6.235882,126|127,0.5587
6902.067027,-0.418830,-23.368397,-0.019991,19.143469,-0.020238,-0.011571,-6.234842,-0.106164,6.235745,126|127,0.5583
6902.100360,-0.418890,-23.368542,-0.020062,19.143458,-0.020239,-0.011570,-6.234751,-0.106196,6.235656,126|127,0.5581
6902.117027,-0.418839,-23.368473,-0.019913,19.143444,-0.020240,-0.011571,-6.234775,-0.106168,6.235679,126|127,0.5581
6902.133693,-0.418838,-23.368473,-0.019911,19.143444,-0.020240,-0.011571,-6.234776,-0.106167,6.235679,126|127,0.5585
6902.150360,-0.418936,-23.368371,-0.020162,19.143435,-0.020241,-0.011572,-6.234821,-0.106219,6.235726,126|127,0.5583
6902.167027,-0.418997,-23.368260,-0.020155,19.143435,-0.020241,-0.011572,-6.234882,-0.106252,6.235787,126|127,0.5585
6902.200360,-0.418826,-23.368440,-0.019722,19.143420,-0.020243,-0.011572,-6.234768,-0.106157,6.235672,126|127,0.5585
6902.217027,-0.418898,-23.368436,-0.019935,19.143420,-0.020243,-0.011572,-6.234770,-0.106197,6.235675,126|127,0.5582
6902.233693,-0.419067,-23.368463,-0.020183,19.143408,-0.020244,-0.011572,-6.234744,-0.106288,6.235650,126|127,0.5580
6902.250360,-0.419034,-23.368504,-0.020031,19.143408,-0.020244,-0.011572,-6.234722,-0.106270,6.235627,126|127,0.5580
6902.267027,-0.418986,-23.368422,-0.019976,19.143397,-0.020245,-0.011573,-6.234755,-0.106242,6.235660,126|127,0.5582
6902.283693,-0.418986,-23.368422,-0.019975,19.143391,-0.020246,-0.011573,-6.234750,-0.106242,6.235655,126|127,0.5582
6902.300360,-0.419002,-23.368422,-0.019938,19.143385,-0.020246,-0.011574,-6.234744,-0.106250,6.235649,126|127,0.5584
6902.333693,-0.419029,-23.368337,-0.019929,19.143380,-0.020247,-0.011574,-6.234784,-0.106264,6.235690,126|127,0.5588
6902.350360,-0.419023,-23.368397,-0.019952,19.143376,-0.020247,-0.011574,-6.234748,-0.106260,6.235654,126|127,0.5586
6902.367027,-0.419118,-23.368391,-0.020066,19.143370,-0.020248,-0.011574,-6.234745,-0.106311,6.235652,126|127,0.5584
6902.383693,-0.419117,-23.368391,-0.020065,19.143359,-0.020248,-0.011574,-6.234734,-0.106310,6.235640,126|127,0.5582
6902.400360,-0.419119,-23.368398,-0.020036,19.143353,-0.020249,-0.011575,-6.234724,-0.106311,6.235631,126|127,0.5585
6902.433693,-0.419003,-23.368228,-0.019828,19.143347,-0.020250,-0.011575,-6.234811,-0.106247,6.235716,126|127,0.5586
6902.450360,-0.418917,-23.368254,-0.019517,19.143341,-0.020250,-0.011576,-6.234791,-0.106200,6.235696,126|127,0.5586
6902.467027,-0.418917,-23.368254,-0.019515,19.143330,-0.020251,-0.011576,-6.234780,-0.106198,6.235684,126|127,0.5585
6902.483693,-0.418927,-23.368350,-0.019600,19.143330,-0.020251,-0.011576,-6.234728,-0.106204,6.235632,126|127,0.5586
6902.500360,-0.418899,-23.368444,-0.019433,19.143324,-0.020252,-0.011576,-6.234671,-0.106188,6.235575,126|127,0.5584
6902.517027,-0.418898,-23.368444,-0.019432,19.143311,-0.020253,-0.011575,-6.234657,-0.106187,6.235562,126|127,0.5582
6902.533693,-0.418975,-23.368316,-0.019626,19.143305,-0.020253,-0.011576,-6.234721,-0.106228,6.235626,126|127,0.5582
6902.550360,-0.418885,-23.368304,-0.019486,19.143305,-0.020253,-0.011576,-6.234728,-0.106180,6.235632,126|127,0.5583
6902.567027,-0.418883,-23.368183,-0.019434,19.143299,-0.020254,-0.011576,-6.234788,-0.106178,6.235692,126|127,0.5586
6902.600360,-0.418883,-23.368183,-0.019434,19.143288,-0.020255,-0.011577,-6.234777,-0.106177,6.235681,126|127,0.5582
6902.633693,-0.418824,-23.368366,-0.019290,19.143271,-0.020256,-0.011577,-6.234660,-0.106143,6.235563,126|127,0.5581
6902.650360,-0.418825,-23.368495,-0.019212,19.143267,-0.020257,-0.011577,-6.234586,-0.106143,6.235489,126|127,0.5582
6902.667027,-0.418915,-23.368248,-0.019395,19.143267,-0.020257,-0.011577,-6.234720,-0.106192,6.235625,126|127,0.5586
6902.683693,-0.418965,-23.368354,-0.019510,19.143261,-0.020257,-0.011577,-6.234657,-0.106219,6.235561,126|127,0.5585
6902.700360,-0.419011,-23.368292,-0.019545,19.143256,-0.020258,-0.011577,-6.234685,-0.106244,6.235590,126|127,0.5586
6902.717027,-0.419033,-23.368320,-0.019552,19.143248,-0.020258,-0.011578,-6.234662,-0.106255,6.235567,126|127,0.5586
6902.733693,-0.419007,-23.368399,-0.019537,19.143242,-0.020259,-0.011579,-6.234613,-0.106239,6.235518,126|127,0.5585
6902.750360,-0.419054,-23.368273,-0.019625,19.143231,-0.020260,-0.011579,-6.234670,-0.106264,6.235576,126|127,0.5584
6902.767027,-0.419054,-23.368273,-0.019625,19.143227,-0.020261,-0.011578,-6.234666,-0.106264,6.235572,126|127,0.5580
6902.783693,-0.419185,-23.368342,-0.019801,19.143221,-0.020261,-0.011579,-6.234623,-0.106335,6.235530,126|127,0.5580
6902.817027,-0.419039,-23.368314,-0.019468,19.143212,-0.020262,-0.011579,-6.234629,-0.106254,6.235534,126|127,0.5583
6902.833693,-0.419045,-23.368116,-0.019551,19.143206,-0.020262,-0.011580,-6.234731,-0.106257,6.235636,126|127,0.5584
6902.850360,-0.419123,-23.368152,-0.019602,19.143202,-0.020263,-0.011580,-6.234707,-0.106299,6.235613,126|127,0.5584
6902.867027,-0.419144,-23.368139,-0.019666,19.143202,-0.020263,-0.011580,-6.234715,-0.106310,6.235621,126|127,0.5586
6902.883693,-0.418976,-23.368181,-0.019330,19.143194,-0.020264,-0.011581,-6.234684,-0.106219,6.235589,126|127,0.5586
6902.917027,-0.419089,-23.368204,-0.019477,19.143183,-0.020265,-0.011580,-6.234660,-0.106279,6.235566,126|127,0.5581
6902.967027,-0.419090,-23.368204,-0.019477,19.143160,-0.020267,-0.011582,-6.234637,-0.106277,6.235543,126|127,0.5587
6903.000360,-0.419381,-23.367987,-0.019999,19.143154,-0.020267,-0.011582,-6.234749,-0.106435,6.235658,126|127,0.5584
6903.017027,-0.419167,-23.368002,-0.019526,19.143149,-0.020268,-0.011582,-6.234735,-0.106318,6.235642,126|127,0.5586
6903.033693,-0.419167,-23.368002,-0.019526,19.143137,-0.020269,-0.011583,-6.234724,-0.106317,6.235630,126|127,0.5582
6903.050360,-0.419052,-23.368067,-0.019225,19.143137,-0.020269,-0.011583,-6.234689,-0.106254,6.235594,126|127,0.5580
6903.067027,-0.419012,-23.367950,-0.019194,19.143130,-0.020270,-0.011582,-6.234745,-0.106232,6.235650,126|127,0.5579
6903.083693,-0.418951,-23.367915,-0.019103,19.143124,-0.020270,-0.011582,-6.234758,-0.106198,6.235662,126|127,0.5581
6903.100360,-0.419086,-23.367857,-0.019254,19.143120,-0.020271,-0.011583,-6.234786,-0.106271,6.235691,126|127,0.5584
6903.117027,-0.419057,-23.367936,-0.019151,19.143112,-0.020271,-0.011583,-6.234735,-0.106255,6.235640,126|127,0.5581
6903.133693,-0.418989,-23.367981,-0.019036,19.143107,-0.020272,-0.011584,-6.234705,-0.106217,6.235610,126|127,0.5582
6903.150360,-0.418894,-23.367877,-0.018856,19.143093,-0.020273,-0.011584,-6.234748,-0.106165,6.235652,126|127,0.5585
6903.183693,-0.418895,-23.367877,-0.018856,19.143082,-0.020274,-0.011584,-6.234737,-0.106164,6.235640,126|127,0.5584
6903.200360,-0.419098,-23.367841,-0.019187,19.143082,-0.020274,-0.011584,-6.234756,-0.106274,6.235662,126|127,0.5587
6903.217027,-0.419106,-23.367773,-0.019210,19.143069,-0.020275,-0.011585,-6.234780,-0.106277,6.235686,126|127,0.5588
6903.233693,-0.419106,-23.367773,-0.019210,19.143067,-0.020275,-0.011585,-6.234778,-0.106277,6.235684,126|127,0.5588
6903.250360,-0.419196,-23.367740,-0.019307,19.143067,-0.020275,-0.011585,-6.234796,-0.106326,6.235703,126|127,0.5588
6903.267027,-0.419079,-23.367734,-0.019071,19.143053,-0.020276,-0.011586,-6.234786,-0.106262,6.235691,126|127,0.5589
6903.283693,-0.419044,-23.367589,-0.018977,19.143053,-0.020276,-0.011586,-6.234864,-0.106243,6.235770,126|127,0.5590
6903.300360,-0.419044,-23.367589,-0.018977,19.143040,-0.020278,-0.011586,-6.234851,-0.106241,6.235756,126|127,0.5584
6903.317027,-0.419089,-23.367812,-0.018985,19.143040,-0.020278,-0.011586,-6.234730,-0.106266,6.235636,126|127,0.5584
6903.333693,-0.419088,-23.367684,-0.018957,19.143029,-0.020279,-0.011586,-6.234788,-0.106264,6.235694,126|127,0.5588
6903.350360,-0.419088,-23.367684,-0.018957,19.143023,-0.020279,-0.011587,-6.234783,-0.106264,6.235688,126|127,0.5588
6903.367027,-0.419194,-23.367672,-0.019118,19.143021,-0.020280,-0.011587,-6.234787,-0.106321,6.235694,126|127,0.5588
6903.383693,-0.419137,-23.367699,-0.019045,19.143021,-0.020280,-0.011587,-6.234772,-0.106290,6.235678,126|127,0.5587
6903.400360,-0.419225,-23.367644,-0.019220,19.143013,-0.020281,-0.011587,-6.234795,-0.106337,6.235701,126|127,0.5592
6903.417027,-0.419196,-23.367641,-0.019111,19.142998,-0.020282,-0.011588,-6.234781,-0.106320,6.235688,126|127,0.5593
6903.433693,-0.419214,-23.367805,-0.019071,19.142998,-0.020282,-0.011588,-6.234692,-0.106330,6.235598,126|127,0.5588
6903.483693,-0.419214,-23.367806,-0.019071,19.142973,-0.020284,-0.011588,-6.234667,-0.106328,6.235573,126|127,0.5593
6903.500360,-0.419581,-23.367691,-0.019658,19.142973,-0.020284,-0.011588,-6.234729,-0.106527,6.235639,126|127,0.5591
6903.517027,-0.419580,-23.367692,-0.019658,19.142962,-0.020285,-0.011589,-6.234717,-0.106525,6.235627,126|127,0.5588
6903.533693,-0.419541,-23.367716,-0.019603,19.142962,-0.020285,-0.011589,-6.234704,-0.106504,6.235614,126|127,0.5588
6903.550360,-0.419557,-23.367675,-0.019618,19.142956,-0.020286,-0.011589,-6.234721,-0.106513,6.235630,126|127,0.5590
6903.567027,-0.419553,-23.367973,-0.019561,19.142943,-0.020287,-0.011589,-6.234545,-0.106509,6.235455,126|127,0.5587
6903.583693,-0.419553,-23.367973,-0.019561,19.142943,-0.020287,-0.011589,-6.234545,-0.106509,6.235455,126|127,0.5585
6903.617027,-0.419786,-23.367782,-0.020152,19.142931,-0.020288,-0.011589,-6.234637,-0.106634,6.235549,126|127,0.5588
6903.650360,-0.419683,-23.367873,-0.019903,19.142912,-0.020289,-0.011591,-6.234569,-0.106577,6.235480,126|127,0.5585
6903.667027,-0.419627,-23.367883,-0.019795,19.142912,-0.020289,-0.011591,-6.234564,-0.106546,6.235474,126|127,0.5585
6903.683693,-0.419549,-23.367807,-0.019623,19.142903,-0.020291,-0.011591,-6.234595,-0.106503,6.235505,126|127,0.5587
6903.700360,-0.419555,-23.368069,-0.019617,19.142903,-0.020291,-0.011591,-6.234453,-0.106506,6.235363,126|127,0.5584
6903.717027,-0.419555,-23.368069,-0.019617,19.142887,-0.020292,-0.011591,-6.234438,-0.106505,6.235347,126|127,0.5587
6903.767027,-0.419709,-23.367955,-0.019688,19.142870,-0.020294,-0.011592,-6.234482,-0.106587,6.235393,126|127,0.5591
6903.783693,-0.419905,-23.368085,-0.020145,19.142870,-0.020294,-0.011592,-6.234412,-0.106693,6.235325,126|127,0.5589
6903.800360,-0.419905,-23.368085,-0.020145,19.142853,-0.020295,-0.011592,-6.234394,-0.106692,6.235307,126|127,0.5591
6903.817027,-0.419896,-23.367942,-0.020052,19.142847,-0.020296,-0.011593,-6.234467,-0.106686,6.235379,126|127,0.5592
6903.833693,-0.419896,-23.367942,-0.020052,19.142842,-0.020296,-0.011593,-6.234461,-0.106686,6.235374,126|127,0.5584
6903.850360,-0.419980,-23.368305,-0.020242,19.142842,-0.020296,-0.011593,-6.234263,-0.106731,6.235177,126|127,0.5584
6903.867027,-0.419979,-23.368306,-0.020242,19.142828,-0.020297,-0.011593,-6.234250,-0.106730,6.235163,126|127,0.5588
6903.883693,-0.419947,-23.368097,-0.020144,19.142822,-0.020298,-0.011593,-6.234358,-0.106712,6.235271,126|127,0.5589
6903.900360,-0.419863,-23.368003,-0.019890,19.142813,-0.020298,-0.011594,-6.234399,-0.106666,6.235311,126|127,0.5589
6903.917027,-0.419917,-23.368080,-0.020064,19.142809,-0.020299,-0.011594,-6.234353,-0.106695,6.235266,126|127,0.5587
6903.933693,-0.419917,-23.368079,-0.020064,19.142798,-0.020299,-0.011595,-6.234342,-0.106694,6.235255,126|127,0.5590
6903.950360,-0.419992,-23.368018,-0.020205,19.142796,-0.020300,-0.011594,-6.234374,-0.106735,6.235287,126|127,0.5592
6903.967027,-0.419879,-23.367946,-0.019933,19.142796,-0.020300,-0.011594,-6.234413,-0.106673,6.235325,126|127,0.5585
6903.983693,-0.419802,-23.368249,-0.019803,19.142788,-0.020300,-0.011594,-6.234240,-0.106630,6.235152,126|127,0.5584
6904.000360,-0.419899,-23.368076,-0.019905,19.142782,-0.020301,-0.011594,-6.234329,-0.106683,6.235241,126|127,0.5588
6904.017027,-0.419899,-23.368076,-0.019905,19.142771,-0.020302,-0.011595,-6.234317,-0.106682,6.235230,126|127,0.5592
6904.033693,-0.419737,-23.368108,-0.019464,19.142763,-0.020303,-0.011595,-6.234292,-0.106593,6.235204,126|127,0.5589
6904.050360,-0.419866,-23.368331,-0.019780,19.142763,-0.020303,-0.011595,-6.234171,-0.106663,6.235083,126|127,0.5587
6904.067027,-0.419896,-23.368243,-0.019819,19.142754,-0.020303,-0.011596,-6.234209,-0.106679,6.235122,126|127,0.5588
6904.083693,-0.419896,-23.368243,-0.019819,19.142750,-0.020304,-0.011596,-6.234206,-0.106679,6.235118,126|127,0.5591
6904.100360,-0.419985,-23.368205,-0.019941,19.142735,-0.020305,-0.011596,-6.234211,-0.106726,6.235124,126|127,0.5587
6904.150360,-0.420369,-23.368323,-0.020689,19.142721,-0.020306,-0.011596,-6.234134,-0.106933,6.235051,126|127,0.5587
6904.167027,-0.420237,-23.368284,-0.020310,19.142710,-0.020307,-0.011596,-6.234143,-0.106860,6.235059,126|127,0.5590
6904.183693,-0.420236,-23.368283,-0.020310,19.142702,-0.020307,-0.011597,-6.234136,-0.106859,6.235052,126|127,0.5583
6904.200360,-0.420269,-23.368446,-0.020468,19.142702,-0.020307,-0.011597,-6.234048,-0.106877,6.234964,126|127,0.5585
6904.217027,-0.420110,-23.368286,-0.020103,19.142697,-0.020308,-0.011597,-6.234129,-0.106790,6.235044,126|127,0.5588
6904.233693,-0.420146,-23.368598,-0.020252,19.142689,-0.020309,-0.011598,-6.233952,-0.106809,6.234867,126|127,0.5582
6904.250360,-0.420115,-23.368435,-0.020182,19.142683,-0.020309,-0.011598,-6.234035,-0.106792,6.234949,126|127,0.5587
6904.267027,-0.420130,-23.368397,-0.020013,19.142678,-0.020310,-0.011598,-6.234049,-0.106799,6.234964,126|127,0.5588
6904.283693,-0.420105,-23.368280,-0.019875,19.142660,-0.020311,-0.011599,-6.234096,-0.106784,6.235010,126|127,0.5592
6904.300360,-0.420080,-23.368487,-0.019819,19.142655,-0.020312,-0.011599,-6.233977,-0.106770,6.234892,126|127,0.5590
6904.317027,-0.420296,-23.368526,-0.020299,19.142655,-0.020312,-0.011599,-6.233956,-0.106887,6.234872,126|127,0.5589
6904.333693,-0.420275,-23.368512,-0.020204,19.142647,-0.020312,-0.011599,-6.233956,-0.106875,6.234872,126|127,0.5592
6904.350360,-0.420252,-23.368403,-0.020085,19.142634,-0.020314,-0.011599,-6.234002,-0.106862,6.234918,126|127,0.5593
6904.367027,-0.420242,-23.368815,-0.020071,19.142624,-0.020314,-0.011599,-6.233769,-0.106856,6.234684,126|127,0.5584
6904.383693,-0.420288,-23.368845,-0.020197,19.142620,-0.020315,-0.011599,-6.233748,-0.106880,6.234665,126|127,0.5583
6904.400360,-0.420284,-23.368756,-0.020091,19.142620,-0.020315,-0.011599,-6.233797,-0.106878,6.234713,126|127,0.5587
6904.417027,-0.420179,-23.368617,-0.019809,19.142609,-0.020316,-0.011600,-6.233861,-0.106820,6.234776,126|127,0.5588
6904.433693,-0.420133,-23.368736,-0.019720,19.142601,-0.020316,-0.011600,-6.233789,-0.106795,6.234703,126|127,0.5587
6904.450360,-0.420217,-23.368878,-0.019981,19.142601,-0.020316,-0.011600,-6.233711,-0.106840,6.234627,126|127,0.5584
6904.467027,-0.420216,-23.368878,-0.019980,19.142584,-0.020317,-0.011601,-6.233695,-0.106839,6.234610,126|127,0.5588
6904.500360,-0.420277,-23.369057,-0.020060,19.142576,-0.020318,-0.011601,-6.233589,-0.106871,6.234506,126|127,0.5582
6904.517027,-0.420277,-23.369057,-0.020060,19.142563,-0.020319,-0.011601,-6.233576,-0.106870,6.234492,126|127,0.5582
6904.533693,-0.420181,-23.368926,-0.019708,19.142563,-0.020319,-0.011601,-6.233647,-0.106818,6.234562,126|127,0.5585
6904.550360,-0.420068,-23.368852,-0.019363,19.142557,-0.020320,-0.011601,-6.233682,-0.106755,6.234596,126|127,0.5591
6904.567027,-0.420068,-23.368852,-0.019363,19.142550,-0.020320,-0.011602,-6.233674,-0.106755,6.234589,126|127,0.5587
6904.600360,-0.420321,-23.369009,-0.019893,19.142529,-0.020322,-0.011602,-6.233568,-0.106891,6.234484,126|127,0.5585
6904.617027,-0.420371,-23.368916,-0.019964,19.142521,-0.020323,-0.011602,-6.233611,-0.106917,6.234528,126|127,0.5588
6904.633693,-0.420341,-23.369273,-0.019940,19.142513,-0.020323,-0.011603,-6.233409,-0.106900,6.234326,126|127,0.5584
6904.650360,-0.420341,-23.369273,-0.019940,19.142508,-0.020324,-0.011603,-6.233404,-0.106900,6.234320,126|127,0.5580
6904.667027,-0.420249,-23.369382,-0.019647,19.142508,-0.020324,-0.011603,-6.233344,-0.106850,6.234260,126|127,0.5579
6904.683693,-0.420316,-23.369098,-0.019834,19.142494,-0.020325,-0.011602,-6.233485,-0.106885,6.234401,126|127,0.5584
6904.700360,-0.420251,-23.369066,-0.019658,19.142487,-0.020325,-0.011603,-6.233495,-0.106849,6.234411,126|127,0.5587
6904.717027,-0.420380,-23.369248,-0.019972,19.142487,-0.020325,-0.011603,-6.233396,-0.106920,6.234313,126|127,0.5581
6904.733693,-0.420450,-23.369214,-0.020047,19.142471,-0.020326,-0.011604,-6.233399,-0.106956,6.234316,126|127,0.5583
6904.750360,-0.420451,-23.369215,-0.020049,19.142471,-0.020326,-0.011604,-6.233399,-0.106957,6.234316,126|127,0.5585
6904.767027,-0.420624,-23.369475,-0.020418,19.142464,-0.020327,-0.011604,-6.233250,-0.107050,6.234169,126|127,0.5579
6904.783693,-0.420586,-23.369213,-0.020327,19.142452,-0.020328,-0.011604,-6.233381,-0.107029,6.234299,126|127,0.5585
6904.800360,-0.420511,-23.369209,-0.020021,19.142445,-0.020329,-0.011604,-6.233375,-0.106988,6.234293,126|127,0.5585
6904.817027,-0.420440,-23.369078,-0.019783,19.142437,-0.020329,-0.011604,-6.233439,-0.106948,6.234356,126|127,0.5588
6904.850360,-0.420411,-23.369436,-0.019783,19.142422,-0.020330,-0.011605,-6.233229,-0.106931,6.234146,126|127,0.5583
6904.867027,-0.420440,-23.369514,-0.019758,19.142422,-0.020330,-0.011605,-6.233187,-0.106947,6.234104,126|127,0.5583
6904.883693,-0.420441,-23.369514,-0.019760,19.142405,-0.020331,-0.011605,-6.233169,-0.106947,6.234087,126|127,0.5583
6904.917027,-0.420672,-23.369623,-0.020241,19.142391,-0.020332,-0.011606,-6.233097,-0.107071,6.234016,126|127,0.5575
6904.933693,-0.420645,-23.369658,-0.020112,19.142384,-0.020333,-0.011607,-6.233070,-0.107055,6.233990,126|127,0.5579
6904.950360,-0.420595,-23.369513,-0.019970,19.142384,-0.020333,-0.011607,-6.233149,-0.107028,6.234068,126|127,0.5581
6904.967027,-0.420599,-23.369565,-0.020029,19.142378,-0.020334,-0.011606,-6.233115,-0.107030,6.234034,126|127,0.5581
6904.983693,-0.420599,-23.369565,-0.020029,19.142368,-0.020334,-0.011606,-6.233105,-0.107029,6.234024,126|127,0.5579
6905.000360,-0.420679,-23.369683,-0.020240,19.142355,-0.020335,-0.011607,-6.233028,-0.107072,6.233948,126|127,0.5582
6905.017027,-0.420828,-23.369620,-0.020456,19.142349,-0.020336,-0.011607,-6.233057,-0.107152,6.233977,126|127,0.5584
6905.033693,-0.420828,-23.369620,-0.020457,19.142349,-0.020336,-0.011607,-6.233056,-0.107152,6.233977,126|127,0.5578
6905.050360,-0.420589,-23.369608,-0.020041,19.142334,-0.020337,-0.011607,-6.233048,-0.107021,6.233967,126|127,0.5580
6905.067027,-0.420586,-23.369576,-0.019894,19.142334,-0.020337,-0.011607,-6.233065,-0.107020,6.233984,126|127,0.5581
6905.100360,-0.420358,-23.369487,-0.019331,19.142313,-0.020339,-0.011608,-6.233093,-0.106894,6.234009,126|127,0.5586
6905.117027,-0.420552,-23.369578,-0.019823,19.142313,-0.020339,-0.011608,-6.233043,-0.106999,6.233961,126|127,0.5582
6905.133693,-0.420503,-23.369660,-0.019578,19.142298,-0.020340,-0.011609,-6.232983,-0.106971,6.233901,126|127,0.5581
6905.150360,-0.420665,-23.369668,-0.019848,19.142298,-0.020340,-0.011609,-6.232979,-0.107060,6.233898,126|127,0.5583
6905.167027,-0.420810,-23.369795,-0.020206,19.142292,-0.020340,-0.011609,-6.232904,-0.107138,6.233825,126|127,0.5580
6905.183693,-0.420811,-23.369795,-0.020207,19.142286,-0.020341,-0.011609,-6.232898,-0.107138,6.233819,126|127,0.5580
6905.200360,-0.420596,-23.369865,-0.019642,19.142269,-0.020342,-0.011610,-6.232843,-0.107020,6.233762,126|127,0.5577
6905.217027,-0.420674,-23.369643,-0.019799,19.142269,-0.020342,-0.011610,-6.232964,-0.107062,6.233883,126|127,0.5582
6905.233693,-0.420500,-23.369590,-0.019462,19.142260,-0.020342,-0.011610,-6.232983,-0.106967,6.233901,126|127,0.5584
6905.267027,-0.420499,-23.369590,-0.019461,19.142239,-0.020344,-0.011610,-6.232962,-0.106965,6.233880,126|127,0.5579
6905.283693,-0.420936,-23.369691,-0.020223,19.142239,-0.020344,-0.011610,-6.232907,-0.107203,6.233829,126|127,0.5581
6905.300360,-0.421144,-23.369807,-0.020747,19.142233,-0.020345,-0.011610,-6.232838,-0.107315,6.233762,126|127,0.5577
6905.317027,-0.421143,-23.369807,-0.020746,19.142225,-0.020345,-0.011611,-6.232831,-0.107314,6.233755,126|127,0.5585
6905.333693,-0.421152,-23.369374,-0.020775,19.142208,-0.020346,-0.011611,-6.233049,-0.107318,6.233972,126|127,0.5583
6905.350360,-0.421042,-23.369265,-0.020358,19.142208,-0.020346,-0.011611,-6.233108,-0.107258,6.234031,126|127,0.5585
6905.367027,-0.421159,-23.369289,-0.020684,19.142195,-0.020347,-0.011612,-6.233082,-0.107321,6.234005,126|127,0.5586
6905.383693,-0.421190,-23.369315,-0.020812,19.142195,-0.020347,-0.011612,-6.233067,-0.107337,6.233992,126|127,0.5586
6905.400360,-0.421165,-23.369574,-0.020626,19.142185,-0.020348,-0.011613,-6.232917,-0.107323,6.233841,126|127,0.5586
6905.417027,-0.421237,-23.369557,-0.020628,19.142180,-0.020348,-0.011613,-6.232921,-0.107362,6.233845,126|127,0.5585
6905.433693,-0.421238,-23.369557,-0.020628,19.142159,-0.020349,-0.011613,-6.232900,-0.107361,6.233824,126|127,0.5580
6905.450360,-0.421369,-23.369423,-0.020996,19.142159,-0.020349,-0.011613,-6.232972,-0.107433,6.233898,126|127,0.5581
6905.467027,-0.421369,-23.369424,-0.020997,19.142140,-0.020351,-0.011614,-6.232953,-0.107432,6.233879,126|127,0.5585
6905.483693,-0.421148,-23.369346,-0.020374,19.142132,-0.020351,-0.011614,-6.232987,-0.107311,6.233911,126|127,0.5586
6905.500360,-0.421147,-23.369346,-0.020373,19.142122,-0.020352,-0.011615,-6.232978,-0.107310,6.233902,126|127,0.5586
6905.517027,-0.421291,-23.369332,-0.020787,19.142117,-0.020352,-0.011615,-6.232980,-0.107387,6.233905,126|127,0.5586
6905.533693,-0.421336,-23.369466,-0.020770,19.142117,-0.020352,-0.011615,-6.232907,-0.107412,6.233833,126|127,0.5587
6905.550360,-0.421336,-23.369466,-0.020770,19.142103,-0.020353,-0.011615,-6.232894,-0.107411,6.233819,126|127,0.5586
6905.567027,-0.421445,-23.369517,-0.020862,19.142090,-0.020354,-0.011614,-6.232853,-0.107470,6.233779,126|127,0.5580
6905.583693,-0.421319,-23.369350,-0.020631,19.142082,-0.020355,-0.011615,-6.232936,-0.107400,6.233861,126|127,0.5582
6905.617027,-0.421319,-23.369350,-0.020631,19.142077,-0.020355,-0.011615,-6.232930,-0.107400,6.233855,126|127,0.5587
6905.650360,-0.421357,-23.369237,-0.020722,19.142059,-0.020356,-0.011616,-6.232975,-0.107420,6.233900,126|127,0.5584
6905.667027,-0.421186,-23.369508,-0.020252,19.142050,-0.020356,-0.011617,-6.232818,-0.107326,6.233742,126|127,0.5582
6905.683693,-0.421186,-23.369508,-0.020252,19.142033,-0.020358,-0.011617,-6.232800,-0.107325,6.233724,126|127,0.5583
6905.717027,-0.421386,-23.369402,-0.020650,19.142017,-0.020359,-0.011617,-6.232842,-0.107433,6.233768,126|127,0.5581
6905.733693,-0.421259,-23.369563,-0.020311,19.142017,-0.020359,-0.011617,-6.232755,-0.107363,6.233680,126|127,0.5576
6905.750360,-0.421417,-23.369387,-0.020612,19.142008,-0.020359,-0.011617,-6.232841,-0.107449,6.233767,126|127,0.5580
6905.767027,-0.421369,-23.369246,-0.020584,19.142002,-0.020360,-0.011617,-6.232912,-0.107422,6.233838,126|127,0.5584
6905.783693,-0.421249,-23.369280,-0.020392,19.141993,-0.020360,-0.011617,-6.232884,-0.107356,6.233809,126|127,0.5580
6905.800360,-0.421249,-23.369280,-0.020392,19.141974,-0.020361,-0.011618,-6.232865,-0.107355,6.233790,126|127,0.5575
6905.817027,-0.421282,-23.369697,-0.020227,19.141974,-0.020361,-0.011618,-6.232639,-0.107373,6.233563,126|127,0.5578
6905.833693,-0.421282,-23.369697,-0.020225,19.141958,-0.020363,-0.011618,-6.232623,-0.107372,6.233548,126|127,0.5574
6905.850360,-0.421300,-23.369380,-0.020280,19.141958,-0.020363,-0.011618,-6.232796,-0.107382,6.233720,126|127,0.5583
6905.867027,-0.421050,-23.369292,-0.019756,19.141943,-0.020364,-0.011618,-6.232828,-0.107245,6.233751,126|127,0.5581
6905.883694,-0.421217,-23.369254,-0.019976,19.141930,-0.020364,-0.011618,-6.232835,-0.107335,6.233759,126|127,0.5581
6905.900360,-0.421371,-23.369198,-0.020337,19.141920,-0.020365,-0.011619,-6.232856,-0.107419,6.233782,126|127,0.5584
6905.933694,-0.421392,-23.369226,-0.020354,19.141914,-0.020365,-0.011619,-6.232835,-0.107430,6.233761,126|127,0.5583
6905.967027,-0.421392,-23.369226,-0.020354,19.141897,-0.020366,-0.011619,-6.232818,-0.107428,6.233744,126|127,0.5575
6905.983694,-0.421444,-23.369239,-0.020339,19.141892,-0.020367,-0.011620,-6.232805,-0.107456,6.233732,126|127,0.5577
6906.000360,-0.421444,-23.369239,-0.020339,19.141880,-0.020367,-0.011620,-6.232794,-0.107456,6.233720,126|127,0.5581
6906.017027,-0.421279,-23.369167,-0.019902,19.141857,-0.020368,-0.011621,-6.232810,-0.107365,6.233735,126|127,0.5582
6906.050360,-0.421482,-23.368992,-0.020468,19.141853,-0.020369,-0.011620,-6.232902,-0.107474,6.233828,126|127,0.5585
6906.067027,-0.421418,-23.369172,-0.020295,19.141838,-0.020370,-0.011621,-6.232788,-0.107439,6.233714,126|127,0.5584
6906.083694,-0.421577,-23.369360,-0.020485,19.141827,-0.020371,-0.011622,-6.232675,-0.107524,6.233602,126|127,0.5582
6906.100360,-0.421345,-23.369419,-0.020010,19.141827,-0.020371,-0.011622,-6.232643,-0.107398,6.233568,126|127,0.5577
6906.117027,-0.421327,-23.369194,-0.019929,19.141823,-0.020371,-0.011621,-6.232761,-0.107388,6.233686,126|127,0.5580
6906.133694,-0.421318,-23.369192,-0.019999,19.141813,-0.020372,-0.011621,-6.232753,-0.107383,6.233678,126|127,0.5579
6906.150360,-0.421243,-23.369203,-0.019787,19.141796,-0.020373,-0.011623,-6.232729,-0.107341,6.233654,126|127,0.5584
6906.167027,-0.421408,-23.369111,-0.020183,19.141796,-0.020373,-0.011623,-6.232779,-0.107431,6.233705,126|127,0.5584
6906.183694,-0.421504,-23.369052,-0.020447,19.141785,-0.020373,-0.011622,-6.232800,-0.107482,6.233727,126|127,0.5583
6906.200360,-0.421373,-23.369268,-0.020098,19.141777,-0.020374,-0.011623,-6.232675,-0.107410,6.233601,126|127,0.5581
6906.217027,-0.421545,-23.369353,-0.020357,19.141768,-0.020374,-0.011623,-6.232620,-0.107503,6.233547,126|127,0.5579
6906.233694,-0.421546,-23.369353,-0.020358,19.141752,-0.020376,-0.011623,-6.232604,-0.107503,6.233531,126|127,0.5579
6906.250360,-0.421588,-23.369226,-0.020456,19.141752,-0.020376,-0.011623,-6.232673,-0.107526,6.233600,126|127,0.5581
6906.267027,-0.421166,-23.369186,-0.019510,19.141733,-0.020377,-0.011624,-6.232676,-0.107295,6.233600,126|127,0.5576
6906.283694,-0.421166,-23.369186,-0.019510,19.141726,-0.020377,-0.011624,-6.232668,-0.107295,6.233592,126|127,0.5579
6906.300360,-0.421397,-23.369131,-0.019937,19.141726,-0.020377,-0.011624,-6.232698,-0.107420,6.233624,126|127,0.5583
6906.333694,-0.421584,-23.369183,-0.020377,19.141707,-0.020378,-0.011624,-6.232651,-0.107521,6.233578,126|127,0.5578
6906.350360,-0.421499,-23.369405,-0.020122,19.141689,-0.020379,-0.011625,-6.232513,-0.107474,6.233440,126|127,0.5580
6906.367027,-0.421495,-23.369313,-0.020139,19.141689,-0.020379,-0.011625,-6.232563,-0.107471,6.233490,126|127,0.5579
6906.383694,-0.421695,-23.369015,-0.020488,19.141682,-0.020380,-0.011625,-6.232717,-0.107579,6.233646,126|127,0.5586
6906.400360,-0.421552,-23.368943,-0.020264,19.141670,-0.020380,-0.011625,-6.232745,-0.107501,6.233672,126|127,0.5585
6906.417027,-0.421681,-23.369004,-0.020400,19.141663,-0.020381,-0.011625,-6.232704,-0.107571,6.233632,126|127,0.5582
6906.433694,-0.421681,-23.369004,-0.020400,19.141653,-0.020382,-0.011625,-6.232694,-0.107570,6.233623,126|127,0.5586
6906.450360,-0.421353,-23.368719,-0.019686,19.141644,-0.020382,-0.011626,-6.232840,-0.107392,6.233765,126|127,0.5588
6906.467027,-0.421445,-23.368850,-0.019851,19.141634,-0.020383,-0.011626,-6.232759,-0.107441,6.233685,126|127,0.5584
6906.483694,-0.421444,-23.368850,-0.019849,19.141626,-0.020383,-0.011627,-6.232751,-0.107440,6.233677,126|127,0.5582
6906.500360,-0.421215,-23.369076,-0.019254,19.141617,-0.020384,-0.011627,-6.232619,-0.107315,6.233543,126|127,0.5579
6906.550360,-0.421359,-23.368979,-0.019525,19.141592,-0.020385,-0.011627,-6.232647,-0.107391,6.233572,126|127,0.5581
6906.567027,-0.421554,-23.368817,-0.019964,19.141579,-0.020386,-0.011628,-6.232722,-0.107497,6.233649,126|127,0.5580
6906.583694,-0.421438,-23.368728,-0.019705,19.141569,-0.020386,-0.011628,-6.232760,-0.107433,6.233686,126|127,0.5585
6906.600360,-0.421486,-23.368878,-0.019783,19.141552,-0.020388,-0.011628,-6.232662,-0.107458,6.233588,126|127,0.5584
6906.617027,-0.421607,-23.369101,-0.019970,19.141552,-0.020388,-0.011628,-6.232541,-0.107524,6.233468,126|127,0.5580
6906.633694,-0.421424,-23.369134,-0.019559,19.141535,-0.020389,-0.011628,-6.232506,-0.107423,6.233431,126|127,0.5579
6906.650360,-0.421440,-23.369040,-0.019533,19.141535,-0.020389,-0.011628,-6.232557,-0.107432,6.233483,126|127,0.5582
6906.667027,-0.421653,-23.368977,-0.020068,19.141523,-0.020389,-0.011628,-6.232579,-0.107548,6.233507,126|127,0.5580
6906.683694,-0.421653,-23.368977,-0.020068,19.141504,-0.020390,-0.011629,-6.232560,-0.107546,6.233488,126|127,0.5585
6906.700360,-0.421568,-23.368835,-0.019781,19.141497,-0.020391,-0.011629,-6.232630,-0.107500,6.233557,126|127,0.5585
6906.717027,-0.421612,-23.368723,-0.019860,19.141487,-0.020392,-0.011629,-6.232681,-0.107523,6.233608,126|127,0.5586
6906.733694,-0.421505,-23.368939,-0.019645,19.141483,-0.020392,-0.011629,-6.232560,-0.107464,6.233487,126|127,0.5582
6906.750360,-0.421644,-23.369108,-0.019915,19.141478,-0.020392,-0.011630,-6.232463,-0.107539,6.233390,126|127,0.5580
6906.783694,-0.421644,-23.369108,-0.019915,19.141457,-0.020394,-0.011630,-6.232442,-0.107538,6.233369,126|127,0.5584
6906.800360,-0.421415,-23.369082,-0.019377,19.141457,-0.020394,-0.011630,-6.232456,-0.107414,6.233381,126|127,0.5580
6906.817027,-0.421644,-23.369016,-0.019791,19.141441,-0.020394,-0.011631,-6.232476,-0.107538,6.233404,126|127,0.5581
6906.833694,-0.421645,-23.369016,-0.019792,19.141432,-0.020395,-0.011630,-6.232467,-0.107538,6.233394,126|127,0.5585
6906.850360,-0.421588,-23.368617,-0.019658,19.141428,-0.020395,-0.011630,-6.232680,-0.107506,6.233607,126|127,0.5586
6906.867027,-0.421704,-23.368845,-0.019933,19.141415,-0.020396,-0.011630,-6.232543,-0.107568,6.233471,126|127,0.5579
6906.883694,-0.421703,-23.368844,-0.019932,19.141407,-0.020396,-0.011631,-6.232535,-0.107567,6.233463,126|127,0.5579
6906.900360,-0.421603,-23.369111,-0.019688,19.141388,-0.020398,-0.011631,-6.232371,-0.107512,6.233298,126|127,0.5578
6906.917027,-0.421911,-23.368975,-0.020216,19.141388,-0.020398,-0.011631,-6.232445,-0.107679,6.233375,126|127,0.5585
6906.933694,-0.421795,-23.368863,-0.020011,19.141380,-0.020398,-0.011631,-6.232499,-0.107616,6.233428,126|127,0.5585
6906.950360,-0.421894,-23.369094,-0.020207,19.141371,-0.020399,-0.011631,-6.232363,-0.107669,6.233293,126|127,0.5580
6906.967027,-0.421894,-23.369094,-0.020207,19.141361,-0.020399,-0.011632,-6.232354,-0.107668,6.233284,126|127,0.5587
6907.017027,-0.421964,-23.369526,-0.020265,19.141325,-0.020402,-0.011632,-6.232083,-0.107704,6.233014,126|127,0.5581
6907.033694,-0.421715,-23.369573,-0.019695,19.141325,-0.020402,-0.011632,-6.232057,-0.107569,6.232985,126|127,0.5579
6907.050360,-0.421883,-23.369519,-0.020010,19.141314,-0.020402,-0.011632,-6.232075,-0.107660,6.233005,126|127,0.5579
6907.067027,-0.422028,-23.369532,-0.020347,19.141302,-0.020403,-0.011633,-6.232056,-0.107737,6.232987,126|127,0.5580
6907.083694,-0.421896,-23.369579,-0.020053,19.141296,-0.020403,-0.011633,-6.232025,-0.107666,6.232955,126|127,0.5580
6907.100360,-0.421896,-23.369579,-0.020052,19.141275,-0.020404,-0.011633,-6.232004,-0.107664,6.232934,126|127,0.5582
6907.117027,-0.421670,-23.369163,-0.019486,19.141266,-0.020405,-0.011634,-6.232221,-0.107541,6.233149,126|127,0.5587
6907.150360,-0.422006,-23.369557,-0.020263,19.141253,-0.020405,-0.011634,-6.231993,-0.107723,6.232924,126|127,0.5581
6907.167027,-0.421747,-23.369587,-0.019689,19.141241,-0.020406,-0.011634,-6.231965,-0.107582,6.232894,126|127,0.5582
6907.200360,-0.421831,-23.369380,-0.019835,19.141226,-0.020407,-0.011634,-6.232063,-0.107626,6.232992,126|127,0.5581
6907.217027,-0.421853,-23.369500,-0.019897,19.141218,-0.020408,-0.011634,-6.231990,-0.107637,6.232919,126|127,0.5584
6907.233694,-0.421853,-23.369500,-0.019897,19.141197,-0.020409,-0.011635,-6.231969,-0.107636,6.232898,126|127,0.5587
6907.250360,-0.421674,-23.369261,-0.019390,19.141197,-0.020409,-0.011635,-6.232099,-0.107539,6.233027,126|127,0.5587
6907.267027,-0.421805,-23.369473,-0.019702,19.141186,-0.020409,-0.011635,-6.231972,-0.107610,6.232901,126|127,0.5583
6907.283694,-0.421805,-23.369473,-0.019702,19.141167,-0.020410,-0.011635,-6.231953,-0.107609,6.232882,126|127,0.5579
6907.300360,-0.421849,-23.369658,-0.019796,19.141157,-0.020411,-0.011635,-6.231843,-0.107632,6.232773,126|127,0.5580
6907.317027,-0.422013,-23.369607,-0.020073,19.141148,-0.020411,-0.011636,-6.231861,-0.107721,6.232792,126|127,0.5584
6907.333694,-0.421870,-23.369585,-0.019696,19.141138,-0.020412,-0.011636,-6.231864,-0.107642,6.232794,126|127,0.5580
6907.350360,-0.421971,-23.369699,-0.019869,19.141138,-0.020412,-0.011636,-6.231802,-0.107698,6.232732,126|127,0.5579
6907.367027,-0.422018,-23.369303,-0.019988,19.141121,-0.020413,-0.011637,-6.232000,-0.107721,6.232931,126|127,0.5586
6907.400360,-0.422227,-23.369479,-0.020406,19.141108,-0.020414,-0.011637,-6.231891,-0.107835,6.232824,126|127,0.5579
6907.417027,-0.422227,-23.369479,-0.020407,19.141087,-0.020415,-0.011638,-6.231870,-0.107834,6.232803,126|127,0.5579
6907.433694,-0.422123,-23.369748,-0.020184,19.141087,-0.020415,-0.011638,-6.231723,-0.107777,6.232655,126|127,0.5579
6907.450360,-0.422250,-23.369652,-0.020289,19.141066,-0.020416,-0.011638,-6.231754,-0.107845,6.232688,126|127,0.5583
6907.467027,-0.422250,-23.369652,-0.020289,19.141066,-0.020416,-0.011638,-6.231754,-0.107845,6.232688,126|127,0.5585
6907.483694,-0.422227,-23.369771,-0.020346,19.141058,-0.020417,-0.011639,-6.231683,-0.107831,6.232615,126|127,0.5578
6907.500360,-0.422227,-23.369771,-0.020346,19.141047,-0.020417,-0.011639,-6.231671,-0.107831,6.232604,126|127,0.5586
6907.517027,-0.422084,-23.369611,-0.019916,19.141035,-0.020418,-0.011639,-6.231746,-0.107753,6.232678,126|127,0.5588
6907.533694,-0.422414,-23.369770,-0.020667,19.141027,-0.020418,-0.011639,-6.231652,-0.107932,6.232587,126|127,0.5582
6907.550360,-0.422155,-23.370190,-0.020132,19.141018,-0.020419,-0.011639,-6.231415,-0.107790,6.232347,126|127,0.5579
6907.567027,-0.421858,-23.370188,-0.019414,19.140997,-0.020420,-0.011639,-6.231395,-0.107628,6.232324,126|127,0.5580
6907.583694,-0.422036,-23.370117,-0.019706,19.140989,-0.020420,-0.011640,-6.231426,-0.107724,6.232357,126|127,0.5580
6907.600360,-0.422131,-23.370004,-0.019894,19.140989,-0.020420,-0.011640,-6.231487,-0.107776,6.232419,126|127,0.5582
6907.617027,-0.422004,-23.370185,-0.019659,19.140976,-0.020421,-0.011640,-6.231375,-0.107706,6.232306,126|127,0.5579
6907.633694,-0.421984,-23.369973,-0.019526,19.140957,-0.020422,-0.011641,-6.231472,-0.107694,6.232402,126|127,0.5581
6907.650360,-0.421968,-23.369914,-0.019435,19.140947,-0.020423,-0.011641,-6.231494,-0.107685,6.232425,126|127,0.5588
6907.667027,-0.422192,-23.369964,-0.020001,19.140934,-0.020423,-0.011641,-6.231453,-0.107806,6.232386,126|127,0.5585
6907.717027,-0.422126,-23.370350,-0.019672,19.140917,-0.020424,-0.011642,-6.231227,-0.107769,6.232158,126|127,0.5582
6907.733694,-0.422125,-23.370350,-0.019670,19.140898,-0.020426,-0.011642,-6.231207,-0.107767,6.232139,126|127,0.5581
6907.767027,-0.422021,-23.370195,-0.019518,19.140875,-0.020427,-0.011643,-6.231269,-0.107710,6.232199,126|127,0.5586
6907.783694,-0.422020,-23.370195,-0.019516,19.140863,-0.020427,-0.011643,-6.231257,-0.107709,6.232188,126|127,0.5584
6907.800360,-0.422217,-23.370305,-0.019949,19.140854,-0.020428,-0.011643,-6.231188,-0.107815,6.232121,126|127,0.5582
6907.833694,-0.422267,-23.370364,-0.019990,19.140842,-0.020428,-0.011643,-6.231145,-0.107842,6.232078,126|127,0.5581
6907.850360,-0.422147,-23.370424,-0.019661,19.140835,-0.020429,-0.011642,-6.231104,-0.107776,6.232036,126|127,0.5583
6907.867027,-0.422148,-23.370424,-0.019663,19.140812,-0.020430,-0.011643,-6.231081,-0.107775,6.232013,126|127,0.5580
6907.883694,-0.421922,-23.370532,-0.019274,19.140802,-0.020430,-0.011643,-6.231013,-0.107652,6.231943,126|127,0.5577
6907.900360,-0.421895,-23.370121,-0.019172,19.140802,-0.020430,-0.011643,-6.231237,-0.107637,6.232166,126|127,0.5584
6907.917027,-0.421800,-23.370167,-0.018848,19.140783,-0.020432,-0.011644,-6.231193,-0.107584,6.232121,126|127,0.5584
6907.933694,-0.422129,-23.370332,-0.019603,19.140783,-0.020432,-0.011644,-6.231103,-0.107763,6.232035,126|127,0.5576
6907.950360,-0.422084,-23.370692,-0.019596,19.140762,-0.020433,-0.011643,-6.230886,-0.107738,6.231818,126|127,0.5579
6907.967027,-0.422296,-23.370535,-0.019913,19.140762,-0.020433,-0.011643,-6.230971,-0.107852,6.231905,126|127,0.5578
6907.983694,-0.422373,-23.370465,-0.019990,19.140753,-0.020433,-0.011644,-6.231000,-0.107894,6.231934,126|127,0.5580
6908.000360,-0.422164,-23.370151,-0.019558,19.140739,-0.020434,-0.011644,-6.231157,-0.107780,6.232089,126|127,0.5584
6908.017027,-0.422187,-23.370393,-0.019672,19.140730,-0.020434,-0.011644,-6.231016,-0.107792,6.231949,126|127,0.5577
6908.033694,-0.422187,-23.370393,-0.019672,19.140709,-0.020435,-0.011644,-6.230995,-0.107791,6.231928,126|127,0.5585
6908.050360,-0.422040,-23.370363,-0.019244,19.140709,-0.020435,-0.011644,-6.231012,-0.107711,6.231943,126|127,0.5587
6908.067027,-0.422255,-23.370408,-0.019700,19.140697,-0.020436,-0.011646,-6.230976,-0.107827,6.231909,126|127,0.5583
6908.083694,-0.422255,-23.370408,-0.019701,19.140680,-0.020437,-0.011645,-6.230959,-0.107826,6.231891,126|127,0.5580
6908.117027,-0.422239,-23.370795,-0.019544,19.140667,-0.020438,-0.011645,-6.230735,-0.107817,6.231668,126|127,0.5578
6908.133694,-0.422210,-23.370685,-0.019502,19.140646,-0.020439,-0.011646,-6.230774,-0.107800,6.231706,126|127,0.5582
6908.150360,-0.421984,-23.370764,-0.019102,19.140646,-0.020439,-0.011646,-6.230731,-0.107677,6.231661,126|127,0.5581
6908.167027,-0.421957,-23.370552,-0.018974,19.140634,-0.020439,-0.011647,-6.230834,-0.107662,6.231764,126|127,0.5583
6908.183694,-0.421984,-23.370569,-0.018904,19.140614,-0.020440,-0.011647,-6.230804,-0.107676,6.231735,126|127,0.5587
6908.200360,-0.422089,-23.370566,-0.019203,19.140614,-0.020440,-0.011647,-6.230806,-0.107732,6.231737,126|127,0.5586
6908.217027,-0.422087,-23.370566,-0.019198,19.140593,-0.020442,-0.011647,-6.230785,-0.107730,6.231716,126|127,0.5582
6908.233694,-0.422207,-23.370755,-0.019371,19.140581,-0.020442,-0.011648,-6.230671,-0.107795,6.231603,126|127,0.5584
6908.250360,-0.422209,-23.370755,-0.019376,19.140581,-0.020442,-0.011648,-6.230671,-0.107796,6.231603,126|127,0.5585
6908.267027,-0.422137,-23.370374,-0.019202,19.140575,-0.020443,-0.011648,-6.230872,-0.107757,6.231804,126|127,0.5587
6908.283694,-0.422218,-23.370477,-0.019462,19.140552,-0.020444,-0.011648,-6.230793,-0.107799,6.231726,126|127,0.5589
6908.300360,-0.422220,-23.370477,-0.019467,19.140541,-0.020444,-0.011648,-6.230782,-0.107800,6.231714,126|127,0.5590
6908.317027,-0.422288,-23.370517,-0.019378,19.140541,-0.020444,-0.011648,-6.230760,-0.107837,6.231693,126|127,0.5586
6908.333694,-0.422318,-23.370600,-0.019533,19.140531,-0.020445,-0.011648,-6.230705,-0.107853,6.231639,126|127,0.5587
6908.350360,-0.422324,-23.370633,-0.019583,19.140518,-0.020446,-0.011648,-6.230674,-0.107855,6.231608,126|127,0.5584
6908.367027,-0.422551,-23.370595,-0.019909,19.140507,-0.020446,-0.011648,-6.230683,-0.107978,6.231619,126|127,0.5584
6908.383694,-0.422552,-23.370595,-0.019913,19.140501,-0.020447,-0.011648,-6.230677,-0.107978,6.231613,126|127,0.5584
6908.400360,-0.422369,-23.370825,-0.019449,19.140476,-0.020448,-0.011649,-6.230528,-0.107877,6.231462,126|127,0.5584
6908.417027,-0.422265,-23.370715,-0.019288,19.140476,-0.020448,-0.011649,-6.230587,-0.107821,6.231520,126|127,0.5582
6908.433694,-0.422335,-23.370351,-0.019358,19.140465,-0.020448,-0.011649,-6.230774,-0.107858,6.231707,126|127,0.5588
6908.450360,-0.422337,-23.370351,-0.019364,19.140448,-0.020450,-0.011649,-6.230757,-0.107858,6.231690,126|127,0.5586
6908.467027,-0.422515,-23.370539,-0.019690,19.140448,-0.020450,-0.011649,-6.230655,-0.107955,6.231590,126|127,0.5579
6908.483694,-0.422586,-23.370716,-0.019887,19.140423,-0.020451,-0.011650,-6.230533,-0.107993,6.231469,126|127,0.5581
6908.500360,-0.422587,-23.370716,-0.019890,19.140423,-0.020451,-0.011650,-6.230533,-0.107993,6.231469,126|127,0.5579
6908.517027,-0.422781,-23.370615,-0.020112,19.140400,-0.020452,-0.011650,-6.230566,-0.108097,6.231503,126|127,0.5580
6908.533694,-0.422737,-23.370216,-0.019992,19.140400,-0.020452,-0.011650,-6.230782,-0.108074,6.231719,126|127,0.5585
6908.550360,-0.422736,-23.370216,-0.019988,19.140381,-0.020453,-0.011650,-6.230763,-0.108072,6.231700,126|127,0.5580
6908.567027,-0.422703,-23.370310,-0.020046,19.140381,-0.020453,-0.011650,-6.230712,-0.108054,6.231649,126|127,0.5586
6908.583694,-0.422731,-23.370333,-0.019999,19.140358,-0.020454,-0.011651,-6.230677,-0.108068,6.231614,126|127,0.5586
6908.600360,-0.422758,-23.370422,-0.020028,19.140358,-0.020454,-0.011651,-6.230628,-0.108083,6.231566,126|127,0.5584
6908.617027,-0.422632,-23.370579,-0.019799,19.140346,-0.020455,-0.011651,-6.230532,-0.108013,6.231468,126|127,0.5584
6908.650360,-0.422586,-23.370575,-0.019497,19.140327,-0.020456,-0.011652,-6.230515,-0.107987,6.231451,126|127,0.5579
6908.667027,-0.422585,-23.370575,-0.019494,19.140306,-0.020457,-0.011652,-6.230494,-0.107985,6.231430,126|127,0.5583
6908.683694,-0.422389,-23.370393,-0.019242,19.140306,-0.020457,-0.011652,-6.230593,-0.107879,6.231527,126|127,0.5583
6908.700360,-0.422477,-23.370320,-0.019327,19.140282,-0.020458,-0.011653,-6.230607,-0.107926,6.231542,126|127,0.5582
6908.717027,-0.422478,-23.370320,-0.019329,19.140274,-0.020459,-0.011653,-6.230600,-0.107926,6.231534,126|127,0.5583
6908.733694,-0.422553,-23.370531,-0.019379,19.140266,-0.020459,-0.011653,-6.230478,-0.107966,6.231413,126|127,0.5583
6908.750360,-0.422563,-23.370504,-0.019544,19.140266,-0.020459,-0.011653,-6.230492,-0.107971,6.231428,126|127,0.5579
6908.767027,-0.422660,-23.370637,-0.019531,19.140253,-0.020460,-0.011653,-6.230407,-0.108024,6.231343,126|127,0.5579
6908.783694,-0.422483,-23.370709,-0.019139,19.140242,-0.020461,-0.011655,-6.230356,-0.107926,6.231291,126|127,0.5579
6908.800360,-0.422475,-23.370315,-0.019125,19.140232,-0.020461,-0.011654,-6.230561,-0.107922,6.231495,126|127,0.5581
6908.817027,-0.422601,-23.370370,-0.019479,19.140222,-0.020462,-0.011654,-6.230521,-0.107990,6.231457,126|127,0.5585
6908.833694,-0.422607,-23.370406,-0.019375,19.140198,-0.020463,-0.011654,-6.230477,-0.107992,6.231413,126|127,0.5586
6908.850360,-0.422606,-23.370406,-0.019374,19.140188,-0.020463,-0.011654,-6.230467,-0.107991,6.231403,126|127,0.5580
6908.867027,-0.422663,-23.370514,-0.019471,19.140188,-0.020463,-0.011654,-6.230409,-0.108022,6.231345,126|127,0.5581
6908.900360,-0.422804,-23.370454,-0.019665,19.140163,-0.020465,-0.011655,-6.230416,-0.108097,6.231354,126|127,0.5577
6908.917027,-0.422747,-23.370527,-0.019486,19.140154,-0.020465,-0.011656,-6.230367,-0.108066,6.231304,126|127,0.5578
6908.933694,-0.422632,-23.370353,-0.019286,19.140144,-0.020466,-0.011656,-6.230452,-0.108002,6.231388,126|127,0.5580
6908.950360,-0.422431,-23.370296,-0.019054,19.140135,-0.020467,-0.011656,-6.230474,-0.107892,6.231408,126|127,0.5580
6908.967027,-0.422737,-23.370026,-0.019637,19.140116,-0.020468,-0.011657,-6.230601,-0.108057,6.231538,126|127,0.5587
6908.983694,-0.422738,-23.370027,-0.019639,19.140108,-0.020469,-0.011657,-6.230593,-0.108057,6.231530,126|127,0.5584
6909.000360,-0.422798,-23.370257,-0.019604,19.140108,-0.020469,-0.011657,-6.230468,-0.108090,6.231406,126|127,0.5579
6909.017027,-0.422821,-23.370224,-0.019698,19.140089,-0.020471,-0.011657,-6.230467,-0.108100,6.231405,126|127,0.5583
6909.033694,-0.423016,-23.370528,-0.019951,19.140089,-0.020471,-0.011657,-6.230302,-0.108206,6.231241,126|127,0.5577
6909.050360,-0.422819,-23.370412,-0.019587,19.140077,-0.020472,-0.011657,-6.230353,-0.108098,6.231291,126|127,0.5579
6909.067027,-0.422972,-23.370180,-0.019823,19.140068,-0.020472,-0.011658,-6.230470,-0.108181,6.231409,126|127,0.5586
6909.083694,-0.422971,-23.370180,-0.019821,19.140049,-0.020474,-0.011658,-6.230451,-0.108179,6.231390,126|127,0.5581
6909.100360,-0.423130,-23.370174,-0.020081,19.140039,-0.020475,-0.011658,-6.230444,-0.108264,6.231385,126|127,0.5585
6909.133694,-0.422877,-23.370060,-0.019570,19.140018,-0.020476,-0.011659,-6.230486,-0.108125,6.231424,126|127,0.5583
6909.150360,-0.422665,-23.370058,-0.019174,19.140018,-0.020476,-0.011659,-6.230487,-0.108010,6.231423,126|127,0.5585
6909.167027,-0.422665,-23.370058,-0.019175,19.140003,-0.020478,-0.011660,-6.230471,-0.108008,6.231407,126|127,0.5581
6909.183694,-0.422633,-23.370247,-0.018904,19.139986,-0.020479,-0.011659,-6.230352,-0.107990,6.231288,126|127,0.5577
6909.200360,-0.422707,-23.369959,-0.019099,19.139978,-0.020479,-0.011659,-6.230500,-0.108030,6.231437,126|127,0.5582
6909.217027,-0.422577,-23.369992,-0.018890,19.139967,-0.020480,-0.011660,-6.230471,-0.107958,6.231406,126|127,0.5583
6909.233694,-0.422577,-23.369993,-0.018890,19.139967,-0.020480,-0.011660,-6.230471,-0.107958,6.231406,126|127,0.5580
6909.250360,-0.422851,-23.370076,-0.019292,19.139948,-0.020482,-0.011660,-6.230406,-0.108105,6.231344,126|127,0.5581
6909.267027,-0.422679,-23.369960,-0.018940,19.139948,-0.020482,-0.011660,-6.230469,-0.108012,6.231405,126|127,0.5586
6909.283694,-0.422642,-23.369980,-0.018855,19.139936,-0.020483,-0.011660,-6.230447,-0.107991,6.231383,126|127,0.5582
6909.300360,-0.422784,-23.370342,-0.018982,19.139929,-0.020483,-0.011660,-6.230243,-0.108067,6.231180,126|127,0.5579
6909.317027,-0.422784,-23.370342,-0.018982,19.139910,-0.020485,-0.011661,-6.230224,-0.108066,6.231161,126|127,0.5580
6909.333694,-0.422952,-23.370041,-0.019340,19.139910,-0.020485,-0.011661,-6.230387,-0.108157,6.231326,126|127,0.5583
6909.367027,-0.422953,-23.370045,-0.019270,19.139879,-0.020487,-0.011662,-6.230354,-0.108155,6.231293,126|127,0.5588
6909.383694,-0.422953,-23.370045,-0.019270,19.139868,-0.020488,-0.011662,-6.230343,-0.108155,6.231281,126|127,0.5580
6909.400360,-0.422871,-23.370138,-0.019078,19.139858,-0.020489,-0.011662,-6.230283,-0.108109,6.231220,126|127,0.5585
6909.417027,-0.422732,-23.369992,-0.018833,19.139849,-0.020490,-0.011662,-6.230353,-0.108033,6.231289,126|127,0.5583
6909.450360,-0.422770,-23.370259,-0.018759,19.139828,-0.020491,-0.011662,-6.230187,-0.108052,6.231124,126|127,0.5577
6909.467027,-0.422771,-23.370259,-0.018759,19.139828,-0.020491,-0.011662,-6.230187,-0.108052,6.231124,126|127,0.5580
6909.483694,-0.422724,-23.370093,-0.018691,19.139807,-0.020493,-0.011663,-6.230256,-0.108025,6.231192,126|127,0.5581
6909.500360,-0.422598,-23.369916,-0.018548,19.139797,-0.020494,-0.011662,-6.230342,-0.107956,6.231278,126|127,0.5584
6909.517027,-0.422778,-23.369762,-0.018830,19.139788,-0.020495,-0.011663,-6.230417,-0.108053,6.231354,126|127,0.5580
6909.533694,-0.422725,-23.369981,-0.018624,19.139774,-0.020495,-0.011663,-6.230284,-0.108024,6.231221,126|127,0.5580
6909.550360,-0.422762,-23.369819,-0.018687,19.139765,-0.020496,-0.011664,-6.230363,-0.108043,6.231299,126|127,0.5586
6909.583694,-0.422718,-23.370035,-0.018626,19.139746,-0.020498,-0.011664,-6.230226,-0.108018,6.231162,126|127,0.5580
6909.600360,-0.423022,-23.369965,-0.019064,19.139740,-0.020499,-0.011664,-6.230259,-0.108182,6.231198,126|127,0.5587
6909.617027,-0.423146,-23.369770,-0.019234,19.139740,-0.020499,-0.011664,-6.230365,-0.108249,6.231305,126|127,0.5586
6909.633694,-0.423354,-23.370050,-0.019567,19.139726,-0.020499,-0.011664,-6.230199,-0.108361,6.231141,126|127,0.5586
6909.650360,-0.423354,-23.370051,-0.019567,19.139705,-0.020501,-0.011665,-6.230178,-0.108360,6.231120,126|127,0.5585
6909.667027,-0.423259,-23.370000,-0.019402,19.139698,-0.020502,-0.011664,-6.230197,-0.108307,6.231139,126|127,0.5585
6909.683694,-0.423243,-23.369964,-0.019361,19.139698,-0.020502,-0.011664,-6.230217,-0.108299,6.231158,126|127,0.5587
6909.700360,-0.423243,-23.369964,-0.019361,19.139677,-0.020503,-0.011664,-6.230196,-0.108297,6.231137,126|127,0.5582
6909.717027,-0.423345,-23.370376,-0.019586,19.139669,-0.020504,-0.011664,-6.229964,-0.108351,6.230906,126|127,0.5580
6909.733694,-0.423618,-23.370078,-0.020138,19.139669,-0.020504,-0.011664,-6.230127,-0.108500,6.231071,126|127,0.5585
6909.750360,-0.423567,-23.369898,-0.020038,19.139656,-0.020505,-0.011665,-6.230211,-0.108472,6.231155,126|127,0.5589
6909.767027,-0.423567,-23.369898,-0.020039,19.139644,-0.020506,-0.011666,-6.230199,-0.108471,6.231143,126|127,0.5583
6909.783694,-0.423610,-23.370269,-0.020002,19.139637,-0.020507,-0.011666,-6.229990,-0.108493,6.230935,126|127,0.5582
6909.800360,-0.423466,-23.370138,-0.019669,19.139618,-0.020508,-0.011666,-6.230042,-0.108413,6.230985,126|127,0.5588
6909.817027,-0.423466,-23.370139,-0.019669,19.139618,-0.020508,-0.011666,-6.230042,-0.108413,6.230985,126|127,0.5585
6909.833694,-0.423431,-23.370170,-0.019561,19.139595,-0.020510,-0.011666,-6.230002,-0.108393,6.230945,126|127,0.5580
6909.850360,-0.423341,-23.370477,-0.019398,19.139595,-0.020510,-0.011666,-6.229835,-0.108344,6.230777,126|127,0.5583
6909.867027,-0.423341,-23.370477,-0.019399,19.139574,-0.020511,-0.011666,-6.229814,-0.108342,6.230756,126|127,0.5586
6909.883694,-0.423704,-23.370044,-0.019919,19.139564,-0.020512,-0.011666,-6.230040,-0.108539,6.230985,126|127,0.5592
6909.900360,-0.423704,-23.370044,-0.019919,19.139553,-0.020513,-0.011666,-6.230029,-0.108538,6.230974,126|127,0.5592
6909.917027,-0.423784,-23.370295,-0.020064,19.139540,-0.020514,-0.011666,-6.229879,-0.108580,6.230825,126|127,0.5584
6909.933694,-0.423782,-23.370459,-0.020076,19.139532,-0.020515,-0.011667,-6.229782,-0.108578,6.230728,126|127,0.5587
6909.950360,-0.423685,-23.370402,-0.019804,19.139532,-0.020515,-0.011667,-6.229813,-0.108526,6.230758,126|127,0.5589
6909.967027,-0.423763,-23.370890,-0.019927,19.139517,-0.020515,-0.011666,-6.229533,-0.108567,6.230479,126|127,0.5578
6909.983694,-0.423763,-23.370890,-0.019927,19.139509,-0.020516,-0.011667,-6.229525,-0.108566,6.230471,126|127,0.5579
6910.000360,-0.423790,-23.370883,-0.019936,19.139490,-0.020518,-0.011667,-6.229509,-0.108579,6.230455,126|127,0.5584
6910.017027,-0.423790,-23.370884,-0.019936,19.139477,-0.020519,-0.011667,-6.229496,-0.108579,6.230442,126|127,0.5586
6910.033694,-0.423705,-23.370556,-0.019679,19.139477,-0.020519,-0.011667,-6.229674,-0.108533,6.230619,126|127,0.5586
6910.050360,-0.423732,-23.370825,-0.019760,19.139467,-0.020519,-0.011668,-6.229518,-0.108547,6.230464,126|127,0.5584
6910.067027,-0.423635,-23.370745,-0.019493,19.139456,-0.020520,-0.011668,-6.229550,-0.108493,6.230495,126|127,0.5582
6910.083694,-0.423751,-23.370658,-0.019710,19.139446,-0.020521,-0.011668,-6.229588,-0.108555,6.230534,126|127,0.5587
6910.100360,-0.423708,-23.371084,-0.019605,19.139437,-0.020522,-0.011667,-6.229347,-0.108531,6.230292,126|127,0.5581
6910.117027,-0.423600,-23.370828,-0.019450,19.139416,-0.020524,-0.011667,-6.229465,-0.108471,6.230409,126|127,0.5583
6910.150360,-0.423631,-23.370712,-0.019218,19.139406,-0.020524,-0.011668,-6.229519,-0.108487,6.230463,126|127,0.5588
6910.167027,-0.423630,-23.370712,-0.019217,19.139385,-0.020526,-0.011668,-6.229498,-0.108485,6.230442,126|127,0.5586
6910.183694,-0.423793,-23.371028,-0.019597,19.139374,-0.020527,-0.011668,-6.229315,-0.108572,6.230261,126|127,0.5587
6910.200360,-0.423840,-23.371063,-0.019676,19.139364,-0.020528,-0.011668,-6.229286,-0.108597,6.230232,126|127,0.5585
6910.217027,-0.423840,-23.371063,-0.019676,19.139354,-0.020528,-0.011668,-6.229276,-0.108596,6.230223,126|127,0.5587
6910.233694,-0.424025,-23.371343,-0.020022,19.139354,-0.020528,-0.011668,-6.229124,-0.108696,6.230072,126|127,0.5583
6910.250360,-0.423935,-23.371407,-0.019840,19.139343,-0.020529,-0.011669,-6.229078,-0.108646,6.230025,126|127,0.5581
6910.267027,-0.423934,-23.371407,-0.019840,19.139322,-0.020531,-0.011669,-6.229057,-0.108645,6.230004,126|127,0.5584
6910.300360,-0.424096,-23.371241,-0.020009,19.139311,-0.020532,-0.011669,-6.229136,-0.108732,6.230085,126|127,0.5583
6910.317027,-0.424096,-23.371240,-0.020007,19.139292,-0.020534,-0.011669,-6.229117,-0.108730,6.230066,126|127,0.5582
6910.333694,-0.423987,-23.371364,-0.019779,19.139292,-0.020534,-0.011669,-6.229050,-0.108671,6.229998,126|127,0.5588
6910.350360,-0.424018,-23.371306,-0.019772,19.139278,-0.020534,-0.011669,-6.229068,-0.108687,6.230016,126|127,0.5586
6910.367027,-0.424092,-23.371566,-0.019952,19.139272,-0.020535,-0.011669,-6.228920,-0.108726,6.229869,126|127,0.5582
6910.383694,-0.424003,-23.371399,-0.019842,19.139255,-0.020536,-0.011669,-6.228994,-0.108677,6.229942,126|127,0.5586
6910.400360,-0.424028,-23.371415,-0.019698,19.139246,-0.020537,-0.011669,-6.228976,-0.108690,6.229924,126|127,0.5587
6910.433694,-0.423955,-23.371480,-0.019502,19.139227,-0.020539,-0.011670,-6.228922,-0.108648,6.229869,126|127,0.5591
6910.450360,-0.423956,-23.371480,-0.019503,19.139206,-0.020540,-0.011670,-6.228901,-0.108647,6.229848,126|127,0.5586
6910.467027,-0.423993,-23.371537,-0.019538,19.139206,-0.020540,-0.011670,-6.228870,-0.108667,6.229818,126|127,0.5588
6910.483694,-0.423967,-23.371486,-0.019402,19.139196,-0.020541,-0.011670,-6.228888,-0.108652,6.229835,126|127,0.5590
6910.500360,-0.423967,-23.371724,-0.019422,19.139185,-0.020542,-0.011670,-6.228747,-0.108652,6.229695,126|127,0.5583
6910.517027,-0.423966,-23.371724,-0.019418,19.139164,-0.020544,-0.011670,-6.228726,-0.108649,6.229674,126|127,0.5584
6910.533694,-0.423994,-23.371787,-0.019507,19.139164,-0.020544,-0.011670,-6.228692,-0.108664,6.229640,126|127,0.5585
6910.550360,-0.424244,-23.371532,-0.019858,19.139154,-0.020544,-0.011670,-6.228821,-0.108799,6.229771,126|127,0.5588
6910.567027,-0.424244,-23.371532,-0.019858,19.139141,-0.020545,-0.011671,-6.228808,-0.108798,6.229758,126|127,0.5585
6910.583694,-0.424188,-23.371793,-0.019823,19.139120,-0.020547,-0.011671,-6.228645,-0.108766,6.229594,126|127,0.5583
6910.600360,-0.424164,-23.371815,-0.019683,19.139120,-0.020547,-0.011671,-6.228633,-0.108754,6.229582,126|127,0.5581
6910.617027,-0.424163,-23.371815,-0.019681,19.139103,-0.020548,-0.011672,-6.228616,-0.108752,6.229565,126|127,0.5583
6910.633694,-0.424384,-23.371773,-0.020030,19.139086,-0.020549,-0.011672,-6.228621,-0.108871,6.229572,126|127,0.5579
6910.650360,-0.424410,-23.371608,-0.020135,19.139078,-0.020550,-0.011672,-6.228703,-0.108884,6.229655,126|127,0.5584
6910.667027,-0.424337,-23.371593,-0.019899,19.139061,-0.020551,-0.011672,-6.228694,-0.108843,6.229645,126|127,0.5586
6910.683694,-0.424338,-23.371593,-0.019903,19.139053,-0.020552,-0.011672,-6.228687,-0.108843,6.229638,126|127,0.5587
6910.700360,-0.424424,-23.371575,-0.020026,19.139045,-0.020553,-0.011672,-6.228689,-0.108889,6.229640,126|127,0.5587
6910.717027,-0.424424,-23.371575,-0.020026,19.139030,-0.020553,-0.011672,-6.228673,-0.108888,6.229625,126|127,0.5589
6910.733694,-0.424233,-23.371744,-0.019551,19.139030,-0.020553,-0.011672,-6.228582,-0.108784,6.229531,126|127,0.5586
6910.783694,-0.424538,-23.371835,-0.020061,19.138990,-0.020557,-0.011673,-6.228492,-0.108947,6.229445,126|127,0.5581
6910.800360,-0.424538,-23.371835,-0.020061,19.138990,-0.020557,-0.011673,-6.228492,-0.108947,6.229445,126|127,0.5583
6910.817027,-0.424498,-23.371683,-0.019766,19.138979,-0.020558,-0.011673,-6.228563,-0.108924,6.229515,126|127,0.5587
6910.833694,-0.424311,-23.371749,-0.019510,19.138967,-0.020558,-0.011673,-6.228516,-0.108822,6.229466,126|127,0.5583
6910.850360,-0.424310,-23.371749,-0.019507,19.138946,-0.020560,-0.011674,-6.228495,-0.108820,6.229445,126|127,0.5583
6910.867027,-0.424445,-23.371884,-0.019746,19.138946,-0.020560,-0.011674,-6.228422,-0.108893,6.229374,126|127,0.5587
6910.883694,-0.424630,-23.371923,-0.019976,19.138933,-0.020561,-0.011674,-6.228387,-0.108993,6.229341,126|127,0.5583
6910.900360,-0.424628,-23.371923,-0.019972,19.138916,-0.020563,-0.011674,-6.228370,-0.108990,6.229323,126|127,0.5580
6910.917027,-0.424990,-23.371650,-0.020794,19.138916,-0.020563,-0.011674,-6.228518,-0.109187,6.229475,126|127,0.5585
6910.933694,-0.424992,-23.371650,-0.020798,19.138889,-0.020564,-0.011675,-6.228491,-0.109186,6.229448,126|127,0.5582
6910.950360,-0.424576,-23.371708,-0.019851,19.138889,-0.020564,-0.011675,-6.228460,-0.108960,6.229413,126|127,0.5585
6910.967027,-0.424744,-23.371590,-0.020118,19.138870,-0.020566,-0.011675,-6.228505,-0.109050,6.229459,126|127,0.5588
6910.983694,-0.424717,-23.371695,-0.020041,19.138857,-0.020567,-0.011676,-6.228435,-0.109034,6.229389,126|127,0.5585
6911.000360,-0.424716,-23.371695,-0.020040,19.138841,-0.020568,-0.011676,-6.228419,-0.109033,6.229374,126|127,0.5583
6911.017027,-0.424775,-23.371733,-0.020098,19.138841,-0.020568,-0.011676,-6.228399,-0.109065,6.229354,126|127,0.5585
6911.033694,-0.424781,-23.371780,-0.020004,19.138832,-0.020569,-0.011676,-6.228363,-0.109067,6.229318,126|127,0.5581
6911.050360,-0.424921,-23.371718,-0.020287,19.138813,-0.020570,-0.011677,-6.228378,-0.109141,6.229334,126|127,0.5582
6911.067027,-0.424999,-23.371754,-0.020409,19.138813,-0.020570,-0.011677,-6.228359,-0.109184,6.229316,126|127,0.5582
6911.083694,-0.425072,-23.371591,-0.020461,19.138792,-0.020572,-0.011676,-6.228426,-0.109222,6.229384,126|127,0.5585
6911.100360,-0.424896,-23.371506,-0.020216,19.138782,-0.020573,-0.011677,-6.228463,-0.109126,6.229419,126|127,0.5585
6911.117027,-0.424983,-23.371542,-0.020417,19.138782,-0.020573,-0.011677,-6.228443,-0.109173,6.229400,126|127,0.5584
6911.150360,-0.424985,-23.371542,-0.020421,19.138757,-0.020574,-0.011677,-6.228419,-0.109172,6.229375,126|127,0.5580
6911.167027,-0.425055,-23.371879,-0.020355,19.138734,-0.020576,-0.011677,-6.228212,-0.109209,6.229170,126|127,0.5579
6911.200360,-0.424956,-23.371554,-0.020207,19.138727,-0.020577,-0.011677,-6.228382,-0.109154,6.229338,126|127,0.5587
6911.217027,-0.424986,-23.371622,-0.020102,19.138712,-0.020578,-0.011678,-6.228329,-0.109169,6.229286,126|127,0.5585
6911.250360,-0.424984,-23.371622,-0.020099,19.138679,-0.020580,-0.011678,-6.228297,-0.109166,6.229253,126|127,0.5593
6911.267027,-0.424953,-23.371323,-0.020098,19.138670,-0.020581,-0.011678,-6.228450,-0.109148,6.229406,126|127,0.5587
6911.283694,-0.424854,-23.371524,-0.019728,19.138670,-0.020581,-0.011678,-6.228340,-0.109094,6.229296,126|127,0.5583
6911.317027,-0.424853,-23.371524,-0.019727,19.138645,-0.020583,-0.011679,-6.228316,-0.109092,6.229271,126|127,0.5583
6911.333694,-0.424670,-23.371245,-0.019332,19.138620,-0.020584,-0.011680,-6.228443,-0.108991,6.229396,126|127,0.5584
6911.350360,-0.424966,-23.371215,-0.019809,19.138620,-0.020584,-0.011680,-6.228459,-0.109152,6.229415,126|127,0.5585
6911.367027,-0.424966,-23.371214,-0.019809,19.138612,-0.020586,-0.011679,-6.228451,-0.109151,6.229408,126|127,0.5584
6911.383694,-0.424963,-23.371151,-0.019894,19.138586,-0.020587,-0.011680,-6.228459,-0.109148,6.229415,126|127,0.5586
6911.400360,-0.424909,-23.371217,-0.019754,19.138580,-0.020588,-0.011680,-6.228418,-0.109117,6.229373,126|127,0.5589
6911.433694,-0.425069,-23.371436,-0.019919,19.138555,-0.020589,-0.011680,-6.228274,-0.109203,6.229231,126|127,0.5583
6911.450360,-0.425069,-23.371436,-0.019919,19.138555,-0.020589,-0.011680,-6.228274,-0.109203,6.229231,126|127,0.5588
6911.467027,-0.425127,-23.371211,-0.020015,19.138538,-0.020591,-0.011681,-6.228379,-0.109233,6.229337,126|127,0.5587
6911.483694,-0.425127,-23.371211,-0.020016,19.138538,-0.020591,-0.011681,-6.228379,-0.109233,6.229337,126|127,0.5587
6911.500360,-0.425309,-23.371175,-0.020224,19.138517,-0.020593,-0.011681,-6.228377,-0.109330,6.229337,126|127,0.5590
6911.517027,-0.425351,-23.371002,-0.020325,19.138504,-0.020593,-0.011682,-6.228458,-0.109352,6.229418,126|127,0.5590
6911.533694,-0.425273,-23.370998,-0.020122,19.138492,-0.020594,-0.011682,-6.228449,-0.109309,6.229408,126|127,0.5585
6911.550360,-0.425234,-23.371368,-0.019927,19.138485,-0.020595,-0.011682,-6.228240,-0.109287,6.229199,126|127,0.5585
6911.567027,-0.425234,-23.371368,-0.019927,19.138485,-0.020595,-0.011682,-6.228240,-0.109287,6.229199,126|127,0.5583
6911.583694,-0.425080,-23.371330,-0.019558,19.138466,-0.020597,-0.011682,-6.228242,-0.109202,6.229199,126|127,0.5583
6911.600360,-0.425426,-23.371266,-0.020300,19.138466,-0.020597,-0.011682,-6.228277,-0.109390,6.229237,126|127,0.5580
6911.617027,-0.425426,-23.371265,-0.020300,19.138446,-0.020598,-0.011683,-6.228258,-0.109388,6.229218,126|127,0.5583
6911.633694,-0.425411,-23.371024,-0.020301,19.138446,-0.020598,-0.011683,-6.228389,-0.109380,6.229349,126|127,0.5587
6911.650360,-0.425536,-23.370917,-0.020555,19.138424,-0.020600,-0.011682,-6.228424,-0.109447,6.229386,126|127,0.5589
6911.667027,-0.425486,-23.371278,-0.020412,19.138424,-0.020600,-0.011682,-6.228228,-0.109419,6.229189,126|127,0.5582
6911.700360,-0.425461,-23.371401,-0.020300,19.138403,-0.020601,-0.011683,-6.228140,-0.109404,6.229101,126|127,0.5582
6911.750360,-0.425461,-23.371401,-0.020300,19.138374,-0.020604,-0.011684,-6.228111,-0.109401,6.229072,126|127,0.5583
6911.767027,-0.425552,-23.371173,-0.020328,19.138357,-0.020605,-0.011683,-6.228218,-0.109450,6.229180,126|127,0.5587
6911.783694,-0.425552,-23.371173,-0.020328,19.138342,-0.020606,-0.011683,-6.228203,-0.109448,6.229164,126|127,0.5592
6911.800360,-0.425565,-23.371294,-0.020372,19.138342,-0.020606,-0.011683,-6.228137,-0.109456,6.229099,126|127,0.5586
6911.833694,-0.425565,-23.371294,-0.020372,19.138317,-0.020609,-0.011685,-6.228112,-0.109454,6.229074,126|127,0.5579
6911.850360,-0.425816,-23.371394,-0.020652,19.138317,-0.020609,-0.011685,-6.228058,-0.109590,6.229022,126|127,0.5581
6911.867027,-0.425816,-23.371394,-0.020652,19.138313,-0.020609,-0.011686,-6.228054,-0.109589,6.229018,126|127,0.5580
6911.883694,-0.425696,-23.371357,-0.020516,19.138311,-0.020609,-0.011686,-6.228072,-0.109524,6.229035,126|127,0.5580
6911.917027,-0.425846,-23.370998,-0.020827,19.138311,-0.020608,-0.011686,-6.228267,-0.109607,6.229232,126|127,0.5587
6911.933694,-0.425759,-23.371120,-0.020726,19.138311,-0.020608,-0.011686,-6.228201,-0.109559,6.229165,126|127,0.5589
6911.950360,-0.425623,-23.371451,-0.020395,19.138311,-0.020608,-0.011687,-6.228021,-0.109485,6.228984,126|127,0.5583
6911.967027,-0.425685,-23.371362,-0.020501,19.138311,-0.020608,-0.011687,-6.228070,-0.109519,6.229032,126|127,0.5582
6911.983694,-0.425685,-23.371362,-0.020501,19.138311,-0.020607,-0.011688,-6.228070,-0.109519,6.229033,126|127,0.5584
6912.000360,-0.425639,-23.371218,-0.020449,19.138311,-0.020607,-0.011688,-6.228148,-0.109495,6.229111,126|127,0.5584
6912.017027,-0.425719,-23.371193,-0.020509,19.138311,-0.020607,-0.011688,-6.228161,-0.109538,6.229125,126|127,0.5584
6912.067027,-0.425578,-23.371148,-0.020281,19.138311,-0.020607,-0.011689,-6.228186,-0.109462,6.229148,126|127,0.5585
6912.083694,-0.425578,-23.371148,-0.020281,19.138311,-0.020607,-0.011689,-6.228186,-0.109462,6.229148,126|127,0.5584
6912.117027,-0.425668,-23.371211,-0.020327,19.138311,-0.020607,-0.011689,-6.228151,-0.109511,6.229114,126|127,0.5586
6912.133694,-0.425655,-23.371321,-0.020398,19.138311,-0.020606,-0.011689,-6.228092,-0.109505,6.229055,126|127,0.5583
6912.150360,-0.425655,-23.371321,-0.020399,19.138309,-0.020606,-0.011689,-6.228090,-0.109505,6.229053,126|127,0.5585
6912.183694,-0.425575,-23.370886,-0.020308,19.138309,-0.020606,-0.011689,-6.228326,-0.109462,6.229288,126|127,0.5591
6912.200360,-0.425576,-23.370887,-0.020309,19.138309,-0.020606,-0.011689,-6.228326,-0.109462,6.229288,126|127,0.5585
6912.217027,-0.425621,-23.371370,-0.020372,19.138309,-0.020606,-0.011689,-6.228063,-0.109487,6.229026,126|127,0.5582
6912.233694,-0.425621,-23.371370,-0.020372,19.138309,-0.020606,-0.011689,-6.228063,-0.109487,6.229026,126|127,0.5584
6912.250361,-0.425517,-23.371207,-0.020060,19.138309,-0.020606,-0.011689,-6.228152,-0.109430,6.229113,126|127,0.5587
6912.267027,-0.425536,-23.371066,-0.020229,19.138309,-0.020605,-0.011689,-6.228229,-0.109441,6.229190,126|127,0.5589
6912.283694,-0.425536,-23.371066,-0.020230,19.138309,-0.020605,-0.011689,-6.228229,-0.109441,6.229190,126|127,0.5586
6912.317027,-0.425558,-23.371208,-0.020202,19.138309,-0.020605,-0.011689,-6.228152,-0.109453,6.229113,126|127,0.5594
6912.333694,-0.425492,-23.371118,-0.020104,19.138309,-0.020605,-0.011689,-6.228200,-0.109418,6.229161,126|127,0.5590
6912.350361,-0.425590,-23.371273,-0.020233,19.138309,-0.020605,-0.011689,-6.228116,-0.109471,6.229078,126|127,0.5586
6912.367027,-0.425607,-23.371233,-0.020291,19.138309,-0.020605,-0.011689,-6.228138,-0.109480,6.229100,126|127,0.5585
6912.383694,-0.425607,-23.371233,-0.020291,19.138309,-0.020604,-0.011689,-6.228138,-0.109480,6.229100,126|127,0.5587
6912.400361,-0.425535,-23.371129,-0.020213,19.138309,-0.020604,-0.011689,-6.228195,-0.109442,6.229156,126|127,0.5586
6912.417027,-0.425642,-23.371114,-0.020405,19.138309,-0.020604,-0.011689,-6.228203,-0.109500,6.229165,126|127,0.5587
6912.433694,-0.425505,-23.370943,-0.020212,19.138309,-0.020604,-0.011689,-6.228296,-0.109426,6.229257,126|127,0.5588
6912.450361,-0.425483,-23.370797,-0.020191,19.138309,-0.020604,-0.011689,-6.228375,-0.109414,6.229336,126|127,0.5591
6912.467027,-0.425436,-23.370905,-0.020168,19.138309,-0.020604,-0.011689,-6.228316,-0.109388,6.229277,126|127,0.5591
6912.483694,-0.425388,-23.371117,-0.020031,19.138309,-0.020604,-0.011689,-6.228201,-0.109362,6.229161,126|127,0.5587
6912.500361,-0.425388,-23.371117,-0.020030,19.138309,-0.020604,-0.011689,-6.228201,-0.109362,6.229161,126|127,0.5587
6912.517027,-0.425568,-23.370911,-0.020399,19.138309,-0.020603,-0.011689,-6.228313,-0.109460,6.229275,126|127,0.5589
6912.533694,-0.425384,-23.370947,-0.020096,19.138307,-0.020603,-0.011689,-6.228292,-0.109360,6.229252,126|127,0.5589
6912.550361,-0.425384,-23.370947,-0.020096,19.138307,-0.020603,-0.011688,-6.228292,-0.109361,6.229252,126|127,0.5589
6912.583694,-0.425380,-23.370789,-0.020017,19.138307,-0.020603,-0.011688,-6.228377,-0.109359,6.229337,126|127,0.5592
6912.600361,-0.425457,-23.370897,-0.020226,19.138307,-0.020603,-0.011689,-6.228318,-0.109401,6.229279,126|127,0.5589
6912.617027,-0.425457,-23.370897,-0.020227,19.138307,-0.020603,-0.011689,-6.228318,-0.109401,6.229279,126|127,0.5588
6912.633694,-0.425368,-23.370980,-0.019966,19.138307,-0.020603,-0.011689,-6.228273,-0.109352,6.229233,126|127,0.5588
6912.650361,-0.425470,-23.370874,-0.020160,19.138307,-0.020602,-0.011689,-6.228331,-0.109408,6.229292,126|127,0.5589
6912.667027,-0.425539,-23.371018,-0.020395,19.138307,-0.020602,-0.011689,-6.228253,-0.109446,6.229214,126|127,0.5586
6912.683694,-0.425539,-23.371018,-0.020395,19.138307,-0.020602,-0.011689,-6.228253,-0.109446,6.229214,126|127,0.5588
6912.700361,-0.425519,-23.370981,-0.020300,19.138307,-0.020602,-0.011689,-6.228273,-0.109435,6.229235,126|127,0.5590
6912.717027,-0.425375,-23.370806,-0.020113,19.138307,-0.020602,-0.011689,-6.228368,-0.109357,6.229328,126|127,0.5592
6912.733694,-0.425379,-23.370997,-0.020127,19.138307,-0.020602,-0.011688,-6.228264,-0.109359,6.229224,126|127,0.5585
6912.750361,-0.425480,-23.371194,-0.020287,19.138307,-0.020601,-0.011689,-6.228157,-0.109415,6.229118,126|127,0.5582
6912.767027,-0.425320,-23.371212,-0.019974,19.138307,-0.020601,-0.011689,-6.228148,-0.109328,6.229107,126|127,0.5582
6912.783694,-0.425437,-23.371089,-0.020119,19.138307,-0.020601,-0.011689,-6.228214,-0.109391,6.229175,126|127,0.5586
6912.800361,-0.425437,-23.371089,-0.020118,19.138307,-0.020601,-0.011689,-6.228214,-0.109391,6.229175,126|127,0.5588
6912.833694,-0.425417,-23.370968,-0.020203,19.138307,-0.020601,-0.011689,-6.228280,-0.109381,6.229241,126|127,0.5587
6912.850361,-0.425489,-23.371009,-0.020296,19.138307,-0.020601,-0.011689,-6.228258,-0.109420,6.229219,126|127,0.5590
6912.867027,-0.425343,-23.371107,-0.020065,19.138307,-0.020600,-0.011689,-6.228204,-0.109341,6.229164,126|127,0.5586
6912.883694,-0.425448,-23.371226,-0.020233,19.138307,-0.020600,-0.011688,-6.228140,-0.109398,6.229101,126|127,0.5581
6912.917027,-0.425420,-23.371104,-0.020179,19.138305,-0.020600,-0.011689,-6.228204,-0.109383,6.229165,126|127,0.5583
6912.933694,-0.425363,-23.371155,-0.020133,19.138305,-0.020600,-0.011689,-6.228177,-0.109352,6.229136,126|127,0.5584
6912.950361,-0.425508,-23.371106,-0.020381,19.138305,-0.020600,-0.011688,-6.228203,-0.109431,6.229164,126|127,0.5585
6912.967027,-0.425508,-23.371106,-0.020381,19.138305,-0.020600,-0.011689,-6.228203,-0.109431,6.229164,126|127,0.5585
6912.983694,-0.425392,-23.370985,-0.020181,19.138305,-0.020600,-0.011689,-6.228269,-0.109368,6.229229,126|127,0.5587
6913.000361,-0.425298,-23.371023,-0.020080,19.138305,-0.020600,-0.011689,-6.228248,-0.109317,6.229208,126|127,0.5585
6913.017027,-0.425300,-23.371262,-0.020021,19.138305,-0.020599,-0.011689,-6.228118,-0.109318,6.229078,126|127,0.5581
6913.033694,-0.425300,-23.371262,-0.020021,19.138305,-0.020599,-0.011688,-6.228119,-0.109319,6.229078,126|127,0.5582
6913.050361,-0.425273,-23.371189,-0.019999,19.138305,-0.020599,-0.011688,-6.228158,-0.109304,6.229117,126|127,0.5584
6913.067027,-0.425341,-23.371101,-0.020165,19.138305,-0.020599,-0.011689,-6.228206,-0.109342,6.229166,126|127,0.5583
6913.083694,-0.425341,-23.371101,-0.020166,19.138305,-0.020599,-0.011689,-6.228206,-0.109342,6.229166,126|127,0.5583
6913.100361,-0.425351,-23.370959,-0.020141,19.138305,-0.020598,-0.011688,-6.228283,-0.109347,6.229243,126|127,0.5585
6913.133694,-0.425290,-23.371042,-0.020039,19.138305,-0.020598,-0.011689,-6.228238,-0.109314,6.229197,126|127,0.5582
6913.183694,-0.425304,-23.370993,-0.019995,19.138305,-0.020598,-0.011689,-6.228265,-0.109322,6.229224,126|127,0.5583
6913.217027,-0.425294,-23.371066,-0.020021,19.138305,-0.020598,-0.011688,-6.228225,-0.109317,6.229184,126|127,0.5582
6913.233694,-0.425196,-23.370921,-0.019908,19.138305,-0.020598,-0.011688,-6.228304,-0.109264,6.229262,126|127,0.5585
6913.267027,-0.425153,-23.371058,-0.019812,19.138305,-0.020597,-0.011689,-6.228229,-0.109241,6.229187,126|127,0.5581
6913.300361,-0.425123,-23.371174,-0.019740,19.138303,-0.020597,-0.011688,-6.228164,-0.109224,6.229122,126|127,0.5581
6913.317027,-0.425259,-23.371062,-0.019945,19.138305,-0.020597,-0.011689,-6.228227,-0.109299,6.229186,126|127,0.5583
6913.333694,-0.425259,-23.371061,-0.019945,19.138303,-0.020597,-0.011689,-6.228225,-0.109299,6.229184,126|127,0.5585
6913.350361,-0.425213,-23.371092,-0.019862,19.138303,-0.020597,-0.011689,-6.228209,-0.109274,6.229167,126|127,0.5582
6913.367027,-0.425175,-23.370925,-0.019781,19.138303,-0.020597,-0.011688,-6.228300,-0.109253,6.229258,126|127,0.5585
6913.383694,-0.425191,-23.370806,-0.019825,19.138303,-0.020597,-0.011689,-6.228364,-0.109262,6.229323,126|127,0.5588
6913.400361,-0.425057,-23.370921,-0.019614,19.138303,-0.020596,-0.011689,-6.228302,-0.109190,6.229259,126|127,0.5586
6913.417027,-0.425197,-23.371080,-0.019799,19.138303,-0.020596,-0.011689,-6.228216,-0.109266,6.229174,126|127,0.5582
6913.433694,-0.425142,-23.371029,-0.019706,19.138303,-0.020596,-0.011689,-6.228243,-0.109236,6.229201,126|127,0.5583
6913.450361,-0.425142,-23.371029,-0.019706,19.138303,-0.020596,-0.011689,-6.228243,-0.109236,6.229201,126|127,0.5583
6913.467027,-0.425103,-23.370993,-0.019598,19.138303,-0.020596,-0.011689,-6.228263,-0.109215,6.229220,126|127,0.5582
6913.517027,-0.425077,-23.371030,-0.019605,19.138303,-0.020596,-0.011689,-6.228243,-0.109201,6.229200,126|127,0.5585
6913.550361,-0.425134,-23.370860,-0.019759,19.138303,-0.020595,-0.011689,-6.228335,-0.109233,6.229293,126|127,0.5581
6913.567027,-0.425109,-23.371150,-0.019710,19.138303,-0.020595,-0.011689,-6.228177,-0.109219,6.229135,126|127,0.5580
6913.583694,-0.425338,-23.371030,-0.020158,19.138303,-0.020595,-0.011689,-6.228243,-0.109344,6.229203,126|127,0.5582
6913.600361,-0.425338,-23.371030,-0.020159,19.138303,-0.020595,-0.011689,-6.228243,-0.109344,6.229203,126|127,0.5581
6913.617027,-0.425164,-23.371076,-0.019890,19.138303,-0.020595,-0.011689,-6.228217,-0.109249,6.229176,126|127,0.5582
6913.633694,-0.425308,-23.370933,-0.020130,19.138303,-0.020595,-0.011689,-6.228295,-0.109328,6.229255,126|127,0.5585
6913.650361,-0.425201,-23.370856,-0.019932,19.138303,-0.020595,-0.011689,-6.228337,-0.109269,6.229296,126|127,0.5586
6913.667027,-0.425201,-23.370856,-0.019932,19.138303,-0.020594,-0.011689,-6.228337,-0.109270,6.229296,126|127,0.5582
6913.683694,-0.425161,-23.370977,-0.019892,19.138303,-0.020594,-0.011688,-6.228271,-0.109248,6.229230,126|127,0.5581
6913.700361,-0.425148,-23.371110,-0.019790,19.138303,-0.020594,-0.011688,-6.228199,-0.109241,6.229157,126|127,0.5582
6913.717027,-0.425075,-23.371073,-0.019620,19.138301,-0.020594,-0.011689,-6.228217,-0.109202,6.229174,126|127,0.5583
6913.733694,-0.425279,-23.370963,-0.020031,19.138301,-0.020594,-0.011689,-6.228277,-0.109313,6.229236,126|127,0.5580
6913.750361,-0.425324,-23.371076,-0.020100,19.138301,-0.020594,-0.011688,-6.228215,-0.109337,6.229175,126|127,0.5582
6913.767027,-0.425324,-23.371076,-0.020100,19.138301,-0.020594,-0.011688,-6.228215,-0.109337,6.229175,126|127,0.5586
6913.783694,-0.425378,-23.370869,-0.020357,19.138301,-0.020594,-0.011689,-6.228328,-0.109367,6.229288,126|127,0.5587
6913.800361,-0.425300,-23.371144,-0.020205,19.138301,-0.020594,-0.011689,-6.228179,-0.109325,6.229138,126|127,0.5581
6913.817027,-0.425393,-23.371323,-0.020344,19.138301,-0.020593,-0.011688,-6.228081,-0.109375,6.229042,126|127,0.5578
6913.833694,-0.425228,-23.371323,-0.020031,19.138301,-0.020593,-0.011688,-6.228081,-0.109285,6.229040,126|127,0.5578
6913.850361,-0.425363,-23.371174,-0.020239,19.138301,-0.020593,-0.011688,-6.228162,-0.109359,6.229122,126|127,0.5582
6913.867027,-0.425319,-23.371068,-0.020265,19.138301,-0.020593,-0.011688,-6.228220,-0.109335,6.229180,126|127,0.5584
6913.883694,-0.425320,-23.371195,-0.020173,19.138301,-0.020593,-0.011688,-6.228151,-0.109336,6.229110,126|127,0.5581
6913.900361,-0.425364,-23.371034,-0.020238,19.138301,-0.020593,-0.011688,-6.228238,-0.109360,6.229198,126|127,0.5585
6913.933694,-0.425341,-23.371043,-0.020196,19.138301,-0.020593,-0.011688,-6.228234,-0.109347,6.229194,126|127,0.5585
6913.950361,-0.425462,-23.371184,-0.020366,19.138301,-0.020593,-0.011689,-6.228157,-0.109414,6.229118,126|127,0.5582
6913.967027,-0.425526,-23.371147,-0.020507,19.138301,-0.020593,-0.011689,-6.228177,-0.109448,6.229138,126|127,0.5582
6914.000361,-0.425526,-23.371148,-0.020508,19.138301,-0.020592,-0.011689,-6.228177,-0.109449,6.229138,126|127,0.5583
6914.017027,-0.425543,-23.371032,-0.020584,19.138301,-0.020592,-0.011688,-6.228239,-0.109458,6.229201,126|127,0.5584
6914.033694,-0.425307,-23.370895,-0.020203,19.138301,-0.020592,-0.011688,-6.228314,-0.109330,6.229274,126|127,0.5585
6914.050361,-0.425290,-23.370811,-0.020210,19.138301,-0.020592,-0.011688,-6.228360,-0.109321,6.229319,126|127,0.5587
6914.067027,-0.425290,-23.370811,-0.020210,19.138301,-0.020592,-0.011688,-6.228359,-0.109321,6.229319,126|127,0.5587
6914.083694,-0.425163,-23.371198,-0.019894,19.138301,-0.020592,-0.011688,-6.228149,-0.109252,6.229108,126|127,0.5582
6914.117027,-0.425540,-23.370917,-0.020659,19.138301,-0.020592,-0.011689,-6.228302,-0.109457,6.229264,126|127,0.5586
6914.133694,-0.425302,-23.370992,-0.020280,19.138300,-0.020591,-0.011688,-6.228259,-0.109328,6.229219,126|127,0.5585
6914.150361,-0.425302,-23.370992,-0.020281,19.138300,-0.020591,-0.011687,-6.228259,-0.109328,6.229219,126|127,0.5585
6914.167027,-0.425519,-23.370821,-0.020647,19.138300,-0.020591,-0.011687,-6.228352,-0.109446,6.229314,126|127,0.5589
6914.183694,-0.425416,-23.370844,-0.020427,19.138300,-0.020591,-0.011687,-6.228340,-0.109390,6.229300,126|127,0.5589
6914.217027,-0.425387,-23.371188,-0.020317,19.138300,-0.020591,-0.011688,-6.228153,-0.109374,6.229113,126|127,0.5583
6914.233694,-0.425266,-23.371136,-0.020053,19.138300,-0.020591,-0.011688,-6.228181,-0.109309,6.229140,126|127,0.5582
6914.250361,-0.425446,-23.371068,-0.020415,19.138300,-0.020590,-0.011688,-6.228218,-0.109407,6.229179,126|127,0.5583
6914.283694,-0.425457,-23.371142,-0.020470,19.138300,-0.020590,-0.011688,-6.228178,-0.109413,6.229139,126|127,0.5583
6914.300361,-0.425243,-23.370922,-0.020225,19.138300,-0.020590,-0.011688,-6.228297,-0.109297,6.229256,126|127,0.5587
6914.317027,-0.425283,-23.370863,-0.020336,19.138300,-0.020590,-0.011688,-6.228330,-0.109319,6.229289,126|127,0.5588
6914.333694,-0.425225,-23.371164,-0.020191,19.138300,-0.020590,-0.011688,-6.228166,-0.109287,6.229125,126|127,0.5582
6914.350361,-0.425320,-23.371343,-0.020310,19.138300,-0.020590,-0.011688,-6.228069,-0.109339,6.229028,126|127,0.5580
6914.367027,-0.425320,-23.371343,-0.020310,19.138300,-0.020589,-0.011688,-6.228069,-0.109339,6.229028,126|127,0.5580
6914.383694,-0.425344,-23.371181,-0.020302,19.138300,-0.020589,-0.011688,-6.228157,-0.109352,6.229117,126|127,0.5584
6914.400361,-0.425265,-23.371060,-0.020263,19.138300,-0.020589,-0.011688,-6.228222,-0.109310,6.229182,126|127,0.5587
6914.433694,-0.425265,-23.371060,-0.020263,19.138300,-0.020589,-0.011689,-6.228222,-0.109310,6.229182,126|127,0.5587
6914.450361,-0.425161,-23.370834,-0.019992,19.138300,-0.020589,-0.011688,-6.228346,-0.109254,6.229304,126|127,0.5591
6914.467027,-0.425017,-23.370927,-0.019752,19.138300,-0.020589,-0.011688,-6.228295,-0.109175,6.229252,126|127,0.5587
6914.500361,-0.425017,-23.370927,-0.019752,19.138300,-0.020588,-0.011688,-6.228295,-0.109176,6.229252,126|127,0.5584
6914.533694,-0.424918,-23.371017,-0.019528,19.138300,-0.020588,-0.011688,-6.228246,-0.109122,6.229202,126|127,0.5584
6914.567027,-0.424992,-23.370886,-0.019709,19.138298,-0.020588,-0.011688,-6.228315,-0.109162,6.229272,126|127,0.5586
6914.583694,-0.424992,-23.370886,-0.019709,19.138296,-0.020588,-0.011688,-6.228313,-0.109163,6.229270,126|127,0.5587
6914.600361,-0.424991,-23.370945,-0.019775,19.138294,-0.020588,-0.011688,-6.228280,-0.109163,6.229236,126|127,0.5587
6914.617027,-0.424974,-23.371178,-0.019678,19.138296,-0.020587,-0.011688,-6.228155,-0.109153,6.229111,126|127,0.5584
6914.633694,-0.424974,-23.371178,-0.019678,19.138294,-0.020587,-0.011688,-6.228153,-0.109154,6.229109,126|127,0.5584
6914.667027,-0.424987,-23.371172,-0.019724,19.138294,-0.020587,-0.011688,-6.228156,-0.109161,6.229112,126|127,0.5585
6914.700361,-0.425192,-23.370916,-0.020150,19.138294,-0.020586,-0.011688,-6.228295,-0.109273,6.229253,126|127,0.5587
6914.717027,-0.425192,-23.370916,-0.020150,19.138296,-0.020586,-0.011687,-6.228297,-0.109274,6.229255,126|127,0.5587
6914.733694,-0.425134,-23.370910,-0.020028,19.138294,-0.020585,-0.011688,-6.228299,-0.109242,6.229256,126|127,0.5584
6914.750361,-0.425206,-23.371071,-0.020102,19.138296,-0.020585,-0.011687,-6.228213,-0.109282,6.229171,126|127,0.5583
6914.767027,-0.425138,-23.371021,-0.019949,19.138294,-0.020585,-0.011688,-6.228238,-0.109245,6.229196,126|127,0.5582
6914.783694,-0.425138,-23.371021,-0.019949,19.138296,-0.020585,-0.011687,-6.228240,-0.109245,6.229198,126|127,0.5583
6914.800361,-0.425259,-23.371041,-0.020214,19.138296,-0.020585,-0.011687,-6.228229,-0.109311,6.229188,126|127,0.5580
6914.817027,-0.425244,-23.370983,-0.020129,19.138294,-0.020585,-0.011688,-6.228259,-0.109303,6.229218,126|127,0.5582
6914.850361,-0.425210,-23.370806,-0.020243,19.138294,-0.020584,-0.011688,-6.228355,-0.109285,6.229314,126|127,0.5586
6914.867027,-0.425160,-23.370988,-0.020095,19.138294,-0.020584,-0.011688,-6.228256,-0.109258,6.229214,126|127,0.5582
6914.883694,-0.425245,-23.371183,-0.020171,19.138294,-0.020584,-0.011688,-6.228150,-0.109304,6.229109,126|127,0.5580
6914.900361,-0.425140,-23.371210,-0.019972,19.138294,-0.020584,-0.011688,-6.228135,-0.109247,6.229093,126|127,0.5580
6914.917027,-0.425232,-23.371042,-0.020150,19.138294,-0.020583,-0.011688,-6.228226,-0.109298,6.229185,126|127,0.5584
6914.933694,-0.425199,-23.370970,-0.020196,19.138294,-0.020583,-0.011687,-6.228266,-0.109280,6.229224,126|127,0.5586
6914.950361,-0.425214,-23.371015,-0.020153,19.138294,-0.020583,-0.011687,-6.228241,-0.109288,6.229200,126|127,0.5584
6914.967027,-0.425188,-23.370920,-0.020122,19.138294,-0.020583,-0.011688,-6.228293,-0.109274,6.229251,126|127,0.5586
6914.983694,-0.425188,-23.370920,-0.020122,19.138294,-0.020583,-0.011688,-6.228293,-0.109275,6.229251,126|127,0.5588
6915.000361,-0.425049,-23.370962,-0.019921,19.138294,-0.020583,-0.011688,-6.228270,-0.109199,6.229227,126|127,0.5586
6915.017027,-0.425188,-23.371032,-0.020137,19.138294,-0.020583,-0.011688,-6.228232,-0.109275,6.229191,126|127,0.5584
6915.033694,-0.425188,-23.371032,-0.020137,19.138294,-0.020582,-0.011688,-6.228232,-0.109275,6.229191,126|127,0.5584
6915.050361,-0.425108,-23.370913,-0.019977,19.138294,-0.020582,-0.011688,-6.228297,-0.109232,6.229254,126|127,0.5585
6915.067027,-0.424998,-23.370958,-0.019789,19.138294,-0.020582,-0.011688,-6.228272,-0.109172,6.229229,126|127,0.5583
6915.083694,-0.424998,-23.370958,-0.019789,19.138292,-0.020582,-0.011688,-6.228270,-0.109172,6.229227,126|127,0.5584
6915.100361,-0.424977,-23.370824,-0.019805,19.138292,-0.020582,-0.011688,-6.228343,-0.109161,6.229300,126|127,0.5585
6915.117027,-0.425024,-23.370808,-0.019940,19.138292,-0.020582,-0.011688,-6.228352,-0.109186,6.229309,126|127,0.5586
6915.133694,-0.424978,-23.370878,-0.019850,19.138292,-0.020581,-0.011688,-6.228314,-0.109162,6.229271,126|127,0.5586
6915.150361,-0.425000,-23.371010,-0.019839,19.138292,-0.020581,-0.011687,-6.228242,-0.109174,6.229199,126|127,0.5584
6915.167027,-0.425043,-23.370997,-0.019966,19.138290,-0.020581,-0.011688,-6.228247,-0.109198,6.229205,126|127,0.5584
6915.183694,-0.425109,-23.370893,-0.020110,19.138290,-0.020581,-0.011687,-6.228304,-0.109234,6.229262,126|127,0.5586
6915.200361,-0.424989,-23.370893,-0.019906,19.138290,-0.020580,-0.011687,-6.228304,-0.109169,6.229260,126|127,0.5585
6915.217027,-0.425013,-23.370854,-0.019917,19.138290,-0.020580,-0.011687,-6.228325,-0.109182,6.229282,126|127,0.5586
6915.233694,-0.425013,-23.370854,-0.019917,19.138290,-0.020580,-0.011688,-6.228325,-0.109182,6.229282,126|127,0.5587
6915.250361,-0.424989,-23.370790,-0.019933,19.138290,-0.020580,-0.011687,-6.228360,-0.109170,6.229317,126|127,0.5588
6915.267027,-0.425005,-23.370831,-0.019995,19.138290,-0.020580,-0.011687,-6.228338,-0.109178,6.229295,126|127,0.5587
6915.283694,-0.425047,-23.370878,-0.020051,19.138290,-0.020579,-0.011687,-6.228312,-0.109201,6.229269,126|127,0.5586
6915.300361,-0.425047,-23.370878,-0.020051,19.138290,-0.020579,-0.011688,-6.228312,-0.109202,6.229269,126|127,0.5586
6915.317027,-0.424978,-23.370822,-0.019949,19.138290,-0.020579,-0.011688,-6.228343,-0.109164,6.229299,126|127,0.5587
6915.333694,-0.424987,-23.370879,-0.019992,19.138288,-0.020579,-0.011688,-6.228309,-0.109169,6.229266,126|127,0.5586
6915.350361,-0.424987,-23.370879,-0.019992,19.138288,-0.020578,-0.011687,-6.228309,-0.109170,6.229266,126|127,0.5587
6915.367027,-0.424962,-23.370764,-0.019948,19.138290,-0.020578,-0.011688,-6.228374,-0.109156,6.229330,126|127,0.5587
6915.383694,-0.424960,-23.370768,-0.019983,19.138290,-0.020578,-0.011688,-6.228372,-0.109156,6.229328,126|127,0.5588
6915.400361,-0.424960,-23.370768,-0.019984,19.138288,-0.020578,-0.011687,-6.228370,-0.109155,6.229326,126|127,0.5586
6915.417027,-0.424976,-23.370966,-0.019964,19.138290,-0.020578,-0.011688,-6.228264,-0.109164,6.229221,126|127,0.5584
6915.433694,-0.424976,-23.370966,-0.019964,19.138290,-0.020577,-0.011688,-6.228264,-0.109164,6.229221,126|127,0.5584
6915.450361,-0.424904,-23.370989,-0.019837,19.138288,-0.020577,-0.011689,-6.228250,-0.109126,6.229206,126|127,0.5586
6915.467027,-0.424917,-23.370930,-0.019857,19.138290,-0.020577,-0.011688,-6.228284,-0.109133,6.229240,126|127,0.5586
6915.483694,-0.424922,-23.370928,-0.019868,19.138290,-0.020577,-0.011688,-6.228285,-0.109136,6.229241,126|127,0.5585
6915.500361,-0.424922,-23.370928,-0.019868,19.138290,-0.020576,-0.011687,-6.228285,-0.109136,6.229241,126|127,0.5585
6915.517027,-0.424872,-23.370881,-0.019786,19.138288,-0.020576,-0.011688,-6.228308,-0.109109,6.229264,126|127,0.5586
6915.533694,-0.424871,-23.370927,-0.019786,19.138290,-0.020576,-0.011687,-6.228285,-0.109109,6.229241,126|127,0.5585
6915.550361,-0.424871,-23.370927,-0.019786,19.138286,-0.020576,-0.011687,-6.228281,-0.109109,6.229237,126|127,0.5585
6915.567027,-0.424894,-23.370948,-0.019797,19.138290,-0.020575,-0.011688,-6.228274,-0.109122,6.229230,126|127,0.5585
6915.600361,-0.424775,-23.370926,-0.019581,19.138288,-0.020575,-0.011687,-6.228284,-0.109057,6.229239,126|127,0.5584
6915.617027,-0.424775,-23.370926,-0.019581,19.138288,-0.020575,-0.011687,-6.228284,-0.109057,6.229239,126|127,0.5585
6915.650361,-0.424759,-23.370895,-0.019582,19.138288,-0.020575,-0.011688,-6.228301,-0.109049,6.229256,126|127,0.5585
6915.683694,-0.424738,-23.370964,-0.019518,19.138288,-0.020575,-0.011688,-6.228263,-0.109038,6.229218,126|127,0.5584
6915.700361,-0.424739,-23.370969,-0.019543,19.138288,-0.020575,-0.011688,-6.228261,-0.109039,6.229215,126|127,0.5584
6915.717027,-0.424739,-23.370969,-0.019542,19.138288,-0.020574,-0.011688,-6.228261,-0.109039,6.229215,126|127,0.5586
6915.733694,-0.424714,-23.370909,-0.019546,19.138288,-0.020574,-0.011688,-6.228293,-0.109026,6.229247,126|127,0.5584
6915.767027,-0.424771,-23.370854,-0.019651,19.138288,-0.020574,-0.011688,-6.228323,-0.109057,6.229278,126|127,0.5585
6915.783694,-0.424741,-23.370874,-0.019618,19.138288,-0.020574,-0.011688,-6.228312,-0.109041,6.229267,126|127,0.5585
6915.800361,-0.424741,-23.370874,-0.019618,19.138288,-0.020573,-0.011688,-6.228312,-0.109041,6.229267,126|127,0.5584
6915.817027,-0.424824,-23.370950,-0.019737,19.138288,-0.020573,-0.011688,-6.228271,-0.109086,6.229226,126|127,0.5584
6915.850361,-0.424796,-23.370929,-0.019684,19.138288,-0.020573,-0.011687,-6.228282,-0.109071,6.229237,126|127,0.5584
6915.867027,-0.424816,-23.370980,-0.019756,19.138288,-0.020573,-0.011688,-6.228255,-0.109082,6.229210,126|127,0.5583
6915.883694,-0.424789,-23.370943,-0.019697,19.138288,-0.020573,-0.011688,-6.228275,-0.109067,6.229230,126|127,0.5583
6915.917027,-0.424767,-23.370888,-0.019705,19.138286,-0.020573,-0.011687,-6.228303,-0.109055,6.229258,126|127,0.5584
6915.933694,-0.424767,-23.370888,-0.019706,19.138286,-0.020573,-0.011688,-6.228303,-0.109056,6.229258,126|127,0.5582
6915.950361,-0.424826,-23.371079,-0.019747,19.138286,-0.020573,-0.011688,-6.228199,-0.109088,6.229154,126|127,0.5581
6915.967027,-0.424725,-23.371144,-0.019566,19.138286,-0.020572,-0.011687,-6.228164,-0.109034,6.229118,126|127,0.5580
6915.983694,-0.424772,-23.371014,-0.019646,19.138286,-0.020572,-0.011687,-6.228235,-0.109059,6.229189,126|127,0.5582
6916.000361,-0.424796,-23.370951,-0.019752,19.138286,-0.020572,-0.011688,-6.228268,-0.109072,6.229223,126|127,0.5583
6916.017027,-0.424838,-23.370986,-0.019791,19.138286,-0.020572,-0.011688,-6.228250,-0.109095,6.229205,126|127,0.5582
6916.033694,-0.424874,-23.370927,-0.019907,19.138286,-0.020572,-0.011687,-6.228281,-0.109115,6.229237,126|127,0.5583
6916.050361,-0.424822,-23.370896,-0.019833,19.138286,-0.020571,-0.011688,-6.228298,-0.109087,6.229253,126|127,0.5585
6916.067027,-0.424820,-23.370953,-0.019818,19.138286,-0.020571,-0.011688,-6.228267,-0.109086,6.229223,126|127,0.5583
6916.083694,-0.424922,-23.371006,-0.019948,19.138286,-0.020571,-0.011687,-6.228238,-0.109142,6.229195,126|127,0.5581
6916.100361,-0.424942,-23.371041,-0.020027,19.138286,-0.020571,-0.011687,-6.228219,-0.109152,6.229176,126|127,0.5581
6916.133694,-0.424766,-23.370974,-0.019701,19.138286,-0.020571,-0.011688,-6.228256,-0.109057,6.229211,126|127,0.5581
6916.167027,-0.424766,-23.370974,-0.019701,19.138286,-0.020571,-0.011687,-6.228256,-0.109057,6.229211,126|127,0.5582
6916.183694,-0.424678,-23.370842,-0.019640,19.138286,-0.020570,-0.011687,-6.228328,-0.109009,6.229282,126|127,0.5584
6916.217027,-0.424678,-23.370842,-0.019641,19.138286,-0.020570,-0.011687,-6.228328,-0.109010,6.229282,126|127,0.5584
6916.233694,-0.424674,-23.370952,-0.019568,19.138286,-0.020570,-0.011687,-6.228268,-0.109008,6.229222,126|127,0.5583
6916.250361,-0.424706,-23.370818,-0.019647,19.138286,-0.020570,-0.011688,-6.228341,-0.109025,6.229295,126|127,0.5586
6916.267027,-0.424557,-23.370847,-0.019350,19.138286,-0.020570,-0.011687,-6.228325,-0.108944,6.229278,126|127,0.5584
6916.283694,-0.424557,-23.370847,-0.019350,19.138286,-0.020570,-0.011687,-6.228325,-0.108944,6.229278,126|127,0.5585
6916.300361,-0.424614,-23.370793,-0.019437,19.138286,-0.020570,-0.011687,-6.228354,-0.108976,6.229308,126|127,0.5587
6916.317027,-0.424629,-23.370770,-0.019533,19.138286,-0.020570,-0.011687,-6.228367,-0.108984,6.229321,126|127,0.5587
6916.333694,-0.424629,-23.370770,-0.019533,19.138284,-0.020570,-0.011687,-6.228365,-0.108984,6.229319,126|127,0.5586
6916.350361,-0.424728,-23.370872,-0.019624,19.138286,-0.020569,-0.011688,-6.228312,-0.109038,6.229266,126|127,0.5585
6916.367027,-0.424750,-23.370872,-0.019664,19.138284,-0.020569,-0.011687,-6.228310,-0.109050,6.229264,126|127,0.5585
6916.383694,-0.424761,-23.370812,-0.019698,19.138284,-0.020569,-0.011688,-6.228342,-0.109056,6.229297,126|127,0.5587
6916.400361,-0.424760,-23.370812,-0.019698,19.138284,-0.020569,-0.011688,-6.228342,-0.109056,6.229297,126|127,0.5586
6916.417027,-0.424818,-23.370841,-0.019781,19.138284,-0.020569,-0.011688,-6.228327,-0.109087,6.229282,126|127,0.5587
6916.433694,-0.424734,-23.370798,-0.019675,19.138284,-0.020569,-0.011687,-6.228350,-0.109042,6.229304,126|127,0.5587
6916.450361,-0.424685,-23.370814,-0.019637,19.138284,-0.020569,-0.011688,-6.228341,-0.109015,6.229295,126|127,0.5588
6916.467027,-0.424635,-23.370969,-0.019494,19.138284,-0.020569,-0.011688,-6.228257,-0.108988,6.229210,126|127,0.5584
6916.483694,-0.424716,-23.371090,-0.019586,19.138284,-0.020568,-0.011688,-6.228191,-0.109032,6.229146,126|127,0.5583
6916.500361,-0.424654,-23.371162,-0.019505,19.138284,-0.020568,-0.011688,-6.228152,-0.108999,6.229106,126|127,0.5581
6916.517027,-0.424716,-23.371022,-0.019641,19.138284,-0.020568,-0.011688,-6.228228,-0.109032,6.229182,126|127,0.5583
6916.533694,-0.424715,-23.371022,-0.019640,19.138284,-0.020568,-0.011687,-6.228228,-0.109032,6.229182,126|127,0.5583
6916.550361,-0.424618,-23.371045,-0.019509,19.138284,-0.020568,-0.011688,-6.228216,-0.108980,6.229169,126|127,0.5582
6916.567027,-0.424672,-23.371066,-0.019528,19.138284,-0.020568,-0.011688,-6.228204,-0.109009,6.229158,126|127,0.5583
6916.583694,-0.424651,-23.371014,-0.019566,19.138284,-0.020568,-0.011688,-6.228232,-0.108998,6.229186,126|127,0.5585
6916.600361,-0.424663,-23.371065,-0.019589,19.138284,-0.020567,-0.011688,-6.228205,-0.109004,6.229159,126|127,0.5583
6916.617027,-0.424780,-23.371096,-0.019784,19.138284,-0.020567,-0.011688,-6.228188,-0.109068,6.229143,126|127,0.5582
6916.633694,-0.424712,-23.371109,-0.019678,19.138284,-0.020567,-0.011687,-6.228181,-0.109031,6.229135,126|127,0.5581
6916.650361,-0.424712,-23.371109,-0.019679,19.138284,-0.020567,-0.011688,-6.228181,-0.109031,6.229135,126|127,0.5581
6916.667027,-0.424591,-23.371017,-0.019486,19.138284,-0.020567,-0.011688,-6.228231,-0.108966,6.229184,126|127,0.5581
6916.700361,-0.424573,-23.370899,-0.019495,19.138282,-0.020567,-0.011687,-6.228293,-0.108956,6.229246,126|127,0.5583
6916.717027,-0.424619,-23.370890,-0.019620,19.138282,-0.020567,-0.011687,-6.228298,-0.108981,6.229251,126|127,0.5584
6916.733694,-0.424559,-23.370953,-0.019504,19.138282,-0.020566,-0.011687,-6.228264,-0.108949,6.229216,126|127,0.5585
6916.750361,-0.424559,-23.370953,-0.019505,19.138282,-0.020566,-0.011687,-6.228264,-0.108950,6.229216,126|127,0.5583
6916.767027,-0.424605,-23.371034,-0.019548,19.138282,-0.020566,-0.011687,-6.228220,-0.108974,6.229173,126|127,0.5583
6916.783694,-0.424593,-23.370947,-0.019539,19.138282,-0.020566,-0.011689,-6.228267,-0.108968,6.229220,126|127,0.5585
6916.817027,-0.424515,-23.370977,-0.019340,19.138282,-0.020566,-0.011689,-6.228251,-0.108926,6.229203,126|127,0.5584
6916.833694,-0.424524,-23.370953,-0.019383,19.138282,-0.020566,-0.011689,-6.228264,-0.108930,6.229216,126|127,0.5585
6916.850361,-0.424459,-23.370961,-0.019287,19.138282,-0.020566,-0.011690,-6.228259,-0.108896,6.229211,126|127,0.5585
6916.867027,-0.424459,-23.370961,-0.019287,19.138282,-0.020566,-0.011690,-6.228259,-0.108896,6.229211,126|127,0.5585
6916.883694,-0.424503,-23.370965,-0.019378,19.138282,-0.020565,-0.011690,-6.228258,-0.108919,6.229210,126|127,0.5585
6916.917027,-0.424510,-23.370995,-0.019360,19.138282,-0.020565,-0.011691,-6.228241,-0.108924,6.229193,126|127,0.5584
6916.933694,-0.424477,-23.370984,-0.019316,19.138282,-0.020565,-0.011690,-6.228247,-0.108906,6.229199,126|127,0.5584
6916.950361,-0.424427,-23.370929,-0.019203,19.138282,-0.020565,-0.011690,-6.228277,-0.108878,6.229228,126|127,0.5585
6916.983694,-0.424408,-23.370898,-0.019213,19.138282,-0.020564,-0.011690,-6.228294,-0.108869,6.229245,126|127,0.5585
6917.000361,-0.424408,-23.370898,-0.019213,19.138282,-0.020564,-0.011690,-6.228294,-0.108869,6.229245,126|127,0.5584
6917.017027,-0.424465,-23.371004,-0.019268,19.138282,-0.020564,-0.011690,-6.228236,-0.108900,6.229188,126|127,0.5584
6917.033694,-0.424465,-23.371004,-0.019268,19.138282,-0.020564,-0.011690,-6.228236,-0.108900,6.229188,126|127,0.5583
6917.050361,-0.424384,-23.370966,-0.019127,19.138282,-0.020564,-0.011690,-6.228257,-0.108856,6.229208,126|127,0.5584
6917.067027,-0.424406,-23.370938,-0.019184,19.138282,-0.020564,-0.011690,-6.228272,-0.108868,6.229223,126|127,0.5585
6917.083694,-0.424368,-23.370955,-0.019092,19.138282,-0.020564,-0.011690,-6.228263,-0.108848,6.229214,126|127,0.5584
6917.100361,-0.424408,-23.370908,-0.019193,19.138282,-0.020564,-0.011690,-6.228288,-0.108870,6.229240,126|127,0.5585
6917.117027,-0.424374,-23.370912,-0.019152,19.138281,-0.020564,-0.011690,-6.228284,-0.108851,6.229235,126|127,0.5586
6917.133694,-0.424374,-23.370912,-0.019153,19.138281,-0.020564,-0.011690,-6.228284,-0.108851,6.229235,126|127,0.5585
6917.150361,-0.424436,-23.370957,-0.019279,19.138281,-0.020563,-0.011689,-6.228260,-0.108885,6.229211,126|127,0.5585
6917.167027,-0.424499,-23.370960,-0.019398,19.138281,-0.020563,-0.011689,-6.228258,-0.108919,6.229210,126|127,0.5584
6917.183694,-0.424399,-23.370951,-0.019204,19.138281,-0.020563,-0.011689,-6.228263,-0.108865,6.229215,126|127,0.5584
6917.200361,-0.424441,-23.370930,-0.019297,19.138281,-0.020563,-0.011690,-6.228274,-0.108888,6.229226,126|127,0.5584
6917.217027,-0.424454,-23.370891,-0.019303,19.138281,-0.020563,-0.011689,-6.228295,-0.108895,6.229247,126|127,0.5585
6917.233694,-0.424451,-23.370872,-0.019325,19.138281,-0.020563,-0.011689,-6.228306,-0.108894,6.229258,126|127,0.5584
6917.250361,-0.424451,-23.370873,-0.019357,19.138281,-0.020563,-0.011690,-6.228305,-0.108894,6.229257,126|127,0.5584
6917.267027,-0.424462,-23.370898,-0.019363,19.138281,-0.020563,-0.011690,-6.228292,-0.108900,6.229244,126|127,0.5585
6917.283694,-0.424516,-23.370917,-0.019428,19.138281,-0.020563,-0.011690,-6.228281,-0.108930,6.229234,126|127,0.5584
6917.300361,-0.424516,-23.370917,-0.019428,19.138281,-0.020562,-0.011690,-6.228281,-0.108930,6.229234,126|127,0.5584
6917.317027,-0.424485,-23.370851,-0.019401,19.138281,-0.020562,-0.011690,-6.228317,-0.108913,6.229270,126|127,0.5586
6917.333694,-0.424485,-23.370851,-0.019402,19.138281,-0.020562,-0.011690,-6.228317,-0.108913,6.229270,126|127,0.5585
6917.350361,-0.424516,-23.370855,-0.019479,19.138281,-0.020562,-0.011689,-6.228315,-0.108930,6.229268,126|127,0.5586
6917.367027,-0.424567,-23.370804,-0.019577,19.138281,-0.020562,-0.011690,-6.228343,-0.108958,6.229296,126|127,0.5587
6917.383694,-0.424498,-23.370832,-0.019459,19.138281,-0.020562,-0.011690,-6.228327,-0.108920,6.229280,126|127,0.5586
6917.400361,-0.424551,-23.370864,-0.019572,19.138281,-0.020561,-0.011691,-6.228310,-0.108950,6.229263,126|127,0.5586
6917.417027,-0.424559,-23.370895,-0.019553,19.138281,-0.020561,-0.011690,-6.228294,-0.108954,6.229246,126|127,0.5585
6917.433694,-0.424588,-23.370899,-0.019618,19.138281,-0.020561,-0.011690,-6.228291,-0.108970,6.229245,126|127,0.5584
6917.450361,-0.424588,-23.370899,-0.019618,19.138281,-0.020561,-0.011690,-6.228291,-0.108970,6.229245,126|127,0.5585
6917.467027,-0.424579,-23.370914,-0.019624,19.138281,-0.020561,-0.011690,-6.228283,-0.108966,6.229236,126|127,0.5584
6917.483694,-0.424549,-23.370890,-0.019566,19.138281,-0.020561,-0.011690,-6.228296,-0.108949,6.229249,126|127,0.5584
6917.500361,-0.424524,-23.370882,-0.019548,19.138279,-0.020561,-0.011690,-6.228298,-0.108936,6.229251,126|127,0.5584
6917.533694,-0.424532,-23.370932,-0.019547,19.138277,-0.020560,-0.011690,-6.228270,-0.108941,6.229222,126|127,0.5583
6917.550361,-0.424569,-23.370971,-0.019600,19.138275,-0.020560,-0.011690,-6.228247,-0.108961,6.229200,126|127,0.5583
6917.567027,-0.424538,-23.371026,-0.019561,19.138275,-0.020560,-0.011690,-6.228216,-0.108944,6.229169,126|127,0.5581
6917.583694,-0.424538,-23.371026,-0.019561,19.138275,-0.020559,-0.011690,-6.228216,-0.108944,6.229169,126|127,0.5583
6917.600361,-0.424504,-23.370940,-0.019533,19.138275,-0.020559,-0.011690,-6.228263,-0.108926,6.229216,126|127,0.5583
6917.617027,-0.424486,-23.370936,-0.019475,19.138277,-0.020559,-0.011690,-6.228267,-0.108916,6.229220,126|127,0.5582
6917.633694,-0.424486,-23.370936,-0.019474,19.138275,-0.020559,-0.011690,-6.228266,-0.108917,6.229218,126|127,0.5583
6917.650361,-0.424485,-23.370884,-0.019530,19.138277,-0.020559,-0.011689,-6.228295,-0.108916,6.229248,126|127,0.5584
6917.683694,-0.424485,-23.370884,-0.019530,19.138275,-0.020558,-0.011690,-6.228293,-0.108917,6.229246,126|127,0.5583
6917.700361,-0.424587,-23.370894,-0.019745,19.138275,-0.020558,-0.011690,-6.228288,-0.108973,6.229242,126|127,0.5583
6917.717027,-0.424587,-23.370894,-0.019745,19.138273,-0.020558,-0.011690,-6.228286,-0.108973,6.229240,126|127,0.5584
6917.750361,-0.424483,-23.370803,-0.019554,19.138275,-0.020557,-0.011689,-6.228338,-0.108917,6.229290,126|127,0.5585
6917.767027,-0.424483,-23.370803,-0.019554,19.138275,-0.020557,-0.011689,-6.228338,-0.108917,6.229290,126|127,0.5584
6917.783694,-0.424462,-23.370794,-0.019606,19.138275,-0.020557,-0.011689,-6.228342,-0.108906,6.229294,126|127,0.5584
6917.800361,-0.424462,-23.370794,-0.019607,19.138275,-0.020557,-0.011689,-6.228342,-0.108906,6.229294,126|127,0.5585
6917.817027,-0.424441,-23.370848,-0.019553,19.138275,-0.020556,-0.011689,-6.228313,-0.108895,6.229265,126|127,0.5583
6917.833694,-0.424479,-23.370873,-0.019593,19.138275,-0.020556,-0.011689,-6.228300,-0.108915,6.229252,126|127,0.5583
6917.850361,-0.424478,-23.370873,-0.019593,19.138275,-0.020556,-0.011689,-6.228300,-0.108915,6.229252,126|127,0.5585
6917.883694,-0.424343,-23.370754,-0.019299,19.138275,-0.020556,-0.011689,-6.228364,-0.108842,6.229315,126|127,0.5585
6917.900361,-0.424411,-23.370687,-0.019479,19.138275,-0.020556,-0.011689,-6.228401,-0.108879,6.229352,126|127,0.5587
6917.917027,-0.424411,-23.370687,-0.019479,19.138275,-0.020556,-0.011689,-6.228401,-0.108879,6.229352,126|127,0.5585
6917.933694,-0.424415,-23.370775,-0.019514,19.138275,-0.020555,-0.011689,-6.228353,-0.108882,6.229305,126|127,0.5585
6917.950361,-0.424479,-23.370796,-0.019580,19.138275,-0.020555,-0.011689,-6.228342,-0.108917,6.229294,126|127,0.5585
6917.967027,-0.424499,-23.370802,-0.019642,19.138275,-0.020555,-0.011689,-6.228338,-0.108928,6.229291,126|127,0.5584
6917.983694,-0.424485,-23.370789,-0.019657,19.138275,-0.020555,-0.011689,-6.228345,-0.108920,6.229298,126|127,0.5585
6918.017027,-0.424524,-23.370723,-0.019704,19.138275,-0.020554,-0.011689,-6.228381,-0.108942,6.229334,126|127,0.5586
6918.033694,-0.424445,-23.370713,-0.019590,19.138275,-0.020554,-0.011689,-6.228387,-0.108899,6.229339,126|127,0.5586
6918.067027,-0.424488,-23.370840,-0.019677,19.138275,-0.020554,-0.011689,-6.228317,-0.108923,6.229270,126|127,0.5584
6918.083694,-0.424559,-23.370870,-0.019765,19.138275,-0.020554,-0.011690,-6.228301,-0.108961,6.229254,126|127,0.5584
6918.100361,-0.424559,-23.370870,-0.019765,19.138273,-0.020554,-0.011690,-6.228299,-0.108962,6.229252,126|127,0.5581
6918.117027,-0.424501,-23.370814,-0.019714,19.138273,-0.020554,-0.011690,-6.228330,-0.108930,6.229282,126|127,0.5584
6918.133694,-0.424419,-23.370806,-0.019569,19.138273,-0.020554,-0.011690,-6.228334,-0.108886,6.229286,126|127,0.5585
6918.167027,-0.424419,-23.370806,-0.019568,19.138273,-0.020553,-0.011689,-6.228334,-0.108886,6.229286,126|127,0.5585
6918.183694,-0.424505,-23.370733,-0.019761,19.138273,-0.020553,-0.011688,-6.228374,-0.108933,6.229326,126|127,0.5586
6918.200361,-0.424528,-23.370794,-0.019825,19.138273,-0.020553,-0.011689,-6.228341,-0.108946,6.229294,126|127,0.5585
6918.217027,-0.424622,-23.370800,-0.019945,19.138273,-0.020553,-0.011689,-6.228337,-0.108997,6.229291,126|127,0.5585
6918.233694,-0.424603,-23.370848,-0.019920,19.138273,-0.020552,-0.011689,-6.228311,-0.108987,6.229265,126|127,0.5584
6918.250361,-0.424537,-23.370802,-0.019801,19.138273,-0.020552,-0.011689,-6.228336,-0.108951,6.229289,126|127,0.5584
6918.283694,-0.424479,-23.370739,-0.019660,19.138273,-0.020552,-0.011689,-6.228370,-0.108920,6.229323,126|127,0.5586
6918.300361,-0.424431,-23.370752,-0.019593,19.138273,-0.020552,-0.011689,-6.228363,-0.108894,6.229315,126|127,0.5585
6918.317027,-0.424425,-23.370780,-0.019646,19.138273,-0.020552,-0.011689,-6.228348,-0.108891,6.229300,126|127,0.5585
6918.333694,-0.424393,-23.370806,-0.019565,19.138273,-0.020552,-0.011689,-6.228334,-0.108874,6.229286,126|127,0.5586
6918.350361,-0.424393,-23.370806,-0.019566,19.138273,-0.020551,-0.011688,-6.228334,-0.108874,6.229286,126|127,0.5585
6918.367027,-0.424487,-23.370829,-0.019726,19.138273,-0.020551,-0.011689,-6.228322,-0.108925,6.229274,126|127,0.5585
6918.383694,-0.424487,-23.370829,-0.019726,19.138271,-0.020551,-0.011689,-6.228320,-0.108925,6.229272,126|127,0.5586
6918.400361,-0.424465,-23.370749,-0.019693,19.138271,-0.020551,-0.011689,-6.228363,-0.108913,6.229315,126|127,0.5585
6918.417027,-0.424435,-23.370653,-0.019574,19.138271,-0.020551,-0.011689,-6.228415,-0.108897,6.229367,126|127,0.5587
6918.433694,-0.424450,-23.370608,-0.019637,19.138271,-0.020551,-0.011689,-6.228440,-0.108905,6.229392,126|127,0.5588
6918.450361,-0.424434,-23.370642,-0.019651,19.138271,-0.020551,-0.011689,-6.228421,-0.108897,6.229373,126|127,0.5586
6918.467027,-0.424434,-23.370642,-0.019651,19.138271,-0.020551,-0.011689,-6.228421,-0.108897,6.229373,126|127,0.5587
6918.483694,-0.424468,-23.370650,-0.019675,19.138271,-0.020551,-0.011689,-6.228417,-0.108915,6.229369,126|127,0.5587
6918.500361,-0.424467,-23.370715,-0.019681,19.138271,-0.020551,-0.011689,-6.228382,-0.108915,6.229334,126|127,0.5585
6918.517027,-0.424469,-23.370719,-0.019720,19.138271,-0.020550,-0.011689,-6.228380,-0.108916,6.229332,126|127,0.5586
6918.533694,-0.424469,-23.370719,-0.019720,19.138271,-0.020550,-0.011689,-6.228380,-0.108917,6.229332,126|127,0.5586
6918.550361,-0.424514,-23.370737,-0.019814,19.138271,-0.020550,-0.011689,-6.228369,-0.108941,6.229322,126|127,0.5587
6918.567027,-0.424420,-23.370653,-0.019643,19.138271,-0.020550,-0.011689,-6.228415,-0.108890,6.229367,126|127,0.5587
6918.583694,-0.424390,-23.370631,-0.019671,19.138271,-0.020550,-0.011689,-6.228428,-0.108874,6.229379,126|127,0.5587
6918.600361,-0.424391,-23.370631,-0.019672,19.138271,-0.020549,-0.011689,-6.228427,-0.108875,6.229379,126|127,0.5586
6918.617028,-0.424368,-23.370627,-0.019597,19.138271,-0.020549,-0.011689,-6.228430,-0.108863,6.229381,126|127,0.5586
6918.633694,-0.424462,-23.370690,-0.019769,19.138271,-0.020549,-0.011689,-6.228395,-0.108913,6.229347,126|127,0.5584
6918.650361,-0.424462,-23.370690,-0.019768,19.138271,-0.020549,-0.011689,-6.228395,-0.108914,6.229348,126|127,0.5586
6918.667028,-0.424439,-23.370546,-0.019754,19.138271,-0.020549,-0.011689,-6.228474,-0.108901,6.229426,126|127,0.5587
6918.683694,-0.424402,-23.370500,-0.019646,19.138271,-0.020549,-0.011688,-6.228499,-0.108881,6.229450,126|127,0.5586
6918.700361,-0.424451,-23.370529,-0.019798,19.138271,-0.020549,-0.011688,-6.228483,-0.108908,6.229435,126|127,0.5586
6918.717028,-0.424457,-23.370577,-0.019864,19.138271,-0.020549,-0.011689,-6.228457,-0.108911,6.229409,126|127,0.5587
6918.750361,-0.424556,-23.370597,-0.020002,19.138271,-0.020548,-0.011689,-6.228446,-0.108965,6.229399,126|127,0.5586
6918.767028,-0.424555,-23.370596,-0.020001,19.138269,-0.020548,-0.011689,-6.228444,-0.108965,6.229397,126|127,0.5586
6918.800361,-0.424517,-23.370581,-0.019995,19.138269,-0.020548,-0.011689,-6.228452,-0.108945,6.229405,126|127,0.5586
6918.817028,-0.424477,-23.370530,-0.019905,19.138269,-0.020548,-0.011689,-6.228481,-0.108923,6.229433,126|127,0.5588
6918.833694,-0.424477,-23.370530,-0.019905,19.138269,-0.020548,-0.011689,-6.228481,-0.108923,6.229433,126|127,0.5586
6918.850361,-0.424460,-23.370574,-0.019968,19.138269,-0.020548,-0.011689,-6.228457,-0.108914,6.229409,126|127,0.5587
6918.867028,-0.424460,-23.370574,-0.019968,19.138269,-0.020547,-0.011688,-6.228456,-0.108915,6.229409,126|127,0.5587
6918.883694,-0.424563,-23.370613,-0.020112,19.138269,-0.020547,-0.011689,-6.228435,-0.108970,6.229389,126|127,0.5585
6918.900361,-0.424559,-23.370661,-0.020129,19.138269,-0.020547,-0.011689,-6.228409,-0.108968,6.229362,126|127,0.5585
6918.917028,-0.424544,-23.370565,-0.020130,19.138269,-0.020547,-0.011689,-6.228461,-0.108960,6.229414,126|127,0.5587
6918.933694,-0.424529,-23.370542,-0.020092,19.138269,-0.020547,-0.011689,-6.228474,-0.108952,6.229427,126|127,0.5586
6918.950361,-0.424559,-23.370481,-0.020132,19.138269,-0.020547,-0.011689,-6.228507,-0.108969,6.229460,126|127,0.5588
6918.967028,-0.424530,-23.370464,-0.020115,19.138269,-0.020547,-0.011689,-6.228516,-0.108953,6.229469,126|127,0.5589
6919.017028,-0.424560,-23.370543,-0.020174,19.138269,-0.020546,-0.011689,-6.228473,-0.108970,6.229426,126|127,0.5587
6919.033694,-0.424605,-23.370540,-0.020275,19.138269,-0.020546,-0.011688,-6.228475,-0.108995,6.229428,126|127,0.5587
6919.067028,-0.424585,-23.370576,-0.020251,19.138269,-0.020546,-0.011689,-6.228455,-0.108984,6.229409,126|127,0.5588
6919.083694,-0.424512,-23.370518,-0.020111,19.138269,-0.020545,-0.011689,-6.228487,-0.108944,6.229440,126|127,0.5589
6919.100361,-0.424512,-23.370518,-0.020111,19.138269,-0.020545,-0.011689,-6.228487,-0.108944,6.229440,126|127,0.5588
6919.117028,-0.424416,-23.370589,-0.019968,19.138269,-0.020545,-0.011689,-6.228448,-0.108892,6.229400,126|127,0.5588
6919.133694,-0.424416,-23.370589,-0.019968,19.138267,-0.020545,-0.011689,-6.228446,-0.108893,6.229398,126|127,0.5586
6919.150361,-0.424473,-23.370584,-0.020040,19.138267,-0.020545,-0.011689,-6.228449,-0.108923,6.229401,126|127,0.5587
6919.167028,-0.424441,-23.370653,-0.020000,19.138267,-0.020545,-0.011689,-6.228411,-0.108906,6.229363,126|127,0.5585
6919.183694,-0.424389,-23.370584,-0.019913,19.138267,-0.020545,-0.011689,-6.228449,-0.108879,6.229401,126|127,0.5586
6919.200361,-0.424377,-23.370582,-0.019872,19.138267,-0.020545,-0.011689,-6.228450,-0.108872,6.229402,126|127,0.5587
6919.217028,-0.424377,-23.370582,-0.019873,19.138267,-0.020544,-0.011688,-6.228450,-0.108872,6.229402,126|127,0.5586
6919.233694,-0.424415,-23.370496,-0.019952,19.138267,-0.020544,-0.011688,-6.228497,-0.108893,6.229449,126|127,0.5587
6919.250361,-0.424376,-23.370515,-0.019890,19.138267,-0.020544,-0.011689,-6.228486,-0.108871,6.229438,126|127,0.5588
6919.267028,-0.424410,-23.370540,-0.019948,19.138267,-0.020544,-0.011688,-6.228473,-0.108890,6.229425,126|127,0.5587
6919.300361,-0.424543,-23.370507,-0.020226,19.138267,-0.020544,-0.011689,-6.228491,-0.108962,6.229444,126|127,0.5587
6919.317028,-0.424543,-23.370507,-0.020226,19.138267,-0.020544,-0.011689,-6.228491,-0.108963,6.229444,126|127,0.5587
6919.333694,-0.424581,-23.370512,-0.020308,19.138267,-0.020544,-0.011689,-6.228488,-0.108984,6.229442,126|127,0.5588
6919.350361,-0.424517,-23.370498,-0.020179,19.138267,-0.020544,-0.011689,-6.228496,-0.108949,6.229449,126|127,0.5589
6919.367028,-0.424531,-23.370513,-0.020216,19.138267,-0.020544,-0.011688,-6.228488,-0.108957,6.229440,126|127,0.5588
6919.383694,-0.424531,-23.370513,-0.020216,19.138267,-0.020543,-0.011689,-6.228488,-0.108957,6.229441,126|127,0.5588
6919.400361,-0.424533,-23.370515,-0.020248,19.138267,-0.020543,-0.011689,-6.228487,-0.108958,6.229440,126|127,0.5588
6919.417028,-0.424531,-23.370536,-0.020221,19.138267,-0.020543,-0.011689,-6.228475,-0.108957,6.229428,126|127,0.5587
6919.433694,-0.424529,-23.370551,-0.020226,19.138267,-0.020543,-0.011689,-6.228467,-0.108956,6.229420,126|127,0.5587
6919.450361,-0.424529,-23.370551,-0.020226,19.138267,-0.020543,-0.011689,-6.228467,-0.108956,6.229420,126|127,0.5589
6919.467028,-0.424474,-23.370543,-0.020096,19.138267,-0.020543,-0.011689,-6.228471,-0.108926,6.229424,126|127,0.5588
6919.517028,-0.424447,-23.370550,-0.020080,19.138267,-0.020542,-0.011689,-6.228467,-0.108913,6.229420,126|127,0.5587
6919.550361,-0.424507,-23.370512,-0.020186,19.138265,-0.020542,-0.011689,-6.228486,-0.108945,6.229439,126|127,0.5589
6919.567028,-0.424507,-23.370512,-0.020186,19.138265,-0.020542,-0.011688,-6.228487,-0.108945,6.229439,126|127,0.5587
6919.583694,-0.424515,-23.370550,-0.020215,19.138265,-0.020542,-0.011688,-6.228466,-0.108950,6.229418,126|127,0.5588
6919.600361,-0.424513,-23.370543,-0.020228,19.138265,-0.020542,-0.011689,-6.228469,-0.108949,6.229422,126|127,0.5589
6919.633694,-0.424437,-23.370511,-0.020100,19.138265,-0.020541,-0.011689,-6.228487,-0.108908,6.229439,126|127,0.5589
6919.650361,-0.424431,-23.370544,-0.020106,19.138265,-0.020541,-0.011689,-6.228469,-0.108905,6.229421,126|127,0.5589
6919.667028,-0.424417,-23.370528,-0.020076,19.138265,-0.020541,-0.011688,-6.228477,-0.108898,6.229429,126|127,0.5588
6919.683694,-0.424489,-23.370512,-0.020190,19.138265,-0.020541,-0.011689,-6.228486,-0.108937,6.229439,126|127,0.5589
6919.700361,-0.424481,-23.370571,-0.020195,19.138265,-0.020541,-0.011689,-6.228454,-0.108932,6.229407,126|127,0.5588
6919.717028,-0.424448,-23.370535,-0.020135,19.138265,-0.020541,-0.011689,-6.228474,-0.108915,6.229426,126|127,0.5588
6919.733694,-0.424448,-23.370535,-0.020135,19.138265,-0.020540,-0.011689,-6.228474,-0.108915,6.229426,126|127,0.5589
6919.750361,-0.424432,-23.370519,-0.020091,19.138265,-0.020540,-0.011688,-6.228482,-0.108906,6.229434,126|127,0.5588
6919.767028,-0.424478,-23.370508,-0.020202,19.138265,-0.020540,-0.011688,-6.228489,-0.108931,6.229441,126|127,0.5589
6919.783694,-0.424478,-23.370507,-0.020202,19.138265,-0.020540,-0.011688,-6.228489,-0.108931,6.229441,126|127,0.5588
6919.800361,-0.424464,-23.370540,-0.020211,19.138265,-0.020540,-0.011688,-6.228471,-0.108924,6.229424,126|127,0.5588
6919.817028,-0.424469,-23.370512,-0.020199,19.138265,-0.020540,-0.011689,-6.228486,-0.108927,6.229439,126|127,0.5589
6919.833694,-0.424484,-23.370536,-0.020251,19.138265,-0.020540,-0.011689,-6.228473,-0.108935,6.229426,126|127,0.5589
6919.850361,-0.424447,-23.370543,-0.020194,19.138265,-0.020540,-0.011689,-6.228469,-0.108915,6.229422,126|127,0.5588
6919.867028,-0.424449,-23.370539,-0.020199,19.138265,-0.020540,-0.011688,-6.228472,-0.108916,6.229424,126|127,0.5589
6919.883694,-0.424392,-23.370528,-0.020085,19.138265,-0.020539,-0.011688,-6.228478,-0.108885,6.229430,126|127,0.5589
6919.900361,-0.424376,-23.370563,-0.020045,19.138265,-0.020539,-0.011689,-6.228459,-0.108877,6.229410,126|127,0.5588
6919.917028,-0.424365,-23.370573,-0.020060,19.138265,-0.020539,-0.011689,-6.228453,-0.108871,6.229404,126|127,0.5588
6919.933694,-0.424366,-23.370573,-0.020061,19.138265,-0.020539,-0.011689,-6.228453,-0.108871,6.229404,126|127,0.5588
6919.950361,-0.424331,-23.370574,-0.019988,19.138263,-0.020539,-0.011688,-6.228451,-0.108852,6.229402,126|127,0.5587
6919.967028,-0.424375,-23.370602,-0.020067,19.138263,-0.020539,-0.011689,-6.228436,-0.108876,6.229387,126|127,0.5587
6919.983694,-0.424347,-23.370598,-0.020023,19.138263,-0.020539,-0.011688,-6.228438,-0.108861,6.229389,126|127,0.5588
6920.000361,-0.424347,-23.370598,-0.020024,19.138263,-0.020539,-0.011688,-6.228438,-0.108861,6.229389,126|127,0.5587
6920.033694,-0.424370,-23.370585,-0.020079,19.138263,-0.020539,-0.011688,-6.228445,-0.108874,6.229396,126|127,0.5589
6920.050361,-0.424336,-23.370608,-0.020026,19.138263,-0.020538,-0.011689,-6.228432,-0.108856,6.229383,126|127,0.5587
6920.067028,-0.424345,-23.370571,-0.020048,19.138263,-0.020538,-0.011689,-6.228453,-0.108861,6.229404,126|127,0.5589
6920.083694,-0.424345,-23.370571,-0.020026,19.138263,-0.020538,-0.011689,-6.228453,-0.108860,6.229404,126|127,0.5589
6920.100361,-0.424366,-23.370597,-0.020076,19.138263,-0.020538,-0.011688,-6.228438,-0.108872,6.229390,126|127,0.5588
6920.117028,-0.424356,-23.370584,-0.020068,19.138263,-0.020538,-0.011689,-6.228446,-0.108867,6.229397,126|127,0.5588
6920.133694,-0.424340,-23.370632,-0.020015,19.138263,-0.020538,-0.011689,-6.228419,-0.108859,6.229371,126|127,0.5589
6920.150361,-0.424340,-23.370632,-0.020015,19.138263,-0.020538,-0.011689,-6.228419,-0.108859,6.229371,126|127,0.5589
6920.167028,-0.424295,-23.370620,-0.019935,19.138263,-0.020538,-0.011688,-6.228426,-0.108834,6.229377,126|127,0.5589
6920.183694,-0.424303,-23.370670,-0.019984,19.138263,-0.020538,-0.011689,-6.228399,-0.108839,6.229350,126|127,0.5589
6920.200361,-0.424304,-23.370670,-0.019984,19.138263,-0.020538,-0.011689,-6.228399,-0.108839,6.229350,126|127,0.5588
6920.217028,-0.424338,-23.370663,-0.020037,19.138263,-0.020537,-0.011689,-6.228403,-0.108858,6.229354,126|127,0.5588
6920.233694,-0.424439,-23.370685,-0.020215,19.138263,-0.020537,-0.011689,-6.228390,-0.108913,6.229343,126|127,0.5587
6920.250361,-0.424384,-23.370614,-0.020118,19.138263,-0.020537,-0.011689,-6.228429,-0.108883,6.229381,126|127,0.5588
6920.267028,-0.424375,-23.370637,-0.020093,19.138263,-0.020537,-0.011689,-6.228416,-0.108879,6.229368,126|127,0.5589
6920.283694,-0.424375,-23.370638,-0.020093,19.138263,-0.020537,-0.011688,-6.228416,-0.108879,6.229368,126|127,0.5588
6920.300361,-0.424385,-23.370607,-0.020097,19.138263,-0.020537,-0.011688,-6.228433,-0.108884,6.229385,126|127,0.5588
6920.317028,-0.424411,-23.370612,-0.020157,19.138263,-0.020537,-0.011689,-6.228430,-0.108898,6.229382,126|127,0.5588
6920.333694,-0.424405,-23.370643,-0.020159,19.138263,-0.020536,-0.011688,-6.228413,-0.108895,6.229365,126|127,0.5588
6920.350361,-0.424425,-23.370617,-0.020190,19.138263,-0.020536,-0.011688,-6.228427,-0.108906,6.229379,126|127,0.5589
6920.367028,-0.424405,-23.370670,-0.020172,19.138263,-0.020536,-0.011688,-6.228399,-0.108896,6.229351,126|127,0.5588
6920.383694,-0.424349,-23.370643,-0.020047,19.138263,-0.020536,-0.011688,-6.228413,-0.108865,6.229364,126|127,0.5588
6920.400361,-0.424307,-23.370661,-0.019963,19.138263,-0.020536,-0.011689,-6.228404,-0.108842,6.229355,126|127,0.5588
6920.417028,-0.424231,-23.370633,-0.019804,19.138263,-0.020536,-0.011689,-6.228419,-0.108801,6.229369,126|127,0.5589
6920.433694,-0.424231,-23.370633,-0.019804,19.138262,-0.020536,-0.011689,-6.228417,-0.108801,6.229367,126|127,0.5588
6920.450361,-0.424214,-23.370648,-0.019788,19.138260,-0.020536,-0.011689,-6.228407,-0.108792,6.229357,126|127,0.5588
6920.467028,-0.424214,-23.370611,-0.019773,19.138260,-0.020536,-0.011689,-6.228427,-0.108793,6.229377,126|127,0.5589
6920.500361,-0.424259,-23.370670,-0.019891,19.138260,-0.020535,-0.011689,-6.228395,-0.108817,6.229346,126|127,0.5587
6920.517028,-0.424235,-23.370635,-0.019850,19.138260,-0.020535,-0.011688,-6.228414,-0.108805,6.229364,126|127,0.5588
6920.533694,-0.424267,-23.370651,-0.019914,19.138258,-0.020534,-0.011689,-6.228403,-0.108822,6.229354,126|127,0.5587
6920.550361,-0.424209,-23.370617,-0.019805,19.138258,-0.020534,-0.011689,-6.228422,-0.108791,6.229372,126|127,0.5589
6920.567028,-0.424196,-23.370654,-0.019801,19.138258,-0.020534,-0.011689,-6.228401,-0.108784,6.229351,126|127,0.5588
6920.600361,-0.424196,-23.370654,-0.019801,19.138260,-0.020534,-0.011688,-6.228403,-0.108785,6.229353,126|127,0.5587
6920.617028,-0.424168,-23.370703,-0.019754,19.138256,-0.020533,-0.011689,-6.228373,-0.108770,6.229323,126|127,0.5587
6920.650361,-0.424167,-23.370703,-0.019754,19.138258,-0.020532,-0.011689,-6.228375,-0.108770,6.229325,126|127,0.5586
6920.667028,-0.424132,-23.370741,-0.019723,19.138258,-0.020532,-0.011689,-6.228355,-0.108751,6.229304,126|127,0.5586
6920.683694,-0.424084,-23.370733,-0.019620,19.138256,-0.020532,-0.011689,-6.228357,-0.108725,6.229306,126|127,0.5587
6920.700361,-0.424103,-23.370733,-0.019662,19.138260,-0.020532,-0.011688,-6.228361,-0.108736,6.229310,126|127,0.5587
6920.717028,-0.424099,-23.370810,-0.019687,19.138256,-0.020532,-0.011689,-6.228315,-0.108734,6.229264,126|127,0.5586
6920.733694,-0.424100,-23.370810,-0.019688,19.138260,-0.020532,-0.011688,-6.228319,-0.108734,6.229268,126|127,0.5584
6920.767028,-0.424277,-23.370949,-0.019979,19.138260,-0.020531,-0.011688,-6.228243,-0.108831,6.229194,126|127,0.5581
6920.800361,-0.424187,-23.370793,-0.019793,19.138258,-0.020530,-0.011689,-6.228326,-0.108783,6.229276,126|127,0.5584
6920.817028,-0.424170,-23.370653,-0.019725,19.138256,-0.020530,-0.011688,-6.228400,-0.108774,6.229350,126|127,0.5585
6920.833694,-0.424099,-23.370811,-0.019591,19.138258,-0.020530,-0.011688,-6.228316,-0.108735,6.229265,126|127,0.5584
6920.850361,-0.424025,-23.370837,-0.019485,19.138256,-0.020530,-0.011687,-6.228300,-0.108695,6.229249,126|127,0.5585
6920.867028,-0.424019,-23.370873,-0.019428,19.138256,-0.020530,-0.011687,-6.228281,-0.108692,6.229229,126|127,0.5583
6920.883694,-0.424152,-23.370816,-0.019659,19.138256,-0.020530,-0.011688,-6.228311,-0.108765,6.229261,126|127,0.5585
6920.900361,-0.424140,-23.371058,-0.019659,19.138258,-0.020529,-0.011689,-6.228182,-0.108758,6.229132,126|127,0.5581
6920.917028,-0.424089,-23.371037,-0.019607,19.138256,-0.020529,-0.011688,-6.228191,-0.108731,6.229140,126|127,0.5579
6920.933694,-0.424089,-23.371037,-0.019606,19.138256,-0.020529,-0.011688,-6.228191,-0.108731,6.229141,126|127,0.5581
6920.950361,-0.424250,-23.370757,-0.019841,19.138256,-0.020529,-0.011689,-6.228344,-0.108818,6.229294,126|127,0.5586
6920.967028,-0.424159,-23.370840,-0.019724,19.138258,-0.020529,-0.011688,-6.228301,-0.108769,6.229250,126|127,0.5582
6920.983694,-0.424158,-23.370840,-0.019723,19.138256,-0.020529,-0.011688,-6.228299,-0.108769,6.229248,126|127,0.5583
6921.000361,-0.424095,-23.370959,-0.019650,19.138258,-0.020528,-0.011688,-6.228236,-0.108735,6.229185,126|127,0.5586
6921.017028,-0.424269,-23.370887,-0.019930,19.138258,-0.020528,-0.011688,-6.228275,-0.108829,6.229226,126|127,0.5584
6921.067028,-0.424147,-23.370882,-0.019714,19.138256,-0.020528,-0.011688,-6.228276,-0.108763,6.229225,126|127,0.5583
6921.083694,-0.424146,-23.370882,-0.019712,19.138256,-0.020528,-0.011688,-6.228276,-0.108763,6.229226,126|127,0.5590
6921.117028,-0.424280,-23.370655,-0.019981,19.138256,-0.020527,-0.011688,-6.228399,-0.108836,6.229350,126|127,0.5583
6921.167028,-0.424139,-23.371073,-0.019752,19.138256,-0.020527,-0.011688,-6.228172,-0.108760,6.229121,126|127,0.5582
6921.183694,-0.424139,-23.371073,-0.019752,19.138256,-0.020527,-0.011688,-6.228172,-0.108760,6.229121,126|127,0.5583
6921.200361,-0.424015,-23.371143,-0.019452,19.138256,-0.020527,-0.011688,-6.228134,-0.108693,6.229082,126|127,0.5584
6921.233694,-0.424015,-23.371143,-0.019452,19.138256,-0.020526,-0.011688,-6.228134,-0.108693,6.229082,126|127,0.5588
6921.250361,-0.424134,-23.370890,-0.019797,19.138256,-0.020526,-0.011688,-6.228271,-0.108758,6.229221,126|127,0.5586
6921.267028,-0.424165,-23.370815,-0.019834,19.138256,-0.020526,-0.011688,-6.228312,-0.108775,6.229262,126|127,0.5583
6921.283694,-0.424310,-23.370777,-0.020103,19.138254,-0.020526,-0.011688,-6.228331,-0.108854,6.229282,126|127,0.5587
6921.300361,-0.424293,-23.370959,-0.020103,19.138254,-0.020526,-0.011688,-6.228232,-0.108845,6.229183,126|127,0.5582
6921.317028,-0.424292,-23.370959,-0.020101,19.138256,-0.020526,-0.011687,-6.228234,-0.108844,6.229185,126|127,0.5588
6921.333694,-0.424194,-23.370636,-0.019884,19.138256,-0.020526,-0.011687,-6.228409,-0.108791,6.229359,126|127,0.5590
6921.350361,-0.424195,-23.370499,-0.019873,19.138256,-0.020526,-0.011688,-6.228484,-0.108792,6.229434,126|127,0.5589
6921.367028,-0.424161,-23.370665,-0.019854,19.138256,-0.020526,-0.011688,-6.228394,-0.108773,6.229343,126|127,0.5589
6921.383694,-0.424109,-23.370745,-0.019798,19.138256,-0.020526,-0.011688,-6.228351,-0.108745,6.229300,126|127,0.5588
6921.400361,-0.424168,-23.370701,-0.019902,19.138256,-0.020525,-0.011688,-6.228374,-0.108778,6.229324,126|127,0.5587
6921.417028,-0.424241,-23.370672,-0.020024,19.138256,-0.020526,-0.011688,-6.228390,-0.108817,6.229341,126|127,0.5589
6921.433694,-0.424190,-23.370877,-0.019954,19.138256,-0.020525,-0.011688,-6.228278,-0.108790,6.229228,126|127,0.5586
6921.450361,-0.424114,-23.370852,-0.019872,19.138256,-0.020525,-0.011688,-6.228292,-0.108749,6.229241,126|127,0.5584
6921.467028,-0.424140,-23.370841,-0.019865,19.138256,-0.020525,-0.011688,-6.228298,-0.108762,6.229248,126|127,0.5585
6921.483694,-0.424109,-23.370708,-0.019799,19.138256,-0.020525,-0.011688,-6.228371,-0.108746,6.229320,126|127,0.5588
6921.500361,-0.424088,-23.370802,-0.019795,19.138256,-0.020525,-0.011688,-6.228319,-0.108734,6.229268,126|127,0.5584
6921.517028,-0.424131,-23.370861,-0.019928,19.138254,-0.020525,-0.011687,-6.228286,-0.108758,6.229235,126|127,0.5584
6921.550361,-0.424132,-23.370861,-0.019929,19.138254,-0.020524,-0.011688,-6.228285,-0.108759,6.229235,126|127,0.5585
6921.567028,-0.424241,-23.370930,-0.020108,19.138256,-0.020524,-0.011688,-6.228250,-0.108818,6.229200,126|127,0.5583
6921.583694,-0.424241,-23.370930,-0.020106,19.138256,-0.020524,-0.011689,-6.228250,-0.108818,6.229200,126|127,0.5587
6921.600361,-0.424213,-23.370756,-0.020017,19.138256,-0.020524,-0.011688,-6.228344,-0.108803,6.229294,126|127,0.5585
6921.617028,-0.424213,-23.370756,-0.020016,19.138256,-0.020524,-0.011688,-6.228344,-0.108803,6.229294,126|127,0.5590
6921.633694,-0.424232,-23.370594,-0.020019,19.138254,-0.020524,-0.011689,-6.228431,-0.108813,6.229381,126|127,0.5588
6921.667028,-0.424203,-23.370742,-0.019999,19.138256,-0.020524,-0.011689,-6.228352,-0.108798,6.229302,126|127,0.5586
6921.683694,-0.424249,-23.370672,-0.020074,19.138256,-0.020524,-0.011689,-6.228390,-0.108823,6.229341,126|127,0.5587
6921.733694,-0.424330,-23.370927,-0.020299,19.138256,-0.020524,-0.011689,-6.228252,-0.108866,6.229203,126|127,0.5585
6921.750361,-0.424421,-23.370589,-0.020536,19.138256,-0.020524,-0.011689,-6.228435,-0.108916,6.229387,126|127,0.5587
6921.767028,-0.424421,-23.370589,-0.020535,19.138256,-0.020524,-0.011689,-6.228435,-0.108916,6.229387,126|127,0.5587
6921.783694,-0.424343,-23.370739,-0.020395,19.138256,-0.020524,-0.011689,-6.228354,-0.108874,6.229305,126|127,0.5585
6921.800361,-0.424361,-23.370630,-0.020366,19.138256,-0.020524,-0.011689,-6.228413,-0.108884,6.229364,126|127,0.5582
6921.817028,-0.424361,-23.370630,-0.020366,19.138254,-0.020524,-0.011689,-6.228411,-0.108883,6.229362,126|127,0.5586
6921.833694,-0.424555,-23.370814,-0.020768,19.138254,-0.020524,-0.011689,-6.228311,-0.108989,6.229264,126|127,0.5581
6921.850361,-0.424593,-23.370534,-0.020923,19.138256,-0.020524,-0.011689,-6.228465,-0.109009,6.229419,126|127,0.5586
6921.867028,-0.424441,-23.370596,-0.020518,19.138256,-0.020524,-0.011689,-6.228431,-0.108927,6.229384,126|127,0.5588
6921.883694,-0.424319,-23.370416,-0.020207,19.138256,-0.020524,-0.011689,-6.228529,-0.108861,6.229480,126|127,0.5588
6921.900361,-0.424332,-23.370557,-0.020288,19.138256,-0.020524,-0.011689,-6.228453,-0.108868,6.229404,126|127,0.5589
6921.917028,-0.424277,-23.370631,-0.020229,19.138256,-0.020524,-0.011689,-6.228412,-0.108838,6.229363,126|127,0.5589
6921.950361,-0.424308,-23.370558,-0.020235,19.138254,-0.020524,-0.011689,-6.228450,-0.108855,6.229401,126|127,0.5590
6921.967028,-0.424321,-23.370753,-0.020273,19.138256,-0.020524,-0.011689,-6.228346,-0.108862,6.229297,126|127,0.5586
6921.983694,-0.424325,-23.370651,-0.020333,19.138256,-0.020524,-0.011689,-6.228401,-0.108864,6.229352,126|127,0.5585
6922.000361,-0.424402,-23.370685,-0.020393,19.138256,-0.020524,-0.011689,-6.228383,-0.108906,6.229335,126|127,0.5586
6922.017028,-0.424344,-23.370548,-0.020248,19.138254,-0.020524,-0.011689,-6.228456,-0.108874,6.229407,126|127,0.5589
6922.050361,-0.424263,-23.370794,-0.020171,19.138254,-0.020524,-0.011690,-6.228322,-0.108830,6.229273,126|127,0.5584
6922.067028,-0.424264,-23.370794,-0.020174,19.138256,-0.020524,-0.011690,-6.228324,-0.108831,6.229274,126|127,0.5587
6922.083694,-0.424401,-23.370705,-0.020357,19.138256,-0.020524,-0.011690,-6.228372,-0.108905,6.229324,126|127,0.5585
6922.117028,-0.424326,-23.370675,-0.020330,19.138256,-0.020524,-0.011690,-6.228388,-0.108865,6.229339,126|127,0.5586
6922.133694,-0.424268,-23.370710,-0.020055,19.138254,-0.020524,-0.011690,-6.228367,-0.108833,6.229318,126|127,0.5585
6922.150361,-0.424288,-23.370513,-0.020084,19.138252,-0.020524,-0.011690,-6.228472,-0.108844,6.229423,126|127,0.5590
6922.167028,-0.424158,-23.370739,-0.019845,19.138252,-0.020524,-0.011690,-6.228350,-0.108774,6.229300,126|127,0.5588
6922.183694,-0.424157,-23.370739,-0.019843,19.138252,-0.020524,-0.011690,-6.228350,-0.108773,6.229300,126|127,0.5583
6922.200361,-0.424145,-23.370844,-0.019875,19.138252,-0.020524,-0.011690,-6.228293,-0.108767,6.229242,126|127,0.5586
6922.217028,-0.424071,-23.370620,-0.019654,19.138254,-0.020524,-0.011690,-6.228416,-0.108727,6.229365,126|127,0.5588
6922.233694,-0.424071,-23.370620,-0.019652,19.138254,-0.020523,-0.011690,-6.228416,-0.108726,6.229365,126|127,0.5583
6922.250361,-0.424165,-23.370797,-0.019938,19.138254,-0.020523,-0.011690,-6.228320,-0.108778,6.229270,126|127,0.5583
6922.267028,-0.424184,-23.370777,-0.019944,19.138254,-0.020523,-0.011690,-6.228331,-0.108788,6.229281,126|127,0.5585
6922.283694,-0.424309,-23.370394,-0.020242,19.138254,-0.020523,-0.011690,-6.228539,-0.108856,6.229490,126|127,0.5588
6922.300361,-0.424233,-23.370373,-0.020070,19.138252,-0.020523,-0.011690,-6.228549,-0.108815,6.229499,126|127,0.5589
6922.317028,-0.424232,-23.370373,-0.020070,19.138252,-0.020523,-0.011690,-6.228549,-0.108815,6.229499,126|127,0.5586
6922.333694,-0.424179,-23.370547,-0.019935,19.138254,-0.020523,-0.011690,-6.228456,-0.108786,6.229406,126|127,0.5583
6922.350361,-0.424359,-23.370529,-0.020264,19.138254,-0.020523,-0.011690,-6.228466,-0.108884,6.229417,126|127,0.5586
6922.367028,-0.424378,-23.370717,-0.020361,19.138254,-0.020523,-0.011690,-6.228363,-0.108894,6.229315,126|127,0.5579
6922.383694,-0.424491,-23.370326,-0.020650,19.138254,-0.020523,-0.011690,-6.228576,-0.108956,6.229529,126|127,0.5586
6922.400361,-0.424248,-23.370406,-0.020019,19.138254,-0.020523,-0.011690,-6.228533,-0.108824,6.229483,126|127,0.5587
6922.417028,-0.424248,-23.370406,-0.020018,19.138254,-0.020523,-0.011690,-6.228533,-0.108824,6.229483,126|127,0.5587
6922.450361,-0.424093,-23.370665,-0.019756,19.138254,-0.020522,-0.011690,-6.228392,-0.108740,6.229341,126|127,0.5586
6922.467028,-0.424093,-23.370665,-0.019755,19.138254,-0.020523,-0.011690,-6.228392,-0.108740,6.229341,126|127,0.5583
6922.483694,-0.424110,-23.370663,-0.019745,19.138252,-0.020523,-0.011691,-6.228391,-0.108749,6.229340,126|127,0.5585
6922.500361,-0.424157,-23.370873,-0.019841,19.138252,-0.020523,-0.011691,-6.228277,-0.108775,6.229227,126|127,0.5581
6922.517028,-0.424162,-23.370721,-0.019902,19.138254,-0.020522,-0.011690,-6.228361,-0.108777,6.229311,126|127,0.5579
6922.533694,-0.424281,-23.370698,-0.020097,19.138252,-0.020522,-0.011690,-6.228372,-0.108842,6.229323,126|127,0.5582
6922.550361,-0.424257,-23.370528,-0.020066,19.138254,-0.020522,-0.011691,-6.228466,-0.108829,6.229417,126|127,0.5586
6922.567028,-0.424154,-23.370674,-0.019865,19.138254,-0.020522,-0.011691,-6.228387,-0.108773,6.229337,126|127,0.5581
6922.583694,-0.424152,-23.370814,-0.019943,19.138254,-0.020522,-0.011691,-6.228311,-0.108772,6.229261,126|127,0.5581
6922.600361,-0.424110,-23.370702,-0.019817,19.138252,-0.020522,-0.011690,-6.228370,-0.108749,6.229319,126|127,0.5585
6922.617028,-0.424110,-23.370702,-0.019815,19.138254,-0.020522,-0.011691,-6.228372,-0.108749,6.229321,126|127,0.5583
6922.633694,-0.424216,-23.370900,-0.020053,19.138252,-0.020522,-0.011690,-6.228262,-0.108807,6.229213,126|127,0.5581
6922.650361,-0.424215,-23.370900,-0.020052,19.138252,-0.020522,-0.011691,-6.228262,-0.108807,6.229213,126|127,0.5586
6922.667028,-0.424071,-23.370549,-0.019714,19.138254,-0.020522,-0.011691,-6.228455,-0.108728,6.229404,126|127,0.5585
6922.683694,-0.424116,-23.370373,-0.019782,19.138254,-0.020522,-0.011691,-6.228551,-0.108753,6.229500,126|127,0.5592
6922.700361,-0.424117,-23.370373,-0.019784,19.138254,-0.020522,-0.011690,-6.228551,-0.108753,6.229500,126|127,0.5590
6922.717028,-0.424114,-23.370817,-0.019891,19.138254,-0.020522,-0.011690,-6.228309,-0.108752,6.229259,126|127,0.5582
6922.733694,-0.424073,-23.370742,-0.019789,19.138254,-0.020521,-0.011691,-6.228350,-0.108730,6.229299,126|127,0.5585
6922.750361,-0.424074,-23.370742,-0.019790,19.138252,-0.020521,-0.011690,-6.228348,-0.108730,6.229297,126|127,0.5587
6922.767028,-0.424131,-23.370804,-0.019917,19.138254,-0.020521,-0.011691,-6.228317,-0.108761,6.229266,126|127,0.5582
6922.783694,-0.424046,-23.370908,-0.019792,19.138252,-0.020521,-0.011690,-6.228258,-0.108715,6.229207,126|127,0.5584
6922.800361,-0.424042,-23.370888,-0.019744,19.138252,-0.020521,-0.011690,-6.228269,-0.108713,6.229218,126|127,0.5586
6922.817028,-0.424127,-23.370335,-0.019962,19.138254,-0.020521,-0.011690,-6.228571,-0.108760,6.229521,126|127,0.5591
6922.833694,-0.424155,-23.370403,-0.020000,19.138254,-0.020521,-0.011690,-6.228534,-0.108775,6.229484,126|127,0.5589
6922.867028,-0.424155,-23.370403,-0.020001,19.138254,-0.020521,-0.011691,-6.228534,-0.108775,6.229484,126|127,0.5584
6922.883694,-0.424328,-23.370531,-0.020284,19.138250,-0.020521,-0.011690,-6.228461,-0.108869,6.229412,126|127,0.5587
6922.900361,-0.424360,-23.370778,-0.020381,19.138252,-0.020521,-0.011690,-6.228329,-0.108886,6.229280,126|127,0.5581
6922.933694,-0.424360,-23.370778,-0.020380,19.138252,-0.020521,-0.011691,-6.228329,-0.108886,6.229280,126|127,0.5588
6922.950361,-0.424158,-23.370469,-0.019971,19.138252,-0.020521,-0.011691,-6.228496,-0.108776,6.229446,126|127,0.5587
6922.967028,-0.424145,-23.370567,-0.019936,19.138252,-0.020521,-0.011691,-6.228443,-0.108770,6.229393,126|127,0.5587
6922.983694,-0.424146,-23.370567,-0.019937,19.138252,-0.020521,-0.011691,-6.228443,-0.108770,6.229393,126|127,0.5587
6923.000361,-0.424014,-23.370718,-0.019709,19.138252,-0.020521,-0.011690,-6.228361,-0.108698,6.229310,126|127,0.5585
6923.017028,-0.424077,-23.370623,-0.019798,19.138252,-0.020521,-0.011690,-6.228413,-0.108732,6.229362,126|127,0.5588
6923.033694,-0.424064,-23.370939,-0.019776,19.138252,-0.020521,-0.011691,-6.228241,-0.108726,6.229190,126|127,0.5583
6923.050361,-0.424026,-23.370836,-0.019773,19.138252,-0.020521,-0.011690,-6.228297,-0.108705,6.229246,126|127,0.5581
6923.067028,-0.424125,-23.370760,-0.019872,19.138252,-0.020521,-0.011690,-6.228339,-0.108759,6.229288,126|127,0.5584
6923.083694,-0.424154,-23.370533,-0.019955,19.138250,-0.020521,-0.011690,-6.228460,-0.108775,6.229410,126|127,0.5588
6923.100361,-0.424142,-23.370694,-0.019960,19.138252,-0.020521,-0.011691,-6.228374,-0.108768,6.229324,126|127,0.5582
6923.117028,-0.424222,-23.370845,-0.020209,19.138252,-0.020521,-0.011691,-6.228292,-0.108812,6.229242,126|127,0.5582
6923.133694,-0.424203,-23.370770,-0.020129,19.138250,-0.020521,-0.011691,-6.228331,-0.108801,6.229281,126|127,0.5585
6923.150361,-0.424334,-23.370730,-0.020358,19.138250,-0.020521,-0.011691,-6.228353,-0.108873,6.229304,126|127,0.5582
6923.167028,-0.424338,-23.370974,-0.020419,19.138250,-0.020520,-0.011690,-6.228220,-0.108875,6.229172,126|127,0.5579
6923.183694,-0.424197,-23.370805,-0.020191,19.138252,-0.020520,-0.011691,-6.228314,-0.108799,6.229264,126|127,0.5582
6923.200361,-0.424198,-23.370806,-0.020192,19.138252,-0.020520,-0.011691,-6.228314,-0.108799,6.229264,126|127,0.5581
6923.217028,-0.424281,-23.370775,-0.020209,19.138250,-0.020520,-0.011691,-6.228328,-0.108844,6.229279,126|127,0.5588
6923.233694,-0.424215,-23.370791,-0.020079,19.138252,-0.020520,-0.011690,-6.228321,-0.108808,6.229272,126|127,0.5586
6923.250361,-0.424241,-23.370937,-0.020195,19.138252,-0.020520,-0.011691,-6.228242,-0.108823,6.229193,126|127,0.5580
6923.283694,-0.424200,-23.370660,-0.020055,19.138252,-0.020520,-0.011691,-6.228393,-0.108801,6.229343,126|127,0.5585
6923.317028,-0.424216,-23.370853,-0.020149,19.138250,-0.020520,-0.011691,-6.228286,-0.108809,6.229236,126|127,0.5584
6923.333694,-0.424175,-23.370792,-0.020041,19.138252,-0.020520,-0.011691,-6.228321,-0.108787,6.229271,126|127,0.5587
6923.350361,-0.424175,-23.370792,-0.020039,19.138252,-0.020519,-0.011690,-6.228321,-0.108787,6.229271,126|127,0.5591
6923.367028,-0.424321,-23.370295,-0.020407,19.138250,-0.020520,-0.011690,-6.228589,-0.108867,6.229541,126|127,0.5588
6923.383694,-0.424306,-23.370520,-0.020373,19.138250,-0.020520,-0.011690,-6.228467,-0.108858,6.229418,126|127,0.5585
6923.400361,-0.424344,-23.370440,-0.020400,19.138252,-0.020519,-0.011691,-6.228512,-0.108879,6.229464,126|127,0.5583
6923.450361,-0.424585,-23.370376,-0.020947,19.138250,-0.020519,-0.011690,-6.228545,-0.109010,6.229499,126|127,0.5587
6923.467028,-0.424258,-23.370462,-0.020181,19.138252,-0.020519,-0.011690,-6.228500,-0.108833,6.229451,126|127,0.5589
6923.500361,-0.424257,-23.370462,-0.020179,19.138250,-0.020519,-0.011690,-6.228498,-0.108833,6.229449,126|127,0.5587
6923.517028,-0.424220,-23.370625,-0.020117,19.138252,-0.020519,-0.011691,-6.228412,-0.108813,6.229362,126|127,0.5587
6923.533694,-0.424132,-23.370630,-0.019968,19.138250,-0.020519,-0.011690,-6.228407,-0.108765,6.229357,126|127,0.5586
6923.550361,-0.424146,-23.370586,-0.020000,19.138252,-0.020519,-0.011691,-6.228433,-0.108772,6.229383,126|127,0.5589
6923.567028,-0.424119,-23.370828,-0.019954,19.138250,-0.020519,-0.011691,-6.228300,-0.108758,6.229249,126|127,0.5586
6923.583694,-0.424062,-23.370699,-0.019916,19.138250,-0.020519,-0.011691,-6.228370,-0.108727,6.229318,126|127,0.5583
6923.600361,-0.424061,-23.370699,-0.019914,19.138252,-0.020519,-0.011691,-6.228372,-0.108726,6.229320,126|127,0.5587
6923.617028,-0.424141,-23.370360,-0.020049,19.138250,-0.020519,-0.011690,-6.228554,-0.108770,6.229503,126|127,0.5591
6923.650361,-0.424166,-23.370669,-0.020202,19.138250,-0.020518,-0.011690,-6.228386,-0.108783,6.229336,126|127,0.5585
6923.667028,-0.424130,-23.370558,-0.020116,19.138250,-0.020518,-0.011690,-6.228446,-0.108764,6.229396,126|127,0.5589
6923.700361,-0.424130,-23.370558,-0.020115,19.138248,-0.020518,-0.011690,-6.228444,-0.108764,6.229394,126|127,0.5585
6923.733694,-0.424195,-23.370568,-0.020150,19.138248,-0.020518,-0.011690,-6.228439,-0.108799,6.229389,126|127,0.5588
6923.750361,-0.424280,-23.370387,-0.020323,19.138248,-0.020518,-0.011690,-6.228537,-0.108846,6.229488,126|127,0.5595
6923.767028,-0.424255,-23.370675,-0.020225,19.138252,-0.020518,-0.011691,-6.228385,-0.108833,6.229335,126|127,0.5591
6923.783694,-0.424254,-23.370675,-0.020222,19.138250,-0.020518,-0.011690,-6.228383,-0.108832,6.229334,126|127,0.5584
6923.800361,-0.424282,-23.370891,-0.020341,19.138250,-0.020518,-0.011690,-6.228265,-0.108847,6.229216,126|127,0.5587
6923.817028,-0.424215,-23.370793,-0.020159,19.138250,-0.020518,-0.011691,-6.228318,-0.108811,6.229269,126|127,0.5588
6923.850361,-0.424328,-23.370934,-0.020477,19.138250,-0.020518,-0.011690,-6.228242,-0.108872,6.229193,126|127,0.5584
6923.867028,-0.424276,-23.370880,-0.020342,19.138250,-0.020518,-0.011690,-6.228271,-0.108844,6.229222,126|127,0.5586
6923.883694,-0.424276,-23.370880,-0.020342,19.138250,-0.020518,-0.011690,-6.228271,-0.108844,6.229222,126|127,0.5591
6923.900361,-0.424315,-23.370328,-0.020458,19.138250,-0.020518,-0.011690,-6.228571,-0.108865,6.229523,126|127,0.5590
6923.917028,-0.424289,-23.370682,-0.020416,19.138250,-0.020518,-0.011691,-6.228379,-0.108851,6.229330,126|127,0.5586
6923.950361,-0.424362,-23.370525,-0.020502,19.138248,-0.020518,-0.011690,-6.228462,-0.108891,6.229414,126|127,0.5588
6924.000361,-0.424380,-23.370536,-0.020569,19.138250,-0.020517,-0.011690,-6.228458,-0.108901,6.229410,126|127,0.5588
6924.017028,-0.424344,-23.370378,-0.020462,19.138250,-0.020517,-0.011690,-6.228544,-0.108881,6.229496,126|127,0.5587
6924.050361,-0.424342,-23.370686,-0.020466,19.138250,-0.020517,-0.011691,-6.228377,-0.108881,6.229328,126|127,0.5586
6924.067028,-0.424346,-23.370553,-0.020467,19.138248,-0.020517,-0.011690,-6.228447,-0.108883,6.229398,126|127,0.5586
6924.083694,-0.424285,-23.370487,-0.020317,19.138250,-0.020517,-0.011690,-6.228485,-0.108850,6.229436,126|127,0.5588
6924.100361,-0.424185,-23.370847,-0.020127,19.138248,-0.020517,-0.011690,-6.228288,-0.108795,6.229238,126|127,0.5583
6924.117028,-0.424165,-23.370758,-0.020156,19.138248,-0.020517,-0.011690,-6.228335,-0.108784,6.229285,126|127,0.5582
6924.133694,-0.424196,-23.370659,-0.020155,19.138250,-0.020517,-0.011690,-6.228391,-0.108801,6.229342,126|127,0.5586
6924.150361,-0.424149,-23.370491,-0.020056,19.138250,-0.020517,-0.011690,-6.228483,-0.108776,6.229432,126|127,0.5589
6924.167028,-0.424110,-23.370574,-0.019990,19.138248,-0.020517,-0.011690,-6.228436,-0.108755,6.229385,126|127,0.5585
6924.183694,-0.424144,-23.370693,-0.020121,19.138248,-0.020517,-0.011690,-6.228371,-0.108773,6.229321,126|127,0.5585
6924.200361,-0.424145,-23.370693,-0.020123,19.138248,-0.020517,-0.011690,-6.228371,-0.108774,6.229321,126|127,0.5588
6924.217028,-0.424106,-23.370510,-0.020005,19.138248,-0.020516,-0.011690,-6.228471,-0.108753,6.229420,126|127,0.5587
6924.233694,-0.424221,-23.370606,-0.020256,19.138248,-0.020516,-0.011690,-6.228418,-0.108815,6.229369,126|127,0.5584
6924.250361,-0.424020,-23.370455,-0.019937,19.138250,-0.020516,-0.011690,-6.228502,-0.108706,6.229451,126|127,0.5587
6924.267028,-0.424080,-23.370436,-0.019962,19.138250,-0.020516,-0.011690,-6.228512,-0.108739,6.229462,126|127,0.5586
6924.283694,-0.424080,-23.370436,-0.019961,19.138248,-0.020516,-0.011690,-6.228511,-0.108739,6.229460,126|127,0.5591
6924.300361,-0.424112,-23.370337,-0.020008,19.138250,-0.020516,-0.011690,-6.228567,-0.108756,6.229516,126|127,0.5588
6924.317028,-0.424129,-23.370793,-0.020066,19.138248,-0.020516,-0.011690,-6.228317,-0.108766,6.229266,126|127,0.5580
6924.350361,-0.424130,-23.370793,-0.020068,19.138248,-0.020516,-0.011690,-6.228317,-0.108766,6.229266,126|127,0.5584
6924.367028,-0.424088,-23.370796,-0.019948,19.138250,-0.020516,-0.011690,-6.228317,-0.108743,6.229266,126|127,0.5580
6924.383694,-0.424088,-23.370796,-0.019949,19.138248,-0.020516,-0.011690,-6.228315,-0.108744,6.229264,126|127,0.5581
6924.417028,-0.424088,-23.370298,-0.020050,19.138250,-0.020516,-0.011690,-6.228587,-0.108744,6.229537,126|127,0.5586
6924.433694,-0.424088,-23.370298,-0.020048,19.138250,-0.020516,-0.011690,-6.228588,-0.108744,6.229537,126|127,0.5586
6924.450361,-0.424046,-23.370552,-0.019967,19.138250,-0.020516,-0.011690,-6.228450,-0.108721,6.229398,126|127,0.5583
6924.467028,-0.424070,-23.370439,-0.019998,19.138248,-0.020516,-0.011690,-6.228509,-0.108734,6.229458,126|127,0.5581
6924.483694,-0.424120,-23.370411,-0.020072,19.138250,-0.020515,-0.011690,-6.228526,-0.108762,6.229476,126|127,0.5585
6924.500361,-0.424120,-23.370411,-0.020072,19.138248,-0.020516,-0.011690,-6.228524,-0.108761,6.229474,126|127,0.5579
6924.533694,-0.424049,-23.370383,-0.019910,19.138248,-0.020515,-0.011690,-6.228539,-0.108723,6.229488,126|127,0.5587
6924.550361,-0.424049,-23.370179,-0.019877,19.138248,-0.020515,-0.011690,-6.228650,-0.108723,6.229599,126|127,0.5588
6924.583694,-0.424049,-23.370179,-0.019878,19.138248,-0.020515,-0.011690,-6.228650,-0.108723,6.229599,126|127,0.5584
6924.600361,-0.424094,-23.370618,-0.020007,19.138250,-0.020515,-0.011690,-6.228414,-0.108748,6.229363,126|127,0.5584
6924.633694,-0.424023,-23.370828,-0.019825,19.138248,-0.020515,-0.011690,-6.228298,-0.108709,6.229246,126|127,0.5580
6924.650361,-0.424041,-23.370798,-0.019938,19.138250,-0.020515,-0.011690,-6.228316,-0.108719,6.229264,126|127,0.5578
6924.667028,-0.424261,-23.370763,-0.020350,19.138248,-0.020515,-0.011690,-6.228333,-0.108839,6.229284,126|127,0.5580
6924.683694,-0.424213,-23.370527,-0.020236,19.138250,-0.020515,-0.011690,-6.228463,-0.108813,6.229414,126|127,0.5584
6924.700361,-0.424191,-23.370608,-0.020200,19.138246,-0.020515,-0.011690,-6.228415,-0.108801,6.229366,126|127,0.5578
6924.717028,-0.424218,-23.370796,-0.020316,19.138246,-0.020515,-0.011690,-6.228313,-0.108815,6.229264,126|127,0.5578
6924.733694,-0.424219,-23.370796,-0.020319,19.138246,-0.020515,-0.011690,-6.228313,-0.108816,6.229264,126|127,0.5582
6924.750361,-0.424176,-23.370627,-0.020181,19.138246,-0.020515,-0.011690,-6.228405,-0.108793,6.229355,126|127,0.5580
6924.767028,-0.424306,-23.370918,-0.020441,19.138246,-0.020515,-0.011690,-6.228246,-0.108863,6.229198,126|127,0.5576
6924.817028,-0.424355,-23.370464,-0.020522,19.138246,-0.020514,-0.011690,-6.228494,-0.108891,6.229445,126|127,0.5585
6924.833694,-0.424256,-23.370582,-0.020356,19.138246,-0.020514,-0.011690,-6.228429,-0.108837,6.229380,126|127,0.5584
6924.850361,-0.424319,-23.370763,-0.020551,19.138246,-0.020514,-0.011690,-6.228331,-0.108871,6.229282,126|127,0.5578
6924.867028,-0.424320,-23.370763,-0.020552,19.138246,-0.020513,-0.011690,-6.228331,-0.108872,6.229282,126|127,0.5582
6924.883694,-0.424194,-23.370615,-0.020295,19.138246,-0.020513,-0.011690,-6.228411,-0.108804,6.229362,126|127,0.5584
6924.900361,-0.424253,-23.370647,-0.020441,19.138246,-0.020513,-0.011690,-6.228394,-0.108836,6.229345,126|127,0.5578
6924.917028,-0.424253,-23.370647,-0.020443,19.138246,-0.020513,-0.011690,-6.228394,-0.108836,6.229345,126|127,0.5580
6924.933694,-0.423984,-23.370687,-0.019889,19.138246,-0.020513,-0.011690,-6.228373,-0.108690,6.229321,126|127,0.5582
6924.950361,-0.423984,-23.370687,-0.019888,19.138246,-0.020513,-0.011689,-6.228373,-0.108690,6.229321,126|127,0.5587
6924.983694,-0.424190,-23.370476,-0.020365,19.138246,-0.020513,-0.011690,-6.228487,-0.108802,6.229437,126|127,0.5583
6925.000361,-0.424189,-23.370476,-0.020364,19.138246,-0.020512,-0.011690,-6.228487,-0.108802,6.229437,126|127,0.5582
6925.033695,-0.424311,-23.370567,-0.020605,19.138246,-0.020512,-0.011689,-6.228437,-0.108868,6.229389,126|127,0.5580
6925.050361,-0.424366,-23.370269,-0.020831,19.138246,-0.020512,-0.011689,-6.228599,-0.108898,6.229551,126|127,0.5584
6925.067028,-0.424188,-23.370310,-0.020307,19.138246,-0.020512,-0.011690,-6.228577,-0.108802,6.229527,126|127,0.5585
6925.083695,-0.424196,-23.370154,-0.020282,19.138246,-0.020512,-0.011689,-6.228662,-0.108806,6.229612,126|127,0.5586
6925.100361,-0.424196,-23.370154,-0.020281,19.138246,-0.020512,-0.011689,-6.228662,-0.108806,6.229612,126|127,0.5586
6925.117028,-0.424226,-23.370519,-0.020340,19.138246,-0.020512,-0.011690,-6.228464,-0.108823,6.229414,126|127,0.5586
6925.133695,-0.424323,-23.370400,-0.020544,19.138246,-0.020512,-0.011689,-6.228528,-0.108876,6.229480,126|127,0.5586
6925.150361,-0.424284,-23.370347,-0.020448,19.138246,-0.020511,-0.011690,-6.228557,-0.108855,6.229508,126|127,0.5589
6925.183695,-0.424284,-23.370347,-0.020448,19.138244,-0.020512,-0.011690,-6.228555,-0.108854,6.229506,126|127,0.5579
6925.200361,-0.424277,-23.370454,-0.020488,19.138244,-0.020512,-0.011690,-6.228497,-0.108851,6.229448,126|127,0.5584
6925.217028,-0.424278,-23.370455,-0.020490,19.138244,-0.020511,-0.011690,-6.228497,-0.108851,6.229448,126|127,0.5587
6925.233695,-0.424223,-23.370199,-0.020407,19.138244,-0.020511,-0.011690,-6.228635,-0.108822,6.229586,126|127,0.5583
6925.250361,-0.424277,-23.370476,-0.020591,19.138244,-0.020511,-0.011690,-6.228485,-0.108851,6.229436,126|127,0.5583
6925.267028,-0.424239,-23.370267,-0.020531,19.138244,-0.020511,-0.011689,-6.228599,-0.108831,6.229549,126|127,0.5587
6925.283695,-0.424371,-23.370156,-0.020794,19.138244,-0.020511,-0.011690,-6.228659,-0.108903,6.229611,126|127,0.5586
6925.300361,-0.424372,-23.370157,-0.020796,19.138244,-0.020511,-0.011690,-6.228659,-0.108903,6.229611,126|127,0.5583
6925.317028,-0.424077,-23.370365,-0.020237,19.138244,-0.020511,-0.011690,-6.228546,-0.108743,6.229495,126|127,0.5585
6925.333695,-0.424177,-23.370268,-0.020293,19.138244,-0.020511,-0.011690,-6.228598,-0.108797,6.229548,126|127,0.5585
6925.350361,-0.424332,-23.370133,-0.020581,19.138244,-0.020511,-0.011689,-6.228671,-0.108882,6.229623,126|127,0.5591
6925.367028,-0.424316,-23.370315,-0.020527,19.138244,-0.020510,-0.011690,-6.228572,-0.108873,6.229524,126|127,0.5589
6925.400361,-0.424277,-23.370394,-0.020468,19.138243,-0.020510,-0.011689,-6.228528,-0.108852,6.229479,126|127,0.5587
6925.417028,-0.424295,-23.370220,-0.020498,19.138243,-0.020510,-0.011689,-6.228622,-0.108862,6.229573,126|127,0.5590
6925.433695,-0.424442,-23.370425,-0.020828,19.138243,-0.020510,-0.011690,-6.228511,-0.108942,6.229463,126|127,0.5585
6925.450361,-0.424443,-23.370426,-0.020829,19.138243,-0.020510,-0.011690,-6.228510,-0.108943,6.229463,126|127,0.5586
6925.467028,-0.424330,-23.370512,-0.020626,19.138243,-0.020510,-0.011689,-6.228464,-0.108882,6.229415,126|127,0.5589
6925.500361,-0.424145,-23.370429,-0.020195,19.138243,-0.020509,-0.011690,-6.228509,-0.108781,6.229459,126|127,0.5593
6925.517028,-0.424191,-23.370211,-0.020363,19.138243,-0.020509,-0.011689,-6.228627,-0.108807,6.229577,126|127,0.5588
6925.550361,-0.424191,-23.370211,-0.020362,19.138243,-0.020509,-0.011690,-6.228627,-0.108807,6.229577,126|127,0.5591
6925.567028,-0.424330,-23.370305,-0.020709,19.138243,-0.020508,-0.011690,-6.228576,-0.108882,6.229528,126|127,0.5583
6925.583695,-0.424329,-23.370305,-0.020707,19.138243,-0.020508,-0.011690,-6.228576,-0.108882,6.229528,126|127,0.5587
6925.600361,-0.424235,-23.370176,-0.020513,19.138243,-0.020508,-0.011690,-6.228646,-0.108831,6.229597,126|127,0.5588
6925.617028,-0.424303,-23.370028,-0.020636,19.138243,-0.020508,-0.011690,-6.228726,-0.108869,6.229678,126|127,0.5587
6925.633695,-0.424408,-23.370229,-0.020865,19.138243,-0.020508,-0.011689,-6.228617,-0.108926,6.229570,126|127,0.5587
6925.650361,-0.424336,-23.370330,-0.020746,19.138243,-0.020508,-0.011690,-6.228563,-0.108887,6.229514,126|127,0.5587
6925.667028,-0.424408,-23.370160,-0.020897,19.138243,-0.020508,-0.011689,-6.228655,-0.108925,6.229607,126|127,0.5588
6925.683695,-0.424408,-23.370160,-0.020898,19.138243,-0.020508,-0.011689,-6.228655,-0.108926,6.229607,126|127,0.5591
6925.700361,-0.424343,-23.370078,-0.020760,19.138243,-0.020507,-0.011690,-6.228700,-0.108891,6.229651,126|127,0.5585
6925.717028,-0.424192,-23.370362,-0.020512,19.138243,-0.020507,-0.011690,-6.228545,-0.108809,6.229495,126|127,0.5584
6925.733695,-0.424361,-23.370241,-0.020814,19.138243,-0.020508,-0.011689,-6.228611,-0.108900,6.229563,126|127,0.5587
6925.750361,-0.424299,-23.370083,-0.020700,19.138243,-0.020507,-0.011690,-6.228696,-0.108867,6.229648,126|127,0.5590
6925.767028,-0.424374,-23.370299,-0.020812,19.138243,-0.020507,-0.011689,-6.228580,-0.108908,6.229532,126|127,0.5584
6925.783695,-0.424374,-23.370299,-0.020812,19.138243,-0.020507,-0.011689,-6.228580,-0.108908,6.229532,126|127,0.5584
6925.800361,-0.424259,-23.370330,-0.020595,19.138243,-0.020507,-0.011689,-6.228563,-0.108846,6.229514,126|127,0.5588
6925.817028,-0.424259,-23.370330,-0.020594,19.138243,-0.020507,-0.011690,-6.228563,-0.108845,6.229514,126|127,0.5587
6925.833695,-0.424331,-23.370236,-0.020734,19.138243,-0.020507,-0.011690,-6.228614,-0.108885,6.229565,126|127,0.5583
6925.850361,-0.424225,-23.370531,-0.020507,19.138243,-0.020507,-0.011690,-6.228453,-0.108827,6.229404,126|127,0.5585
6925.867028,-0.424005,-23.370375,-0.020142,19.138243,-0.020507,-0.011690,-6.228538,-0.108708,6.229487,126|127,0.5585
6925.883695,-0.424213,-23.370097,-0.020457,19.138243,-0.020507,-0.011690,-6.228689,-0.108821,6.229640,126|127,0.5591
6925.900361,-0.424213,-23.370097,-0.020459,19.138243,-0.020507,-0.011690,-6.228689,-0.108821,6.229640,126|127,0.5588
6925.917028,-0.424287,-23.370497,-0.020668,19.138243,-0.020507,-0.011689,-6.228471,-0.108861,6.229423,126|127,0.5582
6925.933695,-0.424188,-23.370420,-0.020445,19.138243,-0.020506,-0.011690,-6.228514,-0.108808,6.229464,126|127,0.5586
6925.950361,-0.424199,-23.370266,-0.020473,19.138243,-0.020506,-0.011690,-6.228597,-0.108814,6.229548,126|127,0.5587
6925.967028,-0.424324,-23.370484,-0.020728,19.138243,-0.020506,-0.011689,-6.228479,-0.108881,6.229430,126|127,0.5581
6925.983695,-0.424324,-23.370484,-0.020729,19.138243,-0.020506,-0.011689,-6.228479,-0.108882,6.229430,126|127,0.5582
6926.017028,-0.424039,-23.369972,-0.020255,19.138243,-0.020506,-0.011690,-6.228757,-0.108727,6.229706,126|127,0.5588
6926.033695,-0.424039,-23.369972,-0.020254,19.138243,-0.020506,-0.011689,-6.228757,-0.108727,6.229706,126|127,0.5588
6926.050361,-0.424128,-23.370070,-0.020365,19.138243,-0.020506,-0.011689,-6.228704,-0.108776,6.229654,126|127,0.5584
6926.067028,-0.424094,-23.370155,-0.020298,19.138243,-0.020506,-0.011689,-6.228658,-0.108757,6.229607,126|127,0.5583
6926.083695,-0.424094,-23.370155,-0.020299,19.138241,-0.020506,-0.011689,-6.228656,-0.108757,6.229605,126|127,0.5588
6926.100361,-0.424114,-23.370079,-0.020332,19.138243,-0.020506,-0.011690,-6.228699,-0.108768,6.229649,126|127,0.5581
6926.117028,-0.424161,-23.370354,-0.020448,19.138241,-0.020506,-0.011689,-6.228548,-0.108794,6.229498,126|127,0.5586
6926.133695,-0.424030,-23.370120,-0.020096,19.138241,-0.020506,-0.011689,-6.228675,-0.108723,6.229624,126|127,0.5587
6926.150361,-0.424104,-23.369976,-0.020220,19.138241,-0.020506,-0.011690,-6.228753,-0.108763,6.229703,126|127,0.5586
6926.167028,-0.424104,-23.369976,-0.020220,19.138241,-0.020506,-0.011690,-6.228753,-0.108763,6.229703,126|127,0.5586
6926.183695,-0.424117,-23.370257,-0.020277,19.138243,-0.020505,-0.011690,-6.228602,-0.108770,6.229552,126|127,0.5585
6926.200361,-0.424167,-23.370104,-0.020373,19.138243,-0.020505,-0.011689,-6.228686,-0.108797,6.229636,126|127,0.5587
6926.217028,-0.424071,-23.370067,-0.020157,19.138243,-0.020505,-0.011689,-6.228706,-0.108745,6.229655,126|127,0.5590
6926.233695,-0.423950,-23.370447,-0.019920,19.138241,-0.020505,-0.011690,-6.228497,-0.108679,6.229445,126|127,0.5583
6926.250361,-0.423949,-23.370447,-0.019918,19.138243,-0.020505,-0.011689,-6.228499,-0.108679,6.229447,126|127,0.5581
6926.267028,-0.424120,-23.370214,-0.020294,19.138239,-0.020505,-0.011690,-6.228622,-0.108772,6.229571,126|127,0.5585
6926.283695,-0.424120,-23.370214,-0.020295,19.138239,-0.020505,-0.011689,-6.228622,-0.108772,6.229571,126|127,0.5588
6926.300361,-0.424076,-23.370030,-0.020225,19.138239,-0.020505,-0.011689,-6.228722,-0.108748,6.229671,126|127,0.5585
6926.333695,-0.424070,-23.370010,-0.020236,19.138243,-0.020505,-0.011689,-6.228736,-0.108745,6.229685,126|127,0.5589
6926.383695,-0.423831,-23.370186,-0.019833,19.138243,-0.020504,-0.011689,-6.228641,-0.108616,6.229588,126|127,0.5587
6926.417028,-0.424008,-23.369919,-0.020123,19.138241,-0.020504,-0.011689,-6.228784,-0.108712,6.229733,126|127,0.5593
6926.433695,-0.424034,-23.370119,-0.020167,19.138243,-0.020504,-0.011688,-6.228677,-0.108726,6.229626,126|127,0.5591
6926.483695,-0.424033,-23.370119,-0.020165,19.138243,-0.020504,-0.011689,-6.228677,-0.108726,6.229626,126|127,0.5591
6926.500361,-0.424254,-23.370231,-0.020680,19.138239,-0.020504,-0.011690,-6.228612,-0.108846,6.229563,126|127,0.5584
6926.517028,-0.424121,-23.370375,-0.020443,19.138241,-0.020504,-0.011690,-6.228536,-0.108774,6.229486,126|127,0.5583
6926.533695,-0.424122,-23.370375,-0.020445,19.138243,-0.020504,-0.011689,-6.228538,-0.108774,6.229488,126|127,0.5585
6926.550361,-0.423997,-23.369770,-0.020274,19.138239,-0.020504,-0.011690,-6.228863,-0.108706,6.229812,126|127,0.5589
6926.567028,-0.424164,-23.369820,-0.020519,19.138239,-0.020504,-0.011690,-6.228836,-0.108797,6.229786,126|127,0.5589
6926.583695,-0.424164,-23.369820,-0.020521,19.138243,-0.020503,-0.011690,-6.228840,-0.108798,6.229790,126|127,0.5583
6926.600361,-0.424115,-23.369998,-0.020388,19.138239,-0.020504,-0.011689,-6.228739,-0.108771,6.229689,126|127,0.5582
6926.617028,-0.424108,-23.369956,-0.020379,19.138239,-0.020504,-0.011689,-6.228762,-0.108767,6.229711,126|127,0.5587
6926.633695,-0.424185,-23.370235,-0.020562,19.138241,-0.020503,-0.011689,-6.228612,-0.108809,6.229563,126|127,0.5579
6926.650361,-0.424185,-23.370234,-0.020560,19.138239,-0.020503,-0.011689,-6.228611,-0.108809,6.229561,126|127,0.5585
6926.667028,-0.423954,-23.369995,-0.020042,19.138239,-0.020503,-0.011689,-6.228741,-0.108684,6.229689,126|127,0.5586
6926.683695,-0.423953,-23.369995,-0.020041,19.138243,-0.020503,-0.011689,-6.228745,-0.108683,6.229693,126|127,0.5586
6926.717028,-0.424018,-23.369839,-0.020135,19.138239,-0.020503,-0.011690,-6.228825,-0.108719,6.229774,126|127,0.5585
6926.750361,-0.424158,-23.370320,-0.020446,19.138243,-0.020503,-0.011689,-6.228568,-0.108795,6.229518,126|127,0.5589
6926.767028,-0.424017,-23.370495,-0.020158,19.138243,-0.020503,-0.011689,-6.228473,-0.108718,6.229421,126|127,0.5581
6926.783695,-0.423942,-23.370408,-0.020070,19.138237,-0.020503,-0.011689,-6.228515,-0.108677,6.229463,126|127,0.5578
6926.800361,-0.423941,-23.370408,-0.020069,19.138241,-0.020502,-0.011690,-6.228518,-0.108677,6.229467,126|127,0.5582
6926.817028,-0.424156,-23.370239,-0.020469,19.138241,-0.020502,-0.011689,-6.228610,-0.108794,6.229560,126|127,0.5586
6926.850361,-0.424063,-23.370041,-0.020305,19.138241,-0.020503,-0.011689,-6.228718,-0.108743,6.229667,126|127,0.5580
6926.867028,-0.424130,-23.370317,-0.020496,19.138241,-0.020503,-0.011689,-6.228568,-0.108780,6.229518,126|127,0.5584
6926.883695,-0.424088,-23.370098,-0.020410,19.138241,-0.020502,-0.011690,-6.228687,-0.108757,6.229636,126|127,0.5585
6926.900361,-0.424183,-23.369961,-0.020629,19.138239,-0.020502,-0.011689,-6.228759,-0.108809,6.229710,126|127,0.5579
6926.917028,-0.424094,-23.370370,-0.020412,19.138241,-0.020502,-0.011690,-6.228539,-0.108761,6.229489,126|127,0.5582
6926.950361,-0.424171,-23.369995,-0.020548,19.138241,-0.020503,-0.011689,-6.228743,-0.108803,6.229693,126|127,0.5589
6926.967028,-0.424124,-23.370185,-0.020423,19.138237,-0.020503,-0.011689,-6.228636,-0.108777,6.229585,126|127,0.5586
6926.983695,-0.424200,-23.370355,-0.020627,19.138237,-0.020502,-0.011690,-6.228543,-0.108818,6.229494,126|127,0.5581
6927.033695,-0.424279,-23.370163,-0.020831,19.138237,-0.020502,-0.011690,-6.228647,-0.108861,6.229599,126|127,0.5584
6927.050361,-0.424149,-23.370230,-0.020580,19.138239,-0.020502,-0.011689,-6.228613,-0.108791,6.229563,126|127,0.5585
6927.067028,-0.424026,-23.370135,-0.020314,19.138239,-0.020502,-0.011689,-6.228665,-0.108724,6.229613,126|127,0.5587
6927.083695,-0.424026,-23.370135,-0.020312,19.138241,-0.020502,-0.011690,-6.228667,-0.108724,6.229616,126|127,0.5589
6927.100361,-0.424058,-23.369740,-0.020384,19.138241,-0.020502,-0.011690,-6.228881,-0.108742,6.229831,126|127,0.5589
6927.117028,-0.424023,-23.369997,-0.020331,19.138239,-0.020502,-0.011689,-6.228740,-0.108722,6.229688,126|127,0.5585
6927.133695,-0.424023,-23.369872,-0.020315,19.138239,-0.020502,-0.011690,-6.228807,-0.108722,6.229756,126|127,0.5584
6927.183695,-0.424022,-23.369872,-0.020313,19.138241,-0.020502,-0.011689,-6.228809,-0.108722,6.229758,126|127,0.5586
6927.200361,-0.424081,-23.369799,-0.020523,19.138239,-0.020502,-0.011690,-6.228847,-0.108754,6.229797,126|127,0.5589
6927.217028,-0.424114,-23.369682,-0.020395,19.138239,-0.020502,-0.011690,-6.228911,-0.108772,6.229860,126|127,0.5588
6927.233695,-0.424115,-23.369682,-0.020395,19.138239,-0.020502,-0.011689,-6.228911,-0.108772,6.229860,126|127,0.5588
6927.250361,-0.424222,-23.369957,-0.020633,19.138241,-0.020502,-0.011690,-6.228763,-0.108831,6.229714,126|127,0.5587
6927.267028,-0.424284,-23.369756,-0.020760,19.138241,-0.020502,-0.011690,-6.228872,-0.108865,6.229824,126|127,0.5588
6927.283695,-0.424285,-23.369757,-0.020762,19.138241,-0.020501,-0.011690,-6.228872,-0.108866,6.229824,126|127,0.5591
6927.300361,-0.424170,-23.369719,-0.020494,19.138239,-0.020502,-0.011689,-6.228891,-0.108802,6.229841,126|127,0.5583
6927.333695,-0.424252,-23.369948,-0.020659,19.138241,-0.020501,-0.011690,-6.228768,-0.108847,6.229719,126|127,0.5585
6927.350361,-0.424253,-23.369948,-0.020660,19.138241,-0.020501,-0.011690,-6.228768,-0.108848,6.229719,126|127,0.5588
6927.367028,-0.424228,-23.369788,-0.020622,19.138239,-0.020502,-0.011690,-6.228853,-0.108834,6.229804,126|127,0.5584
6927.383695,-0.424319,-23.369896,-0.020791,19.138241,-0.020501,-0.011690,-6.228796,-0.108884,6.229748,126|127,0.5583
6927.400361,-0.424293,-23.370110,-0.020788,19.138239,-0.020502,-0.011689,-6.228678,-0.108870,6.229630,126|127,0.5587
6927.450361,-0.423961,-23.370094,-0.020237,19.138239,-0.020502,-0.011689,-6.228687,-0.108689,6.229635,126|127,0.5584
6927.467028,-0.423960,-23.370094,-0.020236,19.138241,-0.020501,-0.011690,-6.228689,-0.108689,6.229637,126|127,0.5584
6927.517028,-0.424224,-23.370232,-0.020682,19.138239,-0.020501,-0.011689,-6.228612,-0.108832,6.229563,126|127,0.5582
6927.550361,-0.424093,-23.369913,-0.020411,19.138239,-0.020501,-0.011689,-6.228785,-0.108761,6.229735,126|127,0.5588
6927.567028,-0.424092,-23.369913,-0.020409,19.138239,-0.020501,-0.011688,-6.228786,-0.108761,6.229735,126|127,0.5582
6927.583695,-0.424228,-23.370402,-0.020692,19.138241,-0.020501,-0.011689,-6.228522,-0.108835,6.229473,126|127,0.5581
6927.600361,-0.424102,-23.370277,-0.020411,19.138239,-0.020501,-0.011689,-6.228588,-0.108766,6.229537,126|127,0.5583
6927.617028,-0.424101,-23.370277,-0.020409,19.138241,-0.020501,-0.011690,-6.228590,-0.108765,6.229539,126|127,0.5586
6927.633695,-0.424191,-23.369797,-0.020632,19.138241,-0.020501,-0.011690,-6.228850,-0.108815,6.229801,126|127,0.5587
6927.650361,-0.424086,-23.370111,-0.020414,19.138239,-0.020501,-0.011689,-6.228678,-0.108757,6.229627,126|127,0.5582
6927.667028,-0.424044,-23.369987,-0.020311,19.138241,-0.020501,-0.011690,-6.228747,-0.108735,6.229696,126|127,0.5581
6927.683695,-0.424040,-23.369964,-0.020293,19.138241,-0.020501,-0.011690,-6.228760,-0.108732,6.229709,126|127,0.5585
6927.700361,-0.424146,-23.370154,-0.020546,19.138239,-0.020501,-0.011689,-6.228654,-0.108790,6.229604,126|127,0.5579
6927.717028,-0.424145,-23.370154,-0.020544,19.138241,-0.020501,-0.011689,-6.228656,-0.108790,6.229606,126|127,0.5583
6927.733695,-0.424063,-23.369918,-0.020350,19.138239,-0.020501,-0.011689,-6.228783,-0.108745,6.229732,126|127,0.5584
6927.750361,-0.424088,-23.369796,-0.020415,19.138241,-0.020501,-0.011689,-6.228851,-0.108759,6.229800,126|127,0.5584
6927.767028,-0.424170,-23.369986,-0.020565,19.138241,-0.020501,-0.011689,-6.228747,-0.108803,6.229698,126|127,0.5585
6927.783695,-0.424100,-23.370124,-0.020433,19.138239,-0.020501,-0.011689,-6.228671,-0.108765,6.229620,126|127,0.5584
6927.800361,-0.424113,-23.369967,-0.020465,19.138239,-0.020501,-0.011689,-6.228756,-0.108772,6.229705,126|127,0.5584
6927.817028,-0.424028,-23.369894,-0.020262,19.138241,-0.020501,-0.011690,-6.228798,-0.108726,6.229747,126|127,0.5588
6927.833695,-0.424029,-23.369894,-0.020264,19.138241,-0.020501,-0.011690,-6.228798,-0.108727,6.229747,126|127,0.5580
6927.850361,-0.423933,-23.370278,-0.020110,19.138239,-0.020501,-0.011689,-6.228587,-0.108674,6.229535,126|127,0.5577
6927.867028,-0.424056,-23.370048,-0.020311,19.138241,-0.020501,-0.011690,-6.228714,-0.108741,6.229663,126|127,0.5582
6927.900361,-0.424056,-23.370048,-0.020311,19.138239,-0.020501,-0.011689,-6.228712,-0.108741,6.229661,126|127,0.5582
6927.917028,-0.424060,-23.370172,-0.020351,19.138241,-0.020501,-0.011689,-6.228647,-0.108744,6.229596,126|127,0.5583
6927.933695,-0.424060,-23.370172,-0.020352,19.138239,-0.020501,-0.011689,-6.228645,-0.108744,6.229594,126|127,0.5588
6927.950361,-0.424081,-23.369804,-0.020416,19.138239,-0.020501,-0.011689,-6.228845,-0.108755,6.229794,126|127,0.5588
6927.967028,-0.424082,-23.369804,-0.020418,19.138239,-0.020501,-0.011689,-6.228845,-0.108756,6.229794,126|127,0.5583
6927.983695,-0.424003,-23.370212,-0.020246,19.138241,-0.020501,-0.011690,-6.228625,-0.108713,6.229573,126|127,0.5585
6928.000361,-0.423979,-23.369947,-0.020192,19.138241,-0.020501,-0.011690,-6.228769,-0.108700,6.229717,126|127,0.5586
6928.017028,-0.423979,-23.369947,-0.020191,19.138241,-0.020501,-0.011690,-6.228769,-0.108700,6.229717,126|127,0.5592
6928.033695,-0.424108,-23.369968,-0.020438,19.138241,-0.020501,-0.011690,-6.228758,-0.108770,6.229707,126|127,0.5589
6928.050361,-0.424260,-23.370119,-0.020778,19.138241,-0.020500,-0.011690,-6.228675,-0.108853,6.229626,126|127,0.5584
6928.067028,-0.424158,-23.369992,-0.020578,19.138239,-0.020501,-0.011689,-6.228743,-0.108797,6.229693,126|127,0.5587
6928.083695,-0.424133,-23.369816,-0.020541,19.138239,-0.020501,-0.011689,-6.228838,-0.108784,6.229788,126|127,0.5589
6928.100361,-0.424133,-23.369816,-0.020540,19.138239,-0.020501,-0.011689,-6.228838,-0.108783,6.229788,126|127,0.5584
6928.117028,-0.424317,-23.370063,-0.020911,19.138239,-0.020501,-0.011689,-6.228704,-0.108883,6.229656,126|127,0.5583
6928.133695,-0.424098,-23.370171,-0.020469,19.138239,-0.020501,-0.011689,-6.228645,-0.108764,6.229595,126|127,0.5585
6928.150361,-0.424172,-23.369733,-0.020729,19.138239,-0.020501,-0.011689,-6.228883,-0.108805,6.229834,126|127,0.5589
6928.167028,-0.424219,-23.369728,-0.020774,19.138241,-0.020500,-0.011690,-6.228888,-0.108831,6.229838,126|127,0.5589
6928.183695,-0.424220,-23.369728,-0.020775,19.138239,-0.020501,-0.011689,-6.228886,-0.108831,6.229836,126|127,0.5585
6928.200361,-0.424171,-23.369842,-0.020650,19.138239,-0.020501,-0.011689,-6.228824,-0.108804,6.229774,126|127,0.5583
6928.217028,-0.424153,-23.369838,-0.020606,19.138239,-0.020501,-0.011689,-6.228826,-0.108795,6.229776,126|127,0.5588
6928.233695,-0.424183,-23.370095,-0.020657,19.138239,-0.020500,-0.011690,-6.228686,-0.108811,6.229637,126|127,0.5582
6928.250361,-0.424160,-23.369815,-0.020716,19.138239,-0.020500,-0.011690,-6.228839,-0.108798,6.229789,126|127,0.5586
6928.267028,-0.424003,-23.369844,-0.020258,19.138239,-0.020500,-0.011689,-6.228823,-0.108713,6.229771,126|127,0.5587
6928.283695,-0.424023,-23.369733,-0.020291,19.138239,-0.020500,-0.011689,-6.228883,-0.108724,6.229832,126|127,0.5586
6928.300361,-0.424023,-23.369733,-0.020291,19.138239,-0.020500,-0.011689,-6.228883,-0.108724,6.229832,126|127,0.5585
6928.317028,-0.424157,-23.369969,-0.020549,19.138241,-0.020500,-0.011689,-6.228757,-0.108797,6.229707,126|127,0.5584
6928.333695,-0.424186,-23.369890,-0.020648,19.138239,-0.020500,-0.011689,-6.228798,-0.108812,6.229748,126|127,0.5585
6928.367028,-0.424018,-23.370310,-0.020214,19.138241,-0.020500,-0.011690,-6.228571,-0.108721,6.229520,126|127,0.5580
6928.383695,-0.424017,-23.370310,-0.020212,19.138241,-0.020500,-0.011690,-6.228571,-0.108721,6.229520,126|127,0.5578
6928.400361,-0.424092,-23.369986,-0.020383,19.138239,-0.020500,-0.011690,-6.228746,-0.108762,6.229695,126|127,0.5583
6928.417028,-0.423987,-23.369776,-0.020171,19.138241,-0.020500,-0.011689,-6.228862,-0.108705,6.229810,126|127,0.5587
6928.433695,-0.424156,-23.369921,-0.020509,19.138241,-0.020500,-0.011689,-6.228783,-0.108796,6.229733,126|127,0.5582
6928.450361,-0.424149,-23.370078,-0.020535,19.138239,-0.020500,-0.011689,-6.228696,-0.108792,6.229646,126|127,0.5582
6928.467028,-0.424149,-23.370078,-0.020535,19.138239,-0.020500,-0.011689,-6.228696,-0.108792,6.229646,126|127,0.5587
6928.483695,-0.424250,-23.369758,-0.020806,19.138239,-0.020500,-0.011689,-6.228869,-0.108847,6.229820,126|127,0.5586
6928.500361,-0.424145,-23.370194,-0.020558,19.138239,-0.020500,-0.011690,-6.228633,-0.108791,6.229583,126|127,0.5582
6928.517028,-0.424146,-23.370194,-0.020559,19.138237,-0.020500,-0.011689,-6.228631,-0.108791,6.229581,126|127,0.5585
6928.533695,-0.424089,-23.369954,-0.020459,19.138237,-0.020500,-0.011689,-6.228761,-0.108760,6.229711,126|127,0.5585
6928.550361,-0.424165,-23.369798,-0.020603,19.138239,-0.020500,-0.011689,-6.228848,-0.108801,6.229798,126|127,0.5591
6928.583695,-0.424271,-23.370171,-0.020834,19.138239,-0.020500,-0.011689,-6.228645,-0.108859,6.229596,126|127,0.5583
6928.600361,-0.424272,-23.370171,-0.020835,19.138239,-0.020500,-0.011690,-6.228645,-0.108859,6.229596,126|127,0.5587
6928.617028,-0.424110,-23.369890,-0.020498,19.138241,-0.020500,-0.011689,-6.228800,-0.108772,6.229749,126|127,0.5588
6928.650361,-0.424200,-23.370279,-0.020674,19.138241,-0.020500,-0.011690,-6.228589,-0.108821,6.229539,126|127,0.5582
6928.667028,-0.424013,-23.370229,-0.020252,19.138241,-0.020500,-0.011690,-6.228616,-0.108719,6.229565,126|127,0.5584
6928.700361,-0.424098,-23.369685,-0.020448,19.138239,-0.020500,-0.011689,-6.228910,-0.108765,6.229859,126|127,0.5587
6928.717028,-0.424099,-23.369685,-0.020450,19.138239,-0.020500,-0.011689,-6.228909,-0.108766,6.229859,126|127,0.5582
6928.733695,-0.424022,-23.369883,-0.020273,19.138241,-0.020500,-0.011690,-6.228804,-0.108724,6.229753,126|127,0.5582
6928.750361,-0.424021,-23.369863,-0.020261,19.138241,-0.020500,-0.011690,-6.228815,-0.108723,6.229763,126|127,0.5587
6928.767028,-0.424021,-23.369863,-0.020261,19.138239,-0.020500,-0.011689,-6.228813,-0.108723,6.229762,126|127,0.5580
6928.783695,-0.424091,-23.369859,-0.020521,19.138239,-0.020500,-0.011689,-6.228815,-0.108761,6.229764,126|127,0.5584
6928.800361,-0.424092,-23.369860,-0.020523,19.138239,-0.020500,-0.011689,-6.228814,-0.108762,6.229764,126|127,0.5586
6928.833695,-0.424011,-23.369884,-0.020253,19.138239,-0.020500,-0.011689,-6.228801,-0.108718,6.229750,126|127,0.5587
6928.850361,-0.424081,-23.370028,-0.020344,19.138239,-0.020500,-0.011689,-6.228723,-0.108756,6.229672,126|127,0.5585
6928.867028,-0.424181,-23.369861,-0.020569,19.138241,-0.020500,-0.011690,-6.228816,-0.108810,6.229766,126|127,0.5586
6928.900361,-0.424182,-23.369861,-0.020572,19.138239,-0.020500,-0.011689,-6.228814,-0.108811,6.229764,126|127,0.5581
6928.917028,-0.423968,-23.370238,-0.020154,19.138239,-0.020500,-0.011689,-6.228609,-0.108695,6.229557,126|127,0.5578
6928.933695,-0.424054,-23.370080,-0.020340,19.138241,-0.020500,-0.011689,-6.228696,-0.108742,6.229646,126|127,0.5582
6928.950361,-0.423961,-23.369912,-0.020159,19.138241,-0.020500,-0.011689,-6.228788,-0.108691,6.229736,126|127,0.5585
6928.967028,-0.423960,-23.369912,-0.020157,19.138239,-0.020500,-0.011689,-6.228786,-0.108691,6.229734,126|127,0.5581
6928.983695,-0.424104,-23.370045,-0.020434,19.138241,-0.020499,-0.011690,-6.228716,-0.108769,6.229665,126|127,0.5581
6929.000361,-0.424040,-23.369978,-0.020325,19.138241,-0.020499,-0.011690,-6.228752,-0.108734,6.229701,126|127,0.5584
6929.017028,-0.424082,-23.369868,-0.020416,19.138237,-0.020500,-0.011689,-6.228808,-0.108757,6.229757,126|127,0.5585
6929.033695,-0.424025,-23.370241,-0.020246,19.138241,-0.020499,-0.011689,-6.228609,-0.108726,6.229558,126|127,0.5582
6929.050361,-0.423855,-23.370142,-0.020022,19.138237,-0.020500,-0.011689,-6.228659,-0.108634,6.229606,126|127,0.5584
6929.067028,-0.424036,-23.370002,-0.020296,19.138237,-0.020500,-0.011689,-6.228735,-0.108732,6.229684,126|127,0.5585
6929.100361,-0.424143,-23.369973,-0.020475,19.138239,-0.020499,-0.011689,-6.228753,-0.108790,6.229703,126|127,0.5588
6929.117028,-0.424142,-23.369973,-0.020474,19.138237,-0.020500,-0.011689,-6.228751,-0.108789,6.229701,126|127,0.5583
6929.133695,-0.424144,-23.370001,-0.020513,19.138237,-0.020500,-0.011689,-6.228736,-0.108790,6.229686,126|127,0.5587
6929.150361,-0.424128,-23.369807,-0.020475,19.138239,-0.020499,-0.011689,-6.228843,-0.108782,6.229793,126|127,0.5590
6929.167028,-0.424364,-23.369981,-0.020967,19.138241,-0.020499,-0.011689,-6.228750,-0.108910,6.229702,126|127,0.5585
6929.183695,-0.424238,-23.370146,-0.020715,19.138241,-0.020499,-0.011689,-6.228660,-0.108842,6.229611,126|127,0.5584
6929.200361,-0.424239,-23.370147,-0.020716,19.138239,-0.020499,-0.011689,-6.228658,-0.108842,6.229609,126|127,0.5584
6929.217028,-0.424173,-23.369629,-0.020665,19.138239,-0.020499,-0.011689,-6.228939,-0.108806,6.229890,126|127,0.5588
6929.233695,-0.424172,-23.369629,-0.020665,19.138239,-0.020499,-0.011689,-6.228940,-0.108806,6.229890,126|127,0.5588
6929.250361,-0.424090,-23.369917,-0.020419,19.138237,-0.020499,-0.011689,-6.228781,-0.108761,6.229731,126|127,0.5583
6929.267028,-0.424089,-23.369917,-0.020418,19.138239,-0.020499,-0.011689,-6.228783,-0.108761,6.229733,126|127,0.5582
6929.283695,-0.424073,-23.369781,-0.020355,19.138239,-0.020499,-0.011689,-6.228857,-0.108752,6.229807,126|127,0.5587
6929.300361,-0.424158,-23.369998,-0.020567,19.138239,-0.020499,-0.011689,-6.228739,-0.108798,6.229690,126|127,0.5579
6929.317028,-0.424140,-23.369732,-0.020630,19.138239,-0.020499,-0.011689,-6.228883,-0.108789,6.229833,126|127,0.5583
6929.333695,-0.424131,-23.369678,-0.020461,19.138241,-0.020499,-0.011689,-6.228915,-0.108784,6.229865,126|127,0.5586
6929.350361,-0.424150,-23.369492,-0.020475,19.138237,-0.020500,-0.011689,-6.229012,-0.108794,6.229962,126|127,0.5588
6929.367028,-0.424302,-23.369718,-0.020797,19.138239,-0.020499,-0.011690,-6.228892,-0.108877,6.229843,126|127,0.5588
6929.383695,-0.424287,-23.369867,-0.020775,19.138239,-0.020499,-0.011690,-6.228810,-0.108868,6.229762,126|127,0.5586
6929.400361,-0.424286,-23.369867,-0.020774,19.138239,-0.020500,-0.011689,-6.228810,-0.108868,6.229762,126|127,0.5587
6929.417028,-0.424225,-23.369640,-0.020654,19.138239,-0.020500,-0.011689,-6.228934,-0.108834,6.229885,126|127,0.5590
6929.433695,-0.424225,-23.369640,-0.020655,19.138239,-0.020500,-0.011690,-6.228934,-0.108835,6.229884,126|127,0.5583
6929.450361,-0.424037,-23.370023,-0.020356,19.138239,-0.020500,-0.011689,-6.228725,-0.108732,6.229674,126|127,0.5580
6929.467028,-0.424113,-23.369850,-0.020489,19.138241,-0.020500,-0.011689,-6.228822,-0.108774,6.229771,126|127,0.5585
6929.483695,-0.424051,-23.369633,-0.020394,19.138239,-0.020500,-0.011689,-6.228937,-0.108740,6.229886,126|127,0.5589
6929.500361,-0.424180,-23.369831,-0.020611,19.138241,-0.020500,-0.011689,-6.228832,-0.108810,6.229782,126|127,0.5584
6929.517028,-0.424180,-23.369831,-0.020612,19.138241,-0.020500,-0.011689,-6.228832,-0.108810,6.229782,126|127,0.5583
6929.533695,-0.424027,-23.369849,-0.020372,19.138241,-0.020499,-0.011689,-6.228822,-0.108727,6.229771,126|127,0.5587
6929.550361,-0.424126,-23.369779,-0.020579,19.138237,-0.020500,-0.011689,-6.228856,-0.108781,6.229806,126|127,0.5587
6929.567028,-0.424127,-23.369780,-0.020581,19.138237,-0.020500,-0.011689,-6.228856,-0.108781,6.229806,126|127,0.5582
6929.583695,-0.423799,-23.370086,-0.019976,19.138239,-0.020499,-0.011689,-6.228691,-0.108603,6.229638,126|127,0.5584
6929.600361,-0.423937,-23.369972,-0.020170,19.138239,-0.020500,-0.011689,-6.228754,-0.108678,6.229702,126|127,0.5586
6929.633695,-0.424055,-23.370060,-0.020364,19.138239,-0.020499,-0.011690,-6.228706,-0.108742,6.229655,126|127,0.5589
6929.667028,-0.424053,-23.370142,-0.020418,19.138239,-0.020500,-0.011689,-6.228661,-0.108741,6.229610,126|127,0.5587
6929.700361,-0.424052,-23.370142,-0.020416,19.138239,-0.020499,-0.011689,-6.228661,-0.108741,6.229610,126|127,0.5584
6929.717028,-0.424248,-23.370224,-0.020791,19.138239,-0.020499,-0.011689,-6.228616,-0.108847,6.229567,126|127,0.5583
6929.733695,-0.424123,-23.370372,-0.020563,19.138239,-0.020500,-0.011690,-6.228536,-0.108779,6.229486,126|127,0.5585
6929.750361,-0.424093,-23.369772,-0.020619,19.138239,-0.020500,-0.011690,-6.228862,-0.108763,6.229811,126|127,0.5588
6929.783695,-0.424093,-23.369773,-0.020620,19.138237,-0.020500,-0.011689,-6.228860,-0.108763,6.229809,126|127,0.5585
6929.800361,-0.424071,-23.370062,-0.020476,19.138239,-0.020499,-0.011689,-6.228705,-0.108751,6.229654,126|127,0.5583
6929.817028,-0.424091,-23.369864,-0.020503,19.138239,-0.020500,-0.011689,-6.228812,-0.108762,6.229761,126|127,0.5588
6929.850361,-0.424049,-23.369797,-0.020550,19.138239,-0.020500,-0.011689,-6.228849,-0.108739,6.229798,126|127,0.5586
6929.867028,-0.424050,-23.369797,-0.020552,19.138241,-0.020499,-0.011690,-6.228850,-0.108740,6.229799,126|127,0.5588
6929.900361,-0.424061,-23.369840,-0.020427,19.138241,-0.020499,-0.011690,-6.228827,-0.108746,6.229776,126|127,0.5589
6929.917028,-0.424076,-23.369919,-0.020461,19.138235,-0.020500,-0.011689,-6.228778,-0.108753,6.229727,126|127,0.5588
6929.933695,-0.424131,-23.369733,-0.020613,19.138237,-0.020499,-0.011690,-6.228881,-0.108784,6.229831,126|127,0.5590
6929.950361,-0.424132,-23.369734,-0.020614,19.138239,-0.020499,-0.011689,-6.228883,-0.108784,6.229833,126|127,0.5592
6929.983695,-0.423902,-23.370161,-0.020110,19.138239,-0.020499,-0.011690,-6.228650,-0.108659,6.229598,126|127,0.5581
6930.000361,-0.423902,-23.370161,-0.020110,19.138239,-0.020499,-0.011689,-6.228651,-0.108659,6.229598,126|127,0.5585
6930.017028,-0.424120,-23.370009,-0.020495,19.138239,-0.020499,-0.011689,-6.228733,-0.108778,6.229683,126|127,0.5588
6930.033695,-0.424072,-23.369806,-0.020362,19.138237,-0.020499,-0.011689,-6.228841,-0.108751,6.229791,126|127,0.5583
6930.050361,-0.424238,-23.370082,-0.020752,19.138239,-0.020499,-0.011689,-6.228694,-0.108842,6.229644,126|127,0.5582
6930.067028,-0.424189,-23.369888,-0.020665,19.138237,-0.020499,-0.011688,-6.228797,-0.108815,6.229747,126|127,0.5585
6930.100361,-0.424155,-23.370161,-0.020570,19.138237,-0.020499,-0.011689,-6.228648,-0.108796,6.229599,126|127,0.5581
6930.117028,-0.423840,-23.370071,-0.020027,19.138239,-0.020500,-0.011689,-6.228700,-0.108625,6.229647,126|127,0.5583
6930.133695,-0.424099,-23.369891,-0.020457,19.138239,-0.020500,-0.011689,-6.228797,-0.108766,6.229747,126|127,0.5585
6930.150361,-0.424098,-23.369891,-0.020455,19.138237,-0.020500,-0.011689,-6.228795,-0.108766,6.229745,126|127,0.5592
6930.167028,-0.424192,-23.369971,-0.020657,19.138237,-0.020499,-0.011689,-6.228752,-0.108817,6.229702,126|127,0.5589
6930.183695,-0.424270,-23.370103,-0.020870,19.138237,-0.020499,-0.011689,-6.228680,-0.108859,6.229631,126|127,0.5584
6930.200361,-0.424270,-23.370103,-0.020871,19.138239,-0.020499,-0.011690,-6.228682,-0.108859,6.229633,126|127,0.5588
6930.217028,-0.424230,-23.369836,-0.020801,19.138239,-0.020499,-0.011689,-6.228827,-0.108838,6.229778,126|127,0.5589
6930.233695,-0.424415,-23.370043,-0.021198,19.138239,-0.020499,-0.011689,-6.228715,-0.108938,6.229667,126|127,0.5585
6930.250361,-0.424285,-23.370238,-0.020957,19.138239,-0.020499,-0.011689,-6.228609,-0.108867,6.229560,126|127,0.5583
6930.267028,-0.424205,-23.370161,-0.020719,19.138239,-0.020499,-0.011689,-6.228650,-0.108824,6.229601,126|127,0.5585
6930.283695,-0.424204,-23.370161,-0.020717,19.138239,-0.020499,-0.011689,-6.228651,-0.108823,6.229601,126|127,0.5589
6930.300361,-0.424219,-23.369694,-0.020766,19.138239,-0.020499,-0.011690,-6.228904,-0.108831,6.229855,126|127,0.5590
6930.317028,-0.424165,-23.369988,-0.020666,19.138239,-0.020499,-0.011690,-6.228744,-0.108802,6.229695,126|127,0.5583
6930.333695,-0.424151,-23.369807,-0.020615,19.138239,-0.020500,-0.011689,-6.228843,-0.108794,6.229793,126|127,0.5582
6930.367028,-0.424151,-23.369807,-0.020615,19.138237,-0.020500,-0.011689,-6.228841,-0.108794,6.229791,126|127,0.5580
6930.383695,-0.424072,-23.369732,-0.020558,19.138237,-0.020500,-0.011689,-6.228882,-0.108752,6.229831,126|127,0.5584
6930.400361,-0.423946,-23.369716,-0.020166,19.138241,-0.020499,-0.011689,-6.228894,-0.108683,6.229843,126|127,0.5587
6930.417028,-0.423995,-23.369567,-0.020232,19.138239,-0.020500,-0.011689,-6.228973,-0.108710,6.229922,126|127,0.5588
6930.433695,-0.424109,-23.369838,-0.020465,19.138239,-0.020500,-0.011689,-6.228826,-0.108771,6.229776,126|127,0.5587
6930.450361,-0.424109,-23.369838,-0.020466,19.138237,-0.020500,-0.011689,-6.228824,-0.108772,6.229774,126|127,0.5584
6930.467028,-0.424144,-23.369948,-0.020577,19.138239,-0.020499,-0.011690,-6.228766,-0.108791,6.229716,126|127,0.5586
6930.483695,-0.424157,-23.369775,-0.020598,19.138237,-0.020500,-0.011689,-6.228859,-0.108798,6.229809,126|127,0.5587
6930.500361,-0.424106,-23.370174,-0.020467,19.138239,-0.020499,-0.011690,-6.228643,-0.108770,6.229593,126|127,0.5580
6930.517028,-0.423987,-23.370150,-0.020294,19.138239,-0.020499,-0.011689,-6.228656,-0.108705,6.229605,126|127,0.5578
6930.533695,-0.424117,-23.369957,-0.020518,19.138241,-0.020499,-0.011690,-6.228763,-0.108776,6.229713,126|127,0.5584
6930.550361,-0.424118,-23.369957,-0.020518,19.138237,-0.020500,-0.011689,-6.228760,-0.108776,6.229709,126|127,0.5589
6930.583695,-0.424156,-23.370067,-0.020621,19.138239,-0.020499,-0.011690,-6.228702,-0.108797,6.229652,126|127,0.5584
6930.600361,-0.424176,-23.369834,-0.020684,19.138241,-0.020499,-0.011689,-6.228830,-0.108808,6.229780,126|127,0.5588
6930.633695,-0.424157,-23.370140,-0.020643,19.138237,-0.020500,-0.011689,-6.228660,-0.108798,6.229610,126|127,0.5584
6930.667028,-0.424157,-23.370140,-0.020642,19.138241,-0.020499,-0.011689,-6.228664,-0.108798,6.229614,126|127,0.5587
6930.683695,-0.423950,-23.369717,-0.020288,19.138241,-0.020499,-0.011689,-6.228894,-0.108685,6.229842,126|127,0.5594
6930.700361,-0.424051,-23.369976,-0.020411,19.138239,-0.020499,-0.011689,-6.228751,-0.108740,6.229700,126|127,0.5590
6930.717028,-0.424180,-23.370124,-0.020724,19.138241,-0.020500,-0.011689,-6.228673,-0.108810,6.229623,126|127,0.5585
6930.733695,-0.424180,-23.370124,-0.020725,19.138239,-0.020500,-0.011689,-6.228671,-0.108810,6.229621,126|127,0.5589
6930.767028,-0.424268,-23.370127,-0.020873,19.138241,-0.020499,-0.011689,-6.228671,-0.108858,6.229622,126|127,0.5584
6930.783695,-0.424142,-23.370295,-0.020670,19.138239,-0.020500,-0.011689,-6.228578,-0.108789,6.229528,126|127,0.5584
6930.800361,-0.424142,-23.370296,-0.020672,19.138241,-0.020499,-0.011689,-6.228579,-0.108790,6.229529,126|127,0.5586
6930.817028,-0.423983,-23.370205,-0.020310,19.138241,-0.020499,-0.011689,-6.228629,-0.108703,6.229577,126|127,0.5590
6930.833695,-0.424008,-23.369661,-0.020326,19.138239,-0.020500,-0.011689,-6.228922,-0.108717,6.229871,126|127,0.5590
6930.883695,-0.424008,-23.369661,-0.020326,19.138241,-0.020499,-0.011690,-6.228924,-0.108717,6.229873,126|127,0.5587
6930.900361,-0.423957,-23.370136,-0.020209,19.138241,-0.020499,-0.011690,-6.228666,-0.108689,6.229614,126|127,0.5580
6930.917028,-0.423920,-23.369810,-0.020285,19.138241,-0.020499,-0.011690,-6.228844,-0.108669,6.229791,126|127,0.5585
6930.933695,-0.423903,-23.369893,-0.020107,19.138237,-0.020500,-0.011689,-6.228794,-0.108660,6.229742,126|127,0.5587
6930.950361,-0.423903,-23.369893,-0.020105,19.138239,-0.020500,-0.011689,-6.228796,-0.108659,6.229744,126|127,0.5587
6930.967028,-0.424132,-23.370004,-0.020546,19.138239,-0.020500,-0.011689,-6.228736,-0.108784,6.229686,126|127,0.5588
6930.983695,-0.424132,-23.370004,-0.020547,19.138237,-0.020500,-0.011689,-6.228734,-0.108784,6.229684,126|127,0.5586
6931.000361,-0.424053,-23.370138,-0.020417,19.138237,-0.020500,-0.011689,-6.228661,-0.108741,6.229610,126|127,0.5586
6931.017028,-0.424068,-23.369940,-0.020400,19.138237,-0.020500,-0.011689,-6.228769,-0.108749,6.229718,126|127,0.5590
6931.033695,-0.424023,-23.370346,-0.020291,19.138239,-0.020499,-0.011690,-6.228550,-0.108725,6.229499,126|127,0.5583
6931.050361,-0.424038,-23.370230,-0.020412,19.138239,-0.020499,-0.011690,-6.228613,-0.108733,6.229562,126|127,0.5579
6931.067028,-0.424164,-23.370092,-0.020623,19.138241,-0.020499,-0.011690,-6.228690,-0.108801,6.229640,126|127,0.5584
6931.083695,-0.424060,-23.369898,-0.020403,19.138237,-0.020500,-0.011689,-6.228792,-0.108745,6.229741,126|127,0.5587
6931.100361,-0.424158,-23.370078,-0.020584,19.138237,-0.020500,-0.011689,-6.228694,-0.108798,6.229644,126|127,0.5581
6931.117028,-0.424120,-23.370256,-0.020550,19.138239,-0.020499,-0.011690,-6.228599,-0.108777,6.229549,126|127,0.5580
6931.133695,-0.424120,-23.370256,-0.020551,19.138241,-0.020499,-0.011690,-6.228601,-0.108778,6.229551,126|127,0.5584
6931.167028,-0.424009,-23.370363,-0.020258,19.138239,-0.020499,-0.011690,-6.228541,-0.108717,6.229490,126|127,0.5578
6931.183695,-0.424009,-23.370363,-0.020258,19.138239,-0.020500,-0.011689,-6.228541,-0.108717,6.229490,126|127,0.5580
6931.200361,-0.423979,-23.370058,-0.020197,19.138239,-0.020500,-0.011689,-6.228706,-0.108700,6.229655,126|127,0.5581
6931.217028,-0.423978,-23.370058,-0.020196,19.138237,-0.020500,-0.011689,-6.228705,-0.108700,6.229653,126|127,0.5588
6931.233695,-0.424010,-23.370085,-0.020211,19.138239,-0.020499,-0.011689,-6.228692,-0.108718,6.229640,126|127,0.5585
6931.250361,-0.424138,-23.370229,-0.020518,19.138239,-0.020499,-0.011689,-6.228614,-0.108787,6.229564,126|127,0.5579
6931.267028,-0.424138,-23.370229,-0.020519,19.138237,-0.020500,-0.011689,-6.228612,-0.108787,6.229562,126|127,0.5583
6931.283695,-0.424076,-23.370066,-0.020412,19.138239,-0.020500,-0.011689,-6.228702,-0.108753,6.229652,126|127,0.5585
6931.300361,-0.424281,-23.370171,-0.020852,19.138239,-0.020500,-0.011689,-6.228645,-0.108865,6.229596,126|127,0.5579
6931.317028,-0.424281,-23.370171,-0.020853,19.138241,-0.020500,-0.011689,-6.228647,-0.108865,6.229598,126|127,0.5579
6931.333695,-0.424181,-23.370300,-0.020679,19.138237,-0.020500,-0.011689,-6.228573,-0.108810,6.229524,126|127,0.5581
6931.367028,-0.424081,-23.370216,-0.020470,19.138239,-0.020500,-0.011689,-6.228621,-0.108756,6.229570,126|127,0.5587
6931.383695,-0.424184,-23.370019,-0.020702,19.138237,-0.020500,-0.011689,-6.228726,-0.108812,6.229676,126|127,0.5580
6931.400362,-0.424206,-23.369870,-0.020732,19.138237,-0.020500,-0.011689,-6.228807,-0.108824,6.229757,126|127,0.5580
6931.417028,-0.424206,-23.369870,-0.020732,19.138239,-0.020500,-0.011690,-6.228809,-0.108824,6.229759,126|127,0.5584
6931.433695,-0.424196,-23.370059,-0.020696,19.138239,-0.020500,-0.011689,-6.228706,-0.108819,6.229656,126|127,0.5579
6931.450362,-0.424154,-23.369783,-0.020711,19.138239,-0.020500,-0.011689,-6.228856,-0.108796,6.229806,126|127,0.5584
6931.467028,-0.424105,-23.369824,-0.020475,19.138241,-0.020499,-0.011689,-6.228836,-0.108770,6.229785,126|127,0.5585
6931.483695,-0.424105,-23.369824,-0.020474,19.138239,-0.020499,-0.011689,-6.228834,-0.108769,6.229783,126|127,0.5586
6931.517028,-0.424155,-23.370003,-0.020589,19.138241,-0.020499,-0.011689,-6.228738,-0.108797,6.229688,126|127,0.5585
6931.550362,-0.424083,-23.369797,-0.020407,19.138239,-0.020499,-0.011689,-6.228848,-0.108758,6.229798,126|127,0.5589
6931.567028,-0.424014,-23.370176,-0.020300,19.138239,-0.020499,-0.011689,-6.228642,-0.108720,6.229591,126|127,0.5582
6931.583695,-0.423961,-23.370103,-0.020288,19.138239,-0.020499,-0.011690,-6.228682,-0.108691,6.229630,126|127,0.5579
6931.600362,-0.423961,-23.370103,-0.020287,19.138239,-0.020499,-0.011688,-6.228682,-0.108691,6.229630,126|127,0.5583
6931.617028,-0.424057,-23.369751,-0.020482,19.138239,-0.020499,-0.011688,-6.228874,-0.108743,6.229823,126|127,0.5587
6931.650362,-0.424057,-23.369751,-0.020482,19.138239,-0.020500,-0.011689,-6.228874,-0.108743,6.229823,126|127,0.5582
6931.667028,-0.424068,-23.369921,-0.020499,19.138239,-0.020500,-0.011689,-6.228781,-0.108749,6.229730,126|127,0.5585
6931.683695,-0.424139,-23.369859,-0.020642,19.138241,-0.020500,-0.011690,-6.228817,-0.108788,6.229767,126|127,0.5585
6931.700362,-0.424087,-23.370237,-0.020516,19.138237,-0.020499,-0.011690,-6.228607,-0.108760,6.229557,126|127,0.5581
6931.717028,-0.423824,-23.370114,-0.020068,19.138237,-0.020499,-0.011690,-6.228674,-0.108617,6.229621,126|127,0.5583
6931.767028,-0.424057,-23.369945,-0.020392,19.138239,-0.020500,-0.011689,-6.228768,-0.108743,6.229717,126|127,0.5587
6931.783695,-0.424100,-23.370128,-0.020510,19.138241,-0.020499,-0.011689,-6.228670,-0.108767,6.229620,126|127,0.5582
6931.800362,-0.423969,-23.370005,-0.020222,19.138237,-0.020500,-0.011689,-6.228733,-0.108695,6.229682,126|127,0.5586
6931.817028,-0.423966,-23.369829,-0.020202,19.138239,-0.020499,-0.011690,-6.228831,-0.108694,6.229779,126|127,0.5588
6931.850362,-0.424019,-23.370205,-0.020353,19.138237,-0.020500,-0.011690,-6.228625,-0.108722,6.229574,126|127,0.5582
6931.867028,-0.423925,-23.370097,-0.020135,19.138239,-0.020499,-0.011690,-6.228685,-0.108672,6.229633,126|127,0.5584
6931.883695,-0.423925,-23.370097,-0.020133,19.138239,-0.020499,-0.011690,-6.228686,-0.108672,6.229634,126|127,0.5587
6931.900362,-0.424044,-23.369687,-0.020392,19.138239,-0.020500,-0.011689,-6.228908,-0.108736,6.229857,126|127,0.5589
6931.917028,-0.424043,-23.369935,-0.020426,19.138239,-0.020500,-0.011689,-6.228773,-0.108736,6.229722,126|127,0.5584
6931.933695,-0.424057,-23.369810,-0.020443,19.138239,-0.020500,-0.011689,-6.228842,-0.108744,6.229791,126|127,0.5583
6931.950362,-0.424038,-23.369787,-0.020394,19.138239,-0.020500,-0.011689,-6.228854,-0.108733,6.229803,126|127,0.5588
6931.983695,-0.423955,-23.369845,-0.020368,19.138237,-0.020499,-0.011689,-6.228820,-0.108688,6.229769,126|127,0.5587
6932.000362,-0.423887,-23.369870,-0.020056,19.138237,-0.020499,-0.011689,-6.228807,-0.108651,6.229754,126|127,0.5589
6932.017028,-0.423948,-23.369752,-0.020158,19.138239,-0.020499,-0.011688,-6.228873,-0.108684,6.229821,126|127,0.5588
6932.033695,-0.424028,-23.369972,-0.020330,19.138239,-0.020499,-0.011688,-6.228754,-0.108728,6.229702,126|127,0.5588
6932.050362,-0.423962,-23.370086,-0.020216,19.138241,-0.020499,-0.011689,-6.228693,-0.108692,6.229642,126|127,0.5586
6932.067028,-0.424047,-23.369977,-0.020404,19.138237,-0.020499,-0.011689,-6.228749,-0.108738,6.229698,126|127,0.5587
6932.083695,-0.423955,-23.369952,-0.020203,19.138239,-0.020499,-0.011689,-6.228764,-0.108688,6.229712,126|127,0.5589
6932.100362,-0.423840,-23.370342,-0.019921,19.138237,-0.020500,-0.011689,-6.228550,-0.108625,6.229497,126|127,0.5583
6932.117028,-0.423813,-23.370256,-0.019924,19.138239,-0.020499,-0.011689,-6.228599,-0.108610,6.229546,126|127,0.5580
6932.150362,-0.423798,-23.369846,-0.019874,19.138241,-0.020499,-0.011689,-6.228824,-0.108603,6.229770,126|127,0.5588
6932.167028,-0.423905,-23.369991,-0.020050,19.138241,-0.020499,-0.011689,-6.228745,-0.108661,6.229693,126|127,0.5584
6932.183695,-0.423913,-23.370171,-0.020095,19.138237,-0.020500,-0.011689,-6.228643,-0.108665,6.229591,126|127,0.5584
6932.217028,-0.423913,-23.370171,-0.020094,19.138239,-0.020499,-0.011688,-6.228645,-0.108665,6.229593,126|127,0.5586
6932.233695,-0.423876,-23.370250,-0.020008,19.138239,-0.020499,-0.011688,-6.228603,-0.108645,6.229550,126|127,0.5581
6932.250362,-0.423625,-23.370178,-0.019592,19.138239,-0.020499,-0.011689,-6.228641,-0.108509,6.229586,126|127,0.5583
6932.267028,-0.423880,-23.369992,-0.019993,19.138239,-0.020499,-0.011689,-6.228742,-0.108647,6.229690,126|127,0.5584
6932.300362,-0.424014,-23.369944,-0.020280,19.138239,-0.020500,-0.011689,-6.228769,-0.108720,6.229717,126|127,0.5588
6932.317028,-0.424014,-23.369944,-0.020278,19.138239,-0.020500,-0.011690,-6.228769,-0.108720,6.229717,126|127,0.5583
6932.333695,-0.424040,-23.369915,-0.020408,19.138239,-0.020500,-0.011690,-6.228784,-0.108734,6.229733,126|127,0.5588
6932.350362,-0.424074,-23.369690,-0.020470,19.138239,-0.020499,-0.011689,-6.228907,-0.108753,6.229856,126|127,0.5591
6932.367028,-0.424074,-23.369690,-0.020469,19.138237,-0.020500,-0.011689,-6.228905,-0.108752,6.229854,126|127,0.5585
6932.400362,-0.423964,-23.370117,-0.020178,19.138239,-0.020499,-0.011689,-6.228675,-0.108693,6.229623,126|127,0.5584
6932.417028,-0.424015,-23.369627,-0.020357,19.138239,-0.020499,-0.011689,-6.228941,-0.108721,6.229890,126|127,0.5588
6932.433695,-0.423991,-23.369695,-0.020243,19.138241,-0.020499,-0.011690,-6.228906,-0.108708,6.229854,126|127,0.5589
6932.450362,-0.423992,-23.369695,-0.020245,19.138239,-0.020499,-0.011690,-6.228904,-0.108708,6.229853,126|127,0.5583
6932.467028,-0.423900,-23.370017,-0.020062,19.138239,-0.020499,-0.011690,-6.228729,-0.108658,6.229677,126|127,0.5583
6932.483695,-0.423892,-23.369867,-0.020014,19.138237,-0.020500,-0.011690,-6.228809,-0.108653,6.229756,126|127,0.5589
6932.500362,-0.423872,-23.369846,-0.019968,19.138239,-0.020499,-0.011689,-6.228822,-0.108643,6.229769,126|127,0.5582
6932.517028,-0.423828,-23.369829,-0.020000,19.138237,-0.020500,-0.011689,-6.228829,-0.108619,6.229776,126|127,0.5586
6932.533695,-0.423838,-23.369896,-0.019878,19.138237,-0.020500,-0.011689,-6.228793,-0.108624,6.229740,126|127,0.5587
6932.550362,-0.423837,-23.369896,-0.019877,19.138239,-0.020499,-0.011689,-6.228795,-0.108624,6.229742,126|127,0.5588
6932.567028,-0.423941,-23.369916,-0.020097,19.138239,-0.020500,-0.011688,-6.228784,-0.108680,6.229732,126|127,0.5589
6932.583695,-0.423881,-23.370014,-0.019984,19.138239,-0.020499,-0.011689,-6.228731,-0.108648,6.229678,126|127,0.5586
6932.600362,-0.423981,-23.369848,-0.020187,19.138239,-0.020499,-0.011689,-6.228821,-0.108702,6.229769,126|127,0.5588
6932.617028,-0.423892,-23.369783,-0.019957,19.138241,-0.020500,-0.011690,-6.228858,-0.108653,6.229806,126|127,0.5591
6932.633695,-0.423893,-23.369783,-0.019960,19.138241,-0.020500,-0.011690,-6.228858,-0.108654,6.229806,126|127,0.5584
6932.650362,-0.423678,-23.370159,-0.019551,19.138235,-0.020500,-0.011689,-6.228648,-0.108537,6.229594,126|127,0.5581
6932.667028,-0.423807,-23.369947,-0.019775,19.138239,-0.020499,-0.011689,-6.228767,-0.108608,6.229714,126|127,0.5587
6932.700362,-0.423883,-23.369937,-0.019913,19.138239,-0.020500,-0.011689,-6.228773,-0.108649,6.229720,126|127,0.5584
6932.717028,-0.423848,-23.370136,-0.019894,19.138237,-0.020500,-0.011689,-6.228662,-0.108630,6.229610,126|127,0.5582
6932.750362,-0.423866,-23.369769,-0.019939,19.138239,-0.020499,-0.011689,-6.228864,-0.108639,6.229811,126|127,0.5587
6932.767028,-0.423697,-23.370243,-0.019565,19.138241,-0.020499,-0.011689,-6.228608,-0.108548,6.229554,126|127,0.5581
6932.783695,-0.423370,-23.370098,-0.019010,19.138241,-0.020499,-0.011689,-6.228687,-0.108370,6.229629,126|127,0.5583
6932.800362,-0.423668,-23.369852,-0.019510,19.138237,-0.020500,-0.011688,-6.228817,-0.108532,6.229762,126|127,0.5585
6932.817028,-0.423668,-23.369852,-0.019508,19.138239,-0.020500,-0.011689,-6.228818,-0.108532,6.229764,126|127,0.5593
6932.833695,-0.423755,-23.369685,-0.019683,19.138241,-0.020499,-0.011690,-6.228912,-0.108579,6.229858,126|127,0.5589
6932.850362,-0.423962,-23.370161,-0.020139,19.138241,-0.020499,-0.011690,-6.228653,-0.108692,6.229601,126|127,0.5581
6932.867028,-0.423962,-23.370161,-0.020140,19.138237,-0.020499,-0.011690,-6.228649,-0.108692,6.229597,126|127,0.5585
6932.883695,-0.423887,-23.370061,-0.019995,19.138239,-0.020499,-0.011689,-6.228705,-0.108651,6.229653,126|127,0.5586
6932.900362,-0.424209,-23.370175,-0.020644,19.138239,-0.020499,-0.011689,-6.228643,-0.108826,6.229593,126|127,0.5579
6932.917028,-0.424107,-23.370353,-0.020476,19.138239,-0.020499,-0.011689,-6.228546,-0.108770,6.229496,126|127,0.5578
6932.933695,-0.424051,-23.370281,-0.020335,19.138239,-0.020499,-0.011689,-6.228585,-0.108740,6.229535,126|127,0.5579
6932.950362,-0.424120,-23.369671,-0.020624,19.138237,-0.020500,-0.011689,-6.228915,-0.108777,6.229865,126|127,0.5584
6932.983695,-0.424113,-23.370070,-0.020570,19.138237,-0.020499,-0.011688,-6.228698,-0.108774,6.229648,126|127,0.5579
6933.000362,-0.424113,-23.370070,-0.020568,19.138239,-0.020499,-0.011689,-6.228700,-0.108774,6.229650,126|127,0.5578
6933.017028,-0.424076,-23.369878,-0.020475,19.138239,-0.020499,-0.011689,-6.228804,-0.108754,6.229754,126|127,0.5583
6933.033695,-0.424076,-23.369878,-0.020475,19.138239,-0.020499,-0.011689,-6.228804,-0.108754,6.229754,126|127,0.5577
6933.050362,-0.424037,-23.369920,-0.020490,19.138239,-0.020499,-0.011689,-6.228782,-0.108733,6.229731,126|127,0.5581
6933.067028,-0.424038,-23.369920,-0.020492,19.138239,-0.020499,-0.011690,-6.228781,-0.108734,6.229730,126|127,0.5583
6933.083695,-0.423889,-23.369799,-0.020053,19.138239,-0.020499,-0.011690,-6.228847,-0.108652,6.229795,126|127,0.5583
6933.117028,-0.424042,-23.370165,-0.020396,19.138239,-0.020499,-0.011689,-6.228648,-0.108735,6.229598,126|127,0.5581
6933.133695,-0.424118,-23.369953,-0.020553,19.138239,-0.020499,-0.011689,-6.228764,-0.108776,6.229714,126|127,0.5583
6933.150362,-0.424055,-23.369915,-0.020396,19.138237,-0.020500,-0.011690,-6.228782,-0.108742,6.229731,126|127,0.5587
6933.167028,-0.424055,-23.369916,-0.020398,19.138237,-0.020500,-0.011689,-6.228782,-0.108742,6.229731,126|127,0.5581
6933.183695,-0.423907,-23.370226,-0.020119,19.138239,-0.020499,-0.011690,-6.228616,-0.108662,6.229563,126|127,0.5578
