t,x,y,yaw,odom_x,odom_y,odom_yaw,error_x,error_y,error_dist,tags_used,quality
7260.850379,-0.162261,0.438413,0.000371,0|1,0.5589
7260.883712,-0.162159,0.438884,0.000245,0|1,0.5565
7260.900379,-0.162512,0.438684,0.000692,0|1,0.5576
7260.917045,-0.162561,0.438524,0.000733,0|1,0.5579
7260.950379,-0.162359,0.438593,0.000611,0|1,0.5582
7260.983712,-0.162497,0.437831,0.000896,0|1,0.5610
7261.000379,-0.162307,0.438521,0.000611,0|1,0.5585
7261.017045,-0.162134,0.438562,0.000257,0|1,0.5569
7261.033712,-0.162357,0.438314,0.000390,0|1,0.5577
7261.050379,-0.162424,0.438074,0.000465,0|1,0.5587
7261.100379,-0.162424,0.438074,0.000465,0.000000,-0.000000,0.000000,-0.000000,-0.000000,0.000000,0|1,0.5590
7261.117045,-0.162443,0.437802,0.000842,0.000005,0.000000,-0.000001,0.000143,-0.000011,0.000143,0|1,0.5604
7261.133712,-0.162405,0.437702,0.000850,0.000017,0.000000,-0.000002,0.000185,0.000010,0.000185,0|1,0.5612
7261.150379,-0.162458,0.437851,0.000917,0.000023,0.000000,-0.000002,0.000098,-0.000019,0.000100,0|1,0.5598
7261.167045,-0.162647,0.437792,0.001016,0.000023,0.000000,-0.000002,0.000130,-0.000122,0.000178,0|1,0.5585
7261.217045,-0.162523,0.437835,0.000749,0.000046,0.000001,-0.000003,0.000084,-0.000055,0.000100,0|1,0.5580
7261.233712,-0.162598,0.437682,0.000840,0.000046,0.000001,-0.000003,0.000167,-0.000095,0.000192,0|1,0.5587
7261.283712,-0.162424,0.437649,0.000782,0.000067,0.000001,-0.000001,0.000164,-0.000001,0.000164,0|1,0.5600
7261.300379,-0.162417,0.437599,0.000467,0.000072,0.000001,-0.000001,0.000186,0.000003,0.000186,0|1,0.5584
7261.317045,-0.162498,0.437483,0.000576,0.000072,0.000001,-0.000001,0.000249,-0.000041,0.000252,0|1,0.5589
7261.333712,-0.162493,0.437368,0.000660,0.000077,0.000001,-0.000001,0.000307,-0.000039,0.000309,0|1,0.5594
7261.350379,-0.162493,0.437368,0.000659,0.004349,0.000095,0.000110,-0.003966,-0.000132,0.003968,0|1,0.5590
7261.367045,-0.160924,0.440041,-0.000118,0.004349,0.000095,0.000110,-0.005418,0.000721,0.005466,0|1,0.5660
7261.383712,-0.160923,0.440041,-0.000117,0.008191,0.000301,0.000593,-0.009260,0.000515,0.009274,0|1,0.5655
7261.400379,-0.160502,0.438452,-0.000246,0.021503,0.000047,0.000095,-0.021708,0.000997,0.021731,0|1,0.5612
7261.433712,-0.160151,0.410104,-0.001003,0.028391,-0.000200,0.000084,-0.013190,0.001428,0.013267,0|1,0.5653
7261.450379,-0.163551,0.401599,-0.001268,0.035414,-0.000488,0.000070,-0.015592,-0.000134,0.015592,0|1,0.5648
7261.483712,-0.163551,0.401597,-0.001266,0.056271,-0.000236,0.001395,-0.036447,-0.000386,0.036449,0|1,0.5618
7261.500379,-0.162660,0.375124,-0.000078,0.063308,-0.000509,0.001790,-0.029096,0.000364,0.029098,0|1,0.5631
7261.517045,-0.166776,0.366336,0.001840,0.063308,-0.000509,0.001790,-0.024321,-0.001875,0.024393,0|1,0.5645
7261.533712,-0.166777,0.366335,0.001845,0.077200,-0.000954,0.001804,-0.038213,-0.001430,0.038240,0|1,0.5655
7261.550379,-0.176178,0.348637,0.001792,0.077200,-0.000954,0.001804,-0.028597,-0.006544,0.029336,0|1,0.5626
7261.567045,-0.177809,0.341377,0.002638,0.084117,0.000115,0.001770,-0.031568,-0.008501,0.032693,0|1,0.5608
7261.583712,-0.162797,0.332019,0.002026,0.097254,0.000049,0.001924,-0.039615,-0.000278,0.039616,0|1,0.5603
7261.600379,-0.159540,0.324369,0.002225,0.097254,0.000049,0.001924,-0.035457,0.001490,0.035488,0|1,0.5586
7261.617045,-0.159540,0.324369,0.002223,0.110455,-0.000823,0.002012,-0.048659,0.002361,0.048716,0|1,0.5607
7261.633712,-0.171253,0.307316,0.001091,0.117371,-0.001277,0.002317,-0.046309,-0.003554,0.046445,0|1,0.5627
7261.667045,-0.185471,0.289870,0.002013,0.124318,-0.000712,0.002428,-0.043778,-0.011851,0.045354,0|1,0.5623
7261.683712,-0.177408,0.280071,0.002309,0.131262,0.000220,0.002401,-0.045395,-0.008403,0.046166,0|1|2,0.5507
7261.717045,-0.177446,0.279989,0.002377,0.151402,-0.000599,0.003538,-0.065490,-0.007605,0.065930,0|1|2,0.5633
7261.733712,-0.171200,0.255593,0.004788,0.158437,-0.000339,0.003737,-0.059264,-0.004477,0.059433,0|1|2,0.5631
7261.750379,-0.178970,0.246657,0.005294,0.158437,-0.000339,0.003737,-0.054410,-0.008702,0.055101,0|1|2,0.5634
7261.783712,-0.167031,0.229206,0.005646,0.172398,0.000266,0.004089,-0.058884,-0.002823,0.058952,0|1|2,0.5644
7261.800379,-0.167371,0.220444,0.005547,0.179205,-0.000369,0.004101,-0.060929,-0.002375,0.060975,0|1|2,0.5648
7261.817045,-0.167370,0.220445,0.005547,0.192665,-0.001717,0.004542,-0.074389,-0.001026,0.074396,0|1|2,0.5650
7261.833712,-0.186213,0.203189,0.004736,0.200012,-0.001062,0.004011,-0.072363,-0.011926,0.073339,0|1|2,0.5656
7261.850379,-0.195295,0.195750,0.005074,0.200012,-0.001062,0.004011,-0.068323,-0.016864,0.070373,0|1|2,0.5643
7261.867045,-0.184753,0.186682,0.004797,0.214043,-0.000016,0.004128,-0.077423,-0.012183,0.078376,0|1|2,0.5636
7261.883712,-0.173752,0.177373,0.004425,0.214043,-0.000016,0.004128,-0.072361,-0.006206,0.072627,0|1|2,0.5629
7261.900379,-0.171880,0.168864,0.004588,0.220843,-0.000535,0.004094,-0.074536,-0.004672,0.074682,0|1|2,0.5623
7261.917045,-0.171881,0.168864,0.004592,0.234258,-0.000958,0.004225,-0.087950,-0.004250,0.088053,0|1|2,0.5644
7261.933712,-0.188157,0.151697,0.005269,0.234258,-0.000958,0.004225,-0.078625,-0.013099,0.079708,0|1|2,0.5639
7261.950379,-0.185800,0.143755,0.004874,0.241110,-0.000308,0.004438,-0.081160,-0.012471,0.082112,0|1|2,0.5646
7261.967045,-0.177148,0.135152,0.005339,0.247942,0.000155,0.004646,-0.083315,-0.008234,0.083720,0|1|2,0.5638
7261.983712,-0.171938,0.126601,0.006632,0.254657,-0.000373,0.004693,-0.085380,-0.004877,0.085519,0|1|2,0.5625
7262.017045,-0.188198,0.109128,0.006776,0.275405,-0.000854,0.004910,-0.096636,-0.013237,0.097538,0|1|2,0.5652
7262.050379,-0.188199,0.109128,0.006777,0.282406,-0.000036,0.004985,-0.103638,-0.014056,0.104587,0|1|2,0.5646
7262.067045,-0.175905,0.083174,0.005691,0.289291,0.000719,0.005079,-0.096414,-0.008135,0.096757,0|1|2,0.5635
7262.100379,-0.175905,0.083172,0.005690,0.310079,-0.000095,0.005585,-0.117201,-0.007322,0.117429,0|1|2,0.5624
7262.117045,-0.183737,0.058421,0.006527,0.310079,-0.000095,0.005585,-0.103751,-0.011585,0.104396,0|1|2,0.5640
7262.133712,-0.177298,0.049380,0.006336,0.323890,0.000724,0.006133,-0.112646,-0.008906,0.112998,0|1|2,0.5633
7262.150379,-0.177298,0.049381,0.006337,0.330556,0.001085,0.006159,-0.119313,-0.009267,0.119672,0|1|2,0.5639
7262.183712,-0.161037,0.023004,0.005774,0.344169,0.000030,0.006440,-0.118587,0.000619,0.118589,0|1|2,0.5647
7262.217045,-0.176321,0.005451,0.005818,0.351265,0.000359,0.006780,-0.116147,-0.008021,0.116424,0|1|2|3|4,0.5488
7262.233712,-0.171911,-0.003513,0.005643,0.358303,0.000647,0.007076,-0.118313,-0.005914,0.118460,0|1|2|3|4,0.5640
7262.250379,-0.168448,-0.012395,0.006501,0.371852,0.001046,0.007407,-0.127034,-0.004433,0.127111,0|1|2|3|4,0.5627
7262.267045,-0.165974,-0.021146,0.007410,0.371852,0.001046,0.007407,-0.122277,-0.003091,0.122316,0|1|2|3|4,0.5618
7262.283712,-0.165974,-0.021145,0.007408,0.385478,0.001194,0.007741,-0.135903,-0.003239,0.135941,0|1|2|3|4,0.5606
7262.300379,-0.168575,-0.037793,0.008852,0.385478,0.001194,0.007741,-0.126856,-0.004657,0.126941,0|1|2|3|4,0.5599
7262.317045,-0.163935,-0.045645,0.008295,0.392549,0.001722,0.007959,-0.129659,-0.002665,0.129686,0|1|2|3|4,0.5619
7262.333712,-0.157011,-0.054865,0.007793,0.406265,0.002606,0.008087,-0.138362,0.000211,0.138362,0|1|2|3|4,0.5633
7262.350379,-0.151271,-0.063416,0.008057,0.413009,0.002863,0.008316,-0.140457,0.003072,0.140491,0|1|2|3|4,0.5634
7262.367045,-0.146333,-0.071953,0.007904,0.413009,0.002863,0.008316,-0.135816,0.005753,0.135938,0|1|2|3|4,0.5645
7262.383712,-0.146333,-0.071953,0.007905,0.419769,0.001894,0.008715,-0.142576,0.006722,0.142735,0|1|2|3|4,0.5642
7262.400379,-0.143981,-0.080746,0.007592,0.434001,0.001924,0.009444,-0.152029,0.007968,0.152237,0|1|2|3|4,0.5636
7262.417045,-0.157912,-0.097222,0.008204,0.434001,0.001924,0.009444,-0.143078,0.000393,0.143079,0|1|2|3|4,0.5644
7262.433712,-0.158067,-0.106332,0.008065,0.441071,0.001950,0.009689,-0.145197,0.000280,0.145198,0|1|2|3|4,0.5643
7262.450379,-0.158805,-0.115298,0.007931,0.447995,0.001933,0.010154,-0.147248,-0.000106,0.147249,0|1|2|3|4,0.5649
7262.467045,-0.160176,-0.123987,0.008614,0.461933,0.002404,0.011169,-0.156465,-0.001324,0.156471,0|1|2|3|4,0.5633
7262.500379,-0.156012,-0.141691,0.010660,0.468858,0.002439,0.011399,-0.153767,0.000899,0.153769,0|1|2|3|4,0.5621
7262.533712,-0.158899,-0.159201,0.012812,0.482726,0.002315,0.011463,-0.158119,-0.000550,0.158120,0|1|2|3|4,0.5627
7262.550379,-0.160936,-0.167922,0.013015,0.489808,0.002209,0.011633,-0.160462,-0.001553,0.160469,0|1|2|3|4,0.5623
7262.567045,-0.160935,-0.167921,0.013014,0.496955,0.002820,0.011919,-0.167609,-0.002164,0.167623,0|1|2|3|4,0.5619
7262.583712,-0.154421,-0.185604,0.016674,0.503813,0.002634,0.012313,-0.164855,0.001558,0.164863,0|1|2|3|4,0.5607
7262.600379,-0.159238,-0.194706,0.017168,0.510823,0.002294,0.012685,-0.166920,-0.000722,0.166921,0|1|2|3|4,0.5612
7262.617045,-0.159238,-0.194707,0.017168,0.524798,0.001512,0.012676,-0.180894,0.000060,0.180894,0|1|2|3|4,0.5622
7262.667045,-0.166483,-0.227669,0.014529,0.538088,0.003442,0.012581,-0.176272,-0.005816,0.176368,0|1|2|3|4,0.5610
7262.683712,-0.166484,-0.227668,0.014530,0.551361,0.003210,0.012560,-0.189546,-0.005585,0.189628,0|1|2|3|4,0.5602
7262.700379,-0.153547,-0.236855,0.014304,0.551361,0.003210,0.012560,-0.184550,0.001444,0.184555,0|1|2|3|4,0.5616
7262.717045,-0.159372,-0.254100,0.014447,0.564970,0.002621,0.012575,-0.188788,-0.001137,0.188791,0|1|2|3|4,0.5632
7262.733712,-0.164472,-0.262354,0.014552,0.571902,0.003073,0.012671,-0.191235,-0.004363,0.191285,0|1|2|3|4,0.5626
7262.750379,-0.169793,-0.271447,0.013738,0.571902,0.003073,0.012671,-0.186294,-0.007257,0.186435,0|1|2|3|4|5,0.5595
7262.767045,-0.169788,-0.271455,0.013719,0.585342,0.003437,0.013059,-0.199730,-0.007619,0.199875,0|1|2|3|4|5,0.5607
7262.783712,-0.156538,-0.288369,0.013383,0.591927,0.003052,0.013229,-0.197120,-0.000037,0.197120,0|1|2|3|4|5,0.5600
7262.800379,-0.156538,-0.288369,0.013383,0.591927,0.003052,0.013229,-0.197120,-0.000037,0.197120,0|1|2|3|4|5,0.5617
7262.817045,-0.168435,-0.305025,0.013483,0.598634,0.002669,0.013640,-0.194777,-0.006123,0.194873,0|1|2|3|4|5,0.5626
7262.833712,-0.175030,-0.313321,0.014142,0.605597,0.002834,0.014030,-0.197234,-0.009874,0.197481,0|1|2|3|4|5,0.5629
7262.850379,-0.172900,-0.321282,0.014716,0.612678,0.003584,0.014338,-0.199987,-0.009469,0.200211,0|1|2|3|4|5,0.5635
7262.867045,-0.172900,-0.321282,0.014717,0.619667,0.004324,0.014465,-0.206977,-0.010210,0.207228,0|1|2|3|4|5,0.5635
7262.883712,-0.162945,-0.330449,0.015011,0.632947,0.004012,0.014741,-0.215271,-0.004489,0.215318,0|1|2|3|4|5,0.5625
7262.900379,-0.151598,-0.347841,0.015614,0.632947,0.004012,0.014741,-0.205817,0.001673,0.205823,0|1|2|3|4|5,0.5623
7262.917045,-0.162745,-0.356036,0.015700,0.639638,0.003278,0.015125,-0.208057,-0.003654,0.208089,0|1|2|3|4|5,0.5625
7262.933712,-0.174323,-0.364323,0.016163,0.646683,0.003768,0.015290,-0.210601,-0.010438,0.210859,0|1|2|3|4|5,0.5630
7262.967045,-0.159613,-0.381449,0.015116,0.660599,0.004828,0.015564,-0.215205,-0.003507,0.215234,0|1|2|3|4|5,0.5628
7262.983712,-0.156213,-0.390391,0.015274,0.667366,0.004267,0.015553,-0.217112,-0.001100,0.217115,0|1|2|3|4|5,0.5624
7263.000379,-0.156212,-0.390392,0.015271,0.680679,0.003552,0.015691,-0.230425,-0.000385,0.230425,0|1|2|3|4|5,0.5633
7263.033712,-0.177660,-0.414893,0.015756,0.687353,0.004138,0.016168,-0.223787,-0.012634,0.224144,0|1|2|3|4|5,0.5640
7263.050379,-0.170393,-0.423582,0.016061,0.694305,0.004738,0.016334,-0.226016,-0.009286,0.226207,0|1|2|3|4|5,0.5640
7263.067045,-0.164034,-0.432345,0.015939,0.701179,0.005078,0.016499,-0.228126,-0.006173,0.228209,0|1|2|3|4|5,0.5636
7263.100379,-0.173463,-0.449903,0.016630,0.714697,0.003525,0.016767,-0.232104,-0.009749,0.232309,0|1|2|3|4|5,0.5642
7263.117045,-0.186410,-0.458475,0.016646,0.728520,0.004380,0.017341,-0.241271,-0.017643,0.241915,0|1|2|3|4|5,0.5633
7263.133712,-0.184097,-0.466266,0.016693,0.728520,0.004380,0.017341,-0.237036,-0.016387,0.237602,0|1|2|3|4|5,0.5640
7263.150379,-0.176424,-0.475446,0.017237,0.742018,0.004673,0.017649,-0.245544,-0.012512,0.245862,0|1|2|3|4|5,0.5632
7263.183712,-0.175553,-0.492627,0.018184,0.749014,0.004201,0.017968,-0.243201,-0.011572,0.243476,0|1|2|3|4|5,0.5636
7263.200379,-0.184163,-0.501515,0.018770,0.763316,0.005663,0.018069,-0.252675,-0.017715,0.253295,0|1|2|3|4|5,0.5634
7263.233712,-0.166659,-0.518761,0.018645,0.770277,0.006402,0.018131,-0.250259,-0.008945,0.250419,0|1|2|3|4|5,0.5650
7263.267045,-0.149993,-0.537336,0.019385,0.783816,0.007201,0.018424,-0.253699,-0.000691,0.253700,0|1|2|3|4|5|7,0.5546
7263.283712,-0.149810,-0.545491,0.018098,0.790700,0.006329,0.018697,-0.256151,0.000278,0.256151,0|1|2|3|4|5|6|7,0.5558
7263.300379,-0.163088,-0.553110,0.019230,0.804991,0.006885,0.018853,-0.266304,-0.007496,0.266410,0|1|2|3|4|5|6|7,0.5628
7263.317045,-0.160958,-0.562594,0.018601,0.804991,0.006885,0.018853,-0.261149,-0.006341,0.261226,0|1|2|3|4|5|6|7,0.5570
7263.333712,-0.160584,-0.563755,0.019683,0.819202,0.007383,0.018844,-0.274729,-0.006637,0.274809,2|3|4|5|6|7,0.5647
7263.350379,-0.157531,-0.581076,0.019344,0.819202,0.007383,0.018844,-0.265315,-0.004982,0.265362,2|3|4|5|6|7,0.5632
7263.367045,-0.155886,-0.590015,0.019720,0.833276,0.006806,0.018859,-0.274531,-0.003513,0.274553,2|3|4|5|6|7,0.5617
7263.383712,-0.155884,-0.590015,0.019717,0.840426,0.007511,0.018888,-0.281681,-0.004216,0.281712,2|3|4|5|6|7,0.5613
7263.400379,-0.166237,-0.599118,0.019295,0.847573,0.008213,0.018932,-0.283883,-0.010547,0.284079,2|3|4|5|6|7,0.5635
7263.417045,-0.158348,-0.615823,0.018380,0.847573,0.008213,0.018932,-0.274802,-0.006264,0.274873,2|3|4|5|6|7,0.5642
7263.433712,-0.150338,-0.625107,0.018619,0.854463,0.008860,0.019020,-0.276644,-0.002560,0.276656,2|3|4|5|6|7,0.5642
7263.450379,-0.150338,-0.625107,0.018620,0.868491,0.009065,0.019053,-0.290672,-0.002765,0.290686,2|3|4|5|6|7,0.5631
7263.467045,-0.134968,-0.642602,0.018653,0.875627,0.009155,0.019002,-0.288296,0.005494,0.288348,2|3|4|5|6|7,0.5620
7263.500379,-0.134967,-0.642602,0.018651,0.882891,0.009568,0.019001,-0.295560,0.005081,0.295604,2|3|4|5|6|7,0.5631
7263.533712,-0.135450,-0.678387,0.018976,0.897418,0.010284,0.019015,-0.290640,0.004094,0.290668,2|3|4|5|6|7,0.5619
7263.550379,-0.132515,-0.688047,0.018773,0.904453,0.009383,0.019108,-0.292424,0.006588,0.292498,2|3|4|5|6|7,0.5620
7263.567045,-0.147305,-0.696463,0.019236,0.918590,0.009547,0.019203,-0.301989,-0.001617,0.301994,2|3|4|5|6|7,0.5628
7263.583712,-0.147305,-0.696463,0.019236,0.925713,0.009754,0.019262,-0.309113,-0.001824,0.309118,2|3|4|5|6|7,0.5632
7263.600379,-0.147766,-0.713802,0.018675,0.925713,0.009754,0.019262,-0.299690,-0.002079,0.299697,2|3|4|5|6|7,0.5642
7263.617045,-0.146695,-0.723148,0.018250,0.932617,0.009945,0.019219,-0.301514,-0.001690,0.301518,2|3|4|5|6|7,0.5642
7263.633712,-0.145789,-0.731964,0.019227,0.939623,0.010057,0.019231,-0.303728,-0.001312,0.303731,2|3|4|5|6|7,0.5639
7263.667045,-0.158891,-0.748520,0.019174,0.953879,0.009482,0.019316,-0.308990,-0.007862,0.309090,2|3|4|5|6|7,0.5625
7263.683712,-0.157506,-0.758200,0.019166,0.961109,0.009698,0.019353,-0.310959,-0.007327,0.311046,2|3|4|5|6|7,0.5634
7263.700379,-0.156449,-0.767323,0.018868,0.975391,0.010131,0.019350,-0.320282,-0.007188,0.320363,2|3|4|5|6|7,0.5635
7263.717045,-0.154949,-0.776275,0.018638,0.982367,0.010268,0.019339,-0.322393,-0.006513,0.322459,2|3|4|5|6|7,0.5626
7263.733712,-0.154949,-0.776275,0.018638,0.982367,0.010268,0.019339,-0.322393,-0.006513,0.322459,2|3|4|5|6|7,0.5612
7263.750379,-0.153705,-0.792979,0.018888,0.989413,0.010450,0.019285,-0.320360,-0.006022,0.320417,2|3|4|5|6|7,0.5607
7263.767046,-0.153705,-0.792979,0.018888,0.996496,0.010656,0.019269,-0.327443,-0.006228,0.327502,2|3|4|5|6|7,0.5622
7263.783712,-0.151593,-0.811119,0.018605,1.003578,0.010858,0.019263,-0.324666,-0.005288,0.324709,2|3|4|5|6|7,0.5634
7263.817046,-0.151594,-0.811119,0.018605,1.024595,0.010535,0.019147,-0.345684,-0.004964,0.345719,2|3|4|5|6|7,0.5622
7263.833712,-0.149321,-0.829662,0.018546,1.024595,0.010535,0.019147,-0.335605,-0.003734,0.335626,2|3|4|5|6|7|8,0.5562
7263.850379,-0.148422,-0.839020,0.017417,1.038630,0.011235,0.018978,-0.344553,-0.003948,0.344576,3|4|5|6|7|8,0.5608
7263.867046,-0.157943,-0.855037,0.016947,1.038630,0.011235,0.018978,-0.335851,-0.009126,0.335975,3|4|5|6|7|8,0.5627
7263.883712,-0.153222,-0.864252,0.016534,1.052761,0.012128,0.018977,-0.344973,-0.007456,0.345053,3|4|5|6|7|8,0.5626
7263.900379,-0.153222,-0.864252,0.016534,1.059725,0.011569,0.019031,-0.351937,-0.006897,0.352005,3|4|5|6|7|8,0.5622
7263.917046,-0.144279,-0.882571,0.016208,1.059725,0.011569,0.019031,-0.341979,-0.002041,0.341985,3|4|5|6|7|8,0.5613
7263.933712,-0.144279,-0.882571,0.016206,1.066669,0.011476,0.019019,-0.348922,-0.001949,0.348927,3|4|5|6|7|8,0.5618
7263.950379,-0.157613,-0.899109,0.016876,1.073686,0.011716,0.019040,-0.346955,-0.009439,0.347084,3|4|5|6|7|8,0.5632
7263.967046,-0.157613,-0.899108,0.016876,1.087427,0.012200,0.019007,-0.360697,-0.009924,0.360833,3|4|5|6|7|8,0.5634
7264.000379,-0.152521,-0.926058,0.016977,1.094285,0.012427,0.018998,-0.352906,-0.007390,0.352983,3|4|5|6|7|8,0.5629
7264.017046,-0.152522,-0.926058,0.016976,1.108227,0.012606,0.019012,-0.366849,-0.007569,0.366927,3|4|5|6|7|8,0.5613
7264.033712,-0.153040,-0.942693,0.018000,1.115240,0.012883,0.019035,-0.364821,-0.008132,0.364911,3|4|5|6|7|8,0.5600
7264.067046,-0.153040,-0.942692,0.018002,1.129462,0.013463,0.018988,-0.379043,-0.008712,0.379143,3|4|5|6|7|8,0.5620
7264.083712,-0.148103,-0.969133,0.018369,1.136670,0.013061,0.018951,-0.371880,-0.005634,0.371922,3|4|5|6|7|8,0.5613
7264.100379,-0.148103,-0.969134,0.018368,1.143804,0.012459,0.018729,-0.379013,-0.005032,0.379047,3|4|5|6|7|8,0.5601
7264.133712,-0.145910,-0.978486,0.018090,1.157818,0.013014,0.018625,-0.387944,-0.004396,0.387969,3|4|5|6|7|8,0.5626
7264.150379,-0.162862,-0.995509,0.017941,1.157818,0.013014,0.018625,-0.378697,-0.013614,0.378942,3|4|5|6|7|8,0.5630
7264.167046,-0.158310,-1.014033,0.018359,1.164722,0.013278,0.018607,-0.375532,-0.011410,0.375705,3|4|5|6|7|8,0.5630
7264.183712,-0.156236,-1.022990,0.017768,1.171695,0.013544,0.018583,-0.377638,-0.010550,0.377785,3|4|5|6|7|8,0.5619
7264.200379,-0.154204,-1.032225,0.017323,1.185676,0.012429,0.018521,-0.386598,-0.008333,0.386688,3|4|5|6|7|8,0.5605
7264.217046,-0.154205,-1.032225,0.017319,1.192730,0.012905,0.018493,-0.393653,-0.008809,0.393751,3|4|5|6|7|8,0.5607
7264.233712,-0.173664,-1.048124,0.017470,1.192730,0.012905,0.018493,-0.385017,-0.019389,0.385505,3|4|5|6|7|8,0.5629
7264.250379,-0.173664,-1.048125,0.017471,1.207111,0.013822,0.018511,-0.399398,-0.020306,0.399913,3|4|5|6|7|8,0.5634
7264.267046,-0.163577,-1.066508,0.017485,1.207111,0.013822,0.018511,-0.389404,-0.014829,0.389686,3|4|5|6|7|8,0.5627
7264.283712,-0.163577,-1.066508,0.017486,1.221333,0.013366,0.018571,-0.403626,-0.014373,0.403882,3|4|5|6|7|8,0.5621
7264.300379,-0.169492,-1.084624,0.017239,1.228432,0.014150,0.018563,-0.400881,-0.018376,0.401301,3|4|5|6|7|8,0.5622
7264.317046,-0.169414,-1.085373,0.016987,1.235410,0.014939,0.018526,-0.407452,-0.019123,0.407901,3|4|5|6|7|8|10,0.5587
7264.333712,-0.159504,-1.101785,0.016487,1.235410,0.014939,0.018526,-0.398530,-0.013741,0.398767,3|4|5|6|7|8|9|10,0.5613
7264.350379,-0.150938,-1.110449,0.016253,1.242378,0.015715,0.018466,-0.400786,-0.009864,0.400908,3|4|5|6|7|8|9|10,0.5560
7264.367046,-0.141041,-1.119279,0.017510,1.249441,0.016303,0.018474,-0.403049,-0.005075,0.403081,3|5|6|7|8|9|10,0.5545
7264.383712,-0.135471,-1.127857,0.017186,1.256657,0.015277,0.018441,-0.405601,-0.001024,0.405602,5|6|7|8|9|10,0.5608
7264.400379,-0.152009,-1.137233,0.017472,1.263706,0.015288,0.018392,-0.407558,-0.010026,0.407682,5|6|7|8|9|10,0.5607
7264.417046,-0.152009,-1.137233,0.017471,1.270863,0.015641,0.018398,-0.414715,-0.010378,0.414845,5|6|7|8|9|10,0.5630
7264.433712,-0.149602,-1.154924,0.017348,1.278017,0.015998,0.018402,-0.412254,-0.009432,0.412362,5|6|7|8|9|10,0.5631
7264.450379,-0.146081,-1.164324,0.017151,1.292289,0.015926,0.018385,-0.421416,-0.007448,0.421482,5|6|7|8|9|10,0.5630
7264.467046,-0.146081,-1.164324,0.017151,1.299147,0.015203,0.018199,-0.428275,-0.006726,0.428328,5|6|7|8|9|10,0.5622
7264.483712,-0.150677,-1.182116,0.017673,1.306035,0.015937,0.018186,-0.425494,-0.009963,0.425611,5|6|7|8|9|10,0.5625
7264.500379,-0.161619,-1.189487,0.017056,1.306035,0.015937,0.018186,-0.421491,-0.015911,0.421792,5|6|7|8|9|10,0.5620
7264.517046,-0.152567,-1.198498,0.016549,1.312929,0.016723,0.018238,-0.423485,-0.011779,0.423649,5|6|7|8|9|10,0.5625
7264.533712,-0.142981,-1.207326,0.016698,1.326899,0.018423,0.018259,-0.432655,-0.008272,0.432734,5|6|7|8|9|10,0.5628
7264.550379,-0.142980,-1.207326,0.016698,1.326899,0.018423,0.018259,-0.432655,-0.008271,0.432734,5|6|7|8|9|10,0.5629
7264.567046,-0.122435,-1.225369,0.016990,1.341333,0.017610,0.018076,-0.437278,0.003703,0.437294,5|6|7|8|9|10,0.5619
7264.583712,-0.129204,-1.234285,0.017497,1.348252,0.017889,0.017094,-0.439353,-0.000257,0.439353,5|6|7|8|9|10,0.5625
7264.633712,-0.129204,-1.234286,0.017497,1.369074,0.018293,0.016691,-0.460175,-0.000662,0.460175,5|6|7|8|9|10,0.5620
7264.650379,-0.125692,-1.260699,0.015874,1.376044,0.017486,0.016553,-0.452789,0.002048,0.452793,5|6|7|8|9|10,0.5608
7264.667046,-0.131738,-1.278008,0.015207,1.376044,0.017486,0.016553,-0.443383,-0.001242,0.443385,5|6|7|8|9|10,0.5633
7264.683712,-0.131738,-1.278008,0.015208,1.389619,0.018049,0.016518,-0.456958,-0.001806,0.456961,5|6|7|8|9|10,0.5631
7264.700379,-0.144827,-1.294778,0.014994,1.396629,0.018601,0.016518,-0.454857,-0.009475,0.454956,5|6|7|8|9|10,0.5632
7264.733712,-0.144827,-1.294778,0.014994,1.410347,0.018206,0.016046,-0.468576,-0.009080,0.468664,5|6|7|8|9|10,0.5628
7264.750379,-0.132924,-1.312840,0.014544,1.417320,0.017545,0.016058,-0.465729,-0.001955,0.465733,5|6|7|8|9|10,0.5627
7264.767046,-0.142585,-1.330428,0.014090,1.417320,0.017545,0.016058,-0.456173,-0.007210,0.456230,5|6|7|8|9|10,0.5628
7264.783712,-0.153326,-1.339778,0.014236,1.431285,0.018495,0.016145,-0.465059,-0.014000,0.465270,5|6|7|8|9|10,0.5616
7264.800379,-0.149641,-1.346906,0.014216,1.431285,0.018495,0.016145,-0.461184,-0.011999,0.461340,5|6|7|8|9|10,0.5613
7264.817046,-0.142351,-1.356208,0.014489,1.445461,0.018571,0.016135,-0.470303,-0.008115,0.470373,5|6|7|8|9|10,0.5609
7264.833712,-0.142351,-1.356208,0.014489,1.445461,0.018571,0.016135,-0.470303,-0.008115,0.470373,5|6|7|8|9|10,0.5598
7264.850379,-0.144308,-1.373883,0.014367,1.458965,0.018096,0.015466,-0.474202,-0.008708,0.474282,5|6|7|8|9|10|11,0.5597
7264.867046,-0.144307,-1.373887,0.014363,1.465610,0.018674,0.015360,-0.480844,-0.009286,0.480934,5|6|7|8|9|10|11,0.5614
7264.883712,-0.152324,-1.389477,0.012944,1.472464,0.019275,0.015268,-0.479227,-0.014248,0.479439,5|6|7|8|9|10|11,0.5560
7264.900379,-0.151793,-1.390089,0.013757,1.479520,0.019831,0.015240,-0.485951,-0.014516,0.486168,6|7|8|9|10|11,0.5625
7264.917046,-0.137285,-1.407660,0.014499,1.479520,0.019831,0.015240,-0.476398,-0.006635,0.476444,6|7|8|9|10|11,0.5621
7264.933712,-0.130988,-1.416491,0.014268,1.493597,0.018696,0.014915,-0.485673,-0.002080,0.485678,6|7|8|9|10|11,0.5621
7264.950379,-0.140280,-1.425658,0.014299,1.493597,0.018696,0.014915,-0.480694,-0.007132,0.480746,6|7|8|9|10|11,0.5622
7264.967046,-0.149796,-1.434862,0.014009,1.500382,0.018443,0.014699,-0.482479,-0.012053,0.482629,6|7|8|9|10|11,0.5617
7264.983712,-0.149795,-1.434863,0.014010,1.507195,0.019279,0.014679,-0.489291,-0.012888,0.489461,6|7|8|9|10|11,0.5615
7265.017046,-0.132558,-1.459584,0.013806,1.520910,0.019685,0.014522,-0.489567,-0.003933,0.489583,6|7|8|9|10|11,0.5609
7265.033712,-0.141705,-1.468272,0.014047,1.534969,0.018665,0.014530,-0.498906,-0.007887,0.498968,6|7|8|9|10|11,0.5628
7265.050379,-0.150876,-1.477280,0.014276,1.534969,0.018665,0.014530,-0.494012,-0.012873,0.494180,6|7|8|9|10|11,0.5625
7265.067046,-0.150876,-1.477281,0.014274,1.541958,0.019329,0.014560,-0.501002,-0.013537,0.501185,6|7|8|9|10|11,0.5633
7265.100379,-0.158672,-1.485052,0.013924,1.555808,0.020691,0.014503,-0.510630,-0.019138,0.510988,6|7|8|9|10|11,0.5633
7265.117046,-0.133931,-1.512065,0.013934,1.562616,0.020764,0.014474,-0.502751,-0.005772,0.502784,6|7|8|9|10|11,0.5623
7265.133712,-0.133931,-1.512065,0.013937,1.576336,0.019581,0.014398,-0.516471,-0.004589,0.516491,6|7|8|9|10|11,0.5618
7265.150379,-0.147485,-1.529135,0.013819,1.576336,0.019581,0.014398,-0.507197,-0.011959,0.507338,6|7|8|9|10|11,0.5616
7265.167046,-0.154351,-1.536714,0.014176,1.590744,0.020995,0.014381,-0.517488,-0.017106,0.517771,6|7|8|9|10|11,0.5614
7265.183712,-0.145689,-1.545829,0.013435,1.590744,0.020995,0.014381,-0.512532,-0.012400,0.512682,6|7|8|9|10|11,0.5620
7265.200379,-0.136968,-1.555145,0.012992,1.597991,0.020718,0.014360,-0.514713,-0.007387,0.514766,6|7|8|9|10|11,0.5622
7265.217046,-0.142433,-1.564417,0.012607,1.605239,0.020207,0.014365,-0.516923,-0.009849,0.517017,6|7|8|9|10|11,0.5624
7265.233712,-0.142434,-1.564417,0.012606,1.619169,0.019960,0.014381,-0.530854,-0.009602,0.530940,6|7|8|9|10|11,0.5629
7265.250379,-0.151211,-1.573688,0.012489,1.626064,0.020699,0.014387,-0.532712,-0.015113,0.532927,6|7|8|9|10|11,0.5617
7265.267046,-0.160156,-1.583186,0.013310,1.633049,0.021232,0.014287,-0.534537,-0.020510,0.534931,6|7|8|9|10|11,0.5614
7265.283712,-0.147412,-1.599686,0.013149,1.640159,0.020675,0.014218,-0.532677,-0.013031,0.532836,6|7|8|9|10|11,0.5609
7265.300379,-0.147412,-1.599686,0.013147,1.647314,0.020121,0.014203,-0.539832,-0.012477,0.539976,6|7|8|9|10|11,0.5606
7265.317046,-0.141840,-1.608701,0.013426,1.654330,0.019533,0.014142,-0.541947,-0.008863,0.542019,6|7|8|9|10|11,0.5616
7265.350379,-0.169511,-1.636393,0.012864,1.668410,0.020849,0.014100,-0.540984,-0.025224,0.541572,6|7|8|9|10|11,0.5609
7265.367046,-0.160685,-1.644214,0.012046,1.668410,0.020849,0.014100,-0.536732,-0.020429,0.537120,6|7|8|9|10|11|13,0.5542
7265.383712,-0.153054,-1.653674,0.011278,1.675604,0.020667,0.014130,-0.538783,-0.016103,0.539023,6|7|8|9|10|11|12|13,0.5616
7265.400379,-0.157191,-1.662283,0.010460,1.690014,0.020399,0.014256,-0.548514,-0.018086,0.548812,6|7|8|9|10|11|12|13,0.5575
7265.417046,-0.160520,-1.671438,0.009855,1.696979,0.021425,0.014261,-0.550505,-0.020923,0.550903,8|9|10|11|12|13,0.5615
7265.433712,-0.160520,-1.671438,0.009856,1.704032,0.022696,0.014238,-0.557557,-0.022194,0.557999,8|9|10|11|12|13,0.5602
7265.450379,-0.163887,-1.680616,0.010114,1.704032,0.022696,0.014238,-0.552570,-0.024027,0.553092,8|9|10|11|12|13,0.5608
7265.483712,-0.127311,-1.706362,0.010539,1.718204,0.022762,0.014175,-0.552741,-0.004220,0.552757,8|9|10|11|12|13,0.5607
7265.500379,-0.136507,-1.715514,0.010495,1.732396,0.021782,0.014105,-0.561962,-0.008241,0.562022,8|9|10|11|12|13,0.5611
7265.517046,-0.145390,-1.724441,0.010144,1.732396,0.021782,0.014105,-0.557112,-0.013071,0.557266,8|9|10|11|12|13,0.5612
7265.533712,-0.145390,-1.724441,0.010145,1.746791,0.023440,0.013729,-0.571507,-0.014728,0.571697,8|9|10|11|12|13,0.5619
7265.550379,-0.142208,-1.741699,0.009941,1.746791,0.023440,0.013729,-0.562127,-0.013003,0.562277,8|9|10|11|12|13,0.5621
7265.567046,-0.131194,-1.750951,0.009607,1.754003,0.023151,0.013755,-0.564307,-0.006730,0.564347,8|9|10|11|12|13,0.5616
7265.583712,-0.131193,-1.750951,0.009609,1.761218,0.022637,0.013774,-0.571523,-0.006217,0.571557,8|9|10|11|12|13,0.5619
7265.617046,-0.154203,-1.778564,0.010472,1.775162,0.022434,0.013703,-0.570465,-0.018526,0.570766,8|9|10|11|12|13,0.5609
7265.633712,-0.150232,-1.785323,0.009895,1.782203,0.023722,0.013818,-0.573832,-0.017658,0.574104,8|9|10|11|12|13,0.5614
7265.650379,-0.133264,-1.794682,0.009797,1.796432,0.024794,0.013829,-0.582971,-0.009510,0.583049,8|9|10|11|12|13,0.5624
7265.667046,-0.133266,-1.794682,0.009794,1.803679,0.024665,0.013784,-0.590218,-0.009383,0.590292,8|9|10|11|12|13,0.5636
7265.683712,-0.121273,-1.813283,0.010329,1.803679,0.024665,0.013784,-0.580106,-0.002869,0.580113,8|9|10|11|12|13,0.5637
7265.700379,-0.124500,-1.822621,0.010336,1.810929,0.024521,0.013735,-0.582281,-0.004481,0.582299,8|9|10|11|12|13,0.5630
7265.717046,-0.124499,-1.822621,0.010339,1.818078,0.024946,0.013712,-0.589430,-0.004906,0.589451,8|9|10|11|12|13,0.5616
7265.733712,-0.122354,-1.839621,0.009707,1.825240,0.025725,0.013809,-0.587352,-0.004523,0.587370,8|9|10|11|12|13,0.5613
7265.750379,-0.113564,-1.849113,0.009786,1.832361,0.025223,0.013953,-0.589313,0.000754,0.589313,8|9|10|11|12|13,0.5619
7265.767046,-0.113564,-1.849113,0.009787,1.846472,0.024198,0.014004,-0.603423,0.001778,0.603426,8|9|10|11|12|13,0.5629
7265.783712,-0.130914,-1.866857,0.010939,1.853569,0.024460,0.014033,-0.600881,-0.007918,0.600933,8|9|10|11|12|13,0.5629
7265.800379,-0.130913,-1.866858,0.010942,1.860603,0.025291,0.014102,-0.607915,-0.008748,0.607978,8|9|10|11|12|13,0.5622
7265.817046,-0.136547,-1.883851,0.011534,1.860603,0.025291,0.014102,-0.598681,-0.011814,0.598798,8|9|10|11|12|13,0.5629
7265.850379,-0.136549,-1.883851,0.011532,1.881398,0.024773,0.014207,-0.619476,-0.011298,0.619579,8|9|10|11|12|13,0.5630
7265.867046,-0.130657,-1.911179,0.011069,1.881398,0.024773,0.014207,-0.604622,-0.008102,0.604676,8|9|10|11|12|13,0.5634
7265.883712,-0.138382,-1.920732,0.010849,1.888516,0.024335,0.014242,-0.606551,-0.011865,0.606667,8|9|10|11|12|13|14,0.5568
7265.917046,-0.136239,-1.936892,0.010735,1.902871,0.025866,0.014410,-0.612122,-0.012234,0.612244,8|9|10|11|12|13|14,0.5603
7265.950379,-0.136079,-1.937036,0.010774,1.923938,0.024472,0.014438,-0.633111,-0.010753,0.633202,9|10|11|12|13|14,0.5608
7265.967046,-0.134134,-1.955797,0.011286,1.930904,0.025205,0.014476,-0.629880,-0.010434,0.629967,9|10|11|12|13|14,0.5610
7265.983712,-0.145350,-1.964733,0.011236,1.937867,0.025963,0.014518,-0.631989,-0.017291,0.632226,9|10|11|12|13|14,0.5614
7266.000379,-0.141491,-1.980904,0.012079,1.937867,0.025963,0.014518,-0.623200,-0.015198,0.623385,9|10|11|12|13|14,0.5618
7266.017046,-0.141491,-1.980904,0.012079,1.952008,0.026218,0.014460,-0.637341,-0.015453,0.637528,9|10|11|12|13|14,0.5608
7266.033712,-0.123490,-1.999422,0.011533,1.959065,0.025765,0.014342,-0.634330,-0.005221,0.634351,9|10|11|12|13|14,0.5608
7266.050379,-0.123489,-1.999422,0.011535,1.966083,0.025285,0.014228,-0.641347,-0.004740,0.641365,9|10|11|12|13|14,0.5616
7266.067046,-0.139123,-2.017659,0.011070,1.972789,0.025829,0.014206,-0.638146,-0.013786,0.638295,9|10|11|12|13|14,0.5616
7266.083712,-0.147180,-2.027021,0.010735,1.972789,0.025829,0.014206,-0.633060,-0.018167,0.633321,9|10|11|12|13|14,0.5604
7266.100379,-0.140248,-2.033366,0.011093,1.979692,0.026800,0.014206,-0.636513,-0.015373,0.636698,9|10|11|12|13|14,0.5613
7266.133712,-0.134545,-2.051806,0.010805,2.000637,0.025722,0.013813,-0.647434,-0.011200,0.647531,9|10|11|12|13|14,0.5612
7266.150379,-0.141846,-2.060569,0.010583,2.000637,0.025722,0.013813,-0.642673,-0.015169,0.642852,9|10|11|12|13|14,0.5622
7266.183712,-0.147716,-2.076639,0.010905,2.021390,0.027475,0.013857,-0.654694,-0.020117,0.655003,9|10|11|12|13|14,0.5626
7266.200379,-0.137277,-2.085777,0.010611,2.021390,0.027475,0.013857,-0.649725,-0.014445,0.649886,9|10|11|12|13|14,0.5625
7266.217046,-0.137277,-2.085777,0.010610,2.028191,0.027679,0.013812,-0.656527,-0.014650,0.656691,9|10|11|12|13|14,0.5620
7266.250379,-0.136597,-2.112253,0.010298,2.048706,0.026722,0.013815,-0.662652,-0.013329,0.662786,9|10|11|12|13|14,0.5624
7266.267046,-0.146534,-2.121231,0.010086,2.048706,0.026722,0.013815,-0.657775,-0.018732,0.658042,9|10|11|12|13|14,0.5617
7266.283712,-0.144117,-2.128122,0.009959,2.055847,0.027584,0.013679,-0.661171,-0.018282,0.661424,9|10|11|12|13|14,0.5619
7266.300379,-0.144119,-2.128122,0.009956,2.070367,0.027101,0.013620,-0.675690,-0.017801,0.675925,9|10|11|12|13|14,0.5617
7266.333712,-0.142934,-2.156708,0.009965,2.084466,0.026431,0.013746,-0.674254,-0.016494,0.674455,9|10|11|12|13|14,0.5635
7266.350379,-0.149190,-2.166160,0.010001,2.084466,0.026431,0.013746,-0.669118,-0.019896,0.669414,9|10|11|12|13|14,0.5632
7266.383712,-0.144296,-2.182083,0.009617,2.098309,0.027848,0.013031,-0.674306,-0.018658,0.674564,9|10|11|12|13|14,0.5629
7266.400379,-0.135742,-2.191647,0.009395,2.112451,0.027104,0.012603,-0.683249,-0.013267,0.683377,9|10|11|12|13|14,0.5634
7266.417046,-0.135742,-2.191648,0.009394,2.119654,0.026751,0.012607,-0.690451,-0.012914,0.690572,9|10|11|12|13|14,0.5630
7266.433712,-0.149538,-2.210221,0.008858,2.119654,0.026751,0.012607,-0.680360,-0.020417,0.680667,9|10|11|12|13|14|15|16,0.5628
7266.450379,-0.155946,-2.219124,0.008270,2.126698,0.026475,0.012355,-0.682567,-0.023626,0.682975,9|10|11|12|13|14|15|16,0.5534
7266.467046,-0.156841,-2.220168,0.006745,2.140744,0.027158,0.012196,-0.696047,-0.024796,0.696488,11|12|13|14|15|16,0.5620
7266.483712,-0.161822,-2.228570,0.006576,2.140744,0.027158,0.012196,-0.691481,-0.027504,0.692028,11|12|13|14|15|16,0.5619
7266.500379,-0.153671,-2.235961,0.006905,2.155079,0.027299,0.012286,-0.701797,-0.023217,0.702181,11|12|13|14|15|16,0.5628
7266.517046,-0.154447,-2.254781,0.007199,2.162232,0.027404,0.012291,-0.698722,-0.023749,0.699125,11|12|13|14|15|16,0.5629
7266.533712,-0.154448,-2.254781,0.007199,2.169109,0.028757,0.012295,-0.705599,-0.025102,0.706045,11|12|13|14|15|16,0.5619
7266.550379,-0.154273,-2.272744,0.007675,2.169109,0.028757,0.012295,-0.695837,-0.025012,0.696286,11|12|13|14|15|16,0.5603
7266.583712,-0.126198,-2.290253,0.008158,2.183241,0.029248,0.012131,-0.700445,-0.010249,0.700520,11|12|13|14|15|16,0.5624
7266.600379,-0.132037,-2.299003,0.008171,2.190233,0.028979,0.012072,-0.702683,-0.013155,0.702807,11|12|13|14|15|16,0.5634
7266.617046,-0.136937,-2.307910,0.008293,2.204221,0.028549,0.012005,-0.711833,-0.015390,0.711999,11|12|13|14|15|16,0.5635
7266.633712,-0.141483,-2.316814,0.008156,2.204221,0.028549,0.012005,-0.706995,-0.017864,0.707220,11|12|13|14|15|16,0.5631
7266.650379,-0.144838,-2.324564,0.008268,2.218494,0.029453,0.011361,-0.717056,-0.020593,0.717351,11|12|13|14|15|16,0.5623
7266.667046,-0.131779,-2.332841,0.007876,2.218494,0.029453,0.011361,-0.712554,-0.013497,0.712682,11|12|13|14|15|16,0.5628
7266.700379,-0.137603,-2.351906,0.006280,2.239784,0.028731,0.011452,-0.723484,-0.015946,0.723660,11|12|13|14|15|16,0.5639
7266.717046,-0.142109,-2.361281,0.005888,2.239784,0.028731,0.011452,-0.718390,-0.018397,0.718626,11|12|13|14|15|16,0.5633
7266.733712,-0.146609,-2.370900,0.006024,2.246397,0.029166,0.011384,-0.719777,-0.021281,0.720092,11|12|13|14|15|16,0.5627
7266.750379,-0.141096,-2.375867,0.006438,2.253509,0.030659,0.011443,-0.724188,-0.019778,0.724458,11|12|13|14|15|16,0.5618
7266.767046,-0.121438,-2.386251,0.006744,2.260751,0.030825,0.011434,-0.725781,-0.009264,0.725840,11|12|13|14|15|16,0.5614
7266.800379,-0.119928,-2.404421,0.006936,2.275254,0.031098,0.011364,-0.730410,-0.008720,0.730462,11|12|13|14|15|16,0.5631
7266.817046,-0.118878,-2.413952,0.006556,2.289544,0.031440,0.011292,-0.739519,-0.008494,0.739568,11|12|13|14|15|16,0.5632
7266.833712,-0.118878,-2.413952,0.006557,2.289544,0.031440,0.011292,-0.739519,-0.008494,0.739568,11|12|13|14|15|16,0.5626
7266.850379,-0.116366,-2.431311,0.006144,2.296633,0.031184,0.011299,-0.737173,-0.006877,0.737205,11|12|13|14|15|16,0.5617
7266.867046,-0.121019,-2.439880,0.006445,2.303711,0.030984,0.011356,-0.739595,-0.009208,0.739652,11|12|13|14|15|16,0.5636
7266.883712,-0.121020,-2.439878,0.006445,2.310744,0.030801,0.011373,-0.746629,-0.009025,0.746683,11|12|13|14|15|16,0.5635
7266.900379,-0.124895,-2.449171,0.006519,2.324636,0.030834,0.011386,-0.755472,-0.011167,0.755554,11|12|13|14|15|16,0.5628
7266.917046,-0.128583,-2.458183,0.006318,2.331693,0.031469,0.011451,-0.757632,-0.013808,0.757758,11|12|13|14|15|16,0.5618
7266.933712,-0.132256,-2.467160,0.007052,2.338777,0.031344,0.011515,-0.759838,-0.015683,0.760000,11|12|13|14|15|16,0.5619
7266.950379,-0.129769,-2.474836,0.006625,2.338777,0.031344,0.011515,-0.755665,-0.014333,0.755801,11|12|13|14|15|16|17,0.5628
7266.967046,-0.126224,-2.492400,0.006843,2.345861,0.031248,0.011584,-0.753203,-0.012314,0.753304,11|12|13|14|15|16|17,0.5559
7266.983712,-0.128574,-2.502761,0.007448,2.359680,0.031020,0.011566,-0.761392,-0.013366,0.761509,12|13|14|15|16|17,0.5638
7267.000379,-0.131227,-2.511863,0.007527,2.359680,0.031020,0.011566,-0.756446,-0.014810,0.756590,12|13|14|15|16|17,0.5628
7267.017046,-0.133759,-2.521198,0.007193,2.366546,0.031679,0.011577,-0.758239,-0.016848,0.758426,12|13|14|15|16|17,0.5616
7267.033712,-0.133759,-2.521198,0.007193,2.373770,0.031388,0.011492,-0.765462,-0.016557,0.765642,12|13|14|15|16|17,0.5617
7267.050379,-0.130760,-2.537483,0.006367,2.381005,0.031065,0.011509,-0.763847,-0.014608,0.763986,12|13|14|15|16|17,0.5620
7267.067046,-0.130760,-2.537483,0.006368,2.394916,0.030371,0.011335,-0.777758,-0.013914,0.777882,12|13|14|15|16|17,0.5617
7267.083712,-0.136448,-2.546712,0.006171,2.401558,0.031139,0.011210,-0.779385,-0.017775,0.779588,12|13|14|15|16|17,0.5609
7267.100379,-0.148460,-2.565136,0.006380,2.408689,0.032042,0.011180,-0.776506,-0.025211,0.776916,12|13|14|15|16|17,0.5602
7267.117046,-0.137478,-2.571099,0.006330,2.408689,0.032042,0.011180,-0.773263,-0.019244,0.773502,12|13|14|15|16|17,0.5608
7267.133712,-0.125951,-2.581135,0.006022,2.422947,0.031897,0.011187,-0.782063,-0.012838,0.782168,12|13|14|15|16|17,0.5619
7267.217046,-0.125952,-2.581135,0.006021,2.457432,0.031562,0.010947,-0.816548,-0.012503,0.816644,12|13|14|15|16|17,0.5596
7267.233712,-0.138572,-2.632738,0.004515,2.464433,0.031546,0.010997,-0.795508,-0.019358,0.795743,12|13|14|15|16|17,0.5618
7267.250379,-0.140112,-2.642069,0.004540,2.471430,0.031547,0.011074,-0.797434,-0.020199,0.797689,12|13|14|15|16|17,0.5620
7267.267046,-0.140112,-2.642068,0.004540,2.478436,0.031556,0.011090,-0.804440,-0.020207,0.804694,12|13|14|15|16|17,0.5616
7267.283712,-0.142538,-2.660140,0.005566,2.478436,0.031556,0.011090,-0.794619,-0.021531,0.794910,12|13|14|15|16|17,0.5613
7267.300379,-0.143475,-2.669287,0.005434,2.492169,0.032917,0.011156,-0.803381,-0.023404,0.803722,12|13|14|15|16|17,0.5605
7267.317046,-0.143475,-2.669288,0.005434,2.499032,0.032697,0.011077,-0.810244,-0.023183,0.810575,12|13|14|15|16|17,0.5606
7267.333712,-0.126997,-2.685161,0.005791,2.505908,0.032484,0.011109,-0.808489,-0.014019,0.808611,12|13|14|15|16|17,0.5609
7267.367046,-0.135137,-2.702898,0.005974,2.513090,0.032314,0.011078,-0.806033,-0.018277,0.806240,12|13|14|15|16|17,0.5622
7267.383712,-0.138615,-2.711909,0.006106,2.520284,0.032108,0.010965,-0.808331,-0.019964,0.808577,12|13|14|15|16|17,0.5608
7267.400379,-0.138615,-2.711910,0.006107,2.534419,0.031961,0.010197,-0.822465,-0.019817,0.822704,12|13|14|15|16|17,0.5606
7267.433712,-0.144723,-2.737670,0.005001,2.541489,0.032062,0.010198,-0.815537,-0.023245,0.815868,12|13|14|15|16|17,0.5634
7267.450379,-0.144723,-2.737670,0.005001,2.548375,0.032152,0.010252,-0.822423,-0.023334,0.822754,12|13|14|15|16|17,0.5636
7267.467046,-0.144043,-2.757254,0.005287,2.555285,0.032250,0.010215,-0.818689,-0.023068,0.819014,12|13|14|15|16|17|18|19,0.5627
7267.483712,-0.144029,-2.757279,0.005309,2.569277,0.032263,0.010038,-0.832668,-0.023073,0.832987,12|13|14|15|16|17|18|19,0.5578
7267.500379,-0.143699,-2.774256,0.005549,2.569277,0.032263,0.010038,-0.823442,-0.022898,0.823760,14|15|16|17|18|19,0.5634
7267.517046,-0.144166,-2.783473,0.004910,2.583331,0.032387,0.009621,-0.832486,-0.023278,0.832812,14|15|16|17|18|19,0.5645
7267.533712,-0.144458,-2.792721,0.005156,2.583331,0.032387,0.009621,-0.827461,-0.023440,0.827792,14|15|16|17|18|19,0.5636
7267.550379,-0.144516,-2.801994,0.005170,2.590579,0.032501,0.009511,-0.829668,-0.023587,0.830003,14|15|16|17|18|19,0.5625
7267.567046,-0.144516,-2.801995,0.005171,2.597733,0.032049,0.009496,-0.836822,-0.023135,0.837142,14|15|16|17|18|19,0.5615
7267.583712,-0.151545,-2.819135,0.005007,2.604574,0.031478,0.009216,-0.834349,-0.026388,0.834767,14|15|16|17|18|19,0.5617
7267.600379,-0.159263,-2.826739,0.004482,2.618421,0.032387,0.009214,-0.844065,-0.031494,0.844652,14|15|16|17|18|19,0.5622
7267.617046,-0.154102,-2.835800,0.004930,2.618421,0.032387,0.009214,-0.839139,-0.028692,0.839630,14|15|16|17|18|19,0.5618
7267.633712,-0.148556,-2.844903,0.005309,2.625341,0.032869,0.009285,-0.841111,-0.026161,0.841518,14|15|16|17|18|19,0.5607
7267.650379,-0.142475,-2.854215,0.005300,2.639294,0.033289,0.009289,-0.850002,-0.023279,0.850320,14|15|16|17|18|19,0.5608
7267.667046,-0.142475,-2.854214,0.005298,2.646296,0.033423,0.009230,-0.857004,-0.023413,0.857324,14|15|16|17|18|19,0.5593
7267.683712,-0.138293,-2.870413,0.005432,2.646296,0.033423,0.009230,-0.848199,-0.021144,0.848463,14|15|16|17|18|19,0.5603
7267.700379,-0.138293,-2.870413,0.005433,2.660000,0.033791,0.009133,-0.861903,-0.021511,0.862172,14|15|16|17|18|19,0.5622
7267.733712,-0.137319,-2.879276,0.005687,2.674094,0.034126,0.009064,-0.871180,-0.021319,0.871441,14|15|16|17|18|19,0.5632
7267.750379,-0.131855,-2.906212,0.004927,2.674094,0.034126,0.009064,-0.856540,-0.018357,0.856736,14|15|16|17|18|19,0.5616
7267.767046,-0.131172,-2.913686,0.005041,2.681121,0.033463,0.008842,-0.859504,-0.017325,0.859679,14|15|16|17|18|19,0.5613
7267.783712,-0.140403,-2.922235,0.005119,2.688146,0.033693,0.008824,-0.861886,-0.022573,0.862182,14|15|16|17|18|19,0.5627
7267.800379,-0.140404,-2.922235,0.005119,2.702181,0.034209,0.008892,-0.875921,-0.023090,0.876226,14|15|16|17|18|19,0.5631
7267.850379,-0.137980,-2.931764,0.004109,2.716128,0.034403,0.008799,-0.884688,-0.021970,0.884961,14|15|16|17|18|19,0.5609
7267.867046,-0.129019,-2.959958,0.004515,2.723018,0.034307,0.008625,-0.876253,-0.017011,0.876418,14|15|16|17|18|19,0.5601
7267.883712,-0.132889,-2.974231,0.003955,2.730247,0.034900,0.008574,-0.875726,-0.019711,0.875948,14|15|16|17|18|19,0.5611
7267.900379,-0.125280,-2.984028,0.003860,2.744742,0.036106,0.008509,-0.884895,-0.016783,0.885054,14|15|16|17|18|19,0.5628
7267.917046,-0.125280,-2.984027,0.003859,2.744742,0.036106,0.008509,-0.884895,-0.016783,0.885054,14|15|16|17|18|19,0.5632
7267.933712,-0.117508,-2.993832,0.004355,2.758748,0.035199,0.008482,-0.893571,-0.011655,0.893647,14|15|16|17|18|19,0.5630
7267.950379,-0.111825,-3.011091,0.004618,2.758748,0.035199,0.008482,-0.884190,-0.008571,0.884231,14|15|16|17|18|19,0.5625
7267.967046,-0.124879,-3.020296,0.004803,2.765798,0.034944,0.008424,-0.886240,-0.015413,0.886374,14|15|16|17|18|19,0.5624
7267.983712,-0.127962,-3.029398,0.003547,2.779955,0.035525,0.008496,-0.895451,-0.017671,0.895625,14|15|16|17|18|19|20,0.5636
7268.000379,-0.127965,-3.029395,0.003551,2.779955,0.035525,0.008496,-0.895453,-0.017673,0.895627,14|15|16|17|18|19|20,0.5634
7268.017046,-0.122014,-3.047259,0.002921,2.793893,0.035284,0.008573,-0.899681,-0.014202,0.899793,14|15|16|17|18|19|20,0.5569
7268.033712,-0.118338,-3.057037,0.004110,2.793893,0.035284,0.008573,-0.894366,-0.012207,0.894449,15|16|17|18|19|20,0.5623
7268.067046,-0.118338,-3.057038,0.004111,2.807968,0.035418,0.008644,-0.908439,-0.012341,0.908523,15|16|17|18|19|20,0.5626
7268.083712,-0.130726,-3.072690,0.003633,2.821857,0.036188,0.008613,-0.913826,-0.019848,0.914041,15|16|17|18|19|20,0.5638
7268.117046,-0.126397,-3.082279,0.003825,2.835748,0.035150,0.008317,-0.922504,-0.016460,0.922651,15|16|17|18|19|20,0.5634
7268.133712,-0.117393,-3.100987,0.004401,2.835748,0.035150,0.008317,-0.912334,-0.011571,0.912408,15|16|17|18|19|20,0.5624
7268.150379,-0.133778,-3.116982,0.004936,2.849776,0.035124,0.008327,-0.917674,-0.020453,0.917902,15|16|17|18|19|20,0.5613
7268.183712,-0.135174,-3.135264,0.005147,2.863745,0.035392,0.008217,-0.921707,-0.021484,0.921957,15|16|17|18|19|20,0.5623
7268.200379,-0.134105,-3.144388,0.005598,2.870572,0.035099,0.008007,-0.923575,-0.020613,0.923805,15|16|17|18|19|20,0.5618
7268.217046,-0.134105,-3.144388,0.005597,2.877252,0.035238,0.007412,-0.930255,-0.020752,0.930487,15|16|17|18|19|20,0.5602
7268.233712,-0.138448,-3.160438,0.005415,2.884255,0.035530,0.007029,-0.928536,-0.023409,0.928831,15|16|17|18|19|20,0.5596
7268.250379,-0.135245,-3.168529,0.004588,2.884255,0.035530,0.007029,-0.924138,-0.021670,0.924392,15|16|17|18|19|20,0.5616
7268.267046,-0.130643,-3.177730,0.004543,2.891267,0.035909,0.006913,-0.926148,-0.019550,0.926355,15|16|17|18|19|20,0.5619
7268.283712,-0.130644,-3.177729,0.004542,2.898279,0.036315,0.006880,-0.933161,-0.019957,0.933374,15|16|17|18|19|20,0.5614
7268.300379,-0.120526,-3.196446,0.004405,2.912042,0.035225,0.006700,-0.936749,-0.013373,0.936844,15|16|17|18|19|20,0.5599
7268.317046,-0.120526,-3.196448,0.004407,2.912042,0.035225,0.006700,-0.936748,-0.013373,0.936843,15|16|17|18|19|20,0.5616
7268.333712,-0.123430,-3.202978,0.002978,2.925518,0.034921,0.006547,-0.946676,-0.014648,0.946789,15|16|17|18|19|20,0.5611
7268.367046,-0.143165,-3.228723,0.002745,2.932246,0.035355,0.006582,-0.939417,-0.025814,0.939771,15|16|17|18|19|20,0.5621
7268.383712,-0.137533,-3.237494,0.002442,2.938972,0.035809,0.006617,-0.941374,-0.023210,0.941661,15|16|17|18|19|20,0.5627
7268.400379,-0.131639,-3.246462,0.002378,2.952535,0.035536,0.006684,-0.950062,-0.019736,0.950267,15|16|17|18|19|20,0.5622
7268.417046,-0.131641,-3.246460,0.002383,2.959423,0.035660,0.006522,-0.956952,-0.019861,0.957158,15|16|17|18|19|20,0.5612
7268.450379,-0.125359,-3.255599,0.002307,2.973168,0.036192,0.006165,-0.965728,-0.016981,0.965877,15|16|17|18|19|20,0.5635
7268.467046,-0.135589,-3.271018,0.002527,2.973168,0.036192,0.006165,-0.957350,-0.022545,0.957615,15|16|17|18|19|20,0.5643
7268.483712,-0.129603,-3.289264,0.001596,2.980258,0.036196,0.006050,-0.954522,-0.019300,0.954718,15|16|17|18|19|20,0.5621
7268.500379,-0.130606,-3.296465,0.001860,2.987505,0.035244,0.006055,-0.957856,-0.018895,0.958042,15|16|17|18|19|20,0.5622
7268.517046,-0.131163,-3.297630,0.002974,2.994599,0.034379,0.005855,-0.964318,-0.018333,0.964492,15|16|17|18|19|20|22,0.5639
7268.533712,-0.144361,-3.306975,0.002054,3.008466,0.035349,0.005349,-0.973109,-0.026477,0.973469,15|16|17|18|19|20|21|22,0.5611
7268.567046,-0.156841,-3.316501,0.001859,3.022529,0.035795,0.005251,-0.981997,-0.033709,0.982576,17|18|19|20|21|22,0.5640
7268.583712,-0.134200,-3.343321,0.001405,3.022529,0.035795,0.005251,-0.967416,-0.021411,0.967653,17|18|19|20|21|22,0.5632
7268.600379,-0.134199,-3.343323,0.001406,3.036743,0.034817,0.005050,-0.981629,-0.020432,0.981842,17|18|19|20|21|22,0.5628
7268.617046,-0.148054,-3.361042,0.001802,3.036743,0.034817,0.005050,-0.972002,-0.027967,0.972405,17|18|19|20|21|22,0.5627
7268.650379,-0.148053,-3.361043,0.001802,3.057965,0.035758,0.004468,-0.993224,-0.028907,0.993644,17|18|19|20|21|22,0.5631
7268.667046,-0.136266,-3.387755,0.001203,3.057965,0.035758,0.004468,-0.978703,-0.022508,0.978962,17|18|19|20|21|22,0.5634
7268.683712,-0.140680,-3.395919,0.000840,3.065127,0.035240,0.004466,-0.981430,-0.024391,0.981733,17|18|19|20|21|22,0.5640
7268.700379,-0.148616,-3.405346,0.000906,3.072301,0.034723,0.004512,-0.983483,-0.028189,0.983886,17|18|19|20|21|22,0.5639
7268.717046,-0.156476,-3.414827,0.000960,3.078992,0.034834,0.004505,-0.985023,-0.032575,0.985562,17|18|19|20|21|22,0.5628
7268.733712,-0.156477,-3.414828,0.000958,3.092937,0.036742,0.004613,-0.998968,-0.034483,0.999562,17|18|19|20|21|22,0.5627
7268.750379,-0.154688,-3.421099,0.000614,3.100052,0.036217,0.004607,-1.002674,-0.032987,1.003216,17|18|19|20|21|22,0.5618
7268.783712,-0.141599,-3.430503,0.000671,3.114142,0.035377,0.004624,-1.011650,-0.025036,1.011960,17|18|19|20|21|22,0.5623
7268.800379,-0.146006,-3.458024,0.000597,3.114142,0.035377,0.004624,-0.996694,-0.027439,0.997071,17|18|19|20|21|22,0.5629
7268.833712,-0.138338,-3.474838,0.000517,3.135257,0.037173,0.004504,-1.008669,-0.025072,1.008980,17|18|19|20|21|22,0.5631
7268.850379,-0.138338,-3.474839,0.000515,3.142519,0.036574,0.004518,-1.015930,-0.024472,1.016225,17|18|19|20|21|22,0.5626
7268.867046,-0.127653,-3.484369,0.001450,3.149782,0.035982,0.004540,-1.018011,-0.018075,1.018172,17|18|19|20|21|22,0.5628
7268.883712,-0.133265,-3.502131,0.001224,3.149782,0.035982,0.004540,-1.008359,-0.021129,1.008581,17|18|19|20|21|22,0.5630
7268.900379,-0.133264,-3.502132,0.001221,3.163800,0.036804,0.004501,-1.022376,-0.021951,1.022612,17|18|19|20|21|22,0.5618
7268.917046,-0.141540,-3.518917,0.000506,3.163800,0.036804,0.004501,-1.013256,-0.026453,1.013601,17|18|19|20|21|22,0.5620
7268.933712,-0.141540,-3.518917,0.000506,3.170886,0.037615,0.004514,-1.020342,-0.027265,1.020707,17|18|19|20|21|22,0.5621
7268.950379,-0.130642,-3.528465,0.000410,3.185152,0.036972,0.004299,-1.029417,-0.020701,1.029625,17|18|19|20|21|22,0.5620
7268.967046,-0.120570,-3.546508,0.000621,3.192328,0.036315,0.004024,-1.026784,-0.014574,1.026887,17|18|19|20|21|22,0.5630
7268.983712,-0.129984,-3.556259,0.000623,3.192328,0.036315,0.004024,-1.021486,-0.019693,1.021676,17|18|19|20|21|22,0.5617
7269.017046,-0.128805,-3.570917,-0.000199,3.212870,0.038135,0.003827,-1.034063,-0.020876,1.034273,17|18|19|20|21|22,0.5619
7269.033712,-0.114243,-3.580463,-0.000048,3.212870,0.038135,0.003827,-1.028871,-0.012964,1.028953,17|18|19|20|21|22|23,0.5620
7269.050379,-0.114700,-3.589767,0.000287,3.219910,0.037755,0.003811,-1.030854,-0.012835,1.030934,17|18|19|20|21|22|23,0.5631
7269.083712,-0.125655,-3.607997,0.001801,3.234002,0.037028,0.003796,-1.035041,-0.018067,1.035199,18|19|20|21|22|23,0.5629
7269.100379,-0.131170,-3.617323,0.001814,3.240910,0.037462,0.003846,-1.036882,-0.021500,1.037105,18|19|20|21|22|23,0.5620
7269.117046,-0.124849,-3.624550,0.001863,3.248080,0.038275,0.003871,-1.040123,-0.018880,1.040294,18|19|20|21|22|23,0.5635
7269.133712,-0.113634,-3.634233,0.001264,3.255034,0.038007,0.004429,-1.041812,-0.012519,1.041887,18|19|20|21|22|23,0.5628
7269.150379,-0.119517,-3.642697,0.001925,3.269093,0.037156,0.004575,-1.051272,-0.014868,1.051377,18|19|20|21|22|23,0.5637
7269.167046,-0.126272,-3.652009,0.001518,3.276013,0.037631,0.004606,-1.053133,-0.019016,1.053305,18|19|20|21|22|23,0.5625
7269.183712,-0.133015,-3.661325,0.001542,3.283116,0.038511,0.004617,-1.055175,-0.023563,1.055438,18|19|20|21|22|23,0.5622
7269.200379,-0.125970,-3.668362,0.001200,3.283116,0.038511,0.004617,-1.051348,-0.019736,1.051533,18|19|20|21|22|23,0.5629
7269.217046,-0.113954,-3.678087,0.000580,3.290178,0.038689,0.004612,-1.053122,-0.013386,1.053207,18|19|20|21|22|23,0.5623
7269.233712,-0.113954,-3.678087,0.000579,3.304091,0.037401,0.004211,-1.067035,-0.012098,1.067104,18|19|20|21|22|23,0.5625
7269.250379,-0.122272,-3.695752,-0.000114,3.311082,0.036833,0.004218,-1.064427,-0.016056,1.064548,18|19|20|21|22|23,0.5626
7269.267046,-0.122272,-3.695752,-0.000115,3.311082,0.036833,0.004218,-1.064427,-0.016056,1.064548,18|19|20|21|22|23,0.5624
7269.283712,-0.139694,-3.712926,0.000449,3.318040,0.037381,0.004375,-1.062056,-0.026076,1.062376,18|19|20|21|22|23,0.5629
7269.300379,-0.132322,-3.721898,0.000732,3.325173,0.037990,0.004399,-1.064311,-0.022681,1.064553,18|19|20|21|22|23,0.5626
7269.317046,-0.132322,-3.721899,0.000729,3.339320,0.037132,0.004099,-1.078457,-0.021824,1.078678,18|19|20|21|22|23,0.5635
7269.333712,-0.124359,-3.731640,0.000688,3.346078,0.036796,0.003797,-1.079920,-0.017161,1.080057,18|19|20|21|22|23,0.5643
7269.350379,-0.137814,-3.749198,0.001334,3.346078,0.036796,0.003797,-1.070381,-0.024478,1.070661,18|19|20|21|22|23,0.5626
7269.367046,-0.137813,-3.749196,0.001336,3.359191,0.038343,0.003405,-1.083495,-0.026025,1.083807,18|19|20|21|22|23,0.5620
7269.400379,-0.119590,-3.772867,0.000758,3.372978,0.037743,0.003175,-1.084413,-0.015527,1.084524,18|19|20|21|22|23,0.5618
7269.417046,-0.119590,-3.772867,0.000759,3.372978,0.037743,0.003175,-1.084413,-0.015527,1.084524,18|19|20|21|22|23,0.5628
7269.433712,-0.130132,-3.790798,0.000305,3.379885,0.037198,0.003118,-1.081577,-0.020716,1.081775,18|19|20|21|22|23,0.5634
7269.450379,-0.138200,-3.799967,0.000230,3.393212,0.036726,0.003102,-1.089923,-0.024631,1.090201,18|19|20|21|22|23,0.5627
7269.467046,-0.138200,-3.799967,0.000231,3.393212,0.036726,0.003102,-1.089923,-0.024631,1.090201,18|19|20|21|22|23,0.5616
7269.483712,-0.146394,-3.809380,-0.000129,3.406737,0.038344,0.003152,-1.098334,-0.030705,1.098763,18|19|20|21|22|23,0.5610
7269.500379,-0.132504,-3.823856,0.000011,3.406737,0.038344,0.003152,-1.090463,-0.023159,1.090709,18|19|20|21|22|23,0.5602
7269.517046,-0.124078,-3.833058,-0.000156,3.413582,0.037893,0.003112,-1.092306,-0.018131,1.092456,18|19|20|21|22|23,0.5596
7269.550379,-0.124078,-3.833057,-0.000160,3.434450,0.037754,0.002778,-1.113173,-0.017993,1.113319,18|19|20|21|22|23,0.5603
7269.583712,-0.132880,-3.866973,0.000476,3.441671,0.037855,0.002628,-1.101964,-0.022885,1.102202,18|19|20|21|22|23|24|25,0.5620
7269.600379,-0.132272,-3.876849,0.000605,3.455848,0.037034,0.002297,-1.110774,-0.021737,1.110986,20|21|22|23|24|25,0.5639
7269.633712,-0.145418,-3.895135,0.000742,3.469651,0.036428,0.002366,-1.114642,-0.028280,1.115001,20|21|22|23|24|25,0.5626
7269.650379,-0.151982,-3.904694,0.000659,3.469651,0.036428,0.002366,-1.109449,-0.031850,1.109906,20|21|22|23|24|25,0.5621
7269.667046,-0.151982,-3.904694,0.000663,3.476645,0.037512,0.002258,-1.116443,-0.032933,1.116929,20|21|22|23|24|25,0.5612
7269.683712,-0.138797,-3.919931,0.001035,3.483888,0.037454,0.002190,-1.115402,-0.025714,1.115698,20|21|22|23|24|25,0.5618
7269.700379,-0.140642,-3.930222,0.001033,3.498285,0.037109,0.002171,-1.124206,-0.026374,1.124515,20|21|22|23|24|25,0.5636
7269.733712,-0.140641,-3.930220,0.001024,3.512470,0.037343,0.001905,-1.138392,-0.026608,1.138703,20|21|22|23|24|25,0.5629
7269.750379,-0.145561,-3.948617,0.000619,3.519589,0.037319,0.001854,-1.135514,-0.029262,1.135891,20|21|22|23|24|25,0.5618
7269.767046,-0.147720,-3.958111,0.000534,3.526579,0.037315,0.001685,-1.137344,-0.030434,1.137751,20|21|22|23|24|25,0.5612
7269.800379,-0.143059,-3.983767,0.000319,3.533450,0.037262,0.001575,-1.130271,-0.027854,1.130614,20|21|22|23|24|25,0.5635
7269.817046,-0.143060,-3.983766,0.000321,3.547192,0.037228,0.001449,-1.144013,-0.027820,1.144351,20|21|22|23|24|25,0.5632
7269.833712,-0.143937,-4.002598,0.000011,3.553825,0.037804,0.001427,-1.140412,-0.028878,1.140778,20|21|22|23|24|25,0.5614
7269.867046,-0.143937,-4.002598,0.000015,3.568156,0.037370,0.001325,-1.154743,-0.028444,1.155093,20|21|22|23|24|25,0.5599
7269.883712,-0.139150,-4.026040,-0.000005,3.575315,0.037202,0.001335,-1.149161,-0.025680,1.149448,20|21|22|23|24|25,0.5608
7269.900379,-0.139151,-4.026039,-0.000007,3.582470,0.037057,0.001324,-1.156316,-0.025536,1.156598,20|21|22|23|24|25,0.5616
7269.917046,-0.144731,-4.044381,0.000246,3.582470,0.037057,0.001324,-1.146349,-0.028573,1.146705,20|21|22|23|24|25,0.5613
7269.933712,-0.146899,-4.053813,0.000403,3.589265,0.037628,0.001265,-1.148019,-0.030325,1.148419,20|21|22|23|24|25,0.5594
7269.950379,-0.146899,-4.053814,0.000404,3.603523,0.038053,0.001063,-1.162277,-0.030750,1.162683,20|21|22|23|24|25,0.5605
7269.967046,-0.132022,-4.070381,-0.000348,3.610562,0.037987,0.001018,-1.160307,-0.022603,1.160527,20|21|22|23|24|25,0.5613
7269.983712,-0.133472,-4.079678,-0.000466,3.617606,0.037943,0.001021,-1.162299,-0.023349,1.162533,20|21|22|23|24|25,0.5617
7270.000379,-0.134575,-4.089050,-0.000440,3.617606,0.037943,0.001021,-1.157205,-0.023951,1.157453,20|21|22|23|24|25,0.5626
7270.017046,-0.134575,-4.089049,-0.000442,3.631405,0.038739,0.001021,-1.171005,-0.024747,1.171267,20|21|22|23|24|25,0.5622
7270.033712,-0.135281,-4.098385,0.000061,3.638627,0.038875,0.001020,-1.173153,-0.025269,1.173425,20|21|22|23|24|25,0.5628
7270.050379,-0.123803,-4.113360,-0.000696,3.645860,0.038745,0.000999,-1.172245,-0.018905,1.172397,20|21|22|23|24|25,0.5631
7270.067046,-0.122397,-4.123824,-0.000884,3.645860,0.038745,0.000999,-1.166558,-0.018144,1.166699,20|21|22|23|24|25,0.5641
7270.083712,-0.124128,-4.133438,-0.000646,3.660265,0.038466,0.000968,-1.175738,-0.018808,1.175888,20|21|22|23|24|25|26,0.5623
7270.100379,-0.126152,-4.143381,-0.000950,3.667058,0.038485,0.000739,-1.177128,-0.019929,1.177297,20|21|22|23|24|25|26,0.5613
7270.133713,-0.128428,-4.158267,-0.000777,3.673803,0.038443,0.000819,-1.175784,-0.021128,1.175974,21|22|23|24|25|26,0.5593
7270.150379,-0.129213,-4.164987,-0.000670,3.687913,0.038713,0.000870,-1.186241,-0.021826,1.186442,21|22|23|24|25|26,0.5624
7270.167046,-0.129213,-4.164987,-0.000670,3.687913,0.038713,0.000870,-1.186241,-0.021826,1.186442,21|22|23|24|25|26,0.5627
7270.183713,-0.127438,-4.175850,-0.000740,3.701952,0.038974,0.000882,-1.194376,-0.021125,1.194563,21|22|23|24|25|26,0.5631
7270.250379,-0.124656,-4.220050,-0.000281,3.723051,0.038871,0.000986,-1.191453,-0.019522,1.191613,21|22|23|24|25|26,0.5634
7270.267046,-0.124256,-4.229734,-0.000680,3.730200,0.038911,0.001007,-1.193338,-0.019347,1.193495,21|22|23|24|25|26,0.5638
7270.283713,-0.124257,-4.229734,-0.000684,3.744356,0.039138,0.001074,-1.207495,-0.019574,1.207653,21|22|23|24|25|26,0.5626
7270.300379,-0.123688,-4.249157,-0.000775,3.744356,0.039138,0.001074,-1.196938,-0.019270,1.197093,21|22|23|24|25|26,0.5617
7270.317046,-0.123690,-4.249157,-0.000778,3.751246,0.039230,0.001066,-1.203829,-0.019363,1.203984,21|22|23|24|25|26,0.5608
7270.350379,-0.122499,-4.273332,-0.000700,3.765626,0.038868,0.001058,-1.205069,-0.018359,1.205209,21|22|23|24|25|26,0.5636
7270.383713,-0.128317,-4.292631,-0.000912,3.786272,0.038644,0.000949,-1.215229,-0.021302,1.215416,21|22|23|24|25|26,0.5627
7270.400379,-0.128318,-4.292630,-0.000910,3.786272,0.038644,0.000949,-1.215229,-0.021302,1.215416,21|22|23|24|25|26,0.5618
7270.417046,-0.131385,-4.302606,-0.001140,3.800591,0.038351,0.000940,-1.224127,-0.022679,1.224337,21|22|23|24|25|26,0.5611
7270.433713,-0.130223,-4.317049,-0.000950,3.800591,0.038351,0.000940,-1.216277,-0.022051,1.216476,21|22|23|24|25|26,0.5613
7270.450379,-0.130226,-4.317049,-0.000953,3.814747,0.038035,0.000849,-1.230433,-0.021738,1.230625,21|22|23|24|25|26,0.5607
7270.467046,-0.132409,-4.326431,-0.000836,3.821286,0.038491,0.000771,-1.231874,-0.023382,1.232096,21|22|23|24|25|26,0.5599
7270.483713,-0.134491,-4.336012,-0.000913,3.821286,0.038491,0.000771,-1.226667,-0.024516,1.226912,21|22|23|24|25|26,0.5594
7270.500379,-0.129580,-4.349841,-0.000964,3.828229,0.038542,0.000717,-1.226093,-0.021902,1.226289,21|22|23|24|25|26,0.5596
7270.517046,-0.129582,-4.349841,-0.000966,3.842338,0.038256,0.000723,-1.240202,-0.021616,1.240391,21|22|23|24|25|26,0.5603
7270.533713,-0.129683,-4.360080,-0.001266,3.849334,0.038143,0.000726,-1.241633,-0.021561,1.241820,21|22|23|24|25|26,0.5607
7270.550379,-0.133815,-4.378932,-0.001348,3.849334,0.038143,0.000726,-1.231389,-0.023812,1.231619,21|22|23|24|25|26,0.5606
7270.567046,-0.135404,-4.388366,-0.001481,3.856302,0.038022,0.000666,-1.233230,-0.024556,1.233474,21|22|23|24|25|26,0.5608
7270.583713,-0.135406,-4.388366,-0.001484,3.869684,0.038343,0.000618,-1.246613,-0.024878,1.246861,21|22|23|24|25|26,0.5590
7270.600379,-0.137601,-4.399708,-0.001273,3.869684,0.038343,0.000618,-1.240449,-0.026074,1.240723,21|22|23|24|25|26|27|28,0.5582
7270.617046,-0.139217,-4.408813,-0.001358,3.883495,0.038192,0.000624,-1.249311,-0.026804,1.249599,21|22|23|24|25|26|27|28,0.5608
7270.633713,-0.134230,-4.421007,-0.001378,3.883495,0.038192,0.000624,-1.242683,-0.024097,1.242917,21|22|23|24|25|26|27|28,0.5528
7270.650379,-0.134639,-4.431243,-0.000645,3.890708,0.038151,0.000612,-1.244333,-0.024280,1.244570,23|24|25|26|27|28,0.5616
7270.667046,-0.134640,-4.431245,-0.000647,3.904892,0.037689,0.000510,-1.258516,-0.023819,1.258741,23|24|25|26|27|28,0.5615
7270.683713,-0.135765,-4.450450,-0.000462,3.912019,0.037591,0.000265,-1.255206,-0.024338,1.255442,23|24|25|26|27|28,0.5609
7270.700379,-0.135765,-4.450451,-0.000461,3.919071,0.037540,0.000066,-1.262258,-0.024286,1.262491,23|24|25|26|27|28,0.5623
7270.717046,-0.141743,-4.456265,-0.000244,3.919071,0.037540,0.000066,-1.259100,-0.027536,1.259401,23|24|25|26|27|28,0.5635
7270.733713,-0.143080,-4.475660,-0.000781,3.925885,0.037518,0.000014,-1.255372,-0.028246,1.255690,23|24|25|26|27|28,0.5626
7270.750379,-0.143081,-4.475660,-0.000783,3.939769,0.037364,-0.000088,-1.269256,-0.028093,1.269567,23|24|25|26|27|28,0.5628
7270.767046,-0.143328,-4.485245,-0.000796,3.939769,0.037364,-0.000088,-1.264047,-0.028229,1.264362,23|24|25|26|27|28,0.5619
7270.800379,-0.143440,-4.494652,-0.001114,3.961118,0.037422,-0.000242,-1.280284,-0.028351,1.280598,23|24|25|26|27|28,0.5633
7270.817046,-0.148366,-4.518565,-0.001099,3.961118,0.037422,-0.000242,-1.267290,-0.031034,1.267669,23|24|25|26|27|28,0.5635
7270.833713,-0.144399,-4.528276,-0.001144,3.968417,0.037710,-0.000265,-1.269309,-0.029168,1.269644,23|24|25|26|27|28,0.5635
7270.850379,-0.140367,-4.538291,-0.001158,3.975624,0.037735,-0.000232,-1.271073,-0.027004,1.271360,23|24|25|26|27|28,0.5633
7270.867046,-0.140277,-4.545698,-0.000923,3.982815,0.036911,-0.000206,-1.274239,-0.026133,1.274506,23|24|25|26|27|28,0.5629
7270.900379,-0.149057,-4.562703,-0.001620,4.003659,0.037788,-0.001172,-1.285843,-0.031787,1.286236,23|24|25|26|27|28,0.5633
7270.917046,-0.143129,-4.572280,-0.002114,4.010591,0.038229,-0.001190,-1.287568,-0.029008,1.287895,23|24|25|26|27|28,0.5642
7270.933713,-0.143129,-4.572280,-0.002116,4.017497,0.038041,-0.001213,-1.294474,-0.028821,1.294795,23|24|25|26|27|28,0.5636
7270.950379,-0.129884,-4.591695,-0.001958,4.017497,0.038041,-0.001213,-1.283919,-0.021627,1.284101,23|24|25|26|27|28,0.5620
7270.967046,-0.129882,-4.591693,-0.001957,4.031226,0.036742,-0.001934,-1.297649,-0.020327,1.297808,23|24|25|26|27|28,0.5599
7271.000379,-0.132919,-4.597048,-0.002154,4.038153,0.036971,-0.001989,-1.301667,-0.022208,1.301856,23|24|25|26|27|28,0.5600
7271.017046,-0.146008,-4.624004,-0.003435,4.045122,0.037228,-0.001968,-1.293989,-0.029585,1.294327,23|24|25|26|27|28,0.5604
7271.033713,-0.141999,-4.634103,-0.003580,4.059240,0.036744,-0.001996,-1.302617,-0.026924,1.302896,23|24|25|26|27|28,0.5601
7271.050379,-0.141998,-4.634103,-0.003580,4.066061,0.036884,-0.002304,-1.309438,-0.027064,1.309718,23|24|25|26|27|28,0.5592
7271.067046,-0.148196,-4.649523,-0.003363,4.066061,0.036884,-0.002304,-1.301059,-0.030437,1.301415,23|24|25|26|27|28,0.5610
7271.083713,-0.148199,-4.649525,-0.003365,4.079951,0.037706,-0.002343,-1.314948,-0.031260,1.315320,23|24|25|26|27|28,0.5625
7271.100379,-0.145265,-4.656643,-0.003482,4.086869,0.038115,-0.002350,-1.317998,-0.030076,1.318341,23|24|25|26|27|28,0.5629
7271.167046,-0.174444,-4.620612,-0.003461,4.107985,0.037677,-0.003030,-1.358702,-0.045487,1.359464,23|24|25|26|27|28|28,0.5531
7271.183713,-0.180308,-4.609674,-0.003404,4.122397,0.038289,-0.003230,-1.379060,-0.049283,1.379940,24|25|26|27|28|28,0.5616
7271.200379,-0.176211,-4.618511,-0.005363,4.129335,0.038324,-0.003328,-1.381194,-0.047094,1.381997,24|25|26|27|28|28,0.5622
7271.233713,-0.126454,-4.721066,-0.003771,4.143018,0.036402,-0.003563,-1.339129,-0.018157,1.339252,24|25|26|27|28|28,0.5617
7271.250379,-0.137704,-4.746988,-0.004703,4.143018,0.036402,-0.003563,-1.325044,-0.024277,1.325267,24|25|26|27|28|28,0.5615
7271.267046,-0.137700,-4.746985,-0.004696,4.156982,0.037515,-0.003443,-1.339009,-0.025387,1.339249,24|25|26|27|28|28,0.5619
7271.283713,-0.146455,-4.752749,-0.004543,4.156982,0.037515,-0.003443,-1.335878,-0.030147,1.336219,24|25|26|27|28|28,0.5639
7271.300379,-0.138330,-4.762432,-0.004200,4.170978,0.038216,-0.003375,-1.344611,-0.026436,1.344870,24|25|26|27|28|28,0.5644
7271.317046,-0.121431,-4.782239,-0.004681,4.177972,0.037563,-0.003383,-1.340836,-0.016603,1.340939,24|25|26|27|28|28,0.5642
7271.333713,-0.165774,-4.698262,-0.004345,4.177972,0.037563,-0.003383,-1.386487,-0.040681,1.387083,24|25|26|27|28|28,0.5638
7271.350379,-0.165754,-4.698312,-0.004350,4.192002,0.037607,-0.003355,-1.400489,-0.040714,1.401080,24|25|26|27|28|28,0.5622
7271.367046,-0.180006,-4.714641,-0.004986,4.192002,0.037607,-0.003355,-1.391618,-0.048464,1.392462,24|25|26|27|28|28,0.5615
7271.383713,-0.172664,-4.724511,-0.004651,4.199125,0.038113,-0.003332,-1.393375,-0.044982,1.394101,24|25|26|27|28|28,0.5622
7271.400379,-0.165178,-4.734628,-0.004711,4.213278,0.037755,-0.003145,-1.402029,-0.040558,1.402615,24|25|26|27|28|28,0.5616
7271.417046,-0.165228,-4.734528,-0.004712,4.220290,0.036962,-0.003223,-1.409094,-0.039792,1.409656,24|25|26|27|28|28,0.5606
7271.433713,-0.113237,-4.836119,-0.005822,4.227149,0.037229,-0.003236,-1.360728,-0.011829,1.360779,24|25|26|27|28|28,0.5610
7271.450379,-0.125119,-4.842867,-0.004446,4.234020,0.037512,-0.003231,-1.363934,-0.018572,1.364060,24|25|26|27|28|28,0.5618
7271.467046,-0.176898,-4.768577,-0.004361,4.234020,0.037512,-0.003231,-1.404322,-0.046693,1.405098,24|25|26|27|28|28,0.5631
7271.483713,-0.126977,-4.870208,-0.004738,4.241012,0.037822,-0.003260,-1.356067,-0.019898,1.356213,24|25|26|27|28|28,0.5633
7271.500379,-0.168051,-4.787875,-0.004572,4.247875,0.037933,-0.003512,-1.407687,-0.042311,1.408322,24|25|26|27|28|28,0.5631
7271.517046,-0.168044,-4.787898,-0.004578,4.254872,0.036992,-0.003764,-1.414671,-0.041367,1.415276,24|25|26|27|28|28,0.5630
7271.550379,-0.185474,-4.811856,-0.004828,4.268922,0.036827,-0.003856,-1.415705,-0.050680,1.416612,24|25|26|27|28|28,0.5615
7271.567046,-0.135568,-4.913801,-0.005872,4.276027,0.037139,-0.003849,-1.367393,-0.023895,1.367602,24|25|26|27|28|28,0.5623
7271.583713,-0.130735,-4.923598,-0.005295,4.283011,0.037256,-0.003896,-1.369051,-0.021388,1.369219,24|25|26|27|28|28,0.5615
7271.617046,-0.130735,-4.923598,-0.005295,4.303627,0.036144,-0.004158,-1.389667,-0.020276,1.389815,24|25|26|27|28|28,0.5606
7271.650379,-0.189892,-4.846920,-0.004759,4.317575,0.036885,-0.004052,-1.445303,-0.053148,1.446280,24|25|26|27|28|28,0.5628
7271.667046,-0.172473,-4.896483,-0.006429,4.317575,0.036885,-0.004052,-1.418362,-0.043694,1.419035,24|25|26|27|28|28|30|31,0.5628
7271.683713,-0.172981,-4.895543,-0.006444,4.331197,0.036814,-0.004159,-1.432495,-0.043899,1.433167,24|25|26|27|28|28|30|31,0.5542
7271.700379,-0.127202,-4.985921,-0.006303,4.338111,0.035791,-0.004197,-1.390279,-0.018018,1.390396,26|27|28|28|30|31,0.5618
7271.717046,-0.134709,-4.991303,-0.006763,4.344864,0.035879,-0.004255,-1.394109,-0.022187,1.394285,26|27|28|28|30|31,0.5618
7271.750379,-0.192631,-4.915652,-0.006169,4.352072,0.036242,-0.004370,-1.442447,-0.054011,1.443457,26|27|28|28|30|31,0.5612
7271.767046,-0.186912,-4.925656,-0.005959,4.366497,0.035893,-0.004346,-1.451433,-0.050557,1.452313,26|27|28|28|30|31,0.5624
7271.783713,-0.186891,-4.925698,-0.005958,4.373727,0.035112,-0.004278,-1.458640,-0.049764,1.459489,26|27|28|28|30|31,0.5614
7271.800379,-0.145778,-5.035621,-0.006718,4.373727,0.035112,-0.004278,-1.398889,-0.027448,1.399159,26|27|28|28|30|31,0.5631
7271.817046,-0.145778,-5.035620,-0.006717,4.387532,0.035504,-0.004317,-1.412694,-0.027840,1.412968,26|27|28|28|30|31,0.5622
7271.833713,-0.157148,-5.052311,-0.005716,4.387532,0.035504,-0.004317,-1.403626,-0.034024,1.404038,26|27|28|28|30|31,0.5633
7271.850379,-0.157145,-5.052310,-0.005722,4.394418,0.036007,-0.004409,-1.410513,-0.034525,1.410936,26|27|28|28|30|31,0.5629
7271.867046,-0.150212,-5.061812,-0.005754,4.408467,0.035262,-0.004674,-1.419396,-0.030014,1.419713,26|27|28|28|30|31,0.5623
7271.883713,-0.188585,-4.986932,-0.005690,4.408467,0.035262,-0.004674,-1.460101,-0.050850,1.460986,26|27|28|28|30|31,0.5611
7271.900379,-0.188676,-4.986747,-0.005694,4.422448,0.034721,-0.004667,-1.474183,-0.050358,1.475042,26|27|28|28|30|31,0.5619
7271.917046,-0.153642,-5.088344,-0.006026,4.429680,0.035493,-0.004743,-1.426190,-0.032116,1.426551,26|27|28|28|30|31,0.5623
7271.933713,-0.164178,-5.098043,-0.006056,4.436945,0.035712,-0.004754,-1.428186,-0.038064,1.428693,26|27|28|28|30|31,0.5636
7271.950379,-0.194701,-5.022355,-0.005697,4.444214,0.035360,-0.004731,-1.476598,-0.054281,1.477595,26|27|28|28|30|31,0.5632
7271.967046,-0.194751,-5.022254,-0.005696,4.444214,0.035360,-0.004731,-1.476653,-0.054308,1.477651,26|27|28|28|30|31,0.5631
7271.983713,-0.195791,-5.041511,-0.005472,4.458576,0.034865,-0.004790,-1.480549,-0.054383,1.481548,26|27|28|28|30|31,0.5642
7272.000379,-0.200148,-5.051312,-0.005515,4.458576,0.034865,-0.004790,-1.475224,-0.056754,1.476315,26|27|28|28|30|31,0.5636
7272.017046,-0.200088,-5.051436,-0.005513,4.472229,0.036504,-0.005336,-1.488810,-0.058360,1.489953,26|27|28|28|30|31,0.5624
7272.050379,-0.176264,-5.076921,-0.007074,4.479298,0.036383,-0.005370,-1.482022,-0.045298,1.482714,26|27|28|28|30|31,0.5604
7272.067046,-0.131958,-5.176839,-0.007414,4.486452,0.035567,-0.005375,-1.434861,-0.020428,1.435007,26|27|28|28|30|31,0.5606
7272.100379,-0.131955,-5.176838,-0.007422,4.507013,0.034752,-0.005985,-1.455423,-0.019611,1.455555,26|27|28|28|30|31,0.5607
7272.117046,-0.206475,-5.110942,-0.007100,4.514175,0.035425,-0.006072,-1.498417,-0.060768,1.499648,26|27|28|28|30|31,0.5592
7272.133713,-0.151545,-5.210462,-0.007701,4.514175,0.035425,-0.006072,-1.444316,-0.030940,1.444647,26|27|28|28|30|31,0.5596
7272.150379,-0.151545,-5.210463,-0.007701,4.528613,0.034459,-0.005995,-1.458753,-0.029973,1.459061,26|27|28|28|30|31,0.5606
7272.167046,-0.187871,-5.150548,-0.008628,4.535713,0.034137,-0.005989,-1.498425,-0.049378,1.499239,26|27|28|28|30|31|32,0.5544
7272.183713,-0.187396,-5.151542,-0.008681,4.542684,0.034911,-0.006125,-1.504856,-0.049895,1.505683,26|27|28|28|30|31|32,0.5620
7272.200379,-0.158736,-5.246661,-0.007599,4.549821,0.035868,-0.006149,-1.460290,-0.035299,1.460716,26|27|28|28|30|31|32,0.5596
7272.250379,-0.171634,-5.182788,-0.008662,4.564088,0.035895,-0.006256,-1.509274,-0.042320,1.509867,27|28|28|30|31|32,0.5613
7272.267046,-0.131993,-5.283862,-0.008243,4.571354,0.035403,-0.006302,-1.461598,-0.020309,1.461739,27|28|28|30|31|32,0.5624
7272.283713,-0.138416,-5.293678,-0.007876,4.585665,0.036004,-0.006366,-1.470577,-0.024403,1.470779,27|28|28|30|31|32,0.5631
7272.300379,-0.140039,-5.299545,-0.007513,4.585665,0.036004,-0.006366,-1.467388,-0.025287,1.467606,27|28|28|30|31|32,0.5631
7272.317046,-0.173898,-5.218595,-0.009111,4.592720,0.036133,-0.006302,-1.518447,-0.043797,1.519078,27|28|28|30|31|32,0.5622
7272.333713,-0.126355,-5.319183,-0.008325,4.599771,0.035409,-0.006314,-1.470818,-0.017260,1.470919,27|28|28|30|31|32,0.5611
7272.350379,-0.126355,-5.319182,-0.008323,4.613884,0.033946,-0.006259,-1.484931,-0.015798,1.485015,27|28|28|30|31|32,0.5619
7272.367046,-0.136200,-5.328386,-0.007825,4.613884,0.033946,-0.006259,-1.479931,-0.021151,1.480083,27|28|28|30|31|32,0.5610
7272.383713,-0.156180,-5.347023,-0.008412,4.620642,0.034380,-0.006251,-1.476567,-0.032448,1.476923,27|28|28|30|31|32,0.5613
7272.417046,-0.156181,-5.347022,-0.008408,4.642048,0.035511,-0.006010,-1.497973,-0.033579,1.498350,27|28|28|30|31|32,0.5616
7272.450379,-0.178973,-5.270339,-0.007874,4.656251,0.035045,-0.006013,-1.553857,-0.045480,1.554522,27|28|28|30|31|32,0.5628
7272.467046,-0.180726,-5.299552,-0.008794,4.656251,0.035045,-0.006013,-1.537981,-0.046441,1.538682,27|28|28|30|31|32,0.5631
7272.483713,-0.180854,-5.299294,-0.008795,4.670517,0.036348,-0.005903,-1.552388,-0.047814,1.553124,27|28|28|30|31|32,0.5613
7272.500379,-0.174672,-5.315024,-0.008543,4.677703,0.035713,-0.005903,-1.551023,-0.043822,1.551641,27|28|28|30|31|32,0.5620
7272.533713,-0.174662,-5.315044,-0.008543,4.692073,0.034425,-0.005899,-1.565381,-0.042529,1.565959,27|28|28|30|31|32,0.5629
7272.550379,-0.173058,-5.333994,-0.008576,4.692073,0.034425,-0.005899,-1.555082,-0.041662,1.555640,27|28|28|30|31|32,0.5630
7272.567046,-0.144540,-5.444727,-0.007697,4.706066,0.035473,-0.005909,-1.508887,-0.027240,1.509133,27|28|28|30|31|32,0.5618
7272.583713,-0.183521,-5.359355,-0.006959,4.706066,0.035473,-0.005909,-1.555295,-0.048403,1.556048,27|28|28|30|31|32,0.5630
7272.600379,-0.183543,-5.359314,-0.006956,4.720162,0.035080,-0.006124,-1.569413,-0.048022,1.570148,27|28|28|30|31|32,0.5626
7272.617046,-0.128038,-5.461605,-0.008576,4.727223,0.034480,-0.006166,-1.520867,-0.017282,1.520965,27|28|28|30|31|32,0.5630
7272.633713,-0.178600,-5.387864,-0.008197,4.727223,0.034480,-0.006166,-1.560957,-0.044743,1.561598,27|28|28|30|31|32,0.5619
7272.650379,-0.178570,-5.387926,-0.008198,4.741472,0.034686,-0.006084,-1.575172,-0.044932,1.575813,27|28|28|30|31|32,0.5605
7272.667046,-0.191157,-5.404042,-0.008481,4.741472,0.034686,-0.006084,-1.566416,-0.051777,1.567272,27|28|28|30|31|32,0.5615
7272.683713,-0.203711,-5.372446,-0.008809,4.748594,0.034890,-0.005932,-1.590714,-0.058796,1.591800,27|28|28|30|31|32|33|34,0.5497
7272.700379,-0.168275,-5.445683,-0.009565,4.755734,0.034084,-0.005898,-1.558041,-0.038750,1.558523,27|28|28|30|31|32|33|34,0.5618
7272.717046,-0.213481,-5.384587,-0.008500,4.769530,0.033083,-0.005981,-1.605054,-0.062301,1.606262,27|28|28|30|31|32|33|34,0.5548
7272.733713,-0.224719,-5.395049,-0.008824,4.769530,0.033083,-0.005981,-1.599371,-0.068412,1.600833,28|30|31|32|33|34,0.5604
7272.750379,-0.224761,-5.394966,-0.008825,4.776502,0.033700,-0.005929,-1.606388,-0.069052,1.607871,28|30|31|32|33|34,0.5610
7272.767046,-0.216530,-5.410756,-0.009160,4.783475,0.034330,-0.005901,-1.604776,-0.065213,1.606101,28|30|31|32|33|34,0.5625
7272.783713,-0.216577,-5.410664,-0.009157,4.797155,0.034530,-0.005960,-1.618508,-0.065438,1.619830,28|30|31|32|33|34,0.5616
7272.800379,-0.206933,-5.420934,-0.009417,4.797155,0.034530,-0.005960,-1.612924,-0.060199,1.614047,28|30|31|32|33|34,0.5604
7272.817046,-0.204417,-5.438084,-0.009254,4.810976,0.032998,-0.006046,-1.617423,-0.057304,1.618438,28|30|31|32|33|34,0.5600
7272.833713,-0.215304,-5.446996,-0.009464,4.810976,0.032998,-0.006046,-1.612582,-0.063224,1.613820,28|30|31|32|33|34,0.5595
7272.850379,-0.225021,-5.455162,-0.009867,4.824998,0.033781,-0.006838,-1.622168,-0.069290,1.623648,28|30|31|32|33|34,0.5595
7272.867046,-0.218809,-5.462559,-0.010281,4.824998,0.033781,-0.006838,-1.618147,-0.065916,1.619489,28|30|31|32|33|34,0.5604
7272.883713,-0.218808,-5.462563,-0.010278,4.839464,0.032620,-0.006765,-1.632610,-0.064754,1.633894,28|30|31|32|33|34,0.5600
7272.900379,-0.219448,-5.482246,-0.010424,4.839464,0.032620,-0.006765,-1.621913,-0.065107,1.623219,28|30|31|32|33|34,0.5616
7272.917046,-0.226884,-5.491483,-0.009449,4.853292,0.032431,-0.006527,-1.630723,-0.068961,1.632180,28|30|31|32|33|34,0.5621
7272.933713,-0.234707,-5.500710,-0.010577,4.853292,0.032431,-0.006527,-1.625710,-0.073215,1.627358,28|30|31|32|33|34,0.5610
7272.950379,-0.228163,-5.506774,-0.010594,4.867463,0.033219,-0.006581,-1.636584,-0.070448,1.638100,28|30|31|32|33|34,0.5624
7272.983713,-0.228113,-5.506879,-0.010593,4.881766,0.032015,-0.006604,-1.650830,-0.069217,1.652281,28|30|31|32|33|34,0.5630
7273.000379,-0.224568,-5.535538,-0.010210,4.881766,0.032015,-0.006604,-1.635254,-0.067298,1.636638,28|30|31|32|33|34,0.5635
7273.017046,-0.224648,-5.535377,-0.010210,4.895803,0.032243,-0.007055,-1.649379,-0.067569,1.650762,28|30|31|32|33|34,0.5632
7273.033713,-0.238253,-5.551807,-0.010004,4.895803,0.032243,-0.007055,-1.640452,-0.074967,1.642164,28|30|31|32|33|34,0.5622
7273.050379,-0.238314,-5.551687,-0.010003,4.903212,0.032605,-0.007059,-1.647927,-0.075362,1.649649,28|30|31|32|33|34,0.5623
7273.067046,-0.221495,-5.571154,-0.010156,4.910530,0.032357,-0.007037,-1.644661,-0.065979,1.645984,28|30|31|32|33|34,0.5625
7273.083713,-0.224246,-5.580634,-0.010465,4.925184,0.031985,-0.007001,-1.654163,-0.067104,1.655523,28|30|31|32|33|34,0.5634
7273.100379,-0.226306,-5.590449,-0.010067,4.925184,0.031985,-0.007001,-1.648829,-0.068226,1.650240,28|30|31|32|33|34,0.5624
7273.117046,-0.226328,-5.590406,-0.010068,4.932133,0.032335,-0.007173,-1.655802,-0.068588,1.657222,28|30|31|32|33|34,0.5617
7273.133713,-0.221951,-5.605329,-0.010453,4.946339,0.033325,-0.007231,-1.661896,-0.067203,1.663254,28|30|31|32|33|34,0.5620
7273.150379,-0.221908,-5.605419,-0.010454,4.946339,0.033325,-0.007231,-1.661847,-0.067179,1.663205,28|30|31|32|33|34,0.5606
7273.167046,-0.205636,-5.615653,-0.010202,4.960368,0.032015,-0.007381,-1.670310,-0.057029,1.671284,28|30|31|32|33|34,0.5618
7273.183713,-0.215830,-5.633649,-0.011317,4.960368,0.032015,-0.007381,-1.660533,-0.062574,1.661711,28|30|31|32|33|34,0.5620
7273.200379,-0.233286,-5.625254,-0.012227,4.967369,0.031355,-0.007398,-1.672100,-0.071398,1.673624,28|30|31|32|33|34|35,0.5541
7273.217046,-0.243082,-5.631835,-0.012023,4.981409,0.032375,-0.007454,-1.682566,-0.077744,1.684361,28|30|31|32|33|34|35,0.5624
7273.233713,-0.238484,-5.637780,-0.011212,4.981409,0.032375,-0.007454,-1.679333,-0.075247,1.681018,28|30|31|32|33|34|35,0.5620
7273.250379,-0.226517,-5.649966,-0.010881,4.988621,0.031916,-0.007420,-1.679920,-0.068287,1.681308,28|30|31|32|33|34|35,0.5524
7273.267046,-0.217850,-5.668879,-0.011543,5.003086,0.031128,-0.007326,-1.684104,-0.062793,1.685274,30|31|32|33|34|35,0.5614
7273.283713,-0.228376,-5.687364,-0.012349,5.003086,0.031128,-0.007326,-1.674061,-0.068518,1.675462,30|31|32|33|34|35,0.5606
7273.300379,-0.228322,-5.687472,-0.012349,5.017078,0.032753,-0.007328,-1.687995,-0.070114,1.689450,30|31|32|33|34|35,0.5608
7273.317046,-0.224751,-5.701900,-0.013192,5.024176,0.033282,-0.007331,-1.687249,-0.068707,1.688648,30|31|32|33|34|35,0.5611
7273.333713,-0.224731,-5.701943,-0.013193,5.024176,0.033282,-0.007331,-1.687226,-0.068695,1.688624,30|31|32|33|34|35,0.5618
7273.350379,-0.208873,-5.712758,-0.012528,5.038548,0.032466,-0.007475,-1.695717,-0.059263,1.696752,30|31|32|33|34|35,0.5625
7273.367046,-0.206533,-5.732701,-0.013602,5.045725,0.032166,-0.007476,-1.692055,-0.057697,1.693038,30|31|32|33|34|35,0.5621
7273.400379,-0.206525,-5.732716,-0.013602,5.052863,0.032745,-0.007978,-1.699184,-0.058272,1.700183,30|31|32|33|34|35,0.5604
7273.417046,-0.205115,-5.757478,-0.013134,5.060030,0.032928,-0.007924,-1.692893,-0.057694,1.693876,30|31|32|33|34|35,0.5617
7273.450379,-0.210663,-5.776726,-0.011164,5.074113,0.031616,-0.007888,-1.696517,-0.059402,1.697557,30|31|32|33|34|35,0.5624
7273.467046,-0.219251,-5.785450,-0.011157,5.081156,0.030947,-0.007838,-1.698821,-0.063403,1.700004,30|31|32|33|34|35,0.5627
7273.483713,-0.219284,-5.785387,-0.011160,5.094955,0.032025,-0.007752,-1.712654,-0.064499,1.713868,30|31|32|33|34|35,0.5620
7273.500379,-0.227554,-5.797960,-0.010782,5.094955,0.032025,-0.007752,-1.705823,-0.068997,1.707218,30|31|32|33|34|35,0.5623
7273.517046,-0.211374,-5.808949,-0.011976,5.102173,0.032494,-0.007612,-1.707065,-0.060675,1.708143,30|31|32|33|34|35,0.5623
7273.533713,-0.204840,-5.820826,-0.011733,5.109291,0.032253,-0.007515,-1.707726,-0.056886,1.708673,30|31|32|33|34|35,0.5635
7273.583713,-0.212311,-5.848368,-0.012559,5.130585,0.032179,-0.007552,-1.714054,-0.060879,1.715135,30|31|32|33|34|35,0.5611
7273.617046,-0.194304,-5.865442,-0.012908,5.145096,0.032456,-0.007455,-1.719281,-0.051374,1.720048,30|31|32|33|34|35,0.5606
7273.650379,-0.209600,-5.883277,-0.011417,5.159497,0.031254,-0.007473,-1.723993,-0.058490,1.724985,30|31|32|33|34|35,0.5625
7273.667046,-0.217615,-5.892622,-0.011883,5.173578,0.032048,-0.007463,-1.732997,-0.063642,1.734165,30|31|32|33|34|35,0.5614
7273.683713,-0.215045,-5.898575,-0.011487,5.173578,0.032048,-0.007463,-1.729761,-0.062247,1.730881,30|31|32|33|34|35,0.5628
7273.700379,-0.204530,-5.909302,-0.012072,5.180656,0.032336,-0.007467,-1.731006,-0.056823,1.731938,30|31|32|33|34|35,0.5626
7273.717046,-0.208303,-5.901366,-0.012994,5.187613,0.031804,-0.007663,-1.742277,-0.058339,1.743253,30|31|32|33|34|35|36,0.5558
7273.733713,-0.224335,-5.893791,-0.012698,5.194630,0.031238,-0.007690,-1.753415,-0.066484,1.754675,30|31|32|33|34|35|36|37,0.5630
7273.750379,-0.232165,-5.901841,-0.012343,5.208861,0.031214,-0.007639,-1.763273,-0.070718,1.764691,30|31|32|33|34|35|36|37,0.5606
7273.767046,-0.267761,-5.854014,-0.013801,5.208861,0.031214,-0.007639,-1.789275,-0.090051,1.791540,32|33|34|35|36|37,0.5646
7273.783713,-0.267755,-5.854026,-0.013801,5.216096,0.031580,-0.007486,-1.796503,-0.090414,1.798777,32|33|34|35|36|37,0.5648
7273.800379,-0.255302,-5.872419,-0.012934,5.223225,0.030815,-0.007346,-1.793633,-0.082885,1.795547,32|33|34|35|36|37,0.5644
7273.817046,-0.265925,-5.881614,-0.012264,5.230217,0.030016,-0.007344,-1.795630,-0.087863,1.797779,32|33|34|35|36|37,0.5649
7273.850379,-0.282452,-5.894270,-0.012367,5.250214,0.030789,-0.007290,-1.808753,-0.097621,1.811385,32|33|34|35|36|37,0.5638
7273.867046,-0.282411,-5.894354,-0.012365,5.256863,0.031435,-0.007297,-1.815357,-0.098245,1.818014,32|33|34|35|36|37,0.5635
7273.883713,-0.262629,-5.914250,-0.013075,5.256863,0.031435,-0.007297,-1.804539,-0.087499,1.806659,32|33|34|35|36|37,0.5642
7273.900379,-0.252661,-5.924130,-0.013712,5.270341,0.030422,-0.007464,-1.812645,-0.081070,1.814457,32|33|34|35|36|37,0.5624
7273.917046,-0.252636,-5.924179,-0.013712,5.277278,0.029629,-0.007445,-1.819555,-0.080264,1.821325,32|33|34|35|36|37,0.5618
7273.933713,-0.267474,-5.940127,-0.013949,5.277278,0.029629,-0.007445,-1.810892,-0.088332,1.813045,32|33|34|35|36|37,0.5617
7273.967046,-0.274560,-5.954711,-0.013926,5.291422,0.030396,-0.007626,-1.817111,-0.092954,1.819487,32|33|34|35|36|37,0.5602
7273.983713,-0.265013,-5.965497,-0.013300,5.305915,0.029309,-0.007695,-1.825740,-0.086682,1.827796,32|33|34|35|36|37,0.5604
7274.000379,-0.272586,-5.975729,-0.014772,5.305915,0.029309,-0.007695,-1.820181,-0.090800,1.822444,32|33|34|35|36|37,0.5617
7274.033713,-0.286974,-5.993689,-0.014309,5.326909,0.029597,-0.007399,-1.831417,-0.098912,1.834086,32|33|34|35|36|37,0.5608
7274.050379,-0.287019,-5.993600,-0.014310,5.326909,0.029597,-0.007399,-1.831465,-0.098936,1.834136,32|33|34|35|36|37,0.5619
7274.067046,-0.273115,-6.009606,-0.014058,5.334052,0.029870,-0.007499,-1.829906,-0.091657,1.832200,32|33|34|35|36|37,0.5612
7274.083713,-0.269384,-6.019863,-0.014429,5.341186,0.029270,-0.007509,-1.831465,-0.089031,1.833628,32|33|34|35|36|37,0.5613
7274.100379,-0.269329,-6.019977,-0.014428,5.348338,0.028679,-0.007508,-1.838555,-0.088410,1.840679,32|33|34|35|36|37,0.5618
7274.117046,-0.284902,-6.037623,-0.014510,5.355512,0.028102,-0.007497,-1.836143,-0.096302,1.838667,32|33|34|35|36|37,0.5618
7274.150379,-0.283168,-6.051790,-0.015113,5.377215,0.028854,-0.008054,-1.850146,-0.096115,1.852641,32|33|34|35|36|37,0.5612
7274.167046,-0.283184,-6.051754,-0.015108,5.384637,0.028635,-0.008027,-1.857588,-0.095905,1.860062,32|33|34|35|36|37,0.5623
7274.183713,-0.274896,-6.064045,-0.014889,5.392058,0.028418,-0.008014,-1.858327,-0.091186,1.860563,32|33|34|35|36|37,0.5631
7274.200379,-0.280539,-6.083207,-0.014004,5.392058,0.028418,-0.008014,-1.847914,-0.094258,1.850316,32|33|34|35|36|37,0.5638
7274.217046,-0.282820,-6.093220,-0.013395,5.406102,0.029719,-0.008237,-1.856517,-0.096802,1.859039,32|33|34|35|36|37,0.5643
7274.233713,-0.278573,-6.097109,-0.013470,5.413285,0.029897,-0.008262,-1.861585,-0.094672,1.863991,32|33|34|35|36|37,0.5635
7274.250379,-0.265029,-6.102117,-0.014795,5.413285,0.029897,-0.008262,-1.858860,-0.087313,1.860909,32|33|34|35|36|37|38,0.5590
7274.267046,-0.262585,-6.111913,-0.014068,5.427282,0.028572,-0.008423,-1.867532,-0.084662,1.869450,32|33|34|35|36|37|38,0.5623
7274.283713,-0.291685,-6.081864,-0.013522,5.434293,0.027923,-0.008437,-1.890882,-0.099821,1.893515,33|34|35|36|37|38,0.5631
7274.300379,-0.300370,-6.090809,-0.012931,5.434293,0.027923,-0.008437,-1.886023,-0.104543,1.888918,33|34|35|36|37|38,0.5638
7274.317046,-0.308647,-6.099667,-0.012408,5.441050,0.027920,-0.008467,-1.887968,-0.109041,1.891114,33|34|35|36|37|38,0.5636
7274.333713,-0.307285,-6.104890,-0.012722,5.448177,0.028777,-0.008456,-1.892256,-0.109158,1.895402,33|34|35|36|37|38,0.5633
7274.350379,-0.294549,-6.115718,-0.012579,5.462421,0.028026,-0.008379,-1.900611,-0.101488,1.903318,33|34|35|36|37|38,0.5622
7274.367046,-0.299264,-6.125763,-0.013570,5.462421,0.028026,-0.008379,-1.895153,-0.104054,1.898007,33|34|35|36|37|38,0.5626
7274.383713,-0.304897,-6.134669,-0.014457,5.469636,0.027609,-0.008327,-1.897529,-0.106700,1.900527,33|34|35|36|37|38,0.5625
7274.400379,-0.304897,-6.134668,-0.014457,5.483655,0.028932,-0.008141,-1.911548,-0.108023,1.914598,33|34|35|36|37|38,0.5613
7274.417046,-0.305158,-6.148214,-0.015470,5.483655,0.028932,-0.008141,-1.904186,-0.108168,1.907256,33|34|35|36|37|38,0.5622
7274.433713,-0.289383,-6.159457,-0.015172,5.490720,0.029860,-0.008111,-1.905138,-0.100526,1.907788,33|34|35|36|37|38,0.5618
7274.467046,-0.289381,-6.159459,-0.015172,5.511851,0.028483,-0.008192,-1.926267,-0.099148,1.928817,33|34|35|36|37|38,0.5620
7274.483713,-0.287794,-6.188168,-0.015491,5.518841,0.028905,-0.008612,-1.917655,-0.098715,1.920194,33|34|35|36|37|38,0.5610
7274.500379,-0.293164,-6.196560,-0.015247,5.518841,0.028905,-0.008612,-1.913095,-0.101635,1.915793,33|34|35|36|37|38,0.5602
7274.517046,-0.293164,-6.196561,-0.015246,5.533046,0.028896,-0.008606,-1.927300,-0.101626,1.929978,33|34|35|36|37|38,0.5618
7274.550379,-0.285494,-6.203230,-0.016375,5.546791,0.027307,-0.008524,-1.937418,-0.095870,1.939788,33|34|35|36|37|38,0.5619
7274.567046,-0.295333,-6.232353,-0.015723,5.546791,0.027307,-0.008524,-1.921593,-0.101225,1.924257,33|34|35|36|37|38,0.5614
7274.583713,-0.306041,-6.241294,-0.016126,5.553407,0.027052,-0.008618,-1.923353,-0.106792,1.926315,33|34|35|36|37|38,0.5613
7274.600379,-0.308370,-6.243495,-0.016231,5.560374,0.028088,-0.008393,-1.929124,-0.109095,1.932206,33|34|35|36|37|38,0.5612
7274.633713,-0.279932,-6.266190,-0.015116,5.574538,0.028763,-0.008177,-1.930947,-0.094320,1.933249,33|34|35|36|37|38,0.5633
7274.650379,-0.283408,-6.275604,-0.014769,5.581597,0.028442,-0.008161,-1.932890,-0.095890,1.935267,33|34|35|36|37|38,0.5634
7274.667046,-0.283408,-6.275603,-0.014770,5.595695,0.028222,-0.008188,-1.946988,-0.095670,1.949337,33|34|35|36|37|38,0.5630
7274.683713,-0.287232,-6.284869,-0.015093,5.595695,0.028222,-0.008188,-1.941954,-0.097750,1.944412,33|34|35|36|37|38,0.5628
7274.700379,-0.290777,-6.293576,-0.015324,5.610241,0.029089,-0.007954,-1.951768,-0.100546,1.954356,33|34|35|36|37|38,0.5619
7274.717046,-0.275817,-6.310325,-0.015111,5.617364,0.028380,-0.007952,-1.949785,-0.091711,1.951940,33|34|35|36|37|38,0.5614
7274.733713,-0.275817,-6.310325,-0.015111,5.624531,0.027650,-0.007982,-1.956952,-0.090981,1.959066,33|34|35|36|37|38,0.5626
7274.750379,-0.284528,-6.329043,-0.013886,5.624531,0.027650,-0.007982,-1.946782,-0.095720,1.949133,33|34|35|36|37|38,0.5630
7274.767046,-0.293902,-6.338396,-0.012606,5.631528,0.027499,-0.008028,-1.948698,-0.100666,1.951296,33|34|35|36|37|38|39|40,0.5587
7274.817046,-0.277357,-6.365192,-0.012831,5.652442,0.028304,-0.007797,-1.955044,-0.092485,1.957230,35|36|37|38|39|40,0.5640
7274.867046,-0.277354,-6.365191,-0.012831,5.673635,0.027196,-0.007839,-1.976238,-0.091376,1.978349,35|36|37|38|39|40,0.5629
7274.883713,-0.294472,-6.399182,-0.013455,5.680982,0.027640,-0.007824,-1.965116,-0.101132,1.967717,35|36|37|38|39|40,0.5634
7274.900379,-0.294471,-6.399182,-0.013463,5.695041,0.026553,-0.007479,-1.979174,-0.100044,1.981701,35|36|37|38|39|40,0.5614
7274.917046,-0.289786,-6.418746,-0.012536,5.695041,0.026553,-0.007479,-1.968541,-0.097503,1.970954,35|36|37|38|39|40,0.5612
7274.933713,-0.302680,-6.427322,-0.012001,5.701722,0.025882,-0.007422,-1.970565,-0.103842,1.973299,35|36|37|38|39|40,0.5618
7274.967046,-0.302681,-6.427321,-0.012000,5.722069,0.027082,-0.007941,-1.990912,-0.105043,1.993681,35|36|37|38|39|40,0.5643
7274.983713,-0.304879,-6.439934,-0.013441,5.728890,0.027481,-0.008003,-1.990879,-0.106639,1.993733,35|36|37|38|39|40,0.5631
7275.000379,-0.297616,-6.451284,-0.013736,5.728890,0.027481,-0.008003,-1.984709,-0.102695,1.987364,35|36|37|38|39|40,0.5622
7275.017046,-0.284568,-6.470150,-0.014102,5.742529,0.025877,-0.008020,-1.988090,-0.094004,1.990312,35|36|37|38|39|40,0.5611
7275.033713,-0.293550,-6.478164,-0.013909,5.742529,0.025877,-0.008020,-1.983737,-0.098888,1.986200,35|36|37|38|39|40,0.5609
7275.050379,-0.307128,-6.486651,-0.012591,5.749236,0.025816,-0.008046,-1.985835,-0.106209,1.988673,35|36|37|38|39|40,0.5615
7275.067046,-0.306648,-6.491890,-0.012982,5.756510,0.026229,-0.008101,-1.990262,-0.106362,1.993102,35|36|37|38|39|40,0.5619
7275.083713,-0.306648,-6.491890,-0.012982,5.771182,0.025695,-0.008129,-2.004934,-0.105828,2.007725,35|36|37|38|39|40,0.5612
7275.100379,-0.299976,-6.502808,-0.013253,5.778416,0.024902,-0.008046,-2.006233,-0.101411,2.008794,35|36|37|38|39|40,0.5614
7275.117046,-0.306561,-6.522924,-0.013073,5.778416,0.024902,-0.008046,-1.995302,-0.104995,1.998062,35|36|37|38|39|40,0.5629
7275.133713,-0.317215,-6.531989,-0.013463,5.785164,0.024898,-0.008007,-1.997125,-0.110784,2.000196,35|36|37|38|39|40,0.5625
7275.150379,-0.316318,-6.536078,-0.013590,5.799286,0.025825,-0.007800,-2.009026,-0.111225,2.012102,35|36|37|38|39|40,0.5637
7275.167046,-0.308765,-6.547033,-0.013199,5.799286,0.025825,-0.007800,-2.003070,-0.107123,2.005932,35|36|37|38|39|40,0.5629
7275.183713,-0.308766,-6.547031,-0.013202,5.813489,0.024904,-0.007896,-2.017274,-0.106202,2.020067,35|36|37|38|39|40,0.5620
7275.200379,-0.302915,-6.566250,-0.013871,5.813489,0.024904,-0.007896,-2.006827,-0.103027,2.009470,35|36|37|38|39|40,0.5617
7275.233713,-0.324092,-6.583154,-0.014369,5.827427,0.024467,-0.008113,-2.011584,-0.114103,2.014817,35|36|37|38|39|40,0.5620
7275.250379,-0.324091,-6.583155,-0.014370,5.841990,0.025349,-0.008080,-2.026146,-0.114984,2.029406,35|36|37|38|39|40,0.5634
7275.267046,-0.317980,-6.588409,-0.014346,5.849173,0.024877,-0.008060,-2.030472,-0.111193,2.033514,35|36|37|38|39|40,0.5630
7275.283713,-0.304915,-6.611823,-0.013993,5.856359,0.024422,-0.008041,-2.024930,-0.103643,2.027581,35|36|37|38|39|40|41,0.5570
7275.300379,-0.310999,-6.620266,-0.014055,5.856359,0.024422,-0.008041,-2.020342,-0.106952,2.023171,35|36|37|38|39|40|41,0.5639
7275.317046,-0.316198,-6.628832,-0.013879,5.863297,0.024403,-0.008145,-2.022626,-0.109760,2.025602,35|36|37|38|39|40|41,0.5586
7275.333713,-0.314945,-6.634039,-0.014934,5.877453,0.025997,-0.008113,-2.033952,-0.110675,2.036961,36|37|38|39|40|41,0.5641
7275.350379,-0.302616,-6.644759,-0.013534,5.884453,0.025900,-0.008097,-2.035123,-0.103880,2.037773,36|37|38|39|40|41,0.5632
7275.367046,-0.302619,-6.644758,-0.013535,5.891409,0.024964,-0.008096,-2.042080,-0.102946,2.044673,36|37|38|39|40|41,0.5631
7275.383713,-0.291742,-6.664254,-0.014553,5.891409,0.024964,-0.008096,-2.031481,-0.097039,2.033797,36|37|38|39|40|41,0.5618
7275.400379,-0.304348,-6.672724,-0.015509,5.898400,0.024007,-0.008104,-2.033872,-0.102935,2.036475,36|37|38|39|40|41,0.5610
7275.417046,-0.304350,-6.672724,-0.015510,5.905143,0.023875,-0.008113,-2.040615,-0.102805,2.043203,36|37|38|39|40|41,0.5609
7275.433713,-0.318019,-6.686515,-0.014010,5.912285,0.024451,-0.008083,-2.040266,-0.110813,2.043273,36|37|38|39|40|41,0.5618
7275.450379,-0.309006,-6.697450,-0.013995,5.919441,0.024981,-0.008080,-2.041476,-0.106447,2.044249,36|37|38|39|40|41,0.5618
7275.467046,-0.300792,-6.707435,-0.013529,5.926511,0.024468,-0.008040,-2.043118,-0.101473,2.045636,36|37|38|39|40|41,0.5614
7275.483713,-0.307715,-6.716490,-0.013148,5.940531,0.023933,-0.007981,-2.052218,-0.104702,2.054887,36|37|38|39|40|41,0.5608
7275.500379,-0.317013,-6.725333,-0.012856,5.940531,0.023933,-0.007981,-2.047414,-0.109758,2.050354,36|37|38|39|40|41,0.5600
7275.517046,-0.314032,-6.729633,-0.013352,5.947780,0.024634,-0.008010,-2.052325,-0.108841,2.055209,36|37|38|39|40|41,0.5622
7275.550379,-0.293010,-6.751726,-0.012847,5.968660,0.025254,-0.007950,-2.061194,-0.098041,2.063524,36|37|38|39|40|41,0.5612
7275.567046,-0.284005,-6.761025,-0.012882,5.975723,0.024579,-0.007970,-2.063200,-0.092474,2.065271,36|37|38|39|40|41,0.5599
7275.583713,-0.292530,-6.769384,-0.013551,5.975723,0.024579,-0.007970,-2.058659,-0.097109,2.060949,36|37|38|39|40|41,0.5610
7275.600379,-0.300983,-6.776399,-0.013656,5.990147,0.025302,-0.008399,-2.069273,-0.102427,2.071807,36|37|38|39|40|41,0.5620
7275.617046,-0.300981,-6.776399,-0.013655,5.997433,0.025700,-0.008381,-2.076559,-0.102825,2.079103,36|37|38|39|40|41,0.5620
7275.633713,-0.288165,-6.795386,-0.013723,5.997433,0.025700,-0.008381,-2.066237,-0.095864,2.068460,36|37|38|39|40|41,0.5621
7275.650379,-0.288167,-6.795384,-0.013724,6.011107,0.023718,-0.008320,-2.079912,-0.093884,2.082030,36|37|38|39|40|41,0.5614
7275.667046,-0.281580,-6.806080,-0.013706,6.017687,0.023261,-0.008418,-2.080677,-0.089850,2.082616,36|37|38|39|40|41,0.5615
7275.683713,-0.309023,-6.822792,-0.012609,6.017687,0.023261,-0.008418,-2.071602,-0.104768,2.074249,36|37|38|39|40|41,0.5615
7275.700379,-0.309021,-6.822792,-0.012605,6.024857,0.023962,-0.008317,-2.078772,-0.105469,2.081445,36|37|38|39|40|41,0.5620
7275.717046,-0.314268,-6.825137,-0.012333,6.031862,0.024708,-0.008171,-2.084504,-0.109066,2.087355,36|37|38|39|40|41,0.5620
7275.733713,-0.292368,-6.847263,-0.013229,6.045725,0.024785,-0.008209,-2.086336,-0.097247,2.088601,36|37|38|39|40|41,0.5621
7275.750379,-0.292368,-6.847263,-0.013228,6.052655,0.024202,-0.008219,-2.093266,-0.096664,2.095497,36|37|38|39|40|41,0.5619
7275.767046,-0.291073,-6.866610,-0.012885,6.059606,0.024089,-0.008193,-2.089702,-0.095852,2.091899,36|37|38|39|40|41,0.5633
7275.783713,-0.298816,-6.875200,-0.012788,6.059606,0.024089,-0.008193,-2.085035,-0.100062,2.087435,36|37|38|39|40|41,0.5635
7275.800379,-0.298815,-6.875200,-0.012787,6.074348,0.025088,-0.008029,-2.099777,-0.101061,2.102208,36|37|38|39|40|41,0.5626
7275.817046,-0.298916,-6.880972,-0.013267,6.074348,0.025088,-0.008029,-2.096641,-0.101117,2.099078,36|37|38|39|40|41,0.5632
7275.850379,-0.283413,-6.910599,-0.012081,6.088495,0.024022,-0.007833,-2.094682,-0.091633,2.096685,36|37|38|39|40|41|42|43,0.5504
7275.867046,-0.296551,-6.920549,-0.011205,6.102641,0.023975,-0.007820,-2.103423,-0.098728,2.105739,38|39|40|41|42|43,0.5626
7275.900379,-0.296553,-6.920549,-0.011205,6.116469,0.024296,-0.007685,-2.117252,-0.099050,2.119567,38|39|40|41|42|43,0.5641
7275.933713,-0.289590,-6.957321,-0.009983,6.130368,0.023112,-0.007593,-2.111164,-0.094092,2.113260,38|39|40|41|42|43,0.5637
7275.950379,-0.289591,-6.957321,-0.009982,6.137461,0.023186,-0.007462,-2.118257,-0.094166,2.120349,38|39|40|41|42|43,0.5632
7275.983713,-0.303487,-6.980682,-0.009813,6.144827,0.023341,-0.007460,-2.112931,-0.101879,2.115386,38|39|40|41|42|43,0.5643
7276.000379,-0.300535,-6.991464,-0.010189,6.152059,0.023462,-0.007449,-2.114302,-0.100399,2.116684,38|39|40|41|42|43,0.5623
7276.017046,-0.298188,-7.000594,-0.009807,6.159040,0.023294,-0.007352,-2.116321,-0.098957,2.118633,38|39|40|41|42|43,0.5619
7276.033713,-0.300463,-7.008925,-0.009869,6.165599,0.022473,-0.007335,-2.118352,-0.099375,2.120682,38|39|40|41|42|43,0.5615
7276.050379,-0.311066,-7.011592,-0.009765,6.172405,0.022625,-0.007468,-2.123711,-0.105290,2.126320,38|39|40|41|42|43,0.5636
7276.067046,-0.307873,-7.022262,-0.010262,6.179242,0.022779,-0.007444,-2.124749,-0.103712,2.127278,38|39|40|41|42|43,0.5634
7276.083713,-0.305037,-7.032725,-0.009533,6.186070,0.022898,-0.007362,-2.125889,-0.102292,2.128349,38|39|40|41|42|43,0.5642
7276.100379,-0.305037,-7.032726,-0.009533,6.199732,0.023038,-0.007460,-2.139552,-0.102432,2.142002,38|39|40|41|42|43,0.5641
7276.117046,-0.301155,-7.051724,-0.009522,6.199732,0.023038,-0.007460,-2.129225,-0.100327,2.131587,38|39|40|41|42|43,0.5633
7276.133713,-0.299595,-7.060660,-0.008900,6.206571,0.022551,-0.007388,-2.131207,-0.098994,2.133505,38|39|40|41|42|43,0.5618
7276.150379,-0.305470,-7.068004,-0.008877,6.213285,0.022404,-0.007413,-2.133932,-0.102043,2.136370,38|39|40|41|42|43,0.5617
7276.183713,-0.306469,-7.084047,-0.009229,6.234272,0.022517,-0.007549,-2.146199,-0.102702,2.148655,38|39|40|41|42|43,0.5641
7276.200379,-0.304930,-7.094482,-0.010014,6.234272,0.022517,-0.007549,-2.140528,-0.101868,2.142950,38|39|40|41|42|43,0.5631
7276.217046,-0.303315,-7.103471,-0.010141,6.241369,0.021739,-0.007503,-2.142739,-0.100215,2.145081,38|39|40|41|42|43,0.5617
7276.233713,-0.303315,-7.103471,-0.010138,6.255339,0.021563,-0.007485,-2.156710,-0.100039,2.159028,38|39|40|41|42|43,0.5630
7276.250379,-0.313617,-7.111779,-0.010662,6.262285,0.021628,-0.007395,-2.159143,-0.105705,2.161729,38|39|40|41|42|43,0.5638
7276.267046,-0.315117,-7.127670,-0.011536,6.262285,0.021628,-0.007395,-2.150506,-0.106524,2.153143,38|39|40|41|42|43,0.5637
7276.283713,-0.313716,-7.137790,-0.011375,6.269248,0.021634,-0.007368,-2.151969,-0.105771,2.154567,38|39|40|41|42|43,0.5640
7276.317046,-0.312786,-7.156589,-0.010695,6.283103,0.020767,-0.007409,-2.155607,-0.104403,2.158134,38|39|40|41|42|43,0.5622
7276.333713,-0.323882,-7.161945,-0.011232,6.290154,0.020801,-0.007559,-2.159750,-0.110470,2.162573,38|39|40|41|42|43|44,0.5568
7276.350379,-0.323860,-7.162024,-0.011301,6.304541,0.021406,-0.007533,-2.174094,-0.111063,2.176929,38|39|40|41|42|43|44,0.5639
7276.367046,-0.322408,-7.168679,-0.010980,6.311707,0.021633,-0.007537,-2.177643,-0.110502,2.180445,38|39|40|41|42|43|44,0.5571
7276.383713,-0.317035,-7.179991,-0.011553,6.311707,0.021633,-0.007537,-2.171494,-0.107585,2.174157,39|40|41|42|43|44,0.5631
7276.400379,-0.309059,-7.200481,-0.011751,6.325499,0.020547,-0.007682,-2.174148,-0.102169,2.176547,39|40|41|42|43|44,0.5619
7276.417046,-0.319680,-7.208271,-0.012662,6.332564,0.020930,-0.007663,-2.176982,-0.108327,2.179675,39|40|41|42|43|44,0.5624
7276.450379,-0.316129,-7.224727,-0.011863,6.339667,0.021293,-0.007672,-2.175140,-0.106764,2.177759,39|40|41|42|43|44,0.5644
7276.467046,-0.310459,-7.235480,-0.012062,6.353757,0.021859,-0.007696,-2.183385,-0.104251,2.185873,39|40|41|42|43|44,0.5638
7276.483713,-0.305448,-7.245383,-0.012059,6.353757,0.021859,-0.007696,-2.178002,-0.101530,2.180367,39|40|41|42|43|44,0.5621
7276.500379,-0.301419,-7.255258,-0.011849,6.360631,0.020780,-0.007478,-2.179508,-0.098264,2.181722,39|40|41|42|43|44,0.5612
7276.517046,-0.316490,-7.261404,-0.011539,6.367403,0.020414,-0.007477,-2.182943,-0.106090,2.185519,39|40|41|42|43|44,0.5616
7276.533713,-0.320507,-7.266482,-0.011867,6.381738,0.020677,-0.007463,-2.194520,-0.108538,2.197202,39|40|41|42|43|44,0.5617
7276.550380,-0.317580,-7.277841,-0.012152,6.381738,0.020677,-0.007463,-2.188346,-0.106950,2.190957,39|40|41|42|43|44,0.5619
7276.567046,-0.315984,-7.287793,-0.010530,6.388872,0.020810,-0.007442,-2.190070,-0.106218,2.192644,39|40|41|42|43|44,0.5611
7276.583713,-0.315983,-7.287793,-0.010530,6.402930,0.020732,-0.007369,-2.204128,-0.106139,2.206683,39|40|41|42|43|44,0.5611
7276.600380,-0.313323,-7.305187,-0.010294,6.402930,0.020732,-0.007369,-2.194675,-0.104698,2.197171,39|40|41|42|43|44,0.5605
7276.617046,-0.313074,-7.312195,-0.010457,6.409972,0.020826,-0.007373,-2.197908,-0.104659,2.200398,39|40|41|42|43|44,0.5610
7276.633713,-0.311185,-7.320952,-0.009984,6.417143,0.021058,-0.007406,-2.200319,-0.103865,2.202770,39|40|41|42|43|44,0.5614
7276.667046,-0.304509,-7.341487,-0.010871,6.438109,0.021509,-0.007343,-2.210124,-0.100694,2.212416,39|40|41|42|43|44,0.5614
7276.683713,-0.302166,-7.351249,-0.010910,6.438109,0.021509,-0.007343,-2.204818,-0.099423,2.207058,39|40|41|42|43|44,0.5608
7276.700380,-0.298939,-7.357732,-0.011170,6.445119,0.021349,-0.007292,-2.208303,-0.097511,2.210455,39|40|41|42|43|44,0.5607
7276.717046,-0.298938,-7.357732,-0.011171,6.452382,0.021440,-0.007273,-2.215566,-0.097601,2.217715,39|40|41|42|43|44,0.5619
7276.733713,-0.300344,-7.364669,-0.010795,6.459644,0.021435,-0.007271,-2.219058,-0.098362,2.221237,39|40|41|42|43|44,0.5616
7276.767046,-0.298070,-7.396778,-0.010637,6.473730,0.020898,-0.007269,-2.215693,-0.096598,2.217797,39|40|41|42|43|44,0.5612
7276.783713,-0.304213,-7.402389,-0.010220,6.487415,0.020654,-0.007038,-2.226331,-0.099693,2.228562,39|40|41|42|43|44,0.5610
7276.800380,-0.310555,-7.405138,-0.011038,6.494519,0.020930,-0.006965,-2.231941,-0.103417,2.234336,39|40|41|42|43|44,0.5630
7276.817046,-0.305816,-7.415937,-0.010279,6.501436,0.021168,-0.006935,-2.232988,-0.101082,2.235275,39|40|41|42|43|44,0.5641
7276.833713,-0.301315,-7.426798,-0.010601,6.508337,0.021350,-0.006915,-2.233985,-0.098821,2.236170,39|40|41|42|43|44,0.5636
7276.867046,-0.293967,-7.447419,-0.011760,6.515204,0.021038,-0.006819,-2.229644,-0.094521,2.231647,39|40|41|42|43|44|45|46,0.5634
7276.883713,-0.293959,-7.447421,-0.011764,6.529495,0.020870,-0.006654,-2.243933,-0.094349,2.245916,39|40|41|42|43|44|45|46,0.5601
7276.900380,-0.300914,-7.461034,-0.011763,6.536883,0.020938,-0.006643,-2.243925,-0.098199,2.246073,41|42|43|44|45|46,0.5650
7276.917046,-0.300914,-7.461033,-0.011760,6.536883,0.020938,-0.006643,-2.243925,-0.098199,2.246073,41|42|43|44|45|46,0.5641
7276.933713,-0.298933,-7.472364,-0.012121,6.551420,0.021115,-0.006464,-2.252303,-0.097302,2.254404,41|42|43|44|45|46,0.5630
7276.950380,-0.296451,-7.492689,-0.012383,6.551420,0.021115,-0.006464,-2.241257,-0.095958,2.243310,41|42|43|44|45|46,0.5626
7276.967046,-0.293247,-7.500269,-0.011903,6.565408,0.020869,-0.006030,-2.251125,-0.093973,2.253086,41|42|43|44|45|46,0.5617
7276.983713,-0.293493,-7.508734,-0.011267,6.565408,0.020869,-0.006030,-2.246524,-0.094109,2.248495,41|42|43|44|45|46,0.5631
7277.017046,-0.300181,-7.527166,-0.011617,6.579407,0.020398,-0.006077,-2.250507,-0.097277,2.252609,41|42|43|44|45|46,0.5633
7277.033713,-0.300182,-7.527167,-0.011616,6.593181,0.020215,-0.005699,-2.264281,-0.097095,2.266362,41|42|43|44|45|46,0.5622
7277.067046,-0.303404,-7.550146,-0.010860,6.600343,0.020111,-0.005503,-2.258955,-0.098748,2.261113,41|42|43|44|45|46,0.5623
7277.083713,-0.305118,-7.560745,-0.010553,6.607628,0.019881,-0.005459,-2.260481,-0.099452,2.262667,41|42|43|44|45|46,0.5621
7277.100380,-0.307825,-7.570682,-0.010502,6.614834,0.019644,-0.005467,-2.262286,-0.100689,2.264526,41|42|43|44|45|46,0.5631
7277.117046,-0.310733,-7.580025,-0.010788,6.621937,0.019377,-0.005509,-2.264313,-0.102005,2.266609,41|42|43|44|45|46,0.5629
7277.133713,-0.314027,-7.589155,-0.010333,6.635574,0.020248,-0.005639,-2.272989,-0.104668,2.275397,41|42|43|44|45|46,0.5609
7277.150380,-0.305735,-7.591867,-0.010507,6.635574,0.020248,-0.005639,-2.271512,-0.100162,2.273720,41|42|43|44|45|46,0.5617
7277.167046,-0.305734,-7.591868,-0.010508,6.642466,0.019897,-0.005602,-2.278404,-0.099810,2.280589,41|42|43|44|45|46,0.5620
7277.183713,-0.305251,-7.613603,-0.010204,6.649368,0.019579,-0.005541,-2.273493,-0.099235,2.275657,41|42|43|44|45|46,0.5633
7277.200380,-0.305252,-7.613603,-0.010206,6.663199,0.019017,-0.005570,-2.287324,-0.098674,2.289452,41|42|43|44|45|46,0.5625
7277.217046,-0.309235,-7.622854,-0.009852,6.663199,0.019017,-0.005570,-2.282298,-0.100841,2.284525,41|42|43|44|45|46,0.5611
7277.233713,-0.312776,-7.631999,-0.009379,6.670066,0.018961,-0.005544,-2.284195,-0.102712,2.286503,41|42|43|44|45|46,0.5604
7277.250380,-0.316271,-7.640865,-0.009088,6.683790,0.019628,-0.005735,-2.293102,-0.105281,2.295517,41|42|43|44|45|46,0.5595
7277.283713,-0.316302,-7.646568,-0.009330,6.697541,0.019021,-0.005624,-2.303753,-0.104692,2.306131,41|42|43|44|45|46,0.5708
7277.300380,-0.309798,-7.674131,-0.011304,6.704603,0.018839,-0.005579,-2.295834,-0.100983,2.298053,41|42|43|44|45|46,0.5672
7277.317046,-0.313459,-7.682740,-0.010542,6.704603,0.018839,-0.005579,-2.291155,-0.102974,2.293468,41|42|43|44|45|46,0.5658
7277.333713,-0.316076,-7.689579,-0.008183,6.711601,0.019210,-0.005539,-2.294437,-0.104769,2.296828,41|42|43|44|45|46,0.5644
7277.350380,-0.316078,-7.689579,-0.008183,6.725824,0.018555,-0.005544,-2.308660,-0.104116,2.311007,41|42|43|44|45|46,0.5625
7277.367046,-0.313708,-7.708427,-0.010604,6.725824,0.018555,-0.005544,-2.298417,-0.102832,2.300716,41|42|43|44|45|46,0.5629
7277.400380,-0.314147,-7.709585,-0.010541,6.739632,0.017781,-0.005429,-2.311595,-0.102297,2.313858,41|42|43|44|45|46|47,0.5632
7277.417046,-0.323778,-7.727948,-0.010917,6.753355,0.018480,-0.005148,-2.315341,-0.108235,2.317870,41|42|43|44|45|46|47,0.5567
7277.433713,-0.326502,-7.738839,-0.010210,6.753355,0.018480,-0.005148,-2.309423,-0.109718,2.312028,41|42|43|44|45|46|47,0.5538
7277.467046,-0.319856,-7.760755,-0.010288,6.767579,0.018245,-0.005097,-2.311733,-0.105876,2.314157,42|43|44|45|46|47,0.5640
7277.483713,-0.321614,-7.771274,-0.010724,6.774606,0.018070,-0.005132,-2.313045,-0.106659,2.315503,42|43|44|45|46|47,0.5641
7277.517046,-0.323883,-7.788750,-0.011636,6.788392,0.018208,-0.004986,-2.317333,-0.108035,2.319850,42|43|44|45|46|47,0.5618
7277.533713,-0.323883,-7.788750,-0.011635,6.802598,0.018104,-0.005019,-2.331539,-0.107931,2.334036,42|43|44|45|46|47,0.5618
7277.550380,-0.320454,-7.794093,-0.011821,6.809650,0.018005,-0.005003,-2.335686,-0.105970,2.338089,42|43|44|45|46|47,0.5621
7277.567046,-0.321299,-7.814992,-0.011247,6.809650,0.018005,-0.005003,-2.324329,-0.106434,2.326764,42|43|44|45|46|47,0.5632
7277.583713,-0.321298,-7.814991,-0.011248,6.816705,0.017880,-0.005025,-2.331384,-0.106309,2.333807,42|43|44|45|46|47,0.5630
7277.600380,-0.323340,-7.834490,-0.011301,6.823514,0.018112,-0.004999,-2.327596,-0.107656,2.330085,42|43|44|45|46|47,0.5612
7277.617046,-0.319638,-7.839945,-0.011248,6.837313,0.018293,-0.004858,-2.338430,-0.105826,2.340823,42|43|44|45|46|47,0.5586
7277.633713,-0.313103,-7.847140,-0.010873,6.844272,0.017977,-0.004857,-2.341476,-0.101960,2.343695,42|43|44|45|46|47,0.5592
7277.650380,-0.316937,-7.857662,-0.010780,6.844272,0.017977,-0.004857,-2.335759,-0.104047,2.338075,42|43|44|45|46|47,0.5605
7277.667046,-0.316936,-7.857662,-0.010778,6.858327,0.017615,-0.004501,-2.349814,-0.103684,2.352101,42|43|44|45|46|47,0.5601
7277.683713,-0.320864,-7.866488,-0.010367,6.865330,0.018554,-0.004494,-2.352021,-0.106760,2.354443,42|43|44|45|46|47,0.5598
7277.700380,-0.324832,-7.875449,-0.009934,6.872603,0.018941,-0.004404,-2.354426,-0.109306,2.356962,42|43|44|45|46|47,0.5597
7277.717046,-0.311499,-7.888988,-0.009214,6.879591,0.018588,-0.004421,-2.354052,-0.101710,2.356248,42|43|44|45|46|47,0.5607
7277.733713,-0.311498,-7.888988,-0.009213,6.886625,0.018326,-0.004428,-2.361086,-0.101448,2.363264,42|43|44|45|46|47,0.5606
7277.750380,-0.306296,-7.901885,-0.008937,6.893664,0.018053,-0.004419,-2.361114,-0.098350,2.363162,42|43|44|45|46|47,0.5622
7277.767046,-0.311149,-7.910964,-0.009361,6.900420,0.018144,-0.004274,-2.362937,-0.101081,2.365099,42|43|44|45|46|47,0.5613
7277.783713,-0.314436,-7.920317,-0.008891,6.907614,0.019239,-0.004054,-2.365049,-0.103965,2.367333,42|43|44|45|46|47,0.5605
7277.800380,-0.315624,-7.933910,-0.008468,6.907614,0.019239,-0.004054,-2.357662,-0.104614,2.359982,42|43|44|45|46|47,0.5616
7277.833713,-0.315623,-7.933908,-0.008471,6.921704,0.018935,-0.003988,-2.371753,-0.104310,2.374046,42|43|44|45|46|47,0.5632
7277.850380,-0.298877,-7.954968,-0.008285,6.935701,0.018246,-0.004038,-2.374301,-0.094525,2.376181,42|43|44|45|46|47,0.5635
7277.867046,-0.309670,-7.973653,-0.009509,6.935701,0.018246,-0.004038,-2.364148,-0.100396,2.366279,42|43|44|45|46|47,0.5623
7277.883713,-0.309671,-7.973653,-0.009508,6.942319,0.018973,-0.004079,-2.370766,-0.101123,2.372921,42|43|44|45|46|47,0.5611
7277.900380,-0.313330,-7.981095,-0.009277,6.956432,0.019194,-0.003835,-2.380835,-0.103335,2.383076,42|43|44|45|46|47,0.5610
7277.917046,-0.302302,-7.983873,-0.009133,6.956432,0.019194,-0.003835,-2.379323,-0.097342,2.381313,42|43|44|45|46|47,0.5615
7277.933713,-0.295916,-7.998630,-0.008658,6.963281,0.018890,-0.003800,-2.378150,-0.093570,2.379990,42|43|44|45|46|47|48|49,0.5523
7277.950380,-0.304898,-8.016795,-0.009165,6.970161,0.018663,-0.003794,-2.375160,-0.098230,2.377190,44|45|46|47|48|49,0.5622
7277.983713,-0.309369,-8.032800,-0.009917,6.991113,0.019217,-0.003042,-2.387415,-0.101218,2.389560,44|45|46|47|48|49,0.5626
7278.000380,-0.299784,-8.040293,-0.009362,6.998278,0.018862,-0.002979,-2.390505,-0.095656,2.392418,44|45|46|47|48|49,0.5629
7278.017046,-0.299524,-8.051173,-0.008967,6.998278,0.018862,-0.002979,-2.384592,-0.095517,2.386504,44|45|46|47|48|49,0.5632
7278.067046,-0.299523,-8.051174,-0.008966,7.026903,0.019730,-0.003107,-2.413216,-0.096385,2.415140,44|45|46|47|48|49,0.5635
7278.083713,-0.302262,-8.084525,-0.008789,7.026903,0.019730,-0.003107,-2.395091,-0.097882,2.397090,44|45|46|47|48|49,0.5631
7278.117046,-0.299554,-8.104741,-0.008999,7.040897,0.018467,-0.003154,-2.398098,-0.095152,2.399985,44|45|46|47|48|49,0.5633
7278.133713,-0.308416,-8.113590,-0.009660,7.047991,0.017802,-0.003135,-2.400385,-0.099305,2.402438,44|45|46|47|48|49,0.5635
7278.150380,-0.317834,-8.122505,-0.009028,7.055013,0.017644,-0.003124,-2.402564,-0.104268,2.404826,44|45|46|47|48|49,0.5621
7278.167046,-0.317834,-8.122508,-0.009032,7.069295,0.018525,-0.002561,-2.416845,-0.105149,2.419131,44|45|46|47|48|49,0.5622
7278.200380,-0.306794,-8.149055,-0.008624,7.076178,0.017905,-0.002638,-2.409297,-0.098536,2.411311,44|45|46|47|48|49,0.5616
7278.217046,-0.306795,-8.149054,-0.008625,7.089694,0.017503,-0.003003,-2.422814,-0.098134,2.424800,44|45|46|47|48|49,0.5612
7278.233713,-0.324208,-8.166084,-0.009558,7.089694,0.017503,-0.003003,-2.413562,-0.107603,2.415960,44|45|46|47|48|49,0.5614
7278.250380,-0.324209,-8.166085,-0.009561,7.103300,0.018951,-0.003261,-2.427168,-0.109050,2.429617,44|45|46|47|48|49,0.5625
7278.267046,-0.308959,-8.180783,-0.009601,7.103300,0.018951,-0.003261,-2.419176,-0.100766,2.421274,44|45|46|47|48|49,0.5617
7278.283713,-0.298182,-8.191786,-0.009636,7.110074,0.018418,-0.003329,-2.419968,-0.094379,2.421808,44|45|46|47|48|49,0.5605
7278.300380,-0.298183,-8.191787,-0.009634,7.123943,0.017016,-0.003390,-2.433836,-0.092978,2.435611,44|45|46|47|48|49,0.5615
7278.317046,-0.307349,-8.200580,-0.009735,7.130710,0.016640,-0.003394,-2.435826,-0.097586,2.437780,44|45|46|47|48|49,0.5631
7278.333713,-0.317378,-8.209260,-0.009203,7.137579,0.017293,-0.003473,-2.437980,-0.103691,2.440184,44|45|46|47|48|49,0.5632
7278.367046,-0.321211,-8.232527,-0.010055,7.144511,0.018017,-0.003457,-2.432268,-0.106504,2.434599,44|45|46|47|48|49,0.5630
7278.383713,-0.321211,-8.232525,-0.010057,7.158413,0.017567,-0.003344,-2.446171,-0.106054,2.448469,44|45|46|47|48|49,0.5614
7278.400380,-0.308413,-8.252180,-0.009313,7.158413,0.017567,-0.003344,-2.435486,-0.099104,2.437502,44|45|46|47|48|49,0.5617
7278.417046,-0.317803,-8.260866,-0.009178,7.165236,0.017094,-0.003213,-2.437591,-0.103737,2.439798,44|45|46|47|48|49,0.5628
7278.450380,-0.318074,-8.261920,-0.008738,7.186672,0.017600,-0.003611,-2.458454,-0.104390,2.460669,44|45|46|47|48|49|50,0.5638
7278.467046,-0.311164,-8.286741,-0.010245,7.186672,0.017600,-0.003611,-2.444963,-0.100641,2.447033,44|45|46|47|48|49|50,0.5546
7278.500380,-0.311331,-8.287625,-0.010511,7.207529,0.015904,-0.003549,-2.465340,-0.099035,2.467328,45|46|47|48|49|50,0.5634
7278.517046,-0.326239,-8.305520,-0.010955,7.207529,0.015904,-0.003549,-2.455617,-0.107142,2.457954,45|46|47|48|49|50,0.5621
7278.533713,-0.338993,-8.317296,-0.010412,7.214760,0.016721,-0.003510,-2.456452,-0.114894,2.459137,45|46|47|48|49|50,0.5631
7278.550380,-0.327332,-8.328971,-0.010018,7.221981,0.017506,-0.003531,-2.457325,-0.109344,2.459756,45|46|47|48|49|50,0.5634
7278.567046,-0.315796,-8.340037,-0.010243,7.236134,0.016606,-0.004060,-2.465461,-0.102177,2.467578,45|46|47|48|49|50,0.5626
7278.583713,-0.315796,-8.340033,-0.010243,7.236134,0.016606,-0.004060,-2.465463,-0.102177,2.467580,45|46|47|48|49|50,0.5623
7278.617046,-0.323075,-8.349076,-0.010754,7.257208,0.017194,-0.004630,-2.481624,-0.106724,2.483918,45|46|47|48|49|50,0.5614
7278.633713,-0.329519,-8.372478,-0.011023,7.264348,0.016804,-0.004708,-2.476047,-0.109842,2.478482,45|46|47|48|49|50,0.5622
7278.650380,-0.319097,-8.384275,-0.010706,7.271416,0.016360,-0.004707,-2.476701,-0.103737,2.478873,45|46|47|48|49|50,0.5620
7278.683713,-0.331261,-8.402567,-0.011214,7.285306,0.015737,-0.004654,-2.480653,-0.109729,2.483079,45|46|47|48|49|50,0.5624
7278.700380,-0.337427,-8.411420,-0.011234,7.285306,0.015737,-0.004654,-2.475844,-0.113082,2.478425,45|46|47|48|49|50,0.5615
7278.717046,-0.337427,-8.411420,-0.011233,7.299341,0.017548,-0.004726,-2.489878,-0.114893,2.492527,45|46|47|48|49|50,0.5612
7278.733713,-0.326261,-8.425152,-0.011514,7.306399,0.016902,-0.004828,-2.489470,-0.108182,2.491819,45|46|47|48|49|50,0.5610
7278.750380,-0.326261,-8.425155,-0.011513,7.313474,0.016251,-0.004589,-2.496543,-0.107531,2.498858,45|46|47|48|49|50,0.5603
7278.783713,-0.330431,-8.455283,-0.011332,7.320265,0.015910,-0.004467,-2.486962,-0.109465,2.489370,45|46|47|48|49|50,0.5605
7278.800380,-0.330430,-8.455283,-0.011332,7.327337,0.016544,-0.004522,-2.494034,-0.110097,2.496463,45|46|47|48|49|50,0.5614
7278.817046,-0.325217,-8.467686,-0.011385,7.341646,0.017599,-0.004572,-2.501600,-0.108323,2.503945,45|46|47|48|49|50,0.5616
7278.833713,-0.325217,-8.467686,-0.011385,7.341646,0.017599,-0.004572,-2.501601,-0.108323,2.503945,45|46|47|48|49|50,0.5621
7278.850380,-0.309682,-8.490173,-0.011482,7.355647,0.016290,-0.004577,-2.503376,-0.098577,2.505316,45|46|47|48|49|50,0.5631
7278.867046,-0.318325,-8.498938,-0.011546,7.362507,0.016194,-0.004604,-2.505476,-0.103180,2.507599,45|46|47|48|49|50,0.5624
7278.883713,-0.318325,-8.498939,-0.011547,7.369801,0.016865,-0.004486,-2.512768,-0.103851,2.514913,45|46|47|48|49|50,0.5623
7278.900380,-0.327727,-8.512297,-0.011329,7.376909,0.017504,-0.004295,-2.512619,-0.109603,2.515009,45|46|47|48|49|50,0.5632
7278.917046,-0.327726,-8.512295,-0.011328,7.383748,0.017691,-0.004237,-2.519459,-0.109790,2.521850,45|46|47|48|49|50,0.5640
7278.933713,-0.308106,-8.534804,-0.011128,7.383748,0.017691,-0.004237,-2.507221,-0.099132,2.509180,45|46|47|48|49|50,0.5626
7278.950380,-0.305614,-8.543864,-0.011106,7.390738,0.016933,-0.004286,-2.509287,-0.097023,2.511162,45|46|47|48|49|50|51|52,0.5535
7278.967046,-0.305609,-8.543925,-0.011095,7.404459,0.016900,-0.004427,-2.522974,-0.096986,2.524838,45|46|47|48|49|50|51|52,0.5619
7279.000380,-0.315511,-8.561509,-0.011202,7.418871,0.018389,-0.004099,-2.527832,-0.103861,2.529965,45|46|47|48|49|50|51|52,0.5549
7279.017046,-0.315544,-8.562578,-0.011224,7.425664,0.017714,-0.004086,-2.534045,-0.103205,2.536145,47|48|49|50|51|52,0.5644
7279.033713,-0.302295,-8.575907,-0.010953,7.425664,0.017714,-0.004086,-2.526797,-0.096008,2.528621,47|48|49|50|51|52,0.5635
7279.050380,-0.304157,-8.597207,-0.009563,7.432397,0.017106,-0.003969,-2.521955,-0.096417,2.523797,47|48|49|50|51|52,0.5638
7279.067046,-0.312357,-8.605679,-0.009632,7.439298,0.016635,-0.003914,-2.524253,-0.100404,2.526249,47|48|49|50|51|52,0.5645
7279.083713,-0.312357,-8.605680,-0.009633,7.453628,0.017471,-0.003542,-2.538583,-0.101240,2.540601,47|48|49|50|51|52,0.5653
7279.100380,-0.318280,-8.611469,-0.009799,7.460559,0.017709,-0.003163,-2.542370,-0.104699,2.544525,47|48|49|50|51|52,0.5650
7279.117046,-0.305396,-8.632293,-0.009669,7.467511,0.017051,-0.002682,-2.538000,-0.097044,2.539855,47|48|49|50|51|52,0.5643
7279.133713,-0.303262,-8.640599,-0.009848,7.467511,0.017051,-0.002682,-2.533486,-0.095886,2.535299,47|48|49|50|51|52,0.5646
7279.150380,-0.303260,-8.640598,-0.009852,7.474411,0.016526,-0.002529,-2.540386,-0.095361,2.542175,47|48|49|50|51|52,0.5649
7279.167046,-0.313997,-8.649164,-0.007898,7.481473,0.016933,-0.002503,-2.542796,-0.101605,2.544825,47|48|49|50|51|52,0.5647
7279.183713,-0.314295,-8.663764,-0.009131,7.488720,0.017422,-0.002472,-2.542108,-0.102260,2.544164,47|48|49|50|51|52,0.5648
7279.200380,-0.314294,-8.663763,-0.009137,7.502679,0.017607,-0.002306,-2.556067,-0.102444,2.558120,47|48|49|50|51|52,0.5631
7279.233713,-0.304777,-8.693095,-0.008565,7.516736,0.016171,-0.002083,-2.554181,-0.095844,2.555979,47|48|49|50|51|52,0.5622
7279.250380,-0.319652,-8.701730,-0.008239,7.524157,0.016290,-0.001962,-2.556913,-0.104048,2.559029,47|48|49|50|51|52,0.5617
7279.267046,-0.324452,-8.708394,-0.007787,7.524157,0.016290,-0.001962,-2.553293,-0.106659,2.555519,47|48|49|50|51|52,0.5631
7279.283713,-0.324452,-8.708394,-0.007787,7.538214,0.016340,-0.001473,-2.567349,-0.106709,2.569565,47|48|49|50|51|52,0.5630
7279.300380,-0.322699,-8.719960,-0.008076,7.544724,0.016424,-0.001459,-2.567572,-0.105843,2.569753,47|48|49|50|51|52,0.5629
7279.317046,-0.321731,-8.730045,-0.008195,7.544724,0.016424,-0.001459,-2.562092,-0.105319,2.564255,47|48|49|50|51|52,0.5616
7279.333713,-0.321900,-8.740228,-0.007577,7.557965,0.016583,-0.001674,-2.569798,-0.105573,2.571966,47|48|49|50|51|52,0.5615
7279.350380,-0.320678,-8.750371,-0.008008,7.557965,0.016583,-0.001674,-2.564285,-0.104911,2.566430,47|48|49|50|51|52,0.5617
7279.367046,-0.320677,-8.750373,-0.008012,7.571639,0.017057,-0.001777,-2.577958,-0.105385,2.580111,47|48|49|50|51|52,0.5617
7279.417046,-0.309897,-8.788405,-0.007943,7.585064,0.016191,-0.001285,-2.570711,-0.098670,2.572604,47|48|49|50|51|52,0.5618
7279.433713,-0.309898,-8.788399,-0.007943,7.591563,0.015636,-0.001127,-2.577213,-0.098115,2.579080,47|48|49|50|51|52,0.5609
7279.450380,-0.325189,-8.795309,-0.007758,7.605529,0.016108,-0.000933,-2.587428,-0.106900,2.589635,47|48|49|50|51|52,0.5610
7279.483713,-0.326118,-8.822789,-0.006763,7.612500,0.016245,-0.000901,-2.579464,-0.107548,2.581705,47|48|49|50|51|52|53,0.5581
7279.500380,-0.323692,-8.832163,-0.007225,7.619604,0.016404,-0.000868,-2.581473,-0.106391,2.583664,47|48|49|50|51|52|53,0.5606
7279.517046,-0.323675,-8.832165,-0.007212,7.633369,0.016690,-0.000842,-2.595237,-0.106668,2.597428,47|48|49|50|51|52|53,0.5556
7279.533713,-0.314428,-8.845754,-0.007167,7.640409,0.016612,-0.000764,-2.594889,-0.101567,2.596876,48|49|50|51|52|53,0.5622
7279.550380,-0.317197,-8.854928,-0.006739,7.647438,0.016486,-0.000807,-2.596932,-0.102949,2.598972,48|49|50|51|52|53,0.5633
7279.567046,-0.317197,-8.854926,-0.006737,7.654558,0.016352,-0.000858,-2.604054,-0.102815,2.606083,48|49|50|51|52|53,0.5638
7279.583713,-0.318283,-8.865943,-0.006434,7.661479,0.015746,-0.000859,-2.604988,-0.102802,2.607016,48|49|50|51|52|53,0.5633
7279.600380,-0.321504,-8.885969,-0.006916,7.661479,0.015746,-0.000859,-2.594105,-0.104558,2.596211,48|49|50|51|52|53,0.5624
7279.617046,-0.330429,-8.891754,-0.006949,7.675324,0.015597,-0.000866,-2.604808,-0.109260,2.607099,48|49|50|51|52|53,0.5626
7279.633713,-0.330429,-8.891758,-0.006954,7.682310,0.015821,-0.000802,-2.611792,-0.109485,2.614086,48|49|50|51|52|53,0.5652
7279.650380,-0.332822,-8.907052,-0.006682,7.682310,0.015821,-0.000802,-2.603481,-0.110789,2.605837,48|49|50|51|52|53,0.5657
7279.683713,-0.332823,-8.907045,-0.006679,7.702933,0.015844,-0.000940,-2.624108,-0.110812,2.626447,48|49|50|51|52|53,0.5645
7279.700380,-0.328255,-8.938249,-0.006672,7.709897,0.015750,-0.000953,-2.614112,-0.108243,2.616352,48|49|50|51|52|53,0.5637
7279.717046,-0.329957,-8.943553,-0.006607,7.709897,0.015750,-0.000953,-2.611230,-0.109170,2.613511,48|49|50|51|52|53,0.5638
7279.733713,-0.331314,-8.952059,-0.006618,7.716897,0.015710,-0.000963,-2.613607,-0.109870,2.615915,48|49|50|51|52|53,0.5640
7279.750380,-0.332003,-8.961574,-0.006956,7.723971,0.015700,-0.001003,-2.615510,-0.110237,2.617832,48|49|50|51|52|53,0.5641
7279.767046,-0.332003,-8.961570,-0.006958,7.738075,0.015111,-0.001006,-2.629616,-0.109648,2.631901,48|49|50|51|52|53,0.5630
7279.783713,-0.332007,-8.982341,-0.007446,7.744761,0.014611,-0.001115,-2.625014,-0.109155,2.627282,48|49|50|51|52|53,0.5619
7279.800380,-0.332005,-8.982343,-0.007446,7.751810,0.015018,-0.001064,-2.632062,-0.109560,2.634341,48|49|50|51|52|53,0.5612
7279.833713,-0.341445,-9.003250,-0.007591,7.758889,0.015442,-0.001006,-2.627781,-0.115121,2.630301,48|49|50|51|52|53,0.5626
7279.867046,-0.330701,-9.024701,-0.007680,7.780073,0.016607,-0.000588,-2.637303,-0.110452,2.639615,48|49|50|51|52|53,0.5614
7279.883713,-0.323976,-9.032741,-0.007765,7.780073,0.016607,-0.000588,-2.632932,-0.106800,2.635097,48|49|50|51|52|53,0.5610
7279.900380,-0.319866,-9.039931,-0.007171,7.793954,0.016433,-0.000509,-2.642905,-0.104393,2.644966,48|49|50|51|52|53,0.5613
7279.917046,-0.320972,-9.049080,-0.007286,7.793954,0.016433,-0.000509,-2.637933,-0.104997,2.640022,48|49|50|51|52|53,0.5627
7279.933713,-0.322469,-9.058159,-0.007177,7.800885,0.016388,-0.000563,-2.639930,-0.105767,2.642048,48|49|50|51|52|53,0.5624
7279.950380,-0.323000,-9.067736,-0.007090,7.807844,0.016377,-0.000591,-2.641684,-0.106047,2.643812,48|49|50|51|52|53,0.5617
7279.967046,-0.323271,-9.077516,-0.006992,7.814786,0.016560,-0.000443,-2.643311,-0.106380,2.645451,48|49|50|51|52|53,0.5607
7279.983713,-0.320025,-9.083412,-0.006922,7.821607,0.016449,-0.000321,-2.646927,-0.104507,2.648989,48|49|50|51|52|53,0.5594
7280.000380,-0.321670,-9.093032,-0.006482,7.828655,0.016288,-0.000221,-2.648746,-0.105242,2.650836,48|49|50|51|52|53|54|55,0.5475
7280.017046,-0.323861,-9.101169,-0.006212,7.843119,0.016197,-0.000120,-2.658789,-0.106344,2.660915,48|49|50|51|52|53|54|55,0.5631
7280.033713,-0.324089,-9.111603,-0.005877,7.843119,0.016197,-0.000120,-2.653119,-0.106471,2.655254,48|49|50|51|52|53|54|55,0.5554
7280.050380,-0.324716,-9.122031,-0.005862,7.850038,0.016047,0.000001,-2.654370,-0.106664,2.656512,50|51|52|53|54|55,0.5628
7280.067046,-0.326500,-9.132067,-0.005807,7.856434,0.016663,0.000230,-2.655312,-0.108251,2.657518,50|51|52|53|54|55,0.5609
7280.083713,-0.326499,-9.132068,-0.005810,7.870679,0.017419,0.000820,-2.669557,-0.109008,2.671782,50|51|52|53|54|55,0.5621
7280.100380,-0.313014,-9.140342,-0.005024,7.870679,0.017419,0.000820,-2.665057,-0.101681,2.666996,50|51|52|53|54|55,0.5630
7280.133713,-0.305000,-9.163849,-0.005109,7.885096,0.017877,0.000749,-2.666696,-0.097790,2.668489,50|51|52|53|54|55,0.5631
7280.150380,-0.302795,-9.174533,-0.005130,7.898926,0.017751,0.001047,-2.674719,-0.096467,2.676458,50|51|52|53|54|55,0.5622
7280.167046,-0.302796,-9.174533,-0.005130,7.905942,0.017495,0.001320,-2.681735,-0.096211,2.683461,50|51|52|53|54|55,0.5615
7280.183713,-0.305457,-9.189281,-0.004809,7.913195,0.017313,0.001403,-2.680973,-0.097479,2.682744,50|51|52|53|54|55,0.5633
7280.200380,-0.305458,-9.189281,-0.004811,7.920455,0.017172,0.001414,-2.688233,-0.097340,2.689995,50|51|52|53|54|55,0.5629
7280.217046,-0.309274,-9.198354,-0.004994,7.927568,0.017008,0.001629,-2.690417,-0.099252,2.692247,50|51|52|53|54|55,0.5633
7280.233713,-0.314067,-9.217433,-0.004829,7.934298,0.017446,0.001762,-2.686779,-0.102299,2.688726,50|51|52|53|54|55,0.5628
7280.250380,-0.314066,-9.217434,-0.004830,7.941533,0.017581,0.001878,-2.694013,-0.102434,2.695960,50|51|52|53|54|55,0.5620
7280.267046,-0.310157,-9.230184,-0.004388,7.941533,0.017581,0.001878,-2.687083,-0.100312,2.688954,50|51|52|53|54|55,0.5627
7280.283713,-0.309764,-9.242988,-0.004320,7.948562,0.017378,0.001943,-2.687153,-0.099899,2.689010,50|51|52|53|54|55,0.5632
7280.300380,-0.312891,-9.252326,-0.004521,7.955442,0.017234,0.001918,-2.688959,-0.101457,2.690873,50|51|52|53|54|55,0.5642
7280.317046,-0.315131,-9.261741,-0.004971,7.962442,0.017100,0.001936,-2.690842,-0.102542,2.692795,50|51|52|53|54|55,0.5629
7280.333713,-0.317189,-9.270838,-0.004968,7.969545,0.017097,0.002013,-2.693002,-0.103660,2.694996,50|51|52|53|54|55,0.5613
7280.367046,-0.312812,-9.285571,-0.003999,7.983774,0.017095,0.002404,-2.699223,-0.101284,2.701123,50|51|52|53|54|55,0.5623
7280.383713,-0.312813,-9.285575,-0.004002,7.998118,0.016268,0.002324,-2.713565,-0.100457,2.715424,50|51|52|53|54|55,0.5621
7280.400380,-0.324625,-9.305265,-0.003504,8.004793,0.016218,0.002544,-2.709541,-0.106831,2.711647,50|51|52|53|54|55,0.5610
7280.417046,-0.331157,-9.314668,-0.003171,8.011499,0.016984,0.002090,-2.711139,-0.111150,2.713416,50|51|52|53|54|55,0.5602
7280.433713,-0.331197,-9.318040,-0.003438,8.018722,0.017553,0.002013,-2.716529,-0.111741,2.718826,50|51|52|53|54|55,0.5601
7280.483713,-0.315775,-9.349368,-0.003388,8.040011,0.016777,0.001949,-2.720788,-0.102592,2.722722,50|51|52|53|54|55,0.5608
7280.500380,-0.315775,-9.349368,-0.003392,8.040011,0.016777,0.001949,-2.720788,-0.102592,2.722722,50|51|52|53|54|55,0.5612
7280.517046,-0.322842,-9.369755,-0.003735,8.053364,0.017016,0.002109,-2.723063,-0.106677,2.725152,50|51|52|53|54|55|56,0.5540
7280.533713,-0.322825,-9.369839,-0.003753,8.060323,0.016814,0.002138,-2.729977,-0.106466,2.732052,50|51|52|53|54|55|56,0.5605
7280.550380,-0.323766,-9.375749,-0.003300,8.060323,0.016814,0.002138,-2.726765,-0.106979,2.728863,50|51|52|53|54|55|56,0.5607
7280.600380,-0.330844,-9.410520,-0.003828,8.081444,0.016165,0.002334,-2.728991,-0.110185,2.731214,51|52|53|54|55|56,0.5608
7280.617046,-0.333160,-9.418644,-0.003441,8.088132,0.016635,0.002311,-2.731264,-0.111916,2.733556,51|52|53|54|55|56,0.5612
7280.650380,-0.333159,-9.418645,-0.003440,8.109278,0.017191,0.002473,-2.752410,-0.112471,2.754707,51|52|53|54|55|56,0.5619
7280.667046,-0.312964,-9.444187,-0.003444,8.116218,0.016707,0.002507,-2.745462,-0.101018,2.747320,51|52|53|54|55|56,0.5620
7280.683713,-0.319950,-9.453276,-0.003098,8.116218,0.016707,0.002507,-2.740525,-0.104817,2.742529,51|52|53|54|55|56,0.5618
7280.700380,-0.327085,-9.462163,-0.003292,8.123220,0.016396,0.002503,-2.742699,-0.108386,2.744839,51|52|53|54|55|56,0.5613
7280.717046,-0.331581,-9.468617,-0.003199,8.130086,0.016964,0.002264,-2.746058,-0.111400,2.748317,51|52|53|54|55|56,0.5621
7280.733713,-0.323360,-9.474019,-0.003628,8.144725,0.016558,0.002284,-2.757760,-0.106526,2.759816,51|52|53|54|55|56,0.5624
7280.750380,-0.323361,-9.474017,-0.003629,8.144725,0.016558,0.002284,-2.757760,-0.106527,2.759817,51|52|53|54|55|56,0.5628
7280.767046,-0.329813,-9.498058,-0.004145,8.158607,0.015927,0.002438,-2.758578,-0.109409,2.760747,51|52|53|54|55|56,0.5635
7280.783713,-0.329814,-9.498057,-0.004140,8.165206,0.016375,0.002457,-2.765178,-0.109857,2.767360,51|52|53|54|55|56,0.5643
7280.800380,-0.339532,-9.518460,-0.003942,8.165206,0.016375,0.002457,-2.754092,-0.115144,2.756498,51|52|53|54|55|56,0.5629
7280.817046,-0.339531,-9.518464,-0.003943,8.179318,0.016648,0.002479,-2.768201,-0.115416,2.770606,51|52|53|54|55|56,0.5628
7280.833713,-0.324712,-9.530560,-0.003884,8.179318,0.016648,0.002479,-2.761624,-0.107366,2.763710,51|52|53|54|55|56,0.5632
7280.850380,-0.330111,-9.541332,-0.003641,8.186363,0.016298,0.002429,-2.762816,-0.109953,2.765003,51|52|53|54|55|56,0.5623
7280.867046,-0.330111,-9.541332,-0.003641,8.193431,0.015943,0.002406,-2.769884,-0.109597,2.772052,51|52|53|54|55|56,0.5618
7280.883713,-0.341092,-9.560777,-0.003935,8.200481,0.015674,0.002379,-2.766369,-0.115301,2.768770,51|52|53|54|55|56,0.5615
7280.900380,-0.341093,-9.560777,-0.003938,8.214108,0.016062,0.002485,-2.779996,-0.115690,2.782402,51|52|53|54|55|56,0.5610
7280.917046,-0.344802,-9.568973,-0.004256,8.221246,0.016073,0.002537,-2.782681,-0.117718,2.785169,51|52|53|54|55|56,0.5615
7280.950380,-0.340724,-9.571719,-0.003952,8.235542,0.016267,0.002663,-2.795483,-0.115697,2.797876,51|52|53|54|55|56,0.5619
7280.967046,-0.340657,-9.594267,-0.003917,8.235542,0.016267,0.002663,-2.783228,-0.115666,2.785631,51|52|53|54|55|56,0.5613
7281.000380,-0.327309,-9.613973,-0.004337,8.249567,0.018342,0.002540,-2.786540,-0.110493,2.788729,51|52|53|54|55|56,0.5619
7281.017046,-0.327311,-9.613972,-0.004339,8.263653,0.017520,0.002475,-2.800627,-0.109671,2.802774,51|52|53|54|55|56,0.5620
7281.033713,-0.317563,-9.637337,-0.004285,8.263653,0.017520,0.002475,-2.787926,-0.104379,2.789879,51|52|53|54|55|56,0.5628
7281.050380,-0.317563,-9.637338,-0.004286,8.277677,0.016956,0.002443,-2.801950,-0.103815,2.803872,51|52|53|54|55|56,0.5629
7281.067046,-0.327870,-9.656303,-0.004419,8.284658,0.017633,0.002336,-2.798626,-0.110099,2.800791,51|52|53|54|55|56|57|58,0.5632
7281.083713,-0.327841,-9.656325,-0.004393,8.291955,0.017953,0.002411,-2.805911,-0.110403,2.808082,51|52|53|54|55|56|57|58,0.5561
7281.100380,-0.329918,-9.662334,-0.003582,8.291955,0.017953,0.002411,-2.802646,-0.111534,2.804865,53|54|55|56|57|58,0.5639
7281.117046,-0.320062,-9.669914,-0.004156,8.306268,0.017112,0.002462,-2.812837,-0.105338,2.814809,53|54|55|56|57|58,0.5632
7281.133713,-0.316392,-9.681821,-0.003616,8.313396,0.016676,0.002489,-2.813492,-0.102910,2.815374,53|54|55|56|57|58,0.5636
7281.150380,-0.323299,-9.691802,-0.002588,8.319810,0.016971,0.002758,-2.814484,-0.106961,2.816516,53|54|55|56|57|58,0.5636
7281.167046,-0.329748,-9.701603,-0.002264,8.326995,0.018310,0.002850,-2.816344,-0.111808,2.818563,53|54|55|56|57|58,0.5623
7281.183713,-0.330900,-9.709739,-0.002740,8.326995,0.018310,0.002850,-2.811923,-0.112437,2.814170,53|54|55|56|57|58,0.5637
7281.200380,-0.330901,-9.709739,-0.002739,8.341346,0.018788,0.002890,-2.826274,-0.112914,2.828528,53|54|55|56|57|58,0.5639
7281.217046,-0.303057,-9.735461,-0.002618,8.348428,0.018678,0.002849,-2.819369,-0.097678,2.821061,53|54|55|56|57|58,0.5628
7281.233713,-0.306186,-9.744908,-0.002759,8.355562,0.018570,0.002862,-2.821369,-0.099273,2.823115,53|54|55|56|57|58,0.5630
7281.250380,-0.308100,-9.754441,-0.002650,8.355562,0.018570,0.002862,-2.816189,-0.100316,2.817975,53|54|55|56|57|58,0.5621
7281.267046,-0.309625,-9.763365,-0.002500,8.362295,0.019037,0.002929,-2.818072,-0.101614,2.819904,53|54|55|56|57|58,0.5606
7281.283713,-0.303211,-9.767167,-0.002480,8.369390,0.019242,0.003018,-2.823100,-0.098334,2.824812,53|54|55|56|57|58,0.5619
7281.300380,-0.301279,-9.779125,-0.002499,8.383485,0.018267,0.003268,-2.830695,-0.096312,2.832333,53|54|55|56|57|58,0.5625
7281.317046,-0.308546,-9.788332,-0.002099,8.383485,0.018267,0.003268,-2.825693,-0.100264,2.827472,53|54|55|56|57|58,0.5627
7281.333713,-0.308546,-9.788333,-0.002097,8.397403,0.018009,0.003332,-2.839611,-0.100006,2.841372,53|54|55|56|57|58,0.5622
7281.350380,-0.315824,-9.797498,-0.002094,8.404569,0.018826,0.003358,-2.841798,-0.104781,2.843729,53|54|55|56|57|58,0.5611
7281.367046,-0.323029,-9.806563,-0.001692,8.411607,0.018837,0.003454,-2.843911,-0.108709,2.845988,53|54|55|56|57|58,0.5623
7281.383713,-0.307965,-9.822686,-0.002335,8.411607,0.018837,0.003454,-2.835144,-0.100527,2.836926,53|54|55|56|57|58,0.5625
7281.400380,-0.307966,-9.822685,-0.002334,8.418483,0.018391,0.003426,-2.842021,-0.100082,2.843783,53|54|55|56|57|58,0.5635
7281.417046,-0.315972,-9.840777,-0.001704,8.425480,0.017934,0.003489,-2.839187,-0.103981,2.841091,53|54|55|56|57|58,0.5638
7281.433713,-0.323040,-9.850091,-0.001927,8.432579,0.017626,0.003585,-2.841226,-0.107516,2.843259,53|54|55|56|57|58,0.5626
7281.450380,-0.327207,-9.856744,-0.001797,8.439767,0.018207,0.003579,-2.844800,-0.110363,2.846940,53|54|55|56|57|58,0.5630
7281.467046,-0.319112,-9.866685,-0.001711,8.447058,0.018815,0.003682,-2.846686,-0.106574,2.848680,53|54|55|56|57|58,0.5625
7281.483713,-0.319112,-9.866685,-0.001713,8.454094,0.018261,0.004144,-2.853722,-0.106020,2.855691,53|54|55|56|57|58,0.5621
7281.500380,-0.310979,-9.876892,-0.001234,8.467931,0.017301,0.004099,-2.862010,-0.100643,2.863779,53|54|55|56|57|58,0.5626
7281.517046,-0.330986,-9.894988,-0.000616,8.467931,0.017301,0.004099,-2.852180,-0.111521,2.854360,53|54|55|56|57|58,0.5616
7281.533713,-0.330986,-9.894988,-0.000616,8.481739,0.018517,0.003405,-2.865987,-0.112737,2.868204,53|54|55|56|57|58,0.5618
7281.567046,-0.315738,-9.920582,-0.002039,8.488843,0.018970,0.003398,-2.859178,-0.104909,2.861103,53|54|55|56|57|58|59,0.5545
7281.583713,-0.310309,-9.929268,-0.001565,8.503072,0.017932,0.003350,-2.868685,-0.100923,2.870460,53|54|55|56|57|58|59,0.5614
7281.617046,-0.326119,-9.946975,-0.002179,8.510017,0.017594,0.003312,-2.866011,-0.109181,2.868090,53|54|55|56|57|58|59,0.5536
7281.633713,-0.331180,-9.955244,-0.002021,8.523532,0.018784,0.002898,-2.875033,-0.113124,2.877258,54|55|56|57|58|59,0.5612
7281.650380,-0.324868,-9.960201,-0.002219,8.523532,0.018784,0.002898,-2.872338,-0.109696,2.874432,54|55|56|57|58|59,0.5627
7281.667046,-0.314292,-9.972418,-0.002456,8.530581,0.018251,0.002806,-2.872744,-0.103417,2.874605,54|55|56|57|58|59,0.5612
7281.683713,-0.322503,-9.981689,-0.002399,8.537633,0.017741,0.002811,-2.874760,-0.107372,2.876764,54|55|56|57|58|59,0.5619
7281.700380,-0.329891,-9.990750,-0.002905,8.551399,0.017503,0.002709,-2.883603,-0.111151,2.885744,54|55|56|57|58|59,0.5614
7281.717046,-0.329890,-9.990749,-0.002905,8.551399,0.017503,0.002709,-2.883603,-0.111150,2.885745,54|55|56|57|58|59,0.5618
7281.733713,-0.333015,-10.003276,-0.002887,8.558601,0.018236,0.002682,-2.883998,-0.113585,2.886234,54|55|56|57|58|59,0.5630
7281.750380,-0.322755,-10.015249,-0.003047,8.565723,0.018944,0.002648,-2.884610,-0.108720,2.886658,54|55|56|57|58|59,0.5629
7281.783713,-0.322755,-10.015250,-0.003052,8.586547,0.017574,0.002928,-2.905434,-0.107350,2.907416,54|55|56|57|58|59,0.5625
7281.800380,-0.315463,-10.033809,-0.003462,8.593365,0.017910,0.002846,-2.902164,-0.103728,2.904017,54|55|56|57|58|59,0.5609
7281.817046,-0.333995,-10.048666,-0.002848,8.600780,0.018653,0.002810,-2.901509,-0.114546,2.903769,54|55|56|57|58|59,0.5603
7281.833713,-0.333995,-10.048667,-0.002849,8.608027,0.018306,0.002799,-2.908755,-0.114200,2.910996,54|55|56|57|58|59,0.5613
7281.850380,-0.318891,-10.067361,-0.003799,8.608027,0.018306,0.002799,-2.898592,-0.105996,2.900529,54|55|56|57|58|59,0.5621
7281.867046,-0.318891,-10.067362,-0.003799,8.622142,0.017292,0.002874,-2.912706,-0.104982,2.914598,54|55|56|57|58|59,0.5625
7281.883713,-0.331713,-10.087329,-0.003876,8.622142,0.017292,0.002874,-2.901858,-0.111955,2.904017,54|55|56|57|58|59,0.5626
7281.917046,-0.331711,-10.087328,-0.003873,8.642930,0.018494,0.003039,-2.922647,-0.113156,2.924836,54|55|56|57|58|59,0.5640
7281.933713,-0.329805,-10.111517,-0.003155,8.642930,0.018494,0.003039,-2.909500,-0.112126,2.911660,54|55|56|57|58|59,0.5629
7281.967046,-0.331872,-10.130833,-0.002989,8.663979,0.016733,0.002901,-2.920051,-0.111493,2.922179,54|55|56|57|58|59,0.5623
7282.000380,-0.348850,-10.148792,-0.002434,8.670541,0.016965,0.002666,-2.916857,-0.120958,2.919364,54|55|56|57|58|59,0.5618
7282.017046,-0.348851,-10.148793,-0.002434,8.677818,0.017706,0.002665,-2.924133,-0.121698,2.926665,54|55|56|57|58|59,0.5615
7282.033713,-0.345109,-10.152281,-0.002934,8.692693,0.017140,0.002439,-2.937112,-0.119100,2.939526,54|55|56|57|58|59,0.5620
7282.050380,-0.340240,-10.175791,-0.003487,8.699795,0.017122,0.002408,-2.931436,-0.116442,2.933748,54|55|56|57|58|59,0.5624
7282.067046,-0.344090,-10.185741,-0.003140,8.699795,0.017122,0.002408,-2.926029,-0.118536,2.928429,54|55|56|57|58|59,0.5625
7282.150380,-0.343916,-10.185909,-0.002785,8.742248,0.018008,0.002286,-2.968391,-0.119328,2.970788,56|57|58|59,0.5627
7282.183713,-0.334331,-10.244606,-0.003493,8.756658,0.019182,0.002141,-2.950898,-0.115308,2.953150,56|57|58|59|60|61,0.5629
7282.200380,-0.328620,-10.252213,-0.003914,8.763788,0.019106,0.002177,-2.953892,-0.112130,2.956019,56|57|58|59|60|61,0.5630
7282.217046,-0.328620,-10.252213,-0.003915,8.763788,0.019106,0.002177,-2.953892,-0.112130,2.956019,56|57|58|59|60|61,0.5616
7282.233713,-0.319325,-10.274238,-0.003360,8.770980,0.018467,0.002198,-2.949112,-0.106445,2.951032,56|57|58|59|60|61,0.5624
7282.250380,-0.328705,-10.283283,-0.003318,8.784707,0.017886,0.002188,-2.957926,-0.110964,2.960006,56|57|58|59|60|61,0.5614
7282.267046,-0.328706,-10.283282,-0.003318,8.791801,0.018940,0.002212,-2.965020,-0.112019,2.967135,56|57|58|59|60|61,0.5604
7282.283713,-0.338045,-10.292434,-0.003568,8.799015,0.020115,0.002300,-2.967262,-0.118272,2.969618,56|57|58|59|60|61,0.5633
7282.317046,-0.336969,-10.291661,-0.003621,8.813091,0.019972,0.002236,-2.981758,-0.117544,2.984073,56|57|58|59|60|61,0.5623
7282.333713,-0.304551,-10.327305,-0.004018,8.813091,0.019972,0.002236,-2.962378,-0.099934,2.964063,56|57|58|59|60|61,0.5621
7282.350380,-0.308768,-10.336582,-0.004058,8.827054,0.019872,0.002378,-2.971301,-0.102128,2.973055,56|57|58|59|60|61,0.5618
7282.367046,-0.308767,-10.336582,-0.004058,8.834409,0.020630,0.002513,-2.978656,-0.102885,2.980432,56|57|58|59|60|61,0.5614
7282.383713,-0.313222,-10.345467,-0.004347,8.841442,0.020442,0.002765,-2.980860,-0.105121,2.982713,56|57|58|59|60|61,0.5626
7282.400380,-0.310265,-10.350032,-0.004276,8.848335,0.019737,0.002844,-2.985272,-0.102810,2.987042,56|57|58|59|60|61,0.5621
7282.417046,-0.303283,-10.371756,-0.003843,8.848335,0.019737,0.002844,-2.973463,-0.099021,2.975111,56|57|58|59|60|61,0.5617
7282.433713,-0.303283,-10.371756,-0.003841,8.855472,0.019034,0.002908,-2.980601,-0.098317,2.982222,56|57|58|59|60|61,0.5624
7282.450380,-0.323679,-10.389189,-0.003656,8.862253,0.018982,0.002714,-2.977912,-0.109355,2.979919,56|57|58|59|60|61,0.5637
7282.467046,-0.323679,-10.389189,-0.003654,8.876385,0.020038,0.002872,-2.992045,-0.110411,2.994081,56|57|58|59|60|61,0.5633
7282.483713,-0.315744,-10.405622,-0.004871,8.883161,0.019770,0.002855,-2.989887,-0.105834,2.991760,56|57|58|59|60|61,0.5629
7282.500380,-0.309113,-10.417135,-0.004227,8.883161,0.019770,0.002855,-2.983629,-0.102233,2.985380,56|57|58|59|60|61,0.5624
7282.517046,-0.309111,-10.417134,-0.004226,8.890138,0.019079,0.002886,-2.990606,-0.101542,2.992330,56|57|58|59|60|61,0.5624
7282.533713,-0.324035,-10.432684,-0.004036,8.897214,0.018537,0.002965,-2.989235,-0.109115,2.991226,56|57|58|59|60|61,0.5628
7282.550380,-0.331631,-10.439209,-0.004005,8.904413,0.018883,0.002911,-2.992889,-0.113590,2.995044,56|57|58|59|60|61,0.5630
7282.567046,-0.331631,-10.439209,-0.004008,8.919056,0.019664,0.003006,-3.007533,-0.114372,3.009707,56|57|58|59|60|61,0.5633
7282.583713,-0.320296,-10.461133,-0.003314,8.926044,0.018791,0.003070,-3.002603,-0.107344,3.004521,56|57|58|59|60|61,0.5626
7282.600380,-0.316828,-10.468696,-0.003793,8.932746,0.018357,0.003040,-3.005194,-0.105027,3.007028,56|57|58|59|60|61,0.5615
7282.617046,-0.329899,-10.477114,-0.003520,8.932746,0.018357,0.003040,-3.000622,-0.112133,3.002716,56|57|58|59|60|61|62,0.5611
7282.650380,-0.329901,-10.477116,-0.003518,8.953556,0.019536,0.002216,-3.021430,-0.113313,3.023554,56|57|58|59|60|61|62,0.5627
7282.667046,-0.330442,-10.488743,-0.004356,8.960456,0.019652,0.002198,-3.022012,-0.113726,3.024151,57|58|59|60|61|62,0.5631
7282.683713,-0.317220,-10.513537,-0.004401,8.967451,0.018941,0.002141,-3.015528,-0.105835,3.017384,57|58|59|60|61|62,0.5624
7282.700380,-0.316216,-10.520506,-0.004756,8.974441,0.018361,0.002128,-3.018731,-0.104711,3.020546,57|58|59|60|61|62,0.5619
7282.717046,-0.326857,-10.529498,-0.004701,8.974441,0.018361,0.002128,-3.013846,-0.110496,3.015871,57|58|59|60|61|62,0.5617
7282.733713,-0.326855,-10.529497,-0.004701,8.988114,0.019164,0.001574,-3.027519,-0.111299,3.029565,57|58|59|60|61|62,0.5625
7282.783713,-0.335020,-10.536318,-0.004972,9.009103,0.018239,0.001670,-3.044804,-0.114813,3.046968,57|58|59|60|61|62,0.5617
7282.800380,-0.317101,-10.563534,-0.005110,9.009103,0.018239,0.001670,-3.030008,-0.105081,3.031830,57|58|59|60|61|62,0.5617
7282.817046,-0.327604,-10.572842,-0.004598,9.023044,0.018697,0.001695,-3.038893,-0.111250,3.040929,57|58|59|60|61|62,0.5613
7282.833713,-0.336692,-10.584417,-0.005203,9.023044,0.018697,0.001695,-3.032605,-0.116192,3.034830,57|58|59|60|61|62,0.5637
7282.850380,-0.329920,-10.597227,-0.005142,9.030248,0.019114,0.001687,-3.032845,-0.112932,3.034947,57|58|59|60|61|62,0.5632
7282.867046,-0.324103,-10.609243,-0.005709,9.037406,0.019448,0.001685,-3.033471,-0.110108,3.035469,57|58|59|60|61|62,0.5632
7282.883713,-0.319812,-10.620197,-0.006177,9.044198,0.019210,0.001699,-3.034309,-0.107540,3.036214,57|58|59|60|61|62,0.5627
7282.900380,-0.324100,-10.624948,-0.005733,9.050976,0.018472,0.001768,-3.038506,-0.109133,3.040465,57|58|59|60|61|62,0.5618
7282.917046,-0.334812,-10.629064,-0.005432,9.065233,0.019082,0.001742,-3.050528,-0.115566,3.052716,57|58|59|60|61|62,0.5621
7282.933713,-0.334811,-10.629062,-0.005432,9.072652,0.019530,0.001719,-3.057949,-0.116013,3.060148,57|58|59|60|61|62,0.5629
7282.950380,-0.326387,-10.649308,-0.005148,9.079741,0.018928,0.001699,-3.054032,-0.110838,3.056043,57|58|59|60|61|62,0.5619
7282.967047,-0.320475,-10.661919,-0.004666,9.079741,0.018928,0.001699,-3.047177,-0.107629,3.049077,57|58|59|60|61|62,0.5612
7283.000380,-0.320473,-10.661921,-0.004663,9.100760,0.018362,0.001851,-3.068194,-0.107061,3.070062,57|58|59|60|61|62,0.5607
7283.017047,-0.344587,-10.681562,-0.004738,9.107929,0.018798,0.001850,-3.064695,-0.120608,3.067067,57|58|59|60|61|62,0.5623
7283.033713,-0.337561,-10.694318,-0.004699,9.107929,0.018798,0.001850,-3.057760,-0.116793,3.059990,57|58|59|60|61|62,0.5617
7283.067047,-0.329773,-10.713940,-0.005109,9.128911,0.017402,0.001597,-3.068077,-0.111169,3.070090,57|58|59|60|61|62,0.5619
7283.083713,-0.341374,-10.722035,-0.005071,9.128911,0.017402,0.001597,-3.063681,-0.117476,3.065932,57|58|59|60|61|62,0.5625
7283.100380,-0.341373,-10.722035,-0.005069,9.135469,0.017408,0.001454,-3.070238,-0.117481,3.072485,57|58|59|60|61|62,0.5623
7283.117047,-0.352319,-10.730209,-0.005312,9.142814,0.018027,0.001366,-3.073144,-0.124052,3.075646,57|58|59|60|61|62,0.5629
7283.133713,-0.342873,-10.748079,-0.005543,9.150127,0.018343,0.001394,-3.070742,-0.119238,3.073056,57|58|59|60|61|62|63|64,0.5490
7283.150380,-0.339119,-10.757693,-0.005094,9.157297,0.017895,0.001436,-3.072686,-0.116752,3.074903,57|58|59|60|61|62|63|64,0.5631
7283.167047,-0.339115,-10.757706,-0.005071,9.171001,0.017889,0.001379,-3.086383,-0.116744,3.088590,57|58|59|60|61|62|63|64,0.5517
7283.183713,-0.349312,-10.773513,-0.005194,9.171001,0.017889,0.001379,-3.077795,-0.122290,3.080224,59|60|61|62|63|64,0.5649
7283.200380,-0.349312,-10.773512,-0.005194,9.178319,0.018847,0.001362,-3.085114,-0.123248,3.087575,59|60|61|62|63|64,0.5654
7283.217047,-0.332145,-10.790225,-0.005482,9.192653,0.020157,0.001387,-3.090360,-0.115232,3.092508,59|60|61|62|63|64,0.5653
7283.233713,-0.332146,-10.790224,-0.005482,9.199638,0.019294,0.001330,-3.097346,-0.114370,3.099457,59|60|61|62|63|64,0.5626
7283.250380,-0.319040,-10.803054,-0.005521,9.206506,0.018653,0.001322,-3.097238,-0.106609,3.099072,59|60|61|62|63|64,0.5623
7283.267047,-0.327433,-10.820026,-0.005757,9.206506,0.018653,0.001322,-3.088016,-0.111175,3.090017,59|60|61|62|63|64,0.5619
7283.283713,-0.327431,-10.820027,-0.005757,9.213457,0.018796,0.001209,-3.094966,-0.111317,3.096967,59|60|61|62|63|64,0.5619
7283.300380,-0.334008,-10.832757,-0.005933,9.228258,0.019703,0.001264,-3.102850,-0.115802,3.105010,59|60|61|62|63|64,0.5635
7283.317047,-0.326769,-10.847107,-0.006134,9.228258,0.019703,0.001264,-3.095049,-0.111871,3.097070,59|60|61|62|63|64,0.5619
7283.333713,-0.321647,-10.858511,-0.006124,9.235227,0.019317,0.001285,-3.095819,-0.108704,3.097727,59|60|61|62|63|64,0.5617
7283.367047,-0.339486,-10.874054,-0.006431,9.248666,0.018310,0.001238,-3.100816,-0.117397,3.103037,59|60|61|62|63|64,0.5633
7283.383713,-0.341438,-10.872028,-0.006691,9.255658,0.019024,0.000998,-3.108909,-0.119171,3.111192,59|60|61|62|63|64,0.5656
7283.400380,-0.330549,-10.880130,-0.007501,9.262920,0.020047,0.001162,-3.111765,-0.114278,3.113863,59|60|61|62|63|64,0.5659
7283.417047,-0.330552,-10.880128,-0.007502,9.277341,0.020598,0.001202,-3.126188,-0.114831,3.128296,59|60|61|62|63|64,0.5644
7283.433713,-0.316958,-10.894551,-0.006836,9.284435,0.020126,0.001215,-3.125439,-0.106974,3.127269,59|60|61|62|63|64,0.5642
7283.483713,-0.317036,-10.929907,-0.006644,9.298767,0.020673,0.001222,-3.120556,-0.107572,3.122409,59|60|61|62|63|64,0.5642
7283.500380,-0.308860,-10.943208,-0.006514,9.306208,0.021116,0.001317,-3.120767,-0.103576,3.122485,59|60|61|62|63|64,0.5643
7283.517047,-0.302645,-10.955399,-0.006309,9.319943,0.019582,0.001571,-3.127874,-0.098666,3.129430,59|60|61|62|63|64,0.5632
7283.550380,-0.324438,-10.969369,-0.005778,9.333873,0.019682,0.001415,-3.134218,-0.110614,3.136169,59|60|61|62|63|64,0.5628
7283.567047,-0.327725,-10.973091,-0.005742,9.333873,0.019682,0.001415,-3.132196,-0.112401,3.134212,59|60|61|62|63|64,0.5630
7283.583713,-0.327724,-10.973090,-0.005741,9.347877,0.020153,0.001454,-3.146200,-0.112872,3.148224,59|60|61|62|63|64,0.5624
7283.600380,-0.318663,-10.998771,-0.006455,9.347877,0.020153,0.001454,-3.132240,-0.107954,3.134100,59|60|61|62|63|64,0.5626
7283.617047,-0.316190,-11.009115,-0.006434,9.354549,0.019595,0.001714,-3.133290,-0.106055,3.135084,59|60|61|62|63|64,0.5613
7283.633713,-0.316187,-11.009114,-0.006437,9.368737,0.019021,0.001892,-3.147478,-0.105479,3.149245,59|60|61|62|63|64,0.5612
7283.650380,-0.334866,-11.021586,-0.006114,9.368737,0.019021,0.001892,-3.140705,-0.115634,3.142833,59|60|61|62|63|64|65,0.5540
7283.667047,-0.334861,-11.021647,-0.006113,9.383583,0.019627,0.001962,-3.155518,-0.116237,3.157658,59|60|61|62|63|64|65,0.5610
7283.683713,-0.333097,-11.030082,-0.005457,9.390501,0.019514,0.001974,-3.157851,-0.115167,3.159950,59|60|61|62|63|64|65,0.5584
7283.700380,-0.325159,-11.052573,-0.004060,9.397071,0.018884,0.001946,-3.152196,-0.110230,3.154123,60|61|62|63|64|65,0.5604
7283.717047,-0.327114,-11.058798,-0.004314,9.403827,0.018971,0.001372,-3.155570,-0.111380,3.157535,60|61|62|63|64|65,0.5592
7283.733713,-0.335926,-11.059208,-0.004429,9.403827,0.018971,0.001372,-3.155349,-0.116169,3.157487,60|61|62|63|64|65,0.5618
7283.750380,-0.333234,-11.068810,-0.005153,9.410772,0.019228,0.001113,-3.157074,-0.114965,3.159167,60|61|62|63|64|65,0.5634
7283.767047,-0.328906,-11.083578,-0.005819,9.417709,0.019454,0.001116,-3.155984,-0.112843,3.158001,60|61|62|63|64|65,0.5625
7283.800380,-0.328906,-11.083577,-0.005817,9.438379,0.018712,0.001069,-3.176655,-0.112101,3.178632,60|61|62|63|64|65,0.5613
7283.817047,-0.326370,-11.110820,-0.005576,9.445018,0.018636,0.000725,-3.168488,-0.110654,3.170419,60|61|62|63|64|65,0.5606
7283.833713,-0.336860,-11.117256,-0.005799,9.445018,0.018636,0.000725,-3.164992,-0.116356,3.167131,60|61|62|63|64|65,0.5612
7283.867047,-0.329778,-11.135339,-0.006196,9.459245,0.019525,0.000593,-3.169390,-0.113401,3.171418,60|61|62|63|64|65,0.5610
7283.883713,-0.329779,-11.135339,-0.006195,9.473052,0.018746,0.000612,-3.183197,-0.112623,3.185189,60|61|62|63|64|65,0.5615
7283.900380,-0.323920,-11.147382,-0.006603,9.479724,0.018494,0.000601,-3.183323,-0.109189,3.185195,60|61|62|63|64|65,0.5609
7283.917047,-0.335625,-11.160040,-0.006496,9.479724,0.018494,0.000601,-3.176446,-0.115554,3.178547,60|61|62|63|64|65,0.5626
7283.933713,-0.339018,-11.164776,-0.006719,9.487045,0.018763,0.000616,-3.181193,-0.117668,3.183369,60|61|62|63|64|65,0.5628
7283.967047,-0.333038,-11.190097,-0.006633,9.501424,0.019055,0.000571,-3.181810,-0.114717,3.183877,60|61|62|63|64|65,0.5638
7283.983713,-0.331544,-11.201216,-0.006632,9.508632,0.019152,0.000576,-3.182974,-0.114005,3.185015,60|61|62|63|64|65,0.5628
7284.000380,-0.331545,-11.201216,-0.006631,9.522119,0.019196,0.000573,-3.196461,-0.114050,3.198495,60|61|62|63|64|65,0.5618
7284.017047,-0.330250,-11.212582,-0.006524,9.522119,0.019196,0.000573,-3.190284,-0.113348,3.192297,60|61|62|63|64|65,0.5635
7284.033713,-0.329728,-11.221715,-0.006806,9.536361,0.019359,0.000510,-3.199562,-0.113230,3.201565,60|61|62|63|64|65,0.5657
7284.050380,-0.329729,-11.221715,-0.006807,9.536361,0.019359,0.000510,-3.199562,-0.113230,3.201565,60|61|62|63|64|65,0.5659
7284.067047,-0.327962,-11.242229,-0.006921,9.543645,0.019455,0.000405,-3.195697,-0.112372,3.197672,60|61|62|63|64|65,0.5645
7284.083713,-0.327961,-11.242229,-0.006919,9.557363,0.018139,0.000394,-3.209415,-0.111054,3.211336,60|61|62|63|64|65,0.5635
7284.100380,-0.338935,-11.258730,-0.006887,9.557363,0.018139,0.000394,-3.200450,-0.117023,3.202588,60|61|62|63|64|65,0.5644
7284.117047,-0.345356,-11.261654,-0.007032,9.564611,0.018391,0.000376,-3.206110,-0.120765,3.208383,60|61|62|63|64|65,0.5653
7284.133713,-0.345357,-11.261655,-0.007032,9.578770,0.018640,0.000480,-3.220269,-0.121015,3.222542,60|61|62|63|64|65,0.5649
7284.150380,-0.339938,-11.287510,-0.006622,9.585847,0.018464,0.000323,-3.213293,-0.117900,3.215455,60|61|62|63|64|65,0.5643
7284.167047,-0.338858,-11.300394,-0.006851,9.585847,0.018464,0.000323,-3.206290,-0.117317,3.208436,60|61|62|63|64|65|66|67,0.5525
7284.183713,-0.338838,-11.300489,-0.006894,9.599275,0.017441,0.000038,-3.219667,-0.116283,3.221766,60|61|62|63|64|65|66|67,0.5643
7284.200380,-0.342115,-11.306840,-0.006886,9.599275,0.017441,0.000038,-3.216216,-0.118066,3.218382,60|61|62|63|64|65|66|67,0.5639
7284.217047,-0.356116,-11.315227,-0.006278,9.606528,0.017855,-0.000010,-3.218914,-0.126090,3.221383,60|61|62|63|64|65|66|67,0.5613
7284.233713,-0.350328,-11.328915,-0.006893,9.613943,0.018218,-0.000015,-3.218888,-0.123312,3.221249,62|63|64|65|66|67,0.5638
7284.267047,-0.350326,-11.328912,-0.006890,9.628042,0.017762,0.000040,-3.232989,-0.122855,3.235322,62|63|64|65|66|67,0.5614
7284.283713,-0.351857,-11.353841,-0.006727,9.634715,0.017770,-0.000036,-3.226114,-0.123701,3.228484,62|63|64|65|66|67,0.5628
7284.300380,-0.351633,-11.357233,-0.006636,9.642058,0.018491,-0.000043,-3.231613,-0.124301,3.234003,62|63|64|65|66|67,0.5646
7284.317047,-0.351632,-11.357231,-0.006635,9.656629,0.019736,-0.000144,-3.246186,-0.125546,3.248612,62|63|64|65|66|67,0.5641
7284.350380,-0.324553,-11.396144,-0.007476,9.663505,0.019768,-0.000120,-3.231906,-0.110871,3.233807,62|63|64|65|66|67,0.5602
7284.367047,-0.324554,-11.396145,-0.007476,9.677211,0.018761,-0.000126,-3.245612,-0.109864,3.247471,62|63|64|65|66|67,0.5605
7284.383713,-0.337218,-11.405176,-0.007226,9.684706,0.019065,-0.000012,-3.248202,-0.117052,3.250311,62|63|64|65|66|67,0.5607
7284.400380,-0.337217,-11.405174,-0.007227,9.691997,0.019206,0.000032,-3.255494,-0.117194,3.257603,62|63|64|65|66|67,0.5630
7284.433713,-0.331989,-11.439400,-0.007069,9.706035,0.018746,0.000127,-3.250930,-0.113901,3.252924,62|63|64|65|66|67,0.5629
7284.450380,-0.330464,-11.449800,-0.007347,9.712997,0.018961,0.000027,-3.252239,-0.113289,3.254212,62|63|64|65|66|67,0.5608
7284.467047,-0.338423,-11.454122,-0.007247,9.719999,0.019139,0.000050,-3.256894,-0.117794,3.259023,62|63|64|65|66|67,0.5620
7284.483713,-0.335576,-11.460851,-0.007916,9.719999,0.019139,0.000050,-3.253236,-0.116248,3.255313,62|63|64|65|66|67,0.5638
7284.500380,-0.333580,-11.467248,-0.007710,9.727058,0.019539,-0.000087,-3.256818,-0.115565,3.258868,62|63|64|65|66|67,0.5648
7284.533713,-0.318693,-11.490720,-0.008211,9.747995,0.020192,0.000083,-3.264995,-0.108134,3.266785,62|63|64|65|66|67,0.5647
7284.567047,-0.318014,-11.506210,-0.007531,9.754779,0.019920,-0.000069,-3.263361,-0.107497,3.265131,62|63|64|65|66|67,0.5648
7284.583713,-0.321069,-11.510636,-0.007418,9.769794,0.020420,-0.000072,-3.275971,-0.109657,3.277805,62|63|64|65|66|67,0.5659
7284.600380,-0.316378,-11.525022,-0.007657,9.769794,0.020420,-0.000072,-3.268151,-0.107111,3.269906,62|63|64|65|66|67,0.5654
7284.617047,-0.314178,-11.537526,-0.007530,9.777177,0.020522,-0.000071,-3.268738,-0.106021,3.270457,62|63|64|65|66|67,0.5641
7284.650380,-0.314176,-11.537521,-0.007528,9.797515,0.019628,0.000210,-3.289079,-0.105127,3.290758,62|63|64|65|66|67,0.5627
7284.667047,-0.323293,-11.559652,-0.007497,9.797515,0.019628,0.000210,-3.277054,-0.110087,3.278902,62|63|64|65|66|67,0.5634
7284.683713,-0.326027,-11.568408,-0.007549,9.804492,0.019595,0.000222,-3.279272,-0.111542,3.281169,62|63|64|65|66|67,0.5635
7284.700380,-0.326028,-11.568410,-0.007550,9.811405,0.019578,0.000222,-3.286184,-0.111526,3.288076,62|63|64|65|66|67,0.5633
7284.717047,-0.326373,-11.579782,-0.007673,9.825075,0.018904,0.000346,-3.293673,-0.111042,3.295545,62|63|64|65|66|67|68,0.5603
7284.733713,-0.327747,-11.598652,-0.007370,9.832262,0.018851,0.000467,-3.290605,-0.111741,3.292502,62|63|64|65|66|67|68,0.5542
7284.750380,-0.336673,-11.600446,-0.007252,9.832262,0.018851,0.000467,-3.289633,-0.116592,3.291698,63|64|65|66|67|68,0.5620
7284.767047,-0.336673,-11.600446,-0.007253,9.847051,0.018958,0.000523,-3.304422,-0.116699,3.306482,63|64|65|66|67|68,0.5630
7284.783713,-0.337386,-11.610689,-0.007095,9.854114,0.019136,0.000530,-3.305918,-0.117267,3.307997,63|64|65|66|67|68,0.5628
7284.800380,-0.336276,-11.632564,-0.007220,9.854114,0.019136,0.000530,-3.294029,-0.116669,3.296095,63|64|65|66|67|68,0.5623
7284.817047,-0.336278,-11.632567,-0.007221,9.867586,0.019477,0.000681,-3.307499,-0.117011,3.309568,63|64|65|66|67|68,0.5601
7284.850380,-0.329424,-11.654086,-0.007591,9.874587,0.019299,0.000661,-3.302804,-0.113114,3.304741,63|64|65|66|67|68,0.5622
7284.883713,-0.329424,-11.654083,-0.007585,9.895685,0.019046,0.000581,-3.323903,-0.112861,3.325819,63|64|65|66|67|68,0.5631
7284.900380,-0.334811,-11.686884,-0.007389,9.902225,0.019167,0.000580,-3.312618,-0.115918,3.314645,63|64|65|66|67|68,0.5622
7284.917047,-0.336286,-11.697749,-0.007519,9.909244,0.019056,0.000589,-3.313733,-0.116612,3.315784,63|64|65|66|67|68,0.5608
7284.933713,-0.336287,-11.697751,-0.007517,9.916295,0.019043,0.000480,-3.320783,-0.116598,3.322830,63|64|65|66|67|68,0.5617
7284.950380,-0.334587,-11.699378,-0.007865,9.916295,0.019043,0.000480,-3.319898,-0.115675,3.321913,63|64|65|66|67|68,0.5623
7284.967047,-0.336183,-11.706859,-0.007932,9.930707,0.019322,0.000421,-3.330245,-0.116824,3.332293,63|64|65|66|67|68,0.5630
7284.983713,-0.334112,-11.728646,-0.007810,9.930707,0.019322,0.000421,-3.318404,-0.115704,3.320420,63|64|65|66|67|68,0.5630
7285.000380,-0.334111,-11.728644,-0.007808,9.944457,0.019270,0.000398,-3.332155,-0.115651,3.334161,63|64|65|66|67|68,0.5615
7285.017047,-0.332698,-11.739833,-0.008036,9.951408,0.018980,0.000405,-3.333024,-0.114596,3.334993,63|64|65|66|67|68,0.5631
7285.033713,-0.333591,-11.751648,-0.007569,9.958562,0.018886,0.000397,-3.333757,-0.114991,3.335740,63|64|65|66|67|68,0.5647
7285.050380,-0.337678,-11.760518,-0.007374,9.958562,0.018886,0.000397,-3.328938,-0.117214,3.331001,63|64|65|66|67|68,0.5656
7285.083713,-0.341036,-11.783276,-0.007128,9.972909,0.018639,0.000405,-3.330917,-0.118798,3.333035,63|64|65|66|67|68,0.5634
7285.100380,-0.342730,-11.794165,-0.007113,9.986347,0.019519,0.000579,-3.338437,-0.120601,3.340615,63|64|65|66|67|68,0.5615
7285.117047,-0.342731,-11.794165,-0.007113,9.993458,0.019414,0.000620,-3.345548,-0.120496,3.347718,63|64|65|66|67|68,0.5633
7285.133713,-0.330789,-11.800775,-0.007065,10.000667,0.019309,0.000627,-3.349162,-0.113902,3.351098,63|64|65|66|67|68,0.5630
7285.150380,-0.332609,-11.812373,-0.006971,10.000667,0.019309,0.000627,-3.342859,-0.114895,3.344833,63|64|65|66|67|68,0.5637
7285.167047,-0.334270,-11.824637,-0.006750,10.007925,0.019166,0.000563,-3.343452,-0.115657,3.345452,63|64|65|66|67|68,0.5640
7285.200380,-0.333449,-11.839109,-0.006845,10.028705,0.018582,0.000145,-3.356367,-0.114632,3.358324,63|64|65|66|67|68,0.5637
7285.217047,-0.342478,-11.843360,-0.007010,10.028705,0.018582,0.000145,-3.354059,-0.119540,3.356189,63|64|65|66|67|68,0.5640
7285.233713,-0.342480,-11.843361,-0.007010,10.042789,0.018169,0.000294,-3.368142,-0.119127,3.370248,63|64|65|66|67|68,0.5657
7285.250380,-0.346332,-11.869790,-0.006429,10.049791,0.017908,0.000306,-3.360782,-0.120967,3.362958,63|64|65|66|67|68|69|70,0.5608
7285.267047,-0.346770,-11.871129,-0.006617,10.049791,0.017908,0.000306,-3.360054,-0.121205,3.362239,65|66|67|68|69|70,0.5663
7285.283713,-0.354051,-11.894617,-0.006708,10.056164,0.018168,0.000231,-3.353664,-0.125428,3.356009,65|66|67|68|69|70,0.5629
7285.300380,-0.354052,-11.894621,-0.006705,10.063026,0.017958,0.000266,-3.360523,-0.125219,3.362856,65|66|67|68|69|70,0.5629
7285.317047,-0.353565,-11.900879,-0.006926,10.070070,0.017818,0.000155,-3.364166,-0.124815,3.366481,65|66|67|68|69|70,0.5650
7285.350380,-0.354902,-11.922468,-0.007209,10.084747,0.017871,0.000184,-3.367110,-0.125601,3.369452,65|66|67|68|69|70,0.5652
7285.367047,-0.354903,-11.922471,-0.007208,10.098504,0.018343,0.000224,-3.380866,-0.126073,3.383216,65|66|67|68|69|70,0.5628
7285.383713,-0.354593,-11.933905,-0.007551,10.105425,0.018340,0.000251,-3.381573,-0.125905,3.383916,65|66|67|68|69|70,0.5631
7285.400380,-0.348215,-11.944798,-0.007203,10.112745,0.018692,0.000207,-3.382971,-0.122793,3.385199,65|66|67|68|69|70,0.5644
7285.417047,-0.348268,-11.952824,-0.007273,10.112745,0.018692,0.000207,-3.378609,-0.122824,3.380841,65|66|67|68|69|70,0.5653
7285.433713,-0.343428,-11.966518,-0.007504,10.119894,0.018871,0.000244,-3.378314,-0.120375,3.380458,65|66|67|68|69|70,0.5637
7285.450380,-0.340770,-11.978419,-0.007598,10.127101,0.019190,0.000435,-3.379053,-0.119253,3.381157,65|66|67|68|69|70,0.5634
7285.467047,-0.335188,-11.987105,-0.007548,10.133729,0.019798,0.000649,-3.380959,-0.116830,3.382977,65|66|67|68|69|70,0.5624
7285.500380,-0.333489,-11.999014,-0.007082,10.148079,0.019118,0.000681,-3.388836,-0.115230,3.390795,65|66|67|68|69|70,0.5628
7285.517047,-0.337457,-12.009955,-0.006597,10.155334,0.018915,0.000674,-3.390146,-0.117185,3.392170,65|66|67|68|69|70,0.5623
7285.533713,-0.340562,-12.020682,-0.007324,10.169383,0.019054,0.000659,-3.398366,-0.119014,3.400450,65|66|67|68|69|70,0.5621
7285.550380,-0.343887,-12.031446,-0.007415,10.169383,0.019054,0.000659,-3.392517,-0.120824,3.394668,65|66|67|68|69|70,0.5599
7285.567047,-0.338693,-12.034496,-0.007054,10.176058,0.019289,0.000773,-3.397533,-0.118237,3.399589,65|66|67|68|69|70,0.5603
7285.617047,-0.338693,-12.034498,-0.007052,10.204532,0.019976,0.000910,-3.426006,-0.118925,3.428069,65|66|67|68|69|70,0.5652
7285.650380,-0.327006,-12.083475,-0.007242,10.211381,0.020590,0.001075,-3.406234,-0.113199,3.408114,65|66|67|68|69|70,0.5624
7285.667047,-0.317697,-12.088616,-0.007217,10.218318,0.020602,0.001213,-3.410375,-0.108153,3.412089,65|66|67|68|69|70,0.5615
7285.683713,-0.317697,-12.088616,-0.007216,10.232946,0.020383,0.001210,-3.425002,-0.107934,3.426703,65|66|67|68|69|70,0.5622
7285.700380,-0.321127,-12.105998,-0.006723,10.232946,0.020383,0.001210,-3.415556,-0.109803,3.417321,65|66|67|68|69|70,0.5632
7285.717047,-0.321749,-12.117064,-0.006940,10.247281,0.020733,0.001357,-3.423877,-0.110494,3.425660,65|66|67|68|69|70,0.5633
7285.750380,-0.321749,-12.117064,-0.006943,10.261136,0.020046,0.001511,-3.437732,-0.109806,3.439485,65|66|67|68|69|70,0.5614
7285.767047,-0.321841,-12.139817,-0.005859,10.261136,0.020046,0.001511,-3.425366,-0.109862,3.427128,65|66|67|68|69|70|71,0.5632
7285.783713,-0.327582,-12.150140,-0.005963,10.268156,0.019829,0.001523,-3.426778,-0.112768,3.428633,66|67|68|69|70|71,0.5642
7285.800380,-0.330951,-12.160317,-0.006291,10.275106,0.019612,0.001511,-3.428197,-0.114384,3.430105,66|67|68|69|70|71,0.5641
7285.817047,-0.334269,-12.170147,-0.005975,10.282136,0.019390,0.001572,-3.429887,-0.115968,3.431847,66|67|68|69|70|71,0.5637
7285.833713,-0.334270,-12.170147,-0.005976,10.295980,0.019468,0.002428,-3.443730,-0.116047,3.445685,66|67|68|69|70|71,0.5630
7285.850380,-0.333249,-12.183808,-0.006262,10.295980,0.019468,0.002428,-3.436306,-0.115495,3.438246,66|67|68|69|70|71,0.5622
7285.867047,-0.333250,-12.183807,-0.006263,10.310489,0.019197,0.002664,-3.450815,-0.115225,3.452739,66|67|68|69|70|71,0.5630
7285.917047,-0.337934,-12.193100,-0.005863,10.331114,0.020217,0.002531,-3.466391,-0.118793,3.468426,66|67|68|69|70|71,0.5632
7285.933713,-0.337008,-12.222651,-0.004789,10.331114,0.020217,0.002531,-3.450330,-0.118297,3.452358,66|67|68|69|70|71,0.5634
7285.950380,-0.328665,-12.233561,-0.005214,10.338493,0.020006,0.002542,-3.451778,-0.113555,3.453645,66|67|68|69|70|71,0.5627
7285.967047,-0.328665,-12.233559,-0.005215,10.353057,0.019535,0.002484,-3.466343,-0.113083,3.468187,66|67|68|69|70|71,0.5625
7285.983713,-0.335636,-12.257138,-0.004674,10.353057,0.019535,0.002484,-3.453530,-0.116878,3.455507,66|67|68|69|70|71,0.5625
7286.017047,-0.335635,-12.257137,-0.004678,10.373359,0.019628,0.002645,-3.473832,-0.116971,3.475801,66|67|68|69|70|71,0.5616
7286.033713,-0.338962,-12.281074,-0.004752,10.373359,0.019628,0.002645,-3.460824,-0.118785,3.462862,66|67|68|69|70|71,0.5623
7286.050380,-0.338443,-12.286432,-0.005083,10.380580,0.019590,0.002376,-3.465133,-0.118466,3.467158,66|67|68|69|70|71,0.5618
7286.067047,-0.338444,-12.286429,-0.005085,10.395154,0.019421,0.002326,-3.479709,-0.118298,3.481719,66|67|68|69|70|71,0.5618
7286.083713,-0.338569,-12.299771,-0.005189,10.395154,0.019421,0.002326,-3.472458,-0.118369,3.474475,66|67|68|69|70|71,0.5616
7286.100380,-0.341659,-12.322780,-0.005478,10.401908,0.020008,0.002354,-3.466708,-0.120641,3.468806,66|67|68|69|70|71,0.5607
7286.117047,-0.333722,-12.324858,-0.005654,10.408733,0.020198,0.002377,-3.472401,-0.116518,3.474355,66|67|68|69|70|71,0.5610
7286.133713,-0.331596,-12.331583,-0.005684,10.415914,0.019846,0.002406,-3.475926,-0.115013,3.477829,66|67|68|69|70|71,0.5613
7286.150380,-0.337027,-12.343058,-0.005944,10.423023,0.019542,0.002387,-3.476800,-0.117663,3.478791,66|67|68|69|70|71,0.5621
7286.167047,-0.337027,-12.343057,-0.005943,10.430124,0.019233,0.002444,-3.483902,-0.117354,3.485878,66|67|68|69|70|71,0.5630
7286.183713,-0.341465,-12.353693,-0.005666,10.443819,0.019292,0.002452,-3.491817,-0.119828,3.493873,66|67|68|69|70|71,0.5628
7286.200380,-0.350450,-12.375062,-0.005688,10.443819,0.019292,0.002452,-3.480206,-0.124716,3.482440,66|67|68|69|70|71,0.5617
7286.217047,-0.345598,-12.373269,-0.005687,10.450834,0.020161,0.002158,-3.488195,-0.122948,3.490361,66|67|68|69|70|71,0.5612
7286.233713,-0.345599,-12.373269,-0.005687,10.465209,0.020117,0.002355,-3.502570,-0.122904,3.504726,66|67|68|69|70|71,0.5607
7286.250380,-0.331284,-12.395547,-0.006205,10.472217,0.019858,0.002367,-3.497467,-0.114872,3.499353,66|67|68|69|70|71,0.5617
7286.267047,-0.335255,-12.406427,-0.005728,10.472217,0.019858,0.002367,-3.491554,-0.117032,3.493515,66|67|68|69|70|71|72|73,0.5554
7286.300380,-0.340730,-12.422372,-0.005270,10.486078,0.019989,0.002176,-3.496751,-0.120143,3.498814,66|67|68|69|70|71|72|73,0.5483
7286.333713,-0.342077,-12.440485,-0.004804,10.500562,0.019414,0.002068,-3.501391,-0.120304,3.503457,68|69|70|71|72|73,0.5635
7286.350380,-0.346671,-12.450944,-0.005156,10.507583,0.019112,0.002099,-3.502730,-0.122501,3.504871,68|69|70|71|72|73,0.5648
7286.383713,-0.356232,-12.471182,-0.005262,10.521360,0.018855,0.002172,-3.505509,-0.127446,3.507825,68|69|70|71|72|73,0.5627
7286.400380,-0.356233,-12.471184,-0.005264,10.535293,0.018836,0.002114,-3.519442,-0.127428,3.521748,68|69|70|71|72|73,0.5634
7286.417047,-0.353926,-12.481044,-0.005488,10.542451,0.018758,0.002219,-3.521241,-0.126098,3.523498,68|69|70|71|72|73,0.5643
7286.433713,-0.355957,-12.494078,-0.005676,10.542451,0.018758,0.002219,-3.514158,-0.127205,3.516459,68|69|70|71|72|73,0.5637
7286.450380,-0.355958,-12.494078,-0.005673,10.556522,0.019018,0.002246,-3.528228,-0.127466,3.530530,68|69|70|71|72|73,0.5635
7286.467047,-0.358843,-12.514170,-0.005478,10.563241,0.019221,0.002268,-3.524029,-0.129242,3.526398,68|69|70|71|72|73,0.5631
7286.483713,-0.358845,-12.514174,-0.005477,10.570575,0.019381,0.002255,-3.531361,-0.129403,3.533731,68|69|70|71|72|73,0.5633
7286.500380,-0.351813,-12.522527,-0.005393,10.570575,0.019381,0.002255,-3.526819,-0.125583,3.529054,68|69|70|71|72|73,0.5639
7286.517047,-0.349930,-12.536224,-0.005916,10.585065,0.019483,0.002269,-3.533864,-0.124665,3.536063,68|69|70|71|72|73,0.5638
7286.533713,-0.349931,-12.536222,-0.005918,10.592258,0.019709,0.002449,-3.541058,-0.124892,3.543260,68|69|70|71|72|73,0.5639
7286.550380,-0.349158,-12.561328,-0.006259,10.592258,0.019709,0.002449,-3.527414,-0.124478,3.529609,68|69|70|71|72|73,0.5630
7286.567047,-0.345086,-12.568936,-0.006109,10.598968,0.020353,0.002396,-3.529988,-0.122911,3.532127,68|69|70|71|72|73,0.5617
7286.583713,-0.336328,-12.570428,-0.005703,10.606010,0.020768,0.002549,-3.536217,-0.118567,3.538204,68|69|70|71|72|73,0.5621
7286.617047,-0.336327,-12.570425,-0.005702,10.627660,0.019592,0.002614,-3.557869,-0.117390,3.559805,68|69|70|71|72|73,0.5636
7286.633713,-0.342935,-12.602536,-0.004610,10.634431,0.019771,0.002576,-3.547189,-0.121168,3.549258,68|69|70|71|72|73,0.5634
7286.650380,-0.342935,-12.602540,-0.004610,10.640933,0.020192,0.002559,-3.553690,-0.121589,3.555769,68|69|70|71|72|73,0.5615
7286.667047,-0.346520,-12.616482,-0.003807,10.640933,0.020192,0.002559,-3.546114,-0.123541,3.548265,68|69|70|71|72|73,0.5618
7286.683713,-0.346523,-12.616484,-0.003808,10.648258,0.020579,0.002719,-3.553437,-0.123930,3.555597,68|69|70|71|72|73,0.5627
7286.700380,-0.340913,-12.615890,-0.004546,10.663175,0.020795,0.002844,-3.568675,-0.121097,3.570729,68|69|70|71|72|73,0.5635
7286.717047,-0.336236,-12.629335,-0.004288,10.670616,0.020833,0.002866,-3.568808,-0.118596,3.570778,68|69|70|71|72|73,0.5637
7286.733713,-0.334163,-12.656424,-0.004840,10.677644,0.021293,0.003153,-3.561114,-0.117937,3.563066,68|69|70|71|72|73,0.5631
7286.750380,-0.334041,-12.667822,-0.004680,10.677644,0.021293,0.003153,-3.554919,-0.117873,3.556873,68|69|70|71|72|73,0.5631
7286.767047,-0.326922,-12.673043,-0.004366,10.684480,0.021900,0.003296,-3.558916,-0.114612,3.560761,68|69|70|71|72|73,0.5624
7286.783713,-0.326923,-12.673044,-0.004366,10.699104,0.021688,0.003547,-3.573539,-0.114401,3.575369,68|69|70|71|72|73,0.5634
7286.833713,-0.325802,-12.711189,-0.003775,10.720357,0.022082,0.003584,-3.574061,-0.114196,3.575885,69|70|71|72|73|74,0.5639
7286.850380,-0.324055,-12.716917,-0.004328,10.720357,0.022082,0.003584,-3.570947,-0.113248,3.572742,69|70|71|72|73|74,0.5628
7286.867047,-0.318486,-12.722340,-0.004869,10.727481,0.021730,0.003598,-3.575122,-0.109870,3.576810,69|70|71|72|73|74,0.5618
7286.883713,-0.318487,-12.722338,-0.004866,10.741456,0.021018,0.003588,-3.589099,-0.109159,3.590758,69|70|71|72|73|74,0.5626
7286.900380,-0.324059,-12.733400,-0.004716,10.741456,0.021018,0.003588,-3.583088,-0.112190,3.584844,69|70|71|72|73|74,0.5632
7286.917047,-0.329615,-12.743313,-0.004996,10.755395,0.020655,0.003876,-3.591641,-0.114849,3.593477,69|70|71|72|73|74,0.5631
7286.950380,-0.340609,-12.768358,-0.005152,10.762491,0.021054,0.004011,-3.585128,-0.121229,3.587177,69|70|71|72|73|74,0.5620
7286.983713,-0.340991,-12.787545,-0.003855,10.784074,0.020276,0.004210,-3.596284,-0.120663,3.598307,69|70|71|72|73|74,0.5638
7287.000380,-0.345965,-12.797951,-0.003851,10.784074,0.020276,0.004210,-3.590629,-0.123369,3.592748,69|70|71|72|73|74,0.5638
7287.033713,-0.345966,-12.797953,-0.003852,10.804872,0.021503,0.003549,-3.611426,-0.124597,3.613575,69|70|71|72|73|74,0.5646
7287.083713,-0.335526,-12.840573,-0.003880,10.819334,0.020795,0.003493,-3.602722,-0.118226,3.604661,69|70|71|72|73|74,0.5646
7287.100380,-0.340904,-12.850819,-0.003425,10.833372,0.020470,0.003591,-3.611193,-0.120827,3.613214,69|70|71|72|73|74,0.5645
7287.117047,-0.340901,-12.850818,-0.003421,10.840034,0.020965,0.003364,-3.617856,-0.121320,3.619890,69|70|71|72|73|74,0.5628
7287.133713,-0.345719,-12.865841,-0.003485,10.840034,0.020965,0.003364,-3.609693,-0.123942,3.611820,69|70|71|72|73|74,0.5636
7287.150380,-0.338189,-12.871397,-0.003867,10.847385,0.021119,0.002394,-3.614022,-0.120005,3.616014,69|70|71|72|73|74,0.5628
7287.167047,-0.338189,-12.871398,-0.003869,10.861745,0.020933,0.002181,-3.628382,-0.119819,3.630360,69|70|71|72|73|74,0.5637
7287.183713,-0.339478,-12.884814,-0.004783,10.868677,0.021167,0.002204,-3.628022,-0.120757,3.630031,69|70|71|72|73|74,0.5630
7287.200380,-0.341471,-12.894728,-0.004939,10.875436,0.021682,0.002145,-3.629394,-0.122357,3.631456,69|70|71|72|73|74,0.5623
7287.217047,-0.340302,-12.909969,-0.004757,10.875436,0.021682,0.002145,-3.621111,-0.121726,3.623156,69|70|71|72|73|74,0.5630
7287.233713,-0.332902,-12.915431,-0.005142,10.882675,0.021497,0.002195,-3.625379,-0.117521,3.627283,69|70|71|72|73|74,0.5626
7287.250380,-0.336269,-12.927907,-0.005498,10.889713,0.021148,0.002186,-3.625637,-0.119005,3.627590,69|70|71|72|73|74,0.5633
7287.267047,-0.336268,-12.927906,-0.005498,10.896738,0.020795,0.002254,-3.632663,-0.118651,3.634600,69|70|71|72|73|74,0.5635
7287.283713,-0.346898,-12.947444,-0.005694,10.903774,0.020439,0.002357,-3.629083,-0.124078,3.631204,69|70|71|72|73|74,0.5633
7287.300380,-0.346898,-12.947444,-0.005693,10.910516,0.020587,0.002363,-3.635826,-0.124225,3.637947,69|70|71|72|73|74,0.5623
7287.317047,-0.350100,-12.960015,-0.005817,10.924890,0.021991,0.002173,-3.643368,-0.127372,3.645594,69|70|71|72|73|74|75|76,0.5603
7287.333713,-0.339992,-12.966474,-0.005884,10.924890,0.021991,0.002173,-3.639855,-0.121881,3.641895,69|70|71|72|73|74|75|76,0.5643
7287.350380,-0.331556,-12.981353,-0.006099,10.932008,0.021659,0.002202,-3.638885,-0.116967,3.640764,71|72|73|74|75|76,0.5637
7287.367047,-0.336508,-12.991187,-0.005925,10.939094,0.021322,0.002207,-3.640628,-0.119324,3.642583,71|72|73|74|75|76,0.5630
7287.383713,-0.336507,-12.991187,-0.005925,10.952985,0.021241,0.002032,-3.654518,-0.119243,3.656463,71|72|73|74|75|76,0.5632
7287.433713,-0.342136,-13.025579,-0.006644,10.967414,0.020926,0.001923,-3.650258,-0.121996,3.652296,71|72|73|74|75|76,0.5635
7287.450380,-0.342136,-13.025579,-0.006643,10.974405,0.020549,0.001954,-3.657248,-0.121619,3.659270,71|72|73|74|75|76,0.5642
7287.467047,-0.353315,-13.045418,-0.006723,10.981237,0.020147,0.002058,-3.653301,-0.127298,3.655518,71|72|73|74|75|76,0.5641
7287.483713,-0.353316,-13.045417,-0.006723,10.994731,0.020422,0.002036,-3.666796,-0.127573,3.669015,71|72|73|74|75|76,0.5636
7287.500380,-0.360193,-13.060695,-0.006427,10.994731,0.020422,0.002036,-3.658495,-0.131314,3.660850,71|72|73|74|75|76,0.5635
7287.517047,-0.360192,-13.060696,-0.006428,11.009174,0.020145,0.002042,-3.672936,-0.131037,3.675273,71|72|73|74|75|76,0.5638
7287.533713,-0.354459,-13.065065,-0.006685,11.016380,0.019974,0.002194,-3.677767,-0.127751,3.679985,71|72|73|74|75|76,0.5642
7287.550380,-0.356553,-13.078319,-0.006884,11.016380,0.019974,0.002194,-3.670564,-0.128893,3.672826,71|72|73|74|75|76,0.5657
7287.583713,-0.359352,-13.102314,-0.005958,11.037532,0.021062,0.002274,-3.678676,-0.131507,3.681026,71|72|73|74|75|76,0.5649
7287.600380,-0.352434,-13.106201,-0.006226,11.037532,0.021062,0.002274,-3.676562,-0.127749,3.678781,71|72|73|74|75|76,0.5637
7287.617047,-0.348771,-13.123199,-0.006575,11.051950,0.020716,0.002223,-3.681741,-0.125417,3.683876,71|72|73|74|75|76,0.5641
7287.650380,-0.354257,-13.147007,-0.006245,11.059139,0.020826,0.002401,-3.675992,-0.128514,3.678237,71|72|73|74|75|76,0.5629
7287.667047,-0.351880,-13.154245,-0.005960,11.065843,0.021339,0.002357,-3.678762,-0.127737,3.680979,71|72|73|74|75|76,0.5623
7287.683713,-0.351880,-13.154247,-0.005961,11.080263,0.022134,0.002265,-3.693181,-0.128532,3.695416,71|72|73|74|75|76,0.5631
7287.700380,-0.345003,-13.155519,-0.006313,11.087379,0.021578,0.002267,-3.699604,-0.124239,3.701689,71|72|73|74|75|76,0.5621
7287.717047,-0.330455,-13.164711,-0.006866,11.094493,0.021121,0.002265,-3.701719,-0.115878,3.703532,71|72|73|74|75|76,0.5632
7287.733713,-0.342251,-13.186170,-0.005530,11.101457,0.020960,0.002227,-3.697023,-0.122133,3.699040,71|72|73|74|75|76,0.5636
7287.750380,-0.349227,-13.195858,-0.005699,11.101457,0.020960,0.002227,-3.691760,-0.125927,3.693907,71|72|73|74|75|76,0.5635
7287.767047,-0.351681,-13.201255,-0.005722,11.107973,0.021224,0.002218,-3.695342,-0.127526,3.697542,71|72|73|74|75|76,0.5631
7287.783713,-0.348224,-13.200870,-0.005895,11.122934,0.022197,0.002402,-3.710512,-0.126620,3.712672,71|72|73|74|75|76,0.5633
7287.800380,-0.336235,-13.211771,-0.004982,11.130548,0.022067,0.002420,-3.712198,-0.119977,3.714137,71|72|73|74|75|76,0.5637
7287.817047,-0.335782,-13.230241,-0.004947,11.138172,0.021961,0.002421,-3.709784,-0.119629,3.711713,71|72|73|74|75|76|77,0.5562
7287.833713,-0.338016,-13.241463,-0.004361,11.138172,0.021961,0.002421,-3.703686,-0.120846,3.705657,71|72|73|74|75|76|77,0.5639
7287.867047,-0.338193,-13.241879,-0.004386,11.152288,0.022820,0.002531,-3.717576,-0.121801,3.719571,72|73|74|75|76|77,0.5643
7287.883713,-0.334732,-13.258851,-0.004265,11.159633,0.023250,0.002652,-3.715697,-0.120355,3.717645,72|73|74|75|76|77,0.5651
7287.900380,-0.328007,-13.263974,-0.004682,11.174163,0.022737,0.002666,-3.727441,-0.116188,3.729251,72|73|74|75|76|77,0.5640
7287.917047,-0.322484,-13.276341,-0.005374,11.174163,0.022737,0.002666,-3.720718,-0.113190,3.722440,72|73|74|75|76|77,0.5635
7287.933713,-0.330205,-13.296831,-0.005140,11.181299,0.022723,0.002687,-3.716720,-0.117377,3.718573,72|73|74|75|76|77,0.5630
7287.950380,-0.330205,-13.296832,-0.005138,11.195314,0.023204,0.002531,-3.730734,-0.117858,3.732596,72|73|74|75|76|77,0.5630
7287.967047,-0.325513,-13.308167,-0.005713,11.195314,0.023204,0.002531,-3.724573,-0.115311,3.726357,72|73|74|75|76|77,0.5634
7287.983713,-0.323872,-13.320276,-0.005651,11.209234,0.022258,0.002495,-3.731911,-0.113476,3.733636,72|73|74|75|76|77,0.5638
7288.000380,-0.330805,-13.329700,-0.005772,11.209234,0.022258,0.002495,-3.726791,-0.117247,3.728635,72|73|74|75|76|77,0.5642
7288.017047,-0.330805,-13.329698,-0.005772,11.223220,0.021601,0.002794,-3.740779,-0.116590,3.742595,72|73|74|75|76|77,0.5633
7288.033713,-0.344961,-13.349016,-0.005615,11.223220,0.021601,0.002794,-3.730284,-0.124288,3.732354,72|73|74|75|76|77,0.5619
7288.050380,-0.346936,-13.354690,-0.005411,11.230428,0.022161,0.002954,-3.734408,-0.125922,3.736530,72|73|74|75|76|77,0.5612
7288.067047,-0.339475,-13.365874,-0.005312,11.237525,0.022060,0.003179,-3.735425,-0.121770,3.737409,72|73|74|75|76|77,0.5605
7288.100380,-0.348768,-13.383656,-0.004781,11.251853,0.021326,0.003273,-3.740091,-0.126091,3.742216,72|73|74|75|76|77,0.5632
7288.133713,-0.351140,-13.392971,-0.004171,11.272684,0.022942,0.002493,-3.755860,-0.128998,3.758074,72|73|74|75|76|77,0.5634
7288.150380,-0.339640,-13.403280,-0.004909,11.279897,0.022451,0.002479,-3.757468,-0.122259,3.759456,72|73|74|75|76|77,0.5637
7288.167047,-0.339640,-13.403281,-0.004909,11.287082,0.021975,0.002434,-3.764652,-0.121783,3.766622,72|73|74|75|76|77,0.5630
7288.183713,-0.336672,-13.426587,-0.005415,11.287082,0.021975,0.002434,-3.751985,-0.120176,3.753909,72|73|74|75|76|77,0.5632
7288.200380,-0.336673,-13.426587,-0.005415,11.294254,0.021488,0.002379,-3.759157,-0.119690,3.761062,72|73|74|75|76|77,0.5634
7288.217047,-0.350723,-13.446375,-0.005776,11.307662,0.021674,0.002431,-3.761815,-0.127517,3.763975,72|73|74|75|76|77,0.5627
7288.250380,-0.350722,-13.446375,-0.005778,11.322196,0.021954,0.002281,-3.776349,-0.127796,3.778510,72|73|74|75|76|77,0.5619
7288.267047,-0.341037,-13.470548,-0.005409,11.322196,0.021954,0.002281,-3.763209,-0.122539,3.765203,72|73|74|75|76|77,0.5617
7288.283713,-0.341036,-13.470548,-0.005408,11.336282,0.021832,0.002300,-3.777295,-0.122417,3.779278,72|73|74|75|76|77,0.5617
7288.300380,-0.347473,-13.490448,-0.005285,11.336282,0.021832,0.002300,-3.766481,-0.125920,3.768585,72|73|74|75|76|77,0.5614
7288.333713,-0.347474,-13.490448,-0.005283,11.357233,0.022226,0.002243,-3.787431,-0.126314,3.789537,72|73|74|75|76|77,0.5616
7288.350380,-0.341546,-13.500208,-0.005037,11.357233,0.022226,0.002243,-3.782126,-0.123095,3.784128,72|73|74|75|76|77,0.5618
7288.367047,-0.335406,-13.514312,-0.004991,11.364244,0.021782,0.002275,-3.781470,-0.119317,3.783352,72|73|74|75|76|77|78|79,0.5560
7288.400380,-0.355521,-13.543418,-0.005553,11.378038,0.021311,0.002360,-3.779451,-0.129786,3.781679,74|75|76|77|78|79,0.5636
7288.417047,-0.355716,-13.545955,-0.005635,11.384870,0.021774,0.002137,-3.784904,-0.130355,3.787148,74|75|76|77|78|79,0.5635
7288.433713,-0.355715,-13.545957,-0.005633,11.399368,0.022698,0.002156,-3.799401,-0.131279,3.801668,74|75|76|77|78|79,0.5632
7288.450380,-0.348772,-13.551618,-0.005888,11.399368,0.022698,0.002156,-3.796322,-0.127508,3.798463,74|75|76|77|78|79,0.5621
7288.467047,-0.336840,-13.577114,-0.005341,11.413377,0.021938,0.002117,-3.796472,-0.120269,3.798377,74|75|76|77|78|79,0.5620
7288.500380,-0.336840,-13.577115,-0.005344,11.427511,0.022414,0.001658,-3.810605,-0.120745,3.812518,74|75|76|77|78|79,0.5622
7288.517047,-0.348734,-13.596855,-0.005707,11.434776,0.021978,0.001615,-3.807145,-0.126778,3.809255,74|75|76|77|78|79,0.5627
7288.533713,-0.341342,-13.611113,-0.005914,11.434776,0.021978,0.001615,-3.799394,-0.122764,3.801377,74|75|76|77|78|79,0.5623
7288.550380,-0.341343,-13.611113,-0.005915,11.448940,0.021071,0.001536,-3.813558,-0.121858,3.815504,74|75|76|77|78|79,0.5644
7288.567047,-0.355311,-13.630665,-0.006188,11.448940,0.021071,0.001536,-3.802936,-0.129454,3.805138,74|75|76|77|78|79,0.5640
7288.583713,-0.362370,-13.640879,-0.006356,11.462509,0.020999,0.001576,-3.810955,-0.133221,3.813283,74|75|76|77|78|79,0.5633
7288.600380,-0.362369,-13.640880,-0.006358,11.462509,0.020999,0.001576,-3.810955,-0.133220,3.813283,74|75|76|77|78|79,0.5629
7288.633713,-0.358309,-13.664351,-0.007646,11.476884,0.021131,0.001438,-3.812573,-0.131152,3.814828,74|75|76|77|78|79,0.5636
7288.650380,-0.358307,-13.664354,-0.007649,11.490833,0.020960,0.001526,-3.826520,-0.130980,3.828761,74|75|76|77|78|79,0.5631
7288.667047,-0.361657,-13.674085,-0.007374,11.497465,0.021217,0.001535,-3.827864,-0.133060,3.830176,74|75|76|77|78|79,0.5639
7288.683713,-0.365311,-13.684038,-0.006884,11.504997,0.021942,0.001487,-3.829988,-0.135773,3.832394,74|75|76|77|78|79,0.5655
7288.700380,-0.361075,-13.690841,-0.006297,11.504997,0.021942,0.001487,-3.826290,-0.133473,3.828617,74|75|76|77|78|79,0.5648
7288.717047,-0.361076,-13.690838,-0.006299,11.519895,0.021496,0.001231,-3.841190,-0.133027,3.843493,74|75|76|77|78|79,0.5640
7288.733713,-0.355123,-13.720012,-0.006723,11.527242,0.021449,0.001322,-3.832680,-0.129752,3.834875,74|75|76|77|78|79,0.5645
7288.750380,-0.355122,-13.720013,-0.006722,11.533939,0.021963,0.001251,-3.839376,-0.130266,3.841585,74|75|76|77|78|79,0.5631
7288.767047,-0.358520,-13.742064,-0.006993,11.533939,0.021963,0.001251,-3.827392,-0.132118,3.829672,74|75|76|77|78|79,0.5617
7288.783713,-0.351712,-13.742976,-0.007260,11.540939,0.022679,0.001034,-3.833895,-0.129134,3.836069,74|75|76|77|78|79,0.5625
7288.800380,-0.351713,-13.742973,-0.007262,11.555250,0.022558,0.001051,-3.848207,-0.129014,3.850370,74|75|76|77|78|79,0.5605
7288.817047,-0.335972,-13.762251,-0.007188,11.555250,0.022558,0.001051,-3.837727,-0.120464,3.839617,74|75|76|77|78|79,0.5608
7288.850380,-0.351134,-13.782921,-0.007027,11.569282,0.021690,0.001002,-3.840529,-0.127842,3.842656,74|75|76|77|78|79|80,0.5553
7288.900380,-0.351135,-13.783004,-0.007020,11.590620,0.023124,0.000950,-3.861821,-0.129276,3.863985,74|75|76|77|78|79|80,0.5618
7288.933713,-0.340546,-13.827468,-0.007250,11.612918,0.022836,0.001002,-3.859952,-0.123245,3.861919,75|76|77|78|79|80,0.5626
7288.950380,-0.342817,-13.838134,-0.007512,11.612918,0.022836,0.001002,-3.854156,-0.124482,3.856166,75|76|77|78|79|80,0.5616
7288.967047,-0.340608,-13.844828,-0.007690,11.627132,0.024021,0.001323,-3.864731,-0.124467,3.866735,75|76|77|78|79|80,0.5622
7289.017047,-0.340608,-13.844828,-0.007691,11.648700,0.023283,0.001690,-3.886299,-0.123729,3.888268,75|76|77|78|79|80,0.5632
7289.050380,-0.327549,-13.871589,-0.006036,11.662773,0.024227,0.001730,-3.885825,-0.117583,3.887603,75|76|77|78|79|80,0.5622
7289.067047,-0.334105,-13.892291,-0.005091,11.662773,0.024227,0.001730,-3.874575,-0.121151,3.876469,75|76|77|78|79|80,0.5620
7289.117047,-0.338878,-13.925433,-0.004395,11.683940,0.022811,0.002821,-3.877732,-0.122338,3.879662,75|76|77|78|79|80,0.5637
7289.133713,-0.338878,-13.925433,-0.004395,11.698072,0.022822,0.003177,-3.891864,-0.122349,3.893786,75|76|77|78|79|80,0.5632
7289.167047,-0.346929,-13.934823,-0.004355,11.712268,0.022906,0.004047,-3.900959,-0.126810,3.903019,75|76|77|78|79|80,0.5628
7289.183713,-0.346846,-13.951282,-0.004711,11.719274,0.022447,0.004161,-3.899019,-0.126310,3.901065,75|76|77|78|79|80,0.5629
7289.200380,-0.348625,-13.969282,-0.003702,11.719274,0.022447,0.004161,-3.889237,-0.127282,3.891319,75|76|77|78|79|80,0.5638
7289.217047,-0.348624,-13.969281,-0.003700,11.732957,0.022867,0.003534,-3.902921,-0.127701,3.905010,75|76|77|78|79|80,0.5644
7289.233713,-0.355698,-13.979043,-0.004345,11.732957,0.022867,0.003534,-3.897617,-0.131548,3.899837,75|76|77|78|79|80,0.5641
7289.250380,-0.347680,-13.987879,-0.004781,11.746967,0.023766,0.002990,-3.906822,-0.128092,3.908922,75|76|77|78|79|80,0.5636
7289.267047,-0.334794,-14.003840,-0.005263,11.746967,0.023766,0.002990,-3.898145,-0.121093,3.900025,75|76|77|78|79|80,0.5628
7289.283713,-0.334744,-14.011375,-0.005366,11.754102,0.023171,0.002972,-3.901185,-0.120473,3.903045,75|76|77|78|79|80,0.5629
7289.300380,-0.334744,-14.011374,-0.005364,11.768177,0.022254,0.002932,-3.915260,-0.119556,3.917085,75|76|77|78|79|80,0.5640
7289.317047,-0.352196,-14.030450,-0.006021,11.768177,0.022254,0.002932,-3.904897,-0.129045,3.907029,75|76|77|78|79|80,0.5635
7289.333714,-0.356851,-14.036315,-0.005662,11.774686,0.022374,0.002879,-3.908221,-0.131696,3.910439,75|76|77|78|79|80,0.5629
7289.350380,-0.354976,-14.040466,-0.005794,11.781946,0.023147,0.002285,-3.913224,-0.131451,3.915431,75|76|77|78|79|80,0.5611
7289.383714,-0.344694,-14.066013,-0.006615,11.796312,0.022734,0.002189,-3.913703,-0.125457,3.915713,75|76|77|78|79|80|81|82,0.5619
7289.400380,-0.349713,-14.075333,-0.006566,11.803279,0.022658,0.002181,-3.915607,-0.128111,3.917702,75|76|77|78|79|80|81|82,0.5526
7289.417047,-0.349400,-14.076335,-0.006337,11.817028,0.023624,0.002040,-3.928810,-0.128907,3.930924,77|78|79|80|81|82,0.5632
7289.433714,-0.350425,-14.082690,-0.006715,11.824153,0.023472,0.002058,-3.932482,-0.129314,3.934608,77|78|79|80|81|82,0.5632
7289.450380,-0.348731,-14.085509,-0.006744,11.831146,0.022943,0.001922,-3.937942,-0.127865,3.940017,77|78|79|80|81|82,0.5630
7289.467047,-0.340042,-14.109281,-0.006858,11.831146,0.022943,0.001922,-3.925021,-0.123149,3.926952,77|78|79|80|81|82,0.5628
7289.500380,-0.340042,-14.109281,-0.006861,11.851665,0.022295,0.001688,-3.945539,-0.122501,3.947441,77|78|79|80|81|82,0.5634
7289.517047,-0.356251,-14.127991,-0.006956,11.851665,0.022295,0.001688,-3.935375,-0.131315,3.937565,77|78|79|80|81|82,0.5645
7289.533714,-0.357500,-14.135726,-0.006385,11.866502,0.023905,0.001727,-3.946009,-0.133605,3.948270,77|78|79|80|81|82,0.5643
7289.550380,-0.357500,-14.135725,-0.006383,11.873435,0.023423,0.001746,-3.952943,-0.133123,3.955184,77|78|79|80|81|82,0.5623
7289.567047,-0.335422,-14.162479,-0.005962,11.880373,0.022921,0.001735,-3.945334,-0.120629,3.947178,77|78|79|80|81|82,0.5621
7289.583714,-0.335422,-14.162478,-0.005961,11.887023,0.022731,0.001761,-3.951985,-0.120439,3.953820,77|78|79|80|81|82,0.5619
7289.617047,-0.353122,-14.183054,-0.006905,11.901412,0.023161,0.001184,-3.955196,-0.130493,3.957349,77|78|79|80|81|82,0.5634
7289.633714,-0.353122,-14.183055,-0.006906,11.908540,0.022597,0.001028,-3.962324,-0.129930,3.964453,77|78|79|80|81|82,0.5629
7289.650380,-0.346020,-14.205941,-0.007311,11.908540,0.022597,0.001028,-3.949884,-0.126076,3.951896,77|78|79|80|81|82,0.5624
7289.667047,-0.346019,-14.205943,-0.007309,11.922559,0.021530,0.001192,-3.963902,-0.125008,3.965873,77|78|79|80|81|82,0.5630
7289.683714,-0.363015,-14.225148,-0.007537,11.929182,0.021545,0.001229,-3.960091,-0.134265,3.962366,77|78|79|80|81|82,0.5631
7289.717047,-0.363014,-14.225149,-0.007538,11.943632,0.022063,0.000952,-3.974541,-0.134783,3.976825,77|78|79|80|81|82,0.5627
7289.733714,-0.359047,-14.246789,-0.007238,11.943632,0.022063,0.000952,-3.962779,-0.132632,3.964997,77|78|79|80|81|82,0.5612
7289.750380,-0.362327,-14.259274,-0.007337,11.957769,0.021618,0.000966,-3.970131,-0.133973,3.972391,77|78|79|80|81|82,0.5612
7289.767047,-0.367839,-14.268680,-0.006741,11.957769,0.021618,0.000966,-3.965021,-0.136971,3.967386,77|78|79|80|81|82,0.5618
7289.783714,-0.369161,-14.274492,-0.007040,11.971591,0.022529,0.000499,-3.975685,-0.138602,3.978100,77|78|79|80|81|82,0.5618
7289.800380,-0.369161,-14.274493,-0.007042,11.979341,0.022510,0.000430,-3.983434,-0.138582,3.985844,77|78|79|80|81|82,0.5620
7289.817047,-0.367958,-14.276520,-0.007069,11.979341,0.022510,0.000430,-3.982332,-0.137929,3.984720,77|78|79|80|81|82,0.5610
7289.833714,-0.356444,-14.304373,-0.007739,11.993871,0.022249,0.000440,-3.981721,-0.131418,3.983890,77|78|79|80|81|82,0.5616
7289.850380,-0.356443,-14.304373,-0.007737,12.000825,0.022445,0.000368,-3.988676,-0.131613,3.990847,77|78|79|80|81|82,0.5619
7289.867047,-0.359990,-14.323581,-0.007742,12.000825,0.022445,0.000368,-3.978237,-0.133546,3.980478,77|78|79|80|81|82,0.5605
7289.883714,-0.357874,-14.328609,-0.007829,12.007633,0.022873,0.000166,-3.982312,-0.132825,3.984526,77|78|79|80|81|82,0.5599
7289.900380,-0.357875,-14.328608,-0.007830,12.022338,0.023411,0.000164,-3.997018,-0.133363,3.999242,77|78|79|80|81|82,0.5600
7289.917047,-0.335624,-14.348290,-0.008477,12.022338,0.023411,0.000164,-3.986316,-0.121276,3.988160,77|78|79|80|81|82|83,0.5594
7289.933714,-0.344507,-14.358205,-0.008913,12.029527,0.022817,0.000162,-3.988118,-0.125512,3.990093,78|79|80|81|82|83,0.5613
7289.950380,-0.353002,-14.367691,-0.008714,12.036634,0.022337,0.000119,-3.990072,-0.129651,3.992177,78|79|80|81|82|83,0.5629
7290.033714,-0.343938,-14.413377,-0.008725,12.080022,0.023338,0.000344,-4.008628,-0.125738,4.010600,78|79|80|81|82|83,0.5659
7290.050380,-0.343937,-14.413376,-0.008723,12.087024,0.023605,0.000339,-4.015631,-0.126004,4.017607,78|79|80|81|82|83,0.5661
7290.067047,-0.345367,-14.431190,-0.008328,12.087024,0.023605,0.000339,-4.005949,-0.126786,4.007955,78|79|80|81|82|83,0.5655
7290.083714,-0.341780,-14.436307,-0.008439,12.094270,0.024311,0.000377,-4.010414,-0.125544,4.012378,78|79|80|81|82|83,0.5660
7290.100380,-0.341782,-14.436311,-0.008439,12.101377,0.024474,0.000456,-4.017518,-0.125707,4.019485,78|79|80|81|82|83,0.5651
7290.117047,-0.329879,-14.457289,-0.008564,12.108497,0.024097,0.000463,-4.013234,-0.118867,4.014994,78|79|80|81|82|83,0.5647
7290.133714,-0.335302,-14.466932,-0.008189,12.122472,0.023786,0.000499,-4.021970,-0.121505,4.023805,78|79|80|81|82|83,0.5647
7290.167047,-0.339692,-14.477996,-0.008145,12.129694,0.024434,0.000316,-4.023179,-0.124542,4.025107,78|79|80|81|82|83,0.5647
7290.183714,-0.329906,-14.490539,-0.008456,12.136768,0.024394,0.000361,-4.023435,-0.119187,4.025200,78|79|80|81|82|83,0.5642
7290.200380,-0.329907,-14.490541,-0.008458,12.143667,0.023777,0.000353,-4.030332,-0.118571,4.032076,78|79|80|81|82|83,0.5636
7290.217047,-0.331144,-14.501372,-0.008365,12.157753,0.022587,0.000446,-4.038532,-0.118056,4.040257,78|79|80|81|82|83,0.5629
7290.233714,-0.349109,-14.519322,-0.008289,12.164705,0.022701,0.000615,-4.035733,-0.127938,4.037760,78|79|80|81|82|83,0.5621
7290.250380,-0.349108,-14.519323,-0.008288,12.172203,0.023241,0.000789,-4.043231,-0.128477,4.045271,78|79|80|81|82|83,0.5618
7290.283714,-0.356479,-14.527379,-0.008175,12.186201,0.022478,0.001074,-4.052852,-0.131722,4.054992,78|79|80|81|82|83,0.5612
7290.300380,-0.351233,-14.554319,-0.007513,12.186201,0.022478,0.001074,-4.038209,-0.128878,4.040265,78|79|80|81|82|83,0.5619
7290.317047,-0.351232,-14.554319,-0.007514,12.199762,0.022559,0.000857,-4.051771,-0.128959,4.053823,78|79|80|81|82|83,0.5625
7290.333714,-0.359144,-14.567132,-0.007600,12.206754,0.023339,0.000351,-4.051802,-0.134042,4.054018,78|79|80|81|82|83,0.5633
7290.350380,-0.359143,-14.567133,-0.007603,12.213918,0.023908,0.000251,-4.058965,-0.134610,4.061196,78|79|80|81|82|83,0.5637
7290.383714,-0.337216,-14.598267,-0.007990,12.227998,0.022720,0.000299,-4.056119,-0.121513,4.057939,78|79|80|81|82|83,0.5626
7290.400380,-0.337214,-14.598263,-0.007986,12.227998,0.022720,0.000299,-4.056121,-0.121512,4.057941,78|79|80|81|82|83,0.5631
7290.417047,-0.345335,-14.607866,-0.007387,12.235078,0.022199,0.000330,-4.057984,-0.125407,4.059922,78|79|80|81|82|83|84|85,0.5613
7290.433714,-0.354366,-14.616379,-0.007923,12.249155,0.022692,-0.000299,-4.067436,-0.130810,4.069539,78|79|80|81|82|83|84|85,0.5616
7290.450380,-0.363509,-14.625556,-0.008074,12.249155,0.022692,-0.000299,-4.062451,-0.135782,4.064719,78|79|80|81|82|83|84|85,0.5587
7290.467047,-0.363660,-14.626183,-0.008476,12.256416,0.023085,-0.000313,-4.069371,-0.136257,4.071652,80|81|82|83|84|85,0.5604
7290.483714,-0.353043,-14.641362,-0.008970,12.270545,0.022450,-0.000336,-4.075249,-0.129855,4.077317,80|81|82|83|84|85,0.5593
7290.500380,-0.353417,-14.661686,-0.008789,12.270545,0.022450,-0.000336,-4.064203,-0.130064,4.066284,80|81|82|83|84|85,0.5600
7290.517047,-0.353418,-14.661683,-0.008792,12.284376,0.023098,-0.000369,-4.078035,-0.130713,4.080129,80|81|82|83|84|85,0.5613
7290.533714,-0.357340,-14.671512,-0.008877,12.284376,0.023098,-0.000369,-4.072695,-0.132846,4.074861,80|81|82|83|84|85,0.5628
7290.550380,-0.347781,-14.683794,-0.008860,12.298618,0.022908,-0.000428,-4.080259,-0.127465,4.082249,80|81|82|83|84|85,0.5613
7290.567047,-0.341646,-14.695585,-0.009006,12.305597,0.022257,-0.000414,-4.080828,-0.123482,4.082696,80|81|82|83|84|85,0.5619
7290.583714,-0.351101,-14.704841,-0.009309,12.305597,0.022257,-0.000414,-4.075800,-0.128623,4.077829,80|81|82|83|84|85,0.5623
7290.600380,-0.360604,-14.714341,-0.009449,12.312450,0.021874,-0.000390,-4.077493,-0.133408,4.079675,80|81|82|83|84|85,0.5616
7290.617047,-0.360605,-14.714338,-0.009445,12.326086,0.022563,-0.000516,-4.091130,-0.134097,4.093327,80|81|82|83|84|85,0.5633
7290.633714,-0.366892,-14.720637,-0.009636,12.333311,0.023377,-0.000390,-4.094933,-0.138330,4.097269,80|81|82|83|84|85,0.5644
7290.650380,-0.354445,-14.736704,-0.009593,12.333311,0.023377,-0.000390,-4.086198,-0.131569,4.088316,80|81|82|83|84|85,0.5630
7290.667047,-0.354446,-14.736704,-0.009594,12.346963,0.022650,-0.000433,-4.099851,-0.130842,4.101938,80|81|82|83|84|85,0.5616
7290.683714,-0.343047,-14.752179,-0.009303,12.353607,0.022352,-0.000411,-4.098081,-0.124353,4.099967,80|81|82|83|84|85,0.5626
7290.700380,-0.354346,-14.766066,-0.009050,12.353607,0.022352,-0.000411,-4.090537,-0.130498,4.092618,80|81|82|83|84|85,0.5631
7290.717047,-0.358490,-14.768768,-0.009028,12.360549,0.022548,-0.000785,-4.096012,-0.132946,4.098169,80|81|82|83|84|85,0.5646
7290.733714,-0.354905,-14.779328,-0.009450,12.368093,0.022961,-0.000887,-4.097815,-0.131414,4.099922,80|81|82|83|84|85,0.5638
7290.750380,-0.349467,-14.793139,-0.009430,12.375059,0.022418,-0.001025,-4.097273,-0.127918,4.099270,80|81|82|83|84|85,0.5628
7290.767047,-0.357099,-14.800100,-0.010141,12.389247,0.021091,-0.001052,-4.107681,-0.130742,4.109761,80|81|82|83|84|85,0.5641
7290.783714,-0.357100,-14.800098,-0.010143,12.395708,0.021012,-0.000964,-4.114142,-0.130662,4.116217,80|81|82|83|84|85,0.5645
7290.817047,-0.377153,-14.820488,-0.010153,12.402643,0.021539,-0.000934,-4.110001,-0.142093,4.112456,80|81|82|83|84|85,0.5640
7290.833714,-0.369050,-14.830930,-0.010155,12.417236,0.021434,-0.000940,-4.118917,-0.137587,4.121215,80|81|82|83|84|85,0.5640
7290.850380,-0.365141,-14.843255,-0.010265,12.424146,0.021220,-0.000939,-4.119128,-0.135251,4.121348,80|81|82|83|84|85,0.5630
7290.867047,-0.371588,-14.852656,-0.010008,12.424146,0.021220,-0.000939,-4.114021,-0.138757,4.116360,80|81|82|83|84|85,0.5636
7290.883714,-0.374310,-14.858386,-0.010526,12.437908,0.021784,-0.001209,-4.124669,-0.140803,4.127071,80|81|82|83|84|85,0.5639
7290.900380,-0.375124,-14.860643,-0.010619,12.437908,0.021784,-0.001209,-4.123442,-0.141245,4.125861,80|81|82|83|84|85,0.5648
7290.917047,-0.375123,-14.860643,-0.010618,12.452947,0.022009,-0.001230,-4.138482,-0.141470,4.140899,80|81|82|83|84|85,0.5640
7290.933714,-0.366094,-14.871286,-0.010924,12.460294,0.021741,-0.001224,-4.140042,-0.136298,4.142285,80|81|82|83|84|85,0.5630
7290.950380,-0.363493,-14.898474,-0.010680,12.467315,0.021752,-0.001307,-4.132287,-0.134902,4.134488,80|81|82|83|84|85|86,0.5641
7290.967047,-0.366979,-14.907768,-0.010586,12.474157,0.021952,-0.001430,-4.134078,-0.136999,4.136348,80|81|82|83|84|85|86,0.5573
7290.983714,-0.366750,-14.914221,-0.011044,12.481483,0.023033,-0.001545,-4.137897,-0.137957,4.140196,81|82|83|84|85|86,0.5619
7291.017047,-0.347382,-14.936019,-0.010919,12.488420,0.023254,-0.001533,-4.132982,-0.127658,4.134953,81|82|83|84|85|86,0.5611
7291.033714,-0.347386,-14.936020,-0.010915,12.502485,0.021864,-0.001525,-4.147047,-0.126269,4.148968,81|82|83|84|85|86,0.5619
7291.050380,-0.355022,-14.951840,-0.009852,12.502485,0.021864,-0.001525,-4.138450,-0.130423,4.140505,81|82|83|84|85|86,0.5627
7291.083714,-0.355019,-14.951842,-0.009849,12.515850,0.022017,-0.001733,-4.151814,-0.130575,4.153867,81|82|83|84|85|86,0.5648
7291.100380,-0.361234,-14.963697,-0.009637,12.523427,0.023104,-0.001862,-4.152951,-0.135043,4.155146,81|82|83|84|85|86,0.5661
7291.117047,-0.344919,-14.980511,-0.010414,12.531154,0.023039,-0.001817,-4.151535,-0.126116,4.153451,81|82|83|84|85|86,0.5635
7291.133714,-0.344920,-14.980509,-0.010414,12.545740,0.022521,-0.001799,-4.166122,-0.125597,4.168015,81|82|83|84|85|86,0.5646
7291.150380,-0.346282,-14.996704,-0.010564,12.552795,0.022574,-0.001826,-4.164376,-0.126395,4.166294,81|82|83|84|85|86,0.5640
7291.167047,-0.349981,-15.005734,-0.010859,12.560054,0.023138,-0.001793,-4.166729,-0.128971,4.168724,81|82|83|84|85|86,0.5637
7291.183714,-0.352504,-15.019208,-0.010919,12.560054,0.023138,-0.001793,-4.159406,-0.130346,4.161448,81|82|83|84|85|86,0.5653
7291.200380,-0.344043,-15.030969,-0.010939,12.574358,0.023476,-0.001441,-4.167316,-0.126089,4.169223,81|82|83|84|85|86,0.5653
7291.217047,-0.344045,-15.030968,-0.010939,12.581495,0.023021,-0.001432,-4.174454,-0.125635,4.176344,81|82|83|84|85|86,0.5639
7291.233714,-0.335432,-15.043803,-0.010506,12.588350,0.022861,-0.001384,-4.174331,-0.120797,4.176079,81|82|83|84|85|86,0.5645
7291.250380,-0.345815,-15.058277,-0.010184,12.588350,0.022861,-0.001384,-4.166467,-0.126443,4.168385,81|82|83|84|85|86,0.5647
7291.267047,-0.347824,-15.061345,-0.010112,12.595573,0.023308,-0.001644,-4.172024,-0.127983,4.173986,81|82|83|84|85|86,0.5647
7291.283714,-0.347825,-15.061345,-0.010113,12.609687,0.023243,-0.001459,-4.186138,-0.127919,4.188092,81|82|83|84|85|86,0.5639
7291.300380,-0.333300,-15.087062,-0.010336,12.616577,0.022481,-0.001461,-4.179047,-0.119270,4.180748,81|82|83|84|85|86,0.5633
7291.317047,-0.341696,-15.093899,-0.009927,12.616577,0.022481,-0.001461,-4.175333,-0.123834,4.177169,81|82|83|84|85|86,0.5645
7291.333714,-0.352440,-15.102809,-0.009672,12.623735,0.021735,-0.001348,-4.177652,-0.128930,4.179641,81|82|83|84|85|86,0.5637
7291.367047,-0.352440,-15.102813,-0.009672,12.645357,0.022048,-0.001090,-4.199271,-0.129243,4.201260,81|82|83|84|85|86,0.5642
7291.383714,-0.363827,-15.118996,-0.009851,12.652055,0.021640,-0.000965,-4.197177,-0.135027,4.199349,81|82|83|84|85|86,0.5640
7291.400380,-0.358941,-15.132947,-0.009411,12.652055,0.021640,-0.000965,-4.189594,-0.132375,4.191685,81|82|83|84|85|86,0.5631
7291.433714,-0.357307,-15.142212,-0.009126,12.672454,0.021891,-0.001678,-4.204958,-0.131740,4.207021,81|82|83|84|85|86,0.5637
7291.450380,-0.366783,-15.153976,-0.010050,12.672454,0.021891,-0.001678,-4.198567,-0.136893,4.200798,81|82|83|84|85|86,0.5643
7291.467047,-0.366787,-15.153973,-0.010053,12.679651,0.022478,-0.001694,-4.205765,-0.137482,4.208011,81|82|83|84|85|86,0.5629
7291.483714,-0.356169,-15.172232,-0.009719,12.686414,0.022465,-0.001666,-4.202602,-0.131704,4.204665,81|82|83|84|85|86|87|88,0.5492
7291.500380,-0.347750,-15.191920,-0.008748,12.700208,0.021069,-0.001672,-4.205694,-0.125737,4.207573,83|84|85|86|87|88,0.5616
7291.517047,-0.357631,-15.199967,-0.008764,12.700208,0.021069,-0.001672,-4.201323,-0.131109,4.203369,83|84|85|86|87|88,0.5637
7291.533714,-0.357631,-15.199969,-0.008764,12.707029,0.020733,-0.001673,-4.208143,-0.130773,4.210174,83|84|85|86|87|88,0.5633
7291.550380,-0.371457,-15.209343,-0.008768,12.714128,0.021142,-0.002234,-4.210151,-0.138699,4.212435,83|84|85|86|87|88,0.5644
7291.567047,-0.363502,-15.221678,-0.009757,12.728406,0.021661,-0.002228,-4.217724,-0.134898,4.219880,83|84|85|86|87|88,0.5643
7291.583714,-0.355164,-15.238234,-0.009806,12.728406,0.021661,-0.002228,-4.208724,-0.130370,4.210742,83|84|85|86|87|88,0.5627
7291.600380,-0.356257,-15.243957,-0.009656,12.735399,0.021243,-0.002209,-4.212606,-0.130548,4.214628,83|84|85|86|87|88,0.5629
7291.617047,-0.361945,-15.250274,-0.009931,12.749235,0.021472,-0.002244,-4.223010,-0.133869,4.225131,83|84|85|86|87|88,0.5639
7291.633714,-0.365167,-15.253367,-0.009920,12.749235,0.021472,-0.002244,-4.221330,-0.135621,4.223508,83|84|85|86|87|88,0.5646
7291.650380,-0.358233,-15.265945,-0.009751,12.756780,0.022037,-0.002187,-4.222038,-0.132421,4.224114,83|84|85|86|87|88,0.5636
7291.683714,-0.358232,-15.265944,-0.009750,12.770450,0.021183,-0.002345,-4.235708,-0.131567,4.237751,83|84|85|86|87|88,0.5633
7291.700380,-0.362691,-15.296338,-0.009958,12.777191,0.020630,-0.002328,-4.225931,-0.133445,4.228038,83|84|85|86|87|88,0.5635
7291.717047,-0.370328,-15.300793,-0.010045,12.790807,0.020808,-0.002245,-4.237129,-0.137774,4.239368,83|84|85|86|87|88,0.5643
7291.733714,-0.375085,-15.302226,-0.009759,12.790807,0.020808,-0.002245,-4.236351,-0.140360,4.238676,83|84|85|86|87|88,0.5651
7291.750380,-0.365556,-15.319409,-0.010226,12.798069,0.021367,-0.002147,-4.234271,-0.135744,4.236447,83|84|85|86|87|88,0.5634
7291.767047,-0.357698,-15.334756,-0.010238,12.805189,0.021730,-0.002151,-4.233049,-0.131841,4.235101,83|84|85|86|87|88,0.5623
7291.783714,-0.357699,-15.334756,-0.010244,12.818323,0.021099,-0.002123,-4.246183,-0.131211,4.248210,83|84|85|86|87|88,0.5603
7291.817047,-0.360791,-15.353531,-0.010157,12.825111,0.020922,-0.002259,-4.242768,-0.132719,4.244843,83|84|85|86|87|88,0.5634
7291.850380,-0.359388,-15.377561,-0.010445,12.839904,0.021072,-0.002483,-4.244501,-0.132112,4.246557,83|84|85|86|87|88,0.5623
7291.867047,-0.360951,-15.387520,-0.010976,12.846755,0.020562,-0.002505,-4.245941,-0.132454,4.248006,83|84|85|86|87|88,0.5628
7291.900380,-0.380294,-15.400040,-0.010777,12.867172,0.019662,-0.002572,-4.259557,-0.142070,4.261925,83|84|85|86|87|88,0.5648
7291.917047,-0.386157,-15.401131,-0.010865,12.867172,0.019662,-0.002572,-4.258965,-0.145256,4.261442,83|84|85|86|87|88,0.5657
7291.933714,-0.386158,-15.401132,-0.010866,12.881635,0.020220,-0.002596,-4.273429,-0.145814,4.275916,83|84|85|86|87|88,0.5652
7291.950380,-0.372309,-15.428439,-0.010962,12.881635,0.020220,-0.002596,-4.258584,-0.138295,4.260829,83|84|85|86|87|88,0.5634
7291.967047,-0.372793,-15.435517,-0.011233,12.888504,0.019803,-0.002627,-4.261606,-0.138143,4.263844,83|84|85|86|87|88|89,0.5557
7291.983714,-0.378479,-15.440153,-0.010820,12.895091,0.019499,-0.002667,-4.265676,-0.140930,4.268003,83|84|85|86|87|88|89,0.5597
7292.000380,-0.383029,-15.442404,-0.011114,12.902282,0.019857,-0.002848,-4.271644,-0.143762,4.274063,83|84|85|86|87|88|89,0.5620
7292.033714,-0.366576,-15.472385,-0.011520,12.917392,0.020466,-0.003132,-4.270456,-0.135437,4.272603,84|85|86|87|88|89,0.5623
7292.050380,-0.367338,-15.481873,-0.011506,12.924545,0.020099,-0.003115,-4.272452,-0.135487,4.274600,84|85|86|87|88|89,0.5636
7292.067047,-0.367338,-15.481873,-0.011505,12.938379,0.019735,-0.003302,-4.286286,-0.135122,4.288416,84|85|86|87|88|89,0.5643
7292.083714,-0.372533,-15.489452,-0.011849,12.945671,0.020523,-0.003451,-4.289460,-0.138735,4.291703,84|85|86|87|88|89,0.5640
7292.100380,-0.376136,-15.495089,-0.011720,12.953151,0.021144,-0.003316,-4.293878,-0.141315,4.296203,84|85|86|87|88|89,0.5632
7292.117047,-0.376339,-15.500150,-0.011186,12.953151,0.021144,-0.003316,-4.291128,-0.141427,4.293458,84|85|86|87|88|89,0.5629
7292.133714,-0.364219,-15.517809,-0.011581,12.966781,0.020370,-0.003177,-4.295157,-0.134071,4.297249,84|85|86|87|88|89,0.5617
7292.150380,-0.356056,-15.534883,-0.011224,12.966781,0.020370,-0.003177,-4.285876,-0.129639,4.287836,84|85|86|87|88|89,0.5620
7292.167047,-0.366005,-15.540225,-0.011183,12.973283,0.020005,-0.003149,-4.289477,-0.134683,4.291591,84|85|86|87|88|89,0.5625
7292.183714,-0.366005,-15.540226,-0.011184,12.980033,0.019949,-0.003315,-4.296227,-0.134627,4.298336,84|85|86|87|88|89,0.5645
7292.200380,-0.370916,-15.540354,-0.011155,12.987644,0.020808,-0.003365,-4.303769,-0.138154,4.305986,84|85|86|87|88|89,0.5657
7292.233714,-0.348242,-15.580217,-0.010808,13.002307,0.021202,-0.003319,-4.296762,-0.126236,4.298616,84|85|86|87|88|89,0.5628
7292.283714,-0.348241,-15.580216,-0.010809,13.031269,0.021297,-0.003255,-4.325724,-0.126330,4.327568,84|85|86|87|88|89,0.5654
7292.317047,-0.349208,-15.626632,-0.010616,13.038402,0.021480,-0.003164,-4.307632,-0.127050,4.309505,84|85|86|87|88|89,0.5625
7292.333714,-0.346269,-15.636483,-0.010164,13.045093,0.021193,-0.003162,-4.308968,-0.125168,4.310786,84|85|86|87|88|89,0.5623
7292.350380,-0.346270,-15.636487,-0.010167,13.059062,0.020979,-0.003595,-4.322936,-0.124955,4.324741,84|85|86|87|88|89,0.5629
7292.367047,-0.349976,-15.639031,-0.010745,13.066612,0.021412,-0.003602,-4.329103,-0.127403,4.330977,84|85|86|87|88|89,0.5639
7292.383714,-0.356112,-15.641161,-0.010720,13.066612,0.021412,-0.003602,-4.327947,-0.130738,4.329921,84|85|86|87|88|89,0.5645
7292.400380,-0.351441,-15.653580,-0.011292,13.073719,0.021455,-0.003530,-4.328303,-0.128245,4.330203,84|85|86|87|88|89,0.5639
7292.417047,-0.344308,-15.677491,-0.011044,13.087442,0.019784,-0.003301,-4.329029,-0.122704,4.330768,84|85|86|87|88|89,0.5639
7292.433714,-0.344308,-15.677492,-0.011044,13.094549,0.019353,-0.003638,-4.336136,-0.122273,4.337859,84|85|86|87|88|89,0.5648
7292.450380,-0.367386,-15.692180,-0.010710,13.094549,0.019353,-0.003638,-4.328159,-0.134819,4.330258,84|85|86|87|88|89,0.5641
7292.467047,-0.371954,-15.700440,-0.011045,13.101972,0.019435,-0.003432,-4.331094,-0.137386,4.333273,84|85|86|87|88|89,0.5649
7292.483714,-0.370554,-15.715504,-0.011152,13.109300,0.019475,-0.003249,-4.330235,-0.136669,4.332391,84|85|86|87|88|89|90|91,0.5569
7292.500380,-0.370560,-15.715563,-0.011114,13.115844,0.019715,-0.003079,-4.336747,-0.136912,4.338908,84|85|86|87|88|89|90|91,0.5606
7292.533714,-0.365301,-15.736649,-0.011296,13.135755,0.019567,-0.003117,-4.345197,-0.133911,4.347260,86|87|88|89|90|91,0.5640
7292.550380,-0.365299,-15.736649,-0.011296,13.142772,0.019936,-0.003110,-4.352214,-0.134279,4.354285,86|87|88|89|90|91,0.5645
7292.567047,-0.366137,-15.744630,-0.010915,13.149927,0.020273,-0.003161,-4.355031,-0.135073,4.357126,86|87|88|89|90|91,0.5630
7292.583714,-0.366178,-15.753246,-0.010940,13.156511,0.019883,-0.003174,-4.356933,-0.134708,4.359015,86|87|88|89|90|91,0.5616
7292.600380,-0.356267,-15.780487,-0.010365,13.156511,0.019883,-0.003174,-4.342125,-0.129329,4.344051,86|87|88|89|90|91,0.5605
7292.633714,-0.371623,-15.787411,-0.010111,13.169799,0.018649,-0.003163,-4.351655,-0.136442,4.353793,86|87|88|89|90|91,0.5632
7292.650380,-0.378753,-15.789078,-0.010279,13.184194,0.019362,-0.003597,-4.365145,-0.141031,4.367423,86|87|88|89|90|91,0.5647
7292.667047,-0.373377,-15.800897,-0.010709,13.184194,0.019362,-0.003597,-4.358721,-0.138112,4.360908,86|87|88|89|90|91,0.5648
7292.683714,-0.366930,-15.817663,-0.010246,13.191308,0.019604,-0.003546,-4.356721,-0.134854,4.358808,86|87|88|89|90|91,0.5626
7292.700380,-0.363182,-15.827593,-0.010334,13.197860,0.019332,-0.003536,-4.357876,-0.132548,4.359891,86|87|88|89|90|91,0.5620
7292.733714,-0.363182,-15.827594,-0.010334,13.211656,0.019155,-0.003694,-4.371671,-0.132371,4.373674,86|87|88|89|90|91,0.5646
7292.767047,-0.373215,-15.831802,-0.010419,13.233043,0.019423,-0.003534,-4.390774,-0.138092,4.392945,86|87|88|89|90|91,0.5630
7292.783714,-0.361689,-15.861227,-0.010004,13.239757,0.018700,-0.003506,-4.381493,-0.131113,4.383454,86|87|88|89|90|91,0.5621
7292.800380,-0.358006,-15.873258,-0.010512,13.246248,0.018139,-0.003451,-4.381444,-0.128553,4.383329,86|87|88|89|90|91,0.5635
7292.850380,-0.375377,-15.896354,-0.011260,13.261217,0.019004,-0.003394,-4.383865,-0.138865,4.386063,86|87|88|89|90|91,0.5664
7292.867047,-0.375379,-15.896350,-0.011264,13.268705,0.019270,-0.003428,-4.391355,-0.139131,4.393559,86|87|88|89|90|91,0.5646
7292.883714,-0.365632,-15.927517,-0.010303,13.275306,0.019749,-0.003334,-4.381016,-0.134321,4.383074,86|87|88|89|90|91,0.5630
7292.900380,-0.365632,-15.927523,-0.010297,13.288795,0.018867,-0.003610,-4.394501,-0.133439,4.396526,86|87|88|89|90|91,0.5620
7292.933714,-0.358284,-15.928164,-0.010553,13.296283,0.018931,-0.003639,-4.401639,-0.129510,4.403544,86|87|88|89|90|91,0.5649
7292.950380,-0.368456,-15.958177,-0.011382,13.310668,0.018410,-0.003943,-4.399715,-0.134525,4.401772,86|87|88|89|90|91,0.5647
7292.967047,-0.368455,-15.958172,-0.011385,13.317430,0.017789,-0.003934,-4.406480,-0.133903,4.408514,86|87|88|89|90|91,0.5640
7292.983714,-0.375477,-15.977821,-0.010990,13.323940,0.017264,-0.003962,-4.402313,-0.137199,4.404450,86|87|88|89|90|91,0.5645
7293.017047,-0.375477,-15.977826,-0.010987,13.330919,0.017336,-0.003995,-4.409289,-0.137272,4.411425,86|87|88|89|90|91,0.5658
7293.050380,-0.391274,-15.983306,-0.011188,13.352283,0.018199,-0.003777,-4.427679,-0.146721,4.430109,86|87|88|89|90|91,0.5580
7293.067047,-0.384838,-16.010602,-0.010497,13.359302,0.018089,-0.003778,-4.419861,-0.143120,4.422178,87|88|89|90|91|92,0.5620
7293.083714,-0.377103,-16.025173,-0.009236,13.366298,0.017947,-0.003767,-4.418936,-0.138778,4.421115,87|88|89|90|91|92,0.5624
7293.100380,-0.377102,-16.025173,-0.009235,13.366298,0.017947,-0.003767,-4.418936,-0.138777,4.421115,87|88|89|90|91|92,0.5639
7293.133714,-0.378515,-16.034223,-0.009663,13.387865,0.017899,-0.003956,-4.435585,-0.139499,4.437778,87|88|89|90|91|92,0.5633
7293.167047,-0.380149,-16.073183,-0.010780,13.394672,0.017675,-0.003974,-4.421218,-0.140174,4.423440,87|88|89|90|91|92,0.5633
7293.183714,-0.380149,-16.073185,-0.010780,13.408895,0.017897,-0.004068,-4.435441,-0.140396,4.437662,87|88|89|90|91|92,0.5650
7293.200380,-0.386543,-16.080960,-0.012201,13.408895,0.017897,-0.004068,-4.431217,-0.143873,4.433552,87|88|89|90|91|92,0.5646
7293.233714,-0.372443,-16.112393,-0.010743,13.429948,0.018914,-0.003867,-4.435183,-0.137235,4.437306,87|88|89|90|91|92,0.5616
7293.250380,-0.372443,-16.112393,-0.010744,13.436742,0.018699,-0.003861,-4.441977,-0.137020,4.444090,87|88|89|90|91|92,0.5610
7293.283714,-0.366604,-16.129164,-0.011220,13.450443,0.018428,-0.003924,-4.446562,-0.133579,4.448568,87|88|89|90|91|92,0.5646
7293.300380,-0.369175,-16.135662,-0.010956,13.458009,0.018928,-0.003923,-4.450597,-0.135478,4.452659,87|88|89|90|91|92,0.5655
7293.333714,-0.369176,-16.135659,-0.010964,13.465198,0.019136,-0.003859,-4.457788,-0.135687,4.459852,87|88|89|90|91|92,0.5629
7293.350380,-0.359109,-16.171708,-0.011549,13.471904,0.018849,-0.003776,-4.444900,-0.129938,4.446798,87|88|89|90|91|92,0.5630
7293.367047,-0.362622,-16.174631,-0.010792,13.478857,0.018316,-0.003759,-4.450264,-0.131315,4.452201,87|88|89|90|91|92,0.5636
7293.383714,-0.362621,-16.174632,-0.010790,13.493909,0.018676,-0.003896,-4.465316,-0.131675,4.467257,87|88|89|90|91|92,0.5644
7293.400380,-0.369789,-16.179387,-0.010726,13.501232,0.018845,-0.003731,-4.470056,-0.135740,4.472117,87|88|89|90|91|92,0.5653
7293.417047,-0.367550,-16.192320,-0.011979,13.507764,0.019489,-0.003396,-4.469560,-0.135171,4.471603,87|88|89|90|91|92,0.5651
7293.433714,-0.363771,-16.206468,-0.011743,13.507764,0.019489,-0.003396,-4.461869,-0.133121,4.463855,87|88|89|90|91|92,0.5640
7293.500380,-0.358566,-16.250984,-0.011495,13.536067,0.018928,-0.003596,-4.465978,-0.129741,4.467862,87|88|89|90|91|92,0.5629
7293.517047,-0.358600,-16.265174,-0.011234,13.549356,0.018196,-0.003483,-4.471554,-0.129032,4.473416,87|88|89|90|91|92|93|94,0.5508
7293.533714,-0.358593,-16.265232,-0.011218,13.556287,0.017736,-0.002934,-4.478454,-0.128568,4.480299,87|88|89|90|91|92|93|94,0.5610
7293.550380,-0.368485,-16.271628,-0.011838,13.563640,0.017711,-0.002913,-4.482333,-0.133921,4.484333,87|88|89|90|91|92|93|94,0.5628
7293.567047,-0.368464,-16.271665,-0.011821,13.570825,0.017713,-0.002619,-4.489498,-0.133911,4.491495,87|88|89|90|91|92|93|94,0.5556
7293.583714,-0.375277,-16.292141,-0.011171,13.570825,0.017713,-0.002619,-4.478372,-0.137619,4.480486,89|90|91|92|93|94,0.5633
7293.600380,-0.375322,-16.301836,-0.010899,13.577676,0.017877,-0.002422,-4.479954,-0.137810,4.482073,89|90|91|92|93|94,0.5624
7293.617047,-0.375324,-16.301835,-0.010895,13.591045,0.018185,-0.002102,-4.493323,-0.138119,4.495445,89|90|91|92|93|94,0.5622
7293.650380,-0.372350,-16.308786,-0.010520,13.604713,0.017905,-0.001982,-4.503213,-0.136225,4.505273,89|90|91|92|93|94,0.5641
7293.667047,-0.372997,-16.334655,-0.009877,13.604713,0.017905,-0.001982,-4.489153,-0.136583,4.491231,89|90|91|92|93|94,0.5633
7293.683714,-0.373105,-16.346802,-0.010239,13.611606,0.017904,-0.001928,-4.489445,-0.136643,4.491524,89|90|91|92|93|94,0.5619
7293.700380,-0.373105,-16.346801,-0.010240,13.624843,0.018176,-0.001260,-4.502683,-0.136916,4.504764,89|90|91|92|93|94,0.5612
7293.717047,-0.368342,-16.367803,-0.010383,13.624843,0.018176,-0.001260,-4.491267,-0.134332,4.493276,89|90|91|92|93|94,0.5611
7293.733714,-0.367970,-16.366439,-0.008958,13.631856,0.017810,-0.001271,-4.499022,-0.133764,4.501010,89|90|91|92|93|94,0.5607
7293.750380,-0.373313,-16.375749,-0.008528,13.638923,0.017426,-0.001282,-4.501030,-0.136286,4.503093,89|90|91|92|93|94,0.5608
7293.767047,-0.378932,-16.385271,-0.008293,13.646102,0.017350,-0.001234,-4.503036,-0.139266,4.505189,89|90|91|92|93|94,0.5608
7293.783714,-0.379833,-16.398875,-0.008107,13.653139,0.017561,-0.000691,-4.502679,-0.139970,4.504854,89|90|91|92|93|94,0.5613
7293.800380,-0.374791,-16.405929,-0.007676,13.666711,0.018163,-0.000647,-4.512416,-0.137833,4.514521,89|90|91|92|93|94,0.5602
7293.817047,-0.374791,-16.405928,-0.007675,13.673856,0.017754,-0.000645,-4.519562,-0.137425,4.521651,89|90|91|92|93|94,0.5606
7293.833714,-0.366468,-16.419318,-0.007875,13.673856,0.017754,-0.000645,-4.512283,-0.132905,4.514239,89|90|91|92|93|94,0.5607
7293.850380,-0.366468,-16.419318,-0.007875,13.688482,0.017511,-0.000742,-4.526908,-0.132662,4.528852,89|90|91|92|93|94,0.5610
7293.867047,-0.372045,-16.429035,-0.007951,13.695297,0.018077,-0.000529,-4.528443,-0.136262,4.530493,89|90|91|92|93|94,0.5617
7293.883714,-0.375086,-16.457105,-0.007581,13.695297,0.018077,-0.000529,-4.513189,-0.137921,4.515296,89|90|91|92|93|94,0.5611
7293.900380,-0.375087,-16.457106,-0.007581,13.701650,0.018194,-0.000310,-4.519542,-0.138038,4.521650,89|90|91|92|93|94,0.5596
7293.917047,-0.366329,-16.460708,-0.007480,13.715330,0.017351,-0.000265,-4.531261,-0.132437,4.533196,89|90|91|92|93|94,0.5608
7293.933714,-0.365726,-16.462249,-0.007345,13.722618,0.017288,-0.000211,-4.537712,-0.132047,4.539633,89|90|91|92|93|94,0.5614
7293.950380,-0.377644,-16.479728,-0.007348,13.729873,0.017275,-0.000138,-4.535471,-0.138516,4.537586,89|90|91|92|93|94,0.5622
7293.967047,-0.377645,-16.479727,-0.007350,13.736688,0.017848,-0.000193,-4.542286,-0.139089,4.544415,89|90|91|92|93|94,0.5628
7293.983714,-0.377737,-16.504817,-0.007274,13.736688,0.017848,-0.000193,-4.528651,-0.139145,4.530788,89|90|91|92|93|94,0.5619
7294.017047,-0.363946,-16.512674,-0.007536,13.750366,0.018126,-0.000125,-4.538054,-0.131930,4.539972,89|90|91|92|93|94,0.5613
7294.033714,-0.366437,-16.523796,-0.007113,13.757326,0.017980,-0.000093,-4.538970,-0.133141,4.540923,89|90|91|92|93|94,0.5618
7294.050380,-0.368817,-16.533542,-0.007125,13.764280,0.017814,-0.000081,-4.540629,-0.134271,4.542613,89|90|91|92|93|94,0.5613
7294.067047,-0.368817,-16.533541,-0.007125,13.778333,0.017436,-0.000097,-4.554682,-0.133892,4.556650,89|90|91|92|93|94,0.5617
7294.083714,-0.373942,-16.553180,-0.007364,13.778333,0.017436,-0.000097,-4.544011,-0.136682,4.546066,89|90|91|92|93|94|95,0.5614
7294.100380,-0.376567,-16.557553,-0.007410,13.784925,0.016585,-0.000111,-4.548226,-0.137259,4.550297,89|90|91|92|93|94|95,0.5609
7294.117047,-0.388461,-16.560526,-0.007236,13.792158,0.016402,-0.000365,-4.553846,-0.143542,4.556108,89|90|91|92|93|94|95,0.5564
7294.133714,-0.390015,-16.574838,-0.007354,13.806405,0.016488,0.000004,-4.560316,-0.144476,4.562604,90|91|92|93|94|95,0.5622
7294.150380,-0.391454,-16.588913,-0.007506,13.806405,0.016488,0.000004,-4.552667,-0.145261,4.554984,90|91|92|93|94|95,0.5622
7294.167047,-0.388420,-16.596075,-0.007291,13.813028,0.016861,0.000089,-4.555396,-0.143987,4.557671,90|91|92|93|94|95,0.5622
7294.183714,-0.388421,-16.596076,-0.007295,13.826869,0.016820,0.000107,-4.569237,-0.143946,4.571504,90|91|92|93|94|95,0.5623
7294.200380,-0.379934,-16.604046,-0.007696,13.826869,0.016820,0.000107,-4.564903,-0.139336,4.567030,90|91|92|93|94|95,0.5621
7294.217047,-0.379933,-16.604047,-0.007693,13.841890,0.016509,0.000101,-4.579924,-0.139024,4.582033,90|91|92|93|94|95,0.5623
7294.233714,-0.385544,-16.633227,-0.007789,13.848789,0.017011,0.000175,-4.570965,-0.142583,4.573188,90|91|92|93|94|95,0.5615
7294.250380,-0.388972,-16.647877,-0.006903,13.855529,0.017324,0.000276,-4.569745,-0.144763,4.572037,90|91|92|93|94|95,0.5617
7294.267047,-0.381528,-16.651319,-0.006844,13.855529,0.017324,0.000276,-4.567872,-0.140718,4.570039,90|91|92|93|94|95,0.5626
7294.283714,-0.377684,-16.655078,-0.006997,13.862558,0.016957,0.000302,-4.572857,-0.138263,4.574946,90|91|92|93|94|95,0.5620
7294.317047,-0.385692,-16.676987,-0.007220,13.877456,0.016777,0.000457,-4.575850,-0.142441,4.578066,90|91|92|93|94|95,0.5625
7294.333714,-0.385691,-16.676988,-0.007218,13.891366,0.017993,0.000449,-4.589760,-0.143656,4.592007,90|91|92|93|94|95,0.5625
7294.350380,-0.382170,-16.700466,-0.006701,13.891366,0.017993,0.000449,-4.576999,-0.141749,4.579194,90|91|92|93|94|95,0.5611
7294.383714,-0.360000,-16.704920,-0.006770,13.905307,0.018485,0.000489,-4.588513,-0.130192,4.590360,90|91|92|93|94|95,0.5627
7294.400380,-0.362597,-16.717944,-0.006915,13.919614,0.017934,0.000569,-4.595743,-0.131056,4.597611,90|91|92|93|94|95,0.5637
7294.417047,-0.368500,-16.728249,-0.006944,13.926877,0.018062,0.000889,-4.597407,-0.134396,4.599371,90|91|92|93|94|95,0.5643
7294.433714,-0.370639,-16.740816,-0.007067,13.926877,0.018062,0.000889,-4.590578,-0.135561,4.592579,90|91|92|93|94|95,0.5634
7294.450380,-0.367402,-16.749951,-0.007085,13.933811,0.018619,0.000971,-4.592546,-0.134361,4.594511,90|91|92|93|94|95,0.5625
7294.467047,-0.367403,-16.749950,-0.007085,13.940708,0.018469,0.001086,-4.599443,-0.134211,4.601401,90|91|92|93|94|95,0.5613
7294.483714,-0.359923,-16.755710,-0.007208,13.955530,0.017868,0.001082,-4.611133,-0.129547,4.612952,90|91|92|93|94|95,0.5630
7294.500380,-0.368635,-16.773417,-0.007010,13.955530,0.017868,0.001082,-4.601511,-0.134287,4.603470,90|91|92|93|94|95,0.5650
7294.517047,-0.371394,-16.786335,-0.006660,13.962970,0.017862,0.001261,-4.601932,-0.135783,4.603935,90|91|92|93|94|95,0.5647
7294.533714,-0.371395,-16.786337,-0.006660,13.976331,0.018965,0.001797,-4.615292,-0.136886,4.617322,90|91|92|93|94|95,0.5646
7294.550380,-0.370514,-16.796049,-0.006450,13.976331,0.018965,0.001797,-4.610014,-0.136410,4.612031,90|91|92|93|94|95,0.5639
7294.567047,-0.363022,-16.800281,-0.006024,13.990583,0.018885,0.001796,-4.621963,-0.132259,4.623855,90|91|92|93|94|95,0.5637
7294.583714,-0.356576,-16.806255,-0.005833,13.997791,0.018778,0.001794,-4.625923,-0.128650,4.627711,90|91|92|93|94|95,0.5633
7294.600380,-0.358178,-16.826978,-0.004987,14.004905,0.018628,0.001724,-4.621775,-0.129377,4.623585,90|91|92|93|94|95|96|97,0.5646
7294.617047,-0.358202,-16.826997,-0.005021,14.004905,0.018628,0.001724,-4.621765,-0.129390,4.623576,90|91|92|93|94|95|96|97,0.5537
7294.633714,-0.362272,-16.847751,-0.005985,14.011991,0.018729,0.001750,-4.617572,-0.131708,4.619450,92|93|94|95|96|97,0.5629
7294.650380,-0.361066,-16.855047,-0.006109,14.018802,0.018230,0.001881,-4.620418,-0.130556,4.622262,92|93|94|95|96|97,0.5631
7294.667047,-0.361066,-16.855047,-0.006110,14.033241,0.017588,0.002218,-4.634857,-0.129913,4.636677,92|93|94|95|96|97,0.5632
7294.683714,-0.373588,-16.870164,-0.006262,14.033241,0.017588,0.002218,-4.626644,-0.136722,4.628664,92|93|94|95|96|97,0.5641
7294.700380,-0.378713,-16.880220,-0.006343,14.046995,0.017652,0.002479,-4.634934,-0.139575,4.637035,92|93|94|95|96|97,0.5641
7294.717047,-0.380420,-16.887160,-0.006059,14.046995,0.017652,0.002479,-4.631163,-0.140504,4.633294,92|93|94|95|96|97,0.5634
7294.733714,-0.378529,-16.891065,-0.005547,14.053602,0.017966,0.002437,-4.635647,-0.139791,4.637754,92|93|94|95|96|97,0.5635
7294.750380,-0.373572,-16.897277,-0.005617,14.067821,0.018109,0.002399,-4.646489,-0.137241,4.648515,92|93|94|95|96|97,0.5635
7294.767047,-0.373573,-16.897275,-0.005616,14.067821,0.018109,0.002399,-4.646490,-0.137242,4.648517,92|93|94|95|96|97,0.5622
7294.783714,-0.371349,-16.913582,-0.006335,14.074768,0.018018,0.002497,-4.644574,-0.135946,4.646563,92|93|94|95|96|97,0.5641
7294.800380,-0.374501,-16.933268,-0.005692,14.088582,0.018157,0.002553,-4.647690,-0.137804,4.649733,92|93|94|95|96|97,0.5641
7294.817047,-0.374502,-16.933266,-0.005694,14.088582,0.018157,0.002553,-4.647691,-0.137804,4.649734,92|93|94|95|96|97,0.5632
7294.833714,-0.372607,-16.947988,-0.005602,14.102640,0.017954,0.002663,-4.653747,-0.136575,4.655751,92|93|94|95|96|97,0.5621
7294.867047,-0.376509,-16.966120,-0.005495,14.109939,0.017719,0.002658,-4.651193,-0.138466,4.653254,92|93|94|95|96|97,0.5626
7294.883714,-0.380199,-16.977852,-0.005945,14.123731,0.017975,0.002948,-4.658610,-0.140729,4.660735,92|93|94|95|96|97,0.5635
7294.900380,-0.380199,-16.977852,-0.005946,14.130399,0.018214,0.002961,-4.665278,-0.140968,4.667407,92|93|94|95|96|97,0.5622
7294.917047,-0.377087,-16.991028,-0.005293,14.130399,0.018214,0.002961,-4.658116,-0.139280,4.660198,92|93|94|95|96|97,0.5625
7294.933714,-0.373951,-16.996127,-0.005267,14.137693,0.018550,0.002967,-4.662638,-0.137914,4.664677,92|93|94|95|96|97,0.5628
7294.967047,-0.371670,-17.018780,-0.005045,14.151807,0.018277,0.002865,-4.664441,-0.136406,4.666435,92|93|94|95|96|97,0.5625
7294.983714,-0.374033,-17.028995,-0.004621,14.165819,0.018434,0.002941,-4.672901,-0.137850,4.674934,92|93|94|95|96|97,0.5624
7295.000380,-0.375389,-17.037964,-0.004604,14.165819,0.018434,0.002941,-4.668027,-0.138589,4.670084,92|93|94|95|96|97,0.5614
7295.017047,-0.375389,-17.037965,-0.004603,14.172582,0.018484,0.003087,-4.674790,-0.138640,4.676845,92|93|94|95|96|97,0.5618
7295.033714,-0.372340,-17.045372,-0.004763,14.180137,0.018299,0.003106,-4.678318,-0.136799,4.680318,92|93|94|95|96|97,0.5621
7295.050380,-0.372341,-17.045371,-0.004766,14.194707,0.017779,0.003138,-4.692889,-0.136280,4.694868,92|93|94|95|96|97,0.5627
7295.067047,-0.375569,-17.062395,-0.004649,14.201486,0.018080,0.003095,-4.690416,-0.138340,4.692456,92|93|94|95|96|97,0.5629
7295.083714,-0.382783,-17.086583,-0.004137,14.201486,0.018080,0.003095,-4.677273,-0.142266,4.679436,92|93|94|95|96|97,0.5627
7295.100380,-0.379010,-17.089803,-0.004262,14.208164,0.018237,0.002991,-4.682200,-0.140373,4.684303,92|93|94|95|96|97|98,0.5547
7295.117047,-0.379007,-17.089817,-0.004270,14.222185,0.019022,0.002803,-4.696213,-0.141157,4.698333,92|93|94|95|96|97|98,0.5557
7295.133714,-0.377239,-17.093719,-0.004213,14.229131,0.018609,0.002800,-4.701038,-0.139784,4.703116,92|93|94|95|96|97|98,0.5609
7295.150380,-0.366010,-17.106129,-0.004516,14.229131,0.018609,0.002800,-4.694291,-0.133685,4.696194,93|94|95|96|97|98,0.5623
7295.167047,-0.372554,-17.124878,-0.005429,14.236070,0.018185,0.002805,-4.691042,-0.136821,4.693036,93|94|95|96|97|98,0.5637
7295.183714,-0.379139,-17.134547,-0.004812,14.243118,0.017950,0.002826,-4.692836,-0.140168,4.694929,93|94|95|96|97|98,0.5636
7295.200380,-0.382507,-17.141547,-0.004701,14.249984,0.017955,0.002821,-4.695899,-0.142005,4.698046,93|94|95|96|97|98,0.5622
7295.217047,-0.382507,-17.141549,-0.004699,14.257385,0.017640,0.002836,-4.703298,-0.141690,4.705432,93|94|95|96|97|98,0.5614
7295.233714,-0.387794,-17.158736,-0.004932,14.264499,0.017452,0.002855,-4.701073,-0.144380,4.703290,93|94|95|96|97|98,0.5631
7295.250380,-0.387793,-17.158737,-0.004932,14.271566,0.017285,0.002990,-4.708140,-0.144213,4.710348,93|94|95|96|97|98,0.5640
7295.267047,-0.390858,-17.168972,-0.004713,14.284723,0.017531,0.003200,-4.715735,-0.146127,4.717998,93|94|95|96|97|98,0.5634
7295.300380,-0.393034,-17.177701,-0.004457,14.292034,0.018288,0.003321,-4.718302,-0.148068,4.720625,93|94|95|96|97|98,0.5650
7295.317047,-0.389920,-17.184007,-0.004486,14.307125,0.017503,0.003295,-4.729965,-0.145593,4.732205,93|94|95|96|97|98,0.5650
7295.333714,-0.385457,-17.215384,-0.004270,14.307125,0.017503,0.003295,-4.712911,-0.143175,4.715086,93|94|95|96|97|98,0.5656
7295.350380,-0.392114,-17.229827,-0.004548,14.320798,0.018021,0.003325,-4.718737,-0.147314,4.721036,93|94|95|96|97|98,0.5647
7295.367047,-0.392113,-17.229828,-0.004547,14.327772,0.018093,0.003336,-4.725710,-0.147386,4.728008,93|94|95|96|97|98,0.5641
7295.417047,-0.388291,-17.260964,-0.004565,14.343099,0.017560,0.003381,-4.724115,-0.144784,4.726333,93|94|95|96|97|98,0.5633
7295.433714,-0.393163,-17.275510,-0.004594,14.350259,0.017770,0.003411,-4.723371,-0.147645,4.725678,93|94|95|96|97|98,0.5638
7295.450380,-0.393164,-17.275511,-0.004590,14.363452,0.019085,0.003373,-4.736563,-0.148961,4.738905,93|94|95|96|97|98,0.5630
7295.483714,-0.389897,-17.282385,-0.004304,14.378046,0.019468,0.003657,-4.747420,-0.147570,4.749713,93|94|95|96|97|98,0.5635
7295.500380,-0.372325,-17.284147,-0.004311,14.385557,0.019141,0.003683,-4.753969,-0.137694,4.755963,93|94|95|96|97|98,0.5635
7295.517047,-0.368697,-17.310303,-0.004551,14.392902,0.019191,0.003936,-4.747098,-0.135778,4.749039,93|94|95|96|97|98,0.5630
7295.533714,-0.368697,-17.310303,-0.004553,14.399892,0.019545,0.003924,-4.754089,-0.136132,4.756037,93|94|95|96|97|98,0.5636
7295.550380,-0.373788,-17.324969,-0.004334,14.406946,0.019839,0.003903,-4.753172,-0.139196,4.755210,93|94|95|96|97|98,0.5643
7295.567047,-0.372029,-17.333081,-0.003834,14.406946,0.019839,0.003903,-4.748763,-0.138243,4.750775,93|94|95|96|97|98,0.5640
7295.583714,-0.363720,-17.345645,-0.003815,14.414144,0.019725,0.003904,-4.749131,-0.133616,4.751011,93|94|95|96|97|98,0.5628
7295.617047,-0.363720,-17.345644,-0.003818,14.428779,0.019364,0.003945,-4.763767,-0.133256,4.765630,93|94|95|96|97|98,0.5649
7295.633714,-0.371827,-17.375871,-0.004078,14.436016,0.019423,0.004018,-4.754578,-0.137728,4.756572,93|94|95|96|97|98|99|100,0.5650
7295.650380,-0.371825,-17.375878,-0.004075,14.450141,0.020546,0.004234,-4.768700,-0.138850,4.770721,93|94|95|96|97|98|99|100,0.5611
7295.667047,-0.368282,-17.388186,-0.003546,14.457307,0.020521,0.004661,-4.769176,-0.136902,4.771140,93|94|95|96|97|98|99|100,0.5495
7295.683714,-0.356608,-17.402183,-0.003432,14.457307,0.020521,0.004661,-4.761566,-0.130561,4.763355,95|96|97|98|99|100,0.5614
7295.700381,-0.358636,-17.411126,-0.002509,14.464614,0.020287,0.004677,-4.764013,-0.131432,4.765826,95|96|97|98|99|100,0.5626
7295.717047,-0.358636,-17.411127,-0.002512,14.471744,0.019990,0.004561,-4.771142,-0.131134,4.772944,95|96|97|98|99|100,0.5623
7295.733714,-0.362264,-17.421328,-0.003005,14.485870,0.020135,0.004565,-4.779725,-0.133254,4.781582,95|96|97|98|99|100,0.5609
7295.767047,-0.367077,-17.431455,-0.002357,14.499963,0.019423,0.005324,-4.788315,-0.135161,4.790222,95|96|97|98|99|100,0.5606
7295.783714,-0.371674,-17.454323,-0.002416,14.507041,0.019152,0.005401,-4.782967,-0.137394,4.784939,95|96|97|98|99|100,0.5621
7295.800381,-0.371674,-17.454323,-0.002413,14.507041,0.019152,0.005401,-4.782967,-0.137394,4.784940,95|96|97|98|99|100,0.5610
7295.817047,-0.378685,-17.464152,-0.002305,14.520791,0.019327,0.005234,-4.791377,-0.141381,4.793462,95|96|97|98|99|100,0.5622
7295.833714,-0.382617,-17.470941,-0.002306,14.528150,0.020174,0.005122,-4.795046,-0.144367,4.797219,95|96|97|98|99|100,0.5635
7295.850381,-0.383951,-17.474603,-0.002349,14.535285,0.019971,0.005179,-4.800192,-0.144890,4.802378,95|96|97|98|99|100,0.5632
7295.867047,-0.369249,-17.498767,-0.002699,14.535285,0.019971,0.005179,-4.787055,-0.136906,4.789013,95|96|97|98|99|100,0.5621
7295.883714,-0.372946,-17.508690,-0.002522,14.542427,0.019752,0.005249,-4.788805,-0.138699,4.790813,95|96|97|98|99|100,0.5630
7295.900381,-0.372946,-17.508689,-0.002522,14.556598,0.019617,0.005376,-4.802977,-0.138564,4.804975,95|96|97|98|99|100,0.5622
7295.917047,-0.380120,-17.528351,-0.003161,14.556598,0.019617,0.005376,-4.792293,-0.142468,4.794410,95|96|97|98|99|100,0.5606
7295.933714,-0.378942,-17.534127,-0.002632,14.563528,0.019868,0.005397,-4.796083,-0.142080,4.798187,95|96|97|98|99|100,0.5609
7295.950381,-0.376120,-17.538491,-0.002634,14.570926,0.020092,0.005387,-4.801109,-0.140771,4.803172,95|96|97|98|99|100,0.5614
7295.967047,-0.373581,-17.551992,-0.001903,14.578037,0.019849,0.005388,-4.800881,-0.139151,4.802898,95|96|97|98|99|100,0.5617
7295.983714,-0.377495,-17.561830,-0.001961,14.585191,0.019598,0.005412,-4.802690,-0.141030,4.804760,95|96|97|98|99|100,0.5618
7296.000381,-0.377496,-17.561829,-0.001960,14.592088,0.019747,0.005420,-4.809587,-0.141180,4.811659,95|96|97|98|99|100,0.5622
7296.017047,-0.380233,-17.578336,-0.001950,14.606107,0.020535,0.005317,-4.814636,-0.143460,4.816773,95|96|97|98|99|100,0.5628
7296.033714,-0.378555,-17.585146,-0.002512,14.613189,0.020535,0.005299,-4.818017,-0.142549,4.820125,95|96|97|98|99|100,0.5623
7296.050381,-0.369748,-17.598305,-0.002614,14.613189,0.020535,0.005299,-4.810863,-0.137766,4.812835,95|96|97|98|99|100,0.5602
7296.067047,-0.369749,-17.598306,-0.002617,14.627433,0.020084,0.005156,-4.825106,-0.137316,4.827060,95|96|97|98|99|100,0.5611
7296.083714,-0.375324,-17.616049,-0.002197,14.634391,0.020195,0.005149,-4.822423,-0.140461,4.824468,95|96|97|98|99|100,0.5625
7296.100381,-0.378631,-17.624690,-0.002402,14.634391,0.020195,0.005149,-4.817728,-0.142260,4.819828,95|96|97|98|99|100,0.5627
7296.117047,-0.377484,-17.627119,-0.003178,14.641214,0.020368,0.004873,-4.823230,-0.141811,4.825314,95|96|97|98|99|100,0.5625
7296.133714,-0.374855,-17.631163,-0.003293,14.648721,0.020573,0.004784,-4.828538,-0.140588,4.830584,95|96|97|98|99|100,0.5628
7296.150381,-0.373046,-17.649042,-0.002742,14.655860,0.020285,0.004889,-4.825960,-0.139321,4.827971,95|96|97|98|99|100|101,0.5627
7296.167047,-0.377231,-17.659188,-0.002731,14.662981,0.020021,0.004917,-4.827567,-0.141335,4.829636,95|96|97|98|99|100|101,0.5632
7296.183714,-0.377227,-17.659209,-0.002713,14.676637,0.020067,0.004854,-4.841213,-0.141379,4.843276,95|96|97|98|99|100|101,0.5578
7296.217047,-0.381169,-17.669962,-0.002482,14.690975,0.021164,0.004535,-4.849707,-0.144621,4.851863,96|97|98|99|100|101,0.5655
7296.233714,-0.382014,-17.681364,-0.002800,14.690975,0.021164,0.004535,-4.843511,-0.145083,4.845683,96|97|98|99|100|101,0.5631
7296.250381,-0.366628,-17.704722,-0.003847,14.697694,0.020859,0.004595,-4.837532,-0.136422,4.839455,96|97|98|99|100|101,0.5627
7296.267047,-0.371769,-17.711774,-0.003204,14.704654,0.020354,0.004581,-4.840661,-0.138712,4.842648,96|97|98|99|100|101,0.5624
7296.283714,-0.379424,-17.721608,-0.002969,14.718481,0.019901,0.004567,-4.849144,-0.142422,4.851235,96|97|98|99|100|101,0.5626
7296.300381,-0.379424,-17.721609,-0.002969,14.725940,0.020012,0.004584,-4.856603,-0.142534,4.858694,96|97|98|99|100|101,0.5619
7296.317047,-0.384774,-17.729204,-0.003187,14.733249,0.019715,0.004647,-4.859785,-0.145146,4.861953,96|97|98|99|100|101,0.5612
7296.333714,-0.385900,-17.745992,-0.002216,14.733249,0.019715,0.004647,-4.850662,-0.145762,4.852852,96|97|98|99|100|101,0.5617
7296.350381,-0.385901,-17.745993,-0.002214,14.746927,0.019593,0.004705,-4.864339,-0.145641,4.866519,96|97|98|99|100|101,0.5631
7296.367047,-0.393806,-17.764408,-0.002041,14.746927,0.019593,0.004705,-4.854333,-0.149942,4.856648,96|97|98|99|100|101,0.5638
7296.400381,-0.393900,-17.771751,-0.002377,14.760885,0.020411,0.004520,-4.864300,-0.150812,4.866637,96|97|98|99|100|101,0.5635
7296.417047,-0.393899,-17.771751,-0.002378,14.775733,0.020292,0.004439,-4.879149,-0.150693,4.881475,96|97|98|99|100|101,0.5624
7296.433714,-0.382335,-17.799722,-0.003475,14.775733,0.020292,0.004439,-4.863944,-0.144415,4.866088,96|97|98|99|100|101,0.5629
7296.450381,-0.382336,-17.799724,-0.003474,14.789878,0.020128,0.004463,-4.878088,-0.144251,4.880221,96|97|98|99|100|101,0.5638
7296.467047,-0.385873,-17.809981,-0.003237,14.796831,0.020329,0.004181,-4.879467,-0.146377,4.881662,96|97|98|99|100|101,0.5632
7296.483714,-0.389320,-17.819832,-0.003106,14.804378,0.020371,0.004214,-4.881662,-0.148295,4.883913,96|97|98|99|100|101,0.5635
7296.500381,-0.385636,-17.832188,-0.003321,14.811698,0.020292,0.004256,-4.882266,-0.146217,4.884455,96|97|98|99|100|101,0.5619
7296.517047,-0.385635,-17.832188,-0.003320,14.819032,0.020208,0.004280,-4.889599,-0.146133,4.891783,96|97|98|99|100|101,0.5623
7296.533714,-0.385791,-17.845599,-0.003221,14.826007,0.020582,0.004304,-4.889286,-0.146595,4.891483,96|97|98|99|100|101,0.5636
7296.550381,-0.389240,-17.865848,-0.003065,14.826007,0.020582,0.004304,-4.878282,-0.148474,4.880541,96|97|98|99|100|101,0.5627
7296.567047,-0.384308,-17.868946,-0.003510,14.839862,0.021671,0.003987,-4.890452,-0.146884,4.892658,96|97|98|99|100|101,0.5632
7296.583714,-0.378605,-17.871142,-0.003507,14.839862,0.021671,0.003987,-4.889257,-0.143784,4.891371,96|97|98|99|100|101,0.5628
7296.600381,-0.378605,-17.871142,-0.003506,14.855167,0.021635,0.004045,-4.904562,-0.143749,4.906668,96|97|98|99|100|101,0.5623
7296.617047,-0.365685,-17.899463,-0.003426,14.862401,0.021535,0.004036,-4.896401,-0.136634,4.898307,96|97|98|99|100|101,0.5639
7296.633714,-0.370384,-17.909728,-0.003409,14.869520,0.021676,0.004028,-4.897942,-0.139332,4.899923,96|97|98|99|100|101,0.5657
7296.650381,-0.370386,-17.909729,-0.003410,14.876590,0.021857,0.004015,-4.905012,-0.139513,4.906996,96|97|98|99|100|101,0.5648
7296.667047,-0.372637,-17.921168,-0.003841,14.883827,0.022125,0.004023,-4.906032,-0.141007,4.908058,96|97|98|99|100|101|102|103,0.5639
7296.700381,-0.366191,-17.945203,-0.004470,14.891120,0.021892,0.004036,-4.900262,-0.137278,4.902184,98|99|100|101|102|103,0.5635
7296.717047,-0.366191,-17.945205,-0.004471,14.898418,0.021643,0.004056,-4.907558,-0.137029,4.909471,98|99|100|101|102|103,0.5633
7296.733714,-0.373929,-17.964849,-0.004358,14.912742,0.021685,0.004101,-4.911208,-0.141281,4.913240,98|99|100|101|102|103,0.5633
7296.750381,-0.373931,-17.964850,-0.004357,14.912742,0.021685,0.004101,-4.911208,-0.141282,4.913239,98|99|100|101|102|103,0.5641
7296.767047,-0.374796,-17.971900,-0.004518,14.927108,0.022736,0.003939,-4.921742,-0.142805,4.923814,98|99|100|101|102|103,0.5640
7296.783714,-0.362907,-17.992359,-0.004494,14.934251,0.022432,0.003884,-4.917763,-0.136045,4.919645,98|99|100|101|102|103,0.5623
7296.800381,-0.362908,-17.992359,-0.004493,14.941370,0.022090,0.003760,-4.924881,-0.135703,4.926751,98|99|100|101|102|103,0.5620
7296.817047,-0.364429,-18.009367,-0.004485,14.941370,0.022090,0.003760,-4.915639,-0.136534,4.917534,98|99|100|101|102|103,0.5626
7296.833714,-0.369778,-18.019002,-0.004948,14.948551,0.021851,0.003773,-4.917585,-0.139205,4.919555,98|99|100|101|102|103,0.5619
7296.867047,-0.369346,-18.038444,-0.004926,14.969711,0.021524,0.004123,-4.928179,-0.138648,4.930128,98|99|100|101|102|103,0.5604
7296.883714,-0.370833,-18.043465,-0.005258,14.969711,0.021524,0.004123,-4.925450,-0.139457,4.927424,98|99|100|101|102|103,0.5623
7296.900381,-0.379407,-18.053087,-0.004330,14.976764,0.021162,0.004170,-4.927276,-0.143757,4.929373,98|99|100|101|102|103,0.5644
7296.917047,-0.384788,-18.059325,-0.004006,14.983716,0.020972,0.004192,-4.930840,-0.146493,4.933015,98|99|100|101|102|103,0.5661
7296.933714,-0.384789,-18.059327,-0.004006,14.990486,0.021036,0.004007,-4.937608,-0.146558,4.939782,98|99|100|101|102|103,0.5660
7296.950381,-0.388027,-18.062702,-0.003736,14.997959,0.021807,0.003251,-4.943247,-0.149090,4.945495,98|99|100|101|102|103,0.5649
7296.967047,-0.373871,-18.090815,-0.004920,15.005031,0.022192,0.004727,-4.935037,-0.141789,4.937073,98|99|100|101|102|103,0.5632
7296.983714,-0.373990,-18.096794,-0.003492,15.012311,0.022122,0.005730,-4.939068,-0.141785,4.941103,98|99|100|101|102|103,0.5641
7297.000381,-0.373990,-18.096793,-0.003491,15.026565,0.021845,0.006073,-4.953322,-0.141507,4.955343,98|99|100|101|102|103,0.5658
7297.017047,-0.377828,-18.106764,-0.003338,15.033544,0.021987,0.006109,-4.954883,-0.143738,4.956968,98|99|100|101|102|103,0.5639
7297.033714,-0.383152,-18.122529,-0.002383,15.033544,0.021987,0.006109,-4.946317,-0.146636,4.948490,98|99|100|101|102|103,0.5643
7297.050381,-0.381714,-18.126980,-0.001617,15.048248,0.022381,0.006180,-4.958601,-0.146249,4.960757,98|99|100|101|102|103,0.5637
7297.083714,-0.377643,-18.151078,-0.001747,15.062389,0.022110,0.006124,-4.959644,-0.143772,4.961728,98|99|100|101|102|103,0.5629
7297.100381,-0.377643,-18.151078,-0.001747,15.062389,0.022110,0.006124,-4.959644,-0.143772,4.961728,98|99|100|101|102|103,0.5642
7297.133714,-0.383188,-18.173250,-0.002233,15.083459,0.023055,0.006030,-4.968666,-0.147735,4.970862,98|99|100|101|102|103,0.5637
7297.150381,-0.374929,-18.186562,-0.002162,15.090515,0.022775,0.005862,-4.968485,-0.142970,4.970541,98|99|100|101|102|103,0.5634
7297.183714,-0.376479,-18.205103,-0.002606,15.097631,0.022500,0.005859,-4.965525,-0.143543,4.967599,98|99|100|101|102|103|104,0.5629
7297.200381,-0.376486,-18.205123,-0.002611,15.104564,0.022528,0.005839,-4.972447,-0.143575,4.974519,98|99|100|101|102|103|104,0.5552
7297.217047,-0.380860,-18.213375,-0.002754,15.111370,0.022566,0.005672,-4.974769,-0.145992,4.976910,98|99|100|101|102|103|104,0.5549
7297.233714,-0.381132,-18.216948,-0.002541,15.118761,0.023229,0.005457,-4.980218,-0.146804,4.982381,99|100|101|102|103|104,0.5641
7297.250381,-0.372854,-18.239325,-0.003578,15.125928,0.022923,0.005566,-4.975222,-0.142004,4.977248,99|100|101|102|103|104,0.5635
7297.267047,-0.377393,-18.249013,-0.002859,15.133068,0.022631,0.005582,-4.977097,-0.144181,4.979185,99|100|101|102|103|104,0.5642
7297.283714,-0.377392,-18.249010,-0.002858,15.146736,0.022492,0.005497,-4.990767,-0.144042,4.992845,99|100|101|102|103|104,0.5648
7297.317047,-0.382296,-18.258507,-0.002513,15.161115,0.023729,0.005228,-4.999986,-0.147947,5.002175,99|100|101|102|103|104,0.5639
7297.350381,-0.367760,-18.298897,-0.001936,15.167715,0.023487,0.005128,-4.984631,-0.139815,4.986592,99|100|101|102|103|104,0.5619
7297.367047,-0.367763,-18.298900,-0.001937,15.181673,0.022515,0.005099,-4.998588,-0.138845,5.000516,99|100|101|102|103|104,0.5636
7297.383714,-0.371880,-18.301243,-0.002008,15.188560,0.022350,0.005092,-5.004202,-0.140917,5.006186,99|100|101|102|103|104,0.5643
7297.400381,-0.380222,-18.310448,-0.002498,15.195880,0.022548,0.004655,-5.006522,-0.145652,5.008641,99|100|101|102|103|104,0.5640
7297.417047,-0.389903,-18.321937,-0.002282,15.195880,0.022548,0.004655,-5.000281,-0.150916,5.002558,99|100|101|102|103|104,0.5636
7297.433714,-0.389902,-18.321935,-0.002283,15.210340,0.022040,0.004652,-5.014742,-0.150408,5.016997,99|100|101|102|103|104,0.5632
7297.450381,-0.386679,-18.335463,-0.003169,15.216999,0.022045,0.004651,-5.014047,-0.148664,5.016251,99|100|101|102|103|104,0.5636
7297.500381,-0.396576,-18.361659,-0.003520,15.230875,0.022588,0.004404,-5.013689,-0.154593,5.016072,99|100|101|102|103|104,0.5648
7297.517047,-0.388579,-18.373148,-0.003972,15.238586,0.023033,0.004327,-5.015154,-0.150694,5.017418,99|100|101|102|103|104,0.5645
7297.533714,-0.388578,-18.373146,-0.003971,15.252962,0.022530,0.004151,-5.029531,-0.150191,5.031773,99|100|101|102|103|104,0.5634
7297.550381,-0.383754,-18.389412,-0.004073,15.259975,0.022612,0.004153,-5.027703,-0.147655,5.029870,99|100|101|102|103|104,0.5648
7297.567047,-0.392385,-18.409236,-0.004402,15.259975,0.022612,0.004153,-5.016931,-0.152351,5.019244,99|100|101|102|103|104,0.5644
7297.583714,-0.392387,-18.409239,-0.004402,15.266994,0.022665,0.004161,-5.023948,-0.152405,5.026259,99|100|101|102|103|104,0.5639
7297.600381,-0.391503,-18.414871,-0.003987,15.281793,0.022838,0.004214,-5.035686,-0.152099,5.037983,99|100|101|102|103|104,0.5629
7297.617047,-0.388172,-18.434878,-0.004309,15.281793,0.022838,0.004214,-5.024812,-0.150294,5.027060,99|100|101|102|103|104,0.5621
7297.633714,-0.388171,-18.434878,-0.004306,15.296077,0.023042,0.004292,-5.039096,-0.150497,5.041343,99|100|101|102|103|104,0.5621
7297.650381,-0.391549,-18.454663,-0.004118,15.296077,0.023042,0.004292,-5.028344,-0.152338,5.030651,99|100|101|102|103|104,0.5623
7297.667047,-0.387843,-18.458484,-0.004157,15.303007,0.023431,0.004294,-5.033196,-0.150714,5.035452,99|100|101|102|103|104,0.5619
7297.700381,-0.387844,-18.458486,-0.004158,15.325609,0.023974,0.004081,-5.055797,-0.151258,5.058059,99|100|101|102|103|104,0.5616
7297.717047,-0.369124,-18.488714,-0.006412,15.325609,0.023974,0.004081,-5.039364,-0.141092,5.041339,99|100|101|102|103|104|105|106,0.5520
7297.733714,-0.377114,-18.503311,-0.005636,15.333015,0.023918,0.004288,-5.038839,-0.145381,5.040936,101|102|103|104|105|106,0.5642
7297.750381,-0.377375,-18.511631,-0.005254,15.340017,0.024143,0.004279,-5.041320,-0.145750,5.043426,101|102|103|104|105|106,0.5642
7297.767047,-0.377376,-18.511632,-0.005255,15.347118,0.024298,0.004270,-5.048420,-0.145906,5.050528,101|102|103|104|105|106,0.5655
7297.783714,-0.372906,-18.525000,-0.005435,15.361640,0.024406,0.004257,-5.055676,-0.143587,5.057715,101|102|103|104|105|106,0.5641
7297.800381,-0.368460,-18.535589,-0.005463,15.368883,0.024179,0.004274,-5.057162,-0.140948,5.059126,101|102|103|104|105|106,0.5643
7297.817047,-0.372293,-18.545248,-0.005543,15.368883,0.024179,0.004274,-5.051914,-0.143033,5.053938,101|102|103|104|105|106,0.5651
7297.833714,-0.375981,-18.554887,-0.005619,15.376089,0.024079,0.004330,-5.053882,-0.144940,5.055960,101|102|103|104|105|106,0.5650
7297.850381,-0.377462,-18.562522,-0.005530,15.390487,0.024748,0.004194,-5.064132,-0.146415,5.066248,101|102|103|104|105|106,0.5653
7297.867047,-0.377061,-18.568002,-0.005658,15.390487,0.024748,0.004194,-5.061153,-0.146199,5.063264,101|102|103|104|105|106,0.5655
7297.883714,-0.368045,-18.580871,-0.005724,15.397653,0.025206,0.004244,-5.061323,-0.141759,5.063308,101|102|103|104|105|106,0.5634
7297.900381,-0.362241,-18.590508,-0.005721,15.411937,0.024670,0.004016,-5.070368,-0.138072,5.072248,101|102|103|104|105|106,0.5624
7297.917047,-0.366166,-18.599820,-0.006317,15.411937,0.024670,0.004016,-5.065308,-0.140208,5.067248,101|102|103|104|105|106,0.5619
7297.933714,-0.366162,-18.599818,-0.006309,15.426281,0.024530,0.003994,-5.079653,-0.140065,5.081583,101|102|103|104|105|106,0.5631
7297.950381,-0.371285,-18.609400,-0.006698,15.433273,0.024562,0.004085,-5.081439,-0.142883,5.083447,101|102|103|104|105|106,0.5620
7297.983714,-0.373888,-18.634611,-0.005670,15.447443,0.023774,0.004493,-5.081907,-0.143517,5.083933,101|102|103|104|105|106,0.5614
7298.000381,-0.381281,-18.643209,-0.005526,15.447443,0.023774,0.004493,-5.077237,-0.147537,5.079380,101|102|103|104|105|106,0.5615
7298.017047,-0.386663,-18.650371,-0.005756,15.461147,0.023536,0.004646,-5.087050,-0.150226,5.089268,101|102|103|104|105|106,0.5619
7298.033714,-0.386664,-18.650371,-0.005758,15.468639,0.024345,0.003993,-5.094542,-0.151036,5.096780,101|102|103|104|105|106,0.5638
7298.050381,-0.389626,-18.654147,-0.005792,15.475696,0.024449,0.003972,-5.099547,-0.152751,5.101835,101|102|103|104|105|106,0.5648
7298.067047,-0.391062,-18.658892,-0.005643,15.482757,0.024183,0.003974,-5.104030,-0.153265,5.106331,101|102|103|104|105|106,0.5630
7298.100381,-0.377800,-18.679845,-0.006651,15.489822,0.023908,0.003978,-5.099704,-0.145788,5.101787,101|102|103|104|105|106,0.5636
7298.133714,-0.386959,-18.713341,-0.005832,15.503770,0.023923,0.004137,-5.095450,-0.150790,5.097681,101|102|103|104|105|106,0.5631
7298.150381,-0.385606,-18.717527,-0.005560,15.510904,0.024415,0.003700,-5.100309,-0.150548,5.102530,101|102|103|104|105|106,0.5617
7298.167047,-0.385605,-18.717526,-0.005557,15.525548,0.023839,0.003789,-5.114954,-0.149971,5.117152,101|102|103|104|105|106,0.5613
7298.183714,-0.378269,-18.731079,-0.005955,15.532255,0.023823,0.003713,-5.114292,-0.145971,5.116375,101|102|103|104|105|106,0.5610
7298.200381,-0.383648,-18.742926,-0.006221,15.532255,0.023823,0.003713,-5.107855,-0.148897,5.110025,101|102|103|104|105|106|107,0.5598
7298.217047,-0.387426,-18.751207,-0.006257,15.545967,0.024301,0.003452,-5.117067,-0.151431,5.119308,101|102|103|104|105|106|107,0.5639
7298.233714,-0.388062,-18.755727,-0.007022,15.553318,0.024763,0.003440,-5.121962,-0.152240,5.124224,101|102|103|104|105|106|107,0.5650
7298.250381,-0.390033,-18.760544,-0.007446,15.560379,0.024472,0.003260,-5.126406,-0.153021,5.128689,102|103|104|105|106|107,0.5639
7298.267047,-0.376923,-18.785025,-0.007607,15.560379,0.024472,0.003260,-5.113097,-0.145902,5.115179,102|103|104|105|106|107,0.5629
7298.283714,-0.381221,-18.794606,-0.007927,15.567483,0.024198,0.003237,-5.114996,-0.147967,5.117136,102|103|104|105|106|107,0.5637
7298.317047,-0.384906,-18.807847,-0.007907,15.588834,0.024777,0.003379,-5.129152,-0.150552,5.131361,102|103|104|105|106|107,0.5640
7298.333714,-0.384906,-18.807850,-0.007909,15.596502,0.024244,0.003438,-5.136818,-0.150018,5.139008,102|103|104|105|106|107,0.5642
7298.350381,-0.378898,-18.826079,-0.007563,15.596502,0.024244,0.003438,-5.126909,-0.146758,5.129009,102|103|104|105|106|107,0.5622
7298.367047,-0.378896,-18.826078,-0.007562,15.610565,0.024070,0.003601,-5.140973,-0.146583,5.143062,102|103|104|105|106|107,0.5638
7298.383714,-0.390966,-18.853334,-0.006913,15.610565,0.024070,0.003601,-5.126163,-0.153150,5.128450,102|103|104|105|106|107,0.5637
7298.400381,-0.390968,-18.853335,-0.006914,15.624122,0.024259,0.003176,-5.139719,-0.153340,5.142006,102|103|104|105|106|107,0.5633
7298.417047,-0.389170,-18.856554,-0.006275,15.631561,0.025083,0.003173,-5.145408,-0.153187,5.147688,102|103|104|105|106|107,0.5632
7298.433714,-0.386032,-18.871428,-0.007153,15.631561,0.025083,0.003173,-5.137324,-0.151486,5.139557,102|103|104|105|106|107,0.5614
7298.467047,-0.376614,-18.891693,-0.007394,15.645177,0.024493,0.003052,-5.139924,-0.145782,5.141991,102|103|104|105|106|107,0.5614
7298.483714,-0.383882,-18.900571,-0.007128,15.652130,0.023982,0.003092,-5.142054,-0.149224,5.144218,102|103|104|105|106|107,0.5614
7298.500381,-0.391259,-18.909610,-0.007303,15.659048,0.023807,0.003092,-5.144061,-0.153060,5.146338,102|103|104|105|106|107,0.5603
7298.533714,-0.391263,-18.909609,-0.007310,15.680885,0.023329,0.002517,-5.165899,-0.152585,5.168152,102|103|104|105|106|107,0.5603
7298.550381,-0.401704,-18.940656,-0.007582,15.680885,0.023329,0.002517,-5.149028,-0.158267,5.151460,102|103|104|105|106|107,0.5614
7298.567047,-0.401705,-18.940656,-0.007585,15.687528,0.023450,0.002518,-5.155671,-0.158389,5.158104,102|103|104|105|106|107,0.5635
7298.583714,-0.401215,-18.945775,-0.007728,15.700883,0.023743,0.002558,-5.166244,-0.158416,5.168673,102|103|104|105|106|107,0.5646
7298.600381,-0.399771,-18.954705,-0.008162,15.700883,0.023743,0.002558,-5.161391,-0.157633,5.163797,102|103|104|105|106|107,0.5649
7298.617047,-0.396295,-18.962142,-0.007942,15.708622,0.024305,0.002530,-5.165086,-0.156308,5.167451,102|103|104|105|106|107,0.5638
7298.633714,-0.389659,-18.979100,-0.008421,15.715745,0.024080,0.002423,-5.162992,-0.152482,5.165243,102|103|104|105|106|107,0.5644
7298.650381,-0.389659,-18.979100,-0.008422,15.729965,0.023844,0.002408,-5.177211,-0.152246,5.179450,102|103|104|105|106|107,0.5653
7298.667047,-0.393453,-18.989003,-0.008751,15.736959,0.023845,0.002423,-5.178824,-0.154310,5.181123,102|103|104|105|106|107,0.5652
7298.683714,-0.397078,-18.998521,-0.008640,15.744512,0.024112,0.002422,-5.181205,-0.156550,5.183570,102|103|104|105|106|107,0.5650
7298.700381,-0.397303,-19.004178,-0.008404,15.744512,0.024112,0.002422,-5.178131,-0.156675,5.180501,102|103|104|105|106|107,0.5644
7298.717047,-0.397650,-19.009319,-0.008471,15.758970,0.023976,0.002494,-5.189795,-0.156728,5.192161,102|103|104|105|106|107,0.5636
7298.733714,-0.395576,-19.034337,-0.008236,15.766042,0.024212,0.002531,-5.183270,-0.155843,5.185613,102|103|104|105|106|107|108|109,0.5646
7298.767047,-0.393582,-19.049479,-0.008738,15.772981,0.024591,0.002528,-5.181979,-0.155142,5.184301,104|105|106|107|108|109,0.5653
7298.783714,-0.388578,-19.051690,-0.008479,15.779897,0.024970,0.002508,-5.187693,-0.152802,5.189942,104|105|106|107|108|109,0.5654
7298.800381,-0.383474,-19.054322,-0.008600,15.795352,0.025150,0.002725,-5.201716,-0.150209,5.203884,104|105|106|107|108|109,0.5653
7298.817047,-0.377201,-19.073187,-0.008305,15.795352,0.025150,0.002725,-5.191462,-0.146804,5.193537,104|105|106|107|108|109,0.5640
7298.833714,-0.377199,-19.073186,-0.008297,15.802705,0.025042,0.003058,-5.198815,-0.146695,5.200884,104|105|106|107|108|109,0.5640
7298.850381,-0.382254,-19.092681,-0.008713,15.816791,0.025391,0.003042,-5.202307,-0.149796,5.204463,104|105|106|107|108|109,0.5645
7298.883714,-0.378330,-19.114440,-0.008348,15.831237,0.025573,0.003099,-5.204927,-0.147852,5.207026,104|105|106|107|108|109,0.5641
7298.900381,-0.378332,-19.114439,-0.008349,15.838497,0.025355,0.003126,-5.212187,-0.147634,5.214277,104|105|106|107|108|109,0.5637
7298.933714,-0.373815,-19.124313,-0.007938,15.852859,0.025261,0.003199,-5.221182,-0.145087,5.223197,104|105|106|107|108|109,0.5626
7298.950381,-0.382504,-19.151539,-0.008118,15.859977,0.025664,0.003099,-5.213505,-0.150220,5.215669,104|105|106|107|108|109,0.5631
7298.967047,-0.382285,-19.157779,-0.008346,15.859977,0.025664,0.003099,-5.210114,-0.150103,5.212276,104|105|106|107|108|109,0.5636
7298.983714,-0.376273,-19.168620,-0.008495,15.867303,0.026273,0.003162,-5.211546,-0.147447,5.213632,104|105|106|107|108|109,0.5631
7299.000381,-0.376276,-19.168618,-0.008491,15.881490,0.025847,0.002908,-5.225735,-0.147023,5.227802,104|105|106|107|108|109,0.5634
7299.017047,-0.370841,-19.188054,-0.008677,15.888608,0.025523,0.002833,-5.222288,-0.143750,5.224267,104|105|106|107|108|109,0.5645
7299.033714,-0.375511,-19.197902,-0.009177,15.888608,0.025523,0.002833,-5.216937,-0.146291,5.218988,104|105|106|107|108|109,0.5645
7299.050381,-0.375509,-19.197903,-0.009178,15.902700,0.025730,0.002840,-5.231028,-0.146496,5.233079,104|105|106|107|108|109,0.5632
7299.083714,-0.377930,-19.222807,-0.009739,15.909723,0.025242,0.002921,-5.224517,-0.147331,5.226594,104|105|106|107|108|109,0.5626
7299.100381,-0.377932,-19.222804,-0.009740,15.923305,0.024724,0.003067,-5.238101,-0.146813,5.240158,104|105|106|107|108|109,0.5623
7299.133714,-0.393231,-19.243454,-0.009045,15.929910,0.024588,0.003106,-5.233487,-0.154997,5.235782,104|105|106|107|108|109,0.5646
7299.150381,-0.395692,-19.247920,-0.008879,15.936904,0.025163,0.002521,-5.238055,-0.156910,5.240404,104|105|106|107|108|109,0.5646
7299.167047,-0.386173,-19.262009,-0.010141,15.951316,0.025273,0.002504,-5.244807,-0.151851,5.247005,104|105|106|107|108|109,0.5637
7299.183714,-0.386175,-19.262006,-0.010140,15.951316,0.025273,0.002504,-5.244809,-0.151852,5.247007,104|105|106|107|108|109,0.5632
7299.200381,-0.386403,-19.284269,-0.010046,15.958438,0.025011,0.002508,-5.239831,-0.151719,5.242028,104|105|106|107|108|109,0.5636
7299.217047,-0.386403,-19.284271,-0.010048,15.965539,0.024836,0.002572,-5.246932,-0.151545,5.249120,104|105|106|107|108|109,0.5636
7299.233714,-0.392632,-19.301686,-0.010319,15.972545,0.024935,0.002613,-5.244474,-0.155033,5.246765,104|105|106|107|108|109|110,0.5626
7299.267047,-0.392648,-19.301678,-0.010367,15.994159,0.024846,0.001676,-5.266092,-0.154953,5.268371,104|105|106|107|108|109|110,0.5558
7299.283714,-0.383895,-19.317323,-0.010767,16.000942,0.024829,0.001605,-5.264370,-0.150183,5.266512,105|106|107|108|109|110,0.5624
7299.300381,-0.389620,-19.329744,-0.011573,16.007635,0.024788,0.001502,-5.264314,-0.153256,5.266544,105|106|107|108|109|110,0.5629
7299.317047,-0.393930,-19.344164,-0.011361,16.007635,0.024788,0.001502,-5.256478,-0.155602,5.258780,105|106|107|108|109|110,0.5638
7299.333714,-0.393929,-19.344167,-0.011361,16.022062,0.025665,0.001460,-5.270904,-0.156479,5.273226,105|106|107|108|109|110,0.5633
7299.350381,-0.395207,-19.349903,-0.011091,16.029041,0.025437,0.001336,-5.274766,-0.156947,5.277100,105|106|107|108|109|110,0.5629
7299.367047,-0.390972,-19.360115,-0.010730,16.036150,0.025163,0.001330,-5.276323,-0.154374,5.278581,105|106|107|108|109|110,0.5627
7299.383714,-0.383084,-19.373377,-0.010843,16.043205,0.025130,0.001327,-5.276169,-0.150057,5.278302,105|106|107|108|109|110,0.5630
7299.400381,-0.386451,-19.381711,-0.010853,16.050203,0.025148,0.001314,-5.278638,-0.151908,5.280824,105|106|107|108|109|110,0.5625
7299.417047,-0.390511,-19.390583,-0.011087,16.057493,0.025585,0.001201,-5.281107,-0.154553,5.283368,105|106|107|108|109|110,0.5630
7299.433714,-0.390944,-19.399440,-0.011289,16.057493,0.025585,0.001201,-5.276294,-0.154791,5.278564,105|106|107|108|109|110,0.5624
7299.450381,-0.384842,-19.411410,-0.011161,16.065309,0.025084,0.001344,-5.277604,-0.150976,5.279763,105|106|107|108|109|110,0.5633
7299.467047,-0.392582,-19.430307,-0.010489,16.072666,0.024733,0.001488,-5.274692,-0.154837,5.276964,105|106|107|108|109|110,0.5633
7299.483714,-0.396608,-19.440464,-0.010598,16.079402,0.024841,0.001512,-5.275910,-0.157136,5.278249,105|106|107|108|109|110,0.5644
7299.500381,-0.396607,-19.440467,-0.010598,16.092884,0.024816,0.001267,-5.289389,-0.157109,5.291722,105|106|107|108|109|110,0.5654
7299.533714,-0.395351,-19.444223,-0.010673,16.107181,0.025651,0.001173,-5.301645,-0.157263,5.303977,105|106|107|108|109|110,0.5652
7299.567047,-0.383857,-19.480502,-0.011119,16.113945,0.025274,0.001150,-5.288688,-0.150648,5.290834,105|106|107|108|109|110,0.5639
7299.583714,-0.389358,-19.487528,-0.010851,16.120866,0.024750,0.001167,-5.291793,-0.153116,5.294008,105|106|107|108|109|110,0.5638
7299.600381,-0.389357,-19.487530,-0.010851,16.134639,0.024554,0.000686,-5.305565,-0.152920,5.307769,105|106|107|108|109|110,0.5628
7299.617047,-0.400022,-19.501826,-0.010846,16.142196,0.024258,0.000460,-5.305355,-0.158423,5.307720,105|106|107|108|109|110,0.5636
7299.633714,-0.398592,-19.510313,-0.011326,16.142196,0.024258,0.000460,-5.300742,-0.157648,5.303086,105|106|107|108|109|110,0.5639
7299.650381,-0.403613,-19.523395,-0.011752,16.156013,0.024066,0.000420,-5.307450,-0.160188,5.309867,105|106|107|108|109|110,0.5648
7299.667047,-0.406302,-19.531009,-0.012126,16.162551,0.024047,0.000417,-5.309852,-0.161632,5.312311,105|106|107|108|109|110,0.5661
7299.683714,-0.406881,-19.536129,-0.012148,16.169338,0.024170,0.000453,-5.313855,-0.162072,5.316326,105|106|107|108|109|110,0.5668
7299.733714,-0.396481,-19.566576,-0.012547,16.191539,0.024442,0.000309,-5.319507,-0.156699,5.321814,105|106|107|108|109|110,0.5644
7299.750381,-0.386502,-17.368805,-0.010895,16.198587,0.024416,0.000309,-6.520993,-0.150695,6.522734,11|105|106|107|108|109|110|112,0.5605
7299.767047,-0.386062,-17.299326,-0.010847,16.198587,0.024416,0.000309,-6.558753,-0.150438,6.560478,11|105|106|107|108|109|110|112,0.5638
7299.783714,-0.389508,-17.259194,-0.010439,16.205593,0.024385,0.000314,-6.587571,-0.152270,6.589330,11|105|106|107|108|109|110|112,0.5527
7299.800381,-0.385499,-16.554382,-0.009562,16.213110,0.024627,0.000310,-6.978136,-0.150155,6.979752,11|107|108|109|110|112,0.5636
7299.817047,-0.381888,-16.562194,-0.010136,16.220367,0.024564,0.000346,-6.981148,-0.148131,6.982719,11|107|108|109|110|112,0.5636
7299.833714,-0.381973,-16.575715,-0.010146,16.234777,0.024678,0.000422,-6.988209,-0.148295,6.989782,11|107|108|109|110|112,0.5644
7299.850381,-0.384359,-16.596778,-0.009641,16.234777,0.024678,0.000422,-6.976762,-0.149597,6.978366,11|107|108|109|110|112,0.5635
7299.867047,-0.381848,-16.601588,-0.009556,16.248693,0.025377,0.000400,-6.988063,-0.148932,6.989650,11|107|108|109|110|112,0.5626
7299.883714,-0.381802,-16.594193,-0.009550,16.256214,0.025882,0.000632,-6.999603,-0.149410,7.001198,11|107|108|109|110|112,0.5644
7299.900381,-0.376917,-16.593564,-0.009967,16.264106,0.025598,0.000712,-7.007837,-0.146472,7.009367,11|107|108|109|110|112,0.5657
7299.917047,-0.372144,-16.611896,-0.010212,16.271482,0.025463,0.001110,-7.005248,-0.143748,7.006723,11|107|108|109|110|112,0.5641
7299.950381,-0.365917,-16.622658,-0.009882,16.278476,0.025637,0.001214,-7.006392,-0.140540,7.007801,11|107|108|109|110|112,0.5631
7299.967047,-0.367700,-16.656398,-0.009019,16.292707,0.025973,0.001101,-7.002286,-0.141853,7.003723,11|107|108|109|110|112,0.5639
7299.983714,-0.367700,-16.656163,-0.009017,16.299922,0.025883,0.001166,-7.009629,-0.141763,7.011062,11|107|108|109|110|112,0.5644
7300.000381,-0.366597,-16.676068,-0.008861,16.307178,0.025666,0.001197,-7.006066,-0.140952,7.007484,11|107|108|109|110|112,0.5625
7300.017047,-0.364878,-16.700099,-0.008594,16.307178,0.025666,0.001197,-6.993006,-0.140024,6.994407,11|107|108|109|110|112,0.5626
7300.033714,-0.367945,-16.706416,-0.008557,16.321558,0.025498,0.001270,-7.003953,-0.141524,7.005383,11|107|108|109|110|112,0.5626
7300.050381,-0.367918,-16.701968,-0.008551,16.321558,0.025498,0.001270,-7.006370,-0.141508,7.007799,11|107|108|109|110|112,0.5630
7300.067047,-0.370375,-16.704819,-0.008314,16.328548,0.025709,0.001279,-7.011812,-0.143055,7.013271,11|107|108|109|110|112,0.5628
7300.083714,-0.367120,-16.724309,-0.008307,16.336006,0.026441,0.001375,-7.008676,-0.142023,7.010115,11|107|108|109|110|112,0.5625
7300.100381,-0.356940,-16.744925,-0.008824,16.342868,0.026393,0.001348,-7.004332,-0.136448,7.005661,11|107|108|109|110|112,0.5616
7300.117047,-0.356995,-16.753492,-0.008825,16.357019,0.025799,0.001032,-7.013827,-0.135886,7.015143,11|107|108|109|110|112,0.5629
7300.133714,-0.362980,-16.773939,-0.008630,16.364118,0.025573,0.001030,-7.009815,-0.138918,7.011191,11|107|108|109|110|112,0.5631
7300.167047,-0.362874,-16.757033,-0.008616,16.378225,0.025589,0.001337,-7.033110,-0.138872,7.034481,11|107|108|109|110|112,0.5611
7300.183714,-0.371028,-16.777117,-0.008822,16.378225,0.025589,0.001337,-7.022197,-0.143308,7.023659,11|107|108|109|110|112,0.5612
7300.200381,-0.366506,-16.786458,-0.008960,16.391828,0.025004,0.001541,-7.030722,-0.140269,7.032121,11|107|108|109|110|112,0.5618
7300.217047,-0.371949,-16.784517,-0.008712,16.391828,0.025004,0.001541,-7.031778,-0.143226,7.033237,11|107|108|109|110|112,0.5625
7300.233714,-0.377872,-16.783559,-0.008548,16.405412,0.025176,0.001199,-7.045885,-0.146616,7.047410,11|107|108|109|110|112,0.5643
7300.250381,-0.383605,-16.787019,-0.007984,16.405412,0.025176,0.001199,-7.044006,-0.149733,7.045597,11|107|108|109|110|112,0.5647
7300.267047,-0.383639,-16.792082,-0.007987,16.419742,0.025544,0.001245,-7.055584,-0.150121,7.057180,11|107|108|109|110|112,0.5647
7300.283714,-0.380363,-17.252634,-0.008369,16.419742,0.025544,0.001245,-6.805283,-0.148457,6.806902,11|107|108|109|110|112|113,0.5642
7300.300381,-0.371107,-17.214006,-0.009144,16.426704,0.025259,0.001256,-6.833236,-0.143132,6.834735,11|107|108|109|110|112|113,0.5546
7300.317047,-0.373025,-16.828420,-0.008365,16.440563,0.025027,0.001392,-7.056653,-0.143845,7.058119,11|108|109|110|112|113,0.5627
7300.350381,-0.377134,-16.820732,-0.008520,16.447488,0.025322,0.001113,-7.067758,-0.146371,7.069273,11|108|109|110|112|113,0.5620
7300.367047,-0.380620,-16.841049,-0.008437,16.461818,0.025155,0.001126,-7.071047,-0.148104,7.072598,11|108|109|110|112|113,0.5602
7300.383714,-0.373736,-16.870863,-0.008468,16.461818,0.025155,0.001126,-7.054842,-0.144370,7.056319,11|108|109|110|112|113,0.5611
7300.400381,-0.378693,-16.868540,-0.008561,16.475408,0.024925,0.001002,-7.069696,-0.146833,7.071220,11|108|109|110|112|113,0.5625
7300.417047,-0.378664,-16.864414,-0.008564,16.482311,0.025003,0.001014,-7.078840,-0.146894,7.080364,11|108|109|110|112|113,0.5638
7300.433714,-0.382242,-16.871276,-0.008760,16.482311,0.025003,0.001014,-7.075112,-0.148840,7.076677,11|108|109|110|112|113,0.5641
7300.450381,-0.380898,-16.877817,-0.008234,16.496685,0.025683,0.000998,-7.085930,-0.148793,7.087492,11|108|109|110|112|113,0.5633
7300.467047,-0.380916,-16.880077,-0.008242,16.503765,0.025377,0.000985,-7.091782,-0.148496,7.093337,11|108|109|110|112|113,0.5616
7300.483714,-0.371811,-16.911466,-0.008235,16.503765,0.025377,0.000985,-7.074721,-0.143556,7.076177,11|108|109|110|112|113,0.5629
7300.517047,-0.371852,-16.918554,-0.008232,16.524959,0.025558,0.000603,-7.092063,-0.143761,7.093520,11|108|109|110|112|113,0.5620
7300.550381,-0.373133,-16.954917,-0.008510,16.539657,0.025257,0.000687,-7.086999,-0.144166,7.088465,11|108|109|110|112|113,0.5614
7300.583714,-0.373105,-16.950803,-0.008507,16.553424,0.024883,0.000645,-7.103002,-0.143775,7.104457,11|108|109|110|112|113,0.5627
7300.600381,-0.377984,-16.967950,-0.008691,16.560152,0.024746,0.000536,-7.100411,-0.146294,7.101918,11|108|109|110|112|113,0.5625
7300.633714,-0.381582,-16.966401,-0.008423,16.574743,0.025774,0.000449,-7.115845,-0.149277,7.117411,11|108|109|110|112|113,0.5632
7300.650381,-0.374735,-17.023908,-0.008772,16.581365,0.025553,0.000385,-7.091212,-0.145350,7.092702,11|108|109|110|112|113,0.5609
7300.667047,-0.371360,-17.029163,-0.009021,16.581365,0.025553,0.000385,-7.088355,-0.143517,7.089808,11|108|109|110|112|113,0.5612
7300.683714,-0.371378,-17.032217,-0.009023,16.595157,0.024672,0.000377,-7.100488,-0.142646,7.101920,11|108|109|110|112|113,0.5613
7300.700381,-0.381971,-17.043014,-0.008716,16.595157,0.024672,0.000377,-7.094623,-0.148406,7.096175,11|108|109|110|112|113,0.5609
7300.733714,-0.388220,-17.041677,-0.009152,16.616563,0.024331,-0.000071,-7.116757,-0.151461,7.118368,11|108|109|110|112|113,0.5616
7300.750381,-0.388006,-17.065183,-0.009459,16.616563,0.024331,-0.000071,-7.103982,-0.151351,7.105594,11|108|109|110|112|113,0.5627
7300.767047,-0.392006,-17.085392,-0.009590,16.629926,0.024074,-0.000102,-7.106362,-0.153273,7.108015,11|108|109|110|112|113,0.5629
7300.783714,-0.393870,-17.075083,-0.009666,16.629926,0.024074,-0.000102,-7.111966,-0.154283,7.113639,11|108|109|110|112|113,0.5626
7300.800381,-0.400472,-17.789681,-0.009598,16.644659,0.025151,-0.000024,-6.738331,-0.159129,6.740210,11|108|109|110|112|113|114|115,0.5521
7300.817047,-0.401306,-17.832791,-0.009490,16.644659,0.025151,-0.000024,-6.714902,-0.159593,6.716798,11|108|109|110|112|113|114|115,0.5620
7300.833714,-0.381807,-17.120675,-0.008556,16.659318,0.024651,-0.000063,-7.116577,-0.148315,7.118122,11|110|112|113|114|115,0.5625
7300.850381,-0.381789,-17.118164,-0.008554,16.666431,0.024508,-0.000057,-7.125054,-0.148162,7.126594,11|110|112|113|114|115,0.5624
7300.883714,-0.391375,-17.138914,-0.008278,16.680862,0.024758,-0.000341,-7.128210,-0.153627,7.129865,11|110|112|113|114|115,0.5627
7300.900381,-0.391428,-17.147154,-0.008282,16.680862,0.024758,-0.000341,-7.123732,-0.153658,7.125389,11|110|112|113|114|115,0.5634
7300.917047,-0.387561,-17.173650,-0.008805,16.688346,0.024665,-0.000047,-7.116815,-0.151470,7.118427,11|110|112|113|114|115,0.5615
7300.933714,-0.389484,-17.175213,-0.008432,16.695694,0.024505,-0.000008,-7.123313,-0.152356,7.124942,11|110|112|113|114|115,0.5624
7300.967047,-0.389474,-17.173935,-0.008429,16.716774,0.025272,0.000004,-7.145088,-0.153117,7.146729,11|110|112|113|114|115,0.5628
7300.983714,-0.385240,-17.205149,-0.008413,16.716774,0.025272,0.000004,-7.128123,-0.150824,7.129718,11|110|112|113|114|115,0.5644
7301.000381,-0.385263,-17.208746,-0.008412,16.732320,0.025780,-0.000044,-7.141715,-0.151346,7.143318,11|110|112|113|114|115,0.5640
7301.017047,-0.370724,-17.222293,-0.008688,16.732320,0.025780,-0.000044,-7.134349,-0.143447,7.135791,11|110|112|113|114|115,0.5626
7301.033714,-0.370614,-17.205668,-0.008682,16.746826,0.025690,0.000269,-7.157889,-0.143293,7.159323,11|110|112|113|114|115,0.5625
7301.050381,-0.373879,-17.237353,-0.008814,16.753980,0.025721,0.000267,-7.147824,-0.145106,7.149297,11|110|112|113|114|115,0.5635
7301.067047,-0.374333,-17.258659,-0.008305,16.753980,0.025721,0.000267,-7.136245,-0.145358,7.137726,11|110|112|113|114|115,0.5664
7301.083714,-0.374372,-17.264351,-0.008309,16.768375,0.026042,0.000311,-7.147546,-0.145701,7.149031,11|110|112|113|114|115,0.5669
7301.100381,-0.373142,-17.277838,-0.008084,16.768375,0.026042,0.000311,-7.140216,-0.145036,7.141689,11|110|112|113|114|115,0.5654
7301.117047,-0.369929,-17.288820,-0.008116,16.775629,0.025796,0.000320,-7.141500,-0.143048,7.142933,11|110|112|113|114|115,0.5653
7301.133714,-0.373435,-17.305092,-0.008041,16.782875,0.025558,0.000343,-7.139904,-0.144719,7.141370,11|110|112|113|114|115,0.5644
7301.150381,-0.376647,-17.314274,-0.007922,16.796907,0.025507,0.000435,-7.148947,-0.146416,7.150446,11|110|112|113|114|115,0.5632
7301.167047,-0.376673,-17.318199,-0.007923,16.804552,0.026339,0.000519,-7.154459,-0.147263,7.155974,11|110|112|113|114|115,0.5631
7301.183714,-0.377352,-17.338880,-0.008242,16.804552,0.026339,0.000519,-7.143219,-0.147638,7.144745,11|110|112|113|114|115,0.5624
7301.200381,-0.365604,-17.366174,-0.008188,16.811498,0.026357,0.000544,-7.135329,-0.141277,7.136727,11|110|112|113|114|115,0.5613
7301.250381,-0.372602,-17.368843,-0.008325,16.840229,0.025729,0.000375,-7.162611,-0.144454,7.164067,11|110|112|113|114|115,0.5627
7301.267047,-0.377741,-17.373243,-0.008248,16.840229,0.025729,0.000375,-7.160220,-0.147248,7.161734,11|110|112|113|114|115,0.5613
7301.283714,-0.377240,-17.821203,-0.008565,16.847164,0.025395,0.000518,-6.923699,-0.146754,6.925254,11|110|112|113|114|115|116,0.5609
7301.317047,-0.384684,-17.831792,-0.008124,16.860250,0.025024,0.000685,-6.931032,-0.150431,6.932665,11|110|112|113|114|115|116,0.5632
7301.350381,-0.381334,-17.393870,-0.007227,16.880975,0.025754,0.000375,-7.189758,-0.149230,7.191306,11|112|113|114|115|116,0.5645
7301.367047,-0.389060,-17.400045,-0.006771,16.888044,0.025629,0.000575,-7.193472,-0.153306,7.195106,11|112|113|114|115|116,0.5628
7301.383714,-0.385598,-17.405867,-0.007312,16.895183,0.025343,0.000678,-7.197447,-0.151140,7.199033,11|112|113|114|115|116,0.5615
7301.400381,-0.376986,-17.441155,-0.006971,16.895183,0.025343,0.000678,-7.178266,-0.146468,7.179760,11|112|113|114|115|116,0.5634
7301.417047,-0.377107,-17.458903,-0.006981,16.902318,0.025050,0.000694,-7.175756,-0.146246,7.177246,11|112|113|114|115|116,0.5635
7301.433714,-0.381347,-17.454638,-0.006687,16.916317,0.025181,0.000674,-7.192073,-0.148679,7.193610,11|112|113|114|115|116,0.5633
7301.450381,-0.385692,-17.467970,-0.006840,16.923608,0.025601,0.000622,-7.192120,-0.151465,7.193715,11|112|113|114|115|116,0.5630
7301.467047,-0.385417,-17.481245,-0.006905,16.930690,0.025292,0.000618,-7.191988,-0.151010,7.193573,11|112|113|114|115|116,0.5611
7301.483714,-0.378097,-17.492663,-0.006877,16.930690,0.025292,0.000618,-7.185780,-0.147034,7.187284,11|112|113|114|115|116,0.5599
7301.500381,-0.378019,-17.481112,-0.006872,16.944381,0.025048,0.000495,-7.205749,-0.146744,7.207243,11|112|113|114|115|116,0.5626
7301.517047,-0.382493,-17.503106,-0.006777,16.951187,0.024924,0.000570,-7.200602,-0.149058,7.202145,11|112|113|114|115|116,0.5624
7301.533714,-0.386968,-17.519254,-0.007134,16.951187,0.024924,0.000570,-7.191827,-0.151495,7.193422,11|112|113|114|115|116,0.5620
7301.550381,-0.388494,-17.507899,-0.006899,16.958808,0.025673,0.000559,-7.205621,-0.153069,7.207246,11|112|113|114|115|116,0.5611
7301.583714,-0.377777,-17.531096,-0.007631,16.979745,0.025391,0.000296,-7.213947,-0.146969,7.215444,11|112|113|114|115|116,0.5617
7301.600381,-0.377788,-17.532696,-0.007630,16.979745,0.025391,0.000296,-7.213078,-0.146975,7.214575,11|112|113|114|115|116,0.5631
7301.617047,-0.380657,-17.552074,-0.007539,16.993722,0.025449,-0.000089,-7.216524,-0.148598,7.218054,11|112|113|114|115|116,0.5625
7301.633714,-0.382959,-17.563459,-0.007403,17.001451,0.025689,-0.000038,-7.218066,-0.150091,7.219626,11|112|113|114|115|116,0.5634
7301.650381,-0.380740,-17.568295,-0.007598,17.001451,0.025689,-0.000038,-7.215437,-0.148887,7.216973,11|112|113|114|115|116,0.5628
7301.667047,-0.380688,-17.560824,-0.007595,17.015573,0.025126,0.000015,-7.233620,-0.148293,7.235139,11|112|113|114|115|116,0.5620
7301.683714,-0.381995,-17.581606,-0.007596,17.022361,0.024950,-0.000023,-7.229113,-0.148833,7.230645,11|112|113|114|115|116,0.5638
7301.700381,-0.385237,-17.580462,-0.007435,17.022361,0.024950,-0.000023,-7.229736,-0.150595,7.231304,11|112|113|114|115|116,0.5641
7301.717047,-0.388047,-17.595720,-0.007636,17.036470,0.025404,-0.000292,-7.235553,-0.152580,7.237162,11|112|113|114|115|116,0.5642
7301.733714,-0.391281,-17.606162,-0.007405,17.036470,0.025404,-0.000292,-7.229879,-0.154340,7.231526,11|112|113|114|115|116,0.5632
7301.767047,-0.376526,-17.613322,-0.007842,17.050428,0.025528,-0.000336,-7.239942,-0.146446,7.241423,11|112|113|114|115|116,0.5619
7301.783714,-0.376529,-17.613926,-0.007842,17.057111,0.025163,-0.000342,-7.246297,-0.146084,7.247769,11|112|113|114|115|116,0.5631
7301.800381,-0.385742,-17.626488,-0.007833,17.064004,0.024740,-0.000299,-7.246365,-0.150671,7.247931,11|112|113|114|115|116,0.5636
7301.817047,-0.396059,-18.359862,-0.007827,17.078300,0.024733,-0.000621,-6.862091,-0.156456,6.863874,11|112|113|114|115|116|117|118,0.5523
7301.833714,-0.396363,-18.408297,-0.007841,17.085302,0.024514,-0.000657,-6.842769,-0.156414,6.844557,11|112|113|114|115|116|117|118,0.5621
7301.850381,-0.400298,-18.515665,-0.008492,17.092102,0.024329,-0.000683,-6.791218,-0.158395,6.793065,11|112|113|114|115|116|117|118,0.5549
7301.867047,-0.414655,-20.705497,-0.008729,17.092102,0.024329,-0.000683,-5.601096,-0.166751,5.603577,113|114|115|116|117|118,0.5654
7301.917047,-0.423512,-20.720890,-0.008053,17.113472,0.025068,-0.000614,-5.614102,-0.172307,5.616745,113|114|115|116|117|118,0.5671
7301.933714,-0.423516,-20.720888,-0.008052,17.128070,0.024785,-0.000787,-5.628702,-0.172027,5.631330,113|114|115|116|117|118,0.5645
7301.950381,-0.408383,-20.751888,-0.008500,17.135181,0.024587,-0.000769,-5.618961,-0.163612,5.621342,113|114|115|116|117|118,0.5652
7301.983714,-0.415270,-20.768423,-0.008554,17.149505,0.024665,-0.001107,-5.624300,-0.167437,5.626792,113|114|115|116|117|118,0.5642
7302.000381,-0.417171,-20.774736,-0.008700,17.149505,0.024665,-0.001107,-5.620869,-0.168471,5.623394,113|114|115|116|117|118,0.5639
7302.017047,-0.412719,-20.787503,-0.009369,17.156892,0.024735,-0.001171,-5.621317,-0.166125,5.623772,113|114|115|116|117|118,0.5628
7302.033714,-0.412719,-20.787503,-0.009370,17.164196,0.024592,-0.001170,-5.628621,-0.165983,5.631067,113|114|115|116|117|118,0.5648
7302.050381,-0.412223,-20.796813,-0.009299,17.178449,0.024859,-0.001164,-5.637814,-0.165982,5.640257,113|114|115|116|117|118,0.5631
7302.067047,-0.412918,-20.811157,-0.009192,17.185512,0.025043,-0.001194,-5.637082,-0.166547,5.639541,113|114|115|116|117|118,0.5631
7302.117048,-0.397161,-20.828901,-0.009765,17.200834,0.025977,-0.001534,-5.642756,-0.158923,5.644993,113|114|115|116|117|118,0.5634
7302.133714,-0.393826,-20.851545,-0.010195,17.207868,0.025692,-0.001467,-5.637483,-0.156830,5.639664,113|114|115|116|117|118,0.5629
7302.150381,-0.397808,-20.860862,-0.010418,17.214960,0.025581,-0.001307,-5.639512,-0.158886,5.641749,113|114|115|116|117|118,0.5622
7302.167048,-0.397808,-20.860862,-0.010416,17.229200,0.025419,-0.001309,-5.653752,-0.158725,5.655979,113|114|115|116|117|118,0.5648
7302.183714,-0.400049,-20.877026,-0.009864,17.229200,0.025419,-0.001309,-5.644967,-0.159947,5.647233,113|114|115|116|117|118,0.5651
7302.200381,-0.400050,-20.877027,-0.009864,17.243597,0.025770,-0.001092,-5.659364,-0.160297,5.661633,113|114|115|116|117|118,0.5649
7302.217048,-0.400848,-20.885823,-0.009122,17.250764,0.025468,-0.001025,-5.661752,-0.160431,5.664024,113|114|115|116|117|118,0.5645
7302.233714,-0.396662,-20.905152,-0.009315,17.250764,0.025468,-0.001025,-5.651245,-0.158161,5.653458,113|114|115|116|117|118,0.5653
7302.250381,-0.400578,-20.914188,-0.009113,17.257894,0.025309,-0.000968,-5.653465,-0.160133,5.655733,113|114|115|116|117|118,0.5655
7302.267048,-0.400578,-20.914189,-0.009115,17.272340,0.025831,-0.000976,-5.667911,-0.160655,5.670187,113|114|115|116|117|118,0.5639
7302.283714,-0.402695,-20.921611,-0.008609,17.272340,0.025831,-0.000976,-5.663878,-0.161807,5.666188,113|114|115|116|117|118,0.5620
7302.300381,-0.395272,-20.945818,-0.008697,17.279527,0.026053,-0.000896,-5.657907,-0.158001,5.660113,113|114|115|116|117|118,0.5607
7302.317048,-0.392002,-20.956567,-0.008742,17.286384,0.025868,-0.000897,-5.658921,-0.156042,5.661072,113|114|115|116|117|118|119,0.5592
7302.333714,-0.392002,-20.956565,-0.008747,17.300205,0.025332,-0.000889,-5.672743,-0.155506,5.674874,113|114|115|116|117|118|119,0.5616
7302.350381,-0.397525,-20.968226,-0.008982,17.300205,0.025332,-0.000889,-5.666407,-0.158510,5.668624,113|114|115|116|117|118|119,0.5602
7302.367048,-0.397518,-20.968223,-0.008980,17.307647,0.025401,-0.000879,-5.673851,-0.158575,5.676066,113|114|115|116|117|118|119,0.5517
7302.383714,-0.401473,-20.989645,-0.008972,17.314731,0.025512,-0.000701,-5.669293,-0.160841,5.671575,114|115|116|117|118|119,0.5612
7302.400381,-0.399899,-20.997288,-0.008789,17.321270,0.025253,-0.000597,-5.671678,-0.159729,5.673926,114|115|116|117|118|119,0.5609
7302.433714,-0.409569,-21.006052,-0.008479,17.334596,0.024410,-0.000476,-5.680243,-0.164144,5.682614,114|115|116|117|118|119,0.5651
7302.450381,-0.415973,-21.010808,-0.008239,17.341455,0.024460,-0.000759,-5.684519,-0.167675,5.686992,114|115|116|117|118|119,0.5655
7302.467048,-0.414068,-21.022041,-0.008232,17.348970,0.025210,-0.000795,-5.685929,-0.167393,5.688393,114|115|116|117|118|119,0.5640
7302.483714,-0.403530,-21.039802,-0.008958,17.356061,0.025395,-0.000744,-5.683365,-0.161855,5.685669,114|115|116|117|118|119,0.5622
7302.500381,-0.403530,-21.039803,-0.008956,17.369764,0.024714,-0.000598,-5.697067,-0.161174,5.699346,114|115|116|117|118|119,0.5637
7302.517048,-0.405350,-21.055126,-0.009162,17.376590,0.024518,-0.000544,-5.695566,-0.161970,5.697868,114|115|116|117|118|119,0.5648
7302.533714,-0.405350,-21.055125,-0.009159,17.383426,0.024468,-0.000667,-5.702402,-0.161921,5.704701,114|115|116|117|118|119,0.5648
7302.550381,-0.410782,-21.063469,-0.008252,17.390905,0.025356,-0.000570,-5.705348,-0.165764,5.707755,114|115|116|117|118|119,0.5653
7302.567048,-0.413185,-21.069154,-0.008317,17.397924,0.025306,0.000047,-5.709278,-0.167020,5.711720,114|115|116|117|118|119,0.5639
7302.583714,-0.400346,-21.091965,-0.008583,17.404930,0.025106,0.000035,-5.703883,-0.159849,5.706122,114|115|116|117|118|119,0.5630
7302.600381,-0.402879,-21.098433,-0.008075,17.411817,0.024918,-0.000044,-5.707256,-0.161039,5.709528,114|115|116|117|118|119,0.5651
7302.617048,-0.402881,-21.098436,-0.008079,17.418714,0.024708,-0.000069,-5.714151,-0.160830,5.716414,114|115|116|117|118|119,0.5660
7302.633714,-0.406082,-21.107296,-0.007976,17.425985,0.024932,-0.000064,-5.716608,-0.162796,5.718925,114|115|116|117|118|119,0.5652
7302.650381,-0.409099,-21.116174,-0.008371,17.425985,0.024932,-0.000064,-5.711783,-0.164438,5.714150,114|115|116|117|118|119,0.5648
7302.667048,-0.409012,-21.138024,-0.008535,17.433307,0.025192,-0.000055,-5.707231,-0.164657,5.709605,114|115|116|117|118|119,0.5621
7302.683714,-0.405323,-21.150993,-0.008414,17.446481,0.025054,-0.000112,-5.713355,-0.162517,5.715666,114|115|116|117|118|119,0.5612
7302.700381,-0.405327,-21.152995,-0.008457,17.446481,0.025054,-0.000112,-5.712267,-0.162520,5.714579,114|115|116|117|118|119,0.5612
7302.717048,-0.407377,-21.156453,-0.008483,17.459966,0.024796,-0.000219,-5.723874,-0.163376,5.726205,114|115|116|117|118|119,0.5616
7302.750381,-0.411008,-21.168493,-0.008771,17.467784,0.025783,-0.000167,-5.725149,-0.166340,5.727565,114|115|116|117|118|119,0.5614
7302.767048,-0.411009,-21.168492,-0.008769,17.481634,0.025079,0.000089,-5.738999,-0.165637,5.741388,114|115|116|117|118|119,0.5613
7302.783714,-0.397218,-21.187122,-0.008638,17.488422,0.024722,0.000113,-5.735659,-0.157789,5.737829,114|115|116|117|118|119,0.5629
7302.800381,-0.402297,-21.194776,-0.008524,17.488422,0.024722,0.000113,-5.731500,-0.160551,5.733748,114|115|116|117|118|119,0.5642
7302.817048,-0.407971,-21.202619,-0.008600,17.502485,0.024701,-0.000008,-5.741302,-0.163616,5.743633,114|115|116|117|118|119,0.5636
7302.833714,-0.418642,-21.216845,-0.008468,17.502485,0.024701,-0.000008,-5.733573,-0.169418,5.736076,114|115|116|117|118|119,0.5631
7302.850381,-0.412893,-21.233428,-0.008215,17.516920,0.025225,-0.000063,-5.738994,-0.166822,5.741418,114|115|116|117|118|119|120|121,0.5622
7302.867048,-0.412897,-21.233536,-0.008399,17.523408,0.024941,-0.000052,-5.745424,-0.166541,5.747837,115|116|117|118|119|120|121,0.5573
7302.883714,-0.407748,-21.249039,-0.008456,17.529832,0.024555,0.000022,-5.743421,-0.163360,5.745744,116|117|118|119|120|121,0.5601
7302.900381,-0.409478,-21.259496,-0.008504,17.529832,0.024555,0.000022,-5.737738,-0.164303,5.740090,116|117|118|119|120|121,0.5614
7302.917048,-0.409476,-21.259498,-0.008502,17.536603,0.024059,-0.000182,-5.744508,-0.163806,5.746843,116|117|118|119|120|121,0.5628
7302.933714,-0.415108,-21.262790,-0.008561,17.544040,0.024734,-0.000150,-5.750158,-0.167543,5.752598,116|117|118|119|120|121,0.5630
7302.950381,-0.421482,-21.269082,-0.008533,17.551147,0.025027,-0.000168,-5.753846,-0.171302,5.756396,116|117|118|119|120|121,0.5621
7302.967048,-0.411782,-21.281930,-0.008557,17.558160,0.024773,-0.000185,-5.753874,-0.165779,5.756262,116|117|118|119|120|121,0.5620
7303.000381,-0.408055,-21.291135,-0.008345,17.579050,0.024254,-0.000286,-5.769760,-0.163237,5.772069,116|117|118|119|120|121,0.5653
7303.017048,-0.419855,-21.315760,-0.008885,17.586536,0.024856,-0.000194,-5.763867,-0.170258,5.766381,116|117|118|119|120|121,0.5665
7303.033714,-0.419866,-21.327367,-0.008788,17.593353,0.024907,-0.000028,-5.764375,-0.170318,5.766891,116|117|118|119|120|121,0.5656
7303.050381,-0.419868,-21.327370,-0.008795,17.600439,0.024445,-0.000041,-5.771460,-0.169857,5.773958,116|117|118|119|120|121,0.5651
7303.067048,-0.411012,-21.339413,-0.008630,17.607406,0.023996,-0.000028,-5.771879,-0.164598,5.774226,116|117|118|119|120|121,0.5660
7303.100381,-0.424718,-21.358733,-0.008499,17.614723,0.024037,-0.000163,-5.768700,-0.172093,5.771266,116|117|118|119|120|121,0.5658
7303.117048,-0.424717,-21.358730,-0.008497,17.629331,0.024561,-0.000123,-5.783310,-0.172616,5.785885,116|117|118|119|120|121,0.5650
7303.133714,-0.423939,-21.372254,-0.008703,17.629331,0.024561,-0.000123,-5.775959,-0.172197,5.778525,116|117|118|119|120|121,0.5633
7303.150381,-0.416568,-21.390855,-0.008461,17.642728,0.024505,-0.000036,-5.779245,-0.168139,5.781691,116|117|118|119|120|121,0.5638
7303.167048,-0.416567,-21.390857,-0.008461,17.649444,0.024400,-0.000055,-5.785960,-0.168034,5.788399,116|117|118|119|120|121,0.5661
7303.183714,-0.416580,-21.393644,-0.008412,17.656620,0.024841,-0.000277,-5.791621,-0.168484,5.794071,116|117|118|119|120|121,0.5677
7303.200381,-0.417739,-21.397324,-0.008554,17.656620,0.024841,-0.000277,-5.789621,-0.169114,5.792091,116|117|118|119|120|121,0.5672
7303.217048,-0.412289,-21.411565,-0.009450,17.664537,0.026222,-0.000605,-5.789798,-0.167536,5.792221,116|117|118|119|120|121,0.5670
7303.233714,-0.412294,-21.411559,-0.009447,17.671728,0.026075,-0.000505,-5.796991,-0.167392,5.799408,116|117|118|119|120|121,0.5654
7303.250381,-0.393809,-21.442090,-0.009198,17.678821,0.025690,-0.000340,-5.787487,-0.156969,5.789615,116|117|118|119|120|121,0.5657
7303.267048,-0.393809,-21.442092,-0.009199,17.685911,0.025327,-0.000325,-5.794576,-0.156606,5.796692,116|117|118|119|120|121,0.5653
7303.300381,-0.409562,-21.469260,-0.008690,17.700649,0.025317,-0.000308,-5.794553,-0.165164,5.796906,116|117|118|119|120|121,0.5634
7303.317048,-0.404422,-21.484282,-0.008692,17.707475,0.026058,-0.000132,-5.793214,-0.163115,5.795510,116|117|118|119|120|121,0.5637
7303.350381,-0.404417,-21.484286,-0.008691,17.728075,0.024802,0.000298,-5.813811,-0.161856,5.816063,116|117|118|119|120|121,0.5644
7303.367048,-0.406775,-21.503804,-0.008432,17.735590,0.025281,0.000361,-5.810719,-0.163622,5.813022,116|117|118|119|120|121|122,0.5575
7303.383714,-0.412471,-21.511061,-0.008664,17.735590,0.025281,0.000361,-5.806776,-0.166719,5.809169,116|117|118|119|120|121|122,0.5662
7303.400381,-0.412464,-21.511069,-0.008669,17.742960,0.025659,0.000437,-5.814142,-0.167094,5.816543,116|117|118|119|120|121|122,0.5609
7303.417048,-0.400433,-21.540778,-0.008803,17.750038,0.025728,0.000547,-5.805071,-0.160631,5.807293,117|118|119|120|121|122,0.5629
7303.433714,-0.399793,-21.550135,-0.008560,17.756788,0.025365,0.000511,-5.806736,-0.159923,5.808937,117|118|119|120|121|122,0.5621
7303.450381,-0.399794,-21.550135,-0.008562,17.770803,0.025065,0.000499,-5.820751,-0.159623,5.822939,117|118|119|120|121|122,0.5618
7303.467048,-0.410806,-21.559682,-0.008757,17.770803,0.025065,0.000499,-5.815565,-0.165611,5.817922,117|118|119|120|121|122,0.5614
7303.483714,-0.410804,-21.559682,-0.008754,17.777900,0.025702,0.000664,-5.822662,-0.166247,5.825035,117|118|119|120|121|122,0.5626
7303.500381,-0.400189,-21.576229,-0.008317,17.784633,0.026056,0.000810,-5.820400,-0.160836,5.822621,117|118|119|120|121|122,0.5615
7303.517048,-0.400190,-21.576228,-0.008317,17.798341,0.025117,0.000836,-5.834108,-0.159898,5.836299,117|118|119|120|121|122,0.5635
7303.550381,-0.409606,-21.600549,-0.007880,17.805212,0.024630,0.000811,-5.827763,-0.164534,5.830085,117|118|119|120|121|122,0.5641
7303.567048,-0.416611,-21.609319,-0.008209,17.812284,0.024684,0.000825,-5.830071,-0.168397,5.832502,117|118|119|120|121|122,0.5633
7303.583714,-0.415691,-21.623638,-0.008605,17.819532,0.024855,0.000847,-5.829536,-0.168072,5.831959,117|118|119|120|121|122,0.5628
7303.600381,-0.413547,-21.638438,-0.008492,17.826273,0.025042,0.001054,-5.828233,-0.167098,5.830628,117|118|119|120|121|122,0.5617
7303.633714,-0.412785,-21.643923,-0.008442,17.846534,0.024119,0.000841,-5.845513,-0.165762,5.847863,117|118|119|120|121|122,0.5629
7303.650381,-0.419381,-21.649427,-0.008373,17.846534,0.024119,0.000841,-5.842524,-0.169348,5.844977,117|118|119|120|121|122,0.5624
7303.667048,-0.419379,-21.649428,-0.008372,17.861047,0.025805,0.000856,-5.857036,-0.171032,5.859533,117|118|119|120|121|122,0.5625
7303.683714,-0.422605,-21.658144,-0.008478,17.861047,0.025805,0.000856,-5.852300,-0.172788,5.854851,117|118|119|120|121|122,0.5614
7303.700381,-0.398657,-21.678492,-0.009027,17.868061,0.025487,0.000851,-5.848249,-0.159460,5.850422,117|118|119|120|121|122,0.5612
7303.717048,-0.398660,-21.678492,-0.009029,17.882158,0.024414,0.000899,-5.862346,-0.158389,5.864485,117|118|119|120|121|122,0.5626
7303.733714,-0.411073,-21.696203,-0.008382,17.882158,0.024414,0.000899,-5.852724,-0.165139,5.855053,117|118|119|120|121|122,0.5628
7303.750381,-0.418730,-21.704812,-0.008105,17.889589,0.024435,0.000848,-5.855478,-0.169325,5.857925,117|118|119|120|121|122,0.5629
7303.767048,-0.418604,-21.719734,-0.008257,17.903339,0.025686,0.001108,-5.861118,-0.170510,5.863598,117|118|119|120|121|122,0.5635
7303.783714,-0.412685,-21.730521,-0.008066,17.909866,0.025126,0.001045,-5.861781,-0.166736,5.864152,117|118|119|120|121|122,0.5633
7303.800381,-0.412685,-21.730524,-0.008070,17.909866,0.025126,0.001045,-5.861779,-0.166736,5.864150,117|118|119|120|121|122,0.5631
7303.817048,-0.408520,-21.735767,-0.007859,17.916473,0.024506,0.000993,-5.865536,-0.163854,5.867824,117|118|119|120|121|122,0.5649
7303.850381,-0.418965,-21.748933,-0.008140,17.931346,0.025092,0.000843,-5.873256,-0.170120,5.875720,117|118|119|120|121|122,0.5646
7303.867048,-0.408713,-21.768299,-0.007873,17.945291,0.025523,0.001013,-5.876673,-0.164984,5.878989,117|118|119|120|121|122,0.5648
7303.883714,-0.396630,-21.776678,-0.009156,17.952161,0.024929,0.001020,-5.878987,-0.157825,5.881105,117|118|119|120|121|122|123,0.5438
7303.900381,-0.403341,-21.783717,-0.007989,17.959045,0.024311,0.001021,-5.882047,-0.160857,5.884246,117|118|119|120|121|122|123|124,0.5611
7303.917048,-0.412181,-21.792637,-0.007766,17.966226,0.024234,0.001030,-5.884382,-0.165586,5.886711,117|118|119|120|121|122|123|124,0.5627
7303.933714,-0.421360,-21.800421,-0.007922,17.973636,0.024261,0.001029,-5.887564,-0.170603,5.890036,117|118|119|120|121|122|123|124,0.5484
7303.950381,-0.422243,-21.816524,-0.008104,17.973636,0.024261,0.001029,-5.878813,-0.171087,5.881302,119|120|121|122|123|124,0.5612
7303.967048,-0.422243,-21.816525,-0.008101,17.987186,0.025459,0.001442,-5.892362,-0.172285,5.894880,119|120|121|122|123|124,0.5592
7303.983714,-0.412088,-21.838712,-0.008071,17.987186,0.025459,0.001442,-5.880302,-0.166771,5.882666,119|120|121|122|123|124,0.5592
7304.000381,-0.404427,-21.839440,-0.008042,17.993520,0.024771,0.001918,-5.886238,-0.161920,5.888465,119|120|121|122|123|124,0.5605
7304.017048,-0.415901,-21.843452,-0.007475,18.007589,0.024701,0.002229,-5.898129,-0.168087,5.900524,119|120|121|122|123|124,0.5608
7304.033714,-0.424643,-21.850670,-0.007484,18.014694,0.025333,0.002203,-5.901314,-0.173472,5.903863,119|120|121|122|123|124,0.5614
7304.050381,-0.416688,-21.863212,-0.007153,18.014694,0.025333,0.002203,-5.894495,-0.169152,5.896922,119|120|121|122|123|124,0.5619
7304.067048,-0.408043,-21.871825,-0.007155,18.021690,0.025540,0.002158,-5.896808,-0.164663,5.899107,119|120|121|122|123|124,0.5635
7304.083714,-0.408036,-21.871827,-0.007150,18.028703,0.024910,0.002130,-5.903820,-0.164029,5.906099,119|120|121|122|123|124,0.5636
7304.100381,-0.405743,-21.880281,-0.007016,18.042953,0.024094,0.002619,-5.913475,-0.161969,5.915693,119|120|121|122|123|124,0.5641
7304.117048,-0.414991,-21.888969,-0.006188,18.050247,0.024487,0.003237,-5.916049,-0.167390,5.918417,119|120|121|122|123|124,0.5637
7304.133714,-0.427918,-21.911393,-0.006004,18.056964,0.024961,0.003962,-5.910583,-0.174895,5.913170,119|120|121|122|123|124,0.5628
7304.150381,-0.420824,-21.919563,-0.005023,18.056964,0.024961,0.003962,-5.906141,-0.171042,5.908617,119|120|121|122|123|124,0.5632
7304.167048,-0.420827,-21.919563,-0.005023,18.069576,0.024837,0.005577,-5.918753,-0.170920,5.921220,119|120|121|122|123|124,0.5639
7304.183714,-0.414213,-21.925703,-0.004243,18.076324,0.024475,0.006580,-5.922162,-0.166965,5.924516,119|120|121|122|123|124,0.5638
7304.217048,-0.409291,-21.933953,-0.003142,18.083360,0.024323,0.007697,-5.924713,-0.164140,5.926987,119|120|121|122|123|124,0.5647
7304.233714,-0.425450,-21.952189,-0.002135,18.096656,0.024899,0.010208,-5.928103,-0.173502,5.930641,119|120|121|122|123|124,0.5649
7304.250381,-0.418111,-21.965483,-0.000710,18.103031,0.025247,0.011053,-5.927251,-0.169865,5.929684,119|120|121|122|123|124,0.5653
7304.267048,-0.418112,-21.965483,-0.000710,18.109310,0.025459,0.012144,-5.933530,-0.170078,5.935967,119|120|121|122|123|124,0.5656
7304.283714,-0.408934,-21.977425,0.001301,18.109310,0.025459,0.012144,-5.927037,-0.165093,5.929336,119|120|121|122|123|124,0.5657
7304.300381,-0.408935,-21.977424,0.001300,18.115747,0.025118,0.013135,-5.933475,-0.164753,5.935762,119|120|121|122|123|124,0.5654
7304.317048,-0.416241,-21.998229,0.003604,18.122821,0.025432,0.013281,-5.929244,-0.169042,5.931653,119|120|121|122|123|124,0.5659
7304.333714,-0.412596,-22.006937,0.004091,18.129949,0.025840,0.013326,-5.931638,-0.167471,5.934002,119|120|121|122|123|124,0.5655
7304.350381,-0.412596,-22.006937,0.004090,18.137081,0.026266,0.013348,-5.938770,-0.167898,5.941143,119|120|121|122|123|124,0.5654
7304.367048,-0.408001,-22.015558,0.004666,18.151397,0.027120,0.013338,-5.948400,-0.166257,5.950723,119|120|121|122|123|124,0.5644
7304.383714,-0.403023,-22.024618,0.003970,18.158481,0.026964,0.013329,-5.950558,-0.163397,5.952801,119|120|121|122|123|124,0.5631
7304.400381,-0.393914,-22.042396,0.003576,18.158481,0.026964,0.013329,-5.940894,-0.158451,5.943007,119|120|121|122|123|124,0.5635
7304.417048,-0.397379,-22.051418,0.003585,18.165594,0.026806,0.013337,-5.943104,-0.160178,5.945262,119|120|121|122|123|124,0.5637
7304.433714,-0.397379,-22.051419,0.003585,18.179525,0.026708,0.013278,-5.957035,-0.160081,5.959186,119|120|121|122|123|124,0.5631
7304.450381,-0.401028,-22.060604,0.004013,18.186697,0.027027,0.013106,-5.959216,-0.162385,5.961428,119|120|121|122|123|124|125,0.5649
7304.467048,-0.403567,-22.069235,0.004561,18.186697,0.027027,0.013106,-5.954526,-0.163767,5.956777,119|120|121|122|123|124|125,0.5572
7304.483714,-0.400742,-22.089784,0.003941,18.193801,0.027249,0.013119,-5.950462,-0.162458,5.952679,120|121|122|123|124|125,0.5638
7304.500381,-0.400742,-22.089784,0.003940,18.207857,0.027003,0.013035,-5.964517,-0.162213,5.966722,120|121|122|123|124|125,0.5646
7304.517048,-0.401947,-22.104928,0.005159,18.214742,0.026882,0.013048,-5.963173,-0.162751,5.965393,120|121|122|123|124|125,0.5650
7304.533714,-0.405266,-22.114392,0.005229,18.214742,0.026882,0.013048,-5.958030,-0.164557,5.960302,120|121|122|123|124|125,0.5647
7304.583714,-0.405265,-22.114391,0.005229,18.242836,0.027563,0.013036,-5.986124,-0.165238,5.988404,120|121|122|123|124|125,0.5619
7304.617048,-0.402504,-22.144791,0.004078,18.256532,0.027441,0.012962,-5.983298,-0.163623,5.985535,120|121|122|123|124|125,0.5641
7304.633714,-0.403111,-22.153704,0.004085,18.256532,0.027441,0.012962,-5.978454,-0.163955,5.980702,120|121|122|123|124|125,0.5654
7304.650381,-0.407271,-22.163358,0.003249,18.263803,0.028023,0.012245,-5.980479,-0.166800,5.982805,120|121|122|123|124|125,0.5643
7304.667048,-0.407271,-22.163356,0.003249,18.278926,0.026938,0.012251,-5.995604,-0.165715,5.997894,120|121|122|123|124|125,0.5628
7304.683714,-0.398325,-22.181267,0.002631,18.278926,0.026938,0.012251,-5.985867,-0.160858,5.988028,120|121|122|123|124|125,0.5636
7304.700381,-0.407158,-22.198257,0.003371,18.285898,0.027130,0.012284,-5.983607,-0.165854,5.985905,120|121|122|123|124|125,0.5642
7304.717048,-0.414118,-22.216899,0.003255,18.292488,0.027352,0.012322,-5.980067,-0.169863,5.982479,120|121|122|123|124|125,0.5637
7304.733714,-0.412097,-22.220065,0.003832,18.299245,0.027445,0.012315,-5.985104,-0.168860,5.987485,120|121|122|123|124|125,0.5637
7304.750381,-0.412097,-22.220066,0.003834,18.313251,0.027475,0.012345,-5.999109,-0.168890,6.001486,120|121|122|123|124|125,0.5636
7304.767048,-0.411955,-22.226468,0.003460,18.320184,0.027614,0.012396,-6.002563,-0.168953,6.004940,120|121|122|123|124|125,0.5634
7304.783714,-0.414902,-22.236683,0.003936,18.327030,0.027784,0.012367,-6.003858,-0.170726,6.006284,120|121|122|123|124|125,0.5652
7304.800381,-0.412906,-22.252083,0.003545,18.327030,0.027784,0.012367,-5.995487,-0.169646,5.997887,120|121|122|123|124|125,0.5658
7304.817048,-0.412907,-22.252083,0.003545,18.341014,0.028432,0.012317,-6.009472,-0.170294,6.011884,120|121|122|123|124|125,0.5654
7304.833714,-0.410660,-22.266367,0.002749,18.341014,0.028432,0.012317,-6.001708,-0.169077,6.004089,120|121|122|123|124|125,0.5646
7304.850381,-0.410661,-22.266368,0.002748,18.355321,0.028448,0.012368,-6.016015,-0.169093,6.018391,120|121|122|123|124|125,0.5637
7304.867048,-0.403448,-22.289106,0.002897,18.355321,0.028448,0.012368,-6.003656,-0.165179,6.005927,120|121|122|123|124|125,0.5643
7304.883714,-0.403447,-22.289106,0.002898,18.369186,0.028384,0.012345,-6.017520,-0.165114,6.019785,120|121|122|123|124|125,0.5648
7304.917048,-0.409371,-22.313380,0.003095,18.382934,0.028769,0.012366,-6.018077,-0.168725,6.020442,120|121|122|123|124|125,0.5651
7304.933714,-0.409372,-22.313380,0.003094,18.382934,0.028769,0.012366,-6.018077,-0.168725,6.020442,120|121|122|123|124|125,0.5643
7304.950381,-0.406551,-22.329974,0.003070,18.397707,0.029009,0.012459,-6.023830,-0.167437,6.026157,120|121|122|123|124|125|127,0.5575
7304.983714,-0.405764,-22.330976,0.001709,18.404651,0.029204,0.012393,-6.030230,-0.167205,6.032548,120|121|122|123|124|125|126|127,0.5581
7305.017048,-0.402880,-22.368734,0.002762,18.418516,0.029512,0.012259,-6.023573,-0.165955,6.025859,122|123|124|125|126|127,0.5647
7305.033714,-0.402881,-22.368733,0.002764,18.432556,0.029288,0.012226,-6.037614,-0.165731,6.039888,122|123|124|125|126|127,0.5633
7305.050381,-0.404131,-22.386524,0.002653,18.432556,0.029288,0.012226,-6.027945,-0.166415,6.030242,122|123|124|125|126|127,0.5641
7305.067048,-0.407449,-22.395474,0.003367,18.446430,0.028961,0.012276,-6.036956,-0.167893,6.039290,122|123|124|125|126|127,0.5647
7305.083714,-0.407449,-22.395474,0.003368,18.453495,0.028886,0.012388,-6.044021,-0.167819,6.046350,122|123|124|125|126|127,0.5640
7305.100381,-0.414373,-22.413323,0.002961,18.453495,0.028886,0.012388,-6.034322,-0.171586,6.036761,122|123|124|125|126|127,0.5623
7305.117048,-0.414372,-22.413323,0.002959,18.467538,0.029953,0.012199,-6.048366,-0.172653,6.050830,122|123|124|125|126|127,0.5612
7305.150381,-0.403072,-22.438153,0.002870,18.474701,0.030063,0.012200,-6.042031,-0.166627,6.044328,122|123|124|125|126|127,0.5625
7305.167048,-0.402951,-22.447886,0.002096,18.481636,0.030092,0.012190,-6.043676,-0.166593,6.045972,122|123|124|125|126|127,0.5633
7305.217048,-0.407472,-22.472106,0.001495,18.503069,0.029839,0.012097,-6.051947,-0.168803,6.054301,122|123|124|125|126|127,0.5630
7305.233714,-0.410790,-22.483006,0.001414,18.510187,0.029765,0.012028,-6.053142,-0.170535,6.055544,122|123|124|125|126|127,0.5629
7305.250381,-0.413132,-22.492405,0.002564,18.517208,0.029680,0.012063,-6.055056,-0.171725,6.057490,122|123|124|125|126|127,0.5636
7305.267048,-0.413133,-22.492405,0.002564,18.530769,0.029654,0.012133,-6.068617,-0.171700,6.071045,122|123|124|125|126|127,0.5639
7305.283714,-0.415611,-22.501551,0.002787,18.530769,0.029654,0.012133,-6.063646,-0.173049,6.066115,122|123|124|125|126|127,0.5642
7305.300381,-0.416673,-22.509409,0.003078,18.545078,0.030142,0.012094,-6.073685,-0.174116,6.076180,122|123|124|125|126|127,0.5633
7305.333714,-0.418180,-22.516982,0.003301,18.559030,0.030202,0.012150,-6.083522,-0.174997,6.086039,122|123|124|125|126|127,0.5647
7305.350381,-0.415963,-22.544472,0.002595,18.559030,0.030202,0.012150,-6.068582,-0.173800,6.071070,122|123|124|125|126|127,0.5654
7305.367048,-0.415290,-22.548716,0.003293,18.565851,0.030311,0.012156,-6.073096,-0.173544,6.075575,122|123|124|125|126|127,0.5663
7305.383714,-0.415290,-22.548716,0.003293,18.572683,0.030388,0.012191,-6.079927,-0.173621,6.082406,122|123|124|125|126|127,0.5667
7305.400381,-0.414884,-22.552621,0.002634,18.588014,0.030845,0.012462,-6.093137,-0.173858,6.095616,122|123|124|125|126|127,0.5665
7305.417048,-0.418928,-22.572330,0.001922,18.595468,0.031318,0.012396,-6.089880,-0.176533,6.092438,122|123|124|125|126|127,0.5665
7305.433714,-0.411494,-22.589904,0.002249,18.602792,0.031771,0.012342,-6.087651,-0.172951,6.090108,122|123|124|125|126|127,0.5662
7305.467048,-0.401512,-22.608563,0.001673,18.610082,0.032209,0.012304,-6.084798,-0.167969,6.087116,122|123|124|125|126|127,0.5660
7305.483714,-0.401511,-22.608563,0.001673,18.617292,0.032582,0.012298,-6.092007,-0.168341,6.094333,122|123|124|125|126|127,0.5643
7305.533714,-0.397573,-22.644332,0.003002,18.638786,0.032255,0.012395,-6.094061,-0.165882,6.096318,123|124|125|126|127,0.5656
7305.550381,-0.400444,-22.653443,0.003300,18.645713,0.032260,0.012375,-6.096037,-0.167450,6.098337,123|124|125|126|127,0.5650
7305.583714,-0.402136,-22.671559,0.003935,18.667032,0.032734,0.012398,-6.107510,-0.168849,6.109844,123|124|125|126|127,0.5630
7305.600381,-0.397665,-22.680944,0.003011,18.667032,0.032734,0.012398,-6.102409,-0.166421,6.104678,123|124|125|126|127,0.5643
7305.617048,-0.397665,-22.680944,0.003012,18.681045,0.032518,0.012425,-6.116422,-0.166206,6.118680,123|124|125|126|127,0.5648
7305.633714,-0.401373,-22.697432,0.003534,18.681045,0.032518,0.012425,-6.107462,-0.168225,6.109779,123|124|125|126|127,0.5646
7305.650381,-0.404283,-22.706324,0.003415,18.688013,0.032401,0.012547,-6.109598,-0.169691,6.111954,123|124|125|126|127,0.5642
7305.667048,-0.404283,-22.706324,0.003415,18.702135,0.033242,0.012676,-6.123720,-0.170532,6.126094,123|124|125|126|127,0.5629
7305.717048,-0.397755,-22.740974,0.002756,18.723552,0.033519,0.012617,-6.126304,-0.167270,6.128587,123|124|125|126|127,0.5628
7305.733714,-0.397856,-22.749629,0.002342,18.723552,0.033519,0.012617,-6.121600,-0.167327,6.123887,123|124|125|126|127,0.5633
7305.750381,-0.397856,-22.749629,0.002342,18.737550,0.033672,0.012301,-6.135598,-0.167481,6.137884,123|124|125|126|127,0.5633
7305.767048,-0.396172,-22.768443,0.002400,18.744529,0.033486,0.012298,-6.132352,-0.166384,6.134609,123|124|125|126|127,0.5619
7305.783714,-0.396171,-22.768443,0.002401,18.751518,0.033300,0.012346,-6.139341,-0.166198,6.141590,123|124|125|126|127,0.5626
7305.800381,-0.401839,-22.785585,0.003431,18.758506,0.033118,0.012355,-6.137014,-0.169100,6.139344,123|124|125|126|127,0.5628
7305.817048,-0.401839,-22.785585,0.003432,18.765394,0.033075,0.012383,-6.143902,-0.169056,6.146227,123|124|125|126|127,0.5629
7305.833714,-0.405522,-22.794482,0.002992,18.772348,0.033191,0.012369,-6.146022,-0.171177,6.148405,123|124|125|126|127,0.5628
7305.850381,-0.409262,-22.803314,0.002727,18.779502,0.033293,0.012430,-6.148377,-0.173314,6.150819,123|124|125|126|127,0.5619
7305.867048,-0.410918,-22.810883,0.002971,18.786497,0.033398,0.012427,-6.151258,-0.174321,6.153728,123|124|125|126|127,0.5613
7305.883714,-0.410310,-22.828148,0.003807,18.786497,0.033398,0.012427,-6.141875,-0.173995,6.144339,123|124|125|126|127,0.5629
7305.900381,-0.410069,-22.835954,0.003407,18.793369,0.033515,0.012387,-6.144505,-0.173982,6.146967,123|124|125|126|127,0.5639
7305.917048,-0.409963,-22.843688,0.002878,18.800281,0.033622,0.012440,-6.147214,-0.174034,6.149677,123|124|125|126|127,0.5641
7305.950381,-0.409962,-22.843688,0.002880,18.821684,0.034296,0.012306,-6.168616,-0.174707,6.171090,123|124|125|126|127,0.5618
7305.967048,-0.406503,-22.862215,0.002332,18.821684,0.034296,0.012306,-6.158546,-0.172832,6.160971,123|124|125|126|127,0.5630
7305.983714,-0.400115,-22.872926,0.002814,18.828535,0.034090,0.012210,-6.159575,-0.169157,6.161897,123|124|125|126|127,0.5632
7306.000381,-0.407273,-22.890917,0.002683,18.842121,0.034096,0.012220,-6.163384,-0.173058,6.165813,123|124|125|126|127,0.5629
7306.017048,-0.408641,-22.896573,0.001602,18.842121,0.034096,0.012220,-6.160311,-0.173803,6.162762,123|124|125|126|127,0.5610
7306.033714,-0.408374,-22.896968,0.001745,18.848972,0.034178,0.012039,-6.166947,-0.173740,6.169394,123|125|126|127,0.5522
7306.050381,-0.408955,-22.910936,0.001527,18.856474,0.034589,0.012007,-6.166858,-0.174470,6.169325,125|126|127,0.5635
7306.067048,-0.408955,-22.910936,0.001527,18.863569,0.034721,0.011974,-6.173953,-0.174602,6.176422,125|126|127,0.5635
7306.083714,-0.404524,-22.925494,0.002130,18.877384,0.035003,0.011701,-6.179855,-0.172480,6.182262,125|126|127,0.5637
7306.100381,-0.403996,-22.934444,0.001610,18.884294,0.035146,0.011630,-6.181901,-0.172337,6.184303,125|126|127,0.5637
7306.133714,-0.401604,-22.958976,0.003062,18.898241,0.035009,0.011571,-6.182514,-0.170908,6.184876,125|126|127,0.5639
7306.150381,-0.401604,-22.958976,0.003061,18.905096,0.034866,0.011564,-6.189370,-0.170764,6.191725,125|126|127,0.5637
7306.167048,-0.403025,-22.968875,0.002811,18.911939,0.034721,0.011607,-6.190834,-0.171394,6.193206,125|126|127,0.5639
7306.183714,-0.405928,-22.977621,0.002782,18.918897,0.034587,0.011695,-6.193039,-0.172839,6.195450,125|126|127,0.5634
7306.200381,-0.409345,-22.986709,0.002193,18.925912,0.034680,0.011737,-6.195116,-0.174792,6.197581,125|126|127,0.5626
7306.217048,-0.415149,-23.004724,0.001871,18.932645,0.035400,0.011752,-6.192060,-0.178671,6.194637,125|126|127,0.5630
7306.233714,-0.415149,-23.004724,0.001871,18.939481,0.035290,0.011728,-6.198895,-0.178561,6.201467,125|126|127,0.5610
7306.250381,-0.405823,-23.015867,0.002282,18.939481,0.035290,0.011728,-6.192837,-0.173496,6.195267,125|126|127,0.5612
7306.267048,-0.408493,-23.022220,0.001946,18.946212,0.035192,0.011703,-6.196116,-0.174850,6.198583,125|126|127,0.5632
7306.283714,-0.408493,-23.022220,0.001947,18.960077,0.034986,0.011642,-6.209981,-0.174644,6.212436,125|126|127,0.5648
7306.300381,-0.411309,-23.028314,0.001790,18.967992,0.035347,0.011313,-6.214585,-0.176537,6.217092,125|126|127,0.5646
7306.317048,-0.413577,-23.034897,0.002123,18.975561,0.035214,0.011198,-6.218576,-0.177639,6.221113,125|126|127,0.5636
7306.333714,-0.411565,-23.063169,0.001050,18.975561,0.035214,0.011198,-6.203211,-0.176552,6.205723,125|126|127,0.5641
7306.350381,-0.411565,-23.063168,0.001050,18.982536,0.035319,0.011101,-6.210186,-0.176657,6.212698,125|126|127,0.5653
7306.367048,-0.415213,-23.084397,-0.000092,18.996227,0.035463,0.011125,-6.212340,-0.178789,6.214912,125|126|127,0.5654
7306.417048,-0.414519,-23.108699,0.001468,19.017393,0.035625,0.010992,-6.220299,-0.178580,6.222862,125|126|127,0.5627
7306.433714,-0.414519,-23.108699,0.001468,19.024418,0.035821,0.010993,-6.227324,-0.178776,6.229889,125|126|127,0.5625
7306.450381,-0.415638,-23.127266,0.001462,19.024418,0.035821,0.010993,-6.217233,-0.179389,6.219821,125|126|127,0.5633
7306.467048,-0.414135,-23.133362,0.001116,19.038320,0.036285,0.010993,-6.227822,-0.179037,6.230395,125|126|127,0.5637
7306.517048,-0.414135,-23.133362,0.001115,19.053117,0.035910,0.010916,-6.242619,-0.178663,6.245175,125|126|127,0.5645
7306.533714,-0.416792,-23.168531,0.000932,19.067882,0.037193,0.010884,-6.238271,-0.181398,6.240908,125|126|127,0.5648
7306.550381,-0.416808,-23.168539,0.000899,19.067882,0.037193,0.010884,-6.238267,-0.181407,6.240904,125|126|127,0.5453
7306.567048,-0.401168,-23.190275,0.001138,19.075201,0.037808,0.010838,-6.233768,-0.173528,6.236183,126|127,0.5649
7306.583714,-0.393548,-23.200518,0.001621,19.089620,0.037574,0.010750,-6.242619,-0.169155,6.244911,126|127,0.5647
7306.600381,-0.389292,-23.208274,0.001013,19.089620,0.037574,0.010750,-6.238403,-0.166844,6.240633,126|127,0.5636
7306.617048,-0.389291,-23.208274,0.001016,19.096857,0.037542,0.010783,-6.245639,-0.166812,6.247867,126|127,0.5645
7306.633714,-0.399003,-23.218391,0.002072,19.111032,0.037798,0.010787,-6.254319,-0.172348,6.256693,126|127,0.5652
7306.650381,-0.400538,-23.228562,0.001709,19.118065,0.037914,0.010686,-6.255824,-0.173301,6.258224,126|127,0.5655
7306.667048,-0.398867,-23.244206,0.002554,19.125198,0.037811,0.010674,-6.254455,-0.172294,6.256828,126|127,0.5653
7306.683714,-0.398867,-23.244206,0.002554,19.125198,0.037811,0.010674,-6.254455,-0.172294,6.256828,126|127,0.5640
7306.700381,-0.400242,-23.261793,0.003407,19.132417,0.037897,0.010696,-6.252116,-0.173131,6.254513,126|127,0.5639
7306.717048,-0.400243,-23.261793,0.003405,19.146860,0.038097,0.010810,-6.266559,-0.173332,6.268955,126|127,0.5635
7306.733714,-0.400330,-23.280496,0.002047,19.146860,0.038097,0.010810,-6.256394,-0.173384,6.258796,126|127,0.5631
7306.750381,-0.400395,-23.289335,0.000909,19.153789,0.038161,0.010791,-6.258520,-0.173485,6.260924,126|127,0.5630
7306.767048,-0.400396,-23.289335,0.000907,19.160867,0.038242,0.010785,-6.265598,-0.173567,6.268001,126|127,0.5619
7306.783714,-0.400667,-23.308004,0.000805,19.167915,0.038297,0.010776,-6.262499,-0.173774,6.264910,126|127,0.5607
7306.800381,-0.401038,-23.315767,0.000331,19.175054,0.038371,0.010781,-6.265420,-0.174051,6.267837,126|127,0.5608
7306.817048,-0.401188,-23.323429,0.000078,19.189155,0.038548,0.010766,-6.275357,-0.174312,6.277777,126|127,0.5622
7306.833714,-0.401092,-23.329697,-0.000145,19.195991,0.038669,0.010710,-6.278786,-0.174382,6.281207,126|127,0.5625
7306.850381,-0.400869,-23.335651,0.000243,19.200887,0.039223,0.010404,-6.280446,-0.174816,6.282879,126|127,0.5611
7306.867048,-0.400049,-23.341253,0.000897,19.204075,0.039386,0.011096,-6.280589,-0.174536,6.283013,126|127,0.5603
7306.883714,-0.400049,-23.341253,0.000897,19.205801,0.039452,0.011636,-6.282315,-0.174601,6.284741,126|127,0.5607
7306.900381,-0.391347,-23.360746,0.001618,19.205801,0.039452,0.011636,-6.271719,-0.169877,6.274019,126|127,0.5614
7306.917048,-0.390929,-23.362909,0.002603,19.206127,0.039449,0.011787,-6.270869,-0.169647,6.273163,126|127,0.5606
7306.933714,-0.390827,-23.363339,0.003069,19.206131,0.039448,0.011788,-6.270639,-0.169591,6.272932,126|127,0.5603
7306.950381,-0.390940,-23.363828,0.002760,19.206129,0.039449,0.011790,-6.270371,-0.169654,6.272666,126|127,0.5591
7306.967048,-0.390982,-23.363864,0.002627,19.206129,0.039449,0.011790,-6.270352,-0.169677,6.272648,126|127,0.5587
7307.000381,-0.391202,-23.364085,0.002124,19.206117,0.039451,0.011791,-6.270221,-0.169798,6.272519,126|127,0.5579
7307.017048,-0.391045,-23.364240,0.002450,19.206115,0.039452,0.011792,-6.270134,-0.169713,6.272431,126|127,0.5575
7307.033714,-0.390913,-23.364243,0.002702,19.206115,0.039452,0.011792,-6.270132,-0.169642,6.272427,126|127,0.5573
7307.067048,-0.391262,-23.364131,0.001919,19.206100,0.039453,0.011794,-6.270179,-0.169833,6.272478,126|127,0.5577
7307.083714,-0.391154,-23.364276,0.002149,19.206096,0.039453,0.011796,-6.270096,-0.169774,6.272394,126|127,0.5574
7307.133714,-0.391401,-23.364486,0.001516,19.206089,0.039455,0.011795,-6.269974,-0.169911,6.272276,126|127,0.5573
7307.150381,-0.391369,-23.364373,0.001523,19.206087,0.039456,0.011795,-6.270034,-0.169894,6.272335,126|127,0.5577
7307.183714,-0.391340,-23.364056,0.001713,19.206081,0.039457,0.011798,-6.270200,-0.169879,6.272501,126|127,0.5581
7307.200381,-0.391270,-23.364176,0.001831,19.206081,0.039457,0.011798,-6.270135,-0.169841,6.272435,126|127,0.5577
7307.217048,-0.391076,-23.364153,0.002254,19.206075,0.039458,0.011798,-6.270141,-0.169736,6.272438,126|127,0.5580
7307.233714,-0.391338,-23.364153,0.001661,19.206072,0.039458,0.011799,-6.270138,-0.169879,6.272438,126|127,0.5581
7307.267048,-0.391007,-23.364195,0.002365,19.206064,0.039459,0.011801,-6.270107,-0.169701,6.272404,126|127,0.5574
7307.283714,-0.391139,-23.364211,0.002114,19.206058,0.039461,0.011803,-6.270093,-0.169774,6.272391,126|127,0.5573
7307.300381,-0.391202,-23.364085,0.001931,19.206058,0.039461,0.011803,-6.270161,-0.169808,6.272460,126|127,0.5577
7307.317048,-0.391028,-23.363929,0.002203,19.206054,0.039461,0.011804,-6.270243,-0.169714,6.272539,126|127,0.5582
7307.333714,-0.391028,-23.363929,0.002203,19.206049,0.039461,0.011804,-6.270237,-0.169714,6.272533,126|127,0.5579
7307.350381,-0.391052,-23.364082,0.002148,19.206045,0.039462,0.011804,-6.270150,-0.169728,6.272447,126|127,0.5576
7307.383714,-0.391183,-23.363858,0.001724,19.206045,0.039463,0.011804,-6.270271,-0.169800,6.272570,126|127,0.5585
7307.400381,-0.391009,-23.364091,0.002120,19.206037,0.039464,0.011805,-6.270137,-0.169706,6.272434,126|127,0.5576
7307.417048,-0.390937,-23.364049,0.002298,19.206037,0.039464,0.011805,-6.270160,-0.169667,6.272455,126|127,0.5576
7307.450381,-0.391025,-23.363887,0.002072,19.206028,0.039465,0.011806,-6.270238,-0.169716,6.272535,126|127,0.5579
7307.467048,-0.391025,-23.363887,0.002072,19.206024,0.039465,0.011807,-6.270235,-0.169716,6.272531,126|127,0.5580
7307.483714,-0.391016,-23.364035,0.002181,19.206022,0.039467,0.011808,-6.270153,-0.169713,6.272449,126|127,0.5575
7307.500381,-0.391016,-23.364034,0.002182,19.206012,0.039468,0.011809,-6.270143,-0.169714,6.272439,126|127,0.5574
7307.517048,-0.390946,-23.364058,0.002152,19.206009,0.039468,0.011810,-6.270126,-0.169676,6.272422,126|127,0.5577
7307.533714,-0.391031,-23.364207,0.002013,19.206009,0.039468,0.011810,-6.270045,-0.169722,6.272342,126|127,0.5572
7307.550381,-0.390885,-23.364286,0.002372,19.206011,0.039469,0.011811,-6.270004,-0.169644,6.272299,126|127,0.5568
7307.567048,-0.390853,-23.364276,0.002394,19.206007,0.039470,0.011812,-6.270006,-0.169627,6.272300,126|127,0.5569
7307.583714,-0.390906,-23.364208,0.002090,19.205999,0.039471,0.011812,-6.270035,-0.169657,6.272330,126|127,0.5573
7307.617048,-0.390906,-23.364208,0.002090,19.205993,0.039471,0.011813,-6.270029,-0.169658,6.272324,126|127,0.5572
7307.633714,-0.391032,-23.364213,0.001833,19.205993,0.039471,0.011813,-6.270027,-0.169726,6.272324,126|127,0.5572
7307.650381,-0.390839,-23.364160,0.002188,19.205988,0.039473,0.011813,-6.270050,-0.169623,6.272344,126|127,0.5574
7307.667048,-0.390839,-23.364160,0.002188,19.205980,0.039474,0.011815,-6.270042,-0.169624,6.272336,126|127,0.5570
7307.683714,-0.391023,-23.364261,0.001765,19.205978,0.039474,0.011816,-6.269986,-0.169724,6.272283,126|127,0.5573
7307.700381,-0.391023,-23.364261,0.001765,19.205978,0.039474,0.011816,-6.269986,-0.169724,6.272282,126|127,0.5577
7307.717048,-0.390808,-23.363982,0.002328,19.205970,0.039475,0.011818,-6.270129,-0.169608,6.272423,126|127,0.5578
7307.733714,-0.390824,-23.364017,0.002264,19.205969,0.039477,0.011819,-6.270109,-0.169619,6.272403,126|127,0.5577
7307.750381,-0.390614,-23.364023,0.002719,19.205969,0.039477,0.011819,-6.270106,-0.169505,6.272396,126|127,0.5581
7307.767048,-0.390876,-23.364058,0.002165,19.205969,0.039477,0.011819,-6.270086,-0.169647,6.272381,126|127,0.5581
7307.783714,-0.390876,-23.364058,0.002166,19.205965,0.039478,0.011821,-6.270082,-0.169648,6.272377,126|127,0.5580
7307.800381,-0.390688,-23.364085,0.002483,19.205953,0.039478,0.011821,-6.270056,-0.169546,6.272348,126|127,0.5574
7307.817048,-0.390546,-23.364210,0.002758,19.205951,0.039479,0.011822,-6.269986,-0.169469,6.272276,126|127,0.5569
7307.850381,-0.390797,-23.364211,0.002269,19.205942,0.039480,0.011824,-6.269976,-0.169607,6.272270,126|127,0.5578
7307.867048,-0.390690,-23.363958,0.002410,19.205938,0.039482,0.011825,-6.270110,-0.169551,6.272402,126|127,0.5577
7307.883714,-0.390883,-23.364086,0.002019,19.205936,0.039482,0.011826,-6.270039,-0.169656,6.272334,126|127,0.5572
7307.900381,-0.390898,-23.363973,0.001872,19.205936,0.039482,0.011826,-6.270100,-0.169664,6.272395,126|127,0.5581
7307.917048,-0.390993,-23.364156,0.001529,19.205930,0.039484,0.011827,-6.269995,-0.169717,6.272292,126|127,0.5577
7307.950381,-0.390825,-23.364286,0.001889,19.205928,0.039485,0.011828,-6.269923,-0.169627,6.272217,126|127,0.5569
7307.967048,-0.390881,-23.364108,0.001845,19.205921,0.039486,0.011829,-6.270012,-0.169658,6.272307,126|127,0.5570
7307.983714,-0.390783,-23.364022,0.001982,19.205921,0.039486,0.011829,-6.270058,-0.169605,6.272352,126|127,0.5574
7308.000381,-0.390783,-23.364022,0.001983,19.205913,0.039487,0.011829,-6.270051,-0.169606,6.272344,126|127,0.5578
7308.017048,-0.390916,-23.364042,0.001773,19.205913,0.039488,0.011830,-6.270040,-0.169679,6.272335,126|127,0.5573
7308.033714,-0.390916,-23.364042,0.001773,19.205913,0.039488,0.011830,-6.270040,-0.169679,6.272335,126|127,0.5573
7308.067048,-0.390825,-23.363962,0.001901,19.205913,0.039488,0.011832,-6.270083,-0.169630,6.272377,126|127,0.5571
7308.083714,-0.390744,-23.364208,0.002030,19.205913,0.039488,0.011832,-6.269949,-0.169586,6.272242,126|127,0.5569
7308.100381,-0.390652,-23.364136,0.002197,19.205913,0.039488,0.011832,-6.269989,-0.169536,6.272280,126|127,0.5570
7308.117048,-0.390795,-23.364019,0.001789,19.205913,0.039488,0.011832,-6.270052,-0.169614,6.272346,126|127,0.5572
7308.133714,-0.390857,-23.363851,0.001722,19.205913,0.039488,0.011832,-6.270144,-0.169647,6.272438,126|127,0.5575
7308.150381,-0.390880,-23.363946,0.001706,19.205913,0.039488,0.011832,-6.270092,-0.169660,6.272387,126|127,0.5574
7308.167048,-0.390880,-23.363946,0.001706,19.205913,0.039488,0.011832,-6.270092,-0.169660,6.272387,126|127,0.5573
7308.183714,-0.390848,-23.363998,0.001625,19.205913,0.039488,0.011832,-6.270064,-0.169643,6.272358,126|127,0.5573
7308.200381,-0.390876,-23.364125,0.001611,19.205913,0.039488,0.011832,-6.269995,-0.169657,6.272290,126|127,0.5569
7308.217048,-0.390962,-23.364023,0.001397,19.205913,0.039488,0.011832,-6.270050,-0.169704,6.272346,126|127,0.5572
7308.233714,-0.390888,-23.363832,0.001655,19.205913,0.039488,0.011832,-6.270154,-0.169664,6.272449,126|127,0.5577
7308.250381,-0.390909,-23.363868,0.001545,19.205913,0.039488,0.011832,-6.270134,-0.169676,6.272430,126|127,0.5577
7308.283714,-0.390820,-23.363955,0.001815,19.205913,0.039488,0.011831,-6.270087,-0.169627,6.272381,126|127,0.5578
7308.300381,-0.390874,-23.363936,0.001668,19.205913,0.039488,0.011832,-6.270098,-0.169657,6.272392,126|127,0.5579
7308.317048,-0.390750,-23.363898,0.001867,19.205913,0.039488,0.011832,-6.270118,-0.169589,6.272411,126|127,0.5580
7308.333714,-0.390701,-23.364008,0.002032,19.205913,0.039488,0.011832,-6.270058,-0.169563,6.272350,126|127,0.5577
7308.350381,-0.390802,-23.364021,0.001847,19.205913,0.039488,0.011832,-6.270051,-0.169617,6.272345,126|127,0.5575
7308.367048,-0.390809,-23.363945,0.001856,19.205913,0.039488,0.011832,-6.270092,-0.169621,6.272386,126|127,0.5577
7308.383714,-0.390766,-23.363940,0.001891,19.205913,0.039488,0.011832,-6.270095,-0.169598,6.272388,126|127,0.5579
7308.400381,-0.390912,-23.363923,0.001640,19.205913,0.039488,0.011833,-6.270104,-0.169678,6.272400,126|127,0.5578
7308.417048,-0.390940,-23.363989,0.001548,19.205913,0.039488,0.011833,-6.270069,-0.169693,6.272365,126|127,0.5578
7308.450381,-0.390882,-23.363903,0.001527,19.205913,0.039489,0.011835,-6.270115,-0.169662,6.272410,126|127,0.5581
7308.467048,-0.390882,-23.363904,0.001526,19.205913,0.039489,0.011835,-6.270115,-0.169662,6.272410,126|127,0.5578
