t,x,y,yaw,odom_x,odom_y,odom_yaw,error_x,error_y,error_dist,tags_used,quality
6751.550352,-0.162083,0.438413,0.000075,-0.000000,0.000000,0.000000,0.000000,0.000000,0.000000,0|1,0.5567
6751.567019,-0.162330,0.438144,0.000277,0.000005,0.000000,0.000000,0.000142,-0.000134,0.000195,0|1,0.5574
6751.583685,-0.162427,0.437878,0.000422,0.000015,0.000000,0.000001,0.000275,-0.000187,0.000333,0|1,0.5586
6751.600352,-0.162351,0.438018,0.000291,0.000015,0.000000,0.000001,0.000199,-0.000146,0.000247,0|1,0.5580
6751.617019,-0.162106,0.438269,0.000092,0.000021,0.000000,0.000000,0.000057,-0.000013,0.000058,0|1,0.5579
6751.633685,-0.162071,0.438041,0.000014,0.000026,0.000000,0.000001,0.000176,0.000006,0.000176,0|1,0.5580
6751.650352,-0.162178,0.437800,0.000288,0.000032,0.000000,0.000000,0.000301,-0.000052,0.000305,0|1,0.5591
6751.667019,-0.162194,0.437717,0.000390,0.000036,0.000001,0.000001,0.000342,-0.000061,0.000347,0|1,0.5601
6751.683685,-0.162126,0.438055,0.000169,0.000047,0.000001,0.000001,0.000147,-0.000024,0.000149,0|1,0.5584
6751.733685,-0.162433,0.437695,0.000391,0.004317,0.000094,0.000111,-0.003927,-0.000284,0.003937,0|1,0.5589
6751.750352,-0.161335,0.441004,0.000337,0.004317,0.000094,0.000111,-0.005726,0.000313,0.005734,0|1,0.5635
6751.767019,-0.161033,0.439850,0.000424,0.014789,0.000224,0.000264,-0.015570,0.000347,0.015574,0|1,0.5609
6751.783685,-0.156420,0.428353,0.001310,0.014789,0.000224,0.000264,-0.009321,0.002854,0.009748,0|1,0.5570
6751.800352,-0.158839,0.419628,0.001512,0.021688,0.000015,0.000276,-0.011479,0.001747,0.011612,0|1,0.5590
6751.833685,-0.165265,0.402179,0.001750,0.035594,-0.000515,0.000250,-0.015902,-0.001216,0.015948,0|1,0.5626
6751.850352,-0.169226,0.393103,0.001453,0.042532,-0.000851,0.000628,-0.017908,-0.003033,0.018163,0|1,0.5630
6751.867019,-0.174005,0.384192,0.001727,0.049633,-0.000210,0.001032,-0.020166,-0.006271,0.021118,0|1,0.5593
6751.883685,-0.163533,0.375829,0.001516,0.056530,-0.000335,0.001702,-0.022517,-0.000455,0.022522,0|1,0.5559
6751.917019,-0.163533,0.375829,0.001516,0.077489,-0.001030,0.002123,-0.043477,0.000239,0.043478,0|1,0.5573
6751.933685,-0.177716,0.349072,0.003662,0.077489,-0.001030,0.002123,-0.028935,-0.007470,0.029884,0|1,0.5566
6751.950352,-0.178273,0.340897,0.002849,0.091002,0.000344,0.002271,-0.038004,-0.009147,0.039090,0|1,0.5575
6751.967019,-0.178273,0.340894,0.002851,0.097551,-0.000033,0.002252,-0.044552,-0.008770,0.045407,0|1,0.5591
6751.983685,-0.163692,0.331166,0.003456,0.097551,-0.000033,0.002252,-0.039265,-0.000846,0.039274,0|1,0.5598
6752.000352,-0.166119,0.314714,0.003801,0.104105,-0.000455,0.002232,-0.036878,-0.001744,0.036919,0|1,0.5614
6752.017019,-0.171801,0.305969,0.002975,0.117787,-0.001411,0.002313,-0.045807,-0.003876,0.045971,0|1,0.5647
6752.033685,-0.178868,0.297634,0.004374,0.124763,-0.000833,0.002386,-0.048253,-0.008295,0.048961,0|1,0.5641
6752.050352,-0.186240,0.289171,0.004522,0.124763,-0.000833,0.002386,-0.043654,-0.012302,0.045354,0|1,0.5613
6752.067019,-0.186240,0.289171,0.004522,0.138383,0.000253,0.002560,-0.057274,-0.013387,0.058818,0|1,0.5605
6752.083685,-0.164925,0.272212,0.004102,0.138383,0.000253,0.002560,-0.048056,-0.001804,0.048090,0|1|2,0.5577
6752.100352,-0.163810,0.264181,0.003115,0.151977,-0.000751,0.003389,-0.057286,-0.000195,0.057286,0|1|2,0.5580
6752.133685,-0.179025,0.247503,0.004035,0.159019,-0.000468,0.003546,-0.055264,-0.008748,0.055952,0|1|2,0.5602
6752.150352,-0.174926,0.238812,0.004413,0.166116,0.000130,0.003652,-0.057638,-0.007119,0.058076,0|1|2,0.5616
6752.167019,-0.166447,0.229274,0.004389,0.173013,0.000061,0.003818,-0.059351,-0.002441,0.059401,0|1|2,0.5621
6752.183685,-0.166448,0.229274,0.004391,0.186485,-0.001189,0.003898,-0.072823,-0.001192,0.072832,0|1|2,0.5622
6752.200352,-0.177271,0.212683,0.004238,0.186485,-0.001189,0.003898,-0.063806,-0.007075,0.064197,0|1|2,0.5613
6752.217019,-0.187029,0.203813,0.005460,0.193257,-0.001851,0.004298,-0.065758,-0.011716,0.066793,0|1|2,0.5624
6752.233685,-0.187028,0.203813,0.005460,0.207755,-0.000344,0.003702,-0.080256,-0.013223,0.081338,0|1|2,0.5632
6752.250352,-0.195796,0.195722,0.005910,0.207755,-0.000344,0.003702,-0.075859,-0.017988,0.077963,0|1|2,0.5623
6752.283685,-0.184531,0.186642,0.004821,0.228098,-0.001253,0.003890,-0.091267,-0.010957,0.091922,0|1|2,0.5621
6752.300352,-0.173088,0.168648,0.005212,0.234820,-0.001092,0.003965,-0.088209,-0.004899,0.088345,0|1|2,0.5631
6752.333685,-0.180532,0.159735,0.005181,0.248504,-0.000057,0.004361,-0.097050,-0.009980,0.097562,0|1|2,0.5649
6752.350352,-0.185804,0.142891,0.005005,0.255304,-0.000556,0.004385,-0.094695,-0.012347,0.095497,0|1|2,0.5637
6752.383685,-0.179848,0.116780,0.004779,0.262115,-0.001105,0.004411,-0.087315,-0.008563,0.087734,0|1|2,0.5652
6752.400352,-0.188360,0.108411,0.006549,0.269100,-0.001698,0.004490,-0.089753,-0.012596,0.090632,0|1|2,0.5653
6752.417019,-0.188359,0.108411,0.006547,0.276123,-0.000980,0.004573,-0.096775,-0.013313,0.097687,0|1|2,0.5650
6752.433686,-0.186491,0.091380,0.005780,0.283133,-0.000137,0.004633,-0.094529,-0.013142,0.095438,0|1|2,0.5647
6752.450352,-0.175352,0.082656,0.006610,0.290027,0.000647,0.004722,-0.096682,-0.007873,0.097002,0|1|2,0.5621
6752.467019,-0.175353,0.082657,0.006618,0.303465,-0.000783,0.005226,-0.110120,-0.006443,0.110309,0|1|2,0.5602
6752.483686,-0.173877,0.065517,0.005619,0.303465,-0.000783,0.005226,-0.100805,-0.005642,0.100962,0|1|2,0.5603
6752.500352,-0.173878,0.065517,0.005621,0.317766,0.000184,0.005006,-0.115106,-0.006609,0.115296,0|1|2,0.5600
6752.533686,-0.171726,0.039540,0.005837,0.324696,0.000696,0.004984,-0.107918,-0.005952,0.108082,0|1|2,0.5602
6752.550352,-0.164866,0.030588,0.005779,0.331830,0.001004,0.004993,-0.110186,-0.002533,0.110215,0|1|2,0.5600
6752.567019,-0.161160,0.021459,0.005808,0.338952,0.000171,0.004941,-0.112346,0.000314,0.112347,0|1|2,0.5591
6752.583686,-0.173612,0.012396,0.005138,0.346085,-0.000348,0.004842,-0.114554,-0.005935,0.114708,0|1|2,0.5605
6752.600352,-0.174736,0.010959,0.006995,0.360500,0.000695,0.004881,-0.128189,-0.007589,0.128413,0|1|2|4,0.5600
6752.633686,-0.166346,-0.014717,0.004562,0.374611,0.001212,0.004935,-0.128345,-0.003547,0.128394,0|1|2|3|4,0.5612
6752.650352,-0.160088,-0.023683,0.005611,0.374611,0.001212,0.004935,-0.123473,-0.000146,0.123473,0|1|2|3|4,0.5604
6752.667019,-0.160327,-0.032592,0.005948,0.388818,0.000656,0.004849,-0.132837,0.000280,0.132837,0|1|2|3|4,0.5598
6752.683686,-0.160324,-0.032593,0.005944,0.388818,0.000656,0.004849,-0.132836,0.000281,0.132837,0|1|2|3|4,0.5590
6752.700352,-0.168579,-0.050022,0.005568,0.395997,0.001446,0.004821,-0.130543,-0.004996,0.130639,0|1|2|3|4,0.5617
6752.733686,-0.147281,-0.068036,0.005815,0.417211,0.001660,0.004779,-0.141967,0.006364,0.142109,0|1|2|3|4,0.5596
6752.800352,-0.164475,-0.103425,0.005114,0.438441,0.001618,0.005001,-0.143964,-0.002940,0.143994,0|1|2|3|4,0.5622
6752.833686,-0.152548,-0.121348,0.005780,0.452605,0.001700,0.005161,-0.148387,0.003459,0.148427,0|1|2|3|4,0.5605
6752.850352,-0.152548,-0.121347,0.005781,0.466853,0.001258,0.005228,-0.162635,0.003901,0.162682,0|1|2|3|4,0.5616
6752.900352,-0.157920,-0.157382,0.008983,0.488275,0.002531,0.005292,-0.164474,-0.000293,0.164474,0|1|2|3|4,0.5633
6752.917019,-0.151943,-0.166209,0.007207,0.488275,0.002531,0.005292,-0.159676,0.002956,0.159703,0|1|2|3|4,0.5619
6752.933686,-0.151942,-0.166209,0.007206,0.502515,0.000841,0.005222,-0.173916,0.004646,0.173978,0|1|2|3|4,0.5610
6752.967019,-0.174124,-0.192505,0.007421,0.509747,0.001040,0.005232,-0.166857,-0.007609,0.167030,0|1|2|3|4,0.5606
6752.983686,-0.174123,-0.192505,0.007423,0.524076,0.001423,0.005335,-0.181187,-0.007992,0.181363,0|1|2|3|4,0.5618
6753.000352,-0.169321,-0.210941,0.006217,0.524076,0.001423,0.005335,-0.171167,-0.005383,0.171252,0|1|2|3|4,0.5614
6753.017019,-0.167227,-0.219953,0.006240,0.531114,0.001167,0.005299,-0.173307,-0.003989,0.173353,0|1|2|3|4,0.5601
6753.033686,-0.171446,-0.228895,0.006548,0.538073,0.001006,0.005186,-0.175406,-0.006121,0.175513,0|1|2|3|4,0.5604
6753.050352,-0.173449,-0.236654,0.006675,0.552225,0.001888,0.005148,-0.185341,-0.008092,0.185518,0|1|2|3|4,0.5604
6753.083686,-0.161736,-0.254894,0.006209,0.559296,0.002321,0.005149,-0.182499,-0.002160,0.182511,0|1|2|3|4,0.5611
6753.100352,-0.155899,-0.263920,0.006678,0.566289,0.002371,0.005158,-0.184587,0.000961,0.184589,0|1|2|3|4,0.5607
6753.117019,-0.156480,-0.272939,0.006331,0.573187,0.001374,0.005118,-0.186582,0.001642,0.186589,0|1|2|3|4|5,0.5617
6753.150352,-0.156477,-0.272940,0.006317,0.593716,0.001345,0.005161,-0.207111,0.001673,0.207118,0|1|2|3|4|5,0.5606
6753.167019,-0.178552,-0.298383,0.006172,0.600525,0.001775,0.005175,-0.200093,-0.010755,0.200382,0|1|2|3|4|5,0.5607
6753.183686,-0.172961,-0.307147,0.006730,0.600525,0.001775,0.005175,-0.195330,-0.007717,0.195482,0|1|2|3|4|5,0.5611
6753.217019,-0.172961,-0.307145,0.006731,0.621549,0.001775,0.005424,-0.216355,-0.007717,0.216492,0|1|2|3|4|5,0.5588
6753.233686,-0.161284,-0.324074,0.006727,0.628563,0.001956,0.005532,-0.214168,-0.001553,0.214174,0|1|2|3|4|5,0.5597
6753.250352,-0.170501,-0.332919,0.006555,0.635565,0.002142,0.005473,-0.216363,-0.006748,0.216468,0|1|2|3|4|5,0.5605
6753.267019,-0.166581,-0.350450,0.007467,0.642663,0.002287,0.005466,-0.213933,-0.004764,0.213986,0|1|2|3|4|5,0.5604
6753.283686,-0.166581,-0.350450,0.007468,0.649733,0.001255,0.005422,-0.221003,-0.003731,0.221034,0|1|2|3|4|5,0.5602
6753.300352,-0.164475,-0.359272,0.006894,0.649733,0.001255,0.005422,-0.216209,-0.002587,0.216224,0|1|2|3|4|5,0.5599
6753.317019,-0.178253,-0.377385,0.006281,0.656758,0.000514,0.005374,-0.213391,-0.009335,0.213595,0|1|2|3|4|5,0.5624
6753.333686,-0.188658,-0.385132,0.006559,0.663780,0.000990,0.005548,-0.216203,-0.015466,0.216755,0|1|2|3|4|5,0.5630
6753.350352,-0.182442,-0.394116,0.005436,0.677482,0.001884,0.005789,-0.225022,-0.012983,0.225396,0|1|2|3|4|5,0.5634
6753.367019,-0.176388,-0.403036,0.005901,0.684402,0.002007,0.005706,-0.227094,-0.009815,0.227306,0|1|2|3|4|5,0.5634
6753.383686,-0.170656,-0.411534,0.005958,0.691427,0.001157,0.005647,-0.229500,-0.005851,0.229574,0|1|2|3|4|5,0.5642
6753.400352,-0.170619,-0.420445,0.005921,0.698374,0.001166,0.005490,-0.231604,-0.005839,0.231677,0|1|2|3|4|5,0.5626
6753.417019,-0.183337,-0.429248,0.006198,0.698374,0.001166,0.005490,-0.226820,-0.012752,0.227178,0|1|2|3|4|5,0.5629
6753.433686,-0.182753,-0.437324,0.005304,0.712376,0.001912,0.005424,-0.236433,-0.013181,0.236800,0|1|2|3|4|5,0.5641
6753.450352,-0.177724,-0.446404,0.005085,0.712376,0.001912,0.005424,-0.231498,-0.010448,0.231734,0|1|2|3|4|5,0.5642
6753.467019,-0.172979,-0.455162,0.005253,0.719447,0.001963,0.005415,-0.233809,-0.007921,0.233943,0|1|2|3|4|5,0.5645
6753.500352,-0.184501,-0.472852,0.005417,0.740316,0.001074,0.005466,-0.245065,-0.013294,0.245425,0|1|2|3|4|5,0.5640
6753.517019,-0.195332,-0.481327,0.005138,0.747303,0.001746,0.005529,-0.247446,-0.019853,0.248241,0|1|2|3|4|5,0.5640
6753.533686,-0.186616,-0.488848,0.005210,0.754252,0.002411,0.005558,-0.250307,-0.015781,0.250804,0|1|2|3|4|5,0.5645
6753.567019,-0.168236,-0.507284,0.005359,0.768428,0.001797,0.005750,-0.254463,-0.005179,0.254516,0|1|2|3|4|5,0.5608
6753.583686,-0.165496,-0.516590,0.005418,0.775477,0.002207,0.005928,-0.256454,-0.004100,0.256486,0|1|2|3|4|5,0.5594
6753.600352,-0.178280,-0.524298,0.005608,0.782544,0.002591,0.005938,-0.259332,-0.011432,0.259584,0|1|2|3|4|5,0.5611
6753.617019,-0.173120,-0.533470,0.006102,0.782544,0.002591,0.005938,-0.254347,-0.008628,0.254493,0|1|2|3|4|5,0.5620
6753.633686,-0.167863,-0.544018,0.004481,0.796459,0.003297,0.005889,-0.262530,-0.006478,0.262610,0|1|2|3|4|5|6|7,0.5526
6753.683686,-0.165470,-0.571134,0.003959,0.817796,0.002640,0.005850,-0.269130,-0.004522,0.269168,2|3|4|5|6|7,0.5643
6753.717019,-0.170116,-0.588409,0.004982,0.831919,0.003243,0.006009,-0.273863,-0.007651,0.273970,2|3|4|5|6|7,0.5652
6753.733686,-0.165882,-0.597333,0.004529,0.831919,0.003243,0.006009,-0.269014,-0.005350,0.269067,2|3|4|5|6|7,0.5638
6753.750352,-0.162241,-0.606167,0.004765,0.838777,0.003511,0.006037,-0.271071,-0.003639,0.271095,2|3|4|5|6|7,0.5625
6753.767019,-0.162243,-0.606167,0.004767,0.852728,0.003273,0.006049,-0.285022,-0.003402,0.285042,2|3|4|5|6|7,0.5605
6753.800352,-0.163263,-0.630788,0.005870,0.859920,0.003880,0.006027,-0.278833,-0.004565,0.278870,2|3|4|5|6|7,0.5621
6753.817019,-0.155149,-0.640024,0.005236,0.874259,0.005021,0.005992,-0.288151,-0.001296,0.288154,2|3|4|5|6|7,0.5630
6753.833686,-0.155149,-0.640025,0.005239,0.881145,0.004699,0.006036,-0.295037,-0.000974,0.295039,2|3|4|5|6|7,0.5618
6753.867019,-0.146254,-0.667163,0.005425,0.895147,0.003859,0.006116,-0.294289,0.004699,0.294327,2|3|4|5|6|7,0.5615
6753.883686,-0.160100,-0.676069,0.005837,0.895147,0.003859,0.006116,-0.289450,-0.002827,0.289464,2|3|4|5|6|7,0.5632
6753.933686,-0.154679,-0.702890,0.007158,0.916514,0.004418,0.006488,-0.296241,-0.000440,0.296241,2|3|4|5|6|7,0.5634
6753.950352,-0.153136,-0.712185,0.007403,0.923524,0.003817,0.006664,-0.298199,0.000998,0.298201,2|3|4|5|6|7,0.5614
6753.967019,-0.162197,-0.720154,0.007618,0.930658,0.003975,0.006477,-0.301002,-0.004083,0.301030,2|3|4|5|6|7,0.5605
6753.983686,-0.160038,-0.728963,0.007877,0.937850,0.004201,0.006478,-0.303406,-0.003137,0.303422,2|3|4|5|6|7,0.5613
6754.000352,-0.157222,-0.738270,0.008573,0.945043,0.004412,0.006509,-0.305542,-0.001818,0.305547,2|3|4|5|6|7,0.5619
6754.017019,-0.157224,-0.738269,0.008571,0.952007,0.004594,0.006492,-0.312506,-0.002000,0.312512,2|3|4|5|6|7,0.5618
6754.067019,-0.154734,-0.747367,0.007922,0.973455,0.003810,0.006563,-0.329009,0.000137,0.329009,2|3|4|5|6|7,0.5603
6754.083686,-0.163883,-0.773438,0.007310,0.987901,0.003614,0.006524,-0.329286,-0.004641,0.329319,2|3|4|5|6|7,0.5613
6754.100352,-0.165436,-0.782861,0.007078,0.987901,0.003614,0.006524,-0.324165,-0.005485,0.324211,2|3|4|5|6|7,0.5616
6754.117019,-0.169303,-0.801256,0.007339,0.994841,0.003475,0.006555,-0.321108,-0.007449,0.321194,2|3|4|5|6|7,0.5600
6754.150352,-0.161251,-0.818341,0.005649,1.015566,0.004499,0.006557,-0.332548,-0.004097,0.332573,2|3|4|5|6|7|8,0.5531
6754.167019,-0.161232,-0.818412,0.005605,1.022521,0.004610,0.006550,-0.339465,-0.004198,0.339491,2|3|4|5|6|7|8,0.5631
6754.183686,-0.159732,-0.826867,0.005326,1.022521,0.004610,0.006550,-0.334869,-0.003383,0.334887,2|3|4|5|6|7|8,0.5581
6754.200352,-0.157826,-0.844931,0.004823,1.029467,0.004704,0.006482,-0.331998,-0.002442,0.332007,3|4|5|6|7|8,0.5644
6754.233686,-0.157531,-0.862395,0.004996,1.043327,0.003798,0.006425,-0.336366,-0.001377,0.336369,3|4|5|6|7|8,0.5610
6754.250352,-0.171662,-0.870136,0.004647,1.050249,0.003920,0.006497,-0.339082,-0.009179,0.339206,3|4|5|6|7|8,0.5614
6754.267019,-0.170790,-0.879321,0.005007,1.064006,0.004074,0.006632,-0.347847,-0.008860,0.347960,3|4|5|6|7|8,0.5624
6754.283686,-0.170432,-0.887904,0.005217,1.071029,0.004157,0.006681,-0.350205,-0.008748,0.350314,3|4|5|6|7|8,0.5628
6754.300352,-0.169914,-0.896743,0.004960,1.071029,0.004157,0.006681,-0.345401,-0.008467,0.345505,3|4|5|6|7|8,0.5631
6754.317019,-0.169496,-0.905559,0.004889,1.078123,0.004395,0.006722,-0.347703,-0.008478,0.347807,3|4|5|6|7|8,0.5622
6754.333686,-0.166242,-0.913450,0.004934,1.085140,0.005284,0.006877,-0.350433,-0.007599,0.350515,3|4|5|6|7|8,0.5611
6754.350352,-0.155313,-0.922596,0.004991,1.092132,0.005111,0.006917,-0.352453,-0.001487,0.352456,3|4|5|6|7|8,0.5598
6754.367019,-0.158477,-0.931552,0.005165,1.098986,0.004917,0.006912,-0.354440,-0.003012,0.354453,3|4|5|6|7|8,0.5609
6754.383686,-0.161911,-0.940373,0.005405,1.105949,0.004729,0.006883,-0.356610,-0.004692,0.356640,3|4|5|6|7|8,0.5609
6754.400352,-0.165151,-0.949034,0.006224,1.113019,0.004520,0.006863,-0.358972,-0.006243,0.359026,3|4|5|6|7|8,0.5619
6754.433686,-0.172840,-0.965705,0.006229,1.127162,0.004338,0.006849,-0.364055,-0.010241,0.364199,3|4|5|6|7|8,0.5621
6754.467019,-0.172468,-0.984134,0.006271,1.147703,0.004487,0.006819,-0.374580,-0.010189,0.374718,3|4|5|6|7|8,0.5630
6754.483686,-0.172598,-0.992674,0.006896,1.147703,0.004487,0.006819,-0.369939,-0.010260,0.370081,3|4|5|6|7|8,0.5627
6754.500352,-0.172595,-1.001453,0.007086,1.154643,0.004589,0.006613,-0.372107,-0.010360,0.372251,3|4|5|6|7|8,0.5627
6754.517019,-0.171540,-1.010577,0.007613,1.168427,0.004421,0.005705,-0.380933,-0.009620,0.381054,3|4|5|6|7|8,0.5613
6754.533686,-0.173914,-1.017950,0.006895,1.168427,0.004421,0.005705,-0.376926,-0.010910,0.377084,3|4|5|6|7|8,0.5619
6754.550352,-0.174231,-1.026934,0.005926,1.175325,0.004440,0.005142,-0.378941,-0.011101,0.379104,3|4|5|6|7|8,0.5633
6754.567019,-0.174231,-1.026933,0.005928,1.189341,0.004662,0.004143,-0.392958,-0.011323,0.393121,3|4|5|6|7|8,0.5631
6754.583686,-0.173976,-1.035789,0.005078,1.196585,0.003969,0.004216,-0.395389,-0.010492,0.395528,3|4|5|6|7|8,0.5630
6754.600352,-0.172877,-1.044897,0.004657,1.203316,0.003546,0.003562,-0.397169,-0.009472,0.397282,3|4|5|6|7|8,0.5628
6754.617019,-0.185067,-1.062068,0.003798,1.210035,0.003975,0.003202,-0.394558,-0.016527,0.394904,3|4|5|6|7|8,0.5632
6754.633686,-0.189712,-1.070190,0.003023,1.210035,0.003975,0.003202,-0.390144,-0.019051,0.390609,3|4|5|6|7|8,0.5635
6754.650352,-0.189710,-1.070191,0.003025,1.223514,0.005107,0.003065,-0.403622,-0.020183,0.404126,3|4|5|6|7|8,0.5631
6754.667019,-0.175414,-1.087490,0.003296,1.223514,0.005107,0.003065,-0.394220,-0.012414,0.394415,3|4|5|6|7|8,0.5631
6754.683686,-0.167211,-1.096933,0.003437,1.237456,0.004462,0.002401,-0.403029,-0.007311,0.403096,3|4|5|6|7|8|9|10,0.5530
6754.717019,-0.177369,-1.112506,0.002705,1.244202,0.004546,0.001499,-0.401312,-0.012916,0.401520,3|4|5|6|7|8|9|10,0.5514
6754.733686,-0.174168,-1.121451,0.000647,1.250808,0.004863,0.001224,-0.403057,-0.011494,0.403221,5|6|7|8|9|10,0.5641
6754.767019,-0.163858,-1.138395,-0.000560,1.264315,0.005689,0.000262,-0.407354,-0.006717,0.407409,5|6|7|8|9|10,0.5643
6754.783686,-0.163858,-1.138397,-0.000559,1.278521,0.004387,-0.000278,-0.421560,-0.005415,0.421594,5|6|7|8|9|10,0.5638
6754.817019,-0.176785,-1.164934,-0.001496,1.291799,0.004999,-0.000716,-0.420416,-0.013054,0.420618,5|6|7|8|9|10,0.5631
6754.833686,-0.176784,-1.164934,-0.001497,1.291799,0.004999,-0.000716,-0.420416,-0.013053,0.420618,5|6|7|8|9|10,0.5628
6754.850352,-0.174813,-1.172304,-0.001896,1.305405,0.006220,-0.001295,-0.430016,-0.013204,0.430219,5|6|7|8|9|10,0.5631
6754.867019,-0.167311,-1.181224,-0.001892,1.312657,0.005723,-0.000988,-0.432420,-0.008630,0.432507,5|6|7|8|9|10,0.5628
6754.883686,-0.158828,-1.190200,-0.001747,1.319837,0.005046,-0.001536,-0.434721,-0.003343,0.434734,5|6|7|8|9|10,0.5621
6754.900352,-0.160376,-1.207456,-0.001584,1.319837,0.005046,-0.001536,-0.425343,-0.004185,0.425363,5|6|7|8|9|10,0.5606
6754.933686,-0.166476,-1.224308,-0.001872,1.333138,0.006089,-0.002491,-0.429485,-0.008543,0.429570,5|6|7|8|9|10,0.5608
6754.950352,-0.153584,-1.233051,-0.001960,1.346899,0.006367,-0.002486,-0.438494,-0.001815,0.438498,5|6|7|8|9|10,0.5605
6754.967019,-0.143127,-1.241297,-0.001945,1.346899,0.006367,-0.002486,-0.434012,0.003867,0.434030,5|6|7|8|9|10,0.5619
6754.983686,-0.143128,-1.241298,-0.001939,1.360697,0.005380,-0.002501,-0.447810,0.004853,0.447837,5|6|7|8|9|10,0.5633
6755.000352,-0.156234,-1.259325,-0.001895,1.360697,0.005380,-0.002501,-0.438013,-0.002270,0.438019,5|6|7|8|9|10,0.5633
6755.017019,-0.156234,-1.259325,-0.001896,1.374896,0.006078,-0.002219,-0.452212,-0.002968,0.452222,5|6|7|8|9|10,0.5625
6755.033686,-0.162967,-1.268354,-0.002348,1.381944,0.006368,-0.001970,-0.454354,-0.006917,0.454407,5|6|7|8|9|10,0.5635
6755.050352,-0.151789,-1.285806,-0.001939,1.381944,0.006368,-0.001970,-0.444869,-0.000843,0.444869,5|6|7|8|9|10,0.5631
6755.083686,-0.157242,-1.303460,-0.001756,1.396228,0.005129,-0.001905,-0.449558,-0.002568,0.449565,5|6|7|8|9|10,0.5632
6755.117019,-0.157244,-1.303461,-0.001756,1.417809,0.006645,-0.001842,-0.471138,-0.004085,0.471156,5|6|7|8|9|10,0.5631
6755.133686,-0.153249,-1.330284,-0.001528,1.424724,0.006172,-0.001855,-0.463476,-0.001443,0.463478,5|6|7|8|9|10,0.5628
6755.150352,-0.153249,-1.330284,-0.001528,1.431771,0.005299,-0.001887,-0.470523,-0.000569,0.470523,5|6|7|8|9|10,0.5614
6755.167019,-0.143758,-1.339654,-0.002337,1.438931,0.004474,-0.001877,-0.472590,0.005413,0.472621,5|6|7|8|9|10,0.5626
6755.183686,-0.162472,-1.356381,-0.001858,1.446081,0.004812,-0.001745,-0.470649,-0.005096,0.470677,5|6|7|8|9|10,0.5631
6755.200352,-0.173919,-1.365909,-0.002110,1.446081,0.004812,-0.001745,-0.465472,-0.011318,0.465610,5|6|7|8|9|10|11,0.5534
6755.233686,-0.164279,-1.384186,-0.001580,1.460272,0.005431,-0.000973,-0.469729,-0.006699,0.469777,5|6|7|8|9|10|11,0.5608
6755.250352,-0.159411,-1.393036,-0.001118,1.473994,0.004390,-0.000944,-0.478641,-0.003012,0.478650,5|6|7|8|9|10|11,0.5544
6755.267019,-0.159344,-1.393346,-0.000938,1.473994,0.004390,-0.000944,-0.478473,-0.002975,0.478482,6|7|8|9|10|11,0.5617
6755.283686,-0.169001,-1.401078,-0.000949,1.487956,0.005455,-0.000976,-0.488234,-0.009289,0.488322,6|7|8|9|10|11,0.5623
6755.317019,-0.173786,-1.409173,-0.000595,1.501613,0.005747,-0.000930,-0.497491,-0.012182,0.497640,6|7|8|9|10|11,0.5624
6755.333686,-0.151538,-1.436510,-0.000667,1.508347,0.004812,-0.000960,-0.489368,0.000843,0.489368,6|7|8|9|10|11,0.5612
6755.350352,-0.151540,-1.436511,-0.000666,1.515212,0.003855,-0.000741,-0.496232,0.001799,0.496235,6|7|8|9|10|11,0.5608
6755.383686,-0.155319,-1.444369,-0.000746,1.522088,0.004134,-0.000579,-0.498837,-0.000534,0.498837,6|7|8|9|10|11,0.5625
6755.400352,-0.182229,-1.461754,-0.000401,1.535985,0.005026,-0.000528,-0.503287,-0.016051,0.503543,6|7|8|9|10|11,0.5636
6755.417019,-0.171243,-1.478974,-0.001036,1.535985,0.005026,-0.000528,-0.493927,-0.010081,0.494030,6|7|8|9|10|11,0.5629
6755.433686,-0.164845,-1.488285,-0.001266,1.543047,0.005420,-0.000540,-0.495929,-0.006999,0.495978,6|7|8|9|10|11,0.5613
6755.450352,-0.164844,-1.488285,-0.001265,1.556944,0.004899,0.000038,-0.509826,-0.006478,0.509867,6|7|8|9|10|11,0.5600
6755.467019,-0.167352,-1.504585,-0.001039,1.556944,0.004899,0.000038,-0.500968,-0.007842,0.501029,6|7|8|9|10|11,0.5588
6755.483686,-0.167299,-1.513223,-0.000837,1.563965,0.005027,0.000311,-0.503294,-0.007940,0.503356,6|7|8|9|10|11,0.5595
6755.500352,-0.167299,-1.513224,-0.000838,1.577998,0.005272,0.000295,-0.517326,-0.008185,0.517391,6|7|8|9|10|11,0.5597
6755.517019,-0.163285,-1.531516,-0.000648,1.577998,0.005272,0.000295,-0.507385,-0.006005,0.507421,6|7|8|9|10|11,0.5596
6755.533686,-0.161858,-1.540364,-0.000692,1.584828,0.004437,0.000280,-0.509406,-0.004394,0.509425,6|7|8|9|10|11,0.5584
6755.567019,-0.186464,-1.556317,-0.000180,1.605657,0.004247,0.001011,-0.521566,-0.017578,0.521862,6|7|8|9|10|11,0.5615
6755.583686,-0.186464,-1.556316,-0.000179,1.612513,0.004594,0.001091,-0.528423,-0.017925,0.528727,6|7|8|9|10|11,0.5621
6755.600352,-0.175525,-1.574716,0.000788,1.612513,0.004594,0.001091,-0.518423,-0.011981,0.518561,6|7|8|9|10|11,0.5624
6755.617019,-0.175525,-1.574716,0.000786,1.626103,0.004142,0.001024,-0.532012,-0.011528,0.532137,6|7|8|9|10|11,0.5629
6755.633686,-0.170900,-1.583290,0.000426,1.632944,0.003946,0.000989,-0.534193,-0.008820,0.534266,6|7|8|9|10|11,0.5620
6755.650352,-0.178650,-1.599526,0.000035,1.632944,0.003946,0.000989,-0.525370,-0.013032,0.525531,6|7|8|9|10|11,0.5620
6755.667019,-0.180961,-1.608135,0.000209,1.646744,0.004442,0.001232,-0.534490,-0.014785,0.534694,6|7|8|9|10|11,0.5628
6755.683686,-0.177310,-1.617460,0.000169,1.653644,0.004626,0.001245,-0.536322,-0.012985,0.536480,6|7|8|9|10|11,0.5622
6755.700352,-0.174108,-1.626267,-0.000428,1.653644,0.004626,0.001245,-0.531536,-0.011245,0.531655,6|7|8|9|10|11,0.5629
6755.717019,-0.171480,-1.635069,-0.000252,1.660460,0.004054,0.001286,-0.533568,-0.009245,0.533649,6|7|8|9|10|11,0.5620
6755.733686,-0.179751,-1.644157,-0.001276,1.667450,0.003077,0.001348,-0.535620,-0.012764,0.535772,6|7|8|9|10|11|12|13,0.5499
6755.750352,-0.193330,-1.652060,-0.000787,1.681507,0.003999,0.001381,-0.545382,-0.021066,0.545789,6|7|8|9|10|11|12|13,0.5641
6755.767019,-0.186573,-1.660001,-0.000778,1.681507,0.003999,0.001381,-0.541066,-0.017393,0.541346,6|7|8|9|10|11|12|13,0.5626
6755.783686,-0.186574,-1.660035,-0.000805,1.695722,0.004888,0.001571,-0.555262,-0.018283,0.555563,6|7|8|9|10|11|12|13,0.5531
6755.800352,-0.173699,-1.678859,-0.000919,1.695722,0.004888,0.001571,-0.545031,-0.011287,0.545148,8|9|10|11|12|13,0.5614
6755.817019,-0.167988,-1.687846,-0.000876,1.702599,0.004776,0.001835,-0.547023,-0.008071,0.547083,8|9|10|11|12|13,0.5597
6755.833686,-0.170022,-1.695609,-0.001041,1.709647,0.004923,0.002025,-0.549852,-0.009323,0.549931,8|9|10|11|12|13,0.5602
6755.850352,-0.168211,-1.704509,-0.000449,1.716580,0.005042,0.002305,-0.551949,-0.008459,0.552014,8|9|10|11|12|13,0.5622
6755.867019,-0.166613,-1.713408,0.000111,1.730200,0.005193,0.002304,-0.560732,-0.007742,0.560786,8|9|10|11|12|13,0.5631
6755.883686,-0.165550,-1.722058,0.000152,1.730200,0.005193,0.002304,-0.556031,-0.007165,0.556077,8|9|10|11|12|13,0.5640
6755.900352,-0.164978,-1.730718,0.000277,1.743974,0.005094,0.002582,-0.565099,-0.006756,0.565139,8|9|10|11|12|13,0.5635
6755.917019,-0.164980,-1.730717,0.000276,1.751019,0.005166,0.002843,-0.572144,-0.006828,0.572185,8|9|10|11|12|13,0.5629
6755.933686,-0.166962,-1.747378,0.000184,1.751019,0.005166,0.002843,-0.563089,-0.007906,0.563145,8|9|10|11|12|13,0.5624
6755.967019,-0.166458,-1.765238,0.000215,1.772170,0.005105,0.003034,-0.574534,-0.007571,0.574584,8|9|10|11|12|13,0.5631
6755.983686,-0.167070,-1.774318,0.000487,1.779062,0.004997,0.003304,-0.576491,-0.007797,0.576544,8|9|10|11|12|13,0.5629
6756.000352,-0.168471,-1.783333,0.000736,1.786010,0.005991,0.003617,-0.578540,-0.009552,0.578619,8|9|10|11|12|13,0.5620
6756.017019,-0.170311,-1.792441,0.000768,1.792977,0.006288,0.003910,-0.580557,-0.010850,0.580658,8|9|10|11|12|13,0.5596
6756.033686,-0.155966,-1.800063,0.000902,1.792977,0.006288,0.003910,-0.576413,-0.003054,0.576422,8|9|10|11|12|13,0.5602
6756.050352,-0.152317,-1.808857,0.001147,1.806686,0.006733,0.003963,-0.585344,-0.001516,0.585346,8|9|10|11|12|13,0.5617
6756.083686,-0.152317,-1.808856,0.001144,1.813573,0.006889,0.003992,-0.592231,-0.001673,0.592233,8|9|10|11|12|13,0.5630
6756.100352,-0.145590,-1.835180,0.001492,1.820409,0.006887,0.004307,-0.584760,0.001984,0.584763,8|9|10|11|12|13,0.5622
6756.117019,-0.146555,-1.843051,0.001883,1.827286,0.006751,0.004678,-0.587359,0.001595,0.587362,8|9|10|11|12|13,0.5624
6756.133686,-0.146555,-1.843052,0.001887,1.834207,0.006572,0.005179,-0.594281,0.001775,0.594283,8|9|10|11|12|13,0.5635
6756.150352,-0.152044,-1.860638,0.002665,1.848343,0.006111,0.005544,-0.598858,-0.000748,0.598859,8|9|10|11|12|13,0.5638
6756.167019,-0.155951,-1.869595,0.002389,1.848343,0.006111,0.005544,-0.593991,-0.002872,0.593998,8|9|10|11|12|13,0.5629
6756.183686,-0.160426,-1.878647,0.001831,1.862383,0.007026,0.006081,-0.603111,-0.006219,0.603143,8|9|10|11|12|13,0.5623
6756.200352,-0.162099,-1.886724,0.002205,1.869123,0.006971,0.006746,-0.605461,-0.007073,0.605503,8|9|10|11|12|13,0.5616
6756.217019,-0.148436,-1.895739,0.002221,1.869123,0.006971,0.006746,-0.600562,0.000352,0.600562,8|9|10|11|12|13,0.5624
6756.233686,-0.151579,-1.904258,0.003648,1.882873,0.006506,0.006924,-0.609683,-0.000892,0.609683,8|9|10|11|12|13,0.5633
6756.250352,-0.155378,-1.913001,0.004191,1.882873,0.006506,0.006924,-0.604931,-0.002958,0.604938,8|9|10|11|12|13,0.5637
6756.267019,-0.159815,-1.922559,0.003862,1.890005,0.006223,0.006989,-0.606868,-0.005086,0.606890,8|9|10|11|12|13|14,0.5577
6756.283686,-0.159818,-1.922630,0.003818,1.904202,0.007261,0.007419,-0.621027,-0.006125,0.621057,8|9|10|11|12|13|14,0.5629
6756.300352,-0.159770,-1.939313,0.004870,1.904202,0.007261,0.007419,-0.611960,-0.006100,0.611990,8|9|10|11|12|13|14,0.5555
6756.317019,-0.159687,-1.939735,0.005147,1.918333,0.006202,0.007687,-0.625861,-0.004996,0.625881,9|10|11|12|13|14,0.5604
6756.333686,-0.160515,-1.957621,0.006104,1.925372,0.005623,0.007621,-0.623180,-0.004869,0.623199,9|10|11|12|13|14,0.5625
6756.350352,-0.169024,-1.966275,0.005982,1.932233,0.006297,0.007628,-0.625338,-0.010167,0.625421,9|10|11|12|13|14,0.5616
6756.367019,-0.169020,-1.966275,0.005989,1.932233,0.006297,0.007628,-0.625338,-0.010165,0.625421,9|10|11|12|13|14,0.5604
6756.383686,-0.168109,-1.982607,0.004986,1.938962,0.007177,0.007679,-0.623190,-0.010550,0.623280,9|10|11|12|13|14,0.5615
6756.400352,-0.168109,-1.982606,0.004987,1.952395,0.007341,0.007626,-0.636624,-0.010714,0.636714,9|10|11|12|13|14,0.5618
6756.417019,-0.156254,-1.991715,0.004543,1.952395,0.007341,0.007626,-0.631673,-0.004271,0.631688,9|10|11|12|13|14,0.5624
6756.433686,-0.155511,-2.008610,0.004405,1.966055,0.006501,0.007572,-0.636152,-0.003029,0.636159,9|10|11|12|13|14,0.5624
6756.450352,-0.161997,-2.017185,0.004470,1.966055,0.006501,0.007572,-0.631491,-0.006554,0.631525,9|10|11|12|13|14,0.5633
6756.483686,-0.161995,-2.017185,0.004472,1.984944,0.008007,0.009188,-0.650380,-0.008059,0.650430,9|10|11|12|13|14,0.5609
6756.500352,-0.167132,-2.033695,0.005059,1.984944,0.008007,0.009188,-0.641408,-0.010851,0.641500,9|10|11|12|13|14,0.5601
6756.517019,-0.152886,-2.058314,0.006513,1.988765,0.008247,0.010548,-0.631848,-0.003349,0.631857,9|10|11|12|13|14,0.5605
6756.533686,-0.152168,-2.063768,0.007648,1.991420,0.008348,0.011886,-0.631538,-0.003061,0.631546,9|10|11|12|13|14,0.5604
6756.550352,-0.152172,-2.063770,0.007640,1.992313,0.008391,0.012611,-0.632431,-0.003106,0.632438,9|10|11|12|13|14,0.5600
6756.567019,-0.151887,-2.060819,0.008758,1.992351,0.008397,0.012612,-0.634073,-0.002956,0.634080,9|10|11|12|13|14,0.5592
6756.583686,-0.151830,-2.059147,0.008928,1.992351,0.008397,0.012612,-0.634981,-0.002925,0.634988,9|10|11|12|13|14,0.5591
6756.600352,-0.151854,-2.059225,0.008500,1.992357,0.008397,0.012611,-0.634945,-0.002939,0.634952,9|10|11|12|13|14,0.5581
6756.617019,-0.151853,-2.059225,0.008499,1.992369,0.008399,0.012611,-0.634957,-0.002940,0.634964,9|10|11|12|13|14,0.5581
6756.633686,-0.151716,-2.059292,0.008828,1.992374,0.008400,0.012611,-0.634926,-0.002867,0.634933,9|10|11|12|13|14,0.5579
6756.650352,-0.151699,-2.059268,0.008667,1.992374,0.008400,0.012611,-0.634939,-0.002857,0.634945,9|10|11|12|13|14,0.5574
6756.667019,-0.151699,-2.059269,0.008668,1.992387,0.008401,0.012610,-0.634951,-0.002859,0.634958,9|10|11|12|13|14,0.5576
6756.683686,-0.151647,-2.059396,0.008750,1.992393,0.008402,0.012610,-0.634888,-0.002831,0.634894,9|10|11|12|13|14,0.5575
6756.700352,-0.151699,-2.059402,0.008914,1.992399,0.008403,0.012610,-0.634891,-0.002861,0.634897,9|10|11|12|13|14,0.5571
6756.717019,-0.151671,-2.059391,0.009379,1.992399,0.008403,0.012610,-0.634897,-0.002845,0.634904,9|10|11|12|13|14,0.5568
6756.750352,-0.151690,-2.059410,0.009186,1.992417,0.008405,0.012610,-0.634904,-0.002858,0.634910,9|10|11|12|13|14,0.5561
6756.767019,-0.151756,-2.059388,0.009141,1.992417,0.008405,0.012610,-0.634916,-0.002894,0.634923,9|10|11|12|13|14,0.5564
6756.783686,-0.151756,-2.059388,0.009142,1.992430,0.008407,0.012610,-0.634929,-0.002895,0.634936,9|10|11|12|13|14,0.5566
6756.800352,-0.151689,-2.059425,0.009235,1.992430,0.008407,0.012610,-0.634909,-0.002859,0.634915,9|10|11|12|13|14,0.5564
6756.817019,-0.151694,-2.059481,0.009337,1.992436,0.008408,0.012610,-0.634884,-0.002862,0.634891,9|10|11|12|13|14,0.5563
6756.833686,-0.151710,-2.059429,0.009319,1.992447,0.008409,0.012609,-0.634924,-0.002873,0.634931,9|10|11|12|13|14,0.5569
6756.867019,-0.151709,-2.059429,0.009320,1.992460,0.008411,0.012608,-0.634937,-0.002874,0.634944,9|10|11|12|13|14,0.5560
6756.883686,-0.151661,-2.059434,0.009408,1.992460,0.008411,0.012608,-0.634934,-0.002848,0.634941,9|10|11|12|13|14,0.5561
6756.900352,-0.151654,-2.059366,0.009539,1.998458,0.007785,0.011472,-0.640969,-0.002218,0.640973,9|10|11|12|13|14,0.5562
6756.917019,-0.156362,-2.057685,0.008574,2.002954,0.007325,0.011029,-0.646379,-0.004317,0.646393,9|10|11|12|13|14,0.5609
6756.933686,-0.156362,-2.057685,0.008571,2.002954,0.007325,0.011029,-0.646378,-0.004317,0.646393,9|10|11|12|13|14,0.5615
6756.950352,-0.171772,-2.072005,0.008109,2.009085,0.007218,0.011457,-0.644728,-0.012585,0.644851,9|10|11|12|13|14,0.5613
6756.967019,-0.172876,-2.078601,0.008623,2.015903,0.007906,0.011969,-0.647961,-0.013873,0.648110,9|10|11|12|13|14,0.5627
6756.983686,-0.163170,-2.087755,0.008754,2.022889,0.008628,0.012059,-0.649971,-0.009321,0.650038,9|10|11|12|13|14,0.5627
6757.000352,-0.153776,-2.096871,0.008913,2.036532,0.008506,0.012055,-0.658661,-0.004093,0.658673,9|10|11|12|13|14,0.5616
6757.033686,-0.153776,-2.096871,0.008914,2.043370,0.007805,0.012046,-0.665498,-0.003393,0.665507,9|10|11|12|13|14,0.5611
6757.050352,-0.170223,-2.122526,0.009548,2.050355,0.008000,0.012077,-0.658540,-0.012527,0.658660,9|10|11|12|13|14,0.5613
6757.083686,-0.170223,-2.122526,0.009549,2.064682,0.009008,0.012054,-0.672868,-0.013535,0.673004,9|10|11|12|13|14,0.5609
6757.100352,-0.156540,-2.148652,0.010176,2.078864,0.008029,0.012037,-0.672851,-0.005121,0.672870,9|10|11|12|13|14,0.5607
6757.117019,-0.156539,-2.148653,0.010177,2.085705,0.007664,0.012016,-0.679691,-0.004756,0.679708,9|10|11|12|13|14,0.5623
6757.167019,-0.168777,-2.183585,0.010415,2.099606,0.009106,0.012045,-0.674608,-0.012850,0.674730,9|10|11|12|13|14,0.5624
6757.183686,-0.160149,-2.193334,0.010680,2.113577,0.008385,0.011970,-0.683280,-0.007441,0.683321,9|10|11|12|13|14|16,0.5539
6757.200352,-0.163202,-2.201992,0.008798,2.120614,0.007787,0.011976,-0.685612,-0.008502,0.685665,9|10|11|12|13|14|15|16,0.5613
6757.233686,-0.184341,-2.219728,0.006719,2.134627,0.008616,0.011996,-0.689987,-0.020821,0.690301,10|11|12|13|14|15|16,0.5559
6757.250352,-0.185289,-2.228193,0.008024,2.134627,0.008616,0.011996,-0.685386,-0.021336,0.685718,11|12|13|14|15|16,0.5630
6757.267019,-0.185289,-2.228191,0.008023,2.148836,0.008545,0.012087,-0.699595,-0.021265,0.699919,11|12|13|14|15|16,0.5620
6757.283686,-0.173736,-2.246407,0.006959,2.148836,0.008545,0.012087,-0.689695,-0.014987,0.689858,11|12|13|14|15|16,0.5621
6757.317019,-0.182242,-2.264750,0.007284,2.170294,0.009870,0.012179,-0.701184,-0.020936,0.701497,11|12|13|14|15|16,0.5621
6757.333686,-0.182242,-2.264750,0.007283,2.177388,0.011035,0.012098,-0.708279,-0.022101,0.708624,11|12|13|14|15|16,0.5619
6757.350352,-0.162727,-2.281445,0.007121,2.184311,0.011062,0.012089,-0.706127,-0.011522,0.706221,11|12|13|14|15|16,0.5628
6757.367019,-0.162729,-2.281444,0.007122,2.191268,0.010374,0.012080,-0.713085,-0.010835,0.713167,11|12|13|14|15|16,0.5630
6757.417019,-0.169822,-2.317543,0.008146,2.212463,0.010749,0.012124,-0.714661,-0.015067,0.714820,11|12|13|14|15|16,0.5623
6757.433686,-0.166213,-2.325360,0.007642,2.212463,0.010749,0.012124,-0.710412,-0.013106,0.710533,11|12|13|14|15|16,0.5625
6757.450352,-0.157114,-2.334761,0.007234,2.226451,0.010805,0.012128,-0.719291,-0.008217,0.719338,11|12|13|14|15|16,0.5623
6757.467019,-0.148778,-2.343878,0.006949,2.233454,0.010123,0.012168,-0.721339,-0.003004,0.721345,11|12|13|14|15|16,0.5622
6757.483686,-0.158949,-2.352358,0.006538,2.240298,0.009750,0.012113,-0.723575,-0.008160,0.723621,11|12|13|14|15|16,0.5634
6757.500352,-0.158949,-2.352357,0.006538,2.247398,0.010825,0.012362,-0.730676,-0.009234,0.730734,11|12|13|14|15|16,0.5622
6757.517019,-0.175713,-2.368164,0.006856,2.247398,0.010825,0.012362,-0.722086,-0.018346,0.722319,11|12|13|14|15|16,0.5626
6757.533686,-0.175713,-2.368163,0.006857,2.261281,0.012861,0.012644,-0.735969,-0.020382,0.736251,11|12|13|14|15|16,0.5620
6757.567019,-0.135234,-2.395826,0.007349,2.268269,0.012586,0.012527,-0.727921,0.001891,0.727923,11|12|13|14|15|16,0.5613
6757.583686,-0.135234,-2.395827,0.007349,2.275325,0.012271,0.012455,-0.734976,0.002206,0.734980,11|12|13|14|15|16,0.5615
6757.600352,-0.146382,-2.413876,0.007352,2.289679,0.012978,0.012417,-0.739521,-0.004560,0.739535,11|12|13|14|15|16,0.5615
6757.617019,-0.146383,-2.413876,0.007351,2.296819,0.013606,0.012619,-0.746662,-0.005189,0.746680,11|12|13|14|15|16,0.5613
6757.633686,-0.138109,-2.431413,0.007743,2.296819,0.013606,0.012619,-0.737131,-0.000693,0.737131,11|12|13|14|15|16,0.5618
6757.650352,-0.130905,-2.440459,0.007434,2.310795,0.012190,0.012947,-0.746190,0.004638,0.746204,11|12|13|14|15|16,0.5614
6757.667019,-0.142320,-2.449340,0.007790,2.317875,0.011939,0.012993,-0.748443,-0.001315,0.748444,11|12|13|14|15|16,0.5626
6757.700352,-0.157916,-2.465896,0.007771,2.325011,0.012507,0.013043,-0.746583,-0.010360,0.746655,11|12|13|14|15|16,0.5632
6757.717019,-0.157917,-2.465896,0.007771,2.331938,0.013083,0.013126,-0.753510,-0.010936,0.753589,11|12|13|14|15|16,0.5636
6757.733686,-0.144625,-2.485030,0.006787,2.345712,0.012700,0.013174,-0.756884,-0.003330,0.756891,11|12|13|14|15|16|17,0.5629
6757.750352,-0.142435,-2.493255,0.005912,2.352853,0.011996,0.013239,-0.759555,-0.001436,0.759556,12|13|14|15|16|17,0.5633
6757.767019,-0.142435,-2.493254,0.005911,2.360021,0.012279,0.013288,-0.766723,-0.001720,0.766725,12|13|14|15|16|17,0.5628
6757.783686,-0.164969,-2.511447,0.006330,2.360021,0.012279,0.013288,-0.756837,-0.013967,0.756965,12|13|14|15|16|17,0.5621
6757.800352,-0.162010,-2.519767,0.007018,2.367333,0.012812,0.013292,-0.759627,-0.012892,0.759736,12|13|14|15|16|17,0.5634
6757.817019,-0.155762,-2.529718,0.007130,2.374590,0.013305,0.013318,-0.761475,-0.009990,0.761541,12|13|14|15|16|17,0.5630
6757.850352,-0.155762,-2.529720,0.007131,2.395122,0.012685,0.013335,-0.782007,-0.009370,0.782063,12|13|14|15|16|17,0.5612
6757.867019,-0.155797,-2.547209,0.007051,2.401851,0.013155,0.013337,-0.779230,-0.009859,0.779292,12|13|14|15|16|17,0.5615
6757.883686,-0.162514,-2.563209,0.007398,2.408577,0.013623,0.013375,-0.777261,-0.013979,0.777386,12|13|14|15|16|17,0.5617
6757.900352,-0.156872,-2.572283,0.007940,2.415395,0.014056,0.013379,-0.779147,-0.011345,0.779230,12|13|14|15|16|17,0.5616
6757.933686,-0.146559,-2.589870,0.008154,2.422243,0.013709,0.013334,-0.776437,-0.005395,0.776456,12|13|14|15|16|17,0.5613
6757.950352,-0.152916,-2.598099,0.007827,2.429219,0.012939,0.013317,-0.778940,-0.008080,0.778982,12|13|14|15|16|17,0.5619
6757.967019,-0.165030,-2.606949,0.007782,2.436139,0.013037,0.013317,-0.781052,-0.014761,0.781191,12|13|14|15|16|17,0.5617
6757.983686,-0.165030,-2.606949,0.007781,2.450264,0.014312,0.013299,-0.795177,-0.016037,0.795338,12|13|14|15|16|17,0.5624
6758.000352,-0.164389,-2.614474,0.007888,2.450264,0.014312,0.013299,-0.791087,-0.015689,0.791243,12|13|14|15|16|17,0.5621
6758.017019,-0.148887,-2.633145,0.007505,2.457118,0.014369,0.013430,-0.787793,-0.007321,0.787827,12|13|14|15|16|17,0.5615
6758.067019,-0.165934,-2.658079,0.008157,2.478128,0.013805,0.013874,-0.795252,-0.016023,0.795414,12|13|14|15|16|17,0.5622
6758.083686,-0.165934,-2.658079,0.008157,2.492196,0.014539,0.013870,-0.809320,-0.016757,0.809493,12|13|14|15|16|17,0.5632
6758.100352,-0.157764,-2.676836,0.008261,2.499221,0.014865,0.013869,-0.806151,-0.012644,0.806250,12|13|14|15|16|17,0.5629
6758.117019,-0.154101,-2.685986,0.008264,2.499221,0.014865,0.013869,-0.801178,-0.010653,0.801248,12|13|14|15|16|17,0.5619
6758.133686,-0.150992,-2.695049,0.007801,2.506111,0.014311,0.013911,-0.803142,-0.008410,0.803186,12|13|14|15|16|17,0.5605
6758.150352,-0.161421,-2.703054,0.008035,2.513100,0.014420,0.013920,-0.805781,-0.014188,0.805906,12|13|14|15|16|17,0.5599
6758.167019,-0.161422,-2.703054,0.008035,2.520194,0.014793,0.013943,-0.812875,-0.014560,0.813005,12|13|14|15|16|17,0.5615
6758.200352,-0.152934,-2.729581,0.008186,2.534648,0.015507,0.013870,-0.812912,-0.010663,0.812982,12|13|14|15|16|17,0.5623
6758.217019,-0.149642,-2.738831,0.007950,2.541902,0.014681,0.013955,-0.815139,-0.008049,0.815179,12|13|14|15|16|17,0.5614
6758.233686,-0.149642,-2.738832,0.007950,2.549005,0.014117,0.013791,-0.822241,-0.007484,0.822275,12|13|14|15|16|17,0.5622
6758.250352,-0.171134,-2.756386,0.009064,2.556014,0.014480,0.013734,-0.819711,-0.019529,0.819944,12|13|14|15|16|17|18|19,0.5633
6758.267019,-0.171131,-2.756420,0.009064,2.569819,0.015204,0.013792,-0.833498,-0.020251,0.833744,12|13|14|15|16|17|18|19,0.5577
6758.283686,-0.162366,-2.774871,0.008622,2.569819,0.015204,0.013792,-0.823469,-0.015488,0.823615,12|14|15|16|17|18|19,0.5566
6758.300352,-0.158988,-2.784562,0.007987,2.583949,0.014201,0.013686,-0.832333,-0.012649,0.832429,14|15|16|17|18|19,0.5618
6758.317019,-0.162272,-2.792999,0.007778,2.583949,0.014201,0.013686,-0.827748,-0.014434,0.827874,14|15|16|17|18|19,0.5626
6758.333686,-0.176769,-2.802124,0.008145,2.597898,0.014563,0.013648,-0.836737,-0.022675,0.837044,14|15|16|17|18|19,0.5616
6758.350352,-0.176769,-2.802124,0.008145,2.605126,0.015123,0.013616,-0.843965,-0.023236,0.844285,14|15|16|17|18|19,0.5619
6758.367019,-0.173622,-2.819055,0.008467,2.605126,0.015123,0.013616,-0.834763,-0.021526,0.835041,14|15|16|17|18|19,0.5625
6758.383686,-0.166891,-2.828633,0.009005,2.612340,0.015170,0.013637,-0.836772,-0.017915,0.836964,14|15|16|17|18|19,0.5625
6758.400352,-0.167932,-2.837787,0.009411,2.626606,0.014861,0.013695,-0.846062,-0.018173,0.846258,14|15|16|17|18|19,0.5621
6758.417019,-0.167931,-2.837788,0.009413,2.633759,0.015728,0.013686,-0.853215,-0.019039,0.853427,14|15|16|17|18|19,0.5619
6758.433686,-0.176608,-2.847022,0.009526,2.633759,0.015728,0.013686,-0.848197,-0.023755,0.848529,14|15|16|17|18|19,0.5622
6758.450352,-0.163895,-2.863721,0.009828,2.640794,0.016599,0.013628,-0.846157,-0.017718,0.846342,14|15|16|17|18|19,0.5621
6758.467019,-0.153073,-2.872998,0.009452,2.654885,0.017328,0.013567,-0.855205,-0.012565,0.855298,14|15|16|17|18|19,0.5615
6758.483686,-0.142449,-2.882147,0.009489,2.654885,0.017328,0.013567,-0.850232,-0.006792,0.850260,14|15|16|17|18|19,0.5607
6758.500352,-0.142449,-2.882147,0.009489,2.668986,0.016486,0.013573,-0.864333,-0.005950,0.864354,14|15|16|17|18|19,0.5611
6758.517019,-0.161163,-2.899946,0.009788,2.668986,0.016486,0.013573,-0.854660,-0.016121,0.854812,14|15|16|17|18|19,0.5623
6758.533686,-0.160162,-2.907572,0.009702,2.676180,0.016916,0.013583,-0.857710,-0.016007,0.857860,14|15|16|17|18|19,0.5638
6758.550352,-0.160162,-2.907571,0.009701,2.690570,0.017731,0.013580,-0.872101,-0.016822,0.872263,14|15|16|17|18|19,0.5644
6758.567019,-0.150857,-2.926691,0.010123,2.697699,0.016917,0.013927,-0.868838,-0.010952,0.868907,14|15|16|17|18|19,0.5641
6758.583686,-0.146876,-2.935769,0.009899,2.697699,0.016917,0.013927,-0.863904,-0.008789,0.863949,14|15|16|17|18|19,0.5626
6758.600352,-0.160636,-2.944443,0.009854,2.704525,0.016376,0.013822,-0.866016,-0.015726,0.866159,14|15|16|17|18|19,0.5627
6758.617019,-0.160635,-2.944444,0.009856,2.718856,0.018094,0.013969,-0.880347,-0.017444,0.880520,14|15|16|17|18|19,0.5639
6758.633686,-0.157848,-2.960469,0.009714,2.718856,0.018094,0.013969,-0.871638,-0.015930,0.871783,14|15|16|17|18|19,0.5636
6758.650352,-0.147000,-2.970019,0.009366,2.732757,0.019513,0.014043,-0.880348,-0.011454,0.880422,14|15|16|17|18|19,0.5639
6758.667019,-0.135790,-2.979715,0.010122,2.739829,0.018994,0.013946,-0.882150,-0.004843,0.882163,14|15|16|17|18|19,0.5629
6758.683686,-0.130075,-2.987938,0.010304,2.739829,0.018994,0.013946,-0.877680,-0.001737,0.877682,14|15|16|17|18|19,0.5621
6758.700352,-0.139001,-2.996964,0.010472,2.746962,0.018789,0.013881,-0.879909,-0.006383,0.879932,14|15|16|17|18|19,0.5614
6758.717019,-0.139001,-2.996964,0.010472,2.761532,0.019878,0.013871,-0.894479,-0.007472,0.894510,14|15|16|17|18|19,0.5619
6758.733686,-0.142682,-3.004650,0.010556,2.768605,0.020087,0.014020,-0.897375,-0.009683,0.897427,14|15|16|17|18|19,0.5639
6758.750352,-0.129415,-3.025104,0.009771,2.768605,0.020087,0.014020,-0.886258,-0.002473,0.886261,14|15|16|17|18|19|20,0.5567
6758.767019,-0.129383,-3.025189,0.009729,2.775686,0.019138,0.014084,-0.893292,-0.001507,0.893294,14|15|16|17|18|19|20,0.5633
6758.783686,-0.143158,-3.041803,0.010513,2.782689,0.018741,0.014177,-0.891266,-0.008597,0.891308,14|15|16|17|18|19|20,0.5603
6758.800352,-0.142952,-3.042364,0.010869,2.789820,0.019095,0.014232,-0.898093,-0.008838,0.898136,15|16|17|18|19|20,0.5640
6758.817019,-0.149630,-3.049925,0.011100,2.803928,0.019741,0.014341,-0.908092,-0.013114,0.908187,15|16|17|18|19|20,0.5643
6758.833686,-0.142204,-3.068854,0.010244,2.803928,0.019741,0.014341,-0.897804,-0.009079,0.897850,15|16|17|18|19|20,0.5636
6758.850353,-0.139388,-3.077951,0.010139,2.810854,0.019635,0.014351,-0.899786,-0.007443,0.899817,15|16|17|18|19|20,0.5632
6758.883686,-0.139387,-3.077951,0.010140,2.825064,0.018866,0.014447,-0.913996,-0.006673,0.914021,15|16|17|18|19|20,0.5613
6758.900353,-0.156385,-3.103302,0.010740,2.832321,0.019213,0.014489,-0.907476,-0.016260,0.907622,15|16|17|18|19|20,0.5634
6758.917019,-0.156385,-3.103303,0.010740,2.846672,0.019873,0.014499,-0.921827,-0.016920,0.921982,15|16|17|18|19|20,0.5628
6758.933686,-0.152691,-3.113009,0.010903,2.853610,0.019268,0.014497,-0.923490,-0.014308,0.923600,15|16|17|18|19|20,0.5615
6758.967019,-0.155680,-3.139214,0.010507,2.860589,0.019479,0.014491,-0.916227,-0.016143,0.916369,15|16|17|18|19|20,0.5614
6758.983686,-0.155681,-3.139213,0.010507,2.874588,0.020138,0.014490,-0.930226,-0.016804,0.930378,15|16|17|18|19|20,0.5627
6759.000353,-0.154106,-3.147118,0.010742,2.881569,0.020452,0.014512,-0.932911,-0.016262,0.933053,15|16|17|18|19|20,0.5633
6759.017019,-0.150612,-3.156464,0.010720,2.888580,0.020664,0.014504,-0.934842,-0.014575,0.934956,15|16|17|18|19|20,0.5633
6759.050353,-0.142799,-3.182857,0.009998,2.895651,0.019785,0.014455,-0.927568,-0.009451,0.927617,15|16|17|18|19|20,0.5624
6759.067019,-0.156665,-3.192096,0.009964,2.909699,0.020254,0.014353,-0.936596,-0.017456,0.936759,15|16|17|18|19|20,0.5615
6759.083686,-0.158578,-3.199611,0.009888,2.916807,0.020812,0.014358,-0.939620,-0.019055,0.939814,15|16|17|18|19|20,0.5612
6759.100353,-0.158578,-3.199611,0.009887,2.923912,0.021331,0.014330,-0.946725,-0.019574,0.946927,15|16|17|18|19|20,0.5624
6759.117019,-0.145489,-3.218482,0.009389,2.923912,0.021331,0.014330,-0.936469,-0.012461,0.936551,15|16|17|18|19|20,0.5627
6759.150353,-0.153150,-3.235947,0.010529,2.937917,0.020272,0.014724,-0.940983,-0.015566,0.941112,15|16|17|18|19|20,0.5624
6759.167019,-0.153150,-3.235946,0.010528,2.951967,0.020971,0.014746,-0.955032,-0.016264,0.955171,15|16|17|18|19|20,0.5630
6759.183686,-0.155504,-3.253003,0.010111,2.958834,0.021280,0.014675,-0.952630,-0.017854,0.952797,15|16|17|18|19|20,0.5635
6759.200353,-0.151973,-3.262513,0.009971,2.958834,0.021280,0.014675,-0.947462,-0.015935,0.947596,15|16|17|18|19|20,0.5628
6759.233686,-0.151973,-3.262513,0.009973,2.979429,0.021214,0.014668,-0.968056,-0.015870,0.968186,15|16|17|18|19|20,0.5609
6759.250353,-0.151336,-3.288032,0.010204,2.986500,0.021584,0.014692,-0.961257,-0.015894,0.961389,15|16|17|18|19|20,0.5606
6759.267019,-0.154334,-3.296410,0.010796,2.986500,0.021584,0.014692,-0.956704,-0.017524,0.956865,15|16|17|18|19|20|22,0.5545
6759.283686,-0.149460,-3.306334,0.009323,3.000961,0.022333,0.014649,-0.965772,-0.015624,0.965898,15|16|17|18|19|20|21|22,0.5605
6759.300353,-0.149408,-3.306381,0.009303,3.000961,0.022333,0.014649,-0.965746,-0.015596,0.965872,15|16|17|18|19|20|21|22,0.5582
6759.317019,-0.146482,-3.315148,0.008923,3.015303,0.020942,0.014532,-0.975324,-0.012615,0.975405,15|16|17|18|19|20|21|22,0.5514
6759.333686,-0.152860,-3.334045,0.010396,3.015303,0.020942,0.014532,-0.965054,-0.016082,0.965188,17|18|19|20|21|22,0.5631
6759.350353,-0.164759,-3.342010,0.009789,3.022304,0.021261,0.014273,-0.967727,-0.022868,0.967997,17|18|19|20|21|22,0.5638
6759.367019,-0.161048,-3.351172,0.009134,3.029198,0.021649,0.014252,-0.969641,-0.021240,0.969873,17|18|19|20|21|22,0.5635
6759.383686,-0.161049,-3.351172,0.009133,3.043075,0.022214,0.014143,-0.983518,-0.021805,0.983760,17|18|19|20|21|22,0.5635
6759.400353,-0.152716,-3.369657,0.009544,3.050180,0.021302,0.014107,-0.980576,-0.016365,0.980713,17|18|19|20|21|22,0.5627
6759.417019,-0.152716,-3.369658,0.009545,3.057028,0.020704,0.013877,-0.987424,-0.015767,0.987550,17|18|19|20|21|22,0.5629
6759.433686,-0.152281,-3.377665,0.009968,3.063971,0.021280,0.013821,-0.990016,-0.016107,0.990147,17|18|19|20|21|22,0.5619
6759.450353,-0.166732,-3.386915,0.009669,3.071175,0.021857,0.013785,-0.992192,-0.024538,0.992496,17|18|19|20|21|22,0.5619
6759.467019,-0.175346,-3.394218,0.009903,3.071175,0.021857,0.013785,-0.988224,-0.029220,0.988656,17|18|19|20|21|22,0.5626
6759.483686,-0.161455,-3.413368,0.009749,3.078405,0.022116,0.013800,-0.985046,-0.021931,0.985290,17|18|19|20|21|22,0.5629
6759.533686,-0.171966,-3.438549,0.009209,3.106701,0.023231,0.013844,-0.999657,-0.028759,1.000070,17|18|19|20|21|22,0.5632
6759.550353,-0.171967,-3.438548,0.009205,3.113642,0.024138,0.013777,-1.006599,-0.029666,1.007036,17|18|19|20|21|22,0.5639
6759.567019,-0.160716,-3.447935,0.009042,3.120678,0.024333,0.013744,-1.008532,-0.023747,1.008812,17|18|19|20|21|22,0.5636
6759.583686,-0.149074,-3.457119,0.009209,3.127768,0.023419,0.013732,-1.010631,-0.016506,1.010766,17|18|19|20|21|22,0.5630
6759.600353,-0.137256,-3.466605,0.009144,3.134753,0.023057,0.013636,-1.012460,-0.009723,1.012506,17|18|19|20|21|22,0.5634
6759.617019,-0.136205,-3.474624,0.009628,3.141875,0.023553,0.013653,-1.015223,-0.009647,1.015269,17|18|19|20|21|22,0.5623
6759.650353,-0.150371,-3.500874,0.009913,3.156195,0.024565,0.013667,-1.015278,-0.018359,1.015444,17|18|19|20|21|22,0.5632
6759.683686,-0.138551,-3.519954,0.009714,3.170388,0.023004,0.013559,-1.019101,-0.010375,1.019154,17|18|19|20|21|22,0.5619
6759.700353,-0.149685,-3.528091,0.009635,3.170388,0.023004,0.013559,-1.014679,-0.016427,1.014812,17|18|19|20|21|22,0.5623
6759.733686,-0.149685,-3.528091,0.009635,3.184319,0.024520,0.013628,-1.028610,-0.017942,1.028767,17|18|19|20|21|22,0.5634
6759.750353,-0.143855,-3.553400,0.008876,3.191364,0.025502,0.013651,-1.021900,-0.015757,1.022022,17|18|19|20|21|22,0.5634
6759.767019,-0.131114,-3.562977,0.009088,3.198411,0.026256,0.013669,-1.023741,-0.009587,1.023786,17|18|19|20|21|22,0.5634
6759.783686,-0.122198,-3.571762,0.009203,3.205592,0.025857,0.013570,-1.026147,-0.004343,1.026157,17|18|19|20|21|22,0.5624
6759.800353,-0.129437,-3.581616,0.010029,3.212826,0.025430,0.013519,-1.028027,-0.007851,1.028057,17|18|19|20|21|22|23,0.5574
6759.817019,-0.129441,-3.581640,0.010068,3.219953,0.025850,0.013509,-1.035140,-0.008272,1.035173,17|18|19|20|21|22|23,0.5608
6759.833686,-0.136541,-3.590399,0.009812,3.227249,0.026520,0.013502,-1.037676,-0.012802,1.037755,17|18|19|20|21|22|23,0.5544
6759.850353,-0.131000,-3.598491,0.010348,3.241399,0.026073,0.013612,-1.047428,-0.009343,1.047470,18|19|20|21|22|23,0.5635
6759.867019,-0.119345,-3.617197,0.010070,3.241399,0.026073,0.013612,-1.037261,-0.003010,1.037266,18|19|20|21|22|23,0.5629
6759.883686,-0.119345,-3.617198,0.010070,3.255580,0.025514,0.013692,-1.051442,-0.002451,1.051445,18|19|20|21|22|23,0.5634
6759.900353,-0.132395,-3.626410,0.009592,3.262786,0.025995,0.013756,-1.053642,-0.010025,1.053690,18|19|20|21|22|23,0.5630
6759.917019,-0.141692,-3.643547,0.009584,3.262786,0.025995,0.013756,-1.044329,-0.015078,1.044438,18|19|20|21|22|23,0.5638
6759.950353,-0.130731,-3.662406,0.010347,3.276701,0.026464,0.013794,-1.047994,-0.009591,1.048037,18|19|20|21|22|23,0.5625
6759.967019,-0.132550,-3.670413,0.010708,3.290838,0.025288,0.013842,-1.057779,-0.009404,1.057821,18|19|20|21|22|23,0.5627
6759.983686,-0.144895,-3.679448,0.011381,3.290838,0.025288,0.013842,-1.052869,-0.016113,1.052992,18|19|20|21|22|23,0.5630
6760.017019,-0.144895,-3.679448,0.011380,3.312589,0.026685,0.013963,-1.074621,-0.017511,1.074763,18|19|20|21|22|23,0.5632
6760.033686,-0.146510,-3.697105,0.011930,3.319676,0.025899,0.013935,-1.072112,-0.017603,1.072256,18|19|20|21|22|23,0.5625
6760.050353,-0.141185,-3.706836,0.011148,3.319676,0.025899,0.013935,-1.066823,-0.014709,1.066924,18|19|20|21|22|23,0.5604
6760.067019,-0.148328,-3.724249,0.010523,3.333449,0.026123,0.013824,-1.071133,-0.018816,1.071298,18|19|20|21|22|23,0.5604
6760.083686,-0.148328,-3.724250,0.010525,3.333449,0.026123,0.013824,-1.071132,-0.018816,1.071298,18|19|20|21|22|23,0.5614
6760.100353,-0.146857,-3.740636,0.010132,3.340430,0.026588,0.013831,-1.069207,-0.018482,1.069367,18|19|20|21|22|23,0.5626
6760.117019,-0.141570,-3.750086,0.010365,3.354422,0.027407,0.013825,-1.078063,-0.016428,1.078188,18|19|20|21|22|23,0.5626
6760.133686,-0.135933,-3.759482,0.010859,3.354422,0.027407,0.013825,-1.072956,-0.013365,1.073039,18|19|20|21|22|23,0.5614
6760.150353,-0.135933,-3.759482,0.010859,3.368450,0.025960,0.013578,-1.086985,-0.011918,1.087050,18|19|20|21|22|23,0.5618
6760.167019,-0.144274,-3.776730,0.011159,3.375163,0.026350,0.012841,-1.084324,-0.016842,1.084454,18|19|20|21|22|23,0.5620
6760.183686,-0.144273,-3.776730,0.011161,3.382002,0.027008,0.012642,-1.091163,-0.017500,1.091303,18|19|20|21|22|23,0.5613
6760.200353,-0.148764,-3.792642,0.009652,3.382002,0.027008,0.012642,-1.082515,-0.019941,1.082699,18|19|20|21|22|23,0.5618
6760.217019,-0.148764,-3.792642,0.009650,3.395771,0.026981,0.012566,-1.096284,-0.019913,1.096465,18|19|20|21|22|23,0.5614
6760.233686,-0.140110,-3.801892,0.009536,3.402809,0.026277,0.012565,-1.098295,-0.014507,1.098391,18|19|20|21|22|23,0.5605
6760.267019,-0.154912,-3.828465,0.009562,3.416660,0.026960,0.012609,-1.097705,-0.023235,1.097951,18|19|20|21|22|23,0.5613
6760.283686,-0.153432,-3.835849,0.009580,3.416660,0.026960,0.012609,-1.093691,-0.022431,1.093921,18|19|20|21|22|23,0.5619
6760.300353,-0.147320,-3.845231,0.009804,3.423522,0.027502,0.012546,-1.095454,-0.019652,1.095630,18|19|20|21|22|23,0.5623
6760.317019,-0.140498,-3.854980,0.009893,3.437152,0.027854,0.012482,-1.103785,-0.016297,1.103906,18|19|20|21|22|23|24|25,0.5553
6760.333686,-0.134846,-3.863672,0.010550,3.437152,0.027854,0.012482,-1.099061,-0.013226,1.099141,18|19|20|21|22|23|24|25,0.5614
6760.350353,-0.139903,-3.870926,0.009606,3.444036,0.026960,0.012482,-1.102004,-0.015080,1.102107,18|19|20|21|22|23|24|25,0.5541
6760.367019,-0.153578,-3.880857,0.011107,3.450883,0.027305,0.012483,-1.103453,-0.022857,1.103690,20|21|22|23|24|25,0.5617
6760.400353,-0.142957,-3.897386,0.011007,3.465393,0.028441,0.012465,-1.108980,-0.018222,1.109130,20|21|22|23|24|25,0.5633
6760.417019,-0.135854,-3.907102,0.010358,3.472632,0.027928,0.012445,-1.110938,-0.013849,1.111024,20|21|22|23|24|25,0.5634
6760.433686,-0.144448,-3.916052,0.009507,3.479883,0.027274,0.012471,-1.113326,-0.017866,1.113469,20|21|22|23|24|25,0.5635
6760.450353,-0.154897,-3.925331,0.009131,3.486881,0.026878,0.012399,-1.115281,-0.023149,1.115521,20|21|22|23|24|25,0.5632
6760.467019,-0.154896,-3.925332,0.009133,3.500637,0.028075,0.012311,-1.129036,-0.024345,1.129299,20|21|22|23|24|25,0.5638
6760.483686,-0.153809,-3.942011,0.007917,3.500637,0.028075,0.012311,-1.119971,-0.023755,1.120223,20|21|22|23|24|25,0.5638
6760.500353,-0.153810,-3.942011,0.007917,3.514714,0.027705,0.012085,-1.134048,-0.023387,1.134290,20|21|22|23|24|25,0.5624
6760.517019,-0.143739,-3.959897,0.009540,3.521909,0.027035,0.012095,-1.131523,-0.017244,1.131654,20|21|22|23|24|25,0.5624
6760.533686,-0.154574,-3.969095,0.010057,3.528616,0.026796,0.011928,-1.133231,-0.022894,1.133462,20|21|22|23|24|25,0.5619
6760.550353,-0.154574,-3.969095,0.010058,3.528616,0.026796,0.011928,-1.133231,-0.022894,1.133462,20|21|22|23|24|25,0.5611
6760.567019,-0.165227,-3.978479,0.010593,3.542921,0.027973,0.011714,-1.142437,-0.029860,1.142827,20|21|22|23|24|25,0.5616
6760.583686,-0.158474,-3.994617,0.009622,3.542921,0.027973,0.011714,-1.133666,-0.026191,1.133968,20|21|22|23|24|25,0.5625
6760.600353,-0.154216,-4.004337,0.010235,3.550092,0.027715,0.011762,-1.135554,-0.023619,1.135800,20|21|22|23|24|25,0.5630
6760.633686,-0.154215,-4.004337,0.010236,3.571053,0.028701,0.011827,-1.156515,-0.024605,1.156776,20|21|22|23|24|25,0.5627
6760.650353,-0.163955,-4.028863,0.009756,3.571053,0.028701,0.011827,-1.143185,-0.029899,1.143576,20|21|22|23|24|25,0.5633
6760.683686,-0.163955,-4.028863,0.009757,3.592227,0.029588,0.011720,-1.164360,-0.030787,1.164767,20|21|22|23|24|25,0.5627
6760.700353,-0.129330,-4.056740,0.009526,3.592227,0.029588,0.011720,-1.149208,-0.011970,1.149270,20|21|22|23|24|25,0.5625
6760.717019,-0.129329,-4.056740,0.009526,3.606316,0.028795,0.011550,-1.163297,-0.011176,1.163350,20|21|22|23|24|25,0.5632
6760.733686,-0.139271,-4.065918,0.009226,3.613318,0.029607,0.011586,-1.165312,-0.017391,1.165442,20|21|22|23|24|25,0.5620
6760.750353,-0.151874,-4.082163,0.008980,3.620500,0.030457,0.011555,-1.163665,-0.025091,1.163935,20|21|22|23|24|25,0.5618
6760.767019,-0.141258,-4.091621,0.009542,3.620500,0.030457,0.011555,-1.158524,-0.019322,1.158685,20|21|22|23|24|25,0.5620
6760.783686,-0.141258,-4.091621,0.009542,3.627694,0.029939,0.011557,-1.165718,-0.018805,1.165870,20|21|22|23|24|25,0.5618
6760.800353,-0.139053,-4.110344,0.009563,3.634859,0.029393,0.011572,-1.162708,-0.017061,1.162833,20|21|22|23|24|25,0.5618
6760.833686,-0.139051,-4.110344,0.009564,3.648745,0.029491,0.011596,-1.176594,-0.017158,1.176719,20|21|22|23|24|25,0.5601
6760.850353,-0.156742,-4.129308,0.008508,3.662924,0.031762,0.011638,-1.180467,-0.029044,1.180824,20|21|22|23|24|25|26,0.5616
6760.867019,-0.148539,-4.134779,0.009316,3.662924,0.031762,0.011638,-1.177493,-0.024586,1.177750,20|21|22|23|24|25|26,0.5621
6760.883686,-0.118554,-4.154568,0.009612,3.670104,0.031577,0.011608,-1.173917,-0.008106,1.173945,21|22|23|24|25|26,0.5639
6760.900353,-0.122320,-4.163592,0.009682,3.684735,0.031232,0.011535,-1.183644,-0.009808,1.183685,21|22|23|24|25|26,0.5632
6760.917019,-0.122320,-4.163592,0.009681,3.684735,0.031232,0.011535,-1.183644,-0.009808,1.183685,21|22|23|24|25|26,0.5627
6760.967019,-0.115530,-4.199407,0.010252,3.706017,0.031816,0.011576,-1.185461,-0.006703,1.185480,21|22|23|24|25|26,0.5627
6760.983686,-0.124127,-4.208574,0.010536,3.720193,0.030783,0.011611,-1.194655,-0.010343,1.194700,21|22|23|24|25|26,0.5628
6761.000353,-0.124126,-4.208574,0.010537,3.727103,0.031181,0.011693,-1.201565,-0.010740,1.201613,21|22|23|24|25|26,0.5629
6761.017019,-0.141017,-4.226656,0.009524,3.727103,0.031181,0.011693,-1.191739,-0.019921,1.191905,21|22|23|24|25|26,0.5622
6761.033686,-0.141016,-4.226656,0.009526,3.734161,0.032002,0.011718,-1.198796,-0.020742,1.198976,21|22|23|24|25|26,0.5620
6761.050353,-0.135736,-4.233839,0.009249,3.748028,0.031722,0.011741,-1.208759,-0.017592,1.208887,21|22|23|24|25|26,0.5619
6761.067019,-0.124806,-4.252666,0.008792,3.748028,0.031722,0.011741,-1.198527,-0.011652,1.198583,21|22|23|24|25|26,0.5621
6761.083686,-0.124806,-4.252667,0.008791,3.761921,0.030952,0.011815,-1.212420,-0.010882,1.212469,21|22|23|24|25|26,0.5623
6761.100353,-0.139182,-4.270019,0.008083,3.768959,0.031727,0.011893,-1.210028,-0.019471,1.210185,21|22|23|24|25|26,0.5626
6761.117019,-0.139181,-4.270019,0.008084,3.776177,0.032478,0.011934,-1.217246,-0.020222,1.217414,21|22|23|24|25|26,0.5616
6761.133686,-0.135038,-4.286993,0.008060,3.776177,0.032478,0.011934,-1.208021,-0.017971,1.208154,21|22|23|24|25|26,0.5616
6761.150353,-0.135039,-4.286993,0.008059,3.790411,0.031160,0.011864,-1.222255,-0.016653,1.222368,21|22|23|24|25|26,0.5606
6761.167019,-0.136446,-4.305545,0.009255,3.797116,0.030871,0.011782,-1.218877,-0.017130,1.218998,21|22|23|24|25|26,0.5615
6761.183686,-0.147164,-4.314577,0.009584,3.803863,0.031662,0.011774,-1.220716,-0.023746,1.220947,21|22|23|24|25|26,0.5615
6761.200353,-0.147163,-4.314577,0.009584,3.810805,0.032463,0.011735,-1.227658,-0.024547,1.227903,21|22|23|24|25|26,0.5614
6761.233686,-0.151523,-4.320588,0.009430,3.824990,0.032505,0.011454,-1.238576,-0.026958,1.238869,21|22|23|24|25|26,0.5621
6761.250353,-0.126372,-4.348463,0.009837,3.824990,0.032505,0.011454,-1.223426,-0.013290,1.223498,21|22|23|24|25|26,0.5631
6761.267019,-0.126371,-4.348463,0.009839,3.832024,0.032108,0.011188,-1.230460,-0.012893,1.230528,21|22|23|24|25|26,0.5620
6761.283686,-0.140224,-4.367257,0.008919,3.839015,0.031678,0.010999,-1.227237,-0.019993,1.227400,21|22|23|24|25|26,0.5610
6761.300353,-0.140224,-4.367257,0.008919,3.852422,0.033012,0.010876,-1.240644,-0.021327,1.240827,21|22|23|24|25|26,0.5598
6761.317019,-0.139695,-4.381623,0.009256,3.852422,0.033012,0.010876,-1.232837,-0.021040,1.233016,21|22|23|24|25|26,0.5602
6761.333686,-0.139695,-4.381623,0.009258,3.859443,0.032587,0.010851,-1.239857,-0.020615,1.240029,21|22|23|24|25|26,0.5604
6761.350353,-0.137492,-4.400726,0.009150,3.866498,0.032231,0.010883,-1.236531,-0.019062,1.236677,21|22|23|24|25|26,0.5609
6761.367019,-0.144190,-4.410304,0.009246,3.873542,0.031893,0.010948,-1.238369,-0.022365,1.238571,21|22|23|24|25|26|27|28,0.5617
6761.400353,-0.149130,-4.425334,0.010747,3.887186,0.032841,0.010986,-1.243845,-0.025998,1.244116,21|23|24|25|26|27|28,0.5568
6761.417019,-0.137264,-4.435404,0.010193,3.900748,0.033576,0.010913,-1.251933,-0.020284,1.252098,23|24|25|26|27|28,0.5628
6761.450353,-0.129213,-4.453574,0.009434,3.914564,0.032560,0.010912,-1.255875,-0.014893,1.255963,23|24|25|26|27|28,0.5617
6761.483686,-0.129211,-4.453573,0.009437,3.921367,0.032574,0.010733,-1.262678,-0.014907,1.262766,23|24|25|26|27|28,0.5621
6761.517019,-0.146096,-4.471084,0.008997,3.943091,0.032913,0.010591,-1.274886,-0.024423,1.275120,23|24|25|26|27|28,0.5618
6761.533686,-0.140008,-4.497277,0.009649,3.950187,0.032645,0.010657,-1.267746,-0.020847,1.267917,23|24|25|26|27|28,0.5631
6761.550353,-0.140010,-4.497278,0.009648,3.957112,0.032389,0.010770,-1.274671,-0.020592,1.274837,23|24|25|26|27|28,0.5631
6761.567019,-0.149732,-4.516230,0.009234,3.957112,0.032389,0.010770,-1.264371,-0.025877,1.264636,23|24|25|26|27|28,0.5632
6761.583686,-0.154298,-4.525844,0.009124,3.963703,0.033097,0.010596,-1.265737,-0.029067,1.266071,23|24|25|26|27|28,0.5626
6761.600353,-0.144362,-4.530790,0.009063,3.970814,0.033552,0.010437,-1.270160,-0.024122,1.270389,23|24|25|26|27|28,0.5628
6761.617019,-0.139599,-4.540939,0.009035,3.977784,0.033235,0.010157,-1.271613,-0.021217,1.271790,23|24|25|26|27|28,0.5636
6761.633686,-0.139599,-4.540940,0.009036,3.992117,0.032753,0.010069,-1.285946,-0.020736,1.286114,23|24|25|26|27|28,0.5638
6761.650353,-0.149121,-4.558881,0.008886,3.992117,0.032753,0.010069,-1.276196,-0.025911,1.276459,23|24|25|26|27|28,0.5640
6761.667019,-0.149121,-4.558881,0.008886,4.006077,0.032727,0.009561,-1.290156,-0.025885,1.290416,23|24|25|26|27|28,0.5634
6761.683686,-0.158217,-4.578139,0.008673,4.006077,0.032727,0.009561,-1.279690,-0.030829,1.280062,23|24|25|26|27|28,0.5622
6761.700353,-0.158217,-4.578138,0.008673,4.020344,0.033013,0.009514,-1.293957,-0.031115,1.294331,23|24|25|26|27|28,0.5631
6761.717019,-0.155589,-4.583874,0.008136,4.027459,0.033189,0.009565,-1.297955,-0.029863,1.298298,23|24|25|26|27|28,0.5638
6761.733686,-0.153629,-4.602897,0.008269,4.027459,0.033189,0.009565,-1.287617,-0.028799,1.287939,23|24|25|26|27|28,0.5636
6761.750353,-0.151926,-4.612223,0.008468,4.034581,0.033374,0.009566,-1.289670,-0.028059,1.289975,23|24|25|26|27|28,0.5623
6761.767019,-0.151929,-4.612224,0.008465,4.048563,0.035042,0.009570,-1.303652,-0.029728,1.303990,23|24|25|26|27|28,0.5607
6761.800353,-0.128836,-4.637860,0.008514,4.062575,0.034599,0.009362,-1.303730,-0.016736,1.303838,23|24|25|26|27|28,0.5614
6761.817019,-0.133402,-4.646683,0.008907,4.062575,0.034599,0.009362,-1.298935,-0.019218,1.299077,23|24|25|26|27|28,0.5626
6761.833686,-0.136639,-4.655578,0.008454,4.069596,0.034467,0.009309,-1.301122,-0.020845,1.301289,23|24|25|26|27|28,0.5622
6761.850353,-0.136639,-4.655579,0.008453,4.076646,0.034344,0.009268,-1.308171,-0.020722,1.308336,23|24|25|26|27|28,0.5619
6761.867019,-0.141926,-4.674362,0.008533,4.090670,0.034926,0.009067,-1.311988,-0.024178,1.312210,23|24|25|26|27|28,0.5609
6761.883686,-0.142212,-4.674468,0.008420,4.090670,0.034926,0.009067,-1.311930,-0.024334,1.312156,23|24|25|26|27|28|28,0.5551
6761.900353,-0.133117,-4.680560,0.008174,4.104789,0.034731,0.009109,-1.322737,-0.019196,1.322876,23|24|25|26|27|28|28,0.5626
6761.917019,-0.137521,-4.699157,0.007525,4.111786,0.034644,0.009111,-1.319628,-0.021503,1.319803,23|24|25|26|27|28|28,0.5560
6761.933686,-0.137400,-4.700046,0.007819,4.118488,0.034842,0.008970,-1.325847,-0.021636,1.326023,24|25|26|27|28|28,0.5629
6761.950353,-0.141732,-4.719469,0.008204,4.118488,0.034842,0.008970,-1.315291,-0.023991,1.315510,24|25|26|27|28|28,0.5616
6761.967019,-0.184722,-4.633175,0.007058,4.132635,0.036099,0.008988,-1.376338,-0.048608,1.377196,24|25|26|27|28|28,0.5598
6761.983686,-0.127163,-4.732138,0.007812,4.139938,0.036411,0.008980,-1.329855,-0.017643,1.329972,24|25|26|27|28|28,0.5610
6762.033686,-0.161916,-4.669782,0.007867,4.154504,0.037009,0.008882,-1.378311,-0.037125,1.378811,24|25|26|27|28|28,0.5627
6762.050353,-0.113358,-4.771746,0.007904,4.161437,0.036534,0.008891,-1.329828,-0.010264,1.329867,24|25|26|27|28|28,0.5624
6762.067019,-0.166841,-4.687003,0.007328,4.168423,0.036370,0.008831,-1.382871,-0.039163,1.383426,24|25|26|27|28|28,0.5626
6762.083686,-0.166823,-4.687038,0.007327,4.182641,0.036316,0.008845,-1.397070,-0.039100,1.397617,24|25|26|27|28|28,0.5648
6762.100353,-0.169680,-4.695518,0.007289,4.189666,0.036277,0.008846,-1.399486,-0.040614,1.400075,24|25|26|27|28|28,0.5655
6762.117019,-0.171737,-4.714721,0.006447,4.196668,0.036330,0.008940,-1.396053,-0.041785,1.396678,24|25|26|27|28|28,0.5646
6762.133686,-0.173210,-4.724270,0.006369,4.196668,0.036330,0.008940,-1.390863,-0.042586,1.391515,24|25|26|27|28|28,0.5637
6762.150353,-0.127883,-4.823950,0.006651,4.203368,0.036520,0.009228,-1.343387,-0.018146,1.343510,24|25|26|27|28|28,0.5631
6762.167019,-0.127885,-4.823951,0.006649,4.217166,0.036662,0.009358,-1.357184,-0.018289,1.357307,24|25|26|27|28|28,0.5646
6762.183686,-0.126578,-4.830744,0.007892,4.217166,0.036662,0.009358,-1.353492,-0.017579,1.353607,24|25|26|27|28|28,0.5648
6762.200353,-0.171535,-4.757762,0.006530,4.223872,0.036711,0.009328,-1.399865,-0.042059,1.400496,24|25|26|27|28|28,0.5638
6762.217019,-0.171476,-4.757878,0.006532,4.230751,0.036785,0.009319,-1.406680,-0.042101,1.407310,24|25|26|27|28|28,0.5625
6762.233686,-0.126524,-4.858651,0.007827,4.244659,0.036456,0.009241,-1.365819,-0.017345,1.365929,24|25|26|27|28|28,0.5610
6762.250353,-0.129074,-4.873811,0.007751,4.244659,0.036456,0.009241,-1.357579,-0.018732,1.357709,24|25|26|27|28|28,0.5604
6762.267019,-0.178102,-4.791231,0.007355,4.251802,0.036290,0.009239,-1.409605,-0.045208,1.410330,24|25|26|27|28|28,0.5606
6762.283686,-0.181289,-4.800660,0.007658,4.265863,0.035980,0.009207,-1.418542,-0.046630,1.419308,24|25|26|27|28|28,0.5609
6762.300353,-0.184188,-4.809904,0.007612,4.265863,0.035980,0.009207,-1.413518,-0.048206,1.414340,24|25|26|27|28|28,0.5611
6762.317019,-0.187362,-4.819545,0.007577,4.272476,0.036221,0.009016,-1.414891,-0.050173,1.415780,24|25|26|27|28|28,0.5606
6762.333686,-0.187431,-4.819413,0.007573,4.286635,0.037004,0.008769,-1.429122,-0.050993,1.430032,24|25|26|27|28|28,0.5604
6762.350353,-0.129521,-4.926701,0.007439,4.286635,0.037004,0.008769,-1.370811,-0.019525,1.370950,24|25|26|27|28|28,0.5605
6762.367019,-0.129523,-4.926702,0.007437,4.300903,0.037254,0.008726,-1.385079,-0.019775,1.385220,24|25|26|27|28|28,0.5609
6762.383686,-0.174128,-4.853290,0.007054,4.300903,0.037254,0.008726,-1.424979,-0.044015,1.425658,24|25|26|27|28|28,0.5628
6762.400353,-0.163016,-4.885541,0.006999,4.307884,0.037367,0.008671,-1.414431,-0.038090,1.414944,24|25|26|27|28|28|30|31,0.5509
6762.417019,-0.127499,-4.964261,0.007295,4.314615,0.036906,0.008577,-1.378378,-0.018329,1.378499,24|25|26|27|28|28|30|31,0.5622
6762.433686,-0.135682,-4.969792,0.007272,4.328365,0.036487,0.008470,-1.389122,-0.022358,1.389302,24|25|26|27|28|28|30|31,0.5605
6762.483686,-0.136443,-4.970340,0.007031,4.349262,0.037048,0.008524,-1.409722,-0.023332,1.409915,26|27|28|28|30|31,0.5638
6762.500353,-0.185478,-4.914914,0.005995,4.349262,0.037048,0.008524,-1.439846,-0.049979,1.440714,26|27|28|28|30|31,0.5625
6762.517019,-0.183609,-4.924269,0.006029,4.362930,0.037644,0.008521,-1.448430,-0.049560,1.449278,26|27|28|28|30|31,0.5614
6762.533686,-0.183599,-4.924288,0.006033,4.369818,0.037592,0.008431,-1.455307,-0.049503,1.456149,26|27|28|28|30|31,0.5604
6762.550353,-0.130353,-5.021422,0.005784,4.376572,0.037545,0.008402,-1.409269,-0.020522,1.409418,26|27|28|28|30|31,0.5629
6762.567019,-0.178826,-4.948560,0.006550,4.376572,0.037545,0.008402,-1.448870,-0.046863,1.449627,26|27|28|28|30|31,0.5629
6762.583686,-0.134005,-5.049366,0.006349,4.390809,0.037173,0.008191,-1.408320,-0.022136,1.408493,26|27|28|28|30|31,0.5626
6762.600353,-0.180694,-4.966973,0.006018,4.390809,0.037173,0.008191,-1.453100,-0.047507,1.453876,26|27|28|28|30|31,0.5611
6762.617019,-0.180686,-4.966990,0.006018,4.397759,0.036385,0.007929,-1.460041,-0.046714,1.460788,26|27|28|28|30|31,0.5610
6762.633686,-0.197815,-4.981900,0.005158,4.404898,0.036660,0.007857,-1.459077,-0.056299,1.460163,26|27|28|28|30|31,0.5615
6762.650353,-0.148987,-5.083395,0.004503,4.411934,0.036971,0.007860,-1.410951,-0.030077,1.411272,26|27|28|28|30|31,0.5633
6762.667019,-0.148987,-5.083395,0.004503,4.426020,0.037635,0.007828,-1.425038,-0.030741,1.425369,26|27|28|28|30|31,0.5631
6762.700353,-0.191094,-5.001119,0.005105,4.433000,0.037047,0.007727,-1.476734,-0.053034,1.477686,26|27|28|28|30|31,0.5627
6762.717019,-0.192595,-5.027363,0.005137,4.439989,0.036796,0.007372,-1.469460,-0.053601,1.470438,26|27|28|28|30|31,0.5627
6762.733686,-0.195480,-5.035429,0.004165,4.447070,0.037053,0.007152,-1.472158,-0.055425,1.473200,26|27|28|28|30|31,0.5646
6762.750353,-0.146579,-5.136839,0.004577,4.454090,0.037349,0.006865,-1.424062,-0.029148,1.424360,26|27|28|28|30|31,0.5643
6762.783686,-0.146579,-5.136839,0.004578,4.468449,0.037194,0.007119,-1.438420,-0.028994,1.438712,26|27|28|28|30|31,0.5624
6762.800353,-0.139023,-5.156118,0.004854,4.482329,0.036610,0.007159,-1.441822,-0.024304,1.442027,26|27|28|28|30|31,0.5618
6762.817019,-0.193932,-5.072012,0.004582,4.482329,0.036610,0.007159,-1.487535,-0.054142,1.488520,26|27|28|28|30|31,0.5623
6762.833686,-0.205762,-5.081839,0.004505,4.496109,0.037995,0.007311,-1.495974,-0.061957,1.497256,26|27|28|28|30|31,0.5636
6762.850353,-0.194146,-5.097924,0.004502,4.496109,0.037995,0.007311,-1.487232,-0.055645,1.488272,26|27|28|28|30|31,0.5632
6762.867019,-0.139261,-5.199262,0.004249,4.503180,0.038670,0.007286,-1.439226,-0.026495,1.439469,26|27|28|28|30|31,0.5625
6762.883686,-0.130650,-5.207256,0.003996,4.517276,0.037740,0.007545,-1.448976,-0.020886,1.449127,26|27|28|28|30|31,0.5621
6762.900353,-0.142057,-5.213685,0.004597,4.517276,0.037740,0.007545,-1.445483,-0.027085,1.445736,26|27|28|28|30|31,0.5635
6762.917019,-0.142058,-5.213686,0.004597,4.524308,0.038213,0.007537,-1.452514,-0.027559,1.452776,26|27|28|28|30|31,0.5635
6762.933686,-0.139671,-5.233918,0.004565,4.531222,0.038706,0.007515,-1.448433,-0.026755,1.448680,26|27|28|28|30|31|32,0.5593
6762.950353,-0.172408,-5.164017,0.004442,4.538263,0.039169,0.007423,-1.493465,-0.045007,1.494143,26|27|28|28|30|31|32,0.5646
6762.967019,-0.172707,-5.163438,0.004443,4.552605,0.038203,0.007448,-1.508121,-0.044204,1.508769,26|27|28|28|30|31|32,0.5590
6763.000353,-0.187920,-5.178100,0.003883,4.566692,0.038756,0.007369,-1.514241,-0.053026,1.515169,27|28|28|30|31|32,0.5635
6763.017019,-0.142163,-5.277571,0.003916,4.573689,0.039296,0.007413,-1.467176,-0.028701,1.467457,27|28|28|30|31|32,0.5644
6763.033686,-0.142164,-5.277571,0.003915,4.573689,0.039296,0.007413,-1.467176,-0.028701,1.467457,27|28|28|30|31|32,0.5657
6763.050353,-0.128360,-5.296919,0.004160,4.587734,0.039413,0.007397,-1.470705,-0.021318,1.470859,27|28|28|30|31|32,0.5641
6763.067019,-0.167253,-5.214956,0.004453,4.587734,0.039413,0.007397,-1.515251,-0.042452,1.515846,27|28|28|30|31|32,0.5624
6763.083686,-0.173913,-5.221817,0.003800,4.594737,0.038682,0.007126,-1.518526,-0.045341,1.519202,27|28|28|30|31|32,0.5610
6763.100353,-0.184721,-5.229559,0.004044,4.608744,0.040022,0.006437,-1.528325,-0.052554,1.529228,27|28|28|30|31|32,0.5603
6763.117019,-0.184753,-5.229495,0.004045,4.615838,0.040829,0.006365,-1.535454,-0.053379,1.536382,27|28|28|30|31|32,0.5617
6763.133686,-0.164955,-5.247034,0.001793,4.615838,0.040829,0.006365,-1.525921,-0.042620,1.526516,27|28|28|30|31|32,0.5622
6763.150353,-0.164959,-5.247029,0.001797,4.622756,0.040479,0.006340,-1.532842,-0.042272,1.533425,27|28|28|30|31|32,0.5630
6763.167019,-0.160344,-5.264737,0.002921,4.636874,0.039214,0.006340,-1.537336,-0.038500,1.537818,27|28|28|30|31|32,0.5639
6763.183686,-0.169953,-5.274168,0.003060,4.643916,0.039472,0.005838,-1.539253,-0.043981,1.539881,27|28|28|30|31|32,0.5635
6763.200353,-0.133184,-5.375411,0.003118,4.643916,0.039472,0.005838,-1.484228,-0.024002,1.484422,27|28|28|30|31|32,0.5619
6763.217019,-0.128486,-5.383608,0.002901,4.650986,0.040002,0.005864,-1.486843,-0.021979,1.487005,27|28|28|30|31|32,0.5641
6763.250353,-0.161048,-5.309641,0.004787,4.664939,0.039860,0.006209,-1.540997,-0.039531,1.541504,27|28|28|30|31|32,0.5630
6763.267019,-0.125784,-5.410343,0.003848,4.671918,0.039173,0.006266,-1.493245,-0.019682,1.493374,27|28|28|30|31|32,0.5630
6763.283686,-0.135806,-5.419632,0.003700,4.678739,0.039473,0.005794,-1.495018,-0.025429,1.495234,27|28|28|30|31|32,0.5621
6763.300353,-0.130331,-5.427131,0.003281,4.685762,0.040074,0.005721,-1.497965,-0.023055,1.498143,27|28|28|30|31|32,0.5623
6763.317019,-0.122332,-5.436396,0.002746,4.699768,0.040506,0.005621,-1.506936,-0.019140,1.507057,27|28|28|30|31|32,0.5640
6763.333686,-0.122335,-5.436393,0.002751,4.706828,0.039632,0.005406,-1.513997,-0.018267,1.514107,27|28|28|30|31|32,0.5627
6763.350353,-0.163079,-5.361561,0.004061,4.706828,0.039632,0.005406,-1.554668,-0.040408,1.555193,27|28|28|30|31|32,0.5615
6763.367019,-0.176180,-5.371206,0.003490,4.720713,0.039208,0.005523,-1.563313,-0.047105,1.564022,27|28|28|30|31|32,0.5611
6763.383686,-0.176134,-5.371297,0.003486,4.727748,0.039576,0.005564,-1.570298,-0.047448,1.571014,27|28|28|30|31|32,0.5595
6763.400353,-0.187214,-5.379196,0.002952,4.727748,0.039576,0.005564,-1.566005,-0.053470,1.566918,27|28|28|30|31|32,0.5622
6763.417019,-0.132617,-5.489651,0.003275,4.734876,0.039955,0.005565,-1.513101,-0.024180,1.513294,27|28|28|30|31|32,0.5633
6763.433686,-0.174176,-5.407010,0.001753,4.748570,0.038875,0.005064,-1.571710,-0.045684,1.572374,27|28|28|30|31|32,0.5632
6763.467019,-0.177942,-5.444683,0.002348,4.762292,0.039973,0.004311,-1.564958,-0.048830,1.565720,27|28|28|30|31|32|33|34,0.5614
6763.483686,-0.178518,-5.443540,0.002334,4.769155,0.040602,0.004250,-1.572443,-0.049772,1.573230,27|28|28|30|31|32|33|34,0.5610
6763.500353,-0.196208,-5.394968,0.001827,4.769155,0.040602,0.004250,-1.598841,-0.059384,1.599944,28|30|31|32|33|34,0.5644
6763.517019,-0.196149,-5.395085,0.001832,4.775919,0.040173,0.004170,-1.605541,-0.058923,1.606622,28|30|31|32|33|34,0.5629
6763.533686,-0.194361,-5.411367,0.001343,4.782927,0.039412,0.004060,-1.603701,-0.057191,1.604720,28|30|31|32|33|34,0.5629
6763.550353,-0.205670,-5.420463,0.000725,4.789844,0.038620,0.004039,-1.605675,-0.062545,1.606893,28|30|31|32|33|34,0.5622
6763.567019,-0.217453,-5.429718,0.001015,4.803348,0.039278,0.004058,-1.614149,-0.069608,1.615650,28|30|31|32|33|34,0.5621
6763.583686,-0.217442,-5.429744,0.001009,4.810207,0.039963,0.004107,-1.620994,-0.070287,1.622517,28|30|31|32|33|34,0.5626
6763.600353,-0.207965,-5.445714,0.001543,4.810207,0.039963,0.004107,-1.612314,-0.065138,1.613630,28|30|31|32|33|34,0.5621
6763.617019,-0.198733,-5.454982,0.001479,4.817033,0.040343,0.004091,-1.614102,-0.060500,1.615236,28|30|31|32|33|34,0.5609
6763.650353,-0.205389,-5.471904,0.000450,4.830738,0.039218,0.004037,-1.618611,-0.062994,1.619837,28|30|31|32|33|34,0.5600
6763.667019,-0.205423,-5.471838,0.000446,4.837751,0.039703,0.003808,-1.625660,-0.063496,1.626900,28|30|31|32|33|34,0.5604
6763.683686,-0.211537,-5.479222,0.000316,4.851890,0.040004,0.003151,-1.635787,-0.067120,1.637163,28|30|31|32|33|34,0.5615
6763.700353,-0.205187,-5.488760,0.000196,4.859109,0.039333,0.003084,-1.637821,-0.062999,1.639032,28|30|31|32|33|34,0.5620
6763.717019,-0.202866,-5.506156,-0.000513,4.866270,0.038662,0.003154,-1.635529,-0.061067,1.636668,28|30|31|32|33|34,0.5624
6763.733686,-0.202796,-5.506292,-0.000513,4.872975,0.038336,0.003070,-1.642159,-0.060703,1.643280,28|30|31|32|33|34,0.5634
6763.750353,-0.222568,-5.525543,-0.000536,4.872975,0.038336,0.003070,-1.631697,-0.071450,1.633261,28|30|31|32|33|34,0.5632
6763.767019,-0.227269,-5.531130,-0.000827,4.886910,0.040015,0.003075,-1.642597,-0.075684,1.644339,28|30|31|32|33|34,0.5631
6763.783686,-0.215225,-5.540644,-0.000201,4.886910,0.040015,0.003075,-1.637425,-0.069138,1.638884,28|30|31|32|33|34,0.5629
6763.800353,-0.204384,-5.549823,-0.000539,4.901237,0.039272,0.002939,-1.646763,-0.062504,1.647949,28|30|31|32|33|34,0.5621
6763.817019,-0.210225,-5.559049,-0.000367,4.901237,0.039272,0.002939,-1.641749,-0.065679,1.643063,28|30|31|32|33|34,0.5620
6763.850353,-0.221443,-5.578150,-0.000280,4.915272,0.039060,0.002531,-1.645403,-0.071565,1.646959,28|30|31|32|33|34,0.5623
6763.867019,-0.218006,-5.584731,-0.001353,4.929571,0.039534,0.002106,-1.656126,-0.070171,1.657611,28|30|31|32|33|34,0.5623
6763.883686,-0.218047,-5.584653,-0.001350,4.936553,0.039282,0.001834,-1.663150,-0.069941,1.664620,28|30|31|32|33|34,0.5632
6763.900353,-0.212260,-5.604241,-0.001120,4.943550,0.039060,0.001801,-1.659502,-0.066575,1.660837,28|30|31|32|33|34,0.5637
6763.917019,-0.215921,-5.614065,-0.001491,4.943550,0.039060,0.001801,-1.654163,-0.068565,1.655583,28|30|31|32|33|34,0.5629
6763.950353,-0.216196,-5.613522,-0.001497,4.964100,0.040225,0.001624,-1.675007,-0.069879,1.676464,28|30|31|32|33|34,0.5599
6763.967019,-0.214033,-5.636314,-0.000898,4.964100,0.040225,0.001624,-1.662620,-0.068705,1.664039,28|30|31|32|33|34,0.5583
6763.983686,-0.213508,-5.628252,-0.001356,4.971265,0.039843,0.001565,-1.674167,-0.068037,1.675549,28|30|31|32|33|34|35,0.5538
6764.000353,-0.219637,-5.636040,-0.001366,4.985562,0.039127,0.001576,-1.684231,-0.070652,1.685713,28|30|31|32|33|34|35,0.5597
6764.017019,-0.224291,-5.646258,-0.001251,4.992307,0.039365,0.001555,-1.685423,-0.073420,1.687021,28|30|31|32|33|34|35,0.5523
6764.033686,-0.215318,-5.665667,-0.001342,4.999370,0.040484,0.001442,-1.681938,-0.069663,1.683380,30|31|32|33|34|35,0.5594
6764.050353,-0.217267,-5.680865,-0.000892,4.999370,0.040484,0.001442,-1.673678,-0.070723,1.675172,30|31|32|33|34|35,0.5605
6764.083686,-0.201062,-5.700666,-0.001179,5.013800,0.040297,0.001382,-1.677346,-0.061730,1.678481,30|31|32|33|34|35,0.5635
6764.100353,-0.204715,-5.710138,-0.001345,5.028261,0.039829,0.001403,-1.686659,-0.063247,1.687845,30|31|32|33|34|35,0.5632
6764.117019,-0.208243,-5.719581,-0.001284,5.028261,0.039829,0.001403,-1.681527,-0.065165,1.682790,30|31|32|33|34|35,0.5620
6764.133686,-0.208150,-5.719760,-0.001283,5.042189,0.041423,0.001372,-1.695358,-0.066709,1.696670,30|31|32|33|34|35,0.5611
6764.150353,-0.211500,-5.729186,-0.001577,5.049346,0.041171,0.001202,-1.697392,-0.068278,1.698765,30|31|32|33|34|35,0.5611
6764.167019,-0.188611,-5.745288,-0.001787,5.056555,0.040896,0.001030,-1.695849,-0.055564,1.696759,30|31|32|33|34|35,0.5619
6764.183686,-0.188719,-5.745078,-0.001790,5.063679,0.040547,0.000950,-1.703088,-0.055274,1.703984,30|31|32|33|34|35,0.5618
6764.200353,-0.192944,-5.754798,-0.002198,5.070594,0.040301,0.000870,-1.704720,-0.057325,1.705683,30|31|32|33|34|35,0.5612
6764.217019,-0.201811,-5.774339,-0.002974,5.070594,0.040301,0.000870,-1.694100,-0.062144,1.695239,30|31|32|33|34|35,0.5604
6764.250353,-0.193887,-5.786577,-0.002807,5.091190,0.041041,0.001012,-1.708045,-0.058578,1.709049,30|31|32|33|34|35,0.5597
6764.267019,-0.194959,-5.796514,-0.002764,5.091190,0.041041,0.001012,-1.702645,-0.059161,1.703672,30|31|32|33|34|35,0.5621
6764.283686,-0.194808,-5.796808,-0.002762,5.105284,0.040976,0.001048,-1.716578,-0.059014,1.717592,30|31|32|33|34|35,0.5639
6764.300353,-0.195805,-5.815924,-0.002661,5.112323,0.040946,0.001048,-1.713228,-0.059526,1.714262,30|31|32|33|34|35,0.5655
6764.317019,-0.196452,-5.825329,-0.002471,5.112323,0.040946,0.001048,-1.708117,-0.059878,1.709166,30|31|32|33|34|35,0.5645
6764.350353,-0.196550,-5.825135,-0.002473,5.126261,0.041200,0.001068,-1.722160,-0.060185,1.723211,30|31|32|33|34|35,0.5627
6764.367019,-0.193700,-5.850345,-0.002577,5.140468,0.040982,0.001101,-1.722666,-0.058420,1.723656,30|31|32|33|34|35,0.5643
6764.383686,-0.195445,-5.859678,-0.002604,5.147563,0.040870,0.001109,-1.724689,-0.059256,1.725707,30|31|32|33|34|35,0.5643
6764.417019,-0.198629,-5.879288,-0.002319,5.154343,0.041677,0.001091,-1.720811,-0.061795,1.721920,30|31|32|33|34|35,0.5620
6764.433686,-0.198638,-5.879268,-0.002319,5.168771,0.041253,0.001096,-1.735250,-0.061376,1.736335,30|31|32|33|34|35,0.5626
6764.467019,-0.193688,-5.903588,-0.003136,5.175629,0.040893,0.000898,-1.728891,-0.058326,1.729874,30|31|32|33|34|35,0.5636
6764.483686,-0.193596,-5.903771,-0.003135,5.189423,0.040414,0.000955,-1.742585,-0.057798,1.743543,30|31|32|33|34|35,0.5637
6764.517019,-0.198862,-5.913368,-0.003436,5.196334,0.040975,0.000930,-1.744280,-0.061221,1.745354,30|31|32|33|34|35,0.5622
6764.533686,-0.215982,-5.902126,-0.004425,5.210648,0.040434,0.000935,-1.764706,-0.069984,1.766093,30|31|32|33|34|35|36|37,0.5577
6764.567019,-0.244660,-5.847100,-0.005489,5.224289,0.040179,0.000727,-1.808253,-0.085313,1.810264,32|33|34|35|36|37,0.5609
6764.583686,-0.252678,-5.865337,-0.005337,5.230773,0.041034,0.000307,-1.804826,-0.090526,1.807095,32|33|34|35|36|37,0.5609
6764.600353,-0.256643,-5.880869,-0.005867,5.230773,0.041034,0.000307,-1.796384,-0.092681,1.798774,32|33|34|35|36|37,0.5604
6764.617019,-0.243595,-5.888953,-0.006234,5.237748,0.040866,0.000682,-1.798966,-0.085423,1.800993,32|33|34|35|36|37,0.5617
6764.633686,-0.247450,-5.898209,-0.005911,5.251852,0.040408,0.000777,-1.808039,-0.087059,1.810134,32|33|34|35|36|37,0.5621
6764.650353,-0.250926,-5.907835,-0.006037,5.251852,0.040408,0.000777,-1.802808,-0.088949,1.805001,32|33|34|35|36|37,0.5625
6764.683686,-0.257532,-5.926542,-0.005668,5.265736,0.039950,0.000723,-1.806525,-0.092082,1.808870,32|33|34|35|36|37,0.5618
6764.700353,-0.260921,-5.936327,-0.005763,5.272201,0.040328,0.000669,-1.807673,-0.094303,1.810131,32|33|34|35|36|37,0.5606
6764.717019,-0.260832,-5.936507,-0.005762,5.285920,0.040601,0.000550,-1.821294,-0.094527,1.823745,32|33|34|35|36|37,0.5601
6764.733686,-0.249631,-5.949853,-0.005806,5.292858,0.040433,0.000595,-1.820978,-0.088272,1.823116,32|33|34|35|36|37,0.5607
6764.750353,-0.252397,-5.959407,-0.005816,5.300079,0.040294,0.000583,-1.823007,-0.089637,1.825209,32|33|34|35|36|37,0.5622
6764.767019,-0.252322,-5.959556,-0.005816,5.307162,0.040332,0.000482,-1.830009,-0.089634,1.832203,32|33|34|35|36|37,0.5616
6764.783686,-0.256790,-5.977732,-0.005881,5.314221,0.040146,0.000425,-1.827190,-0.091877,1.829498,32|33|34|35|36|37,0.5597
6764.800353,-0.256301,-5.985005,-0.006027,5.314221,0.040146,0.000425,-1.823237,-0.091611,1.825537,32|33|34|35|36|37,0.5595
6764.817019,-0.258548,-5.993645,-0.006038,5.321344,0.039990,0.000226,-1.825665,-0.092678,1.828015,32|33|34|35|36|37,0.5619
6764.833686,-0.260819,-6.003514,-0.006181,5.328311,0.039872,0.000075,-1.827268,-0.093794,1.829674,32|33|34|35|36|37,0.5633
6764.850353,-0.260796,-6.003562,-0.006178,5.342159,0.039611,0.000084,-1.841090,-0.093521,1.843464,32|33|34|35|36|37,0.5622
6764.867019,-0.265099,-6.022807,-0.006269,5.342159,0.039611,0.000084,-1.830631,-0.095860,1.833139,32|33|34|35|36|37,0.5617
6764.883686,-0.265080,-6.022844,-0.006268,5.355921,0.039578,-0.000051,-1.844373,-0.095816,1.846860,32|33|34|35|36|37,0.5605
6764.900353,-0.267997,-6.036748,-0.006345,5.363151,0.039715,-0.000096,-1.844046,-0.097539,1.846624,32|33|34|35|36|37,0.5610
6764.917019,-0.267510,-6.045622,-0.006334,5.370387,0.039875,-0.000118,-1.846460,-0.097435,1.849029,32|33|34|35|36|37,0.5625
6764.933686,-0.265717,-6.055416,-0.006534,5.370387,0.039875,-0.000118,-1.841137,-0.096461,1.843662,32|33|34|35|36|37,0.5624
6764.950353,-0.263568,-6.065619,-0.006628,5.377726,0.040051,-0.000148,-1.842930,-0.095469,1.845401,32|33|34|35|36|37,0.5629
6764.967019,-0.260882,-6.075813,-0.006615,5.384853,0.039760,-0.000144,-1.844517,-0.093719,1.846896,32|33|34|35|36|37,0.5625
6764.983686,-0.265353,-6.082637,-0.006740,5.391849,0.039380,-0.000452,-1.847804,-0.095769,1.850284,32|33|34|35|36|37,0.5626
6765.000353,-0.265422,-6.082498,-0.006740,5.405721,0.040005,-0.000541,-1.861752,-0.096431,1.864248,32|33|34|35|36|37,0.5630
6765.017019,-0.269687,-6.090535,-0.007247,5.412549,0.040324,-0.000582,-1.864212,-0.099069,1.866843,32|33|34|35|36|37,0.5633
6765.033686,-0.263834,-6.104439,-0.006263,5.419527,0.040657,-0.000624,-1.863634,-0.096222,1.866116,32|33|34|35|36|37|38,0.5584
6765.050353,-0.259544,-6.113092,-0.006321,5.419527,0.040657,-0.000624,-1.858931,-0.093891,1.861301,32|33|34|35|36|37|38,0.5612
6765.067019,-0.260902,-6.110373,-0.006310,5.426367,0.040034,-0.000728,-1.867248,-0.094005,1.869613,32|33|34|35|36|37|38,0.5533
6765.083686,-0.274005,-6.083840,-0.006569,5.440183,0.039543,-0.000949,-1.895485,-0.100635,1.898154,33|34|35|36|37|38,0.5594
6765.100353,-0.290533,-6.097012,-0.006910,5.447144,0.039695,-0.000947,-1.895289,-0.109770,1.898465,33|34|35|36|37|38,0.5606
6765.117019,-0.290533,-6.097011,-0.006909,5.454188,0.039831,-0.000914,-1.902333,-0.109906,1.905505,33|34|35|36|37|38,0.5612
6765.150353,-0.288904,-6.106573,-0.006599,5.468156,0.039636,-0.001117,-1.911104,-0.108825,1.914200,33|34|35|36|37|38,0.5600
6765.167019,-0.284637,-6.125736,-0.006660,5.475188,0.039907,-0.001140,-1.907721,-0.106778,1.910707,33|34|35|36|37|38,0.5589
6765.183686,-0.283888,-6.133241,-0.006697,5.475188,0.039907,-0.001140,-1.903642,-0.106372,1.906612,33|34|35|36|37|38,0.5611
6765.217019,-0.278676,-6.158694,-0.006655,5.495903,0.040806,-0.001165,-1.910523,-0.104439,1.913376,33|34|35|36|37|38,0.5625
6765.233686,-0.274515,-6.168184,-0.006542,5.495903,0.040806,-0.001165,-1.905366,-0.102178,1.908104,33|34|35|36|37|38,0.5622
6765.250353,-0.269821,-6.178164,-0.006710,5.509840,0.040568,-0.001254,-1.913879,-0.099389,1.916458,33|34|35|36|37|38,0.5615
6765.283686,-0.269821,-6.178163,-0.006703,5.524329,0.040983,-0.001325,-1.928368,-0.099804,1.930949,33|34|35|36|37|38,0.5622
6765.300353,-0.272930,-6.192239,-0.007197,5.524329,0.040983,-0.001325,-1.920718,-0.101494,1.923398,33|34|35|36|37|38,0.5631
6765.333686,-0.263853,-6.222773,-0.007725,5.538393,0.040843,-0.001320,-1.918188,-0.096422,1.920610,33|34|35|36|37|38,0.5614
6765.350353,-0.263852,-6.222772,-0.007725,5.551940,0.039935,-0.001461,-1.931735,-0.095514,1.934095,33|34|35|36|37|38,0.5605
6765.367020,-0.269289,-6.227937,-0.007376,5.559011,0.040472,-0.001147,-1.936000,-0.099006,1.938530,33|34|35|36|37|38,0.5614
6765.383686,-0.286480,-6.235555,-0.007518,5.566131,0.041039,-0.001136,-1.938979,-0.108916,1.942036,33|34|35|36|37|38,0.5628
6765.400353,-0.281748,-6.240746,-0.007531,5.573239,0.041496,-0.001129,-1.943267,-0.106802,1.946200,33|34|35|36|37|38,0.5625
6765.417020,-0.267036,-6.264981,-0.007367,5.580107,0.041210,-0.001056,-1.936963,-0.098521,1.939467,33|34|35|36|37|38,0.5630
6765.467020,-0.276036,-6.289583,-0.007852,5.594233,0.040611,-0.001486,-1.937719,-0.102815,1.940445,33|34|35|36|37|38,0.5624
6765.483686,-0.272277,-6.298573,-0.008100,5.601474,0.040974,-0.001502,-1.940073,-0.101135,1.942708,33|34|35|36|37|38,0.5625
6765.500353,-0.266771,-6.308863,-0.007649,5.615691,0.041530,-0.001600,-1.948698,-0.098699,1.951196,33|34|35|36|37|38,0.5629
6765.517020,-0.261319,-6.319454,-0.007419,5.615691,0.041530,-0.001600,-1.942941,-0.095736,1.945299,33|34|35|36|37|38,0.5622
6765.550353,-0.274140,-6.334372,-0.007140,5.629688,0.040393,-0.002073,-1.948832,-0.101568,1.951477,33|34|35|36|37|38|39|40,0.5483
6765.567020,-0.273383,-6.343349,-0.007874,5.636773,0.040517,-0.002150,-1.951038,-0.101281,1.953665,33|34|35|36|37|38|39|40,0.5634
6765.583686,-0.273374,-6.343385,-0.007878,5.650759,0.040829,-0.002315,-1.965003,-0.101588,1.967628,33|34|35|36|37|38|39|40,0.5523
6765.600353,-0.268868,-6.364279,-0.007980,5.650759,0.040829,-0.002315,-1.953648,-0.099140,1.956162,35|36|37|38|39|40,0.5643
6765.617020,-0.268869,-6.364276,-0.007985,5.664557,0.039779,-0.002536,-1.967448,-0.098090,1.969891,35|36|37|38|39|40,0.5622
6765.633686,-0.269998,-6.379254,-0.008240,5.671708,0.039914,-0.002539,-1.966459,-0.098839,1.968941,35|36|37|38|39|40,0.5613
6765.650353,-0.281307,-6.387498,-0.008131,5.678868,0.040065,-0.002535,-1.969138,-0.105137,1.971943,35|36|37|38|39|40,0.5619
6765.667020,-0.281308,-6.387498,-0.008129,5.685938,0.040220,-0.002540,-1.976209,-0.105293,1.979012,35|36|37|38|39|40,0.5625
6765.683686,-0.277007,-6.407688,-0.007886,5.692692,0.040035,-0.002700,-1.971990,-0.102771,1.974666,35|36|37|38|39|40,0.5615
6765.700353,-0.274693,-6.417299,-0.007829,5.699421,0.039297,-0.002816,-1.973495,-0.100776,1.976067,35|36|37|38|39|40,0.5604
6765.717020,-0.277723,-6.422331,-0.008313,5.699421,0.039297,-0.002816,-1.970760,-0.102423,1.973420,35|36|37|38|39|40,0.5608
6765.733686,-0.287356,-6.429641,-0.008285,5.713433,0.039668,-0.002790,-1.980800,-0.108030,1.983744,35|36|37|38|39|40,0.5618
6765.750353,-0.287357,-6.429640,-0.008288,5.720433,0.039877,-0.002713,-1.987801,-0.108239,1.990745,35|36|37|38|39|40,0.5634
6765.767020,-0.281803,-6.449188,-0.008235,5.720433,0.039877,-0.002713,-1.977177,-0.105221,1.979975,35|36|37|38|39|40,0.5639
6765.783686,-0.278682,-6.459178,-0.007778,5.727425,0.040107,-0.002749,-1.978740,-0.103756,1.981458,35|36|37|38|39|40,0.5637
6765.800353,-0.278682,-6.459177,-0.007779,5.740952,0.039507,-0.002870,-1.992267,-0.103156,1.994936,35|36|37|38|39|40,0.5620
6765.817020,-0.272055,-6.479028,-0.007725,5.740952,0.039507,-0.002870,-1.981478,-0.099555,1.983977,35|36|37|38|39|40,0.5606
6765.850353,-0.272056,-6.479029,-0.007729,5.761996,0.039666,-0.003015,-2.002522,-0.099714,2.005003,35|36|37|38|39|40,0.5623
6765.867020,-0.283450,-6.500800,-0.008850,5.761996,0.039666,-0.003015,-1.990690,-0.105907,1.993505,35|36|37|38|39|40,0.5627
6765.883686,-0.279950,-6.511176,-0.008835,5.769191,0.039747,-0.003131,-1.992245,-0.104087,1.994962,35|36|37|38|39|40,0.5621
6765.900353,-0.279950,-6.511176,-0.008837,5.783338,0.038392,-0.003295,-2.006393,-0.102732,2.009021,35|36|37|38|39|40,0.5627
6765.917020,-0.291690,-6.527597,-0.009055,5.783338,0.038392,-0.003295,-1.997468,-0.109113,2.000446,35|36|37|38|39|40,0.5617
6765.933686,-0.297454,-6.535245,-0.009331,5.797258,0.039001,-0.003321,-2.007233,-0.112855,2.010403,35|36|37|38|39|40,0.5616
6765.950353,-0.297454,-6.535246,-0.009333,5.804209,0.039296,-0.003348,-2.014183,-0.113150,2.017358,35|36|37|38|39|40,0.5633
6765.983686,-0.284140,-6.564880,-0.009427,5.811146,0.039015,-0.003435,-2.005013,-0.105634,2.007794,35|36|37|38|39|40,0.5629
6766.000353,-0.288729,-6.570930,-0.009895,5.818333,0.038063,-0.003455,-2.008913,-0.107177,2.011770,35|36|37|38|39|40,0.5629
6766.017020,-0.302152,-6.580647,-0.009848,5.825144,0.037870,-0.003559,-2.010443,-0.114279,2.013688,35|36|37|38|39|40,0.5625
6766.033686,-0.302150,-6.580648,-0.009841,5.839595,0.039051,-0.003555,-2.024894,-0.115459,2.028183,35|36|37|38|39|40,0.5628
6766.050353,-0.304058,-6.587337,-0.009622,5.846811,0.038969,-0.003548,-2.028475,-0.116414,2.031812,35|36|37|38|39|40,0.5629
6766.067020,-0.286530,-6.607769,-0.009905,5.846811,0.038969,-0.003548,-2.017370,-0.106889,2.020199,35|36|37|38|39|40,0.5613
6766.117020,-0.300489,-6.634553,-0.009256,5.867921,0.038402,-0.003983,-2.023923,-0.113909,2.027126,35|36|37|38|39|40|41,0.5548
6766.133686,-0.292991,-6.642010,-0.009549,5.874733,0.039164,-0.003970,-2.026683,-0.110596,2.029698,36|37|38|39|40|41,0.5631
6766.150353,-0.292991,-6.642011,-0.009549,5.881674,0.039960,-0.004186,-2.033623,-0.111392,2.036672,36|37|38|39|40|41,0.5629
6766.167020,-0.281709,-6.651994,-0.009771,5.895873,0.038453,-0.004204,-2.042397,-0.103754,2.045030,36|37|38|39|40|41,0.5621
6766.183686,-0.277391,-6.668485,-0.009248,5.902741,0.037547,-0.004312,-2.040301,-0.100502,2.042775,36|37|38|39|40|41,0.5627
6766.200353,-0.277391,-6.668485,-0.009252,5.902741,0.037547,-0.004312,-2.040302,-0.100503,2.042776,36|37|38|39|40|41,0.5630
6766.217020,-0.303197,-6.686949,-0.009756,5.909374,0.037927,-0.004269,-2.036901,-0.114908,2.040139,36|37|38|39|40|41,0.5615
6766.233686,-0.297525,-6.693256,-0.009594,5.916441,0.038508,-0.004228,-2.040540,-0.112406,2.043633,36|37|38|39|40|41,0.5627
6766.250353,-0.297526,-6.693255,-0.009595,5.923513,0.038852,-0.004217,-2.047613,-0.112751,2.050715,36|37|38|39|40|41,0.5616
6766.267020,-0.288634,-6.703974,-0.009685,5.937902,0.037596,-0.004176,-2.056176,-0.106663,2.058940,36|37|38|39|40|41,0.5618
6766.283686,-0.292720,-6.721682,-0.009980,5.937902,0.037596,-0.004176,-2.046552,-0.108884,2.049446,36|37|38|39|40|41,0.5620
6766.300353,-0.300418,-6.730052,-0.010419,5.944820,0.038101,-0.004281,-2.048921,-0.113574,2.052067,36|37|38|39|40|41,0.5615
6766.317020,-0.292852,-6.737113,-0.009764,5.951977,0.038855,-0.004282,-2.052240,-0.110216,2.055198,36|37|38|39|40|41,0.5618
6766.333686,-0.281948,-6.747611,-0.010163,5.966040,0.039740,-0.004324,-2.060597,-0.105175,2.063279,36|37|38|39|40|41,0.5619
6766.350353,-0.281946,-6.747613,-0.010160,5.966040,0.039740,-0.004324,-2.060596,-0.105174,2.063278,36|37|38|39|40|41,0.5624
6766.367020,-0.270817,-6.758190,-0.009804,5.980442,0.038610,-0.004391,-2.069250,-0.097996,2.071569,36|37|38|39|40|41,0.5615
6766.383686,-0.278035,-6.775404,-0.009369,5.980442,0.038610,-0.004391,-2.059894,-0.101920,2.062414,36|37|38|39|40|41,0.5620
6766.417020,-0.275049,-6.792401,-0.009498,5.994892,0.039805,-0.004419,-2.065107,-0.101493,2.067599,36|37|38|39|40|41,0.5621
6766.433686,-0.275050,-6.792400,-0.009498,6.008816,0.038667,-0.004408,-2.079031,-0.100355,2.081451,36|37|38|39|40|41,0.5613
6766.450353,-0.266134,-6.803175,-0.009450,6.015862,0.037737,-0.004368,-2.080221,-0.094580,2.082370,36|37|38|39|40|41,0.5620
6766.467020,-0.282204,-6.818856,-0.010053,6.015862,0.037737,-0.004368,-2.071700,-0.103314,2.074274,36|37|38|39|40|41,0.5627
6766.483686,-0.282206,-6.818854,-0.010056,6.029665,0.038656,-0.004296,-2.085503,-0.104234,2.088106,36|37|38|39|40|41,0.5620
6766.500353,-0.293396,-6.832825,-0.009071,6.029665,0.038656,-0.004296,-2.077911,-0.110316,2.080837,36|37|38|39|40|41,0.5625
6766.517020,-0.293395,-6.832825,-0.009071,6.043773,0.039447,-0.004190,-2.092018,-0.111107,2.094967,36|37|38|39|40|41,0.5635
6766.533686,-0.280539,-6.843462,-0.009298,6.050845,0.039041,-0.004187,-2.093309,-0.103714,2.095877,36|37|38|39|40|41,0.5639
6766.550353,-0.269676,-6.862467,-0.009330,6.050845,0.039041,-0.004187,-2.082980,-0.097811,2.085275,36|37|38|39|40|41,0.5642
6766.567020,-0.269675,-6.862467,-0.009329,6.064910,0.038867,-0.004195,-2.097045,-0.097637,2.099317,36|37|38|39|40|41,0.5638
6766.583686,-0.275278,-6.872189,-0.009121,6.072191,0.039603,-0.004162,-2.099042,-0.101418,2.101491,36|37|38|39|40|41,0.5634
6766.600353,-0.276655,-6.889245,-0.008037,6.072191,0.039603,-0.004162,-2.089773,-0.102168,2.092269,36|37|38|39|40|41|42|43,0.5551
6766.617020,-0.264875,-6.899628,-0.008867,6.086432,0.039163,-0.004128,-2.098371,-0.095326,2.100535,36|37|38|39|40|41|42|43,0.5640
6766.633686,-0.264807,-6.899670,-0.008791,6.093600,0.038339,-0.004134,-2.105515,-0.094465,2.107633,36|37|38|39|40|41|42|43,0.5513
6766.667020,-0.281774,-6.926738,-0.007350,6.100589,0.038364,-0.004148,-2.097795,-0.103712,2.100357,38|39|40|41|42|43,0.5632
6766.683686,-0.280314,-6.933636,-0.007431,6.114695,0.039357,-0.004090,-2.108152,-0.103912,2.110712,38|39|40|41|42|43,0.5637
6766.700353,-0.272886,-6.944035,-0.007427,6.121583,0.039228,-0.004276,-2.109387,-0.099746,2.111744,38|39|40|41|42|43,0.5641
6766.717020,-0.272887,-6.944034,-0.007426,6.128640,0.038480,-0.004454,-2.116445,-0.098998,2.118760,38|39|40|41|42|43,0.5636
6766.733686,-0.267519,-6.961064,-0.007691,6.128640,0.038480,-0.004454,-2.107189,-0.096081,2.109379,38|39|40|41|42|43,0.5629
6766.750353,-0.267518,-6.961065,-0.007688,6.142719,0.038173,-0.004477,-2.121268,-0.095775,2.123429,38|39|40|41|42|43,0.5636
6766.783686,-0.281325,-6.987624,-0.007716,6.149923,0.038638,-0.004477,-2.114038,-0.103744,2.116582,38|39|40|41|42|43,0.5636
6766.800353,-0.281325,-6.987622,-0.007714,6.163853,0.037567,-0.004386,-2.127969,-0.102673,2.130444,38|39|40|41|42|43,0.5624
6766.817020,-0.276559,-7.004441,-0.007197,6.163853,0.037567,-0.004386,-2.118828,-0.100084,2.121191,38|39|40|41|42|43,0.5625
6766.833686,-0.289978,-7.013876,-0.008846,6.170604,0.036907,-0.004471,-2.120452,-0.106717,2.123135,38|39|40|41|42|43,0.5622
6766.850353,-0.289977,-7.013877,-0.008840,6.183889,0.037873,-0.004556,-2.133737,-0.107683,2.136452,38|39|40|41|42|43,0.5621
6766.867020,-0.291391,-7.029098,-0.008232,6.190537,0.038369,-0.004557,-2.132112,-0.108948,2.134894,38|39|40|41|42|43,0.5628
6766.883686,-0.284144,-7.039136,-0.008013,6.197200,0.038890,-0.004600,-2.133320,-0.105530,2.135928,38|39|40|41|42|43,0.5631
6766.900353,-0.276314,-7.048648,-0.008500,6.203687,0.038090,-0.004718,-2.134637,-0.100476,2.137000,38|39|40|41|42|43,0.5618
6766.917020,-0.268729,-7.058563,-0.008480,6.210657,0.037177,-0.004748,-2.136219,-0.095441,2.138350,38|39|40|41|42|43,0.5615
6766.933686,-0.280433,-7.063560,-0.008171,6.217356,0.037066,-0.004801,-2.140202,-0.101690,2.142616,38|39|40|41|42|43,0.5621
6766.950353,-0.293155,-7.072793,-0.007529,6.217356,0.037066,-0.004801,-2.135184,-0.108605,2.137944,38|39|40|41|42|43,0.5607
6766.967020,-0.293649,-7.079198,-0.007626,6.231835,0.037747,-0.004942,-2.146182,-0.109555,2.148977,38|39|40|41|42|43,0.5622
6766.983686,-0.293649,-7.079197,-0.007629,6.239082,0.037062,-0.004933,-2.153429,-0.108870,2.156180,38|39|40|41|42|43,0.5623
6767.000353,-0.283320,-7.098060,-0.008092,6.239082,0.037062,-0.004933,-2.143178,-0.103257,2.145664,38|39|40|41|42|43,0.5625
6767.017020,-0.292681,-7.107662,-0.007942,6.253133,0.036183,-0.004859,-2.152011,-0.107466,2.154693,38|39|40|41|42|43,0.5619
6767.033686,-0.292681,-7.107662,-0.007943,6.260112,0.036757,-0.004809,-2.158990,-0.108040,2.161691,38|39|40|41|42|43,0.5620
6767.050353,-0.303928,-7.123387,-0.007785,6.260112,0.036757,-0.004809,-2.150444,-0.114154,2.153471,38|39|40|41|42|43,0.5628
6767.067020,-0.295293,-7.133469,-0.007823,6.274021,0.037151,-0.005035,-2.158873,-0.109855,2.161666,38|39|40|41|42|43,0.5636
6767.083686,-0.286288,-7.143476,-0.007806,6.274021,0.037151,-0.005035,-2.153434,-0.104961,2.155991,38|39|40|41|42|43,0.5620
6767.117020,-0.286289,-7.143476,-0.007807,6.295177,0.035876,-0.005127,-2.174590,-0.103686,2.177061,38|39|40|41|42|43,0.5623
6767.133686,-0.308125,-7.171041,-0.008720,6.295177,0.035876,-0.005127,-2.159610,-0.115554,2.162699,38|39|40|41|42|43|44,0.5614
6767.150353,-0.305716,-7.176007,-0.008625,6.302494,0.036768,-0.005133,-2.164229,-0.115138,2.167289,38|39|40|41|42|43|44,0.5620
6767.167020,-0.305676,-7.176173,-0.008549,6.317140,0.036546,-0.005076,-2.178784,-0.114894,2.181811,39|40|41|42|43|44,0.5620
6767.183686,-0.292150,-7.196843,-0.008866,6.317140,0.036546,-0.005076,-2.167550,-0.107544,2.170216,39|40|41|42|43|44,0.5630
6767.200353,-0.295502,-7.206570,-0.008753,6.324455,0.036294,-0.005058,-2.169579,-0.109114,2.172321,39|40|41|42|43|44,0.5634
6767.217020,-0.295502,-7.206570,-0.008751,6.338395,0.036896,-0.005460,-2.183519,-0.109716,2.186274,39|40|41|42|43|44,0.5628
6767.233686,-0.298570,-7.216316,-0.008451,6.345473,0.037926,-0.005546,-2.185300,-0.112413,2.188189,39|40|41|42|43|44,0.5623
6767.250353,-0.299601,-7.224356,-0.007956,6.352583,0.037438,-0.005550,-2.188041,-0.112486,2.190930,39|40|41|42|43|44,0.5621
6767.267020,-0.272662,-7.241841,-0.008912,6.352583,0.037438,-0.005550,-2.178537,-0.097846,2.180733,39|40|41|42|43|44,0.5614
6767.283686,-0.279120,-7.249955,-0.008753,6.359758,0.036689,-0.005553,-2.181302,-0.100607,2.183621,39|40|41|42|43|44,0.5623
6767.300353,-0.279119,-7.249955,-0.008750,6.373732,0.035494,-0.005612,-2.195277,-0.099412,2.197526,39|40|41|42|43|44,0.5626
6767.317020,-0.298587,-7.268941,-0.008386,6.380494,0.036061,-0.005983,-2.191721,-0.110561,2.194508,39|40|41|42|43|44,0.5620
6767.333686,-0.298586,-7.268942,-0.008390,6.387708,0.036463,-0.005984,-2.198934,-0.110962,2.201732,39|40|41|42|43|44,0.5612
6767.350353,-0.295392,-7.283966,-0.009880,6.387708,0.036463,-0.005984,-2.190769,-0.109227,2.193490,39|40|41|42|43|44,0.5610
6767.367020,-0.289322,-7.293688,-0.009302,6.402136,0.035606,-0.005896,-2.199913,-0.105071,2.202421,39|40|41|42|43|44,0.5611
6767.383686,-0.289321,-7.293688,-0.009300,6.409167,0.035387,-0.005889,-2.206944,-0.104852,2.209433,39|40|41|42|43|44,0.5617
6767.400353,-0.300451,-7.312890,-0.009432,6.409167,0.035387,-0.005889,-2.196508,-0.110901,2.199306,39|40|41|42|43|44,0.5612
6767.417020,-0.300450,-7.312890,-0.009431,6.423249,0.037214,-0.006044,-2.210590,-0.112728,2.213463,39|40|41|42|43|44,0.5619
6767.433686,-0.290778,-7.326973,-0.009077,6.423249,0.037214,-0.006044,-2.202936,-0.107472,2.205556,39|40|41|42|43|44,0.5630
6767.450353,-0.275893,-7.338273,-0.009799,6.437616,0.037020,-0.006121,-2.211161,-0.099188,2.213384,39|40|41|42|43|44,0.5613
6767.467020,-0.275893,-7.338273,-0.009799,6.444884,0.036593,-0.006166,-2.218429,-0.098761,2.220627,39|40|41|42|43|44,0.5621
6767.483686,-0.278280,-7.357359,-0.009119,6.451881,0.036476,-0.006209,-2.215053,-0.099943,2.217306,39|40|41|42|43|44,0.5620
6767.500353,-0.278279,-7.357360,-0.009120,6.451881,0.036476,-0.006209,-2.215053,-0.099942,2.217306,39|40|41|42|43|44,0.5615
6767.517020,-0.284395,-7.372119,-0.009662,6.466171,0.037147,-0.006150,-2.221322,-0.103937,2.223752,39|40|41|42|43|44,0.5629
6767.550353,-0.274085,-7.391917,-0.009533,6.480239,0.035841,-0.006105,-2.224630,-0.097029,2.226745,39|40|41|42|43|44,0.5633
6767.567020,-0.282861,-7.401178,-0.009799,6.480239,0.035841,-0.006105,-2.219597,-0.101799,2.221930,39|40|41|42|43|44,0.5632
6767.583686,-0.291699,-7.410541,-0.009710,6.487268,0.035177,-0.006081,-2.221537,-0.105939,2.224062,39|40|41|42|43|44,0.5627
6767.600353,-0.300640,-7.420070,-0.009763,6.493857,0.035610,-0.006081,-2.222948,-0.111231,2.225729,39|40|41|42|43|44,0.5615
6767.617020,-0.300640,-7.420070,-0.009767,6.508284,0.036862,-0.005934,-2.237375,-0.112483,2.240201,39|40|41|42|43|44,0.5626
6767.633686,-0.276725,-7.434831,-0.010393,6.515421,0.036668,-0.005869,-2.236488,-0.099292,2.238692,39|40|41|42|43|44|45,0.5554
6767.650353,-0.276290,-7.445340,-0.010323,6.522560,0.036523,-0.005851,-2.237916,-0.098912,2.240101,39|40|41|42|43|44|45|46,0.5634
6767.667020,-0.276291,-7.445356,-0.010359,6.529700,0.036365,-0.005866,-2.245048,-0.098754,2.247218,39|40|41|42|43|44|45|46,0.5552
6767.683686,-0.280211,-7.464427,-0.010310,6.536677,0.036942,-0.005865,-2.241660,-0.101463,2.243955,41|42|43|44|45|46,0.5626
6767.700353,-0.282037,-7.474024,-0.010087,6.543895,0.037367,-0.005771,-2.243662,-0.102879,2.246020,41|42|43|44|45|46,0.5616
6767.717020,-0.282037,-7.474024,-0.010087,6.551075,0.036811,-0.005766,-2.250843,-0.102324,2.253168,41|42|43|44|45|46,0.5624
6767.733686,-0.272854,-7.479894,-0.009875,6.551075,0.036811,-0.005766,-2.247652,-0.097334,2.249759,41|42|43|44|45|46,0.5634
6767.750353,-0.266886,-7.490132,-0.010134,6.565415,0.035687,-0.005778,-2.256427,-0.092966,2.258342,41|42|43|44|45|46,0.5639
6767.767020,-0.281435,-7.508666,-0.009612,6.572217,0.036055,-0.005634,-2.253158,-0.101242,2.255431,41|42|43|44|45|46,0.5628
6767.783686,-0.281435,-7.508667,-0.009614,6.579363,0.036815,-0.005632,-2.260303,-0.102003,2.262604,41|42|43|44|45|46,0.5619
6767.800353,-0.282676,-7.524076,-0.009605,6.579363,0.036815,-0.005632,-2.251929,-0.102678,2.254268,41|42|43|44|45|46,0.5632
6767.817020,-0.271495,-7.534516,-0.009855,6.593531,0.036271,-0.005880,-2.260422,-0.096057,2.262462,41|42|43|44|45|46,0.5623
6767.833686,-0.271496,-7.534516,-0.009857,6.600577,0.035752,-0.005921,-2.267468,-0.095538,2.269480,41|42|43|44|45|46,0.5630
6767.850353,-0.279182,-7.553288,-0.010420,6.600577,0.035752,-0.005921,-2.257266,-0.099716,2.259467,41|42|43|44|45|46,0.5632
6767.867020,-0.279182,-7.553288,-0.010419,6.614746,0.036039,-0.005908,-2.271436,-0.100004,2.273636,41|42|43|44|45|46,0.5629
6767.883686,-0.286141,-7.562694,-0.010421,6.621844,0.035959,-0.005735,-2.273422,-0.103706,2.275786,41|42|43|44|45|46,0.5619
6767.900353,-0.280746,-7.579060,-0.010117,6.621844,0.035959,-0.005735,-2.264527,-0.100774,2.266768,41|42|43|44|45|46,0.5609
6767.917020,-0.282114,-7.587852,-0.009890,6.636026,0.034519,-0.005725,-2.273931,-0.100079,2.276132,41|42|43|44|45|46,0.5613
6767.933686,-0.291768,-7.596953,-0.010385,6.636026,0.034519,-0.005725,-2.268985,-0.105326,2.271428,41|42|43|44|45|46,0.5607
6767.950353,-0.301534,-7.606009,-0.010579,6.649403,0.034969,-0.005845,-2.277441,-0.111084,2.280148,41|42|43|44|45|46,0.5601
6767.983686,-0.301533,-7.606009,-0.010577,6.662838,0.036353,-0.005906,-2.290875,-0.112467,2.293634,41|42|43|44|45|46,0.5609
6768.000353,-0.282233,-7.630420,-0.010730,6.662838,0.036353,-0.005906,-2.277608,-0.101979,2.279890,41|42|43|44|45|46,0.5615
6768.017020,-0.272978,-7.639110,-0.010238,6.669635,0.035810,-0.005477,-2.279681,-0.096406,2.281719,41|42|43|44|45|46,0.5602
6768.033686,-0.272979,-7.639110,-0.010238,6.683594,0.034408,-0.005472,-2.293640,-0.095005,2.295607,41|42|43|44|45|46,0.5598
6768.050353,-0.292108,-7.657045,-0.009814,6.683594,0.034408,-0.005472,-2.283894,-0.105402,2.286325,41|42|43|44|45|46,0.5605
6768.067020,-0.301050,-7.665711,-0.009826,6.690217,0.034686,-0.005958,-2.285808,-0.110540,2.288479,41|42|43|44|45|46,0.5597
6768.083686,-0.295211,-7.671150,-0.010181,6.704777,0.034447,-0.006008,-2.297411,-0.107128,2.299908,41|42|43|44|45|46,0.5595
6768.100353,-0.295211,-7.671149,-0.010180,6.704777,0.034447,-0.006008,-2.297411,-0.107128,2.299908,41|42|43|44|45|46,0.5603
6768.117020,-0.291185,-7.681934,-0.010086,6.711950,0.033979,-0.005945,-2.298724,-0.104472,2.301097,41|42|43|44|45|46,0.5620
6768.133686,-0.297776,-7.691599,-0.010354,6.718962,0.033511,-0.005842,-2.300482,-0.107587,2.302997,41|42|43|44|45|46,0.5619
6768.167020,-0.304661,-7.715860,-0.009970,6.739874,0.034495,-0.005857,-2.308209,-0.112313,2.310940,41|42|43|44|45|46|47,0.5548
6768.200353,-0.295051,-7.734733,-0.010288,6.747029,0.033998,-0.005883,-2.305107,-0.106595,2.307570,41|42|43|44|45|46|47,0.5545
6768.217020,-0.301648,-7.745021,-0.009921,6.754223,0.033517,-0.005865,-2.306710,-0.109699,2.309317,42|43|44|45|46|47,0.5635
6768.233686,-0.308028,-7.754314,-0.010852,6.761356,0.033106,-0.005919,-2.308793,-0.112756,2.311545,42|43|44|45|46|47,0.5627
6768.250353,-0.312937,-7.762755,-0.011609,6.768154,0.033737,-0.006302,-2.311004,-0.116056,2.313917,42|43|44|45|46|47,0.5614
6768.267020,-0.302519,-7.767960,-0.011604,6.775597,0.033941,-0.006307,-2.315617,-0.110597,2.318257,42|43|44|45|46|47,0.5625
6768.283686,-0.299647,-7.780398,-0.011760,6.782898,0.033781,-0.006304,-2.316159,-0.108877,2.318717,42|43|44|45|46|47,0.5625
6768.300353,-0.299646,-7.780398,-0.011757,6.797525,0.033578,-0.006313,-2.330786,-0.108673,2.333318,42|43|44|45|46|47,0.5628
6768.317020,-0.301410,-7.789750,-0.011822,6.804434,0.033980,-0.006389,-2.332612,-0.110034,2.335206,42|43|44|45|46|47,0.5628
6768.333686,-0.303267,-7.810291,-0.012593,6.804434,0.033980,-0.006389,-2.321449,-0.111044,2.324103,42|43|44|45|46|47,0.5630
6768.350353,-0.297070,-7.813848,-0.012623,6.811486,0.035055,-0.006894,-2.326567,-0.108751,2.329107,42|43|44|45|46|47,0.5628
6768.367020,-0.297070,-7.813848,-0.012621,6.818703,0.034784,-0.007146,-2.333784,-0.108481,2.336303,42|43|44|45|46|47,0.5612
6768.383686,-0.283876,-7.834101,-0.012949,6.825700,0.034100,-0.007246,-2.329774,-0.100627,2.331946,42|43|44|45|46|47,0.5627
6768.417020,-0.300062,-7.851818,-0.013015,6.846317,0.033134,-0.007406,-2.340763,-0.108459,2.343274,42|43|44|45|46|47,0.5617
6768.450353,-0.304984,-7.865952,-0.013021,6.860867,0.033296,-0.007344,-2.347631,-0.111296,2.350268,42|43|44|45|46|47,0.5623
6768.467020,-0.304983,-7.865951,-0.013017,6.868107,0.033013,-0.007284,-2.354871,-0.111012,2.357487,42|43|44|45|46|47,0.5630
6768.483686,-0.301333,-7.887046,-0.013430,6.875366,0.032736,-0.007236,-2.350666,-0.108753,2.353180,42|43|44|45|46|47,0.5626
6768.500353,-0.304745,-7.896360,-0.012701,6.875366,0.032736,-0.007236,-2.345603,-0.110607,2.348210,42|43|44|45|46|47,0.5625
6768.517020,-0.304743,-7.896360,-0.012701,6.889390,0.034393,-0.007260,-2.359628,-0.112263,2.362297,42|43|44|45|46|47,0.5608
6768.533686,-0.301441,-7.909704,-0.012381,6.889390,0.034393,-0.007260,-2.352376,-0.110469,2.354969,42|43|44|45|46|47,0.5611
6768.550353,-0.283364,-7.921453,-0.012479,6.903833,0.034309,-0.007319,-2.360432,-0.100561,2.362574,42|43|44|45|46|47,0.5603
6768.567020,-0.279805,-7.931925,-0.012033,6.911119,0.033983,-0.007367,-2.362027,-0.098301,2.364072,42|43|44|45|46|47,0.5613
6768.583686,-0.279806,-7.931925,-0.012035,6.918361,0.033737,-0.007340,-2.369270,-0.098056,2.371298,42|43|44|45|46|47,0.5620
6768.600353,-0.283715,-7.941790,-0.012243,6.918361,0.033737,-0.007340,-2.363909,-0.100181,2.366030,42|43|44|45|46|47,0.5613
6768.617020,-0.290346,-7.959907,-0.011947,6.925165,0.034355,-0.007456,-2.360867,-0.104404,2.363174,42|43|44|45|46|47,0.5601
6768.633686,-0.280703,-7.965225,-0.012163,6.939345,0.033649,-0.007414,-2.372156,-0.098457,2.374198,42|43|44|45|46|47,0.5608
6768.650353,-0.282430,-7.975940,-0.012401,6.939345,0.033649,-0.007414,-2.366332,-0.099396,2.368419,42|43|44|45|46|47,0.5616
6768.667020,-0.289877,-7.986196,-0.012810,6.946416,0.033093,-0.007372,-2.367830,-0.102888,2.370064,42|43|44|45|46|47|48,0.5548
6768.683686,-0.289880,-7.986242,-0.012863,6.953486,0.032530,-0.007312,-2.374875,-0.102326,2.377078,42|43|44|45|46|47|48,0.5617
6768.700353,-0.305172,-8.005564,-0.012153,6.960020,0.032516,-0.007292,-2.370908,-0.110624,2.373488,42|43|44|45|46|47|48|49,0.5585
6768.717020,-0.304409,-8.006917,-0.011831,6.974342,0.033857,-0.007350,-2.384495,-0.111550,2.387103,42|43|44|45|46|47|48|49,0.5549
6768.733686,-0.289679,-8.014859,-0.014411,6.974342,0.033857,-0.007350,-2.380177,-0.103545,2.382429,44|45|46|47|48|49,0.5637
6768.750353,-0.285920,-8.030078,-0.014326,6.988812,0.033638,-0.007284,-2.386377,-0.101283,2.388525,44|45|46|47|48|49,0.5632
6768.767020,-0.287317,-8.039294,-0.013716,6.988812,0.033638,-0.007284,-2.381368,-0.102044,2.383554,44|45|46|47|48|49,0.5637
6768.783686,-0.287739,-8.049096,-0.013583,6.996051,0.033572,-0.007302,-2.383280,-0.102207,2.385470,44|45|46|47|48|49,0.5645
6768.800353,-0.287739,-8.049097,-0.013584,7.010449,0.034350,-0.007119,-2.397678,-0.102985,2.399888,44|45|46|47|48|49,0.5623
6768.817020,-0.288044,-8.059029,-0.014431,7.017738,0.033865,-0.007132,-2.399568,-0.102667,2.401763,44|45|46|47|48|49,0.5621
6768.850353,-0.282790,-8.084928,-0.014390,7.025007,0.033415,-0.007144,-2.392762,-0.099362,2.394824,44|45|46|47|48|49,0.5635
6768.867020,-0.288590,-8.094401,-0.014444,7.032243,0.032951,-0.007161,-2.394850,-0.102051,2.397023,44|45|46|47|48|49,0.5630
6768.883686,-0.288589,-8.094402,-0.014442,7.046230,0.033701,-0.007039,-2.408836,-0.102800,2.411029,44|45|46|47|48|49,0.5616
6768.900353,-0.293977,-8.108323,-0.013441,7.046230,0.033701,-0.007039,-2.401270,-0.105728,2.403597,44|45|46|47|48|49,0.5630
6768.917020,-0.281369,-8.119183,-0.013291,7.053396,0.033727,-0.007049,-2.402534,-0.098904,2.404569,44|45|46|47|48|49,0.5619
6768.950353,-0.286179,-8.138492,-0.013612,7.067511,0.032880,-0.007106,-2.406155,-0.100671,2.408261,44|45|46|47|48|49,0.5628
6768.967020,-0.291880,-8.147604,-0.013502,7.081662,0.032875,-0.007031,-2.415354,-0.103764,2.417582,44|45|46|47|48|49,0.5622
6768.983686,-0.297479,-8.156784,-0.013872,7.081662,0.032875,-0.007031,-2.410366,-0.106808,2.412731,44|45|46|47|48|49,0.5598
6769.000353,-0.290591,-8.163331,-0.013888,7.088871,0.032913,-0.006781,-2.414015,-0.103103,2.416216,44|45|46|47|48|49,0.5611
6769.017020,-0.290346,-8.173164,-0.013545,7.096007,0.032271,-0.006627,-2.415807,-0.102328,2.417973,44|45|46|47|48|49,0.5620
6769.033686,-0.298924,-8.182341,-0.012971,7.103081,0.031617,-0.006638,-2.417894,-0.106336,2.420231,44|45|46|47|48|49,0.5633
6769.050353,-0.307586,-8.191392,-0.012259,7.109929,0.031152,-0.006683,-2.419824,-0.110579,2.422350,44|45|46|47|48|49,0.5633
6769.067020,-0.307586,-8.191392,-0.012259,7.123305,0.032375,-0.007257,-2.433199,-0.111802,2.435766,44|45|46|47|48|49,0.5635
6769.100353,-0.313269,-8.197474,-0.012460,7.130117,0.033164,-0.007326,-2.436707,-0.115680,2.439451,44|45|46|47|48|49,0.5646
6769.117020,-0.292540,-8.214982,-0.012320,7.143736,0.031894,-0.007441,-2.440810,-0.103145,2.442988,44|45|46|47|48|49,0.5625
6769.133686,-0.290051,-8.233626,-0.013458,7.143736,0.031894,-0.007441,-2.430677,-0.101793,2.432807,44|45|46|47|48|49,0.5623
6769.150353,-0.298781,-8.242326,-0.013005,7.157402,0.031173,-0.007629,-2.439615,-0.105817,2.441908,44|45|46|47|48|49,0.5616
6769.167020,-0.307668,-8.251261,-0.013436,7.157402,0.031173,-0.007629,-2.434759,-0.110647,2.437272,44|45|46|47|48|49,0.5610
6769.183686,-0.307669,-8.251263,-0.013437,7.172134,0.031097,-0.007648,-2.449490,-0.110572,2.451984,44|45|46|47|48|49,0.5621
6769.200353,-0.300436,-8.268387,-0.013511,7.179412,0.030596,-0.007551,-2.447461,-0.106141,2.449762,44|45|46|47|48|49|50,0.5597
6769.217020,-0.307237,-8.277590,-0.014528,7.179412,0.030596,-0.007551,-2.442460,-0.109837,2.444928,44|45|46|47|48|49|50,0.5629
6769.233686,-0.313635,-8.287753,-0.014103,7.193156,0.030276,-0.007347,-2.450681,-0.112994,2.453284,44|45|46|47|48|49|50,0.5565
6769.250353,-0.320415,-8.299005,-0.014274,7.200318,0.031121,-0.007300,-2.451727,-0.117525,2.454543,45|46|47|48|49|50,0.5627
6769.267020,-0.317054,-8.300592,-0.014189,7.200318,0.031121,-0.007300,-2.450865,-0.115698,2.453594,45|46|47|48|49|50,0.5629
6769.283686,-0.304312,-8.311553,-0.014391,7.207532,0.031088,-0.007364,-2.452122,-0.108740,2.454532,45|46|47|48|49|50,0.5610
6769.300353,-0.304812,-8.322299,-0.013409,7.221710,0.030236,-0.007558,-2.460459,-0.108161,2.462835,45|46|47|48|49|50,0.5620
6769.317020,-0.310481,-8.331226,-0.013401,7.221710,0.030236,-0.007558,-2.455608,-0.111242,2.458126,45|46|47|48|49|50,0.5621
6769.333686,-0.316089,-8.340128,-0.013980,7.228850,0.029778,-0.007588,-2.457911,-0.113833,2.460545,45|46|47|48|49|50,0.5610
6769.367020,-0.314742,-8.353348,-0.014122,7.250428,0.030409,-0.007585,-2.472303,-0.113732,2.474918,45|46|47|48|49|50,0.5597
6769.383686,-0.314742,-8.353347,-0.014121,7.257765,0.030322,-0.007572,-2.479641,-0.113645,2.482244,45|46|47|48|49|50,0.5619
6769.400353,-0.311250,-8.376104,-0.013596,7.257765,0.030322,-0.007572,-2.467272,-0.111748,2.469802,45|46|47|48|49|50,0.5628
6769.417020,-0.311251,-8.376103,-0.013596,7.272147,0.030539,-0.007680,-2.481655,-0.111966,2.484180,45|46|47|48|49|50,0.5632
6769.433686,-0.312458,-8.396309,-0.014237,7.279044,0.031496,-0.008160,-2.477571,-0.113579,2.480173,45|46|47|48|49|50,0.5637
6769.450353,-0.307387,-8.401272,-0.014414,7.286331,0.031240,-0.008154,-2.482160,-0.110568,2.484622,45|46|47|48|49|50,0.5636
6769.467020,-0.307389,-8.401271,-0.014415,7.286331,0.031240,-0.008154,-2.482161,-0.110569,2.484622,45|46|47|48|49|50,0.5635
6769.533686,-0.315953,-8.448297,-0.014953,7.321117,0.030014,-0.008506,-2.491390,-0.113999,2.493997,45|46|47|48|49|50,0.5691
6769.567020,-0.315947,-8.448286,-0.014973,7.335802,0.029446,-0.008406,-2.506081,-0.113428,2.508647,45|46|47|48|49|50,0.5630
6769.583686,-0.311785,-8.473252,-0.014866,7.335802,0.029446,-0.008406,-2.492512,-0.111167,2.494990,45|46|47|48|49|50,0.5629
6769.600353,-0.315217,-8.482545,-0.014545,7.343115,0.029184,-0.008376,-2.494775,-0.112770,2.497322,45|46|47|48|49|50,0.5637
6769.617020,-0.318030,-8.491798,-0.014034,7.349861,0.029396,-0.008364,-2.496492,-0.114512,2.499117,45|46|47|48|49|50,0.5627
6769.633686,-0.314311,-8.495210,-0.014336,7.357053,0.030570,-0.008337,-2.501830,-0.113665,2.504411,45|46|47|48|49|50,0.5625
6769.700353,-0.314311,-8.495209,-0.014335,7.392607,0.030578,-0.008871,-2.537384,-0.113673,2.539929,45|46|47|48|49|50,0.5621
6769.717020,-0.301592,-8.548806,-0.014993,7.399835,0.030645,-0.008836,-2.515483,-0.106829,2.517751,45|46|47|48|49|50|51|52,0.5617
6769.733686,-0.301592,-8.548807,-0.014991,7.399835,0.030645,-0.008836,-2.515482,-0.106829,2.517750,45|46|47|48|49|50|51|52,0.5616
6769.750353,-0.292109,-8.562878,-0.016588,7.406874,0.030053,-0.008832,-2.514874,-0.101085,2.516905,46|47|48|49|50|51|52,0.5555
6769.767020,-0.299562,-8.573035,-0.015091,7.413950,0.029508,-0.008799,-2.516430,-0.104590,2.518602,47|48|49|50|51|52,0.5627
6769.783686,-0.306547,-8.582666,-0.014615,7.421023,0.028955,-0.008750,-2.518269,-0.107833,2.520577,47|48|49|50|51|52,0.5629
6769.800353,-0.306547,-8.582665,-0.014619,7.434378,0.029722,-0.008860,-2.531625,-0.108601,2.533953,47|48|49|50|51|52,0.5618
6769.833686,-0.301093,-8.600854,-0.014128,7.441773,0.030230,-0.008571,-2.529133,-0.106145,2.531360,47|48|49|50|51|52,0.5636
6769.850353,-0.301093,-8.600852,-0.014128,7.449169,0.030064,-0.008565,-2.536531,-0.105979,2.538744,47|48|49|50|51|52,0.5645
6769.883686,-0.294885,-8.616748,-0.014005,7.471252,0.030164,-0.008534,-2.549975,-0.102706,2.552042,47|48|49|50|51|52,0.5648
6769.900353,-0.296720,-8.646402,-0.013772,7.471252,0.030164,-0.008534,-2.533859,-0.103705,2.535980,47|48|49|50|51|52,0.5636
6769.917020,-0.296720,-8.646402,-0.013772,7.485675,0.030160,-0.008484,-2.548282,-0.103701,2.550391,47|48|49|50|51|52,0.5630
6769.933686,-0.286124,-8.661175,-0.014178,7.485675,0.030160,-0.008484,-2.540252,-0.097943,2.542140,47|48|49|50|51|52,0.5637
6769.950353,-0.291493,-8.672133,-0.013755,7.492886,0.029728,-0.008486,-2.541508,-0.100429,2.543492,47|48|49|50|51|52,0.5632
6769.967020,-0.296901,-8.681609,-0.013590,7.500055,0.029290,-0.008494,-2.543527,-0.102930,2.545609,47|48|49|50|51|52,0.5637
6769.983686,-0.302463,-8.691269,-0.013857,7.506989,0.029089,-0.008190,-2.545211,-0.105752,2.547407,47|48|49|50|51|52,0.5633
6770.000353,-0.303525,-8.696631,-0.014509,7.513941,0.029797,-0.008134,-2.549249,-0.107038,2.551496,47|48|49|50|51|52,0.5634
6770.017020,-0.292563,-8.705368,-0.015065,7.528128,0.029553,-0.008127,-2.558687,-0.100837,2.560673,47|48|49|50|51|52,0.5628
6770.050353,-0.292564,-8.705366,-0.015068,7.542266,0.028689,-0.008141,-2.572826,-0.099973,2.574768,47|48|49|50|51|52,0.5628
6770.083686,-0.306234,-8.745057,-0.015506,7.549143,0.028930,-0.008126,-2.558132,-0.107645,2.560396,47|48|49|50|51|52,0.5607
6770.100353,-0.306232,-8.745060,-0.015503,7.563484,0.028610,-0.007561,-2.572472,-0.107324,2.574710,47|48|49|50|51|52,0.5602
6770.117020,-0.301651,-8.749429,-0.015178,7.570435,0.027967,-0.007533,-2.577049,-0.104192,2.579154,47|48|49|50|51|52,0.5593
6770.133686,-0.298269,-8.760095,-0.014833,7.577361,0.027379,-0.007535,-2.578177,-0.101766,2.580185,47|48|49|50|51|52,0.5611
6770.150353,-0.306394,-8.768946,-0.013892,7.577361,0.027379,-0.007535,-2.573368,-0.106183,2.575557,47|48|49|50|51|52,0.5608
6770.167020,-0.322282,-8.785792,-0.013737,7.590771,0.028349,-0.008211,-2.577622,-0.115788,2.580222,47|48|49|50|51|52,0.5622
6770.183686,-0.316770,-8.789980,-0.014772,7.590771,0.028349,-0.008211,-2.575346,-0.112792,2.577815,47|48|49|50|51|52,0.5623
6770.200353,-0.316769,-8.789981,-0.014771,7.597604,0.029116,-0.008320,-2.582179,-0.113559,2.584675,47|48|49|50|51|52,0.5618
6770.217020,-0.292726,-8.811987,-0.014504,7.604347,0.028851,-0.008402,-2.576962,-0.100228,2.578910,47|48|49|50|51|52,0.5609
6770.250353,-0.305714,-8.828789,-0.014222,7.624906,0.027222,-0.008518,-2.588389,-0.105658,2.590544,47|48|49|50|51|52|53,0.5629
6770.267020,-0.314224,-8.837057,-0.014444,7.631970,0.027726,-0.009232,-2.590960,-0.110787,2.593327,47|48|49|50|51|52|53,0.5575
6770.300353,-0.308302,-8.852464,-0.015533,7.646620,0.026749,-0.009136,-2.597237,-0.106592,2.599423,48|49|50|51|52|53,0.5612
6770.317020,-0.308301,-8.852463,-0.015534,7.653737,0.026228,-0.009004,-2.604354,-0.106071,2.606513,48|49|50|51|52|53,0.5619
6770.333686,-0.321204,-8.874214,-0.015052,7.653737,0.026228,-0.009004,-2.592534,-0.113084,2.594999,48|49|50|51|52|53,0.5631
6770.350353,-0.327867,-8.884752,-0.014266,7.667421,0.026865,-0.008645,-2.600490,-0.117343,2.603137,48|49|50|51|52|53,0.5634
6770.367020,-0.326641,-8.887937,-0.013280,7.667421,0.026865,-0.008645,-2.598760,-0.116677,2.601378,48|49|50|51|52|53,0.5640
6770.383686,-0.326642,-8.887937,-0.013280,7.681774,0.026673,-0.008821,-2.613113,-0.116485,2.615708,48|49|50|51|52|53,0.5643
6770.433686,-0.316267,-8.897064,-0.013022,7.702719,0.025847,-0.008926,-2.629097,-0.110020,2.631398,48|49|50|51|52|53,0.5647
6770.467020,-0.327875,-8.938214,-0.014554,7.710139,0.026559,-0.008988,-2.614153,-0.117043,2.616772,48|49|50|51|52|53,0.5647
6770.483686,-0.327875,-8.938214,-0.014554,7.725166,0.026162,-0.009008,-2.629180,-0.116646,2.631767,48|49|50|51|52|53,0.5644
6770.500353,-0.317479,-8.952671,-0.014141,7.725166,0.026162,-0.009008,-2.621323,-0.110997,2.623672,48|49|50|51|52|53,0.5650
6770.517020,-0.321004,-8.972417,-0.014008,7.732682,0.026028,-0.009002,-2.618107,-0.112780,2.620535,48|49|50|51|52|53,0.5648
6770.550353,-0.318904,-8.989389,-0.014292,7.746712,0.026982,-0.009455,-2.622913,-0.112593,2.625329,48|49|50|51|52|53,0.5634
6770.600353,-0.309599,-9.016406,-0.014617,7.767930,0.026073,-0.009585,-2.629448,-0.106628,2.631609,48|49|50|51|52|53,0.5634
6770.617020,-0.309598,-9.016405,-0.014617,7.781761,0.025220,-0.009604,-2.643279,-0.105774,2.645395,48|49|50|51|52|53,0.5627
6770.633686,-0.316749,-9.025265,-0.014270,7.788668,0.025911,-0.009969,-2.645372,-0.110352,2.647672,48|49|50|51|52|53,0.5617
6770.667020,-0.315217,-9.048072,-0.014971,7.796036,0.025703,-0.010268,-2.640344,-0.109312,2.642606,48|49|50|51|52|53,0.5618
6770.683686,-0.315217,-9.048072,-0.014970,7.810392,0.025030,-0.010215,-2.654700,-0.108640,2.656922,48|49|50|51|52|53,0.5625
6770.700353,-0.322569,-9.069339,-0.015802,7.810392,0.025030,-0.010215,-2.643142,-0.112636,2.645541,48|49|50|51|52|53,0.5626
6770.717020,-0.326111,-9.078413,-0.016459,7.824320,0.026022,-0.010225,-2.652139,-0.115553,2.654655,48|49|50|51|52|53,0.5612
6770.733686,-0.326111,-9.078413,-0.016461,7.831547,0.027021,-0.010213,-2.659365,-0.116553,2.661918,48|49|50|51|52|53,0.5613
6770.750353,-0.309921,-9.092179,-0.016480,7.831547,0.027021,-0.010213,-2.651883,-0.107754,2.654071,48|49|50|51|52|53|54,0.5555
6770.800353,-0.310967,-9.093963,-0.015988,7.859749,0.026077,-0.010609,-2.679116,-0.107379,2.681267,50|51|52|53|54|55,0.5623
6770.817020,-0.306142,-9.125214,-0.017679,7.867035,0.026824,-0.010539,-2.669417,-0.105504,2.671501,50|51|52|53|54|55,0.5608
6770.833686,-0.311669,-9.135773,-0.017005,7.867035,0.026824,-0.010539,-2.663679,-0.108509,2.665888,50|51|52|53|54|55,0.5615
6770.850353,-0.295356,-9.150223,-0.015601,7.880970,0.025455,-0.010486,-2.669760,-0.098275,2.671569,50|51|52|53|54|55,0.5606
6770.867020,-0.295356,-9.150222,-0.015601,7.887900,0.024792,-0.010430,-2.676690,-0.097612,2.678470,50|51|52|53|54|55,0.5612
6770.883686,-0.304579,-9.159236,-0.015627,7.894654,0.024453,-0.010435,-2.678546,-0.102285,2.680498,50|51|52|53|54|55,0.5619
6770.900353,-0.321541,-9.178045,-0.016042,7.894654,0.024453,-0.010435,-2.668324,-0.111504,2.670653,50|51|52|53|54|55,0.5617
6770.917020,-0.325082,-9.182120,-0.015861,7.908689,0.026089,-0.010222,-2.680145,-0.115065,2.682614,50|51|52|53|54|55,0.5626
6770.933686,-0.325082,-9.182122,-0.015863,7.915954,0.025974,-0.010064,-2.687410,-0.114951,2.689867,50|51|52|53|54|55,0.5636
6770.950353,-0.300654,-9.200436,-0.016239,7.923107,0.025707,-0.009995,-2.684608,-0.101408,2.686523,50|51|52|53|54|55,0.5628
6770.967020,-0.302136,-9.211363,-0.016386,7.923107,0.025707,-0.009995,-2.678669,-0.102213,2.680619,50|51|52|53|54|55,0.5635
6770.983686,-0.302137,-9.211363,-0.016388,7.937373,0.025491,-0.009958,-2.692936,-0.101998,2.694867,50|51|52|53|54|55,0.5649
6771.000353,-0.306985,-9.230115,-0.015424,7.944504,0.026180,-0.010118,-2.689875,-0.105323,2.691936,50|51|52|53|54|55,0.5641
6771.017020,-0.306151,-9.236281,-0.016203,7.951703,0.026215,-0.009973,-2.693723,-0.104905,2.695765,50|51|52|53|54|55,0.5643
6771.033686,-0.294811,-9.245017,-0.016950,7.958840,0.025608,-0.009965,-2.696112,-0.098135,2.697897,50|51|52|53|54|55,0.5637
6771.050353,-0.294146,-9.256125,-0.016017,7.958840,0.025608,-0.009965,-2.690075,-0.097774,2.691852,50|51|52|53|54|55,0.5632
6771.083686,-0.309608,-9.274235,-0.016050,7.980136,0.025073,-0.009968,-2.701529,-0.105643,2.703594,50|51|52|53|54|55,0.5631
6771.117020,-0.306107,-9.289135,-0.016387,7.987252,0.025760,-0.009915,-2.700547,-0.104428,2.702565,50|51|52|53|54|55,0.5632
6771.133686,-0.295839,-9.301283,-0.015821,8.001120,0.024877,-0.009981,-2.707813,-0.097965,2.709584,50|51|52|53|54|55,0.5630
6771.150353,-0.295838,-9.301284,-0.015822,8.008226,0.024250,-0.009971,-2.714918,-0.097338,2.716662,50|51|52|53|54|55,0.5633
6771.167020,-0.307200,-9.318241,-0.015863,8.015236,0.024196,-0.009941,-2.712712,-0.103460,2.714684,50|51|52|53|54|55,0.5632
6771.183686,-0.315484,-9.326930,-0.015251,8.022655,0.024748,-0.009902,-2.715410,-0.108514,2.717577,50|51|52|53|54|55,0.5620
6771.200353,-0.315178,-9.333290,-0.014953,8.022655,0.024748,-0.009902,-2.711954,-0.108348,2.714117,50|51|52|53|54|55,0.5624
6771.217020,-0.315178,-9.333289,-0.014952,8.036718,0.023741,-0.009533,-2.726017,-0.107341,2.728130,50|51|52|53|54|55,0.5615
6771.250353,-0.319858,-9.362486,-0.014191,8.043567,0.022983,-0.009502,-2.716999,-0.109128,2.719189,50|51|52|53|54|55,0.5618
6771.267020,-0.329833,-9.370602,-0.013868,8.050035,0.023038,-0.009763,-2.719056,-0.114604,2.721470,50|51|52|53|54|55|56,0.5559
6771.283686,-0.327003,-9.373884,-0.015118,8.056885,0.023570,-0.009906,-2.724122,-0.113598,2.726489,50|51|52|53|54|55,0.5632
6771.300353,-0.318068,-9.385236,-0.015557,8.070562,0.024577,-0.009980,-2.731629,-0.109750,2.733833,50|51|52|53|54|55|56,0.5610
6771.317020,-0.309430,-9.397008,-0.015959,8.070562,0.024577,-0.009980,-2.725231,-0.105055,2.727255,51|52|53|54|55|56,0.5630
6771.333686,-0.302163,-9.407065,-0.016084,8.077127,0.024005,-0.009993,-2.726330,-0.100534,2.728183,51|52|53|54|55|56,0.5619
6771.350353,-0.302163,-9.407064,-0.016083,8.090524,0.022599,-0.009905,-2.739728,-0.099129,2.741520,51|52|53|54|55|56,0.5629
6771.367020,-0.310460,-9.413503,-0.015915,8.097582,0.022999,-0.010299,-2.743286,-0.104038,2.745258,51|52|53|54|55|56,0.5627
6771.383686,-0.322451,-9.421933,-0.015401,8.104801,0.023403,-0.010366,-2.745924,-0.110959,2.748165,51|52|53|54|55|56,0.5629
6771.400353,-0.320717,-9.436386,-0.017168,8.104801,0.023403,-0.010366,-2.738069,-0.110018,2.740278,51|52|53|54|55|56,0.5625
6771.417020,-0.314724,-9.447850,-0.016734,8.118950,0.022003,-0.010327,-2.745987,-0.105360,2.748007,51|52|53|54|55|56,0.5620
6771.450353,-0.314724,-9.447851,-0.016734,8.132772,0.022041,-0.010031,-2.759809,-0.105398,2.761821,51|52|53|54|55|56,0.5620
6771.483686,-0.330437,-9.479614,-0.016374,8.146993,0.022722,-0.010077,-2.756768,-0.114621,2.759150,51|52|53|54|55|56,0.5635
6771.517020,-0.330437,-9.479615,-0.016375,8.160940,0.021126,-0.010057,-2.770714,-0.113024,2.773019,51|52|53|54|55|56,0.5636
6771.533686,-0.330317,-9.509295,-0.017600,8.160940,0.021126,-0.010057,-2.754584,-0.112961,2.756899,51|52|53|54|55|56,0.5638
6771.550353,-0.330316,-9.509294,-0.017604,8.167614,0.021024,-0.010072,-2.761258,-0.112858,2.763564,51|52|53|54|55|56,0.5629
6771.567020,-0.340917,-9.520871,-0.015321,8.174826,0.021758,-0.010009,-2.762180,-0.119354,2.764757,51|52|53|54|55|56,0.5633
6771.583686,-0.340917,-9.520871,-0.015321,8.189274,0.021732,-0.009960,-2.776627,-0.119328,2.779190,51|52|53|54|55|56,0.5638
6771.600353,-0.329810,-9.532531,-0.014903,8.196483,0.021254,-0.009937,-2.777499,-0.112814,2.779789,51|52|53|54|55|56,0.5636
6771.617020,-0.322441,-9.544607,-0.016005,8.203518,0.021087,-0.009928,-2.777970,-0.108642,2.780093,51|52|53|54|55|56,0.5642
6771.650353,-0.336039,-9.568565,-0.014909,8.210438,0.021571,-0.010468,-2.771871,-0.116518,2.774318,51|52|53|54|55|56,0.5630
6771.667020,-0.336040,-9.568565,-0.014910,8.217638,0.022374,-0.010511,-2.779070,-0.117321,2.781545,51|52|53|54|55|56,0.5626
6771.683687,-0.314264,-9.589249,-0.016766,8.224691,0.022815,-0.010459,-2.774881,-0.105928,2.776902,51|52|53|54|55|56,0.5617
6771.717020,-0.320775,-9.606813,-0.016917,8.238717,0.020890,-0.010524,-2.779362,-0.107543,2.781441,51|52|53|54|55|56,0.5617
6771.750353,-0.340683,-9.619200,-0.017672,8.252426,0.020733,-0.010826,-2.786339,-0.118206,2.788845,51|52|53|54|55|56,0.5617
6771.767020,-0.332794,-9.628436,-0.018367,8.266685,0.021108,-0.010808,-2.795579,-0.114293,2.797914,51|52|53|54|55|56,0.5621
6771.783687,-0.332794,-9.628436,-0.018365,8.273880,0.020388,-0.010763,-2.802773,-0.113574,2.805073,51|52|53|54|55|56,0.5608
6771.800353,-0.325881,-9.651106,-0.016676,8.273880,0.020388,-0.010763,-2.790452,-0.109818,2.792612,51|52|53|54|55|56|57|58,0.5608
6771.817020,-0.325884,-9.651115,-0.016675,8.287752,0.020701,-0.010965,-2.804319,-0.110132,2.806481,51|52|53|54|55|56|57|58,0.5579
6771.833687,-0.334457,-9.659873,-0.015617,8.287752,0.020701,-0.010965,-2.799560,-0.114792,2.801913,51|52|53|54|55|56|57|58,0.5586
6771.867020,-0.337509,-9.662849,-0.016467,8.308800,0.021746,-0.010874,-2.818991,-0.117495,2.821439,53|54|55|56|57|58,0.5625
6771.883687,-0.317016,-9.685754,-0.016661,8.315838,0.020985,-0.010910,-2.813580,-0.105598,2.815560,53|54|55|56|57|58,0.5607
6771.900353,-0.310236,-9.704464,-0.017249,8.322672,0.020944,-0.010862,-2.810245,-0.101873,2.812091,53|54|55|56|57|58,0.5614
6771.933687,-0.310236,-9.704464,-0.017248,8.337397,0.021848,-0.010817,-2.824971,-0.102776,2.826839,53|54|55|56|57|58,0.5629
6771.950353,-0.311689,-9.729867,-0.016141,8.337397,0.021848,-0.010817,-2.811164,-0.103567,2.813072,53|54|55|56|57|58,0.5632
6771.967020,-0.311688,-9.729866,-0.016142,8.351116,0.020325,-0.010753,-2.824884,-0.102044,2.826726,53|54|55|56|57|58,0.5623
6771.983687,-0.304858,-9.741489,-0.016851,8.357874,0.019597,-0.010796,-2.825324,-0.097605,2.827010,53|54|55|56|57|58,0.5631
6772.000353,-0.325140,-9.757347,-0.016194,8.364740,0.019935,-0.011010,-2.823573,-0.108966,2.825675,53|54|55|56|57|58,0.5630
6772.017020,-0.334341,-9.760337,-0.017221,8.364740,0.019935,-0.011010,-2.821948,-0.113967,2.824249,53|54|55|56|57|58,0.5637
6772.033687,-0.327782,-9.765596,-0.017518,8.372018,0.020722,-0.010574,-2.826368,-0.111189,2.828554,53|54|55|56|57|58,0.5651
6772.050353,-0.327783,-9.765595,-0.017520,8.386118,0.021201,-0.010461,-2.840468,-0.111669,2.842663,53|54|55|56|57|58,0.5641
6772.067020,-0.305466,-9.792678,-0.016243,8.386118,0.021201,-0.010461,-2.825748,-0.099541,2.827501,53|54|55|56|57|58,0.5633
6772.083687,-0.309190,-9.801287,-0.015582,8.400022,0.020221,-0.010434,-2.834974,-0.100586,2.836758,53|54|55|56|57|58,0.5639
6772.100353,-0.309190,-9.801287,-0.015582,8.407278,0.020596,-0.010649,-2.842230,-0.100961,2.844022,53|54|55|56|57|58,0.5642
6772.133687,-0.314090,-9.825155,-0.016115,8.421995,0.021406,-0.010527,-2.843975,-0.104434,2.845892,53|54|55|56|57|58,0.5640
6772.150353,-0.314090,-9.825154,-0.016114,8.421995,0.021406,-0.010527,-2.843976,-0.104434,2.845892,53|54|55|56|57|58,0.5638
6772.167020,-0.306289,-9.837522,-0.016656,8.428947,0.020478,-0.010228,-2.844206,-0.099267,2.845938,53|54|55|56|57|58,0.5626
6772.183687,-0.314093,-9.854608,-0.016603,8.435862,0.019783,-0.010165,-2.841836,-0.102814,2.843695,53|54|55|56|57|58,0.5627
6772.200353,-0.322566,-9.858434,-0.016697,8.442974,0.019925,-0.010392,-2.846868,-0.107561,2.848899,53|54|55|56|57|58,0.5638
6772.217020,-0.318967,-9.868754,-0.016719,8.457234,0.020260,-0.010304,-2.855519,-0.105940,2.857484,53|54|55|56|57|58,0.5642
6772.233687,-0.314680,-9.881441,-0.016308,8.464140,0.020207,-0.010307,-2.855530,-0.103559,2.857407,53|54|55|56|57|58,0.5635
6772.250353,-0.314680,-9.881441,-0.016307,8.470985,0.019315,-0.010128,-2.862376,-0.102666,2.864216,53|54|55|56|57|58,0.5631
6772.267020,-0.311963,-9.891419,-0.016640,8.477995,0.019063,-0.010071,-2.863962,-0.100938,2.865740,53|54|55|56|57|58,0.5622
6772.283687,-0.324064,-9.906710,-0.015859,8.477995,0.019063,-0.010071,-2.855652,-0.107515,2.857675,53|54|55|56|57|58,0.5621
6772.300353,-0.326342,-9.913125,-0.015956,8.492819,0.019297,-0.010070,-2.866990,-0.108988,2.869061,53|54|55|56|57|58,0.5631
6772.317020,-0.323301,-9.925700,-0.016008,8.492819,0.019297,-0.010070,-2.860155,-0.107336,2.862169,53|54|55|56|57|58|59,0.5632
6772.350353,-0.320745,-9.945791,-0.015912,8.512950,0.018318,-0.010334,-2.869367,-0.104968,2.871286,53|54|55|56|57|58|59,0.5548
6772.367020,-0.331329,-9.947895,-0.016665,8.512950,0.018318,-0.010334,-2.868224,-0.110720,2.870360,54|55|56|57|58|59,0.5630
6772.383687,-0.331328,-9.947897,-0.016664,8.526736,0.018613,-0.010337,-2.882009,-0.111015,2.884147,54|55|56|57|58|59,0.5642
6772.433687,-0.332118,-9.953572,-0.017332,8.547378,0.018554,-0.010391,-2.899567,-0.111385,2.901706,54|55|56|57|58|59,0.5625
6772.450353,-0.323157,-9.996617,-0.016816,8.553831,0.017913,-0.010373,-2.882626,-0.105876,2.884569,54|55|56|57|58|59,0.5610
6772.467020,-0.324871,-10.002902,-0.017009,8.553831,0.017913,-0.010373,-2.879210,-0.106808,2.881191,54|55|56|57|58|59,0.5596
6772.483687,-0.332922,-10.005373,-0.016937,8.560795,0.018018,-0.010333,-2.884831,-0.111288,2.886977,54|55|56|57|58|59,0.5622
6772.500353,-0.330709,-10.017155,-0.016329,8.567754,0.018090,-0.010273,-2.885387,-0.110158,2.887489,54|55|56|57|58|59,0.5630
6772.517020,-0.330710,-10.017155,-0.016330,8.581743,0.017686,-0.010235,-2.899376,-0.109755,2.901453,54|55|56|57|58|59,0.5630
6772.533687,-0.328955,-10.028737,-0.016369,8.581743,0.017686,-0.010235,-2.893081,-0.108802,2.895127,54|55|56|57|58|59,0.5625
6772.550353,-0.333070,-10.045656,-0.016155,8.595654,0.017100,-0.010104,-2.897798,-0.110453,2.899902,54|55|56|57|58|59,0.5619
6772.567020,-0.341281,-10.048117,-0.015512,8.595654,0.017100,-0.010104,-2.896461,-0.114915,2.898739,54|55|56|57|58|59,0.5643
6772.583687,-0.339344,-10.060387,-0.014546,8.609712,0.017118,-0.009976,-2.903850,-0.113881,2.906082,54|55|56|57|58|59,0.5650
6772.600353,-0.337454,-10.072040,-0.015825,8.609712,0.017118,-0.009976,-2.897517,-0.112854,2.899714,54|55|56|57|58|59,0.5644
6772.633687,-0.337474,-10.092619,-0.016076,8.623608,0.016565,-0.009969,-2.900229,-0.112313,2.902402,54|55|56|57|58|59,0.5626
6772.650353,-0.343251,-10.097536,-0.016275,8.637461,0.016523,-0.009870,-2.911410,-0.115411,2.913696,54|55|56|57|58|59,0.5622
6772.667020,-0.343629,-10.104226,-0.015281,8.644672,0.016791,-0.009844,-2.914985,-0.115885,2.917287,54|55|56|57|58|59,0.5634
6772.683687,-0.342487,-10.112519,-0.014801,8.644672,0.016791,-0.009844,-2.910478,-0.115265,2.912759,54|55|56|57|58|59,0.5647
6772.700353,-0.337914,-10.124818,-0.014518,8.651833,0.016919,-0.009880,-2.910954,-0.112908,2.913143,54|55|56|57|58|59,0.5646
6772.733687,-0.337914,-10.124817,-0.014519,8.665640,0.016020,-0.009844,-2.924761,-0.112008,2.926905,54|55|56|57|58|59,0.5632
6772.750353,-0.338689,-10.142289,-0.014994,8.679904,0.016489,-0.010289,-2.929530,-0.112899,2.931704,54|55|56|57|58|59,0.5635
6772.767020,-0.341884,-10.156438,-0.016752,8.679904,0.016489,-0.010289,-2.921840,-0.114636,2.924088,54|55|56|57|58|59,0.5642
6772.783687,-0.341885,-10.156437,-0.016751,8.694123,0.016879,-0.010341,-2.936060,-0.115027,2.938312,54|55|56|57|58|59,0.5634
6772.817020,-0.329419,-10.190230,-0.016937,8.700826,0.016578,-0.010292,-2.924397,-0.107952,2.926389,54|55|56|57|58|59,0.5614
6772.833687,-0.333512,-10.195799,-0.015685,8.707390,0.015722,-0.010312,-2.927935,-0.109321,2.929975,54|55|56|57|58|59|60|61,0.5492
6772.850353,-0.343443,-10.198276,-0.016558,8.714519,0.015815,-0.010273,-2.933718,-0.114811,2.935963,54|55|56|57|58|59|60,0.5581
6772.867020,-0.341835,-10.210720,-0.015573,8.728646,0.015832,-0.010256,-2.941081,-0.113955,2.943288,54|55|56|57|58|59|60|61,0.5615
6772.883687,-0.341840,-10.210747,-0.015577,8.735711,0.015902,-0.010027,-2.948131,-0.114028,2.950336,54|55|56|57|58|59|60|61,0.5496
6772.900353,-0.339624,-10.231178,-0.015432,8.742432,0.016104,-0.009722,-2.943749,-0.113026,2.945918,56|57|58|59|60|61,0.5619
6772.917020,-0.336947,-10.238869,-0.015071,8.749492,0.016007,-0.009676,-2.946629,-0.111474,2.948737,56|57|58|59|60|61,0.5622
6772.933687,-0.334254,-10.243865,-0.015163,8.749492,0.016007,-0.009676,-2.943914,-0.110011,2.945969,56|57|58|59|60|61,0.5636
6772.967020,-0.334254,-10.243865,-0.015163,8.771013,0.016063,-0.009514,-2.965434,-0.110067,2.967476,56|57|58|59|60|61,0.5642
6773.000353,-0.331277,-10.286387,-0.015291,8.784523,0.016604,-0.008747,-2.955834,-0.108992,2.957843,56|57|58|59|60|61,0.5619
6773.017020,-0.325169,-10.290372,-0.015862,8.791782,0.016582,-0.008670,-2.960928,-0.105651,2.962812,56|57|58|59|60|61,0.5610
6773.033687,-0.321964,-10.296708,-0.015507,8.791782,0.016582,-0.008670,-2.957484,-0.103909,2.959309,56|57|58|59|60|61,0.5622
6773.050353,-0.321719,-10.309372,-0.015466,8.799017,0.016415,-0.008671,-2.957836,-0.103609,2.959650,56|57|58|59|60|61,0.5622
6773.067020,-0.323488,-10.320624,-0.016199,8.813388,0.015991,-0.008667,-2.966093,-0.104148,2.967921,56|57|58|59|60|61,0.5618
6773.083687,-0.325972,-10.331489,-0.016009,8.819582,0.016444,-0.008175,-2.966381,-0.105951,2.968272,56|57|58|59|60|61,0.5605
6773.117020,-0.325973,-10.331489,-0.016014,8.833175,0.016226,-0.007806,-2.979975,-0.105733,2.981850,56|57|58|59|60|61,0.5615
6773.133687,-0.322410,-10.342670,-0.014087,8.840299,0.016316,-0.007753,-2.981022,-0.103888,2.982832,56|57|58|59|60|61,0.5641
6773.167020,-0.325293,-10.348711,-0.014218,8.847166,0.016256,-0.007636,-2.984605,-0.105395,2.986465,56|57|58|59|60|61,0.5639
6773.217020,-0.323602,-10.370278,-0.014579,8.875359,0.016239,-0.006232,-3.001077,-0.104459,3.002895,56|57|58|59|60|61,0.5637
6773.233687,-0.319006,-10.394015,-0.012006,8.882657,0.016080,-0.006217,-2.995474,-0.101803,2.997204,56|57|58|59|60|61,0.5640
6773.250353,-0.322979,-10.414672,-0.011583,8.882657,0.016080,-0.006217,-2.984248,-0.103963,2.986058,56|57|58|59|60|61,0.5636
6773.267020,-0.324587,-10.424797,-0.012018,8.889896,0.015998,-0.006061,-2.985985,-0.104755,2.987822,56|57|58|59|60|61,0.5628
6773.283687,-0.324587,-10.424797,-0.012018,8.896590,0.016547,-0.005860,-2.992678,-0.105304,2.994531,56|57|58|59|60|61,0.5621
6773.300353,-0.316708,-10.435837,-0.011388,8.903722,0.016690,-0.005852,-2.993810,-0.101166,2.995519,56|57|58|59|60|61,0.5636
6773.333687,-0.316708,-10.435837,-0.011389,8.917523,0.015813,-0.005921,-3.007611,-0.100289,3.009283,56|57|58|59|60|61,0.5634
6773.350353,-0.326296,-10.467545,-0.011730,8.924539,0.015402,-0.005933,-2.997395,-0.105090,2.999237,56|57|58|59|60|61,0.5633
6773.367020,-0.331617,-10.476693,-0.011790,8.938484,0.015664,-0.005151,-3.006368,-0.108245,3.008316,56|57|58|59|60|61|62,0.5587
6773.383687,-0.334285,-10.482813,-0.010824,8.938484,0.015664,-0.005151,-3.003042,-0.109695,3.005045,56|57|58|59|60|61|62,0.5629
6773.400353,-0.325800,-10.490744,-0.010261,8.952677,0.015170,-0.004742,-3.012925,-0.104589,3.014740,56|57|58|59|60|61|62,0.5559
6773.417020,-0.327734,-10.501702,-0.010655,8.959791,0.014724,-0.004769,-3.014083,-0.105194,3.015918,57|58|59|60|61|62,0.5613
6773.433687,-0.333242,-10.510807,-0.010692,8.959791,0.014724,-0.004769,-3.009135,-0.108189,3.011079,57|58|59|60|61|62,0.5608
6773.450353,-0.338966,-10.519692,-0.011021,8.973264,0.015475,-0.005094,-3.017780,-0.112051,3.019859,57|58|59|60|61|62,0.5596
6773.483687,-0.325658,-10.531500,-0.011293,8.987159,0.015312,-0.005210,-3.025257,-0.104656,3.027067,57|58|59|60|61|62,0.5614
6773.500353,-0.325658,-10.531499,-0.011293,8.994068,0.014793,-0.005220,-3.032166,-0.104137,3.033954,57|58|59|60|61|62,0.5610
6773.517020,-0.320480,-10.544643,-0.011618,9.000991,0.014272,-0.005216,-3.031946,-0.100802,3.033621,57|58|59|60|61|62,0.5615
6773.533687,-0.335360,-10.562824,-0.011423,9.007900,0.013929,-0.005143,-3.028974,-0.108547,3.030918,57|58|59|60|61|62,0.5611
6773.550353,-0.335360,-10.562825,-0.011424,9.014551,0.014298,-0.005493,-3.035625,-0.108916,3.037578,57|58|59|60|61|62,0.5605
6773.567020,-0.342417,-10.571758,-0.011086,9.014551,0.014298,-0.005493,-3.030770,-0.112752,3.032867,57|58|59|60|61|62,0.5600
6773.583687,-0.346317,-10.577689,-0.011153,9.028462,0.015037,-0.005571,-3.041458,-0.115611,3.043654,57|58|59|60|61|62,0.5593
6773.600353,-0.326283,-10.595700,-0.011755,9.035354,0.014517,-0.005414,-3.038561,-0.104203,3.040347,57|58|59|60|61|62,0.5595
6773.617020,-0.326283,-10.595701,-0.011757,9.042277,0.014042,-0.005191,-3.045483,-0.103728,3.047249,57|58|59|60|61|62,0.5613
6773.633687,-0.328564,-10.605142,-0.011699,9.048994,0.014224,-0.005151,-3.047068,-0.105150,3.048882,57|58|59|60|61|62,0.5606
6773.650353,-0.341132,-10.621157,-0.011242,9.056286,0.014859,-0.005186,-3.045657,-0.112616,3.047738,57|58|59|60|61|62,0.5606
6773.667020,-0.341132,-10.621158,-0.011243,9.063383,0.014342,-0.005187,-3.052754,-0.112099,3.054811,57|58|59|60|61|62,0.5621
6773.683687,-0.328883,-10.639070,-0.012062,9.063383,0.014342,-0.005187,-3.043019,-0.105442,3.044845,57|58|59|60|61|62,0.5615
6773.700353,-0.328882,-10.639070,-0.012064,9.077298,0.013153,-0.005077,-3.056934,-0.104254,3.058711,57|58|59|60|61|62,0.5627
6773.717020,-0.343919,-10.657948,-0.010830,9.077298,0.013153,-0.005077,-3.046674,-0.112426,3.048748,57|58|59|60|61|62,0.5622
6773.750353,-0.355793,-10.671304,-0.010661,9.090917,0.013343,-0.004849,-3.053036,-0.119071,3.055357,57|58|59|60|61|62,0.5621
6773.767020,-0.355794,-10.671305,-0.010664,9.105484,0.013738,-0.004950,-3.067602,-0.119466,3.069927,57|58|59|60|61|62,0.5626
6773.783687,-0.335622,-10.692794,-0.010502,9.112593,0.013284,-0.004921,-3.063032,-0.108049,3.064937,57|58|59|60|61|62,0.5627
6773.800353,-0.342364,-10.702719,-0.010978,9.112593,0.013284,-0.004921,-3.057638,-0.111714,3.059678,57|58|59|60|61|62,0.5639
6773.817020,-0.348483,-10.712754,-0.010957,9.119674,0.012892,-0.004862,-3.059265,-0.114648,3.061413,57|58|59|60|61|62,0.5646
6773.833687,-0.352707,-10.720459,-0.011381,9.126259,0.013092,-0.004839,-3.061663,-0.117144,3.063903,57|58|59|60|61|62,0.5643
6773.867020,-0.338158,-10.736673,-0.010203,9.140773,0.013501,-0.005151,-3.067365,-0.109646,3.069324,57|58|59|60|61|62,0.5633
6773.883687,-0.338157,-10.736673,-0.010204,9.147850,0.013076,-0.005191,-3.074441,-0.109221,3.076380,57|58|59|60|61|62,0.5645
6773.900353,-0.348599,-10.756948,-0.010869,9.161688,0.012635,-0.005056,-3.077261,-0.114456,3.079389,57|58|59|60|61|62|63|64,0.5650
6773.917020,-0.348613,-10.756969,-0.010893,9.161688,0.012635,-0.005056,-3.077249,-0.114464,3.079377,57|58|59|60|61|62|63|64,0.5556
6773.933687,-0.354960,-10.767623,-0.010918,9.175453,0.014189,-0.005151,-3.085224,-0.119467,3.087536,59|60|61|62|63|64,0.5628
6773.950353,-0.346339,-10.776280,-0.011889,9.182472,0.013614,-0.005278,-3.087538,-0.114207,3.089649,59|60|61|62|63|64,0.5619
6774.000353,-0.347216,-10.807245,-0.012562,9.203060,0.012990,-0.005165,-3.091297,-0.114062,3.093400,59|60|61|62|63|64,0.5615
6774.017020,-0.347215,-10.807245,-0.012563,9.210404,0.013850,-0.005206,-3.098641,-0.114921,3.100771,59|60|61|62|63|64,0.5623
6774.033687,-0.351479,-10.812643,-0.012835,9.210404,0.013850,-0.005206,-3.095708,-0.117238,3.097927,59|60|61|62|63|64,0.5641
6774.050353,-0.333961,-10.831045,-0.012661,9.224575,0.013696,-0.005209,-3.099877,-0.107564,3.101742,59|60|61|62|63|64,0.5630
6774.083687,-0.333962,-10.831045,-0.012661,9.238565,0.012847,-0.005206,-3.113867,-0.106716,3.115695,59|60|61|62|63|64,0.5624
6774.100353,-0.343034,-10.860521,-0.012643,9.245739,0.013397,-0.005419,-3.105021,-0.112198,3.107047,59|60|61|62|63|64,0.5615
6774.133687,-0.337705,-10.874065,-0.011694,9.253015,0.014200,-0.005279,-3.104937,-0.110105,3.106888,59|60|61|62|63|64,0.5612
6774.150353,-0.337707,-10.874066,-0.011691,9.266829,0.013757,-0.005258,-3.118750,-0.109663,3.120678,59|60|61|62|63|64,0.5608
6774.167020,-0.326072,-10.887940,-0.012060,9.266829,0.013757,-0.005258,-3.111210,-0.103341,3.112925,59|60|61|62|63|64,0.5616
6774.183687,-0.332011,-10.904991,-0.011597,9.273877,0.013162,-0.005215,-3.108991,-0.105974,3.110796,59|60|61|62|63|64,0.5606
6774.200353,-0.339554,-10.912305,-0.011176,9.280223,0.013244,-0.005413,-3.111363,-0.110156,3.113312,59|60|61|62|63|64,0.5611
6774.217020,-0.339554,-10.912305,-0.011174,9.294599,0.014878,-0.005444,-3.125738,-0.111790,3.127736,59|60|61|62|63|64,0.5631
6774.233687,-0.337277,-10.911826,-0.011209,9.301437,0.014210,-0.005449,-3.132836,-0.109884,3.134763,59|60|61|62|63|64,0.5628
6774.250353,-0.323245,-10.924861,-0.012057,9.308199,0.013667,-0.005432,-3.132513,-0.101716,3.134164,59|60|61|62|63|64,0.5624
6774.267020,-0.313893,-10.939485,-0.012230,9.308199,0.013667,-0.005432,-3.124565,-0.096634,3.126059,59|60|61|62|63|64,0.5640
6774.300353,-0.335367,-10.964145,-0.011456,9.321993,0.013294,-0.005449,-3.124957,-0.107932,3.126821,59|60|61|62|63|64,0.5641
6774.317020,-0.333270,-10.969589,-0.012297,9.329252,0.013902,-0.005112,-3.129258,-0.107401,3.131101,59|60|61|62|63|64,0.5641
6774.333687,-0.333272,-10.969590,-0.012298,9.343148,0.013556,-0.004495,-3.143153,-0.107056,3.144976,59|60|61|62|63|64,0.5628
6774.350353,-0.321728,-10.991467,-0.013081,9.343148,0.013556,-0.004495,-3.131264,-0.100783,3.132885,59|60|61|62|63|64,0.5628
6774.367020,-0.321728,-10.991465,-0.013078,9.357014,0.013112,-0.004536,-3.145131,-0.100339,3.146731,59|60|61|62|63|64,0.5632
6774.383687,-0.337444,-11.006439,-0.010971,9.357014,0.013112,-0.004536,-3.136993,-0.108881,3.138882,59|60|61|62|63|64,0.5633
6774.417020,-0.337444,-11.006442,-0.010970,9.378366,0.013954,-0.004435,-3.158344,-0.109723,3.160249,59|60|61|62|63|64,0.5628
6774.450353,-0.322160,-11.043799,-0.010808,9.392331,0.012283,-0.004292,-3.152005,-0.099746,3.153583,59|60|61|62|63|64|65,0.5551
6774.467020,-0.335706,-11.053314,-0.010961,9.392331,0.012283,-0.004292,-3.146834,-0.107109,3.148656,60|61|62|63|64|65,0.5620
6774.483687,-0.344884,-11.058451,-0.010974,9.399622,0.012463,-0.004185,-3.151334,-0.112277,3.153333,60|61|62|63|64|65,0.5627
6774.500353,-0.344883,-11.058450,-0.010975,9.414003,0.012680,-0.003432,-3.165716,-0.112494,3.167714,60|61|62|63|64|65,0.5623
6774.517020,-0.341870,-11.069331,-0.011002,9.414003,0.012680,-0.003432,-3.159802,-0.110856,3.161746,60|61|62|63|64|65,0.5620
6774.533687,-0.339734,-11.081081,-0.010258,9.427219,0.012625,-0.003459,-3.166632,-0.109641,3.168530,60|61|62|63|64|65,0.5607
6774.550353,-0.340194,-11.096374,-0.010330,9.427219,0.012625,-0.003459,-3.158321,-0.109892,3.160232,60|61|62|63|64|65,0.5615
6774.567020,-0.338306,-11.103371,-0.010658,9.440490,0.012936,-0.003577,-3.167789,-0.109177,3.169670,60|61|62|63|64|65,0.5615
6774.583687,-0.338306,-11.103371,-0.010657,9.447164,0.013211,-0.003600,-3.174463,-0.109452,3.176349,60|61|62|63|64|65,0.5625
6774.600353,-0.332324,-11.121502,-0.010301,9.447164,0.013211,-0.003600,-3.164609,-0.106202,3.166390,60|61|62|63|64|65,0.5621
6774.617020,-0.328473,-11.132431,-0.009860,9.460445,0.012371,-0.003369,-3.171950,-0.103269,3.173630,60|61|62|63|64|65,0.5613
6774.650353,-0.328472,-11.132430,-0.009857,9.473654,0.011686,-0.003157,-3.185160,-0.102584,3.186811,60|61|62|63|64|65,0.5617
6774.667020,-0.351702,-11.150671,-0.009665,9.473654,0.011686,-0.003157,-3.175247,-0.115210,3.177337,60|61|62|63|64|65,0.5623
6774.700353,-0.351703,-11.150671,-0.009665,9.494838,0.012471,-0.002960,-3.196431,-0.115994,3.198535,60|61|62|63|64|65,0.5627
6774.717020,-0.342152,-11.182914,-0.008963,9.494838,0.012471,-0.002960,-3.178907,-0.110805,3.180838,60|61|62|63|64|65,0.5619
6774.733687,-0.342152,-11.182913,-0.008963,9.508506,0.012693,-0.002572,-3.192576,-0.111028,3.194506,60|61|62|63|64|65,0.5604
6774.767020,-0.339132,-11.193218,-0.009790,9.515314,0.012478,-0.002383,-3.193783,-0.109172,3.195648,60|61|62|63|64|65,0.5615
6774.783687,-0.338531,-11.215681,-0.009984,9.522258,0.012390,-0.002395,-3.188519,-0.108757,3.190374,60|61|62|63|64|65,0.5613
6774.800353,-0.339827,-11.225385,-0.010523,9.529241,0.012294,-0.002413,-3.190228,-0.109367,3.192102,60|61|62|63|64|65,0.5618
6774.833687,-0.339825,-11.225386,-0.010520,9.549596,0.011344,-0.001956,-3.210582,-0.108416,3.212412,60|61|62|63|64|65,0.5611
6774.850353,-0.347276,-11.240816,-0.010041,9.556568,0.011645,-0.001803,-3.209169,-0.112766,3.211149,60|61|62|63|64|65,0.5618
6774.867020,-0.358153,-11.240913,-0.009604,9.563503,0.011760,-0.001820,-3.216052,-0.118793,3.218245,60|61|62|63|64|65,0.5614
6774.883687,-0.350503,-11.266848,-0.009323,9.570436,0.011841,-0.001868,-3.208889,-0.114718,3.210939,60|61|62|63|64|65,0.5615
6774.900353,-0.348882,-11.277421,-0.008770,9.570436,0.011841,-0.001868,-3.203143,-0.113837,3.205165,60|61|62|63|64|65,0.5617
6774.917020,-0.348884,-11.277422,-0.008773,9.584053,0.011704,-0.001924,-3.216759,-0.113701,3.218768,60|61|62|63|64|65,0.5616
6774.933687,-0.347283,-11.292395,-0.009100,9.590941,0.011551,-0.001802,-3.215510,-0.112678,3.217484,60|61|62|63|64|65,0.5616
6774.950353,-0.347283,-11.292395,-0.009100,9.597955,0.011546,-0.001707,-3.222524,-0.112674,3.224493,60|61|62|63|64|65,0.5634
6774.967020,-0.351206,-11.310083,-0.009185,9.597955,0.011546,-0.001707,-3.212911,-0.114807,3.214962,60|61|62|63|64|65|66|67,0.5646
6774.983687,-0.351137,-11.319997,-0.008676,9.604901,0.011490,-0.001679,-3.214469,-0.114713,3.216515,60|61|62|63|64|65|66|67,0.5560
6775.000353,-0.352028,-11.331002,-0.008952,9.618297,0.010555,-0.001627,-3.221884,-0.114262,3.223910,62|63|64|65|66|67,0.5639
6775.017020,-0.352026,-11.331001,-0.008951,9.625216,0.010706,-0.001661,-3.228804,-0.114413,3.230830,62|63|64|65|66|67,0.5638
6775.033687,-0.364684,-11.339687,-0.008632,9.625216,0.010706,-0.001661,-3.224084,-0.121292,3.226364,62|63|64|65|66|67,0.5647
6775.050353,-0.362087,-11.348456,-0.008106,9.632496,0.011057,-0.001564,-3.226597,-0.120232,3.228836,62|63|64|65|66|67,0.5645
6775.067020,-0.357229,-11.362839,-0.008024,9.639736,0.011288,-0.001543,-3.226020,-0.117824,3.228171,62|63|64|65|66|67,0.5627
6775.083687,-0.357228,-11.362838,-0.008026,9.653457,0.012517,-0.000859,-3.239742,-0.119052,3.241929,62|63|64|65|66|67,0.5619
6775.100353,-0.353733,-11.373201,-0.008204,9.660353,0.012558,-0.000458,-3.241006,-0.117194,3.243124,62|63|64|65|66|67,0.5615
6775.150353,-0.348903,-11.381972,-0.007718,9.681364,0.012095,-0.000519,-3.257249,-0.114107,3.259247,62|63|64|65|66|67,0.5631
6775.167020,-0.341667,-11.416019,-0.006860,9.688381,0.012108,-0.000316,-3.245763,-0.110188,3.247632,62|63|64|65|66|67,0.5636
6775.183687,-0.344054,-11.425989,-0.006831,9.694961,0.012482,-0.000042,-3.246925,-0.111860,3.248851,62|63|64|65|66|67,0.5635
6775.217020,-0.339180,-11.435605,-0.006820,9.709598,0.012221,0.000113,-3.256335,-0.108950,3.258157,62|63|64|65|66|67,0.5643
6775.233687,-0.340694,-11.448510,-0.007034,9.709598,0.012221,0.000113,-3.249322,-0.109773,3.251175,62|63|64|65|66|67,0.5649
6775.250353,-0.340693,-11.448508,-0.007033,9.724113,0.011755,0.000160,-3.263837,-0.109307,3.265667,62|63|64|65|66|67,0.5663
6775.267020,-0.343221,-11.460116,-0.007096,9.724113,0.011755,0.000160,-3.257529,-0.110681,3.259409,62|63|64|65|66|67,0.5660
6775.283687,-0.349870,-11.480922,-0.007132,9.737260,0.013165,0.000880,-3.259369,-0.115706,3.261422,62|63|64|65|66|67,0.5635
6775.300353,-0.341331,-11.480136,-0.007045,9.737260,0.013165,0.000880,-3.259796,-0.111065,3.261687,62|63|64|65|66|67,0.5650
6775.317020,-0.330178,-11.485457,-0.006540,9.744577,0.013453,0.001198,-3.264220,-0.105292,3.265918,62|63|64|65|66|67,0.5656
6775.333687,-0.327076,-11.498611,-0.006577,9.759164,0.013703,0.001122,-3.271658,-0.103856,3.273306,62|63|64|65|66|67,0.5650
6775.350353,-0.327077,-11.498612,-0.006577,9.766422,0.013707,0.001094,-3.278915,-0.103861,3.280560,62|63|64|65|66|67,0.5644
6775.367020,-0.324953,-11.511653,-0.006892,9.772937,0.014255,0.001415,-3.278343,-0.103256,3.279969,62|63|64|65|66|67,0.5632
6775.383687,-0.324515,-11.534179,-0.007049,9.779977,0.013928,0.001691,-3.273141,-0.102692,3.274751,62|63|64|65|66|67,0.5609
6775.417020,-0.323542,-11.546632,-0.006467,9.794164,0.013278,0.002083,-3.280560,-0.101513,3.282130,62|63|64|65|66|67,0.5631
6775.433687,-0.329267,-11.556021,-0.006318,9.794164,0.013278,0.002083,-3.275457,-0.104625,3.277128,62|63|64|65|66|67,0.5627
6775.450353,-0.329267,-11.556021,-0.006319,9.808025,0.013174,0.002380,-3.289318,-0.104521,3.290978,62|63|64|65|66|67,0.5630
6775.467020,-0.337862,-11.575748,-0.005645,9.808025,0.013174,0.002380,-3.278597,-0.109193,3.280415,62|63|64|65|66|67|68,0.5555
6775.483687,-0.334437,-11.578302,-0.005939,9.822201,0.013672,0.002865,-3.291385,-0.107830,3.293151,62|63|64|65|66|67|68,0.5582
6775.500353,-0.325697,-11.588596,-0.005532,9.829256,0.013418,0.002918,-3.292845,-0.102825,3.294450,62|63|64|65|66|67|68,0.5617
6775.517020,-0.329473,-11.599376,-0.006005,9.836270,0.013153,0.002895,-3.294000,-0.104613,3.295661,62|63|64|65|66|67|68,0.5564
6775.533687,-0.333300,-11.609528,-0.005765,9.836270,0.013153,0.002895,-3.288483,-0.106694,3.290213,63|64|65|66|67|68,0.5622
6775.550353,-0.337294,-11.618627,-0.005792,9.843435,0.012906,0.002974,-3.290703,-0.108618,3.292495,63|64|65|66|67|68,0.5617
6775.567020,-0.337295,-11.618630,-0.005794,9.857687,0.013619,0.003114,-3.304953,-0.109332,3.306761,63|64|65|66|67|68,0.5609
6775.583687,-0.334869,-11.633536,-0.005366,9.864881,0.013089,0.003200,-3.304047,-0.107484,3.305794,63|64|65|66|67|68,0.5615
6775.617020,-0.339892,-11.653841,-0.004936,9.872039,0.012536,0.003162,-3.300169,-0.109661,3.301991,63|64|65|66|67|68,0.5621
6775.650353,-0.351420,-11.666759,-0.004504,9.885442,0.012732,0.002950,-3.306553,-0.116123,3.308591,63|64|65|66|67|68,0.5628
6775.667020,-0.345126,-11.672572,-0.004225,9.892501,0.013580,0.002711,-3.310452,-0.113551,3.312399,63|64|65|66|67|68,0.5632
6775.683687,-0.332911,-11.685760,-0.005006,9.899597,0.013767,0.002667,-3.310380,-0.107099,3.312112,63|64|65|66|67|68,0.5624
6775.700353,-0.331134,-11.696941,-0.005650,9.913554,0.013073,0.002580,-3.318260,-0.105440,3.319935,63|64|65|66|67|68,0.5616
6775.717020,-0.336368,-11.706104,-0.006192,9.913554,0.013073,0.002580,-3.313280,-0.108285,3.315049,63|64|65|66|67|68,0.5629
6775.733687,-0.341793,-11.715145,-0.006237,9.927215,0.012984,0.002566,-3.322028,-0.111145,3.323887,63|64|65|66|67|68,0.5628
6775.750353,-0.341793,-11.715144,-0.006240,9.927215,0.012984,0.002566,-3.322029,-0.111146,3.323887,63|64|65|66|67|68,0.5614
6775.767020,-0.343433,-11.725391,-0.006571,9.941007,0.013106,0.002357,-3.330252,-0.112159,3.332140,63|64|65|66|67|68,0.5612
6775.783687,-0.334845,-11.739485,-0.006808,9.941007,0.013106,0.002357,-3.322592,-0.107492,3.324330,63|64|65|66|67|68,0.5608
6775.800353,-0.334846,-11.739485,-0.006809,9.947952,0.012655,0.002357,-3.329537,-0.107042,3.331257,63|64|65|66|67|68,0.5623
6775.817020,-0.348750,-11.758746,-0.005715,9.961485,0.012399,0.002835,-3.332601,-0.114343,3.334562,63|64|65|66|67|68,0.5633
6775.833687,-0.353128,-11.766167,-0.005475,9.961485,0.012399,0.002835,-3.328569,-0.116723,3.330615,63|64|65|66|67|68,0.5625
6775.867020,-0.353128,-11.766169,-0.005473,9.975884,0.014001,0.003166,-3.342967,-0.118324,3.345060,63|64|65|66|67|68,0.5627
6775.883687,-0.341388,-11.780790,-0.005488,9.989555,0.013241,0.003340,-3.348691,-0.111185,3.350536,63|64|65|66|67|68,0.5614
6775.917020,-0.330551,-11.793755,-0.005492,10.003107,0.012781,0.003390,-3.355196,-0.104836,3.356834,63|64|65|66|67|68,0.5621
6775.933687,-0.351003,-11.816030,-0.004118,10.003107,0.012781,0.003390,-3.343091,-0.115951,3.345101,63|64|65|66|67|68,0.5630
6775.967020,-0.351004,-11.816032,-0.004115,10.024824,0.012885,0.003459,-3.364807,-0.116056,3.366808,63|64|65|66|67|68,0.5624
6775.983687,-0.342264,-11.844582,-0.004444,10.024824,0.012885,0.003459,-3.349291,-0.111307,3.351140,63|64|65|66|67|68,0.5635
6776.000353,-0.342264,-11.844584,-0.004444,10.038160,0.012300,0.003641,-3.362626,-0.110722,3.364448,63|64|65|66|67|68,0.5635
6776.017020,-0.356293,-11.863008,-0.003959,10.038160,0.012300,0.003641,-3.352613,-0.118347,3.354701,63|64|65|66|67|68|69|70,0.5626
6776.033687,-0.357632,-11.866381,-0.003539,10.044982,0.012886,0.003679,-3.357602,-0.119661,3.359733,63|64|65|66|67|68|69|70,0.5604
6776.050353,-0.349426,-11.876923,-0.004277,10.052175,0.013558,0.003703,-3.359066,-0.115874,3.361064,65|66|67|68|69|70,0.5651
6776.067020,-0.340750,-11.888986,-0.003864,10.059141,0.013010,0.003639,-3.359475,-0.110611,3.361295,65|66|67|68|69|70,0.5634
6776.083687,-0.349181,-11.897623,-0.004476,10.066152,0.012455,0.003609,-3.361793,-0.114639,3.363747,65|66|67|68|69|70,0.5633
6776.100353,-0.357339,-11.906509,-0.004315,10.073221,0.011891,0.003602,-3.364032,-0.118509,3.366119,65|66|67|68|69|70,0.5635
6776.117020,-0.365997,-11.915352,-0.004153,10.079855,0.011932,0.003635,-3.365860,-0.123256,3.368116,65|66|67|68|69|70,0.5625
6776.133687,-0.365267,-11.917013,-0.004540,10.094307,0.012488,0.003545,-3.379410,-0.123415,3.381662,65|66|67|68|69|70,0.5636
6776.150353,-0.354294,-11.930381,-0.004880,10.094307,0.012488,0.003545,-3.372144,-0.117452,3.374189,65|66|67|68|69|70,0.5621
6776.167020,-0.354295,-11.930380,-0.004880,10.101472,0.012310,0.003626,-3.379311,-0.117274,3.381345,65|66|67|68|69|70,0.5623
6776.183687,-0.361048,-11.950838,-0.004323,10.108610,0.012219,0.003660,-3.375330,-0.120854,3.377493,65|66|67|68|69|70,0.5633
6776.200353,-0.362546,-11.958569,-0.004111,10.122474,0.013751,0.003695,-3.384993,-0.123201,3.387234,65|66|67|68|69|70,0.5628
6776.217020,-0.358356,-11.959392,-0.004306,10.122474,0.013751,0.003695,-3.384545,-0.120924,3.386704,65|66|67|68|69|70,0.5641
6776.233687,-0.358356,-11.959393,-0.004304,10.136896,0.014282,0.003672,-3.398966,-0.121455,3.401135,65|66|67|68|69|70,0.5635
6776.250353,-0.327051,-11.985701,-0.003954,10.143896,0.013675,0.003668,-3.391667,-0.103835,3.393256,65|66|67|68|69|70,0.5615
6776.267020,-0.327052,-11.985698,-0.003955,10.150823,0.013207,0.003733,-3.398596,-0.103367,3.400168,65|66|67|68|69|70,0.5628
6776.283687,-0.336024,-11.994543,-0.003810,10.150823,0.013207,0.003733,-3.393789,-0.108244,3.395515,65|66|67|68|69|70,0.5627
6776.300353,-0.351480,-12.010098,-0.003965,10.165004,0.014205,0.003749,-3.399517,-0.117643,3.401552,65|66|67|68|69|70,0.5645
6776.317020,-0.348377,-12.015478,-0.004239,10.165004,0.014205,0.003749,-3.396593,-0.115957,3.398572,65|66|67|68|69|70,0.5645
6776.333687,-0.337874,-12.029592,-0.003805,10.178974,0.013787,0.003769,-3.402892,-0.109831,3.404664,65|66|67|68|69|70,0.5633
6776.367020,-0.344942,-12.047356,-0.004313,10.185981,0.013131,0.003816,-3.400245,-0.113017,3.402123,65|66|67|68|69|70,0.5628
6776.383687,-0.344942,-12.047359,-0.004316,10.199609,0.013849,0.003457,-3.413872,-0.113735,3.415766,65|66|67|68|69|70,0.5622
6776.400353,-0.354582,-12.056544,-0.004299,10.206976,0.015043,0.003739,-3.416246,-0.120169,3.418359,65|66|67|68|69|70,0.5634
6776.433687,-0.327698,-12.078567,-0.004560,10.214178,0.015561,0.003794,-3.411478,-0.106076,3.413127,65|66|67|68|69|70,0.5629
6776.450353,-0.327699,-12.078568,-0.004564,10.221151,0.015273,0.003736,-3.418451,-0.105789,3.420087,65|66|67|68|69|70,0.5630
6776.467020,-0.325860,-12.100777,-0.004516,10.228178,0.014953,0.003683,-3.413407,-0.104470,3.415006,65|66|67|68|69|70,0.5626
6776.517020,-0.321182,-12.125748,-0.005027,10.256409,0.015265,0.004236,-3.428068,-0.102241,3.429592,65|66|67|68|69|70|71,0.5549
6776.533687,-0.318556,-12.136190,-0.004391,10.256409,0.015265,0.004236,-3.422393,-0.100815,3.423877,65|66|67|68|69|70|71,0.5626
6776.550353,-0.329517,-12.144141,-0.004454,10.270269,0.014290,0.004299,-3.431932,-0.105796,3.433562,65|66|67|68|69|70|71,0.5569
6776.567020,-0.329410,-12.145334,-0.004105,10.277354,0.014821,0.004428,-3.438368,-0.106269,3.440010,66|67|68|69|70|71,0.5626
6776.600353,-0.340192,-12.153837,-0.003598,10.291235,0.015386,0.004558,-3.447628,-0.112694,3.449469,66|67|68|69|70|71,0.5630
6776.617020,-0.336163,-12.169300,-0.003431,10.298134,0.014706,0.004760,-3.446124,-0.109825,3.447873,66|67|68|69|70|71,0.5632
6776.633687,-0.330002,-12.181558,-0.002708,10.305229,0.014065,0.004893,-3.446556,-0.105837,3.448181,66|67|68|69|70|71,0.5629
6776.650353,-0.329120,-12.188384,-0.003038,10.312297,0.014241,0.004970,-3.449914,-0.105534,3.451528,66|67|68|69|70|71,0.5630
6776.667020,-0.348748,-12.204550,-0.002595,10.312297,0.014241,0.004970,-3.441129,-0.116202,3.443090,66|67|68|69|70|71,0.5619
6776.683687,-0.346684,-12.212996,-0.001786,10.327062,0.015062,0.005056,-3.451304,-0.115901,3.453250,66|67|68|69|70|71,0.5621
6776.700353,-0.341113,-12.225481,-0.001416,10.327062,0.015062,0.005056,-3.444519,-0.112874,3.446367,66|67|68|69|70|71,0.5602
6776.717020,-0.336172,-12.235696,-0.001852,10.333797,0.014663,0.005098,-3.445702,-0.109791,3.447451,66|67|68|69|70|71,0.5599
6776.733687,-0.336173,-12.235697,-0.001855,10.347015,0.014220,0.004705,-3.458919,-0.109348,3.460647,66|67|68|69|70|71,0.5612
6776.750353,-0.349970,-12.243308,-0.002231,10.347015,0.014220,0.004705,-3.454783,-0.116846,3.456759,66|67|68|69|70|71,0.5622
6776.767020,-0.348378,-12.251601,-0.002123,10.353996,0.014606,0.004540,-3.457257,-0.116368,3.459215,66|67|68|69|70|71,0.5632
6776.817020,-0.348376,-12.251598,-0.002125,10.381235,0.014189,0.004533,-3.484498,-0.115949,3.486426,66|67|68|69|70|71,0.5605
6776.850353,-0.350311,-12.299409,-0.003606,10.394926,0.014625,0.004126,-3.472204,-0.117439,3.474190,66|67|68|69|70|71,0.5625
6776.867020,-0.350311,-12.299409,-0.003607,10.394926,0.014625,0.004126,-3.472204,-0.117439,3.474190,66|67|68|69|70|71,0.5629
6776.883687,-0.343783,-12.317096,-0.004303,10.402147,0.015092,0.004119,-3.469813,-0.114359,3.471697,66|67|68|69|70|71,0.5622
6776.900353,-0.337702,-12.329458,-0.003832,10.408956,0.015171,0.004231,-3.469903,-0.111134,3.471683,66|67|68|69|70|71,0.5617
6776.917020,-0.337386,-12.335800,-0.003567,10.422426,0.014100,0.004564,-3.479926,-0.109891,3.481661,66|67|68|69|70|71,0.5625
6776.950353,-0.352701,-12.346257,-0.003818,10.429678,0.014399,0.004690,-3.481495,-0.118513,3.483512,66|67|68|69|70|71,0.5629
6776.967020,-0.349081,-12.360468,-0.003691,10.444055,0.014742,0.004714,-3.488149,-0.116890,3.490107,66|67|68|69|70|71,0.5623
6776.983687,-0.349081,-12.360468,-0.003690,10.451259,0.014866,0.004722,-3.495353,-0.117014,3.497311,66|67|68|69|70|71,0.5628
6777.000353,-0.345169,-12.383811,-0.002932,10.451259,0.014866,0.004722,-3.482667,-0.114889,3.484561,66|67|68|69|70|71,0.5616
6777.017020,-0.345170,-12.383811,-0.002932,10.464784,0.015071,0.004720,-3.496192,-0.115094,3.498086,66|67|68|69|70|71,0.5603
6777.033687,-0.340726,-12.396844,-0.002269,10.471641,0.014988,0.004790,-3.495966,-0.112596,3.497778,66|67|68|69|70|71,0.5602
6777.050353,-0.341859,-12.405679,-0.003072,10.478815,0.015157,0.004669,-3.498338,-0.113382,3.500174,66|67|68|69|70|71|72|73,0.5582
6777.083687,-0.341996,-12.424335,-0.003098,10.486057,0.015321,0.004633,-3.495441,-0.113621,3.497287,66|67|68|69|70|71|72|73,0.5513
6777.100353,-0.340320,-12.435857,-0.002871,10.492954,0.014624,0.004602,-3.496076,-0.112014,3.497870,68|69|70|71|72|73,0.5614
6777.117020,-0.340320,-12.435858,-0.002871,10.506788,0.014299,0.004392,-3.509909,-0.111689,3.511685,68|69|70|71|72|73,0.5624
6777.133687,-0.357325,-12.445396,-0.002751,10.513878,0.014453,0.004534,-3.511815,-0.121085,3.513902,68|69|70|71|72|73,0.5651
6777.150353,-0.355779,-12.457625,-0.002933,10.520937,0.014511,0.004528,-3.512228,-0.120304,3.514288,68|69|70|71|72|73,0.5653
6777.167020,-0.355777,-12.457624,-0.002937,10.528019,0.014433,0.004425,-3.519311,-0.120224,3.521364,68|69|70|71|72|73,0.5647
6777.200353,-0.354261,-12.470061,-0.003383,10.541265,0.013523,0.004196,-3.525798,-0.118490,3.527788,68|69|70|71|72|73,0.5613
6777.233687,-0.369153,-12.496225,-0.002712,10.548515,0.013926,0.004175,-3.518829,-0.126988,3.521120,68|69|70|71|72|73,0.5650
6777.267020,-0.369151,-12.496222,-0.002711,10.569946,0.014023,0.004185,-3.540261,-0.127084,3.542542,68|69|70|71|72|73,0.5631
6777.283687,-0.358214,-12.530865,-0.003176,10.569946,0.014023,0.004185,-3.521433,-0.121141,3.523517,68|69|70|71|72|73,0.5617
6777.300353,-0.358215,-12.530867,-0.003174,10.576610,0.013967,0.004147,-3.528097,-0.121086,3.530174,68|69|70|71|72|73,0.5629
6777.317020,-0.365061,-12.537831,-0.002948,10.583961,0.014659,0.004154,-3.531663,-0.125499,3.533892,68|69|70|71|72|73,0.5650
6777.333687,-0.365060,-12.537829,-0.002949,10.598524,0.015801,0.004151,-3.546227,-0.126641,3.548487,68|69|70|71|72|73,0.5644
6777.367020,-0.355491,-12.552293,-0.001402,10.612301,0.015404,0.004142,-3.552142,-0.121043,3.554204,68|69|70|71|72|73,0.5622
6777.383687,-0.338166,-12.585505,-0.002696,10.612301,0.015404,0.004142,-3.534092,-0.111629,3.535854,68|69|70|71|72|73,0.5623
6777.400353,-0.347530,-12.587012,-0.002881,10.626770,0.015443,0.004128,-3.547742,-0.116757,3.549663,68|69|70|71|72|73,0.5639
6777.417020,-0.350024,-12.594602,-0.003032,10.626770,0.015443,0.004128,-3.543617,-0.118113,3.545585,68|69|70|71|72|73,0.5652
6777.433687,-0.347654,-12.609387,-0.002541,10.634000,0.015565,0.004149,-3.542813,-0.116947,3.544742,68|69|70|71|72|73,0.5644
6777.467020,-0.345401,-12.630089,-0.002668,10.654916,0.015595,0.004194,-3.552478,-0.115754,3.554363,68|69|70|71|72|73,0.5632
6777.483687,-0.345403,-12.630091,-0.002666,10.661890,0.015719,0.004230,-3.559450,-0.115878,3.561335,68|69|70|71|72|73,0.5621
6777.500353,-0.346938,-12.642299,-0.003154,10.661890,0.015719,0.004230,-3.552815,-0.116713,3.554731,68|69|70|71|72|73,0.5631
6777.533687,-0.346938,-12.642299,-0.003157,10.682968,0.016990,0.004230,-3.573893,-0.117985,3.575840,68|69|70|71|72|73,0.5653
6777.550353,-0.340974,-12.659262,-0.003506,10.689670,0.017015,0.004326,-3.571376,-0.114768,3.573220,68|69|70|71|72|73,0.5640
6777.567020,-0.328306,-12.683663,-0.004091,10.689670,0.017015,0.004326,-3.558114,-0.107885,3.559750,68|69|70|71|72|73|74,0.5627
6777.583687,-0.328476,-12.688029,-0.003599,10.703966,0.017009,0.004379,-3.570037,-0.107972,3.571669,68|69|70|71|72|73|74,0.5630
6777.600353,-0.328601,-12.697061,-0.003299,10.703966,0.017009,0.004379,-3.565128,-0.108040,3.566765,68|69|70|71|72|73|74,0.5559
6777.617020,-0.329500,-12.706837,-0.002913,10.711332,0.017155,0.004417,-3.567181,-0.108676,3.568836,69|70|71|72|73|74,0.5635
6777.633687,-0.329500,-12.706836,-0.002915,10.725303,0.017091,0.004517,-3.581153,-0.108611,3.582800,69|70|71|72|73|74,0.5625
6777.650353,-0.326600,-12.729385,-0.002691,10.725303,0.017091,0.004517,-3.568899,-0.107036,3.570503,69|70|71|72|73|74,0.5617
6777.667020,-0.326601,-12.729386,-0.002691,10.739149,0.016605,0.004705,-3.582743,-0.106551,3.584327,69|70|71|72|73|74,0.5621
6777.683687,-0.329614,-12.732949,-0.002328,10.739149,0.016605,0.004705,-3.580807,-0.108188,3.582441,69|70|71|72|73|74,0.5631
6777.700353,-0.337760,-12.750338,-0.001508,10.746149,0.016540,0.004713,-3.578357,-0.112551,3.580126,69|70|71|72|73|74,0.5639
6777.717020,-0.339107,-12.761264,-0.000979,10.760229,0.016421,0.004701,-3.586499,-0.113165,3.588284,69|70|71|72|73|74,0.5635
6777.733687,-0.340705,-12.771462,-0.001425,10.766983,0.016282,0.004731,-3.587711,-0.113895,3.589518,69|70|71|72|73|74,0.5628
6777.750353,-0.341992,-12.782018,-0.002358,10.774238,0.016041,0.004756,-3.589229,-0.114353,3.591050,69|70|71|72|73|74,0.5620
6777.767020,-0.341994,-12.782020,-0.002357,10.781562,0.015970,0.004765,-3.596552,-0.114283,3.598367,69|70|71|72|73|74,0.5632
6777.783687,-0.348281,-12.794425,-0.002798,10.781562,0.015970,0.004765,-3.589810,-0.117701,3.591739,69|70|71|72|73|74,0.5636
6777.800353,-0.349701,-12.805254,-0.002460,10.795910,0.016179,0.004809,-3.598272,-0.118683,3.600229,69|70|71|72|73|74,0.5637
6777.817020,-0.350629,-12.815264,-0.002739,10.795910,0.016179,0.004809,-3.592832,-0.119187,3.594808,69|70|71|72|73|74,0.5640
6777.833687,-0.346990,-12.821784,-0.002519,10.802316,0.016858,0.004837,-3.595695,-0.117888,3.597627,69|70|71|72|73|74,0.5625
6777.850353,-0.338178,-12.823598,-0.002743,10.809337,0.016621,0.004822,-3.601730,-0.112863,3.603498,69|70|71|72|73|74,0.5629
6777.867020,-0.338178,-12.823597,-0.002743,10.816473,0.016554,0.004674,-3.608866,-0.112796,3.610628,69|70|71|72|73|74,0.5624
6777.883687,-0.342208,-12.833118,-0.003207,10.823608,0.016462,0.004595,-3.610827,-0.114893,3.612654,69|70|71|72|73|74,0.5631
6777.917020,-0.347830,-12.868636,-0.003092,10.844276,0.016643,0.004534,-3.612192,-0.118132,3.614123,69|70|71|72|73|74,0.5624
6777.933687,-0.350323,-12.879662,-0.002875,10.844276,0.016643,0.004534,-3.606200,-0.119487,3.608179,69|70|71|72|73|74,0.5618
6777.950353,-0.350323,-12.879665,-0.002870,10.858102,0.016420,0.004375,-3.620025,-0.119264,3.621989,69|70|71|72|73|74,0.5610
6777.967020,-0.346898,-12.888967,-0.003448,10.858102,0.016420,0.004375,-3.614969,-0.117402,3.616875,69|70|71|72|73|74,0.5624
6777.983687,-0.348091,-12.898234,-0.003381,10.865324,0.016528,0.004319,-3.617154,-0.118160,3.619083,69|70|71|72|73|74,0.5626
6778.000353,-0.347102,-12.910223,-0.003445,10.872568,0.016605,0.004325,-3.617882,-0.117699,3.619796,69|70|71|72|73|74,0.5642
6778.050354,-0.344236,-12.931874,-0.003878,10.900474,0.016410,0.004430,-3.634021,-0.115949,3.635871,69|70|71|72|73|74,0.5634
6778.067020,-0.348540,-12.941828,-0.003176,10.907631,0.016209,0.004493,-3.635768,-0.118087,3.637685,69|70|71|72|73|74,0.5636
6778.100354,-0.348541,-12.941829,-0.003176,10.921364,0.016727,0.004557,-3.649500,-0.118605,3.651427,69|70|71|72|73|74,0.5630
6778.133687,-0.347462,-12.972997,-0.003432,10.935617,0.017198,0.004943,-3.646815,-0.118491,3.648740,69|70|71|72|73|74|75|76,0.5524
6778.150354,-0.342120,-12.981248,-0.002959,10.935617,0.017198,0.004943,-3.642331,-0.115588,3.644164,71|72|73|74|75|76,0.5628
6778.167020,-0.343123,-12.995341,-0.003263,10.942833,0.017026,0.004952,-3.641887,-0.115962,3.643733,71|72|73|74|75|76,0.5631
6778.183687,-0.346360,-13.007661,-0.002717,10.957073,0.017170,0.004817,-3.649432,-0.117865,3.651335,71|72|73|74|75|76,0.5632
6778.200354,-0.349865,-13.019621,-0.003031,10.957073,0.017170,0.004817,-3.642932,-0.119771,3.644900,71|72|73|74|75|76,0.5624
6778.217020,-0.349865,-13.019622,-0.003029,10.971119,0.016687,0.004726,-3.656977,-0.119288,3.658922,71|72|73|74|75|76,0.5620
6778.233687,-0.347356,-13.031299,-0.002577,10.971119,0.016687,0.004726,-3.650630,-0.117925,3.652535,71|72|73|74|75|76,0.5638
6778.250354,-0.353113,-13.040546,-0.002692,10.978258,0.016455,0.004729,-3.652745,-0.120822,3.654742,71|72|73|74|75|76,0.5643
6778.267020,-0.353112,-13.040545,-0.002692,10.985275,0.016216,0.004816,-3.659762,-0.120582,3.661748,71|72|73|74|75|76,0.5632
6778.283687,-0.357075,-13.051702,-0.002762,10.998819,0.016453,0.004891,-3.667243,-0.122973,3.669304,71|72|73|74|75|76,0.5631
6778.300354,-0.361209,-13.063374,-0.002703,10.998819,0.016453,0.004891,-3.660900,-0.125221,3.663041,71|72|73|74|75|76,0.5621
6778.317020,-0.358244,-13.074620,-0.002791,11.005422,0.015898,0.004768,-3.661391,-0.123055,3.663458,71|72|73|74|75|76,0.5617
6778.333687,-0.358244,-13.074620,-0.002790,11.012727,0.015948,0.004566,-3.668696,-0.123104,3.670761,71|72|73|74|75|76,0.5632
6778.350354,-0.366224,-13.078606,-0.002541,11.027355,0.015930,0.004584,-3.681157,-0.127425,3.683362,71|72|73|74|75|76,0.5639
6778.383687,-0.366438,-13.115848,-0.003163,11.040891,0.016563,0.004656,-3.674454,-0.128175,3.676688,71|72|73|74|75|76,0.5631
6778.417020,-0.358703,-13.124686,-0.003054,11.055191,0.016921,0.004691,-3.683950,-0.124329,3.686047,71|72|73|74|75|76,0.5651
6778.433687,-0.358562,-13.134194,-0.002954,11.062473,0.017106,0.004678,-3.686064,-0.124438,3.688164,71|72|73|74|75|76,0.5646
6778.450354,-0.354710,-13.147900,-0.002905,11.062473,0.017106,0.004678,-3.678615,-0.122345,3.680649,71|72|73|74|75|76,0.5637
6778.467020,-0.352597,-13.159607,-0.002820,11.069740,0.017415,0.004814,-3.679520,-0.121506,3.681525,71|72|73|74|75|76,0.5620
6778.483687,-0.347825,-13.168345,-0.002883,11.076429,0.018256,0.004791,-3.681460,-0.119755,3.683407,71|72|73|74|75|76,0.5610
6778.500354,-0.336444,-13.169558,-0.002727,11.083645,0.017966,0.004851,-3.688016,-0.113278,3.689755,71|72|73|74|75|76,0.5622
6778.517020,-0.336442,-13.169557,-0.002725,11.098043,0.017369,0.004903,-3.702415,-0.112681,3.704129,71|72|73|74|75|76,0.5638
6778.533687,-0.346864,-13.191393,-0.002426,11.098043,0.017369,0.004903,-3.690548,-0.118346,3.692445,71|72|73|74|75|76,0.5643
6778.550354,-0.350849,-13.202147,-0.002498,11.105278,0.017126,0.004888,-3.691938,-0.120269,3.693897,71|72|73|74|75|76,0.5639
6778.567020,-0.354719,-13.213245,-0.002219,11.118585,0.017836,0.004969,-3.699214,-0.123083,3.701261,71|72|73|74|75|76,0.5628
6778.600354,-0.354720,-13.213246,-0.002222,11.133087,0.018126,0.005056,-3.713715,-0.123373,3.715764,71|72|73|74|75|76,0.5641
6778.617020,-0.346703,-13.227348,-0.002297,11.140506,0.018374,0.005113,-3.713470,-0.119265,3.715385,71|72|73|74|75|76,0.5652
6778.633687,-0.346703,-13.227347,-0.002295,11.147606,0.018482,0.005289,-3.720570,-0.119373,3.722484,71|72|73|74|75|76,0.5637
6778.650354,-0.340383,-13.254248,-0.002853,11.154455,0.019076,0.005585,-3.712799,-0.116533,3.714627,71|72|73|74|75|76|77,0.5558
6778.667020,-0.340371,-13.255117,-0.002939,11.161367,0.019399,0.005773,-3.719239,-0.116850,3.721074,72|73|74|75|76|77,0.5618
6778.683687,-0.338891,-13.266693,-0.002863,11.161367,0.019399,0.005773,-3.712947,-0.116046,3.714760,72|73|74|75|76|77,0.5618
6778.717020,-0.330186,-13.270514,-0.002234,11.183408,0.019035,0.005756,-3.732912,-0.110951,3.734560,72|73|74|75|76|77,0.5631
6778.733687,-0.331610,-13.299803,-0.001563,11.183408,0.019035,0.005756,-3.716994,-0.111726,3.718673,72|73|74|75|76|77,0.5626
6778.750354,-0.333603,-13.311096,-0.001603,11.197277,0.019501,0.006066,-3.724725,-0.113276,3.726447,72|73|74|75|76|77,0.5608
6778.767020,-0.328110,-13.314917,-0.001842,11.197277,0.019501,0.006066,-3.722648,-0.110291,3.724281,72|73|74|75|76|77,0.5603
6778.783687,-0.328419,-13.322536,-0.001965,11.204294,0.019049,0.006072,-3.725524,-0.110007,3.727148,72|73|74|75|76|77,0.5610
6778.800354,-0.328419,-13.322536,-0.001965,11.211332,0.018797,0.006085,-3.732563,-0.109755,3.734176,72|73|74|75|76|77,0.5627
6778.817020,-0.335395,-13.332304,-0.001715,11.225307,0.018286,0.006133,-3.741229,-0.113036,3.742937,72|73|74|75|76|77,0.5643
6778.833687,-0.339513,-13.342651,-0.002028,11.232082,0.018546,0.006268,-3.742381,-0.115533,3.744164,72|73|74|75|76|77,0.5646
6778.850354,-0.343847,-13.352751,-0.001995,11.239219,0.018539,0.006556,-3.744029,-0.117882,3.745885,72|73|74|75|76|77,0.5628
6778.883687,-0.345918,-13.375871,-0.001012,11.253757,0.018183,0.006638,-3.746002,-0.118653,3.747881,72|73|74|75|76|77,0.5622
6778.900354,-0.345918,-13.375870,-0.001010,11.253757,0.018183,0.006638,-3.746002,-0.118653,3.747881,72|73|74|75|76|77,0.5634
6778.917020,-0.349381,-13.385834,-0.001305,11.267479,0.018562,0.006674,-3.754309,-0.120915,3.756255,72|73|74|75|76|77,0.5639
6778.933687,-0.353941,-13.403566,-0.000938,11.267479,0.018562,0.006674,-3.744672,-0.123394,3.746705,72|73|74|75|76|77,0.5627
6778.950354,-0.348624,-13.405050,-0.001424,11.281818,0.019130,0.006213,-3.758205,-0.121072,3.760154,72|73|74|75|76|77,0.5622
6778.967020,-0.336853,-13.415945,-0.001729,11.281818,0.019130,0.006213,-3.752283,-0.114675,3.754035,72|73|74|75|76|77,0.5608
6778.983687,-0.336852,-13.415944,-0.001730,11.296337,0.018647,0.006151,-3.766802,-0.114192,3.768533,72|73|74|75|76|77,0.5614
6779.000354,-0.340802,-13.429456,-0.001349,11.303341,0.018368,0.006177,-3.766463,-0.116060,3.768251,72|73|74|75|76|77,0.5621
6779.017020,-0.344592,-13.439674,-0.000870,11.310030,0.018597,0.006270,-3.767599,-0.118349,3.769457,72|73|74|75|76|77,0.5619
6779.033687,-0.348587,-13.449727,-0.001448,11.310030,0.018597,0.006270,-3.762135,-0.120521,3.764065,72|73|74|75|76|77,0.5616
6779.067020,-0.352964,-13.459875,-0.000689,11.331413,0.018729,0.006133,-3.778004,-0.123032,3.780007,72|73|74|75|76|77,0.5623
6779.083687,-0.346980,-13.468547,-0.001331,11.331413,0.018729,0.006133,-3.773291,-0.119780,3.775191,72|73|74|75|76|77,0.5638
6779.100354,-0.347480,-13.482453,-0.001349,11.338812,0.018631,0.006138,-3.773131,-0.119954,3.775038,72|73|74|75|76|77,0.5641
6779.117020,-0.349657,-13.494349,-0.001303,11.345525,0.019258,0.006126,-3.773380,-0.121765,3.775344,72|73|74|75|76|77,0.5628
6779.133687,-0.351498,-13.507428,-0.001745,11.359476,0.019217,0.006111,-3.780222,-0.122725,3.782214,72|73|74|75|76|77|78|79,0.5547
6779.167020,-0.345760,-13.525565,-0.002513,11.366584,0.018914,0.006070,-3.777474,-0.119304,3.779357,72|73|74|75|76|77|78|79,0.5525
6779.183687,-0.345624,-13.527173,-0.002256,11.380800,0.018316,0.006186,-3.790815,-0.118632,3.792671,74|75|76|77|78|79,0.5653
6779.200354,-0.355543,-13.549238,-0.001854,11.380800,0.018316,0.006186,-3.778824,-0.124023,3.780858,74|75|76|77|78|79,0.5648
6779.217020,-0.359975,-13.560086,-0.002045,11.387273,0.018750,0.006153,-3.779402,-0.126868,3.781531,74|75|76|77|78|79,0.5624
6779.233687,-0.354330,-13.557519,-0.002596,11.394153,0.019564,0.005934,-3.787677,-0.124613,3.789726,74|75|76|77|78|79,0.5625
6779.250354,-0.354330,-13.557519,-0.002599,11.408722,0.019628,0.005969,-3.802245,-0.124677,3.804288,74|75|76|77|78|79,0.5629
6779.267020,-0.340081,-13.579627,-0.002902,11.408722,0.019628,0.005969,-3.790229,-0.116934,3.792032,74|75|76|77|78|79,0.5632
6779.283687,-0.345063,-13.590924,-0.002205,11.415901,0.019325,0.005972,-3.791269,-0.119339,3.793147,74|75|76|77|78|79,0.5628
6779.300354,-0.349931,-13.602481,-0.002988,11.422870,0.019469,0.005916,-3.791957,-0.122129,3.793924,74|75|76|77|78|79,0.5624
6779.317020,-0.349929,-13.602482,-0.002987,11.436857,0.019395,0.005775,-3.805943,-0.122054,3.807900,74|75|76|77|78|79,0.5628
6779.333687,-0.346292,-13.610352,-0.002824,11.436857,0.019395,0.005775,-3.801666,-0.120078,3.803562,74|75|76|77|78|79,0.5627
6779.350354,-0.351035,-13.623790,-0.003449,11.444055,0.019089,0.005767,-3.801561,-0.122351,3.803530,74|75|76|77|78|79,0.5643
6779.367020,-0.351036,-13.623790,-0.003449,11.458160,0.018402,0.005801,-3.815667,-0.121663,3.817606,74|75|76|77|78|79,0.5644
6779.400354,-0.367585,-13.657540,-0.002504,11.464781,0.018730,0.005959,-3.803945,-0.130988,3.806200,74|75|76|77|78|79,0.5618
6779.417020,-0.367585,-13.657540,-0.002504,11.478645,0.018691,0.005890,-3.817810,-0.130949,3.820055,74|75|76|77|78|79,0.5622
6779.433687,-0.362562,-13.659763,-0.002726,11.485901,0.018544,0.005957,-3.823857,-0.128071,3.826001,74|75|76|77|78|79,0.5630
6779.450354,-0.364438,-13.676409,-0.002021,11.493210,0.018411,0.005968,-3.822119,-0.128959,3.824294,74|75|76|77|78|79,0.5637
6779.467020,-0.364438,-13.676408,-0.002021,11.499839,0.018965,0.006005,-3.828749,-0.129513,3.830939,74|75|76|77|78|79,0.5649
6779.483687,-0.367240,-13.688315,-0.001236,11.506506,0.019234,0.006041,-3.828945,-0.131305,3.831196,74|75|76|77|78|79,0.5641
6779.500354,-0.369629,-13.699683,-0.001642,11.513784,0.019349,0.006050,-3.830045,-0.132719,3.832344,74|75|76|77|78|79,0.5631
6779.517020,-0.358999,-13.704768,-0.002051,11.513784,0.019349,0.006050,-3.827281,-0.126941,3.829385,74|75|76|77|78|79,0.5640
6779.550354,-0.356898,-13.731429,-0.002216,11.535604,0.019730,0.006239,-3.834611,-0.126182,3.836687,74|75|76|77|78|79,0.5653
6779.567020,-0.356899,-13.731428,-0.002214,11.535604,0.019730,0.006239,-3.834612,-0.126182,3.836687,74|75|76|77|78|79,0.5634
6779.583687,-0.354153,-13.752578,-0.002779,11.542299,0.020437,0.006180,-3.829812,-0.125398,3.831864,74|75|76|77|78|79,0.5631
6779.600354,-0.345022,-13.753517,-0.002871,11.549268,0.020902,0.006313,-3.836271,-0.120901,3.838175,74|75|76|77|78|79,0.5635
6779.617020,-0.339443,-13.761943,-0.002881,11.556566,0.020551,0.006386,-3.838989,-0.117517,3.840787,74|75|76|77|78|79,0.5631
6779.633687,-0.345073,-13.774129,-0.002826,11.571041,0.019850,0.006386,-3.846841,-0.119877,3.848709,74|75|76|77|78|79,0.5636
6779.650354,-0.345074,-13.774128,-0.002823,11.571041,0.019850,0.006386,-3.846841,-0.119877,3.848709,74|75|76|77|78|79,0.5634
6779.667020,-0.350546,-13.785721,-0.002866,11.584364,0.020466,0.006321,-3.853864,-0.123468,3.855841,74|75|76|77|78|79|80,0.5602
6779.700354,-0.348972,-13.799364,-0.003063,11.591558,0.020827,0.006503,-3.853644,-0.122973,3.855605,74|75|76|77|78|79|80,0.5605
6779.717020,-0.344857,-13.811078,-0.002296,11.606584,0.021139,0.006634,-3.862304,-0.121051,3.864200,75|76|77|78|79|80,0.5637
6779.733687,-0.344858,-13.811077,-0.002296,11.614074,0.021213,0.006655,-3.869794,-0.121125,3.871689,75|76|77|78|79|80,0.5633
6779.750354,-0.342051,-13.839048,-0.001267,11.614074,0.021213,0.006655,-3.854592,-0.119600,3.856447,75|76|77|78|79|80,0.5639
6779.767020,-0.341761,-13.850681,-0.001850,11.621149,0.021670,0.007006,-3.855344,-0.119900,3.857208,75|76|77|78|79|80,0.5641
6779.800354,-0.326274,-13.861247,-0.001922,11.635326,0.022194,0.007292,-3.863779,-0.112008,3.865402,75|76|77|78|79|80,0.5644
6779.817020,-0.326275,-13.861247,-0.001922,11.649904,0.021993,0.007321,-3.878357,-0.111807,3.879968,75|76|77|78|79|80,0.5661
6779.833687,-0.330706,-13.882819,-0.001536,11.657034,0.022111,0.007375,-3.873762,-0.114334,3.875449,75|76|77|78|79|80,0.5664
6779.850354,-0.333157,-13.893211,-0.000851,11.663805,0.022523,0.007373,-3.874886,-0.116079,3.876624,75|76|77|78|79|80,0.5651
6779.867020,-0.333157,-13.893212,-0.000852,11.670940,0.022237,0.007385,-3.882021,-0.115793,3.883747,75|76|77|78|79|80,0.5635
6779.883687,-0.326770,-13.903524,-0.000518,11.670940,0.022237,0.007385,-3.876416,-0.112322,3.878043,75|76|77|78|79|80,0.5622
6779.900354,-0.326770,-13.903524,-0.000519,11.684787,0.021601,0.007381,-3.890264,-0.111686,3.891867,75|76|77|78|79|80,0.5631
6779.917020,-0.336970,-13.926018,-0.000261,11.684787,0.021601,0.007381,-3.878039,-0.117230,3.879810,75|76|77|78|79|80,0.5633
6779.933687,-0.342407,-13.935768,0.000091,11.691786,0.021271,0.007482,-3.879738,-0.119856,3.881589,75|76|77|78|79|80,0.5622
6779.983687,-0.342749,-13.959852,0.000036,11.712955,0.021500,0.008353,-3.887819,-0.120272,3.889679,75|76|77|78|79|80,0.5631
6780.000354,-0.342749,-13.959851,0.000037,11.727184,0.021038,0.008530,-3.902048,-0.119810,3.903887,75|76|77|78|79|80,0.5638
6780.017020,-0.352578,-13.979902,0.000628,11.727184,0.021038,0.008530,-3.891151,-0.125152,3.893163,75|76|77|78|79|80,0.5632
6780.033687,-0.356057,-13.988249,0.000622,11.740511,0.022046,0.007934,-3.899942,-0.128051,3.902043,75|76|77|78|79|80,0.5626
6780.050354,-0.356057,-13.988251,0.000622,11.747921,0.022416,0.007771,-3.907351,-0.128421,3.909461,75|76|77|78|79|80,0.5628
6780.067020,-0.352584,-13.989611,0.000935,11.755197,0.022103,0.007794,-3.913888,-0.126221,3.915923,75|76|77|78|79|80,0.5636
6780.083687,-0.337440,-14.012590,-0.000782,11.755197,0.022103,0.007794,-3.901399,-0.117991,3.903182,75|76|77|78|79|80,0.5630
6780.100354,-0.337439,-14.012590,-0.000781,11.769479,0.021465,0.007653,-3.915681,-0.117353,3.917439,75|76|77|78|79|80,0.5645
6780.117020,-0.342612,-14.022654,-0.000360,11.776334,0.021444,0.007751,-3.917067,-0.120144,3.918909,75|76|77|78|79|80,0.5645
6780.133687,-0.352248,-14.042788,-0.000325,11.776334,0.021444,0.007751,-3.906125,-0.125382,3.908137,75|76|77|78|79|80,0.5640
6780.150354,-0.352956,-14.048800,0.000134,11.782886,0.021821,0.007640,-3.909409,-0.126143,3.911444,75|76|77|78|79|80,0.5627
6780.200354,-0.349099,-14.077844,-0.001182,11.804874,0.021764,0.007412,-3.915612,-0.123992,3.917574,75|76|77|78|79|80|81|82,0.5546
6780.233687,-0.346442,-14.094927,-0.000612,11.825330,0.022561,0.007369,-3.926784,-0.123346,3.928721,77|78|79|80|81|82,0.5640
6780.250354,-0.340816,-14.098078,-0.000505,11.825330,0.022561,0.007369,-3.925071,-0.120288,3.926914,77|78|79|80|81|82,0.5639
6780.267020,-0.342654,-14.110607,-0.000416,11.839493,0.021780,0.007281,-3.932424,-0.120506,3.934270,77|78|79|80|81|82,0.5623
6780.300354,-0.355527,-14.134018,-0.000141,11.852882,0.021861,0.007498,-3.933091,-0.127585,3.935160,77|78|79|80|81|82,0.5637
6780.317020,-0.361991,-14.145926,0.000231,11.852882,0.021861,0.007498,-3.926619,-0.131098,3.928807,77|78|79|80|81|82,0.5628
6780.333687,-0.355396,-14.144593,-0.000247,11.859424,0.022239,0.007288,-3.933886,-0.127892,3.935964,77|78|79|80|81|82,0.5640
6780.350354,-0.350092,-14.146369,-0.000816,11.866491,0.023228,0.007168,-3.939987,-0.125998,3.942001,77|78|79|80|81|82,0.5636
6780.367020,-0.350092,-14.146367,-0.000815,11.880625,0.022563,0.007050,-3.954121,-0.125333,3.956107,77|78|79|80|81|82,0.5627
6780.383687,-0.343163,-14.172701,-0.001817,11.887813,0.022422,0.007028,-3.946998,-0.121427,3.948866,77|78|79|80|81|82,0.5639
6780.400354,-0.348328,-14.183894,-0.002134,11.887813,0.022422,0.007028,-3.940915,-0.124235,3.942873,77|78|79|80|81|82,0.5635
6780.417020,-0.350502,-14.192265,-0.002121,11.894466,0.022649,0.006928,-3.943019,-0.125643,3.945020,77|78|79|80|81|82,0.5631
6780.433687,-0.348130,-14.193988,-0.001604,11.908994,0.022242,0.006580,-3.956610,-0.123947,3.958551,77|78|79|80|81|82,0.5632
6780.450354,-0.348129,-14.193989,-0.001603,11.916252,0.021861,0.006469,-3.963867,-0.123566,3.965793,77|78|79|80|81|82,0.5644
6780.467020,-0.349036,-14.204266,-0.002494,11.923412,0.021449,0.006540,-3.965442,-0.123647,3.967370,77|78|79|80|81|82,0.5649
6780.483687,-0.361721,-14.230056,-0.002914,11.930082,0.021633,0.006761,-3.958097,-0.130727,3.960255,77|78|79|80|81|82,0.5647
6780.500354,-0.368604,-14.242990,-0.002691,11.930082,0.021633,0.006761,-3.951067,-0.134468,3.953355,77|78|79|80|81|82,0.5626
6780.517020,-0.365328,-14.247501,-0.002330,11.936468,0.022182,0.006770,-3.955002,-0.133236,3.957245,77|78|79|80|81|82,0.5636
6780.533687,-0.365328,-14.247503,-0.002333,11.943506,0.021887,0.006723,-3.962039,-0.132942,3.964268,77|78|79|80|81|82,0.5628
6780.550354,-0.358023,-14.248296,-0.002561,11.958111,0.021677,0.006758,-3.976212,-0.128761,3.978296,77|78|79|80|81|82,0.5642
6780.567020,-0.363030,-14.258078,-0.002483,11.958111,0.021677,0.006758,-3.970896,-0.131483,3.973072,77|78|79|80|81|82,0.5634
6780.583687,-0.365991,-14.269259,-0.001547,11.971737,0.022414,0.006688,-3.978445,-0.133829,3.980696,77|78|79|80|81|82,0.5630
6780.600354,-0.367414,-14.280400,-0.001901,11.971737,0.022414,0.006688,-3.972390,-0.134603,3.974670,77|78|79|80|81|82,0.5620
6780.650354,-0.358493,-14.312791,-0.001025,11.993631,0.022699,0.006573,-3.976681,-0.130042,3.978807,77|78|79|80|81|82,0.5638
6780.667020,-0.358494,-14.312789,-0.001025,12.007873,0.023624,0.006422,-3.990924,-0.130967,3.993072,77|78|79|80|81|82,0.5637
6780.683687,-0.357033,-14.326066,-0.000824,12.014635,0.024240,0.006406,-3.990470,-0.130789,3.992612,77|78|79|80|81|82,0.5631
6780.700354,-0.356242,-14.339090,-0.001643,12.014635,0.024240,0.006406,-3.983392,-0.130360,3.985524,77|78|79|80|81|82|83,0.5620
6780.717020,-0.337623,-14.346182,-0.002337,12.021847,0.023765,0.006442,-3.986748,-0.119766,3.988546,77|78|79|80|81|82|83,0.5616
6780.733687,-0.345118,-14.356516,-0.003108,12.029117,0.023438,0.006438,-3.988403,-0.123513,3.990315,78|79|80|81|82|83,0.5637
6780.750354,-0.350359,-14.368988,-0.003338,12.036396,0.023117,0.006435,-3.988903,-0.126041,3.990894,78|79|80|81|82|83,0.5633
6780.767020,-0.350360,-14.368988,-0.003338,12.049848,0.023674,0.006421,-4.002356,-0.126599,4.004357,78|79|80|81|82|83,0.5626
6780.783687,-0.358262,-14.391311,-0.003999,12.056555,0.023852,0.006501,-3.996930,-0.131072,3.999079,78|79|80|81|82|83,0.5622
6780.800354,-0.358262,-14.391312,-0.004000,12.063772,0.023924,0.006409,-4.004147,-0.131144,4.006294,78|79|80|81|82|83,0.5641
6780.850354,-0.348758,-14.388911,-0.004651,12.085975,0.024632,0.006794,-4.027655,-0.126686,4.029647,78|79|80|81|82|83,0.5660
6780.867020,-0.341703,-14.432937,-0.004337,12.085975,0.024632,0.006794,-4.003727,-0.122854,4.005612,78|79|80|81|82|83,0.5653
6780.883687,-0.341704,-14.432937,-0.004336,12.092808,0.025432,0.006942,-4.010559,-0.123655,4.012465,78|79|80|81|82|83,0.5643
6780.900354,-0.327461,-14.446808,-0.004254,12.107221,0.025193,0.007030,-4.017434,-0.115675,4.019099,78|79|80|81|82|83,0.5650
6780.917020,-0.327462,-14.446808,-0.004254,12.114635,0.025104,0.007030,-4.024848,-0.115587,4.026507,78|79|80|81|82|83,0.5657
6780.950354,-0.329653,-14.455221,-0.004160,12.128719,0.025725,0.007240,-4.034360,-0.117399,4.036068,78|79|80|81|82|83,0.5640
6780.967020,-0.334554,-14.478373,-0.002429,12.128719,0.025725,0.007240,-4.021778,-0.120063,4.023569,78|79|80|81|82|83,0.5626
6780.983687,-0.326480,-14.490078,-0.001650,12.135605,0.025348,0.007312,-4.022301,-0.115300,4.023953,78|79|80|81|82|83,0.5619
6781.000354,-0.332908,-14.498320,-0.001356,12.142671,0.025008,0.007309,-4.024889,-0.118453,4.026632,78|79|80|81|82|83,0.5627
6781.017020,-0.338562,-14.509476,-0.000662,12.149788,0.024753,0.007338,-4.025942,-0.121271,4.027769,78|79|80|81|82|83,0.5623
6781.033687,-0.338561,-14.509475,-0.000663,12.156845,0.024501,0.007334,-4.033000,-0.121018,4.034815,78|79|80|81|82|83,0.5626
6781.050354,-0.347202,-14.531165,-0.001871,12.170709,0.024752,0.007799,-4.035077,-0.125967,4.037043,78|79|80|81|82|83,0.5626
6781.067020,-0.347651,-14.538242,-0.001319,12.177767,0.024578,0.008251,-4.038288,-0.126038,4.040255,78|79|80|81|82|83,0.5613
6781.083687,-0.344414,-14.542204,-0.001534,12.185005,0.024467,0.008458,-4.043373,-0.124167,4.045279,78|79|80|81|82|83,0.5614
6781.100354,-0.348290,-14.552228,-0.000608,12.185005,0.024467,0.008458,-4.037925,-0.126274,4.039899,78|79|80|81|82|83,0.5627
6781.117020,-0.351272,-14.562700,-0.000064,12.192228,0.024312,0.008485,-4.039457,-0.127740,4.041477,78|79|80|81|82|83,0.5630
6781.133687,-0.354675,-14.572755,-0.000143,12.199140,0.024530,0.008542,-4.040905,-0.129808,4.042989,78|79|80|81|82|83,0.5624
6781.150354,-0.352008,-14.577377,0.000076,12.205839,0.024979,0.008547,-4.045091,-0.128807,4.047142,78|79|80|81|82|83,0.5627
6781.167020,-0.346481,-14.579260,-0.000229,12.213003,0.025508,0.007790,-4.051232,-0.126333,4.053201,78|79|80|81|82|83,0.5618
6781.183687,-0.346481,-14.579259,-0.000226,12.227762,0.024863,0.007507,-4.065992,-0.125687,4.067934,78|79|80|81|82|83,0.5622
6781.200354,-0.337934,-14.594746,-0.000628,12.235050,0.024535,0.007436,-4.064862,-0.120715,4.066654,78|79|80|81|82|83,0.5633
6781.217020,-0.344591,-14.607563,0.000628,12.235050,0.024535,0.007436,-4.057897,-0.124333,4.059801,78|79|80|81|82|83|85,0.5637
6781.233687,-0.349311,-14.619184,-0.000048,12.248453,0.025138,0.007511,-4.064984,-0.127503,4.066983,78|79|80|81|82|83|84|85,0.5524
6781.250354,-0.354762,-14.631921,-0.000344,12.255350,0.025084,0.007521,-4.064959,-0.130412,4.067051,80|81|82|83|84|85,0.5630
6781.267020,-0.354198,-14.639415,-0.000342,12.262678,0.025031,0.007417,-4.068214,-0.130052,4.070292,80|81|82|83|84|85,0.5634
6781.283687,-0.347143,-14.640735,-0.000492,12.270054,0.025051,0.007455,-4.074872,-0.126238,4.076827,80|81|82|83|84|85,0.5640
6781.300354,-0.349852,-14.660995,-0.001749,12.277328,0.025183,0.007472,-4.071136,-0.127844,4.073143,80|81|82|83|84|85,0.5641
6781.317020,-0.350417,-14.672229,-0.002091,12.277328,0.025183,0.007472,-4.065031,-0.128151,4.067050,80|81|82|83|84|85,0.5629
6781.333687,-0.348740,-14.681778,-0.002101,12.283952,0.025753,0.007400,-4.066465,-0.127809,4.068473,80|81|82|83|84|85,0.5619
6781.350354,-0.348739,-14.681779,-0.002099,12.290758,0.025676,0.007355,-4.073270,-0.127732,4.075272,80|81|82|83|84|85,0.5627
6781.367020,-0.341442,-14.684841,-0.002195,12.304886,0.025089,0.007310,-4.085733,-0.123180,4.087590,80|81|82|83|84|85,0.5645
6781.383687,-0.349175,-14.703615,-0.001783,12.304886,0.025089,0.007310,-4.075530,-0.127384,4.077520,80|81|82|83|84|85,0.5633
6781.400354,-0.353224,-14.715077,-0.001873,12.318861,0.024868,0.007599,-4.083276,-0.129363,4.085325,80|81|82|83|84|85,0.5641
6781.450354,-0.350819,-14.733792,-0.002255,12.339346,0.025975,0.007482,-4.093590,-0.129164,4.095627,80|81|82|83|84|85,0.5635
6781.467020,-0.350819,-14.733792,-0.002255,12.346460,0.025820,0.007499,-4.100704,-0.129009,4.102733,80|81|82|83|84|85,0.5632
6781.500354,-0.347228,-14.765831,-0.002221,12.353763,0.025703,0.007442,-4.090595,-0.126941,4.092564,80|81|82|83|84|85,0.5649
6781.517020,-0.349916,-14.776854,-0.001573,12.360786,0.025923,0.007307,-4.091627,-0.128623,4.093648,80|81|82|83|84|85,0.5636
6781.533687,-0.349915,-14.776856,-0.001568,12.374796,0.025404,0.006996,-4.105635,-0.128103,4.107633,80|81|82|83|84|85,0.5627
6781.550354,-0.349720,-14.788805,-0.002096,12.382028,0.025214,0.006948,-4.106374,-0.127807,4.108363,80|81|82|83|84|85,0.5633
6781.567020,-0.356104,-14.799497,-0.002015,12.389086,0.024980,0.006957,-4.107621,-0.131043,4.109711,80|81|82|83|84|85,0.5640
6781.583687,-0.359915,-14.811725,-0.001935,12.396192,0.024735,0.006939,-4.108082,-0.132870,4.110230,80|81|82|83|84|85,0.5647
6781.600354,-0.359916,-14.811723,-0.001936,12.396192,0.024735,0.006939,-4.108083,-0.132870,4.110231,80|81|82|83|84|85,0.5642
6781.633687,-0.361140,-14.834944,-0.002343,12.408903,0.024649,0.006500,-4.108174,-0.133451,4.110341,80|81|82|83|84|85,0.5626
6781.683687,-0.369338,-14.864618,-0.003265,12.431186,0.024611,0.005603,-4.114330,-0.137870,4.116640,80|81|82|83|84|85,0.5636
6781.700354,-0.369341,-14.864617,-0.003269,12.444475,0.024974,0.005390,-4.127619,-0.138235,4.129933,80|81|82|83|84|85,0.5620
6781.717020,-0.359889,-14.877194,-0.003018,12.451599,0.025087,0.005028,-4.127908,-0.133211,4.130056,80|81|82|83|84|85,0.5625
6781.733687,-0.365536,-14.881111,-0.003791,12.459026,0.025499,0.004918,-4.133206,-0.136692,4.135466,80|81|82|83|84|85|86,0.5562
6781.750354,-0.365500,-14.881183,-0.003824,12.466413,0.025800,0.004827,-4.140554,-0.136974,4.142819,80|81|82|83|84|85|86,0.5621
6781.783687,-0.354873,-14.920933,-0.003122,12.473736,0.026219,0.004889,-4.126273,-0.131618,4.128372,81|82|83|84|85|86,0.5617
6781.800354,-0.354873,-14.920933,-0.003121,12.487217,0.026241,0.005017,-4.139754,-0.131641,4.141847,81|82|83|84|85|86,0.5616
6781.817020,-0.348729,-14.931298,-0.003303,12.494659,0.026201,0.005023,-4.141563,-0.128261,4.143549,81|82|83|84|85|86,0.5621
6781.833687,-0.350055,-14.936401,-0.003731,12.502006,0.026091,0.005022,-4.146137,-0.128873,4.148139,81|82|83|84|85|86,0.5645
6781.850354,-0.350057,-14.936400,-0.003731,12.509348,0.025979,0.005008,-4.153479,-0.128761,4.155474,81|82|83|84|85|86,0.5645
6781.867020,-0.351047,-14.950909,-0.003647,12.516310,0.026360,0.005057,-4.152556,-0.129681,4.154580,81|82|83|84|85|86,0.5645
6781.883687,-0.355070,-14.975299,-0.003954,12.516310,0.026360,0.005057,-4.139300,-0.131869,4.141400,81|82|83|84|85|86,0.5641
6781.900354,-0.349873,-14.980264,-0.004434,12.530010,0.026623,0.005140,-4.150302,-0.129308,4.152316,81|82|83|84|85|86,0.5636
6781.917020,-0.349870,-14.980265,-0.004433,12.537084,0.026589,0.005166,-4.157376,-0.129272,4.159385,81|82|83|84|85|86,0.5634
6781.933687,-0.347672,-14.991518,-0.004522,12.537084,0.026589,0.005166,-4.151260,-0.128077,4.153235,81|82|83|84|85|86,0.5652
6781.950354,-0.348502,-14.999848,-0.004623,12.544277,0.027026,0.005201,-4.153926,-0.128967,4.155927,81|82|83|84|85|86,0.5670
6781.967020,-0.348503,-14.999847,-0.004623,12.551477,0.027337,0.005246,-4.161126,-0.129278,4.163134,81|82|83|84|85|86,0.5659
6782.000354,-0.330005,-15.032995,-0.004259,12.564716,0.027488,0.005461,-4.156349,-0.119378,4.158063,81|82|83|84|85|86,0.5628
6782.017020,-0.337508,-15.031368,-0.004346,12.572281,0.027589,0.005081,-4.164799,-0.123555,4.166631,81|82|83|84|85|86,0.5631
6782.033687,-0.337510,-15.031368,-0.004347,12.579885,0.027622,0.005067,-4.172403,-0.123590,4.174233,81|82|83|84|85|86,0.5630
6782.050354,-0.335756,-15.061383,-0.005315,12.594223,0.027931,0.005466,-4.170428,-0.122946,4.172240,81|82|83|84|85|86,0.5627
6782.067020,-0.336606,-15.074637,-0.004958,12.594223,0.027931,0.005466,-4.163225,-0.123409,4.165053,81|82|83|84|85|86,0.5633
6782.083687,-0.330942,-15.075566,-0.004589,12.600538,0.027292,0.005597,-4.169035,-0.119691,4.170753,81|82|83|84|85|86,0.5633
6782.100354,-0.330940,-15.075567,-0.004588,12.615234,0.027123,0.005519,-4.183730,-0.119522,4.185437,81|82|83|84|85|86,0.5652
6782.133687,-0.340624,-15.074793,-0.003408,12.629661,0.026793,0.005575,-4.198579,-0.124455,4.200423,81|82|83|84|85|86,0.5654
6782.150354,-0.346704,-15.115331,-0.001771,12.636209,0.026936,0.005842,-4.183095,-0.127904,4.185050,81|82|83|84|85|86,0.5642
6782.167020,-0.349482,-15.128089,-0.001896,12.636209,0.026936,0.005842,-4.176162,-0.129415,4.178166,81|82|83|84|85|86,0.5628
6782.183687,-0.349481,-15.128091,-0.001897,12.650451,0.026726,0.006504,-4.190403,-0.129203,4.192394,81|82|83|84|85|86,0.5628
6782.200354,-0.347268,-15.126462,-0.002461,12.650451,0.026726,0.006504,-4.191288,-0.128000,4.193242,81|82|83|84|85|86,0.5632
6782.217020,-0.352617,-15.133727,-0.002244,12.664976,0.026821,0.006588,-4.201865,-0.131003,4.203906,81|82|83|84|85|86,0.5639
6782.233687,-0.354102,-15.158589,-0.002412,12.671533,0.027482,0.006688,-4.194910,-0.132472,4.197001,81|82|83|84|85|86|87|88,0.5478
6782.250354,-0.353681,-15.167049,-0.002308,12.671533,0.027482,0.006688,-4.190312,-0.132244,4.192399,81|82|83|84|85|86|87|88,0.5626
6782.267020,-0.344831,-15.169622,-0.002428,12.678308,0.027763,0.006766,-4.195688,-0.127715,4.197632,81|82|83|84|85|86|87|88,0.5628
6782.283687,-0.344823,-15.169629,-0.002427,12.692861,0.027352,0.006655,-4.210238,-0.127299,4.212162,81|82|83|84|85|86|87|88,0.5622
6782.300354,-0.346040,-15.188165,-0.002742,12.692861,0.027352,0.006655,-4.200164,-0.127961,4.202113,83|84|85|86|87|88,0.5651
6782.317020,-0.346041,-15.188164,-0.002741,12.700170,0.027232,0.006628,-4.207473,-0.127843,4.209415,83|84|85|86|87|88,0.5634
6782.333687,-0.348676,-15.201047,-0.002236,12.714062,0.027588,0.006582,-4.214363,-0.129631,4.216356,83|84|85|86|87|88,0.5615
6782.350354,-0.351274,-15.213340,-0.001474,12.720224,0.027054,0.006539,-4.213845,-0.130510,4.215865,83|84|85|86|87|88,0.5597
6782.367020,-0.353766,-15.225774,-0.002267,12.720224,0.027054,0.006539,-4.207087,-0.131865,4.209153,83|84|85|86|87|88,0.5608
6782.383687,-0.355917,-15.224974,-0.001819,12.734854,0.027213,0.005502,-4.222151,-0.133192,4.224252,83|84|85|86|87|88,0.5636
6782.400354,-0.354006,-15.240140,-0.002384,12.734854,0.027213,0.005502,-4.213909,-0.132154,4.215981,83|84|85|86|87|88,0.5638
6782.417020,-0.352187,-15.254859,-0.002748,12.742201,0.027289,0.005474,-4.213257,-0.131242,4.215300,83|84|85|86|87|88,0.5621
6782.433687,-0.351763,-15.268046,-0.002570,12.749033,0.027999,0.005479,-4.212922,-0.131723,4.214981,83|84|85|86|87|88,0.5619
6782.450354,-0.342305,-15.271803,-0.002298,12.762321,0.027220,0.005127,-4.224168,-0.125803,4.226041,83|84|85|86|87|88,0.5606
6782.467020,-0.342305,-15.271805,-0.002294,12.762321,0.027220,0.005127,-4.224167,-0.125803,4.226040,83|84|85|86|87|88,0.5629
6782.483687,-0.353609,-15.279536,-0.002378,12.769764,0.027224,0.005156,-4.227408,-0.131951,4.229467,83|84|85|86|87|88,0.5632
6782.500354,-0.354517,-15.295588,-0.001882,12.776808,0.027161,0.005107,-4.225728,-0.132382,4.227801,83|84|85|86|87|88,0.5634
6782.517020,-0.354518,-15.295587,-0.001884,12.790603,0.027589,0.005160,-4.239525,-0.132811,4.241604,83|84|85|86|87|88,0.5638
6782.533687,-0.357149,-15.319196,-0.002628,12.790603,0.027589,0.005160,-4.226693,-0.134242,4.228825,83|84|85|86|87|88,0.5632
6782.550354,-0.357148,-15.319196,-0.002628,12.804081,0.027826,0.005579,-4.240171,-0.134478,4.242303,83|84|85|86|87|88,0.5623
6782.567020,-0.342653,-15.324123,-0.002043,12.811464,0.027864,0.005650,-4.244876,-0.126639,4.246765,83|84|85|86|87|88,0.5620
6782.583687,-0.342653,-15.324123,-0.002043,12.818828,0.027874,0.005613,-4.252240,-0.126648,4.254126,83|84|85|86|87|88,0.5628
6782.600354,-0.349355,-15.332942,-0.001563,12.818828,0.027874,0.005613,-4.247448,-0.130291,4.249445,83|84|85|86|87|88,0.5631
6782.617020,-0.349734,-15.347815,-0.001755,12.826214,0.027964,0.005561,-4.246750,-0.130588,4.248757,83|84|85|86|87|88,0.5638
6782.633687,-0.350385,-15.359542,-0.001682,12.839760,0.027332,0.005963,-4.253922,-0.130311,4.255918,83|84|85|86|87|88,0.5622
6782.650354,-0.353876,-15.369215,-0.000705,12.839760,0.027332,0.005963,-4.248666,-0.132209,4.250722,83|84|85|86|87|88,0.5630
6782.667020,-0.353875,-15.369216,-0.000703,12.847191,0.027334,0.005924,-4.256096,-0.132209,4.258149,83|84|85|86|87|88,0.5635
6782.683687,-0.361216,-15.393050,-0.001283,12.854389,0.027214,0.005934,-4.250341,-0.136080,4.252519,83|84|85|86|87|88,0.5638
6782.733687,-0.366200,-15.424145,-0.001968,12.881372,0.026700,0.004935,-4.260425,-0.138276,4.262669,83|84|85|86|87|88,0.5614
6782.750354,-0.366200,-15.424147,-0.001969,12.881372,0.026700,0.004935,-4.260424,-0.138276,4.262668,83|84|85|86|87|88,0.5631
6782.767020,-0.370299,-15.421027,-0.002331,12.888881,0.026903,0.004573,-4.269629,-0.140706,4.271947,83|84|85|86|87|88,0.5637
6782.817020,-0.373099,-15.428982,-0.002160,12.909876,0.027140,0.004209,-4.286300,-0.142465,4.288667,84|85|86|87|88,0.5623
6782.833687,-0.365455,-15.462879,-0.003445,12.924204,0.027668,0.004096,-4.282206,-0.138841,4.284456,84|85|86|87|88|89,0.5640
6782.850354,-0.370166,-15.469963,-0.002382,12.924204,0.027668,0.004096,-4.278356,-0.141401,4.280692,84|85|86|87|88|89,0.5661
6782.883687,-0.354339,-15.503268,-0.003588,12.945778,0.028943,0.003895,-4.281829,-0.134076,4.283927,84|85|86|87|88|89,0.5634
6782.900354,-0.349205,-15.517250,-0.004023,12.952329,0.028460,0.003885,-4.280782,-0.130804,4.282779,84|85|86|87|88|89,0.5616
6782.917020,-0.349206,-15.517253,-0.004023,12.959478,0.028271,0.003600,-4.287928,-0.130615,4.289917,84|85|86|87|88|89,0.5620
6782.933687,-0.353128,-15.518120,-0.004008,12.967005,0.028373,0.003586,-4.294984,-0.132848,4.297038,84|85|86|87|88|89,0.5634
6782.950354,-0.355123,-15.529422,-0.004346,12.967005,0.028373,0.003586,-4.288842,-0.133933,4.290932,84|85|86|87|88|89,0.5644
6782.967020,-0.354343,-15.544527,-0.004076,12.981804,0.028436,0.003535,-4.295431,-0.133573,4.297508,84|85|86|87|88|89,0.5659
6782.983687,-0.354256,-15.557370,-0.004468,12.981804,0.028436,0.003535,-4.288451,-0.133526,4.290529,84|85|86|87|88|89,0.5639
6783.000354,-0.354728,-15.569218,-0.004477,12.987968,0.028468,0.003503,-4.288177,-0.133815,4.290264,84|85|86|87|88|89,0.5622
6783.017020,-0.354340,-15.564121,-0.004935,13.001486,0.028272,0.003239,-4.304464,-0.133408,4.306531,84|85|86|87|88|89,0.5629
6783.033687,-0.361233,-15.564244,-0.005048,13.008962,0.028918,0.003201,-4.311875,-0.137800,4.314076,84|85|86|87|88|89,0.5648
6783.067020,-0.347789,-15.590400,-0.005727,13.016628,0.029580,0.003264,-4.305324,-0.131156,4.307322,84|85|86|87|88|89,0.5656
6783.083687,-0.347790,-15.590399,-0.005727,13.030319,0.029826,0.003379,-4.319016,-0.131403,4.321015,84|85|86|87|88|89,0.5636
6783.100354,-0.335515,-15.619726,-0.005318,13.037102,0.029452,0.003256,-4.309859,-0.124360,4.311653,84|85|86|87|88|89,0.5629
6783.117020,-0.335514,-15.619728,-0.005319,13.044761,0.029769,0.003103,-4.317518,-0.124676,4.319318,84|85|86|87|88|89,0.5630
6783.133687,-0.341020,-15.624861,-0.005342,13.052398,0.029936,0.003111,-4.322366,-0.127835,4.324256,84|85|86|87|88|89,0.5633
6783.150354,-0.341021,-15.624860,-0.005343,13.059660,0.029746,0.003145,-4.329628,-0.127646,4.331509,84|85|86|87|88|89,0.5633
6783.167020,-0.336473,-15.641563,-0.005510,13.059660,0.029746,0.003145,-4.320550,-0.125175,4.322363,84|85|86|87|88|89,0.5619
6783.183687,-0.337371,-15.665488,-0.004374,13.065946,0.029577,0.003182,-4.313833,-0.125494,4.315658,84|85|86|87|88|89,0.5617
6783.217020,-0.347749,-15.667179,-0.003854,13.080202,0.029230,0.003255,-4.327171,-0.130788,4.329147,84|85|86|87|88|89,0.5623
6783.233687,-0.347748,-15.667176,-0.003853,13.094755,0.029146,0.003220,-4.341725,-0.130704,4.343692,84|85|86|87|88|89,0.5624
6783.250354,-0.346897,-15.698085,-0.003676,13.094755,0.029146,0.003220,-4.324927,-0.130243,4.326887,84|85|86|87|88|89,0.5636
6783.267020,-0.346896,-15.698083,-0.003677,13.108097,0.028692,0.003191,-4.338270,-0.129788,4.340211,84|85|86|87|88|89,0.5634
6783.283687,-0.352344,-15.718084,-0.003393,13.108097,0.028692,0.003191,-4.327400,-0.132749,4.329435,84|85|86|87|88|89|90|91,0.5631
6783.300354,-0.352334,-15.718074,-0.003415,13.122627,0.028712,0.003315,-4.341935,-0.132764,4.343965,84|85|86|87|88|89|90|91,0.5595
6783.317020,-0.357708,-15.727547,-0.004522,13.122627,0.028712,0.003315,-4.336787,-0.135685,4.338909,84|85|86|87|88|89|90|91,0.5615
6783.333687,-0.357515,-15.728181,-0.004012,13.136793,0.029489,0.003380,-4.350609,-0.136358,4.352745,86|87|88|89|90|91,0.5632
6783.367020,-0.345780,-15.759433,-0.003629,13.150400,0.029257,0.003447,-4.347231,-0.129749,4.349166,86|87|88|89|90|91,0.5597
6783.383687,-0.345783,-15.759435,-0.003631,13.157614,0.029065,0.003395,-4.354443,-0.129559,4.356370,86|87|88|89|90|91,0.5623
6783.400354,-0.346347,-15.760465,-0.003224,13.157614,0.029065,0.003395,-4.353883,-0.129865,4.355819,86|87|88|89|90|91,0.5636
6783.417020,-0.352734,-15.781495,-0.003093,13.164829,0.029111,0.003317,-4.349670,-0.133383,4.351714,86|87|88|89|90|91,0.5643
6783.433687,-0.352748,-15.795610,-0.003874,13.179298,0.028969,0.003105,-4.356468,-0.133250,4.358505,86|87|88|89|90|91,0.5635
6783.450354,-0.352747,-15.795606,-0.003878,13.185423,0.029010,0.003063,-4.362594,-0.133290,4.364630,86|87|88|89|90|91,0.5616
6783.467020,-0.356044,-15.819006,-0.004609,13.191881,0.028541,0.002962,-4.356335,-0.134614,4.358415,86|87|88|89|90|91,0.5616
6783.483687,-0.355601,-15.814256,-0.004735,13.191881,0.028541,0.002962,-4.358917,-0.134373,4.360987,86|87|88|89|90|91,0.5628
6783.500354,-0.362009,-15.816800,-0.004501,13.206589,0.029232,0.002482,-4.372242,-0.138546,4.374436,86|87|88|89|90|91,0.5647
6783.517020,-0.356684,-15.832819,-0.005172,13.213894,0.029304,0.002340,-4.370841,-0.135725,4.372948,86|87|88|89|90|91,0.5635
6783.533687,-0.356684,-15.832818,-0.005173,13.220291,0.029157,0.002345,-4.377239,-0.135578,4.379338,86|87|88|89|90|91,0.5618
6783.550354,-0.351484,-15.848778,-0.005164,13.226820,0.028558,0.002339,-4.375093,-0.132154,4.377089,86|87|88|89|90|91,0.5626
6783.567020,-0.353454,-15.857272,-0.005105,13.226820,0.028558,0.002339,-4.370477,-0.133225,4.372507,86|87|88|89|90|91,0.5638
6783.583687,-0.362460,-15.859794,-0.004498,13.234197,0.028778,0.002463,-4.376485,-0.138339,4.378670,86|87|88|89|90|91,0.5647
6783.600354,-0.360059,-15.875549,-0.004808,13.241615,0.028908,0.002523,-4.375340,-0.137165,4.377489,86|87|88|89|90|91,0.5649
6783.617020,-0.358873,-15.891106,-0.004906,13.248855,0.028896,0.002449,-4.374125,-0.136509,4.376255,86|87|88|89|90|91,0.5639
6783.633687,-0.358874,-15.891104,-0.004911,13.262022,0.029554,0.002796,-4.387293,-0.137168,4.389436,86|87|88|89|90|91,0.5619
6783.650354,-0.353020,-15.913551,-0.004634,13.268831,0.029365,0.002749,-4.381902,-0.133798,4.383944,86|87|88|89|90|91,0.5629
6783.667020,-0.353020,-15.913560,-0.004632,13.275795,0.029143,0.002751,-4.388861,-0.133576,4.390893,86|87|88|89|90|91,0.5632
6783.683687,-0.352441,-15.917116,-0.004597,13.283409,0.029389,0.002609,-4.394542,-0.133507,4.396570,86|87|88|89|90|91,0.5639
6783.700354,-0.352441,-15.917111,-0.004596,13.291059,0.029437,0.002594,-4.402195,-0.133555,4.404221,86|87|88|89|90|91,0.5632
6783.717020,-0.352993,-15.942015,-0.004748,13.291059,0.029437,0.002594,-4.388661,-0.133856,4.390702,86|87|88|89|90|91,0.5630
6783.733687,-0.352993,-15.942012,-0.004750,13.298067,0.028941,0.002617,-4.395670,-0.133361,4.397693,86|87|88|89|90|91,0.5621
6783.767020,-0.352859,-15.954429,-0.005088,13.318928,0.028514,0.001884,-4.409782,-0.132861,4.411783,86|87|88|89|90|91,0.5636
6783.783687,-0.367492,-15.970612,-0.005770,13.318928,0.028514,0.001884,-4.400988,-0.140814,4.403240,86|87|88|89|90|91,0.5639
6783.800354,-0.367494,-15.970608,-0.005773,13.333349,0.028421,0.001583,-4.415411,-0.140722,4.417653,86|87|88|89|90|91,0.5637
6783.817020,-0.364059,-16.001190,-0.005594,13.333349,0.028421,0.001583,-4.398790,-0.138857,4.400982,86|87|88|89|90|91|92,0.5630
6783.850354,-0.374321,-16.011839,-0.006085,13.346552,0.027630,0.001337,-4.406206,-0.143644,4.408547,86|87|88|89|90|91|92,0.5568
6783.867020,-0.374279,-16.012687,-0.005947,13.361078,0.028011,0.000430,-4.420272,-0.144002,4.422617,87|88|89|90|91|92,0.5642
6783.883687,-0.377344,-16.021655,-0.006236,13.361078,0.028011,0.000430,-4.415398,-0.145668,4.417800,87|88|89|90|91|92,0.5636
6783.900354,-0.377345,-16.021654,-0.006235,13.375181,0.028010,0.000294,-4.429501,-0.145667,4.431896,87|88|89|90|91|92,0.5616
6783.917020,-0.372682,-16.050640,-0.006375,13.375181,0.028010,0.000294,-4.413748,-0.143134,4.416068,87|88|89|90|91|92,0.5610
6783.950354,-0.375082,-16.054638,-0.006310,13.388668,0.028053,0.000233,-4.425062,-0.144481,4.427420,87|88|89|90|91|92,0.5652
6783.967020,-0.371877,-16.062377,-0.006027,13.403892,0.029636,0.000195,-4.436081,-0.144323,4.438428,87|88|89|90|91|92,0.5645
6783.983687,-0.371877,-16.062373,-0.006032,13.403892,0.029636,0.000195,-4.436083,-0.144323,4.438430,87|88|89|90|91|92,0.5617
6784.000354,-0.349572,-16.097908,-0.006289,13.410827,0.029609,0.000185,-4.423704,-0.132175,4.425679,87|88|89|90|91|92,0.5609
6784.017020,-0.349572,-16.097908,-0.006288,13.424248,0.028639,0.000166,-4.437125,-0.131205,4.439064,87|88|89|90|91|92,0.5615
6784.033687,-0.350188,-16.102382,-0.006475,13.424248,0.028639,0.000166,-4.434693,-0.131540,4.436644,87|88|89|90|91|92,0.5638
6784.050354,-0.354681,-16.103577,-0.006732,13.439251,0.029148,-0.000074,-4.449047,-0.134491,4.451079,87|88|89|90|91|92,0.5641
6784.067020,-0.363870,-16.108024,-0.006699,13.446686,0.029244,-0.000054,-4.454065,-0.139582,4.456252,87|88|89|90|91|92,0.5641
6784.100354,-0.361576,-16.121957,-0.006943,13.459972,0.028634,-0.000068,-4.459779,-0.137726,4.461906,87|88|89|90|91|92,0.5612
6784.133687,-0.363487,-16.153385,-0.006657,13.473177,0.028541,-0.002140,-4.455904,-0.138673,4.458061,87|88|89|90|91|92,0.5633
6784.150354,-0.368161,-16.154500,-0.006795,13.473177,0.028541,-0.002140,-4.455298,-0.141213,4.457535,87|88|89|90|91|92,0.5651
6784.167020,-0.358009,-16.170683,-0.008740,13.487617,0.029699,-0.002723,-4.460943,-0.136854,4.463041,87|88|89|90|91|92,0.5644
6784.183687,-0.347324,-16.187247,-0.009319,13.487617,0.029699,-0.002723,-4.451940,-0.131047,4.453869,87|88|89|90|91|92,0.5630
6784.200354,-0.347325,-16.187245,-0.009323,13.501329,0.029270,-0.002742,-4.465653,-0.130619,4.467563,87|88|89|90|91|92,0.5613
6784.217020,-0.341872,-16.204376,-0.009174,13.508384,0.029185,-0.002954,-4.463398,-0.127571,4.465221,87|88|89|90|91|92,0.5612
6784.250354,-0.346099,-16.217881,-0.009863,13.516113,0.029658,-0.002934,-4.463787,-0.130342,4.465690,87|88|89|90|91|92,0.5623
6784.267020,-0.346098,-16.217878,-0.009863,13.523346,0.029558,-0.002856,-4.471021,-0.130242,4.472918,87|88|89|90|91|92,0.5622
6784.283687,-0.340478,-16.245158,-0.009566,13.536545,0.028602,-0.002818,-4.469394,-0.126232,4.471176,87|88|89|90|91|92,0.5626
6784.300354,-0.347095,-16.248246,-0.009201,13.536545,0.028602,-0.002818,-4.467716,-0.129828,4.469602,87|88|89|90|91|92,0.5635
6784.317020,-0.347095,-16.248247,-0.009199,13.550981,0.028600,-0.002832,-4.482152,-0.129827,4.484032,87|88|89|90|91|92,0.5648
6784.333687,-0.356461,-16.259648,-0.009272,13.550981,0.028600,-0.002832,-4.475956,-0.134917,4.477989,87|88|89|90|91|92,0.5655
6784.350354,-0.352641,-16.277556,-0.009439,13.558260,0.028788,-0.002789,-4.473502,-0.133029,4.475480,87|88|89|90|91|92|93|94,0.5646
6784.367020,-0.352634,-16.277622,-0.009420,13.571836,0.028170,-0.002935,-4.487042,-0.132407,4.488996,87|88|89|90|91|92|93|94,0.5507
6784.383687,-0.349612,-16.291647,-0.008948,13.578794,0.027533,-0.002910,-4.486378,-0.130128,4.488265,89|90|91|92|93|94,0.5641
6784.400354,-0.358464,-16.301302,-0.008857,13.586227,0.027761,-0.002727,-4.488564,-0.135168,4.490599,89|90|91|92|93|94,0.5650
6784.417021,-0.358464,-16.301303,-0.008858,13.593750,0.028006,-0.002677,-4.496087,-0.135414,4.498125,89|90|91|92|93|94,0.5650
6784.433687,-0.363039,-16.322489,-0.009255,13.600992,0.028411,-0.002787,-4.491814,-0.138306,4.493943,89|90|91|92|93|94,0.5627
6784.450354,-0.359358,-16.334635,-0.009615,13.600992,0.028411,-0.002787,-4.485213,-0.136306,4.487284,89|90|91|92|93|94,0.5610
6784.467021,-0.359358,-16.334635,-0.009613,13.613580,0.027420,-0.003071,-4.497802,-0.135314,4.499837,89|90|91|92|93|94,0.5597
6784.483687,-0.357455,-16.338963,-0.009486,13.613580,0.027420,-0.003071,-4.495450,-0.134280,4.497455,89|90|91|92|93|94,0.5619
6784.517021,-0.363170,-16.357971,-0.010057,13.627769,0.027758,-0.003762,-4.499308,-0.137726,4.501415,89|90|91|92|93|94,0.5634
6784.533687,-0.363170,-16.357970,-0.010056,13.642229,0.027801,-0.003929,-4.513768,-0.137769,4.515870,89|90|91|92|93|94,0.5619
6784.550354,-0.357777,-16.387999,-0.010053,13.648962,0.027390,-0.003927,-4.504181,-0.134427,4.506187,89|90|91|92|93|94,0.5610
6784.567021,-0.358863,-16.398187,-0.010375,13.648962,0.027390,-0.003927,-4.498644,-0.135018,4.500669,89|90|91|92|93|94,0.5609
6784.583687,-0.358865,-16.398188,-0.010376,13.662046,0.027007,-0.004383,-4.511728,-0.134637,4.513736,89|90|91|92|93|94,0.5619
6784.600354,-0.367377,-16.400548,-0.010543,13.669431,0.027435,-0.004601,-4.517831,-0.139691,4.519990,89|90|91|92|93|94,0.5634
6784.633687,-0.360295,-16.426330,-0.011103,13.683630,0.027263,-0.004633,-4.518017,-0.135671,4.520053,89|90|91|92|93|94,0.5612
6784.650354,-0.360296,-16.426330,-0.011102,13.690206,0.026869,-0.004646,-4.524594,-0.135277,4.526615,89|90|91|92|93|94,0.5610
6784.667021,-0.357228,-16.438725,-0.010639,13.697054,0.026579,-0.004684,-4.524704,-0.133320,4.526668,89|90|91|92|93|94,0.5624
6784.683687,-0.362330,-16.441339,-0.010781,13.704662,0.026886,-0.004540,-4.530892,-0.136401,4.532945,89|90|91|92|93|94,0.5629
6784.700354,-0.367723,-16.443614,-0.011239,13.712045,0.026949,-0.004569,-4.537040,-0.139394,4.539180,89|90|91|92|93|94,0.5637
6784.717021,-0.371153,-16.451382,-0.011301,13.719463,0.027013,-0.004513,-4.540236,-0.141323,4.542435,89|90|91|92|93|94,0.5625
6784.733687,-0.367041,-16.469924,-0.011258,13.725574,0.027450,-0.004221,-4.536269,-0.139526,4.538415,89|90|91|92|93|94,0.5617
6784.750354,-0.363857,-16.499483,-0.011425,13.725574,0.027450,-0.004221,-4.520204,-0.137796,4.522304,89|90|91|92|93|94,0.5599
6784.783687,-0.366719,-16.492163,-0.010923,13.746242,0.027150,-0.003412,-4.544851,-0.139051,4.546978,89|90|91|92|93|94,0.5638
6784.800354,-0.366719,-16.492162,-0.010924,13.754097,0.027333,-0.003501,-4.552706,-0.139234,4.554835,89|90|91|92|93|94,0.5653
6784.817021,-0.362381,-16.518034,-0.010615,13.754097,0.027333,-0.003501,-4.538645,-0.136878,4.540708,89|90|91|92|93|94,0.5638
6784.867021,-0.371494,-16.544038,-0.010959,13.782053,0.026250,-0.003756,-4.552468,-0.140748,4.554644,89|90|91|92|93|94|95,0.5619
6784.883687,-0.371484,-16.544053,-0.010973,13.782053,0.026250,-0.003756,-4.552460,-0.140743,4.554635,89|90|91|92|93|94|95,0.5658
6784.900354,-0.373551,-16.566153,-0.011067,13.789535,0.026405,-0.003774,-4.547932,-0.142022,4.550149,90|91|92|93|94|95,0.5656
6784.917021,-0.371382,-16.581564,-0.011446,13.796770,0.026261,-0.003953,-4.546791,-0.140701,4.548967,90|91|92|93|94|95,0.5652
6784.933687,-0.371381,-16.581563,-0.011446,13.810213,0.025503,-0.004104,-4.560234,-0.139942,4.562381,90|91|92|93|94|95,0.5640
6784.950354,-0.381255,-16.596817,-0.011623,13.810213,0.025503,-0.004104,-4.551945,-0.145309,4.554263,90|91|92|93|94|95,0.5641
6784.967021,-0.381255,-16.596818,-0.011623,13.816902,0.025147,-0.004231,-4.558633,-0.144952,4.560937,90|91|92|93|94|95,0.5642
6784.983687,-0.383903,-16.596846,-0.011952,13.831981,0.025739,-0.004222,-4.573698,-0.146984,4.576059,90|91|92|93|94|95,0.5642
6785.000354,-0.387673,-16.601682,-0.012170,13.838859,0.025635,-0.004238,-4.577947,-0.148929,4.580369,90|91|92|93|94|95,0.5627
6785.017021,-0.378497,-16.631590,-0.011852,13.838859,0.025635,-0.004238,-4.561693,-0.143943,4.563963,90|91|92|93|94|95,0.5630
6785.033687,-0.378496,-16.631589,-0.011857,13.852140,0.025323,-0.004203,-4.574974,-0.143631,4.577228,90|91|92|93|94|95,0.5642
6785.050354,-0.379597,-16.634991,-0.011823,13.859890,0.026150,-0.004098,-4.580875,-0.145056,4.583171,90|91|92|93|94|95,0.5647
6785.067021,-0.383133,-16.641179,-0.012121,13.859890,0.026150,-0.004098,-4.577512,-0.146978,4.579871,90|91|92|93|94|95,0.5646
6785.100354,-0.383134,-16.641178,-0.012115,13.881353,0.026824,-0.004002,-4.598976,-0.147653,4.601346,90|91|92|93|94|95,0.5625
6785.133687,-0.361144,-16.688032,-0.012097,13.895077,0.026149,-0.003893,-4.587234,-0.135029,4.589221,90|91|92|93|94|95,0.5631
6785.150354,-0.361143,-16.688032,-0.012099,13.902817,0.026485,-0.003866,-4.594974,-0.135364,4.596968,90|91|92|93|94|95,0.5637
6785.167021,-0.370254,-16.701869,-0.011979,13.902817,0.026485,-0.003866,-4.587455,-0.140316,4.589600,90|91|92|93|94|95,0.5641
6785.183687,-0.370254,-16.701867,-0.011979,13.917246,0.026310,-0.003848,-4.601885,-0.140141,4.604018,90|91|92|93|94|95,0.5647
6785.200354,-0.362214,-16.732255,-0.012578,13.917246,0.026310,-0.003848,-4.585369,-0.135773,4.587379,90|91|92|93|94|95,0.5631
6785.217021,-0.366887,-16.737508,-0.012102,13.923733,0.026177,-0.003836,-4.589001,-0.138180,4.591081,90|91|92|93|94|95,0.5628
6785.250354,-0.366889,-16.737512,-0.012116,13.937570,0.026014,-0.004172,-4.602837,-0.138018,4.604906,90|91|92|93|94|95,0.5650
6785.267021,-0.368958,-16.746961,-0.012557,13.945196,0.026737,-0.004415,-4.605327,-0.139866,4.607451,90|91|92|93|94|95,0.5643
6785.283687,-0.368958,-16.746961,-0.012552,13.953079,0.027469,-0.004388,-4.613211,-0.140597,4.615353,90|91|92|93|94|95,0.5638
6785.300354,-0.357551,-16.765176,-0.012653,13.966614,0.027153,-0.004146,-4.616845,-0.134083,4.618792,90|91|92|93|94|95,0.5624
6785.317021,-0.347016,-16.786829,-0.012243,13.973533,0.026807,-0.004238,-4.611997,-0.128013,4.613773,90|91|92|93|94|95,0.5635
6785.333687,-0.349230,-16.791319,-0.011585,13.981167,0.027235,-0.004165,-4.617190,-0.129644,4.619010,90|91|92|93|94|95,0.5635
6785.350354,-0.354615,-16.799866,-0.011733,13.981167,0.027235,-0.004165,-4.612545,-0.132571,4.614450,90|91|92|93|94|95,0.5633
6785.367021,-0.354615,-16.799864,-0.011732,13.988819,0.027419,-0.004097,-4.620198,-0.132755,4.622105,90|91|92|93|94|95,0.5632
6785.383687,-0.348368,-16.819054,-0.011447,13.995521,0.026785,-0.003994,-4.616471,-0.128726,4.618265,90|92|93|94|95|96|97,0.5606
6785.400354,-0.352620,-16.836679,-0.011957,14.001869,0.026577,-0.003755,-4.613240,-0.130830,4.615095,90|92|93|94|95|96|97,0.5596
6785.417021,-0.352353,-16.834629,-0.012792,14.016161,0.026354,-0.003405,-4.628646,-0.130462,4.630484,91|92|93|94|95|96|97,0.5619
6785.433687,-0.363657,-16.842385,-0.012363,14.016161,0.026354,-0.003405,-4.624431,-0.136606,4.626448,92|93|94|95|96|97,0.5658
6785.450354,-0.360220,-16.860485,-0.012010,14.030498,0.026556,-0.003205,-4.628932,-0.134940,4.630898,92|93|94|95|96|97,0.5637
6785.467021,-0.357639,-16.872602,-0.011496,14.037115,0.026105,-0.003240,-4.628963,-0.133087,4.630876,92|93|94|95|96|97,0.5634
6785.483687,-0.357254,-16.883060,-0.011563,14.037115,0.026105,-0.003240,-4.623279,-0.132879,4.625188,92|93|94|95|96|97,0.5625
6785.500354,-0.357254,-16.883060,-0.011564,14.043951,0.025515,-0.003142,-4.630115,-0.132288,4.632004,92|93|94|95|96|97,0.5640
6785.517021,-0.371360,-16.890140,-0.011960,14.051389,0.025456,-0.003327,-4.633706,-0.139896,4.635817,92|93|94|95|96|97,0.5648
6785.533687,-0.371296,-16.903322,-0.011331,14.066446,0.025855,-0.003408,-4.641599,-0.140260,4.643718,92|93|94|95|96|97,0.5634
6785.567021,-0.371298,-16.903323,-0.011330,14.079092,0.025403,-0.003337,-4.654244,-0.139809,4.656344,92|93|94|95|96|97,0.5608
6785.600354,-0.364811,-16.928275,-0.010657,14.093025,0.025146,-0.005235,-4.654616,-0.136028,4.656603,92|93|94|95|96|97,0.5635
6785.617021,-0.370717,-16.924282,-0.010401,14.100445,0.025209,-0.005374,-4.664206,-0.139301,4.666286,92|93|94|95|96|97,0.5650
6785.633687,-0.368057,-16.952075,-0.012680,14.100445,0.025209,-0.005374,-4.649101,-0.137856,4.651145,92|93|94|95|96|97,0.5646
6785.650354,-0.368056,-16.952074,-0.012679,14.114595,0.024976,-0.005476,-4.663252,-0.137623,4.665282,92|93|94|95|96|97,0.5623
6785.667021,-0.366902,-16.970118,-0.013166,14.120888,0.024751,-0.005439,-4.659738,-0.136771,4.661745,92|93|94|95|96|97,0.5611
6785.700354,-0.367433,-16.985298,-0.012504,14.135074,0.024626,-0.006357,-4.665675,-0.136935,4.667684,92|93|94|95|96|97,0.5634
6785.717021,-0.376558,-16.990244,-0.011925,14.142677,0.024874,-0.006428,-4.670590,-0.142143,4.672752,92|93|94|95|96|97,0.5635
6785.733687,-0.376556,-16.990243,-0.011925,14.142677,0.024874,-0.006428,-4.670591,-0.142142,4.672753,92|93|94|95|96|97,0.5630
6785.750354,-0.366897,-17.025311,-0.012393,14.149343,0.024817,-0.006339,-4.658198,-0.136837,4.660207,92|93|94|95|96|97,0.5617
6785.767021,-0.366898,-17.025312,-0.012394,14.162611,0.023912,-0.006382,-4.671464,-0.135932,4.673442,92|93|94|95|96|97,0.5618
6785.783687,-0.366820,-17.026105,-0.012427,14.170297,0.024107,-0.006241,-4.678720,-0.136085,4.680699,92|93|94|95|96|97,0.5630
6785.800354,-0.371529,-17.027074,-0.012872,14.177664,0.024154,-0.006398,-4.685560,-0.138691,4.687612,92|93|94|95|96|97,0.5646
6785.817021,-0.375771,-17.052372,-0.012384,14.185024,0.024209,-0.006430,-4.679172,-0.141052,4.681297,92|93|94|95|96|97,0.5638
6785.833687,-0.375771,-17.052370,-0.012382,14.191883,0.024915,-0.006373,-4.686031,-0.141758,4.688175,92|93|94|95|96|97,0.5627
6785.850354,-0.374403,-17.065730,-0.013143,14.197939,0.024383,-0.006299,-4.684826,-0.140484,4.686932,92|93|94|95|96|97,0.5611
6785.867021,-0.373005,-17.079005,-0.013363,14.204725,0.023959,-0.006395,-4.684398,-0.139301,4.686469,92|93|94|95|96|97,0.5610
6785.917021,-0.362632,-17.082255,-0.014072,14.227417,0.024060,-0.006013,-4.705323,-0.133764,4.707224,92|93|94|95|96|97,0.5624
6785.933687,-0.371995,-17.100799,-0.013812,14.233968,0.023800,-0.005996,-4.701797,-0.138593,4.703839,92|93|94|95|96|97|98,0.5534
6785.950354,-0.373181,-17.127735,-0.014096,14.233968,0.023800,-0.005996,-4.687158,-0.139239,4.689226,93|94|95|96|97|98,0.5632
6785.967021,-0.373177,-17.127731,-0.014103,14.240650,0.023132,-0.006022,-4.693841,-0.138569,4.695886,93|94|95|96|97|98,0.5628
6785.983687,-0.385135,-17.131585,-0.013871,14.247980,0.023172,-0.006373,-4.699077,-0.145108,4.701317,93|94|95|96|97|98,0.5639
6786.000354,-0.383058,-17.147545,-0.013862,14.262838,0.023127,-0.006454,-4.705261,-0.143935,4.707462,93|94|95|96|97|98,0.5634
6786.017021,-0.383058,-17.147545,-0.013863,14.269796,0.022755,-0.006757,-4.712220,-0.143562,4.714406,93|94|95|96|97|98,0.5631
6786.033687,-0.382785,-17.178166,-0.014590,14.269796,0.022755,-0.006757,-4.695577,-0.143415,4.697767,93|94|95|96|97|98,0.5613
6786.050354,-0.388361,-17.182415,-0.015478,14.282753,0.021997,-0.006915,-4.706225,-0.145688,4.708480,93|94|95|96|97|98,0.5610
6786.067021,-0.388360,-17.182415,-0.015476,14.282753,0.021997,-0.006915,-4.706225,-0.145688,4.708480,93|94|95|96|97|98,0.5608
6786.100354,-0.392711,-17.203337,-0.016104,14.298038,0.022468,-0.006960,-4.710140,-0.148524,4.712482,93|94|95|96|97|98,0.5623
6786.117021,-0.392711,-17.203336,-0.016106,14.311273,0.022472,-0.007175,-4.723376,-0.148529,4.725710,93|94|95|96|97|98,0.5619
6786.150354,-0.389158,-17.220832,-0.014219,14.325384,0.022640,-0.007239,-4.727978,-0.146766,4.730255,93|94|95|96|97|98,0.5647
6786.167021,-0.389158,-17.220832,-0.014216,14.333206,0.023294,-0.007215,-4.735799,-0.147420,4.738093,93|94|95|96|97|98,0.5659
6786.183687,-0.385781,-17.240591,-0.014638,14.333206,0.023294,-0.007215,-4.725061,-0.145585,4.727303,93|94|95|96|97|98,0.5642
6786.200354,-0.375972,-17.261998,-0.014626,14.340805,0.023879,-0.007210,-4.721025,-0.140840,4.723126,93|94|95|96|97|98,0.5629
6786.217021,-0.375973,-17.261998,-0.014626,14.353750,0.023534,-0.006738,-4.733970,-0.140496,4.736055,93|94|95|96|97|98,0.5624
6786.233687,-0.366850,-17.273845,-0.014576,14.361061,0.022999,-0.006698,-4.734842,-0.135003,4.736766,93|94|95|96|97|98,0.5635
6786.267021,-0.378649,-17.286345,-0.013627,14.368780,0.023056,-0.006552,-4.735768,-0.141473,4.737881,93|94|95|96|97|98,0.5644
6786.283687,-0.377629,-17.303408,-0.013552,14.376304,0.022947,-0.006538,-4.734019,-0.140810,4.736113,93|94|95|96|97|98,0.5645
6786.317021,-0.371973,-17.324016,-0.013835,14.395574,0.022696,-0.005839,-4.742089,-0.137487,4.744082,93|94|95|96|97|98,0.5621
6786.333687,-0.372615,-17.317997,-0.013437,14.395574,0.022696,-0.005839,-4.745360,-0.137835,4.747362,93|94|95|96|97|98,0.5636
6786.350354,-0.372615,-17.318000,-0.013438,14.410167,0.023345,-0.005660,-4.759952,-0.138484,4.761966,93|94|95|96|97|98,0.5652
6786.367021,-0.379150,-17.327992,-0.013932,14.410167,0.023345,-0.005660,-4.754522,-0.142036,4.756643,93|94|95|96|97|98,0.5655
6786.383687,-0.379151,-17.327991,-0.013932,14.424932,0.024384,-0.005009,-4.769287,-0.143076,4.771432,93|94|95|96|97|98,0.5654
6786.400354,-0.364497,-17.370306,-0.011819,14.424932,0.024384,-0.005009,-4.746289,-0.135114,4.748212,93|94|95|96|97|98|99|100,0.5587
6786.417021,-0.353410,-17.375851,-0.012949,14.431129,0.024239,-0.004745,-4.749472,-0.128943,4.751222,93|94|95|96|97|98|99|100,0.5634
6786.433687,-0.353398,-17.376048,-0.013158,14.437824,0.023758,-0.004619,-4.756060,-0.128455,4.757794,93|95|96|97|98|99|100,0.5639
6786.450354,-0.355232,-17.374702,-0.012803,14.453027,0.024221,-0.004141,-4.771995,-0.129915,4.773763,93|94|95|96|97|98|99|100,0.5643
6786.467021,-0.359105,-17.399103,-0.012207,14.453027,0.024221,-0.004141,-4.758734,-0.132021,4.760565,95|96|97|98|99|100,0.5624
6786.483687,-0.359104,-17.399102,-0.012206,14.466360,0.024170,-0.003566,-4.772067,-0.131969,4.773891,95|96|97|98|99|100,0.5614
6786.500354,-0.356832,-17.411613,-0.011663,14.466360,0.024170,-0.003566,-4.765267,-0.130736,4.767060,95|96|97|98|99|100,0.5611
6786.517021,-0.353058,-17.419448,-0.011609,14.480669,0.023402,-0.002930,-4.775318,-0.127917,4.777031,95|96|97|98|99|100,0.5627
6786.550354,-0.368819,-17.441300,-0.010327,14.488073,0.023254,-0.002835,-4.770846,-0.136336,4.772794,95|96|97|98|99|100,0.5639
6786.567021,-0.370644,-17.455432,-0.010355,14.495311,0.023051,-0.002738,-4.770404,-0.137125,4.772375,95|96|97|98|99|100,0.5625
6786.583687,-0.370644,-17.455432,-0.010356,14.508594,0.022701,-0.002046,-4.783687,-0.136774,4.785642,95|96|97|98|99|100,0.5608
6786.600354,-0.373064,-17.469628,-0.010579,14.508594,0.022701,-0.002046,-4.775972,-0.138090,4.777968,95|96|97|98|99|100,0.5620
6786.650354,-0.377442,-17.495662,-0.009476,14.530645,0.022570,-0.001616,-4.783874,-0.140340,4.785932,95|96|97|98|99|100,0.5629
6786.667021,-0.377769,-17.507637,-0.009814,14.537468,0.023146,-0.001759,-4.784188,-0.141094,4.786269,95|96|97|98|99|100,0.5629
6786.717021,-0.377770,-17.507645,-0.009808,14.564867,0.022721,-0.002418,-4.811584,-0.140670,4.813639,95|96|97|98|99|100,0.5638
6786.733687,-0.372511,-17.535908,-0.010311,14.571930,0.022610,-0.002367,-4.803286,-0.137702,4.805259,95|96|97|98|99|100,0.5647
6786.750354,-0.372511,-17.535905,-0.010311,14.571930,0.022610,-0.002367,-4.803287,-0.137702,4.805261,95|96|97|98|99|100,0.5649
6786.767021,-0.375489,-17.559680,-0.009776,14.578954,0.022663,-0.002238,-4.797391,-0.139374,4.799415,95|96|97|98|99|100,0.5648
6786.783687,-0.375487,-17.559679,-0.009778,14.591896,0.022187,-0.002494,-4.810333,-0.138897,4.812338,95|96|97|98|99|100,0.5623
6786.800354,-0.374196,-17.569215,-0.009694,14.599474,0.022218,-0.002862,-4.812728,-0.138227,4.814713,95|96|97|98|99|100,0.5619
6786.833687,-0.372486,-17.569259,-0.009841,14.614063,0.022778,-0.002764,-4.827293,-0.137857,4.829262,95|96|97|98|99|100,0.5625
6786.850354,-0.377490,-17.603822,-0.010032,14.620809,0.023087,-0.002802,-4.815256,-0.140887,4.817316,95|96|97|98|99|100,0.5621
6786.867021,-0.370500,-17.611146,-0.009131,14.620809,0.023087,-0.002802,-4.811275,-0.137089,4.813228,95|96|97|98|99|100,0.5620
6786.900354,-0.370499,-17.611148,-0.009133,14.634615,0.022394,-0.002365,-4.825079,-0.136395,4.827007,95|96|97|98|99|100,0.5624
6786.917021,-0.377569,-17.630028,-0.008569,14.641855,0.022269,-0.002360,-4.822059,-0.140114,4.824094,95|96|97|98|99|100,0.5629
6786.933687,-0.379460,-17.643244,-0.008581,14.648987,0.022110,-0.002453,-4.822008,-0.140982,4.824069,95|96|97|98|99|100|101,0.5570
6786.950354,-0.379491,-17.643348,-0.008554,14.656107,0.022247,-0.002357,-4.829072,-0.141136,4.831134,95|96|97|98|99|100|101,0.5636
6786.967021,-0.381181,-17.654584,-0.008695,14.669965,0.022908,-0.002391,-4.836824,-0.142716,4.838929,95|96|97|98|99|100|101,0.5600
6786.983687,-0.378853,-17.662216,-0.009041,14.677204,0.022727,-0.002098,-4.839915,-0.141270,4.841976,96|97|98|99|100|101,0.5638
6787.000354,-0.369504,-17.669742,-0.009131,14.677204,0.022727,-0.002098,-4.835824,-0.136190,4.837741,96|97|98|99|100|101,0.5628
6787.017021,-0.372846,-17.683543,-0.009074,14.691637,0.022507,-0.002122,-4.842756,-0.137786,4.844716,96|97|98|99|100|101,0.5644
6787.033687,-0.374472,-17.695283,-0.009217,14.691637,0.022507,-0.002122,-4.836376,-0.138671,4.838364,96|97|98|99|100|101,0.5653
6787.050354,-0.374471,-17.695282,-0.009217,14.698683,0.022803,-0.002139,-4.843423,-0.138967,4.845416,96|97|98|99|100|101,0.5646
6787.067021,-0.371519,-17.714744,-0.008886,14.705269,0.022292,-0.001847,-4.839431,-0.136852,4.841366,96|97|98|99|100|101,0.5640
6787.083687,-0.379908,-17.714971,-0.008442,14.719698,0.021600,-0.001963,-4.853737,-0.140719,4.855777,96|97|98|99|100|101,0.5657
6787.117021,-0.379906,-17.714966,-0.008439,14.733968,0.021452,-0.001658,-4.868011,-0.140569,4.870040,96|97|98|99|100|101,0.5657
6787.133687,-0.393192,-17.756901,-0.007403,14.733968,0.021452,-0.001658,-4.845220,-0.147792,4.847474,96|97|98|99|100|101,0.5644
6787.150354,-0.393195,-17.756904,-0.007406,14.746872,0.021038,-0.001757,-4.858122,-0.147380,4.860357,96|97|98|99|100|101,0.5629
6787.183687,-0.389507,-17.764217,-0.007734,14.761646,0.021060,-0.001765,-4.868922,-0.145398,4.871092,96|97|98|99|100|101,0.5639
6787.200354,-0.395759,-17.766174,-0.007338,14.768657,0.021401,-0.001727,-4.874870,-0.149137,4.877150,96|97|98|99|100|101,0.5640
6787.217021,-0.395524,-17.794469,-0.007884,14.768657,0.021401,-0.001727,-4.859492,-0.149010,4.861776,96|97|98|99|100|101,0.5645
6787.233687,-0.390604,-17.801581,-0.008373,14.775455,0.021840,-0.001729,-4.862424,-0.146775,4.864639,96|97|98|99|100|101,0.5642
6787.250354,-0.384267,-17.806523,-0.008652,14.789642,0.021519,-0.001684,-4.873925,-0.143010,4.876023,96|97|98|99|100|101,0.5651
6787.267021,-0.384974,-17.815231,-0.008589,14.796999,0.021506,-0.001773,-4.876549,-0.143382,4.878657,96|97|98|99|100|101,0.5650
6787.283687,-0.384973,-17.815230,-0.008591,14.796999,0.021506,-0.001773,-4.876550,-0.143381,4.878657,96|97|98|99|100|101,0.5644
6787.300354,-0.389199,-17.841999,-0.007638,14.804388,0.021775,-0.001554,-4.869391,-0.145949,4.871578,96|97|98|99|100|101,0.5647
6787.317021,-0.384339,-17.852895,-0.007961,14.811355,0.022425,-0.001589,-4.870436,-0.143958,4.872563,96|97|98|99|100|101,0.5634
6787.333687,-0.384338,-17.852895,-0.007959,14.824840,0.022636,-0.001218,-4.883921,-0.144168,4.886049,96|97|98|99|100|101,0.5631
6787.350354,-0.375247,-17.857740,-0.008092,14.832161,0.022417,-0.001139,-4.888608,-0.139008,4.890584,96|97|98|99|100|101,0.5627
6787.383687,-0.366914,-17.863171,-0.008052,14.846809,0.022025,-0.001066,-4.900304,-0.134088,4.902139,96|97|98|99|100|101,0.5644
6787.400354,-0.376060,-17.878048,-0.007903,14.846809,0.022025,-0.001066,-4.892220,-0.139059,4.894196,96|97|98|99|100|101,0.5643
6787.417021,-0.381639,-17.901390,-0.008251,14.860222,0.022861,-0.001031,-4.892947,-0.142928,4.895034,96|97|98|99|100|101,0.5633
6787.433687,-0.375876,-17.904530,-0.008109,14.860222,0.022861,-0.001031,-4.891240,-0.139796,4.893237,96|97|98|99|100|101,0.5635
6787.450354,-0.369935,-17.907731,-0.008241,14.874609,0.022493,-0.000915,-4.903887,-0.136199,4.905778,96|97|98|99|100|101,0.5640
6787.467021,-0.369935,-17.907732,-0.008243,14.882055,0.022550,-0.000867,-4.911333,-0.136257,4.913222,96|97|98|99|100|101,0.5636
6787.483687,-0.373100,-17.920797,-0.009298,14.882055,0.022550,-0.000867,-4.904233,-0.137977,4.906173,96|97|98|99|100|101|102|103,0.5607
6787.500354,-0.374884,-17.949377,-0.009114,14.889244,0.023014,-0.000670,-4.895888,-0.139412,4.897873,98|99|100|101|102|103,0.5640
6787.517021,-0.367746,-17.957221,-0.008708,14.896353,0.023501,-0.000397,-4.898734,-0.136019,4.900622,98|99|100|101|102|103,0.5644
6787.533687,-0.360082,-17.965527,-0.008425,14.902908,0.023441,-0.000298,-4.900775,-0.131795,4.902547,98|99|100|101|102|103,0.5646
6787.550354,-0.360081,-17.965528,-0.008428,14.917545,0.023343,-0.000188,-4.915411,-0.131696,4.917175,98|99|100|101|102|103,0.5645
6787.567021,-0.360634,-17.966214,-0.008395,14.924947,0.023322,-0.000157,-4.922441,-0.131976,4.924210,98|99|100|101|102|103,0.5644
6787.600354,-0.362532,-18.000908,-0.007504,14.931978,0.023617,-0.000135,-4.910616,-0.133303,4.912425,98|99|100|101|102|103,0.5637
6787.633687,-0.360910,-18.007432,-0.007686,14.945320,0.023217,-0.000141,-4.920413,-0.132023,4.922183,98|99|100|101|102|103,0.5648
6787.650354,-0.360909,-18.007433,-0.007687,14.959476,0.022577,-0.000072,-4.934568,-0.131382,4.936317,98|99|100|101|102|103,0.5653
6787.683687,-0.373774,-18.042045,-0.007559,14.966634,0.022238,-0.000059,-4.922916,-0.138036,4.924851,98|99|100|101|102|103,0.5651
6787.700354,-0.373773,-18.042044,-0.007559,14.980453,0.022195,0.000164,-4.936735,-0.137993,4.938664,98|99|100|101|102|103,0.5630
6787.717021,-0.378491,-18.053852,-0.007499,14.980453,0.022195,0.000164,-4.930318,-0.140558,4.932321,98|99|100|101|102|103,0.5620
6787.733687,-0.377222,-18.061807,-0.007360,14.994894,0.021965,0.000874,-4.940435,-0.139638,4.942408,98|99|100|101|102|103,0.5622
6787.767021,-0.378900,-18.065153,-0.007363,15.009073,0.022319,0.001026,-4.952796,-0.140904,4.954800,98|99|100|101|102|103,0.5627
6787.800354,-0.384642,-18.086242,-0.006766,15.023145,0.022949,0.000738,-4.955408,-0.144656,4.957518,98|99|100|101|102|103,0.5633
6787.817021,-0.373534,-18.105178,-0.007162,15.023145,0.022949,0.000738,-4.945116,-0.138619,4.947058,98|99|100|101|102|103,0.5629
6787.833687,-0.369908,-18.114924,-0.007432,15.030367,0.022616,0.000695,-4.947040,-0.136316,4.948918,98|99|100|101|102|103,0.5640
6787.850354,-0.374656,-18.127108,-0.007608,15.044708,0.021970,0.000746,-4.954760,-0.138251,4.956688,98|99|100|101|102|103,0.5648
6787.867021,-0.379539,-18.139616,-0.007776,15.051458,0.022172,0.000979,-4.954712,-0.141107,4.956721,98|99|100|101|102|103,0.5637
6787.883687,-0.383691,-18.150820,-0.007879,15.051458,0.022172,0.000979,-4.948623,-0.143364,4.950699,98|99|100|101|102|103,0.5628
6787.900354,-0.383690,-18.150821,-0.007879,15.058223,0.022380,0.000996,-4.955388,-0.143572,4.957468,98|99|100|101|102|103,0.5634
6787.917021,-0.378126,-18.161181,-0.007650,15.065260,0.022330,0.000995,-4.956794,-0.140498,4.958784,98|99|100|101|102|103,0.5639
6787.933687,-0.378876,-18.170741,-0.007578,15.072530,0.022235,0.000998,-4.958869,-0.140811,4.960868,98|99|100|101|102|103,0.5632
6787.950354,-0.380564,-18.183031,-0.007126,15.086605,0.022574,0.000925,-4.966264,-0.142069,4.968295,98|99|100|101|102|103,0.5628
6787.967021,-0.380563,-18.183029,-0.007122,15.086605,0.022574,0.000925,-4.966265,-0.142068,4.968297,98|99|100|101|102|103,0.5631
6787.983687,-0.379546,-18.193273,-0.007368,15.093347,0.022850,0.000826,-4.967440,-0.141791,4.969463,98|99|100|101|102|103|104,0.5608
6788.000354,-0.376431,-18.199330,-0.007536,15.107324,0.022386,0.000883,-4.978125,-0.139635,4.980083,98|99|100|101|102|103|104,0.5632
6788.017021,-0.374899,-18.210927,-0.007608,15.114536,0.022029,0.000938,-4.979034,-0.138446,4.980958,98|99|100|101|102|103|104,0.5616
6788.067021,-0.387521,-18.244146,-0.006852,15.135393,0.022117,0.000871,-4.981837,-0.145395,4.983959,99|100|101|102|103|104,0.5637
6788.083687,-0.387523,-18.244147,-0.006855,15.135393,0.022117,0.000871,-4.981837,-0.145396,4.983958,99|100|101|102|103|104,0.5639
6788.100354,-0.383517,-18.253798,-0.007276,15.142797,0.022944,0.000860,-4.983996,-0.144046,4.986078,99|100|101|102|103|104,0.5637
6788.117021,-0.372144,-18.266972,-0.007164,15.149627,0.022818,0.000958,-4.983666,-0.137739,4.985569,99|100|101|102|103|104,0.5631
6788.133687,-0.372143,-18.266972,-0.007162,15.163639,0.022396,0.000981,-4.997678,-0.137317,4.999564,99|100|101|102|103|104,0.5638
6788.167021,-0.375028,-18.276155,-0.007214,15.177517,0.022487,0.000782,-5.006565,-0.138976,5.008493,99|100|101|102|103|104,0.5635
6788.183687,-0.381980,-18.301233,-0.007533,15.177517,0.022487,0.000782,-4.992935,-0.142756,4.994976,99|100|101|102|103|104,0.5634
6788.200354,-0.380383,-18.308247,-0.007786,15.191972,0.021726,0.000781,-5.003579,-0.141127,5.005569,99|100|101|102|103|104,0.5643
6788.233687,-0.391482,-18.332435,-0.007456,15.199146,0.021322,0.000770,-4.997608,-0.146756,4.999762,99|100|101|102|103|104,0.5657
6788.250354,-0.397332,-18.344666,-0.006944,15.206167,0.021395,0.000926,-4.997981,-0.150009,5.000232,99|100|101|102|103|104,0.5648
6788.267021,-0.397336,-18.344670,-0.006955,15.220092,0.021419,0.000935,-5.011905,-0.150035,5.014150,99|100|101|102|103|104,0.5642
6788.283687,-0.394233,-18.356123,-0.007461,15.220092,0.021419,0.000935,-5.005681,-0.148349,5.007878,99|100|101|102|103|104,0.5617
6788.300354,-0.394233,-18.356122,-0.007460,15.234478,0.021316,0.001007,-5.020066,-0.148247,5.022255,99|100|101|102|103|104,0.5622
6788.317021,-0.398708,-18.376158,-0.007400,15.234478,0.021316,0.001007,-5.009177,-0.150679,5.011443,99|100|101|102|103|104,0.5637
6788.350354,-0.398710,-18.376159,-0.007404,15.255644,0.021796,0.000983,-5.030342,-0.151160,5.032613,99|100|101|102|103|104,0.5648
6788.367021,-0.392675,-18.394756,-0.007944,15.255644,0.021796,0.000983,-5.020235,-0.147881,5.022413,99|100|101|102|103|104,0.5647
6788.383687,-0.392674,-18.394754,-0.007944,15.270206,0.021887,0.000992,-5.034799,-0.147972,5.036973,99|100|101|102|103|104,0.5655
6788.400354,-0.391813,-18.422389,-0.008017,15.277286,0.022254,0.001026,-5.026860,-0.147872,5.029035,99|100|101|102|103|104,0.5657
6788.417021,-0.391812,-18.422388,-0.008016,15.284309,0.022654,0.001038,-5.033883,-0.148271,5.036066,99|100|101|102|103|104,0.5654
6788.433687,-0.391215,-18.434810,-0.007999,15.284309,0.022654,0.001038,-5.027132,-0.147947,5.029309,99|100|101|102|103|104,0.5655
6788.467021,-0.386256,-18.441302,-0.008081,15.298206,0.023059,0.001160,-5.037501,-0.145658,5.039606,99|100|101|102|103|104,0.5625
6788.483687,-0.375043,-18.453502,-0.007531,15.312845,0.022259,0.001231,-5.045509,-0.138764,5.047416,99|100|101|102|103|104,0.5629
6788.517021,-0.387128,-18.484332,-0.008530,15.326503,0.022637,0.001286,-5.042412,-0.145711,5.044517,99|100|101|102|103|104|105|106,0.5619
6788.533687,-0.384820,-18.486910,-0.008294,15.326503,0.022637,0.001286,-5.041011,-0.144457,5.043081,99|100|101|102|103|104|105|106,0.5544
6788.550354,-0.382316,-18.489909,-0.008748,15.333559,0.022952,0.001313,-5.046436,-0.143411,5.048474,99|100|101|102|103|104|105|106,0.5525
6788.583687,-0.379131,-18.519377,-0.009635,15.356907,0.023267,0.001410,-5.053769,-0.141996,5.055764,101|102|103|104|105|106,0.5662
6788.600354,-0.379130,-18.519377,-0.009637,15.356907,0.023267,0.001410,-5.053769,-0.141996,5.055764,101|102|103|104|105|106,0.5650
6788.617021,-0.381099,-18.534623,-0.009466,15.371267,0.024126,0.001396,-5.059844,-0.143926,5.061890,101|102|103|104|105|106,0.5643
6788.633687,-0.369490,-18.551344,-0.009428,15.371267,0.024126,0.001396,-5.050755,-0.137617,5.052630,101|102|103|104|105|106,0.5635
6788.650354,-0.369489,-18.551346,-0.009431,15.377985,0.024082,0.001395,-5.057472,-0.137572,5.059343,101|102|103|104|105|106,0.5625
6788.667021,-0.364155,-18.563388,-0.009589,15.385322,0.023972,0.001514,-5.058265,-0.134564,5.060055,101|102|103|104|105|106,0.5649
6788.683687,-0.364153,-18.563387,-0.009589,15.399935,0.023936,0.001545,-5.072878,-0.134527,5.074661,101|102|103|104|105|106,0.5647
6788.700354,-0.369031,-18.586568,-0.009016,15.399935,0.023936,0.001545,-5.060279,-0.137178,5.062138,101|102|103|104|105|106,0.5642
6788.717021,-0.367060,-18.592976,-0.009540,15.407049,0.024058,0.001556,-5.063912,-0.136230,5.065744,101|102|103|104|105|106,0.5639
6788.733687,-0.367061,-18.592977,-0.009547,15.420908,0.023704,0.001553,-5.077770,-0.135877,5.079587,101|102|103|104|105|106,0.5629
6788.750354,-0.365248,-18.604957,-0.008299,15.428022,0.023284,0.001583,-5.078373,-0.134472,5.080153,101|102|103|104|105|106,0.5644
6788.767021,-0.371562,-18.616749,-0.007961,15.428022,0.023284,0.001583,-5.071964,-0.137904,5.073839,101|102|103|104|105|106,0.5650
6788.800354,-0.371563,-18.616750,-0.007949,15.442266,0.022718,0.001798,-5.086208,-0.137338,5.088062,101|102|103|104|105|106,0.5639
6788.817021,-0.385741,-18.648439,-0.007237,15.449344,0.022802,0.001786,-5.076065,-0.145129,5.078139,101|102|103|104|105|106,0.5637
6788.833687,-0.384729,-18.655934,-0.007275,15.456314,0.022886,0.001803,-5.078961,-0.144663,5.081021,101|102|103|104|105|106,0.5633
6788.850354,-0.383894,-18.660893,-0.007099,15.470609,0.022700,0.002615,-5.090561,-0.144023,5.092598,101|102|103|104|105|106,0.5645
6788.867021,-0.388797,-18.672261,-0.006387,15.470609,0.022700,0.002615,-5.084383,-0.146688,5.086498,101|102|103|104|105|106,0.5641
6788.883687,-0.388799,-18.672262,-0.006388,15.484644,0.023060,0.002389,-5.098417,-0.147050,5.100537,101|102|103|104|105|106,0.5646
6788.900354,-0.387472,-18.684027,-0.007242,15.491909,0.023716,0.002348,-5.099288,-0.146985,5.101406,101|102|103|104|105|106,0.5646
6788.933687,-0.373740,-18.704289,-0.007447,15.498960,0.023515,0.002423,-5.095327,-0.139322,5.097231,101|102|103|104|105|106,0.5630
6788.950354,-0.376862,-18.713349,-0.007553,15.506275,0.023100,0.002407,-5.097718,-0.140604,5.099656,101|102|103|104|105|106,0.5628
6788.967021,-0.383237,-18.725452,-0.007649,15.513586,0.022682,0.002372,-5.098451,-0.143651,5.100474,101|102|103|104|105|106,0.5636
6788.983687,-0.389281,-18.737262,-0.007778,15.520332,0.022793,0.002600,-5.098779,-0.147047,5.100899,101|102|103|104|105|106,0.5638
6789.000354,-0.388030,-18.743922,-0.007255,15.527076,0.022929,0.002692,-5.101904,-0.146504,5.104007,101|102|103|104|105|106|107,0.5542
6789.017021,-0.386352,-18.749396,-0.007598,15.534057,0.023285,0.002705,-5.105910,-0.145948,5.107995,101|102|103|104|105|106|107,0.5559
6789.033687,-0.381817,-18.757399,-0.007320,15.548443,0.023092,0.002651,-5.115945,-0.143291,5.117952,101|102|103|104|105|106|107,0.5623
6789.050354,-0.382150,-18.757564,-0.007644,15.548443,0.023092,0.002651,-5.115856,-0.143472,5.117867,102|103|104|105|106|107,0.5632
6789.067021,-0.384764,-18.769636,-0.008000,15.562132,0.023422,0.002544,-5.122984,-0.145223,5.125042,102|103|104|105|106|107,0.5639
6789.083687,-0.383844,-18.785793,-0.008430,15.562132,0.023422,0.002544,-5.114203,-0.144723,5.116250,102|103|104|105|106|107,0.5628
6789.100354,-0.382008,-18.792170,-0.008217,15.569116,0.023761,0.002551,-5.117722,-0.144064,5.119749,102|103|104|105|106|107,0.5612
6789.117021,-0.377559,-18.799584,-0.008714,15.576147,0.023448,0.002706,-5.120723,-0.141335,5.122673,102|103|104|105|106|107,0.5623
6789.133687,-0.382986,-18.810318,-0.008630,15.590301,0.022764,0.002729,-5.129043,-0.143599,5.131053,102|103|104|105|106|107,0.5628
6789.167021,-0.382985,-18.810318,-0.008627,15.604124,0.022815,0.002382,-5.142866,-0.143650,5.144872,102|103|104|105|106|107,0.5622
6789.183687,-0.393318,-18.831045,-0.007569,15.611780,0.023781,0.002424,-5.139258,-0.150233,5.141453,102|103|104|105|106|107,0.5619
6789.200354,-0.392407,-18.840591,-0.007274,15.611780,0.023781,0.002424,-5.134070,-0.149738,5.136253,102|103|104|105|106|107,0.5610
6789.217021,-0.392403,-18.840592,-0.007271,15.618675,0.023892,0.002554,-5.140964,-0.149847,5.143148,102|103|104|105|106|107,0.5605
6789.250354,-0.383896,-18.875071,-0.008225,15.632829,0.023363,0.002617,-5.136380,-0.144696,5.138418,102|103|104|105|106|107,0.5628
6789.283687,-0.388042,-18.889720,-0.008958,15.653848,0.023282,0.002378,-5.149438,-0.146869,5.151532,102|103|104|105|106|107,0.5625
6789.317021,-0.388978,-18.907202,-0.008927,15.661020,0.022848,0.002386,-5.147108,-0.146944,5.149205,102|103|104|105|106|107,0.5641
6789.333687,-0.388978,-18.907202,-0.008930,15.674793,0.022376,0.002706,-5.160881,-0.146473,5.162959,102|103|104|105|106|107,0.5643
6789.350354,-0.402491,-18.931573,-0.008678,15.674793,0.022376,0.002706,-5.147637,-0.153818,5.149935,102|103|104|105|106|107,0.5638
6789.367021,-0.402484,-18.937867,-0.008212,15.688280,0.022648,0.002794,-5.157703,-0.154086,5.160004,102|103|104|105|106|107,0.5636
6789.383687,-0.401431,-18.943559,-0.007983,15.688280,0.022648,0.002794,-5.154609,-0.153514,5.156895,102|103|104|105|106|107,0.5621
6789.417021,-0.401432,-18.943559,-0.007983,15.709369,0.022565,0.002749,-5.175699,-0.153432,5.177973,102|103|104|105|106|107,0.5627
6789.433687,-0.403824,-18.970391,-0.008060,15.716245,0.022661,0.002695,-5.167992,-0.154829,5.170311,102|103|104|105|106|107,0.5633
6789.467021,-0.400873,-18.980664,-0.007470,15.723718,0.023055,0.002685,-5.169882,-0.153619,5.172164,102|103|104|105|106|107,0.5642
6789.500354,-0.396040,-19.007533,-0.007806,15.738266,0.023059,0.002680,-5.169826,-0.150998,5.172031,102|103|104|105|106|107,0.5643
6789.517021,-0.396039,-19.007533,-0.007802,15.752479,0.023595,0.002721,-5.184040,-0.151534,5.186254,102|103|104|105|106|107,0.5650
6789.533687,-0.395881,-19.020904,-0.008661,15.752479,0.023595,0.002721,-5.176773,-0.151448,5.178988,102|103|104|105|106|107|108|109,0.5644
6789.550354,-0.388742,-19.034101,-0.008626,15.759535,0.023998,0.002557,-5.176656,-0.147971,5.178771,102|103|104|105|106|107|108|109,0.5645
6789.567021,-0.388744,-19.034121,-0.008663,15.766477,0.024403,0.002637,-5.183588,-0.148378,5.185711,102|103|104|105|106|107|108|109,0.5512
6789.583687,-0.377477,-19.047377,-0.008729,15.773643,0.023930,0.002632,-5.183549,-0.141782,5.185488,104|105|106|107|108|109,0.5648
6789.600354,-0.384661,-19.059208,-0.008816,15.787849,0.023505,0.002830,-5.191326,-0.145262,5.193358,104|105|106|107|108|109,0.5656
6789.617021,-0.391522,-19.071252,-0.008142,15.787849,0.023505,0.002830,-5.184780,-0.148991,5.186920,104|105|106|107|108|109,0.5655
6789.650354,-0.390070,-19.077569,-0.007832,15.801706,0.024020,0.002600,-5.195204,-0.148717,5.197332,104|105|106|107|108|109,0.5678
6789.667021,-0.383937,-19.085092,-0.008382,15.809658,0.024235,0.002686,-5.199067,-0.145599,5.201105,104|105|106|107|108|109,0.5669
6789.683687,-0.381784,-19.103984,-0.008529,15.824804,0.024302,0.002768,-5.203945,-0.144497,5.205951,104|105|106|107|108|109,0.5656
6789.700354,-0.381784,-19.103983,-0.008530,15.824804,0.024302,0.002768,-5.203946,-0.144497,5.205951,104|105|106|107|108|109,0.5654
6789.717021,-0.381396,-19.127655,-0.008758,15.832058,0.024605,0.002724,-5.198334,-0.144590,5.200345,104|105|106|107|108|109,0.5656
6789.733687,-0.381395,-19.127654,-0.008758,15.839081,0.024945,0.002795,-5.205358,-0.144930,5.207375,104|105|106|107|108|109,0.5663
6789.750354,-0.373083,-19.145082,-0.009531,15.846067,0.025159,0.002818,-5.202872,-0.140626,5.204773,104|105|106|107|108|109,0.5653
6789.767021,-0.373082,-19.145083,-0.009532,15.860513,0.024985,0.002988,-5.217318,-0.140452,5.219208,104|105|106|107|108|109,0.5648
6789.800354,-0.370532,-19.152244,-0.009730,15.874567,0.025317,0.002878,-5.227479,-0.139398,5.229338,104|105|106|107|108|109,0.5640
6789.817021,-0.372609,-19.179909,-0.009211,15.874567,0.025317,0.002878,-5.212444,-0.140528,5.214338,104|105|106|107|108|109,0.5638
6789.850354,-0.372609,-19.179907,-0.009211,15.895229,0.024645,0.002940,-5.233108,-0.139856,5.234976,104|105|106|107|108|109,0.5644
6789.867021,-0.373910,-19.200814,-0.008408,15.895229,0.024645,0.002940,-5.221745,-0.140564,5.223636,104|105|106|107|108|109,0.5654
6789.883687,-0.373909,-19.200815,-0.008406,15.909548,0.023859,0.003096,-5.236063,-0.139778,5.237929,104|105|106|107|108|109,0.5654
6789.933687,-0.389806,-19.245265,-0.007761,15.930774,0.024006,0.003426,-5.233133,-0.148566,5.235242,104|105|106|107|108|109,0.5629
6789.950354,-0.389832,-19.250250,-0.007489,15.930774,0.024006,0.003426,-5.230424,-0.148580,5.232533,104|105|106|107|108|109,0.5636
6789.967021,-0.392084,-19.257111,-0.007425,15.937889,0.023880,0.003561,-5.233809,-0.149679,5.235949,104|105|106|107|108|109,0.5635
6789.983687,-0.393701,-19.264001,-0.007704,15.944950,0.023879,0.003614,-5.237126,-0.150557,5.239289,104|105|106|107|108|109,0.5636
6790.000354,-0.393702,-19.264002,-0.007705,15.959438,0.024905,0.003004,-5.251614,-0.151583,5.253801,104|105|106|107|108|109,0.5633
6790.017021,-0.390882,-19.277930,-0.008744,15.966299,0.024972,0.003196,-5.250905,-0.150118,5.253050,104|105|106|107|108|109,0.5641
6790.033687,-0.390883,-19.277929,-0.008741,15.973551,0.024542,0.003265,-5.258157,-0.149689,5.260287,104|105|106|107|108|109,0.5624
6790.050354,-0.379846,-19.295139,-0.009152,15.980797,0.024090,0.003239,-5.256049,-0.143240,5.258000,104|105|106|107|108|109|110,0.5573
6790.067021,-0.379905,-19.299586,-0.009148,15.980797,0.024090,0.003239,-5.253632,-0.143272,5.255586,104|105|106|107|108|109|110,0.5646
6790.083687,-0.386744,-19.310678,-0.008021,15.994678,0.024070,0.003457,-5.261486,-0.146969,5.263539,104|105|106|107|108|109|110,0.5572
6790.100354,-0.394780,-19.328944,-0.008407,15.994678,0.024070,0.003457,-5.251559,-0.151337,5.253739,105|106|107|108|109|110,0.5648
6790.117021,-0.394461,-19.334817,-0.008812,16.008985,0.024530,0.003455,-5.262674,-0.151623,5.264858,105|106|107|108|109|110,0.5639
6790.133687,-0.394461,-19.334816,-0.008812,16.008985,0.024530,0.003455,-5.262675,-0.151624,5.264858,105|106|107|108|109|110,0.5634
6790.150354,-0.388936,-19.354932,-0.008674,16.016206,0.024433,0.003451,-5.258963,-0.148525,5.261060,105|106|107|108|109|110,0.5639
6790.167021,-0.388936,-19.354933,-0.008673,16.029857,0.024680,0.003379,-5.272614,-0.148772,5.274712,105|106|107|108|109|110,0.5627
6790.183687,-0.389376,-19.372266,-0.008574,16.029857,0.024680,0.003379,-5.263193,-0.149012,5.265302,105|106|107|108|109|110,0.5625
6790.217021,-0.389375,-19.372267,-0.008578,16.050834,0.024527,0.003535,-5.284170,-0.148859,5.286266,105|106|107|108|109|110,0.5612
6790.233687,-0.385673,-19.395718,-0.008441,16.050834,0.024527,0.003535,-5.271425,-0.146848,5.273470,105|106|107|108|109|110,0.5630
6790.250354,-0.385674,-19.395718,-0.008441,16.064792,0.024141,0.003632,-5.285383,-0.146462,5.287412,105|106|107|108|109|110,0.5635
6790.267021,-0.397908,-19.417702,-0.009018,16.064792,0.024141,0.003632,-5.273436,-0.153111,5.275658,105|106|107|108|109|110,0.5621
6790.283687,-0.398617,-19.421581,-0.009007,16.079061,0.024944,0.003266,-5.285596,-0.154300,5.287848,105|106|107|108|109|110,0.5626
6790.300354,-0.398616,-19.421582,-0.009008,16.086164,0.025366,0.003289,-5.292699,-0.154721,5.294960,105|106|107|108|109|110,0.5627
6790.317021,-0.387409,-19.440520,-0.009309,16.086164,0.025366,0.003289,-5.282406,-0.148631,5.284496,105|106|107|108|109|110,0.5617
6790.333687,-0.382050,-19.448678,-0.009280,16.093208,0.025009,0.003238,-5.285016,-0.145362,5.287014,105|106|107|108|109|110,0.5625
6790.350354,-0.387675,-19.460018,-0.009448,16.100258,0.024749,0.003246,-5.285902,-0.148160,5.287978,105|106|107|108|109|110,0.5628
6790.367021,-0.387676,-19.460017,-0.009446,16.114237,0.024806,0.002790,-5.299882,-0.148217,5.301954,105|106|107|108|109|110,0.5628
6790.383687,-0.391683,-19.469080,-0.009328,16.121273,0.024778,0.002841,-5.301993,-0.150368,5.304125,105|106|107|108|109|110,0.5635
6790.400354,-0.391327,-19.486063,-0.009520,16.121273,0.024778,0.002841,-5.292763,-0.150175,5.294893,105|106|107|108|109|110,0.5631
6790.417021,-0.392424,-19.492226,-0.009504,16.128525,0.024360,0.002767,-5.296665,-0.150353,5.298799,105|106|107|108|109|110,0.5649
6790.433687,-0.399067,-19.504139,-0.009421,16.135675,0.023919,0.002817,-5.297342,-0.153523,5.299566,105|106|107|108|109|110,0.5658
6790.450354,-0.405921,-19.516033,-0.009538,16.149379,0.023840,0.003115,-5.304582,-0.157170,5.306910,105|106|107|108|109|110,0.5653
6790.483687,-0.405920,-19.516035,-0.009540,16.163419,0.023870,0.003101,-5.318621,-0.157199,5.320944,105|106|107|108|109|110,0.5641
6790.500354,-0.404480,-19.536022,-0.008994,16.170599,0.023819,0.003058,-5.314938,-0.156366,5.317237,105|106|107|108|109|110,0.5632
6790.533687,-0.408593,-19.556303,-0.009465,16.177387,0.023951,0.003025,-5.310704,-0.158734,5.313076,105|106|107|108|109|110,0.5641
6790.550354,-0.407365,-19.561980,-0.009257,16.184282,0.024020,0.002958,-5.314514,-0.158136,5.316866,105|106|107|108|109|110,0.5632
6790.567021,-0.406574,-19.567188,-0.009443,16.199360,0.024147,0.002879,-5.326760,-0.157833,5.329098,105|106|107|108|109|110,0.5632
6790.583687,-0.387325,-17.298484,-0.007968,16.199360,0.024147,0.002879,-6.559751,-0.147280,6.561404,11|105|106|107|108|109|110|112,0.5633
6790.600354,-0.391388,-17.262125,-0.007816,16.213854,0.024618,0.002953,-6.594006,-0.149958,6.595711,11|105|106|107|108|109|110|112,0.5523
6790.617021,-0.386628,-16.544998,-0.007361,16.213854,0.024618,0.002953,-6.983748,-0.147342,6.985302,11|107|108|109|110|112,0.5637
6790.633687,-0.379863,-16.553567,-0.007577,16.220924,0.024911,0.002961,-6.986162,-0.143958,6.987645,11|107|108|109|110|112,0.5635
6790.650354,-0.375876,-16.568911,-0.007906,16.227997,0.025197,0.002961,-6.984895,-0.142078,6.986340,11|107|108|109|110|112,0.5636
6790.667021,-0.375834,-16.562125,-0.007901,16.242244,0.025476,0.003079,-7.002831,-0.142333,7.004277,11|107|108|109|110|112,0.5628
6790.700354,-0.369416,-16.596703,-0.007478,16.249586,0.025035,0.003091,-6.991379,-0.138406,6.992749,11|107|108|109|110|112,0.5651
6790.717021,-0.376076,-16.602804,-0.007324,16.256586,0.025052,0.003154,-6.995064,-0.142043,6.996506,11|107|108|109|110|112,0.5652
6790.733687,-0.375742,-16.608964,-0.006639,16.263479,0.025181,0.003151,-6.998609,-0.141992,7.000050,11|107|108|109|110|112,0.5657
6790.767021,-0.372669,-16.605516,-0.006461,16.285669,0.025720,0.003128,-7.022673,-0.140860,7.024085,11|107|108|109|110|112,0.5656
6790.783688,-0.372779,-16.623023,-0.006469,16.293136,0.025757,0.003166,-7.020625,-0.140957,7.022040,11|107|108|109|110|112,0.5641
6790.800354,-0.367953,-16.639761,-0.006394,16.293136,0.025757,0.003166,-7.011529,-0.138335,7.012893,11|107|108|109|110|112,0.5653
6790.817021,-0.368017,-16.651986,-0.006312,16.300388,0.026036,0.003132,-7.012137,-0.138649,7.013507,11|107|108|109|110|112,0.5658
6790.833688,-0.364100,-16.677326,-0.006847,16.307413,0.026355,0.003203,-7.005389,-0.136840,7.006725,11|107|108|109|110|112,0.5650
6790.850354,-0.359971,-16.690109,-0.006694,16.314436,0.026599,0.003208,-7.005465,-0.134842,7.006762,11|107|108|109|110|112,0.5649
6790.867021,-0.357007,-16.690731,-0.006594,16.321443,0.026739,0.003277,-7.012134,-0.133370,7.013402,11|107|108|109|110|112,0.5642
6790.883688,-0.355487,-16.688604,-0.006504,16.328853,0.026528,0.003280,-7.020700,-0.132333,7.021947,11|107|108|109|110|112,0.5646
6790.900354,-0.355582,-16.703261,-0.006512,16.343340,0.026615,0.003242,-7.027221,-0.132472,7.028469,11|107|108|109|110|112,0.5640
6790.917021,-0.358956,-16.720497,-0.006956,16.343340,0.026615,0.003242,-7.017853,-0.134307,7.019138,11|107|108|109|110|112,0.5637
6790.950354,-0.358973,-16.722821,-0.006956,16.357221,0.026629,0.003262,-7.030472,-0.134330,7.031755,11|107|108|109|110|112,0.5637
6790.967021,-0.356023,-16.734385,-0.006844,16.371464,0.025768,0.003248,-7.038429,-0.131866,7.039665,11|107|108|109|110|112,0.5657
6790.983688,-0.359160,-16.741782,-0.007121,16.378727,0.025377,0.003422,-7.041673,-0.133181,7.042932,11|107|108|109|110|112,0.5664
6791.000354,-0.365770,-16.749251,-0.007102,16.385818,0.025457,0.003494,-7.044705,-0.136853,7.046034,11|107|108|109|110|112,0.5656
6791.017021,-0.372404,-16.771691,-0.007326,16.392927,0.025521,0.003546,-7.039618,-0.140523,7.041021,11|107|108|109|110|112,0.5642
6791.033688,-0.377617,-16.769876,-0.006844,16.399959,0.025517,0.003610,-7.047637,-0.143352,7.049095,11|107|108|109|110|112,0.5630
6791.050354,-0.376948,-16.790800,-0.006481,16.406986,0.025357,0.003740,-7.043292,-0.142829,7.044741,11|107|108|109|110|112,0.5636
6791.067021,-0.377311,-16.797707,-0.006573,16.406986,0.025357,0.003740,-7.039538,-0.143027,7.040991,11|107|108|109|110|112,0.5641
6791.083688,-0.382218,-17.241070,-0.006689,16.413957,0.025359,0.003810,-6.805552,-0.145714,6.807112,11|107|108|109|110|112|113,0.5635
6791.100354,-0.382301,-17.254266,-0.006693,16.420871,0.025381,0.003782,-6.805294,-0.145782,6.806855,11|107|108|109|110|112|113,0.5649
6791.117021,-0.382496,-17.267274,-0.006474,16.428268,0.026294,0.003288,-6.805621,-0.146801,6.807205,11|107|108|109|110|112|113,0.5640
6791.150354,-0.365278,-16.860504,-0.005586,16.442739,0.026412,0.004898,-7.041162,-0.137545,7.042506,11|108|109|110|112|113,0.5647
6791.167021,-0.371003,-16.872794,-0.005488,16.457041,0.025915,0.005082,-7.048785,-0.140160,7.050178,11|108|109|110|112|113,0.5647
6791.200354,-0.378704,-16.882580,-0.005475,16.470844,0.026405,0.005107,-7.057270,-0.144836,7.058756,11|108|109|110|112|113,0.5637
6791.217021,-0.378082,-16.890995,-0.005612,16.470844,0.026405,0.005107,-7.052697,-0.144498,7.054177,11|108|109|110|112|113,0.5644
6791.233688,-0.373236,-16.910540,-0.005647,16.478096,0.026434,0.005254,-7.049326,-0.141894,7.050754,11|108|109|110|112|113,0.5635
6791.267021,-0.373289,-16.918623,-0.005655,16.498813,0.026781,0.004910,-7.065650,-0.142271,7.067083,11|108|109|110|112|113,0.5637
6791.283688,-0.373536,-16.938199,-0.005156,16.498813,0.026781,0.004910,-7.055011,-0.142406,7.056448,11|108|109|110|112|113,0.5636
6791.300354,-0.373552,-16.940744,-0.005154,16.505600,0.027031,0.004889,-7.060415,-0.142665,7.061856,11|108|109|110|112|113,0.5635
6791.317021,-0.371199,-16.939633,-0.005555,16.519405,0.026597,0.005003,-7.074823,-0.140951,7.076227,11|108|109|110|112|113,0.5624
6791.350354,-0.375847,-16.969162,-0.005586,16.526479,0.026280,0.005081,-7.065850,-0.143162,7.067300,11|108|109|110|112|113,0.5645
6791.367021,-0.375834,-16.967241,-0.005587,16.540266,0.026366,0.005047,-7.080680,-0.143240,7.082129,11|108|109|110|112|113,0.5635
6791.383688,-0.380997,-16.980831,-0.005658,16.547428,0.026872,0.004769,-7.080457,-0.146553,7.081973,11|108|109|110|112|113,0.5632
6791.400354,-0.380822,-16.986714,-0.005908,16.547428,0.026872,0.004769,-7.077259,-0.146458,7.078774,11|108|109|110|112|113,0.5639
6791.417021,-0.373227,-16.990879,-0.005404,16.554653,0.027452,0.004804,-7.082220,-0.142910,7.083662,11|108|109|110|112|113,0.5623
6791.433688,-0.366101,-17.017633,-0.005826,16.568867,0.026934,0.004773,-7.081893,-0.138521,7.083248,11|108|109|110|112|113,0.5629
6791.450354,-0.366081,-17.014648,-0.005825,16.568867,0.026934,0.004773,-7.083516,-0.138510,7.084870,11|108|109|110|112|113,0.5638
6791.467021,-0.374654,-17.041352,-0.004569,16.575779,0.026859,0.004575,-7.075915,-0.143095,7.077362,11|108|109|110|112|113,0.5635
6791.483688,-0.374614,-17.035147,-0.004566,16.589882,0.026836,0.004269,-7.093391,-0.143050,7.094833,11|108|109|110|112|113,0.5631
6791.500354,-0.376133,-17.041892,-0.004428,16.597130,0.026523,0.004199,-7.096973,-0.143563,7.098425,11|108|109|110|112|113,0.5629
6791.517021,-0.377262,-17.059417,-0.004957,16.604236,0.026193,0.004218,-7.094555,-0.143847,7.096013,11|108|109|110|112|113,0.5647
6791.533688,-0.377229,-17.054522,-0.004954,16.611254,0.025978,0.004354,-7.104233,-0.143614,7.105684,11|108|109|110|112|113,0.5663
6791.550354,-0.387498,-17.074682,-0.004730,16.611254,0.025978,0.004354,-7.093276,-0.149196,7.094845,11|108|109|110|112|113,0.5660
6791.567021,-0.387441,-17.066135,-0.004724,16.624687,0.026088,0.004368,-7.111355,-0.149275,7.112922,11|108|109|110|112|113,0.5659
6791.583688,-0.390368,-17.073916,-0.004468,16.631765,0.025968,0.004302,-7.114205,-0.150746,7.115801,11|108|109|110|112|113,0.5645
6791.600354,-0.392275,-17.472553,-0.003171,16.638986,0.025944,0.004269,-6.904775,-0.151774,6.906443,11|108|109|110|112|113|115,0.5566
6791.617021,-0.394353,-17.842960,-0.005960,16.638986,0.025944,0.004269,-6.703467,-0.152918,6.705211,11|108|109|110|112|113|114|115,0.5646
6791.633688,-0.396765,-17.800942,-0.004496,16.652601,0.026247,0.004157,-6.739918,-0.154531,6.741689,11|108|109|110|112|113|114|115,0.5525
6791.650354,-0.391437,-17.109323,-0.003460,16.659595,0.026314,0.004060,-7.122792,-0.151673,7.124407,11|110|112|113|114|115,0.5663
6791.683688,-0.389709,-17.124505,-0.003400,16.667463,0.026286,0.004000,-7.122408,-0.150707,7.124003,11|110|112|113|114|115,0.5668
6791.700354,-0.389648,-17.115870,-0.003405,16.682062,0.026819,0.003902,-7.141700,-0.151207,7.143301,11|110|112|113|114|115,0.5651
6791.717021,-0.390239,-17.136203,-0.003714,16.682062,0.026819,0.003902,-7.130650,-0.151529,7.132259,11|110|112|113|114|115,0.5637
6791.733688,-0.383217,-17.157626,-0.003555,16.689039,0.027220,0.003901,-7.125984,-0.148114,7.127523,11|110|112|113|114|115,0.5638
6791.750354,-0.377902,-17.160562,-0.004068,16.696014,0.027611,0.003909,-7.131363,-0.145618,7.132850,11|110|112|113|114|115,0.5629
6791.767021,-0.372771,-17.172573,-0.004062,16.710216,0.027610,0.003870,-7.139037,-0.142829,7.140466,11|110|112|113|114|115,0.5621
6791.783688,-0.372754,-17.169989,-0.004059,16.717497,0.027338,0.003870,-7.147722,-0.142547,7.149143,11|110|112|113|114|115,0.5622
6791.800354,-0.373738,-17.196948,-0.004116,16.717497,0.027338,0.003870,-7.133070,-0.143083,7.134505,11|110|112|113|114|115,0.5645
6791.817021,-0.373686,-17.189132,-0.004118,16.731556,0.027555,0.003876,-7.151377,-0.143271,7.152812,11|110|112|113|114|115,0.5645
6791.833688,-0.378101,-17.198233,-0.003991,16.731556,0.027555,0.003876,-7.146431,-0.145671,7.147915,11|110|112|113|114|115,0.5656
6791.850354,-0.375650,-17.225077,-0.004276,16.745662,0.027627,0.003975,-7.145948,-0.144412,7.147407,11|110|112|113|114|115,0.5651
6791.900354,-0.375399,-17.252069,-0.005527,16.761453,0.027927,0.003956,-7.147070,-0.144577,7.148532,11|110|112|113|114|115,0.5649
6791.917021,-0.372274,-17.265201,-0.005635,16.775804,0.028832,0.004058,-7.154284,-0.143783,7.155729,11|110|112|113|114|115,0.5645
6791.933688,-0.366102,-17.271996,-0.005463,16.775804,0.028832,0.004058,-7.150591,-0.140430,7.151969,11|110|112|113|114|115,0.5655
6791.950354,-0.366081,-17.268902,-0.005460,16.789736,0.028955,0.004103,-7.166203,-0.140541,7.167581,11|110|112|113|114|115,0.5643
6791.967021,-0.360379,-17.290148,-0.005206,16.789736,0.028955,0.004103,-7.154656,-0.137443,7.155976,11|110|112|113|114|115,0.5638
6791.983688,-0.360332,-17.283195,-0.005201,16.804523,0.028933,0.004087,-7.173223,-0.137395,7.174539,11|110|112|113|114|115,0.5645
6792.000354,-0.360593,-17.297407,-0.004461,16.804523,0.028933,0.004087,-7.165499,-0.137537,7.166819,11|110|112|113|114|115,0.5647
6792.017021,-0.360581,-17.295654,-0.004461,16.811727,0.029127,0.004086,-7.173656,-0.137725,7.174978,11|110|112|113|114|115,0.5646
6792.050354,-0.360375,-17.309161,-0.004296,16.825475,0.028827,0.004046,-7.180063,-0.137313,7.181376,11|110|112|113|114|115,0.5638
6792.083688,-0.367912,-17.343275,-0.004248,16.839754,0.028291,0.004115,-7.175801,-0.140875,7.177184,11|110|112|113|114|115,0.5649
6792.100354,-0.374646,-17.759395,-0.003740,16.846853,0.028015,0.004103,-6.956749,-0.144276,6.958245,11|110|112|113|114|115|116,0.5571
6792.117021,-0.379071,-17.821004,-0.003661,16.853868,0.028011,0.004122,-6.930281,-0.146679,6.931833,11|110|112|113|114|115|116,0.5643
6792.133688,-0.378940,-17.802338,-0.003633,16.867634,0.027980,0.004436,-6.954191,-0.146577,6.955735,11|110|112|113|114|115|116,0.5594
6792.167021,-0.376463,-17.386836,-0.002441,16.881977,0.027977,0.004584,-7.194351,-0.145210,7.195816,11|112|113|114|115|116,0.5638
6792.183688,-0.378394,-17.407101,-0.002974,16.889103,0.028137,0.004602,-7.190463,-0.146420,7.191953,11|112|113|114|115|116,0.5633
6792.200354,-0.378744,-17.422272,-0.002672,16.889103,0.028137,0.004602,-7.182218,-0.146611,7.183714,11|112|113|114|115|116,0.5631
6792.217021,-0.376958,-17.434066,-0.002646,16.903301,0.028632,0.004203,-7.190006,-0.146136,7.191491,11|112|113|114|115|116,0.5619
6792.233688,-0.376967,-17.435576,-0.002647,16.910616,0.028409,0.004187,-7.196500,-0.145918,7.197979,11|112|113|114|115|116,0.5625
6792.250354,-0.369385,-17.451516,-0.002699,16.910616,0.028409,0.004187,-7.187837,-0.141798,7.189235,11|112|113|114|115|116,0.5633
6792.300354,-0.379053,-17.469060,-0.002653,16.938743,0.028284,0.004359,-7.206430,-0.146928,7.207928,11|112|113|114|115|116,0.5623
6792.317021,-0.379114,-17.478368,-0.002659,16.945759,0.028028,0.004388,-7.208387,-0.146706,7.209879,11|112|113|114|115|116,0.5631
6792.350354,-0.376553,-17.487839,-0.002886,16.959802,0.028378,0.004521,-7.217283,-0.145664,7.218753,11|112|113|114|115|116,0.5616
6792.367021,-0.380144,-17.509705,-0.001576,16.966520,0.028650,0.004437,-7.212117,-0.147888,7.213633,11|112|113|114|115|116,0.5616
6792.383688,-0.380227,-17.522021,-0.001581,16.973244,0.028848,0.004334,-7.212147,-0.148133,7.213668,11|112|113|114|115|116,0.5617
6792.400354,-0.376011,-17.528754,-0.001985,16.980301,0.028545,0.004325,-7.215545,-0.145539,7.217013,11|112|113|114|115|116,0.5622
6792.417021,-0.371712,-17.550454,-0.001923,16.980301,0.028545,0.004325,-7.203751,-0.143203,7.205174,11|112|113|114|115|116,0.5619
6792.433688,-0.376119,-17.549913,-0.002179,16.994362,0.028186,0.004288,-7.218107,-0.145239,7.219568,11|112|113|114|115|116,0.5628
6792.450354,-0.378916,-17.547979,-0.002271,17.001335,0.028184,0.004331,-7.226131,-0.146757,7.227621,11|112|113|114|115|116,0.5637
6792.467021,-0.378871,-17.541445,-0.002268,17.001335,0.028184,0.004331,-7.229682,-0.146732,7.231171,11|112|113|114|115|116,0.5639
6792.483688,-0.381867,-17.563475,-0.001927,17.008228,0.028347,0.004304,-7.224602,-0.148524,7.226129,11|112|113|114|115|116,0.5647
6792.533688,-0.381971,-17.578629,-0.001933,17.029520,0.028884,0.004274,-7.237658,-0.149118,7.239194,11|112|113|114|115|116,0.5634
6792.567021,-0.371796,-17.589205,-0.002104,17.043567,0.028855,0.004075,-7.245958,-0.143560,7.247380,11|112|113|114|115|116,0.5638
6792.583688,-0.375621,-17.621677,-0.002639,17.050480,0.028962,0.003662,-7.235223,-0.145748,7.236690,11|112|113|114|115|116,0.5630
6792.617021,-0.383135,-17.629529,-0.004084,17.064674,0.028131,0.002737,-7.245150,-0.149000,7.246682,11|112|113|114|115|116,0.5637
6792.633688,-0.390382,-18.348471,-0.004494,17.071754,0.027967,0.002718,-6.861501,-0.152804,6.863202,11|112|113|114|115|116|117|118,0.5543
6792.650354,-0.393423,-18.414793,-0.004350,17.085800,0.028000,0.002787,-6.839502,-0.154492,6.841247,11|112|113|114|115|116|117|118,0.5650
6792.667021,-0.397419,-18.568320,-0.004703,17.085800,0.028000,0.002787,-6.756063,-0.156671,6.757880,11|112|113|114|115|116|117|118,0.5516
6792.683688,-0.408879,-20.709534,-0.005238,17.099821,0.027300,0.002735,-5.606382,-0.162286,5.608730,113|114|115|116|117|118,0.5633
6792.700354,-0.413085,-20.711776,-0.005256,17.099821,0.027300,0.002735,-5.605163,-0.164572,5.607579,113|114|115|116|117|118,0.5636
6792.717021,-0.419638,-20.724120,-0.005302,17.107239,0.027302,0.002788,-5.605873,-0.168135,5.608394,113|114|115|116|117|118,0.5636
6792.733688,-0.419786,-20.736573,-0.005520,17.114012,0.027748,0.002781,-5.605878,-0.168662,5.608414,113|114|115|116|117|118,0.5631
6792.750354,-0.413865,-20.740904,-0.005713,17.120834,0.028079,0.002672,-5.610346,-0.165776,5.612795,113|114|115|116|117|118,0.5644
6792.767021,-0.413863,-20.740905,-0.005712,17.135168,0.027782,0.002678,-5.624679,-0.165478,5.627113,113|114|115|116|117|118,0.5652
6792.783688,-0.409475,-20.746221,-0.005984,17.142801,0.027839,0.002596,-5.629423,-0.163149,5.631787,113|114|115|116|117|118,0.5649
6792.800354,-0.414559,-20.765776,-0.005518,17.142801,0.027839,0.002596,-5.618796,-0.165913,5.621245,113|114|115|116|117|118,0.5661
6792.817021,-0.413984,-20.783885,-0.005860,17.150131,0.028226,0.002745,-5.616284,-0.165988,5.618736,113|114|115|116|117|118,0.5647
6792.833688,-0.413984,-20.783886,-0.005860,17.157089,0.028915,0.002716,-5.623242,-0.166678,5.625711,113|114|115|116|117|118,0.5645
6792.850354,-0.398838,-20.799086,-0.005379,17.164118,0.029481,0.002709,-5.622009,-0.159013,5.624257,113|114|115|116|117|118,0.5639
6792.900354,-0.404291,-20.825366,-0.005071,17.192978,0.028549,0.002741,-5.636586,-0.161046,5.638886,113|114|115|116|117|118,0.5641
6792.917021,-0.404290,-20.825366,-0.005070,17.192978,0.028549,0.002741,-5.636586,-0.161045,5.638886,113|114|115|116|117|118,0.5631
6792.933688,-0.411807,-20.842138,-0.004804,17.206417,0.029622,0.002725,-5.640910,-0.166203,5.643358,113|114|115|116|117|118,0.5642
6792.950354,-0.405330,-20.845730,-0.005017,17.213613,0.029462,0.002773,-5.646154,-0.162524,5.648493,113|114|115|116|117|118,0.5643
6792.967021,-0.390737,-20.851513,-0.005144,17.213613,0.029462,0.002773,-5.643011,-0.154593,5.645128,113|114|115|116|117|118,0.5643
6792.983688,-0.390736,-20.851514,-0.005142,17.228527,0.029126,0.002906,-5.657924,-0.154256,5.660026,113|114|115|116|117|118,0.5658
6793.000354,-0.398838,-20.875886,-0.005546,17.235693,0.029743,0.002935,-5.651844,-0.159279,5.654088,113|114|115|116|117|118,0.5650
6793.017021,-0.398839,-20.875885,-0.005545,17.242866,0.030272,0.003117,-5.659018,-0.159807,5.661274,113|114|115|116|117|118,0.5652
6793.033688,-0.389402,-20.897127,-0.005196,17.242866,0.030272,0.003117,-5.647474,-0.154679,5.649592,113|114|115|116|117|118,0.5649
6793.067021,-0.389400,-20.897131,-0.005193,17.264133,0.030143,0.002853,-5.668739,-0.154549,5.670845,113|114|115|116|117|118,0.5639
6793.083688,-0.384970,-20.919715,-0.004542,17.271534,0.030218,0.002868,-5.663865,-0.152218,5.665910,113|114|115|116|117|118,0.5636
6793.100354,-0.384970,-20.919714,-0.004543,17.278745,0.030531,0.002860,-5.671077,-0.152532,5.673128,113|114|115|116|117|118,0.5649
6793.117021,-0.383981,-20.931221,-0.004973,17.285330,0.030356,0.002890,-5.671408,-0.151819,5.673439,113|114|115|116|117|118,0.5641
6793.133688,-0.378951,-20.949989,-0.005317,17.292604,0.029766,0.002907,-5.668482,-0.148496,5.670427,113|114|115|116|117|118,0.5636
6793.150354,-0.378950,-20.949989,-0.005317,17.300022,0.029458,0.002937,-5.675899,-0.148188,5.677834,113|114|115|116|117|118,0.5635
6793.167021,-0.382428,-20.951811,-0.006323,17.300022,0.029458,0.002937,-5.674909,-0.150078,5.676893,113|114|115|116|117|118|119,0.5640
6793.183688,-0.395860,-20.978085,-0.006435,17.314726,0.029050,0.003624,-5.675334,-0.156971,5.677504,113|114|115|116|117|118|119,0.5577
6793.200354,-0.395510,-20.979282,-0.006279,17.321531,0.029378,0.003847,-5.681489,-0.157108,5.683661,114|115|116|117|118|119,0.5644
6793.217021,-0.400022,-20.993221,-0.006074,17.328056,0.029096,0.003861,-5.680439,-0.159279,5.682671,114|115|116|117|118|119,0.5632
6793.233688,-0.395765,-21.007919,-0.004889,17.328056,0.029096,0.003861,-5.672451,-0.156966,5.674622,114|115|116|117|118|119,0.5624
6793.267021,-0.395764,-21.007920,-0.004894,17.349714,0.029326,0.004697,-5.694108,-0.157196,5.696277,114|115|116|117|118|119,0.5631
6793.283688,-0.403627,-21.030281,-0.003482,17.349714,0.029326,0.004697,-5.681956,-0.161470,5.684250,114|115|116|117|118|119,0.5627
6793.300354,-0.403626,-21.030282,-0.003481,17.363889,0.029944,0.004687,-5.696131,-0.162088,5.698436,114|115|116|117|118|119,0.5640
6793.317021,-0.397095,-21.043052,-0.003340,17.363889,0.029944,0.004687,-5.689190,-0.158539,5.691398,114|115|116|117|118|119,0.5637
6793.333688,-0.397095,-21.043051,-0.003337,17.371183,0.029886,0.004671,-5.696484,-0.158481,5.698689,114|115|116|117|118|119,0.5632
6793.350354,-0.394451,-21.061292,-0.003872,17.378473,0.029783,0.004668,-5.693860,-0.156942,5.696023,114|115|116|117|118|119,0.5635
6793.367021,-0.396296,-21.072511,-0.003535,17.385763,0.029679,0.004665,-5.695053,-0.157840,5.697240,114|115|116|117|118|119,0.5632
6793.383688,-0.396296,-21.072510,-0.003531,17.392864,0.029534,0.004695,-5.702155,-0.157696,5.704335,114|115|116|117|118|119,0.5628
6793.400354,-0.400694,-21.095057,-0.003124,17.399719,0.029759,0.004748,-5.696756,-0.160312,5.699011,114|115|116|117|118|119,0.5622
6793.417021,-0.400694,-21.095059,-0.003127,17.413410,0.029482,0.004647,-5.710446,-0.160035,5.712688,114|115|116|117|118|119,0.5626
6793.433688,-0.397664,-21.104796,-0.004160,17.413410,0.029482,0.004647,-5.705154,-0.158388,5.707352,114|115|116|117|118|119,0.5616
6793.450354,-0.403055,-21.116043,-0.003607,17.420639,0.029602,0.004637,-5.706271,-0.161439,5.708554,114|115|116|117|118|119,0.5604
6793.467021,-0.401798,-21.127789,-0.004139,17.427757,0.029900,0.004645,-5.707005,-0.161054,5.709277,114|115|116|117|118|119,0.5619
6793.483688,-0.401797,-21.127790,-0.004139,17.441486,0.030503,0.004390,-5.720733,-0.161657,5.723017,114|115|116|117|118|119,0.5634
6793.500354,-0.397939,-21.136581,-0.003664,17.441486,0.030503,0.004390,-5.715956,-0.159560,5.718183,114|115|116|117|118|119,0.5640
6793.517021,-0.392004,-21.148203,-0.004663,17.448425,0.029999,0.004456,-5.716578,-0.155831,5.718702,114|115|116|117|118|119,0.5626
6793.533688,-0.399578,-21.157439,-0.004673,17.462768,0.029774,0.004423,-5.725902,-0.159723,5.728130,114|115|116|117|118|119,0.5631
6793.550354,-0.399578,-21.157437,-0.004671,17.469885,0.029767,0.004459,-5.733020,-0.159716,5.735244,114|115|116|117|118|119,0.5638
6793.567021,-0.401583,-21.168806,-0.004398,17.476896,0.029973,0.004421,-5.733852,-0.161012,5.736113,114|115|116|117|118|119,0.5643
6793.583688,-0.403710,-21.179958,-0.004275,17.483900,0.030167,0.004373,-5.734795,-0.162362,5.737093,114|115|116|117|118|119,0.5634
6793.600354,-0.401890,-21.194165,-0.004389,17.491201,0.030522,0.004398,-5.734375,-0.161728,5.736655,114|115|116|117|118|119,0.5640
6793.617021,-0.399468,-21.198978,-0.004392,17.491201,0.030522,0.004398,-5.731759,-0.160412,5.734004,114|115|116|117|118|119,0.5642
6793.633688,-0.395219,-21.210784,-0.004338,17.505449,0.030322,0.004429,-5.739591,-0.157905,5.741763,114|115|116|117|118|119,0.5647
6793.650354,-0.397012,-21.222305,-0.003781,17.505449,0.030322,0.004429,-5.733330,-0.158879,5.735531,114|115|116|117|118|119,0.5642
6793.683688,-0.397935,-21.242206,-0.003260,17.519420,0.030526,0.004086,-5.736485,-0.159585,5.738704,114|115|116|117|118|119|120|121,0.5644
6793.700354,-0.397569,-21.248571,-0.003726,17.526373,0.029984,0.004062,-5.739978,-0.158845,5.742176,114|115|116|117|118|119|120|121,0.5523
6793.733688,-0.407547,-21.266814,-0.003467,17.540771,0.029748,0.004095,-5.744462,-0.164032,5.746804,116|117|118|119|120|121,0.5655
6793.750354,-0.409849,-21.278421,-0.003750,17.547828,0.029607,0.004075,-5.745211,-0.165142,5.747584,116|117|118|119|120|121,0.5660
6793.767021,-0.412376,-21.289749,-0.003973,17.554878,0.029700,0.004168,-5.746105,-0.166609,5.748519,116|117|118|119|120|121,0.5651
6793.783688,-0.410896,-21.297806,-0.003854,17.568891,0.029147,0.004108,-5.755739,-0.165253,5.758111,116|117|118|119|120|121,0.5653
6793.800354,-0.410895,-21.297809,-0.003853,17.576267,0.029147,0.004215,-5.763113,-0.165252,5.765482,116|117|118|119|120|121,0.5653
6793.817021,-0.413442,-21.299614,-0.004060,17.576267,0.029147,0.004215,-5.762132,-0.166636,5.764541,116|117|118|119|120|121,0.5665
6793.833688,-0.420439,-21.323514,-0.003512,17.589990,0.029866,0.004184,-5.762867,-0.171159,5.765408,116|117|118|119|120|121,0.5653
6793.850354,-0.415197,-21.329219,-0.004203,17.589990,0.029866,0.004184,-5.759766,-0.168310,5.762225,116|117|118|119|120|121,0.5656
6793.883688,-0.415196,-21.329219,-0.004201,17.611772,0.029654,0.004108,-5.781548,-0.168098,5.783991,116|117|118|119|120|121,0.5667
6793.900354,-0.408521,-21.341618,-0.004118,17.619104,0.030061,0.004169,-5.782141,-0.164877,5.784491,116|117|118|119|120|121,0.5660
6793.917021,-0.416069,-21.371660,-0.004180,17.619104,0.030061,0.004169,-5.765814,-0.168980,5.768290,116|117|118|119|120|121,0.5662
6793.933688,-0.410104,-21.381258,-0.003903,17.626114,0.030717,0.004127,-5.767607,-0.166395,5.770007,116|117|118|119|120|121,0.5657
6793.950354,-0.401565,-21.387533,-0.003778,17.633171,0.031241,0.004118,-5.771254,-0.162278,5.773535,116|117|118|119|120|121,0.5653
6793.967021,-0.394362,-21.394481,-0.004547,17.639873,0.031281,0.004185,-5.774180,-0.158405,5.776352,116|117|118|119|120|121,0.5634
6794.000354,-0.402783,-21.412361,-0.004296,17.654941,0.030297,0.004188,-5.779531,-0.161998,5.781801,116|117|118|119|120|121,0.5646
6794.017021,-0.409446,-21.428326,-0.003626,17.661901,0.030637,0.004358,-5.777814,-0.165960,5.780197,116|117|118|119|120|121,0.5650
6794.033688,-0.409446,-21.428328,-0.003628,17.675396,0.031497,0.004345,-5.791308,-0.166820,5.793710,116|117|118|119|120|121,0.5648
6794.050354,-0.404379,-21.432636,-0.003890,17.682459,0.031489,0.004390,-5.796029,-0.164058,5.798351,116|117|118|119|120|121,0.5664
6794.067021,-0.398102,-21.435624,-0.003767,17.682459,0.031489,0.004390,-5.794405,-0.160647,5.796631,116|117|118|119|120|121,0.5671
6794.083688,-0.393585,-21.440319,-0.004174,17.697443,0.031136,0.004486,-5.806838,-0.157839,5.808982,116|117|118|119|120|121,0.5662
6794.117021,-0.394039,-21.450029,-0.004089,17.711923,0.032155,0.004682,-5.816041,-0.159105,5.818217,116|117|118|119|120|121,0.5666
6794.133688,-0.391684,-21.485056,-0.003324,17.711923,0.032155,0.004682,-5.797004,-0.157827,5.799152,116|117|118|119|120|121,0.5660
6794.150354,-0.385237,-21.494296,-0.004015,17.725708,0.032196,0.004429,-5.805766,-0.154364,5.807818,116|117|118|119|120|121,0.5660
6794.167021,-0.385235,-21.494298,-0.004012,17.733074,0.032257,0.004419,-5.813132,-0.154424,5.815182,116|117|118|119|120|121,0.5645
6794.183688,-0.384712,-21.507350,-0.005061,17.740473,0.032294,0.004431,-5.813437,-0.154178,5.815481,116|117|118|119|120|121|122,0.5575
6794.200354,-0.384253,-21.518447,-0.004965,17.740473,0.032294,0.004431,-5.807406,-0.153929,5.809446,116|117|118|119|120|121|122,0.5635
6794.217021,-0.384491,-21.529195,-0.005109,17.747745,0.032597,0.004412,-5.808837,-0.154361,5.810888,116|117|118|119|120|121|122,0.5559
6794.233688,-0.383958,-21.530232,-0.004552,17.761366,0.032219,0.004188,-5.821894,-0.153694,5.823922,117|118|119|120|121|122,0.5636
6794.267021,-0.387842,-21.549691,-0.005327,17.775705,0.031923,0.004275,-5.825658,-0.155510,5.827733,117|118|119|120|121|122,0.5640
6794.283688,-0.390287,-21.561147,-0.004796,17.782743,0.031751,0.004255,-5.826470,-0.156666,5.828576,117|118|119|120|121|122,0.5653
6794.300354,-0.390289,-21.561145,-0.004796,17.782743,0.031751,0.004255,-5.826471,-0.156668,5.828577,117|118|119|120|121|122,0.5652
6794.317021,-0.392951,-21.572245,-0.004696,17.789917,0.031596,0.004266,-5.827612,-0.157959,5.829753,117|118|119|120|121|122,0.5645
6794.333688,-0.396000,-21.583526,-0.004944,17.803778,0.031438,0.004303,-5.835342,-0.159460,5.837521,117|118|119|120|121|122,0.5630
6794.367021,-0.401792,-21.605856,-0.004867,17.810982,0.031391,0.004590,-5.830411,-0.162561,5.832677,117|118|119|120|121|122,0.5635
6794.400354,-0.401789,-21.605859,-0.004866,17.832247,0.031999,0.004702,-5.851674,-0.163167,5.853948,117|118|119|120|121|122,0.5627
6794.417021,-0.401940,-21.624104,-0.005031,17.839517,0.032221,0.004674,-5.849029,-0.163472,5.851313,117|118|119|120|121|122,0.5638
6794.433688,-0.399610,-21.630175,-0.004095,17.846798,0.032089,0.004675,-5.853010,-0.162074,5.855253,117|118|119|120|121|122,0.5635
6794.450354,-0.394029,-21.647858,-0.004323,17.846798,0.032089,0.004675,-5.843400,-0.159042,5.845563,117|118|119|120|121|122,0.5647
6794.483688,-0.398827,-21.670056,-0.004074,17.868305,0.031936,0.004715,-5.852843,-0.161497,5.855071,117|118|119|120|121|122,0.5647
6794.500354,-0.401107,-21.681085,-0.004306,17.868305,0.031936,0.004715,-5.846849,-0.162737,5.849113,117|118|119|120|121|122,0.5635
6794.533688,-0.401108,-21.681084,-0.004307,17.889328,0.031645,0.003845,-5.867872,-0.162446,5.870120,117|118|119|120|121|122,0.5620
6794.550354,-0.404525,-21.702529,-0.005377,17.896482,0.031890,0.003822,-5.863372,-0.164550,5.865680,117|118|119|120|121|122,0.5612
6794.567021,-0.404522,-21.702530,-0.005376,17.903366,0.032247,0.003718,-5.870255,-0.164905,5.872570,117|118|119|120|121|122,0.5624
6794.583688,-0.400529,-21.723962,-0.005256,17.903366,0.032247,0.003718,-5.858607,-0.162735,5.860867,117|118|119|120|121|122,0.5630
6794.600354,-0.396238,-21.731742,-0.005260,17.916921,0.031974,0.003773,-5.867934,-0.160131,5.870118,117|118|119|120|121|122,0.5635
6794.633688,-0.396238,-21.731745,-0.005261,17.924093,0.031863,0.003760,-5.875104,-0.160019,5.877283,117|118|119|120|121|122,0.5635
6794.650354,-0.402989,-21.755225,-0.005061,17.931207,0.031751,0.003743,-5.869458,-0.163578,5.871737,117|118|119|120|121|122,0.5635
6794.667021,-0.404949,-21.766288,-0.005020,17.945400,0.031862,0.003770,-5.877638,-0.164754,5.879946,117|118|119|120|121|122,0.5625
6794.683688,-0.406481,-21.777607,-0.003461,17.945400,0.031862,0.003770,-5.871487,-0.165587,5.873821,117|118|119|120|121|122|123|124,0.5460
6794.700354,-0.406549,-21.777598,-0.003322,17.952457,0.032022,0.003727,-5.878549,-0.165784,5.880886,117|118|119|120|121|122|123|124,0.5493
6794.733688,-0.397128,-21.797774,-0.004665,17.966902,0.032359,0.003871,-5.882027,-0.161003,5.884230,117|118|119|120|121|122|123|124,0.5563
6794.750354,-0.396815,-21.798456,-0.004682,17.981157,0.032327,0.003881,-5.895912,-0.160801,5.898104,119|120|121|122|123|124,0.5620
6794.783688,-0.399533,-21.830128,-0.004167,17.988127,0.032418,0.003640,-5.885669,-0.162370,5.887908,119|120|121|122|123|124,0.5619
6794.800354,-0.399096,-21.838052,-0.004594,17.994995,0.031853,0.003587,-5.888230,-0.161568,5.890446,119|120|121|122|123|124,0.5624
6794.817021,-0.399097,-21.838053,-0.004597,18.009472,0.031655,0.003619,-5.902707,-0.161370,5.904912,119|120|121|122|123|124,0.5637
6794.833688,-0.408895,-21.853868,-0.005275,18.009472,0.031655,0.003619,-5.894112,-0.166696,5.896469,119|120|121|122|123|124,0.5636
6794.867021,-0.408892,-21.853867,-0.005270,18.030357,0.031649,0.003562,-5.914998,-0.166688,5.917346,119|120|121|122|123|124,0.5628
6794.883688,-0.412578,-21.885791,-0.004781,18.030357,0.031649,0.003562,-5.897648,-0.168692,5.900060,119|120|121|122|123|124,0.5619
6794.900354,-0.412579,-21.885791,-0.004782,18.044626,0.030970,0.003322,-5.911917,-0.168014,5.914304,119|120|121|122|123|124,0.5629
6794.917021,-0.422007,-21.896399,-0.006181,18.051615,0.031437,0.003348,-5.913141,-0.173606,5.915688,119|120|121|122|123|124,0.5629
6794.933688,-0.422293,-21.910055,-0.006539,18.051615,0.031437,0.003348,-5.905719,-0.173762,5.908274,119|120|121|122|123|124,0.5638
6794.950354,-0.422292,-21.910057,-0.006540,18.065576,0.032198,0.003266,-5.919680,-0.174521,5.922252,119|120|121|122|123|124,0.5649
6794.967021,-0.416144,-21.917550,-0.006237,18.065576,0.032198,0.003266,-5.915607,-0.171181,5.918083,119|120|121|122|123|124,0.5638
6794.983688,-0.410989,-21.925161,-0.006172,18.080179,0.031438,0.003294,-5.926073,-0.167620,5.928443,119|120|121|122|123|124,0.5642
6795.000354,-0.414151,-21.943115,-0.005705,18.087589,0.031804,0.003373,-5.923726,-0.169705,5.926156,119|120|121|122|123|124,0.5644
6795.017021,-0.418641,-21.957494,-0.006270,18.094656,0.032470,0.003331,-5.922978,-0.172811,5.925498,119|120|121|122|123|124,0.5642
6795.033688,-0.418643,-21.957494,-0.006270,18.101765,0.032991,0.003324,-5.930086,-0.173334,5.932619,119|120|121|122|123|124,0.5640
6795.050354,-0.404471,-21.974854,-0.005838,18.101765,0.032991,0.003324,-5.920651,-0.165632,5.922968,119|120|121|122|123|124,0.5652
6795.067021,-0.404472,-21.974853,-0.005841,18.115694,0.032753,0.003070,-5.934581,-0.165394,5.936885,119|120|121|122|123|124,0.5640
6795.083688,-0.394504,-21.985284,-0.005892,18.115694,0.032753,0.003070,-5.928912,-0.159977,5.931070,119|120|121|122|123|124,0.5647
6795.100354,-0.400992,-21.995046,-0.006614,18.122995,0.032656,0.003082,-5.930908,-0.163407,5.933159,119|120|121|122|123|124,0.5648
6795.117021,-0.400992,-21.995044,-0.006614,18.130316,0.032559,0.003095,-5.938229,-0.163310,5.940475,119|120|121|122|123|124,0.5643
6795.133688,-0.402640,-22.006199,-0.007394,18.144279,0.033203,0.003137,-5.946130,-0.164850,5.948415,119|120|121|122|123|124,0.5634
6795.150354,-0.404184,-22.017386,-0.007844,18.151296,0.033339,0.003220,-5.947068,-0.165825,5.949379,119|120|121|122|123|124,0.5632
6795.167021,-0.395909,-22.028453,-0.007432,18.151296,0.033339,0.003220,-5.941053,-0.161329,5.943243,119|120|121|122|123|124,0.5636
6795.183688,-0.394738,-22.037379,-0.007108,18.158783,0.032894,0.003248,-5.943688,-0.160248,5.945848,119|120|121|122|123|124,0.5635
6795.217021,-0.394744,-22.037378,-0.007112,18.180961,0.033816,0.003288,-5.965868,-0.161174,5.968044,119|120|121|122|123|124,0.5651
6795.233688,-0.394751,-22.072458,-0.006404,18.188066,0.034329,0.003293,-5.953907,-0.161691,5.956102,119|120|121|122|123|124|125,0.5638
6795.250354,-0.388560,-22.081761,-0.006747,18.188066,0.034329,0.003293,-5.948851,-0.158327,5.950957,119|120|121|122|123|124|125,0.5571
6795.267021,-0.381366,-22.092480,-0.005769,18.194652,0.033905,0.003175,-5.949611,-0.153993,5.951604,120|121|122|123|124|125,0.5641
6795.317021,-0.386007,-22.117356,-0.005534,18.216686,0.034272,0.003162,-5.958125,-0.156884,5.960190,120|121|122|123|124|125,0.5653
6795.333688,-0.383314,-22.126564,-0.005738,18.223591,0.034561,0.003052,-5.960026,-0.155710,5.962059,120|121|122|123|124|125,0.5644
6795.350354,-0.380065,-22.134815,-0.005640,18.230121,0.033922,0.003040,-5.962072,-0.153305,5.964043,120|121|122|123|124|125,0.5639
6795.367021,-0.389283,-22.136921,-0.005374,18.237234,0.033785,0.003117,-5.968040,-0.158179,5.970136,120|121|122|123|124|125,0.5633
6795.383688,-0.389282,-22.136923,-0.005372,18.244373,0.033640,0.003181,-5.975179,-0.158033,5.977268,120|121|122|123|124|125,0.5642
6795.400354,-0.391652,-22.147828,-0.005647,18.251512,0.033481,0.003247,-5.976391,-0.159162,5.978510,120|121|122|123|124|125,0.5638
6795.417021,-0.394099,-22.158880,-0.005552,18.258612,0.033298,0.003287,-5.977484,-0.160309,5.979633,120|121|122|123|124|125,0.5632
6795.450354,-0.405507,-22.188513,-0.005213,18.272695,0.032836,0.003420,-5.975463,-0.166049,5.977770,120|121|122|123|124|125,0.5609
6795.483688,-0.407380,-22.205125,-0.006145,18.294164,0.033214,0.003464,-5.987904,-0.167446,5.990245,120|121|122|123|124|125,0.5636
6795.500354,-0.404800,-22.210789,-0.005378,18.301212,0.033376,0.003434,-5.991873,-0.166205,5.994178,120|121|122|123|124|125,0.5641
6795.517021,-0.404801,-22.210790,-0.005376,18.308338,0.033889,0.003451,-5.998999,-0.166719,6.001315,120|121|122|123|124|125,0.5641
6795.533688,-0.401677,-22.224547,-0.005417,18.315529,0.033834,0.003687,-5.998713,-0.164967,6.000980,120|121|122|123|124|125,0.5626
6795.550354,-0.401678,-22.224547,-0.005416,18.322788,0.033656,0.003717,-6.005972,-0.164790,6.008232,120|121|122|123|124|125,0.5621
6795.567021,-0.396787,-22.245429,-0.004675,18.322788,0.033656,0.003717,-5.994623,-0.162132,5.996815,120|121|122|123|124|125,0.5636
6795.583688,-0.396785,-22.245430,-0.004674,18.337164,0.033363,0.003787,-6.008998,-0.161838,6.011177,120|121|122|123|124|125,0.5644
6795.600354,-0.399795,-22.256225,-0.004721,18.344055,0.033514,0.003877,-6.010022,-0.163626,6.012249,120|121|122|123|124|125,0.5641
6795.617021,-0.404179,-22.276418,-0.004565,18.344055,0.033514,0.003877,-5.999048,-0.166009,6.001345,120|121|122|123|124|125,0.5636
6795.633688,-0.404180,-22.276419,-0.004567,18.350786,0.033421,0.003886,-6.005779,-0.165916,6.008070,120|121|122|123|124|125,0.5619
6795.650354,-0.402406,-22.284063,-0.004850,18.365047,0.033564,0.003890,-6.015885,-0.165096,6.018150,120|121|122|123|124|125,0.5620
6795.667021,-0.404133,-22.300003,-0.004925,18.365047,0.033564,0.003890,-6.007222,-0.166035,6.009516,120|121|122|123|124|125,0.5623
6795.683688,-0.402973,-22.309402,-0.004225,18.371984,0.033748,0.003832,-6.009052,-0.165589,6.011333,120|121|122|123|124|125,0.5635
6795.700354,-0.400938,-22.317437,-0.003764,18.385799,0.033977,0.003800,-6.018499,-0.164712,6.020753,120|121|122|123|124|125,0.5635
6795.733688,-0.398115,-22.332538,-0.005230,18.392834,0.033899,0.004062,-6.017327,-0.163100,6.019537,120|121|122|123|124|125|126|127,0.5494
6795.750354,-0.400377,-22.341357,-0.005086,18.399923,0.033687,0.004075,-6.019623,-0.164117,6.021860,120|121|122|123|124|125|126|127,0.5645
6795.767021,-0.404536,-22.351344,-0.004964,18.414020,0.033574,0.004135,-6.028293,-0.166265,6.030585,120|121|122|123|124|125|126|127,0.5492
6795.800354,-0.407305,-22.370885,-0.005177,18.428070,0.033911,0.003863,-6.031722,-0.168108,6.034064,122|123|124|125|126|127,0.5632
6795.817021,-0.407305,-22.370885,-0.005175,18.428070,0.033911,0.003863,-6.031722,-0.168108,6.034065,122|123|124|125|126|127,0.5642
6795.850354,-0.397418,-22.395798,-0.005492,18.442207,0.034168,0.003808,-6.032320,-0.162993,6.034521,122|123|124|125|126|127,0.5639
6795.867021,-0.397419,-22.395796,-0.005490,18.456205,0.033933,0.003581,-6.046319,-0.162759,6.048509,122|123|124|125|126|127,0.5650
6795.917021,-0.406614,-22.431021,-0.004867,18.477630,0.033538,0.003496,-6.048601,-0.167362,6.050916,122|123|124|125|126|127,0.5628
6795.933688,-0.407627,-22.439063,-0.004896,18.484705,0.033305,0.003515,-6.051304,-0.167680,6.053627,122|123|124|125|126|127,0.5649
6795.950354,-0.411232,-22.450050,-0.005125,18.484705,0.033305,0.003515,-6.045333,-0.169639,6.047713,122|123|124|125|126|127,0.5641
6795.967021,-0.411232,-22.450050,-0.005124,18.498497,0.033248,0.003720,-6.059125,-0.169582,6.061498,122|123|124|125|126|127,0.5633
6795.983688,-0.415240,-22.461320,-0.005022,18.498497,0.033248,0.003720,-6.053000,-0.171761,6.055437,122|123|124|125|126|127,0.5635
6796.000354,-0.417969,-22.471464,-0.005419,18.512199,0.032904,0.003640,-6.061190,-0.172901,6.063655,122|123|124|125|126|127,0.5630
6796.033688,-0.416313,-22.478664,-0.005512,18.526041,0.033248,0.003568,-6.071118,-0.172346,6.073564,122|123|124|125|126|127,0.5641
6796.050354,-0.420905,-22.500730,-0.005540,18.526041,0.033248,0.003568,-6.059126,-0.174842,6.061648,122|123|124|125|126|127,0.5655
6796.067021,-0.419210,-22.507372,-0.005629,18.533033,0.033356,0.003476,-6.062509,-0.174028,6.065006,122|123|124|125|126|127,0.5663
6796.083688,-0.417732,-22.513838,-0.005432,18.547930,0.033168,0.003423,-6.073891,-0.173038,6.076355,122|123|124|125|126|127,0.5658
6796.100354,-0.417731,-22.513838,-0.005434,18.555366,0.033381,0.003477,-6.081328,-0.173250,6.083795,122|123|124|125|126|127,0.5645
6796.117021,-0.419531,-22.522781,-0.005125,18.562443,0.033943,0.003449,-6.083544,-0.174791,6.086054,122|123|124|125|126|127,0.5641
6796.133688,-0.420923,-22.542184,-0.005214,18.569567,0.034321,0.003457,-6.080123,-0.175926,6.082667,122|123|124|125|126|127,0.5639
6796.150354,-0.410364,-22.560161,-0.005830,18.576683,0.034696,0.003460,-6.077468,-0.170564,6.079861,122|123|124|125|126|127,0.5638
6796.167021,-0.410362,-22.560161,-0.005834,18.583559,0.034744,0.003432,-6.084344,-0.170610,6.086736,122|123|124|125|126|127,0.5634
6796.183688,-0.400412,-22.575370,-0.006044,18.583559,0.034744,0.003432,-6.076078,-0.165203,6.078324,122|123|124|125|126|127,0.5624
6796.200354,-0.400410,-22.575371,-0.006047,18.590826,0.034562,0.003458,-6.083345,-0.165020,6.085583,122|123|124|125|126|127,0.5627
6796.217021,-0.403334,-22.591496,-0.005741,18.605017,0.034524,0.003519,-6.088772,-0.166572,6.091050,122|123|124|125|126|127,0.5641
6796.233688,-0.403335,-22.591496,-0.005738,18.605017,0.034524,0.003519,-6.088772,-0.166573,6.091050,122|123|124|125|126|127,0.5644
6796.250354,-0.404431,-22.608243,-0.005851,18.611902,0.034742,0.003505,-6.086556,-0.167387,6.088857,122|123|124|125|126|127,0.5648
6796.267021,-0.401775,-22.613550,-0.005615,18.626055,0.034635,0.003598,-6.097824,-0.165837,6.100079,122|123|124|125|126|127,0.5647
6796.283688,-0.399048,-22.619422,-0.006193,18.626055,0.034635,0.003598,-6.094632,-0.164355,6.096848,122|123|124|125|126|127,0.5641
6796.300354,-0.404198,-22.632600,-0.006010,18.633640,0.034620,0.003660,-6.095056,-0.167139,6.097348,123|124|125|126|127,0.5638
6796.333688,-0.404197,-22.632599,-0.006010,18.655407,0.035723,0.003716,-6.116823,-0.168242,6.119137,123|124|125|126|127,0.5627
6796.383688,-0.390910,-22.682748,-0.004389,18.669144,0.035903,0.003759,-6.103305,-0.161203,6.105433,123|124|125|126|127,0.5633
6796.400354,-0.390909,-22.682748,-0.004388,18.683750,0.035938,0.003903,-6.117911,-0.161237,6.120036,123|124|125|126|127,0.5642
6796.417021,-0.388418,-22.700581,-0.004597,18.683750,0.035938,0.003903,-6.108219,-0.159884,6.110311,123|124|125|126|127,0.5643
6796.433688,-0.388418,-22.700582,-0.004596,18.690668,0.036100,0.003839,-6.115137,-0.160046,6.117231,123|124|125|126|127,0.5639
6796.467021,-0.389317,-22.723490,-0.004643,18.704271,0.035882,0.003807,-6.116290,-0.160318,6.118391,123|124|125|126|127,0.5636
6796.483688,-0.390586,-22.731434,-0.004708,18.718420,0.035365,0.003871,-6.126121,-0.160491,6.128223,123|124|125|126|127,0.5647
6796.500354,-0.390586,-22.731434,-0.004709,18.725473,0.035091,0.003862,-6.133175,-0.160216,6.135267,123|124|125|126|127,0.5649
6796.517021,-0.394712,-22.742230,-0.004757,18.732668,0.034817,0.003928,-6.134502,-0.162186,6.136646,123|124|125|126|127,0.5646
6796.533688,-0.399014,-22.753071,-0.005203,18.739862,0.034656,0.003921,-6.135805,-0.164363,6.138006,123|124|125|126|127,0.5633
6796.550354,-0.403552,-22.763735,-0.005709,18.746908,0.034776,0.003938,-6.137055,-0.166949,6.139326,123|124|125|126|127,0.5619
6796.567021,-0.407917,-22.774612,-0.005865,18.753776,0.034917,0.004040,-6.138012,-0.169463,6.140351,123|124|125|126|127,0.5631
6796.583688,-0.410596,-22.784299,-0.005846,18.753776,0.034917,0.004040,-6.132748,-0.170920,6.135129,123|124|125|126|127,0.5631
6796.617021,-0.408366,-22.800852,-0.005567,18.767597,0.034912,0.004121,-6.137572,-0.169703,6.139918,123|124|125|126|127,0.5643
6796.633688,-0.408875,-22.807124,-0.005908,18.774618,0.035321,0.003621,-6.141184,-0.170389,6.143548,123|124|125|126|127,0.5645
6796.650354,-0.401570,-22.820718,-0.006096,18.781652,0.035729,0.003642,-6.140830,-0.166827,6.143096,123|124|125|126|127,0.5616
6796.667021,-0.401570,-22.820719,-0.006098,18.788776,0.035466,0.003615,-6.147954,-0.166565,6.150210,123|124|125|126|127,0.5628
6796.683688,-0.400912,-22.838919,-0.006202,18.803058,0.034940,0.003571,-6.152345,-0.165682,6.154575,123|124|125|126|127,0.5639
6796.700354,-0.405209,-22.849777,-0.006152,18.803058,0.034940,0.003571,-6.146443,-0.168018,6.148739,123|124|125|126|127,0.5638
6796.717021,-0.405207,-22.849776,-0.006147,18.816877,0.035010,0.003687,-6.160263,-0.168086,6.162555,123|124|125|126|127,0.5630
6796.750354,-0.408828,-22.860199,-0.005406,18.823816,0.035219,0.003639,-6.161537,-0.170264,6.163889,123|124|125|126|127,0.5608
6796.783688,-0.406724,-22.892436,-0.005925,18.837814,0.035242,0.003624,-6.158015,-0.169145,6.160338,123|124|125|126|127,0.5632
6796.800354,-0.407121,-22.898581,-0.006417,18.844736,0.035251,0.003647,-6.161597,-0.169369,6.163924,123|124|125|126|127,0.5485
6796.817021,-0.407084,-22.899927,-0.006642,18.858709,0.035638,0.003598,-6.174839,-0.169737,6.177172,125|126|127,0.5622
6796.833688,-0.404343,-22.917688,-0.006747,18.858709,0.035638,0.003598,-6.165186,-0.168248,6.167481,125|126|127,0.5630
6796.850354,-0.401948,-22.924726,-0.006697,18.865806,0.035353,0.003611,-6.168458,-0.166661,6.170709,125|126|127,0.5628
6796.867021,-0.406591,-22.935200,-0.007007,18.872841,0.035060,0.003597,-6.169800,-0.168892,6.172111,125|126|127,0.5642
6796.883688,-0.406591,-22.935200,-0.007007,18.886696,0.034914,0.003530,-6.183655,-0.168746,6.185957,125|126|127,0.5645
6796.900354,-0.412844,-22.953143,-0.007084,18.886696,0.034914,0.003530,-6.173904,-0.172146,6.176304,125|126|127,0.5629
6796.917021,-0.414259,-22.959441,-0.007083,18.901291,0.035769,0.003340,-6.185076,-0.173770,6.187517,125|126|127,0.5624
6796.933688,-0.412543,-22.968599,-0.007200,18.901291,0.035769,0.003340,-6.180099,-0.172838,6.182515,125|126|127,0.5608
6796.950354,-0.402442,-22.982982,-0.007721,18.908077,0.035825,0.003363,-6.179068,-0.167405,6.181336,125|126|127,0.5609
6796.967021,-0.401971,-22.988520,-0.007672,18.915090,0.035561,0.003393,-6.183071,-0.166884,6.185323,125|126|127,0.5607
6797.000354,-0.401971,-22.988521,-0.007672,18.936527,0.035209,0.003358,-6.204508,-0.166532,6.206743,125|126|127,0.5624
6797.017021,-0.409343,-23.007216,-0.008152,18.943544,0.035112,0.003346,-6.201365,-0.170442,6.203707,125|126|127,0.5628
6797.033688,-0.412626,-23.025658,-0.008118,18.943544,0.035112,0.003346,-6.191342,-0.172227,6.193737,125|126|127,0.5641
6797.050354,-0.412626,-23.025657,-0.008117,18.957523,0.034562,0.003370,-6.205322,-0.171678,6.207696,125|126|127,0.5638
6797.067021,-0.418071,-23.042781,-0.008286,18.957523,0.034562,0.003370,-6.196015,-0.174638,6.198476,125|126|127,0.5638
6797.083688,-0.423173,-23.053861,-0.007834,18.964592,0.034435,0.003489,-6.197063,-0.177284,6.199598,125|126|127,0.5616
6797.100354,-0.424596,-23.061408,-0.007191,18.978538,0.034537,0.003494,-6.206907,-0.178159,6.209464,125|126|127,0.5610
6797.117021,-0.424596,-23.061408,-0.007191,18.985477,0.034544,0.003477,-6.213846,-0.178167,6.216400,125|126|127,0.5612
6797.133688,-0.423535,-23.075993,-0.006166,18.992309,0.034536,0.003444,-6.212752,-0.177583,6.215290,125|126|127,0.5621
6797.150354,-0.423535,-23.075994,-0.006165,18.999191,0.034467,0.003412,-6.219633,-0.177514,6.222166,125|126|127,0.5636
6797.183688,-0.425884,-23.095558,-0.006474,19.006224,0.034503,0.003254,-6.216033,-0.178827,6.218605,125|126|127,0.5643
6797.200355,-0.425884,-23.095556,-0.006474,19.013985,0.034931,0.003297,-6.223795,-0.179255,6.226376,125|126|127,0.5640
6797.217021,-0.425352,-23.103243,-0.006720,19.028416,0.035206,0.003335,-6.234048,-0.179241,6.236624,125|126|127,0.5621
6797.233688,-0.418643,-23.132248,-0.005990,19.028416,0.035206,0.003335,-6.218284,-0.175596,6.220763,125|126|127,0.5627
6797.250355,-0.416738,-23.142537,-0.005986,19.035585,0.035408,0.003354,-6.219862,-0.174763,6.222317,125|126|127,0.5627
6797.267021,-0.414375,-23.150227,-0.006262,19.042753,0.035601,0.003361,-6.222851,-0.173673,6.225274,125|126|127,0.5639
6797.283688,-0.411784,-23.158293,-0.005838,19.050052,0.036107,0.003352,-6.225766,-0.172770,6.228163,125|126|127,0.5619
6797.300355,-0.411784,-23.158294,-0.005840,19.063970,0.036005,0.003495,-6.239684,-0.172668,6.242072,125|126|127,0.5608
6797.317021,-0.403090,-23.173103,-0.005910,19.070949,0.035956,0.003494,-6.238614,-0.167895,6.240873,125|126|127,0.5585
6797.333688,-0.408120,-23.183781,-0.007316,19.070949,0.035956,0.003494,-6.232811,-0.170629,6.235146,126|127,0.5650
6797.367021,-0.408119,-23.183781,-0.007315,19.084770,0.035982,0.003438,-6.246632,-0.170655,6.248962,126|127,0.5656
6797.383688,-0.409315,-23.200935,-0.007921,19.092035,0.036203,0.003455,-6.244574,-0.171527,6.246929,126|127,0.5651
6797.400355,-0.409314,-23.200935,-0.007919,19.107464,0.036430,0.003694,-6.260002,-0.171753,6.262358,126|127,0.5654
6797.417021,-0.406562,-23.212462,-0.007308,19.107464,0.036430,0.003694,-6.253737,-0.170258,6.256055,126|127,0.5656
6797.433688,-0.403636,-23.238981,-0.006839,19.114843,0.036602,0.003689,-6.246704,-0.168840,6.248986,126|127,0.5664
6797.450355,-0.401665,-23.249479,-0.006920,19.122166,0.036781,0.003728,-6.248321,-0.167949,6.250578,126|127,0.5654
6797.500355,-0.396423,-23.280266,-0.007051,19.143551,0.037205,0.003869,-6.252974,-0.165525,6.255165,126|127,0.5633
6797.517021,-0.396425,-23.280272,-0.007057,19.157520,0.037261,0.003834,-6.266940,-0.165582,6.269127,126|127,0.5635
6797.533688,-0.394451,-23.294466,-0.006681,19.157520,0.037261,0.003834,-6.259226,-0.164510,6.261387,126|127,0.5623
6797.550355,-0.394449,-23.294463,-0.006675,19.171400,0.037391,0.003899,-6.273108,-0.164639,6.275268,126|127,0.5627
6797.567021,-0.394836,-23.302566,-0.005792,19.171400,0.037391,0.003899,-6.268704,-0.164850,6.270871,126|127,0.5611
6797.583688,-0.395708,-23.311355,-0.006280,19.185289,0.036849,0.003930,-6.277816,-0.164781,6.279979,126|127,0.5621
6797.600355,-0.396980,-23.324979,-0.006065,19.185289,0.036849,0.003930,-6.270412,-0.165473,6.272595,126|127,0.5645
6797.617021,-0.401956,-23.335782,-0.004988,19.199423,0.036086,0.004031,-6.278675,-0.167416,6.280906,126|127,0.5628
6797.633688,-0.407557,-23.346452,-0.004977,19.199423,0.036086,0.004031,-6.272876,-0.170460,6.275191,126|127,0.5624
6797.650355,-0.413192,-23.357316,-0.004641,19.206713,0.036221,0.004046,-6.274261,-0.173658,6.276664,126|127,0.5614
6797.667021,-0.413192,-23.357317,-0.004641,19.218069,0.036171,0.004815,-6.285617,-0.173608,6.288015,126|127,0.5618
6797.683688,-0.411431,-23.385015,-0.003891,19.218069,0.036171,0.004815,-6.270564,-0.172652,6.272941,126|127,0.5629
6797.700355,-0.411508,-23.390510,-0.003851,19.222065,0.036118,0.005434,-6.271574,-0.172641,6.273949,126|127,0.5622
6797.717021,-0.411789,-23.388192,-0.003994,19.224315,0.036077,0.006121,-6.275084,-0.172752,6.277461,126|127,0.5616
6797.733688,-0.411594,-23.391244,-0.002676,19.225172,0.036042,0.006570,-6.274282,-0.172612,6.276656,126|127,0.5608
6797.750355,-0.411257,-23.392586,-0.001745,19.225105,0.036096,0.006567,-6.273486,-0.172482,6.275857,126|127,0.5606
6797.767021,-0.411256,-23.392585,-0.001743,19.224998,0.036187,0.006560,-6.273379,-0.172573,6.275752,126|127,0.5599
6797.783688,-0.410932,-23.391479,-0.002572,19.224998,0.036187,0.006560,-6.273980,-0.172397,6.276348,126|127,0.5611
6797.800355,-0.409963,-23.389779,-0.003185,19.224838,0.036324,0.006551,-6.274744,-0.172007,6.277101,126|127,0.5613
6797.817021,-0.407840,-23.388562,-0.002689,19.224813,0.036333,0.006550,-6.275380,-0.170862,6.277706,126|127,0.5593
6797.833688,-0.407965,-23.388241,-0.003093,19.224813,0.036333,0.006550,-6.275555,-0.170930,6.277883,126|127,0.5598
6797.850355,-0.407969,-23.388190,-0.003327,19.224808,0.036332,0.006549,-6.275577,-0.170932,6.277905,126|127,0.5595
6797.867021,-0.408064,-23.388425,-0.003399,19.224796,0.036331,0.006549,-6.275438,-0.170982,6.277767,126|127,0.5593
6797.883688,-0.408065,-23.388425,-0.003401,19.224792,0.036331,0.006549,-6.275434,-0.170982,6.277763,126|127,0.5583
6797.900355,-0.408259,-23.388987,-0.003721,19.224792,0.036331,0.006549,-6.275129,-0.171088,6.277461,126|127,0.5590
6797.917021,-0.408272,-23.388891,-0.003766,19.224787,0.036330,0.006549,-6.275175,-0.171094,6.277507,126|127,0.5589
6797.933688,-0.408273,-23.388892,-0.003769,19.224775,0.036329,0.006548,-6.275163,-0.171094,6.277495,126|127,0.5579
6797.950355,-0.408585,-23.389459,-0.004166,19.224775,0.036329,0.006548,-6.274855,-0.171263,6.277192,126|127,0.5575
6797.967021,-0.408465,-23.389118,-0.003839,19.224768,0.036328,0.006548,-6.275033,-0.171197,6.277368,126|127,0.5581
6797.983688,-0.408179,-23.388921,-0.003374,19.224762,0.036328,0.006548,-6.275134,-0.171042,6.277465,126|127,0.5586
6798.000355,-0.408392,-23.389189,-0.003697,19.224754,0.036327,0.006548,-6.274981,-0.171157,6.277314,126|127,0.5581
6798.017021,-0.408392,-23.389189,-0.003698,19.224748,0.036326,0.006548,-6.274975,-0.171156,6.277309,126|127,0.5574
6798.033688,-0.408544,-23.389515,-0.003978,19.224739,0.036326,0.006548,-6.274788,-0.171238,6.277124,126|127,0.5576
6798.050355,-0.408542,-23.389515,-0.003973,19.224739,0.036326,0.006548,-6.274788,-0.171236,6.277124,126|127,0.5579
6798.067021,-0.408413,-23.389628,-0.003665,19.224726,0.036324,0.006548,-6.274713,-0.171165,6.277048,126|127,0.5573
6798.100355,-0.408571,-23.389734,-0.004001,19.224720,0.036323,0.006548,-6.274650,-0.171250,6.276987,126|127,0.5571
6798.117021,-0.408424,-23.389430,-0.003964,19.224720,0.036323,0.006548,-6.274816,-0.171170,6.277150,126|127,0.5577
