t,x,y,yaw,odom_x,odom_y,odom_yaw,error_x,error_y,error_dist,tags_used,quality
7311.183715,-0.166328,0.366812,0.000807,-0.000000,0.000000,0.000000,0.000000,-0.000000,0.000000,0|1,0.5591
7311.200381,-0.170501,0.357353,0.000879,-0.000000,0.000000,0.000000,0.005139,-0.002272,0.005619,0|1,0.5610
7311.217048,-0.175678,0.348558,0.000618,0.006920,-0.000090,0.000023,0.002996,-0.004999,0.005828,0|1,0.5597
7311.233715,-0.175679,0.348559,0.000619,0.020425,0.001266,0.000172,-0.010509,-0.006356,0.012281,0|1,0.5617
7311.267048,-0.159573,0.323232,0.002538,0.026963,0.000872,0.000153,-0.003275,0.002780,0.004296,0|1,0.5629
7311.300381,-0.159573,0.323232,0.002538,0.040188,-0.000038,0.000182,-0.016500,0.003690,0.016908,0|1,0.5625
7311.333715,-0.185937,0.289738,0.002393,0.054146,0.000015,0.000330,-0.012267,-0.010706,0.016282,0|1,0.5599
7311.350381,-0.185937,0.289740,0.002392,0.061135,0.000935,0.000297,-0.019257,-0.011626,0.022494,0|1,0.5598
7311.367048,-0.164328,0.271758,0.002342,0.074552,0.000583,0.000854,-0.022892,0.000462,0.022896,0|1|2,0.5576
7311.383715,-0.164329,0.271752,0.002343,0.081387,0.000041,0.001322,-0.029724,0.001003,0.029740,0|1|2,0.5613
7311.400381,-0.171120,0.255453,0.003470,0.088432,0.000313,0.001466,-0.027914,-0.002967,0.028071,0|1|2,0.5624
7311.417048,-0.178753,0.246703,0.003828,0.095524,0.000895,0.001587,-0.030253,-0.007701,0.031218,0|1|2,0.5632
7311.450381,-0.166420,0.229279,0.004589,0.109236,0.000185,0.001768,-0.034490,-0.000295,0.034491,0|1|2,0.5629
7311.483715,-0.176635,0.212224,0.003048,0.115903,-0.000471,0.001837,-0.031893,-0.005198,0.032314,0|1|2,0.5622
7311.500381,-0.176635,0.212224,0.003049,0.122679,-0.001145,0.002218,-0.038668,-0.004524,0.038932,0|1|2,0.5622
7311.517048,-0.194818,0.195825,0.003147,0.137222,0.000282,0.001513,-0.044307,-0.015841,0.047054,0|1|2,0.5618
7311.533715,-0.184098,0.186990,0.002828,0.144129,0.000388,0.001649,-0.046407,-0.010125,0.047499,0|1|2,0.5609
7311.550381,-0.184099,0.186989,0.002832,0.150977,-0.000119,0.001612,-0.053256,-0.009618,0.054117,0|1|2,0.5594
7311.583715,-0.180229,0.159784,0.003827,0.157707,-0.000667,0.001680,-0.045198,-0.006978,0.045733,0|1|2,0.5604
7311.600381,-0.180229,0.159784,0.003827,0.164471,-0.000526,0.001723,-0.051962,-0.007119,0.052448,0|1|2,0.5605
7311.633715,-0.176560,0.134282,0.003613,0.178235,0.000444,0.002044,-0.051865,-0.006107,0.052223,0|1|2,0.5606
7311.650381,-0.176560,0.134283,0.003612,0.185093,-0.000059,0.002073,-0.058723,-0.005604,0.058990,0|1|2,0.5611
7311.667048,-0.180705,0.116670,0.004720,0.198932,-0.001195,0.002168,-0.062991,-0.006728,0.063350,0|1|2,0.5609
7311.683715,-0.188404,0.107889,0.004124,0.205960,-0.000483,0.002224,-0.065251,-0.011628,0.066279,0|1|2,0.5609
7311.700381,-0.196894,0.098976,0.004214,0.213029,0.000379,0.002218,-0.067480,-0.017108,0.069615,0|1|2,0.5602
7311.717048,-0.186527,0.090657,0.003568,0.219964,0.001176,0.002294,-0.069889,-0.012275,0.070959,0|1|2,0.5600
7311.733715,-0.174660,0.081615,0.004092,0.219964,0.001176,0.002294,-0.064970,-0.005829,0.065231,0|1|2,0.5601
7311.750381,-0.163584,0.072691,0.003757,0.233232,-0.000179,0.002785,-0.073383,0.001541,0.073399,0|1|2,0.5597
7311.767048,-0.174753,0.064527,0.004451,0.240552,0.000234,0.002347,-0.076270,-0.004945,0.076430,0|1|2,0.5597
7311.783715,-0.174753,0.064527,0.004453,0.247615,0.000709,0.002602,-0.083333,-0.005420,0.083509,0|1|2,0.5614
7311.800381,-0.178243,0.047517,0.003827,0.247615,0.000709,0.002602,-0.074090,-0.007324,0.074451,0|1|2,0.5622
7311.817048,-0.170883,0.038512,0.004299,0.254426,0.001138,0.002804,-0.076004,-0.003758,0.076097,0|1|2,0.5620
7311.833715,-0.164894,0.030005,0.004832,0.267717,0.000739,0.002934,-0.084669,-0.000108,0.084669,0|1|2,0.5633
7311.850381,-0.159498,0.021777,0.005744,0.274702,0.000226,0.003111,-0.087180,0.003335,0.087244,0|1|2,0.5628
7311.867048,-0.173025,0.011333,0.008387,0.274702,0.000226,0.003111,-0.081510,-0.004021,0.081609,0|1|2|4,0.5491
7311.883715,-0.178250,0.004300,0.005631,0.281806,0.000591,0.003451,-0.084794,-0.007229,0.085102,0|1|2|3|4,0.5561
7311.900381,-0.178178,0.004300,0.005467,0.295626,0.001207,0.004157,-0.098614,-0.007806,0.098923,0|1|2|3|4,0.5637
7311.917048,-0.174278,-0.004601,0.008664,0.295626,0.001207,0.004157,-0.093775,-0.005691,0.093947,0|1|2|3|4,0.5636
7311.933715,-0.169603,-0.013641,0.008589,0.308760,0.000906,0.004558,-0.101994,-0.002853,0.102034,0|1|2|3|4,0.5631
7311.967048,-0.170898,-0.038429,0.009391,0.322952,0.001810,0.004897,-0.102714,-0.004472,0.102811,0|1|2|3|4,0.5610
7311.983715,-0.165737,-0.046589,0.009275,0.322952,0.001810,0.004897,-0.098277,-0.001670,0.098291,0|1|2|3|4,0.5631
7312.000381,-0.158004,-0.055896,0.009504,0.329818,0.002306,0.005139,-0.100082,0.002032,0.100103,0|1|2|3|4,0.5636
7312.017048,-0.158004,-0.055896,0.009503,0.343208,0.002764,0.005493,-0.113472,0.001575,0.113483,0|1|2|3|4,0.5633
7312.033715,-0.145749,-0.072590,0.010535,0.343208,0.002764,0.005493,-0.104394,0.008228,0.104718,0|1|2|3|4,0.5625
7312.050381,-0.146357,-0.081006,0.010482,0.357117,0.001784,0.006207,-0.113729,0.008873,0.114075,0|1|2|3|4,0.5617
7312.067048,-0.160228,-0.089376,0.010520,0.364266,0.001804,0.006601,-0.116335,0.001311,0.116342,0|1|2|3|4,0.5620
7312.100381,-0.160229,-0.089376,0.010519,0.378310,0.001828,0.007239,-0.130379,0.001287,0.130386,0|1|2|3|4,0.5636
7312.117048,-0.159027,-0.107706,0.010670,0.378310,0.001828,0.007239,-0.120417,0.001932,0.120432,0|1|2|3|4,0.5632
7312.133715,-0.159204,-0.116580,0.010638,0.385305,0.001916,0.007664,-0.122589,0.001744,0.122601,0|1|2|3|4,0.5630
7312.150381,-0.158341,-0.133717,0.010845,0.392184,0.002069,0.007998,-0.120154,0.002052,0.120172,0|1|2|3|4,0.5617
7312.167048,-0.157908,-0.142609,0.010417,0.399117,0.002123,0.008185,-0.122255,0.002229,0.122275,0|1|2|3|4,0.5628
7312.183715,-0.157909,-0.142609,0.010419,0.406025,0.002099,0.008237,-0.129163,0.002253,0.129182,0|1|2|3|4,0.5638
7312.200381,-0.159469,-0.159927,0.010346,0.412996,0.002035,0.008254,-0.126722,0.001462,0.126730,0|1|2|3|4,0.5642
7312.217048,-0.161087,-0.168662,0.009942,0.420030,0.001931,0.008482,-0.129010,0.000683,0.129012,0|1|2|3|4,0.5630
7312.250381,-0.161086,-0.168661,0.009941,0.440931,0.001854,0.009590,-0.149911,0.000760,0.149913,0|1|2|3|4,0.5612
7312.267048,-0.156594,-0.186155,0.010476,0.440931,0.001854,0.009590,-0.140401,0.003194,0.140437,0|1|2|3|4,0.5621
7312.283715,-0.167605,-0.203753,0.010790,0.447940,0.001462,0.009580,-0.137852,-0.002406,0.137873,0|1|2|3|4,0.5630
7312.300381,-0.167606,-0.203753,0.010792,0.461555,0.002083,0.009825,-0.151466,-0.003027,0.151497,0|1|2|3|4,0.5626
7312.317048,-0.174128,-0.212666,0.012000,0.468227,0.003102,0.009837,-0.153297,-0.007595,0.153485,0|1|2|3|4,0.5614
7312.367048,-0.156520,-0.246151,0.013414,0.481596,0.002732,0.009799,-0.148459,0.002330,0.148478,0|1|2|3|4,0.5622
7312.383715,-0.160591,-0.254667,0.013430,0.495253,0.002180,0.009773,-0.157491,0.000665,0.157492,0|1|2|3|4,0.5630
7312.400381,-0.165282,-0.263228,0.012826,0.502198,0.002642,0.009857,-0.159784,-0.002350,0.159801,0|1|2|3|4,0.5632
7312.417048,-0.164479,-0.264709,0.011284,0.502198,0.002642,0.009857,-0.158979,-0.001915,0.158991,0|1|2|3|4|5,0.5616
7312.433715,-0.163806,-0.280466,0.011523,0.508982,0.003043,0.010124,-0.157200,-0.001956,0.157212,0|1|2|3|4|5,0.5613
7312.450381,-0.163806,-0.280466,0.011524,0.522246,0.002438,0.010208,-0.170464,-0.001352,0.170469,0|1|2|3|4|5,0.5610
7312.467048,-0.165117,-0.297612,0.010922,0.529039,0.002093,0.010581,-0.167938,-0.001727,0.167947,0|1|2|3|4|5,0.5627
7312.483715,-0.170548,-0.305816,0.010821,0.536083,0.002324,0.010732,-0.170527,-0.004913,0.170597,0|1|2|3|4|5,0.5630
7312.500381,-0.176112,-0.314325,0.011044,0.543191,0.003143,0.010859,-0.173013,-0.008759,0.173234,0|1|2|3|4|5,0.5632
7312.517048,-0.173156,-0.322854,0.011642,0.543191,0.003143,0.010859,-0.168376,-0.007156,0.168528,0|1|2|3|4|5,0.5643
7312.550381,-0.173157,-0.322853,0.011641,0.556848,0.003925,0.011176,-0.182033,-0.007939,0.182206,0|1|2|3|4|5,0.5619
7312.567048,-0.154621,-0.348988,0.012038,0.563421,0.003290,0.011158,-0.174394,0.002758,0.174416,0|1|2|3|4|5,0.5622
7312.583715,-0.164697,-0.357211,0.011943,0.577253,0.003108,0.011577,-0.183762,-0.002540,0.183780,0|1|2|3|4|5,0.5623
7312.600381,-0.175261,-0.365863,0.012148,0.577253,0.003108,0.011577,-0.179065,-0.008285,0.179256,0|1|2|3|4|5,0.5616
7312.617048,-0.175261,-0.365864,0.012148,0.591174,0.003890,0.011794,-0.192985,-0.009066,0.193198,0|1|2|3|4|5,0.5632
7312.633715,-0.168535,-0.374176,0.012293,0.597957,0.003391,0.011779,-0.195247,-0.004916,0.195309,0|1|2|3|4|5,0.5628
7312.650381,-0.158967,-0.383257,0.012317,0.604610,0.002864,0.011812,-0.196961,0.000808,0.196963,0|1|2|3|4|5,0.5633
7312.667048,-0.167946,-0.400451,0.012125,0.604610,0.002864,0.011812,-0.187621,-0.004080,0.187665,0|1|2|3|4|5,0.5645
7312.683715,-0.176744,-0.408806,0.012326,0.618241,0.003389,0.011946,-0.196715,-0.009390,0.196939,0|1|2|3|4|5,0.5641
7312.700381,-0.176743,-0.408806,0.012326,0.625279,0.004009,0.011963,-0.203752,-0.010010,0.203998,0|1|2|3|4|5,0.5638
7312.733715,-0.162813,-0.434235,0.012869,0.638950,0.003275,0.012104,-0.203597,-0.001716,0.203604,0|1|2|3|4|5,0.5633
7312.750381,-0.165238,-0.442952,0.013087,0.638950,0.003275,0.012104,-0.198861,-0.003038,0.198884,0|1|2|3|4|5,0.5638
7312.767048,-0.165237,-0.442951,0.013084,0.652999,0.002809,0.012075,-0.212910,-0.002572,0.212925,0|1|2|3|4|5,0.5641
7312.783715,-0.176068,-0.451756,0.012703,0.660166,0.003564,0.012074,-0.215297,-0.009217,0.215494,0|1|2|3|4|5,0.5642
7312.800381,-0.184820,-0.468914,0.012921,0.660166,0.003564,0.012074,-0.205976,-0.013981,0.206450,0|1|2|3|4|5,0.5643
7312.817048,-0.175309,-0.477947,0.013354,0.674513,0.003463,0.012176,-0.215409,-0.008714,0.215585,0|1|2|3|4|5,0.5632
7312.850381,-0.179299,-0.496330,0.013632,0.681729,0.003137,0.012230,-0.212636,-0.010565,0.212898,0|1|2|3|4|5,0.5622
7312.867048,-0.185022,-0.505364,0.012987,0.688824,0.003798,0.012233,-0.214824,-0.014341,0.215302,0|1|2|3|4|5,0.5624
7312.883715,-0.185022,-0.505365,0.012988,0.702938,0.005884,0.012224,-0.228937,-0.016426,0.229525,0|1|2|3|4|5,0.5635
7312.900381,-0.176895,-0.513626,0.012672,0.709966,0.006046,0.012221,-0.231472,-0.012175,0.231792,0|1|2|3|4|5,0.5630
7312.917048,-0.163026,-0.522702,0.012624,0.717000,0.005257,0.012209,-0.233568,-0.003853,0.233599,0|1|2|3|4|5,0.5627
7312.933715,-0.149172,-0.541300,0.013668,0.724076,0.004509,0.012199,-0.230530,0.004416,0.230572,0|1|2|3|4|5|7,0.5563
7312.950381,-0.148272,-0.542075,0.012278,0.731197,0.005039,0.012002,-0.237229,0.004375,0.237270,0|1|2|3|4|5|6|7,0.5619
7312.967048,-0.172546,-0.558479,0.013415,0.738389,0.005665,0.011994,-0.235517,-0.009450,0.235706,0|1|2|3|4|5|6|7,0.5602
7312.983715,-0.172437,-0.559114,0.013645,0.745563,0.006271,0.012004,-0.242345,-0.009998,0.242551,2|3|4|5|6|7,0.5640
7313.000381,-0.157549,-0.576923,0.013967,0.745563,0.006271,0.012004,-0.232660,-0.001914,0.232668,2|3|4|5|6|7,0.5638
7313.017048,-0.150052,-0.585775,0.014129,0.752715,0.005629,0.012037,-0.234997,0.002798,0.235014,2|3|4|5|6|7,0.5622
7313.033715,-0.160565,-0.594822,0.015119,0.766801,0.004882,0.011988,-0.244172,-0.002172,0.244182,2|3|4|5|6|7,0.5615
7313.050381,-0.172352,-0.604185,0.014907,0.766801,0.004882,0.011988,-0.239089,-0.008582,0.239243,2|3|4|5|6|7,0.5617
7313.067048,-0.172352,-0.604185,0.014906,0.780897,0.006962,0.012095,-0.253184,-0.010662,0.253408,2|3|4|5|6|7,0.5615
7313.083715,-0.172573,-0.611959,0.014708,0.787866,0.007809,0.012150,-0.255929,-0.011632,0.256193,2|3|4|5|6|7,0.5623
7313.100381,-0.145410,-0.629990,0.014461,0.794980,0.007443,0.012087,-0.253231,0.003488,0.253255,2|3|4|5|6|7,0.5620
7313.133715,-0.145410,-0.629990,0.014460,0.809274,0.007243,0.011983,-0.267526,0.003688,0.267551,2|3|4|5|6|7,0.5616
7313.150381,-0.147524,-0.656780,0.014154,0.816517,0.007961,0.011976,-0.260209,0.001810,0.260216,2|3|4|5|6|7,0.5620
7313.167048,-0.145594,-0.665147,0.014031,0.823666,0.008446,0.012115,-0.262810,0.002370,0.262821,2|3|4|5|6|7,0.5630
7313.183715,-0.136745,-0.674249,0.014333,0.823666,0.008446,0.012115,-0.257859,0.007175,0.257959,2|3|4|5|6|7,0.5619
7313.217048,-0.144133,-0.692467,0.013857,0.844734,0.006905,0.012296,-0.269030,0.004692,0.269071,2|3|4|5|6|7,0.5620
7313.233715,-0.144133,-0.692467,0.013856,0.851899,0.007439,0.012353,-0.276194,0.004158,0.276225,2|3|4|5|6|7,0.5623
7313.250381,-0.156518,-0.701384,0.013825,0.858867,0.007946,0.012425,-0.278322,-0.003083,0.278339,2|3|4|5|6|7,0.5631
7313.267048,-0.150094,-0.718712,0.013348,0.858867,0.007946,0.012425,-0.268902,0.000400,0.268902,2|3|4|5|6|7,0.5633
7313.283715,-0.143930,-0.727619,0.013093,0.865753,0.008051,0.012391,-0.270944,0.003642,0.270968,2|3|4|5|6|7,0.5626
7313.300381,-0.143930,-0.727619,0.013093,0.872728,0.007334,0.012392,-0.277920,0.004359,0.277954,2|3|4|5|6|7,0.5620
7313.317048,-0.155191,-0.745199,0.013214,0.879852,0.006648,0.012417,-0.275493,-0.001083,0.275495,2|3|4|5|6|7,0.5627
7313.333715,-0.165803,-0.753766,0.012795,0.886955,0.007164,0.012599,-0.277946,-0.007371,0.278043,2|3|4|5|6|7,0.5621
7313.350381,-0.165804,-0.753766,0.012796,0.901411,0.008206,0.012666,-0.292401,-0.008413,0.292522,2|3|4|5|6|7,0.5615
7313.367048,-0.159966,-0.762566,0.012627,0.908512,0.007524,0.012666,-0.294717,-0.004562,0.294753,2|3|4|5|6|7,0.5605
7313.383715,-0.153793,-0.771736,0.013410,0.915417,0.007003,0.012591,-0.296636,-0.000690,0.296637,2|3|4|5|6|7,0.5599
7313.400381,-0.147651,-0.780688,0.013642,0.922468,0.007496,0.012603,-0.298819,0.002150,0.298826,2|3|4|5|6|7,0.5594
7313.417048,-0.166372,-0.797652,0.013936,0.922468,0.007496,0.012603,-0.289607,-0.008031,0.289719,2|3|4|5|6|7,0.5601
7313.433715,-0.166372,-0.797652,0.013938,0.936426,0.008460,0.012645,-0.303566,-0.008995,0.303699,2|3|4|5|6|7,0.5606
7313.450381,-0.154558,-0.815936,0.014029,0.936426,0.008460,0.012645,-0.293623,-0.002582,0.293635,2|3|4|5|6|7,0.5609
7313.467048,-0.148639,-0.825140,0.013609,0.950416,0.008215,0.012577,-0.302609,0.000875,0.302610,2|3|4|5|6|7|8,0.5600
7313.483715,-0.143230,-0.833906,0.013555,0.950416,0.008215,0.012577,-0.297842,0.003811,0.297867,2|3|4|5|6|7|8,0.5590
7313.500381,-0.154820,-0.842094,0.013157,0.964416,0.007865,0.012466,-0.307397,-0.002141,0.307404,2|3|4|5|6|7|8,0.5548
7313.517048,-0.154911,-0.842804,0.012669,0.971452,0.008555,0.012462,-0.314048,-0.002881,0.314061,3|4|5|6|7|8,0.5612
7313.550381,-0.152742,-0.868614,0.012248,0.978490,0.009244,0.012473,-0.307058,-0.002402,0.307067,3|4|5|6|7|8,0.5619
7313.567048,-0.143350,-0.877312,0.009462,0.985466,0.008671,0.012528,-0.309302,0.003271,0.309320,3|4|5|6|7|8,0.5606
7313.583715,-0.153575,-0.886404,0.009881,0.992489,0.007955,0.012565,-0.311388,-0.001574,0.311392,3|4|5|6|7|8,0.5614
7313.600381,-0.153573,-0.886404,0.009876,1.006530,0.008537,0.012624,-0.325429,-0.002155,0.325437,3|4|5|6|7|8,0.5617
7313.617048,-0.165102,-0.903397,0.012971,1.006530,0.008537,0.012624,-0.316199,-0.008429,0.316312,3|4|5|6|7|8,0.5625
7313.633715,-0.159277,-0.912484,0.013039,1.020416,0.009479,0.012600,-0.325143,-0.006208,0.325203,3|4|5|6|7|8,0.5620
7313.650381,-0.153483,-0.921366,0.013228,1.020416,0.009479,0.012600,-0.320313,-0.003063,0.320328,3|4|5|6|7|8,0.5614
7313.667048,-0.147980,-0.930340,0.013543,1.034229,0.008579,0.012662,-0.329247,0.000823,0.329248,3|4|5|6|7|8,0.5602
7313.683715,-0.147981,-0.930340,0.013543,1.034229,0.008579,0.012662,-0.329247,0.000823,0.329248,3|4|5|6|7|8,0.5601
7313.700381,-0.149846,-0.938839,0.013835,1.048379,0.009454,0.012675,-0.338779,-0.001069,0.338781,3|4|5|6|7|8,0.5606
7313.717048,-0.160425,-0.955370,0.014175,1.048379,0.009454,0.012675,-0.329800,-0.006826,0.329870,3|4|5|6|7|8,0.5618
7313.733715,-0.160425,-0.955370,0.014176,1.055576,0.009978,0.012665,-0.336997,-0.007350,0.337077,3|4|5|6|7|8,0.5625
7313.750381,-0.147984,-0.973870,0.013875,1.062794,0.009613,0.012644,-0.334155,-0.000232,0.334155,3|4|5|6|7|8,0.5616
7313.767048,-0.147984,-0.973870,0.013873,1.077018,0.008565,0.012490,-0.348379,0.000816,0.348380,3|4|5|6|7|8,0.5623
7313.783715,-0.165654,-0.992326,0.013542,1.077018,0.008565,0.012490,-0.338356,-0.008795,0.338470,3|4|5|6|7|8,0.5625
7313.800381,-0.170504,-1.000393,0.013546,1.090838,0.009596,0.012469,-0.347794,-0.012466,0.348017,3|4|5|6|7|8,0.5630
7313.817048,-0.164334,-1.009230,0.013085,1.090838,0.009596,0.012469,-0.342988,-0.009117,0.343109,3|4|5|6|7|8,0.5633
7313.833715,-0.158183,-1.018058,0.012620,1.104869,0.009266,0.012340,-0.352220,-0.005448,0.352262,3|4|5|6|7|8,0.5629
7313.850381,-0.158184,-1.018058,0.012622,1.111974,0.008467,0.012342,-0.359324,-0.004648,0.359354,3|4|5|6|7|8,0.5622
7313.867048,-0.166082,-1.036289,0.014002,1.111974,0.008467,0.012342,-0.349419,-0.008949,0.349534,3|4|5|6|7|8,0.5619
7313.883715,-0.178639,-1.045225,0.014282,1.118917,0.008558,0.012341,-0.351512,-0.015868,0.351870,3|4|5|6|7|8,0.5615
7313.900381,-0.177922,-1.053108,0.014954,1.126054,0.009227,0.012397,-0.354364,-0.016151,0.354732,3|4|5|6|7|8,0.5622
7313.917048,-0.177922,-1.053108,0.014955,1.140430,0.009368,0.012466,-0.368740,-0.016292,0.369100,3|4|5|6|7|8,0.5622
7313.933715,-0.162769,-1.071813,0.014012,1.140430,0.009368,0.012466,-0.358568,-0.008065,0.358658,3|4|5|6|7|8,0.5620
7313.950381,-0.169891,-1.080947,0.013604,1.154727,0.009459,0.012520,-0.367903,-0.012031,0.368100,3|4|5|6|7|8,0.5615
7313.983715,-0.170544,-1.098137,0.012659,1.161860,0.010457,0.012513,-0.365695,-0.013392,0.365940,3|4|5|6|7|8|9|10,0.5557
7314.033715,-0.137039,-1.125220,0.012697,1.190186,0.010471,0.012485,-0.379287,0.004792,0.379317,5|6|7|8|9|10,0.5617
7314.050381,-0.150127,-1.134316,0.013152,1.190186,0.010471,0.012485,-0.374349,-0.002325,0.374356,5|6|7|8|9|10,0.5617
7314.083715,-0.157830,-1.151409,0.013984,1.204481,0.011453,0.012455,-0.379357,-0.007501,0.379432,5|6|7|8|9|10,0.5630
7314.100381,-0.151028,-1.160718,0.013858,1.211675,0.011993,0.012464,-0.381489,-0.004349,0.381514,5|6|7|8|9|10,0.5628
7314.117048,-0.151028,-1.160718,0.013857,1.218850,0.011723,0.012482,-0.388665,-0.004079,0.388686,5|6|7|8|9|10,0.5623
7314.133715,-0.149765,-1.179266,0.013290,1.226004,0.010894,0.012490,-0.385737,-0.002571,0.385746,5|6|7|8|9|10,0.5612
7314.150381,-0.149766,-1.179266,0.013296,1.240005,0.011680,0.012480,-0.399738,-0.003357,0.399752,5|6|7|8|9|10,0.5613
7314.167048,-0.165854,-1.195409,0.012993,1.246958,0.012672,0.012587,-0.397925,-0.013100,0.398141,5|6|7|8|9|10,0.5622
7314.183715,-0.153113,-1.204402,0.012742,1.253966,0.013626,0.012621,-0.400040,-0.007134,0.400103,5|6|7|8|9|10,0.5622
7314.200381,-0.140259,-1.213449,0.012972,1.253966,0.013626,0.012621,-0.395117,-0.000152,0.395117,5|6|7|8|9|10,0.5619
7314.217048,-0.128038,-1.221968,0.012731,1.261173,0.013435,0.012617,-0.397689,0.006677,0.397745,5|6|7|8|9|10,0.5622
7314.233715,-0.128039,-1.221968,0.012733,1.275569,0.012968,0.012439,-0.412085,0.007144,0.412147,5|6|7|8|9|10,0.5633
7314.267048,-0.139938,-1.248618,0.013690,1.282697,0.013675,0.012371,-0.404735,-0.000042,0.404735,5|6|7|8|9|10,0.5624
7314.300381,-0.139938,-1.248617,0.013688,1.296694,0.013693,0.012341,-0.418732,-0.000060,0.418732,5|6|7|8|9|10,0.5615
7314.317048,-0.122390,-1.267006,0.013584,1.303645,0.012975,0.012252,-0.415681,0.010187,0.415806,5|6|7|8|9|10,0.5614
7314.333715,-0.144800,-1.284966,0.012808,1.310481,0.012494,0.012196,-0.412767,-0.001520,0.412769,5|6|7|8|9|10,0.5627
7314.350381,-0.152237,-1.292542,0.012807,1.317268,0.013070,0.012242,-0.415440,-0.006140,0.415485,5|6|7|8|9|10,0.5622
7314.367048,-0.144815,-1.301457,0.012546,1.324238,0.013677,0.012233,-0.417561,-0.002717,0.417570,5|6|7|8|9|10,0.5622
7314.383715,-0.144815,-1.301457,0.012546,1.331247,0.014081,0.012255,-0.424570,-0.003122,0.424582,5|6|7|8|9|10,0.5618
7314.400381,-0.137301,-1.310353,0.012254,1.338073,0.013472,0.012115,-0.426558,0.001568,0.426561,5|6|7|8|9|10,0.5608
7314.417048,-0.143808,-1.328432,0.011862,1.351605,0.012753,0.012143,-0.430268,-0.001258,0.430269,5|6|7|8|9|10,0.5619
7314.433715,-0.143808,-1.328432,0.011863,1.358521,0.013398,0.012177,-0.437183,-0.001902,0.437187,5|6|7|8|9|10,0.5620
7314.450381,-0.155585,-1.344326,0.012126,1.365555,0.014083,0.012180,-0.435585,-0.008995,0.435677,5|6|7|8|9|10,0.5618
7314.467048,-0.147652,-1.353229,0.012509,1.365555,0.014083,0.012180,-0.430743,-0.004687,0.430768,5|6|7|8|9|10,0.5624
7314.483715,-0.138986,-1.361619,0.012588,1.372737,0.013679,0.012185,-0.433360,0.000422,0.433361,5|6|7|8|9|10,0.5621
7314.500381,-0.145831,-1.371769,0.012673,1.379746,0.012909,0.012009,-0.434856,-0.002532,0.434864,5|6|7|8|9|10|11,0.5581
7314.517048,-0.157845,-1.380359,0.012395,1.386495,0.012810,0.011936,-0.436943,-0.008966,0.437035,5|6|7|8|9|10|11,0.5622
7314.533715,-0.159577,-1.387211,0.011750,1.393373,0.013467,0.011944,-0.440097,-0.010568,0.440224,5|6|7|8|9|10|11,0.5582
7314.550381,-0.150998,-1.396487,0.012267,1.407321,0.014838,0.011985,-0.449000,-0.007280,0.449059,6|7|8|9|10|11,0.5630
7314.567048,-0.150998,-1.396486,0.012268,1.414386,0.014332,0.011809,-0.456066,-0.006775,0.456116,6|7|8|9|10|11,0.5628
7314.583715,-0.142407,-1.405273,0.012444,1.421418,0.013832,0.011607,-0.458318,-0.001609,0.458320,6|7|8|9|10|11,0.5620
7314.600381,-0.142940,-1.423678,0.012819,1.421418,0.013832,0.011607,-0.448315,-0.001907,0.448319,6|7|8|9|10|11,0.5616
7314.617048,-0.142940,-1.423679,0.012819,1.435114,0.014005,0.011422,-0.462012,-0.002079,0.462017,6|7|8|9|10|11,0.5613
7314.633715,-0.160065,-1.441848,0.012346,1.441986,0.014896,0.011424,-0.459016,-0.012285,0.459181,6|7|8|9|10|11,0.5596
7314.650381,-0.150155,-1.448575,0.012122,1.441986,0.014896,0.011424,-0.455356,-0.006903,0.455408,6|7|8|9|10|11,0.5611
7314.683715,-0.150155,-1.448574,0.012122,1.455944,0.014042,0.011393,-0.469315,-0.006050,0.469354,6|7|8|9|10|11,0.5624
7314.700381,-0.153379,-1.475642,0.012417,1.469828,0.013854,0.011482,-0.468489,-0.007625,0.468551,6|7|8|9|10|11,0.5635
7314.717048,-0.153378,-1.475642,0.012418,1.476788,0.014604,0.011507,-0.475449,-0.008375,0.475522,6|7|8|9|10|11,0.5627
7314.733715,-0.161316,-1.484616,0.012080,1.476788,0.014604,0.011507,-0.470575,-0.012693,0.470746,6|7|8|9|10|11,0.5618
7314.750381,-0.148264,-1.501011,0.012813,1.483635,0.015308,0.011476,-0.468506,-0.006310,0.468549,6|7|8|9|10|11,0.5619
7314.767048,-0.148264,-1.501010,0.012812,1.497346,0.014886,0.011479,-0.482218,-0.005888,0.482254,6|7|8|9|10|11,0.5614
7314.783715,-0.137525,-1.518933,0.012893,1.497346,0.014886,0.011479,-0.472473,-0.000060,0.472473,6|7|8|9|10|11,0.5610
7314.800381,-0.137525,-1.518933,0.012894,1.504287,0.014225,0.011520,-0.479413,0.000602,0.479414,6|7|8|9|10|11,0.5617
7314.833715,-0.148362,-1.527599,0.012889,1.525647,0.015333,0.011425,-0.496069,-0.006400,0.496110,6|7|8|9|10|11,0.5615
7314.867048,-0.146200,-1.563240,0.012799,1.532877,0.014874,0.011380,-0.483928,-0.004781,0.483952,6|7|8|9|10|11,0.5631
7314.883715,-0.146199,-1.563240,0.012802,1.546926,0.014182,0.011485,-0.497976,-0.004090,0.497993,6|7|8|9|10|11,0.5633
7314.900382,-0.153740,-1.572085,0.012887,1.546926,0.014182,0.011485,-0.493172,-0.008192,0.493240,6|7|8|9|10|11,0.5625
7314.917048,-0.165097,-1.588804,0.012699,1.560788,0.015733,0.011372,-0.497953,-0.015922,0.498208,6|7|8|9|10|11,0.5623
7314.933715,-0.153866,-1.597619,0.012643,1.560788,0.015733,0.011372,-0.493157,-0.009822,0.493255,6|7|8|9|10|11,0.5618
7314.950382,-0.145117,-1.607302,0.012729,1.567780,0.015273,0.011154,-0.494883,-0.004611,0.494904,6|7|8|9|10|11,0.5627
7314.967048,-0.153202,-1.615995,0.011751,1.574893,0.014826,0.011094,-0.497276,-0.008562,0.497349,6|7|8|9|10|11,0.5638
7314.983715,-0.160663,-1.624888,0.011589,1.582048,0.014381,0.011087,-0.499601,-0.012177,0.499749,6|7|8|9|10|11,0.5635
7315.000382,-0.168171,-1.633739,0.011516,1.588968,0.014338,0.010885,-0.501713,-0.016217,0.501975,6|7|8|9|10|11,0.5625
7315.017048,-0.168997,-1.641948,0.011238,1.596188,0.015133,0.010838,-0.504473,-0.017465,0.504775,6|7|8|9|10|11|13,0.5553
7315.033715,-0.169015,-1.642006,0.011208,1.610759,0.014926,0.010878,-0.519012,-0.017268,0.519299,6|7|8|9|10|11|13,0.5630
7315.067048,-0.158657,-1.651673,0.010168,1.625135,0.015292,0.010909,-0.528129,-0.012009,0.528266,6|7|8|9|10|11|12|13,0.5516
7315.083715,-0.165289,-1.678321,0.010547,1.625135,0.015292,0.010909,-0.513649,-0.015625,0.513887,8|9|10|11|12|13,0.5630
7315.100382,-0.160614,-1.686220,0.010679,1.632278,0.016654,0.010936,-0.516498,-0.014449,0.516700,8|9|10|11|12|13,0.5632
7315.117048,-0.142474,-1.695372,0.010972,1.646652,0.017028,0.010964,-0.525890,-0.004969,0.525913,8|9|10|11|12|13,0.5620
7315.133715,-0.142474,-1.695371,0.010974,1.646652,0.017028,0.010964,-0.525890,-0.004969,0.525914,8|9|10|11|12|13,0.5625
7315.150382,-0.139761,-1.714428,0.009785,1.660972,0.016148,0.010937,-0.529852,-0.002622,0.529859,8|9|10|11|12|13,0.5636
7315.167048,-0.139760,-1.714428,0.009786,1.660972,0.016148,0.010937,-0.529852,-0.002622,0.529859,8|9|10|11|12|13,0.5633
7315.183715,-0.153971,-1.732317,0.009399,1.675254,0.017438,0.010938,-0.534418,-0.011643,0.534545,8|9|10|11|12|13,0.5622
7315.200382,-0.153971,-1.732317,0.009397,1.675254,0.017438,0.010938,-0.534418,-0.011643,0.534545,8|9|10|11|12|13,0.5630
7315.217048,-0.137257,-1.749594,0.009472,1.689568,0.016920,0.011027,-0.539336,-0.002049,0.539340,8|9|10|11|12|13,0.5621
7315.233715,-0.137258,-1.749594,0.009470,1.689568,0.016920,0.011027,-0.539336,-0.002049,0.539340,8|9|10|11|12|13,0.5629
7315.250382,-0.139356,-1.759385,0.010112,1.703669,0.016136,0.010987,-0.548116,-0.002410,0.548121,8|9|10|11|12|13,0.5624
7315.267048,-0.153938,-1.777236,0.010620,1.703669,0.016136,0.010987,-0.538421,-0.010343,0.538520,8|9|10|11|12|13,0.5615
7315.283715,-0.159778,-1.784807,0.010663,1.710506,0.017398,0.010942,-0.541146,-0.014783,0.541348,8|9|10|11|12|13,0.5612
7315.300382,-0.142681,-1.790626,0.010895,1.717715,0.018790,0.011051,-0.545185,-0.006885,0.545228,8|9|10|11|12|13,0.5632
7315.317048,-0.123995,-1.802302,0.011491,1.724819,0.018874,0.011055,-0.545935,0.003181,0.545944,8|9|10|11|12|13,0.5625
7315.333715,-0.124315,-1.812252,0.010763,1.731901,0.018759,0.011030,-0.547609,0.003117,0.547618,8|9|10|11|12|13,0.5634
7315.367048,-0.124315,-1.812252,0.010771,1.753446,0.019656,0.010945,-0.569155,0.002221,0.569159,8|9|10|11|12|13,0.5634
7315.383715,-0.130830,-1.837209,0.010249,1.753446,0.019656,0.010945,-0.555594,-0.001331,0.555596,8|9|10|11|12|13,0.5626
7315.400382,-0.117774,-1.846602,0.010602,1.760534,0.019295,0.011123,-0.557571,0.006121,0.557604,8|9|10|11|12|13,0.5624
7315.417048,-0.124100,-1.856702,0.012853,1.767512,0.018784,0.011239,-0.559062,0.003190,0.559072,8|9|10|11|12|13,0.5639
7315.433715,-0.124100,-1.856703,0.012853,1.781723,0.018064,0.011228,-0.573273,0.003911,0.573287,8|9|10|11|12|13,0.5645
7315.450382,-0.132805,-1.865445,0.011346,1.781723,0.018064,0.011228,-0.568526,-0.000824,0.568526,8|9|10|11|12|13,0.5643
7315.467048,-0.140800,-1.874461,0.011761,1.795719,0.019664,0.011524,-0.577625,-0.006774,0.577665,8|9|10|11|12|13,0.5629
7315.483715,-0.144439,-1.882072,0.012118,1.802776,0.019226,0.011599,-0.580547,-0.008317,0.580607,8|9|10|11|12|13,0.5623
7315.500382,-0.124663,-1.901146,0.011548,1.802776,0.019226,0.011599,-0.570172,0.002423,0.570177,8|9|10|11|12|13,0.5631
7315.517048,-0.124662,-1.901146,0.011549,1.809749,0.018776,0.011567,-0.577145,0.002874,0.577153,8|9|10|11|12|13,0.5640
7315.533715,-0.132343,-1.909896,0.011350,1.823957,0.018657,0.011656,-0.586601,-0.001185,0.586602,8|9|10|11|12|13,0.5636
7315.567048,-0.143622,-1.935667,0.011331,1.831218,0.019442,0.011688,-0.579861,-0.008112,0.579918,8|9|10|11|12|13|14,0.5615
7315.583715,-0.133548,-1.944642,0.011346,1.845540,0.018780,0.011862,-0.589301,-0.001979,0.589305,9|10|11|12|13|14,0.5628
7315.600382,-0.134863,-1.954849,0.011540,1.845540,0.018780,0.011862,-0.583754,-0.002698,0.583761,9|10|11|12|13|14,0.5624
7315.617048,-0.134864,-1.954849,0.011540,1.859135,0.018669,0.011729,-0.597349,-0.002587,0.597355,9|10|11|12|13|14,0.5619
7315.633715,-0.156391,-1.972376,0.011654,1.865943,0.019412,0.011765,-0.594641,-0.015038,0.594831,9|10|11|12|13|14,0.5615
7315.650382,-0.156392,-1.972376,0.011651,1.872967,0.020186,0.011770,-0.601665,-0.015813,0.601873,9|10|11|12|13|14,0.5627
7315.667048,-0.139222,-1.988079,0.010822,1.872967,0.020186,0.011770,-0.593123,-0.006488,0.593159,9|10|11|12|13|14,0.5630
7315.683715,-0.129468,-1.996820,0.010940,1.887220,0.019576,0.011656,-0.602622,-0.000581,0.602622,9|10|11|12|13|14,0.5628
7315.700382,-0.132838,-2.006554,0.011086,1.894263,0.019100,0.011554,-0.604375,-0.001941,0.604378,9|10|11|12|13|14,0.5625
7315.717048,-0.140446,-2.015623,0.010739,1.894263,0.019100,0.011554,-0.599450,-0.006079,0.599481,9|10|11|12|13|14,0.5619
7315.733715,-0.148233,-2.025076,0.010535,1.900950,0.019141,0.011516,-0.601004,-0.010356,0.601093,9|10|11|12|13|14,0.5607
7315.750382,-0.148337,-2.031424,0.010609,1.914804,0.020216,0.011559,-0.611408,-0.011491,0.611516,9|10|11|12|13|14,0.5612
7315.767048,-0.135305,-2.040479,0.010644,1.914804,0.020216,0.011559,-0.606481,-0.004412,0.606497,9|10|11|12|13|14,0.5603
7315.783715,-0.135766,-2.050397,0.009988,1.928744,0.019329,0.011614,-0.615030,-0.003780,0.615042,9|10|11|12|13|14,0.5618
7315.800382,-0.135767,-2.050397,0.009986,1.935710,0.019035,0.011686,-0.621996,-0.003486,0.622006,9|10|11|12|13|14,0.5626
7315.817048,-0.150500,-2.067962,0.009680,1.935710,0.019035,0.011686,-0.612457,-0.011501,0.612565,9|10|11|12|13|14,0.5621
7315.833715,-0.150499,-2.067962,0.009681,1.949591,0.020664,0.011692,-0.626337,-0.013130,0.626475,9|10|11|12|13|14,0.5619
7315.850382,-0.155402,-2.075052,0.010440,1.956459,0.021320,0.011593,-0.629354,-0.016453,0.629569,9|10|11|12|13|14,0.5614
7315.867048,-0.134046,-2.093084,0.009835,1.963333,0.020731,0.011090,-0.626419,-0.004266,0.626434,9|10|11|12|13|14,0.5609
7315.883715,-0.134045,-2.093083,0.009838,1.963333,0.020731,0.011090,-0.626420,-0.004265,0.626434,9|10|11|12|13|14,0.5609
7315.900382,-0.137607,-2.111345,0.009590,1.970332,0.020086,0.011031,-0.623495,-0.005564,0.623520,9|10|11|12|13|14,0.5615
7315.917048,-0.148018,-2.120555,0.009792,1.977134,0.019830,0.010944,-0.625297,-0.010970,0.625394,9|10|11|12|13|14,0.5616
7315.933715,-0.152123,-2.126500,0.009337,1.991562,0.020973,0.010814,-0.636496,-0.014347,0.636658,9|10|11|12|13|14,0.5607
7315.950382,-0.141104,-2.135784,0.009083,1.991562,0.020973,0.010814,-0.631445,-0.008363,0.631501,9|10|11|12|13|14,0.5606
7315.967048,-0.141104,-2.135784,0.009086,2.005973,0.020202,0.010795,-0.645856,-0.007591,0.645901,9|10|11|12|13|14,0.5616
7315.983715,-0.138297,-2.146214,0.009350,2.013002,0.019827,0.010897,-0.647216,-0.005696,0.647241,9|10|11|12|13|14,0.5626
7316.000382,-0.145132,-2.155146,0.009624,2.013002,0.019827,0.010897,-0.642365,-0.009414,0.642434,9|10|11|12|13|14,0.5627
7316.017048,-0.157531,-2.173633,0.009322,2.019756,0.020214,0.010754,-0.639076,-0.016547,0.639290,9|10|11|12|13|14,0.5626
7316.033715,-0.152028,-2.180143,0.009438,2.033816,0.020903,0.010602,-0.649595,-0.014249,0.649752,9|10|11|12|13|14,0.5628
7316.050382,-0.139919,-2.189114,0.008912,2.033816,0.020903,0.010602,-0.644715,-0.007672,0.644760,9|10|11|12|13|14,0.5627
7316.067048,-0.144542,-2.199450,0.007233,2.040852,0.020521,0.010333,-0.646135,-0.009807,0.646210,9|10|11|12|13|14|15|16,0.5569
7316.100382,-0.158589,-2.217049,0.007843,2.055131,0.019769,0.010183,-0.650856,-0.016697,0.651070,9|10|11|12|13|14|15|16,0.5538
7316.117048,-0.159052,-2.218153,0.007153,2.061946,0.020425,0.009967,-0.657071,-0.017605,0.657307,11|12|13|14|15|16,0.5618
7316.133715,-0.156616,-2.234474,0.007283,2.069197,0.020475,0.009871,-0.655451,-0.016339,0.655654,11|12|13|14|15|16,0.5615
7316.150382,-0.156616,-2.234474,0.007288,2.076394,0.020457,0.009867,-0.662648,-0.016320,0.662849,11|12|13|14|15|16,0.5626
7316.167048,-0.157032,-2.244417,0.007209,2.090809,0.020550,0.009914,-0.671659,-0.016644,0.671865,11|12|13|14|15|16,0.5626
7316.183715,-0.158853,-2.262616,0.008658,2.090809,0.020550,0.009914,-0.661769,-0.017642,0.662004,11|12|13|14|15|16,0.5620
7316.200382,-0.158945,-2.271675,0.008092,2.104822,0.022904,0.009869,-0.670858,-0.020050,0.671158,11|12|13|14|15|16,0.5611
7316.217048,-0.146285,-2.278698,0.008079,2.104822,0.022904,0.009869,-0.667036,-0.013172,0.667166,11|12|13|14|15|16,0.5605
7316.233715,-0.128395,-2.289146,0.007222,2.119056,0.022271,0.009562,-0.675584,-0.002820,0.675590,11|12|13|14|15|16,0.5610
7316.250382,-0.128395,-2.289148,0.007224,2.126183,0.021989,0.009528,-0.682710,-0.002539,0.682715,11|12|13|14|15|16,0.5622
7316.267048,-0.134231,-2.298046,0.006954,2.126183,0.021989,0.009528,-0.677877,-0.005715,0.677901,11|12|13|14|15|16,0.5622
7316.283715,-0.144896,-2.315674,0.006668,2.133310,0.021701,0.009486,-0.675428,-0.011230,0.675521,11|12|13|14|15|16,0.5621
7316.317048,-0.139077,-2.332200,0.006649,2.147522,0.022852,0.009420,-0.680656,-0.009226,0.680719,11|12|13|14|15|16,0.5611
7316.333715,-0.135099,-2.342370,0.007290,2.154649,0.022536,0.009417,-0.682254,-0.006753,0.682288,11|12|13|14|15|16,0.5623
7316.350382,-0.140425,-2.351252,0.007543,2.161759,0.022247,0.009443,-0.684540,-0.009362,0.684604,11|12|13|14|15|16,0.5624
7316.367048,-0.140424,-2.351253,0.007545,2.175468,0.022003,0.009417,-0.698248,-0.009117,0.698308,11|12|13|14|15|16,0.5626
7316.383715,-0.145391,-2.360566,0.007612,2.182425,0.023507,0.009381,-0.700145,-0.013325,0.700272,11|12|13|14|15|16,0.5613
7316.400382,-0.150611,-2.370172,0.007408,2.189678,0.024003,0.009385,-0.702180,-0.016662,0.702378,11|12|13|14|15|16,0.5607
7316.417048,-0.150453,-2.375107,0.007004,2.196870,0.024053,0.009380,-0.706690,-0.016628,0.706886,11|12|13|14|15|16,0.5611
7316.450382,-0.129769,-2.384101,0.007165,2.211355,0.024275,0.009279,-0.716278,-0.005614,0.716300,11|12|13|14|15|16,0.5634
7316.467048,-0.123552,-2.412840,0.006244,2.218525,0.024523,0.009291,-0.707826,-0.002495,0.707831,11|12|13|14|15|16,0.5637
7316.483715,-0.123552,-2.412839,0.006245,2.225619,0.024403,0.009302,-0.714920,-0.002375,0.714924,11|12|13|14|15|16,0.5625
7316.500382,-0.120487,-2.429675,0.006246,2.225619,0.024403,0.009302,-0.705769,-0.000716,0.705770,11|12|13|14|15|16,0.5616
7316.517048,-0.123285,-2.439705,0.006429,2.232613,0.024124,0.009315,-0.707314,-0.001963,0.707317,11|12|13|14|15|16,0.5638
7316.533715,-0.128040,-2.448230,0.007311,2.239645,0.023911,0.009330,-0.709715,-0.004338,0.709728,11|12|13|14|15|16,0.5645
7316.550382,-0.128039,-2.448230,0.007312,2.246659,0.023705,0.009338,-0.716729,-0.004131,0.716741,11|12|13|14|15|16,0.5638
7316.583715,-0.137630,-2.474544,0.007016,2.267331,0.024343,0.009481,-0.723104,-0.009993,0.723173,11|12|13|14|15|16|17,0.5590
7316.600382,-0.126318,-2.482922,0.006819,2.267331,0.024343,0.009481,-0.718545,-0.003848,0.718556,11|12|13|14|15|16|17,0.5630
7316.617048,-0.129053,-2.491522,0.005993,2.280987,0.024120,0.009526,-0.727529,-0.005116,0.727547,11|12|13|14|15|16|17,0.5570
7316.650382,-0.134064,-2.510152,0.005521,2.294821,0.024274,0.009574,-0.731240,-0.008002,0.731284,12|13|14|15|16|17,0.5650
7316.667048,-0.136213,-2.518889,0.005487,2.294821,0.024274,0.009574,-0.726493,-0.009174,0.726551,12|13|14|15|16|17,0.5639
7316.683715,-0.133419,-2.526438,0.006234,2.309131,0.024054,0.009598,-0.736699,-0.007438,0.736736,12|13|14|15|16|17,0.5624
7316.700382,-0.133419,-2.526437,0.006235,2.309131,0.024054,0.009598,-0.736699,-0.007438,0.736737,12|13|14|15|16|17,0.5632
7316.717048,-0.138620,-2.545331,0.004982,2.316241,0.023727,0.009605,-0.733543,-0.009946,0.733610,12|13|14|15|16|17,0.5630
7316.733715,-0.144283,-2.554258,0.004470,2.323183,0.023370,0.009513,-0.735635,-0.012672,0.735744,12|13|14|15|16|17,0.5627
7316.767048,-0.144284,-2.554257,0.004469,2.336969,0.024858,0.009439,-0.749423,-0.014160,0.749557,12|13|14|15|16|17,0.5628
7316.783715,-0.145426,-2.569600,0.004971,2.351343,0.024792,0.009420,-0.755458,-0.014721,0.755602,12|13|14|15|16|17,0.5625
7316.800382,-0.130134,-2.579004,0.005447,2.351343,0.024792,0.009420,-0.750341,-0.006414,0.750369,12|13|14|15|16|17,0.5638
7316.817048,-0.130963,-2.588920,0.005837,2.365426,0.024583,0.009379,-0.759035,-0.006660,0.759064,12|13|14|15|16|17,0.5638
7316.833715,-0.133430,-2.597811,0.006004,2.365426,0.024583,0.009379,-0.754204,-0.008004,0.754246,12|13|14|15|16|17,0.5628
7316.850382,-0.137928,-2.616504,0.005616,2.378881,0.024495,0.009277,-0.757502,-0.010370,0.757573,12|13|14|15|16|17,0.5612
7316.867048,-0.139951,-2.625668,0.005480,2.385817,0.024373,0.009167,-0.759458,-0.011352,0.759543,12|13|14|15|16|17,0.5592
7316.883715,-0.139951,-2.625668,0.005479,2.392842,0.024324,0.009184,-0.766483,-0.011302,0.766566,12|13|14|15|16|17,0.5617
7316.900382,-0.143400,-2.640227,0.005920,2.392842,0.024324,0.009184,-0.758572,-0.013182,0.758687,12|13|14|15|16|17,0.5632
7316.917048,-0.143400,-2.640226,0.005920,2.406890,0.024240,0.009264,-0.772620,-0.013099,0.772731,12|13|14|15|16|17,0.5626
7316.933715,-0.145021,-2.649487,0.006341,2.406890,0.024240,0.009264,-0.767588,-0.013984,0.767715,12|13|14|15|16|17,0.5619
7316.950382,-0.147887,-2.667752,0.006502,2.413718,0.025007,0.009294,-0.764491,-0.016316,0.764665,12|13|14|15|16|17,0.5607
7316.983715,-0.147888,-2.667753,0.006504,2.434464,0.025252,0.009323,-0.785236,-0.016562,0.785411,12|13|14|15|16|17,0.5613
7317.000382,-0.133349,-2.692959,0.005538,2.434464,0.025252,0.009323,-0.771531,-0.008671,0.771580,12|13|14|15|16|17,0.5623
7317.017048,-0.137897,-2.701761,0.005708,2.448862,0.024792,0.009273,-0.781147,-0.010687,0.781220,12|13|14|15|16|17,0.5625
7317.033715,-0.142046,-2.710741,0.005592,2.448862,0.024792,0.009273,-0.776268,-0.012946,0.776376,12|13|14|15|16|17,0.5621
7317.067048,-0.146657,-2.727015,0.005850,2.463028,0.024836,0.009163,-0.781593,-0.015503,0.781747,12|13|14|15|16|17,0.5622
7317.083715,-0.147165,-2.736505,0.005414,2.477092,0.024927,0.009186,-0.790499,-0.015874,0.790658,12|13|14|15|16|17,0.5639
7317.100382,-0.146977,-2.747668,0.006127,2.477092,0.024927,0.009186,-0.784432,-0.015777,0.784591,12|13|14|15|16|17|18|19,0.5505
7317.117048,-0.146929,-2.747817,0.006120,2.490975,0.025177,0.009132,-0.798234,-0.016001,0.798395,12|13|14|15|16|17|18|19,0.5641
7317.133715,-0.147574,-2.756089,0.006893,2.490975,0.025177,0.009132,-0.793739,-0.016355,0.793907,12|13|14|15|16|17|18|19,0.5588
7317.150382,-0.147456,-2.765846,0.006777,2.498030,0.025127,0.009051,-0.795491,-0.016245,0.795656,12|14|15|16|17|18|19,0.5535
7317.167048,-0.147045,-2.782247,0.007811,2.512067,0.025147,0.008631,-0.800615,-0.016050,0.800776,14|15|16|17|18|19,0.5627
7317.183715,-0.147639,-2.791631,0.006912,2.519244,0.025203,0.008505,-0.802691,-0.016431,0.802859,14|15|16|17|18|19,0.5639
7317.200382,-0.148468,-2.801051,0.007231,2.519244,0.025203,0.008505,-0.797572,-0.016887,0.797751,14|15|16|17|18|19,0.5641
7317.217048,-0.148631,-2.810271,0.006690,2.526452,0.025084,0.008508,-0.799769,-0.016860,0.799947,14|15|16|17|18|19,0.5629
7317.233715,-0.148631,-2.810272,0.006693,2.540204,0.024574,0.008074,-0.813521,-0.016350,0.813685,14|15|16|17|18|19,0.5630
7317.250382,-0.163256,-2.825957,0.005981,2.540204,0.024574,0.008074,-0.805003,-0.024305,0.805370,14|15|16|17|18|19,0.5632
7317.283715,-0.163256,-2.825956,0.005981,2.561196,0.025857,0.008159,-0.825995,-0.025588,0.826391,14|15|16|17|18|19,0.5640
7317.300382,-0.148079,-2.853223,0.004834,2.561196,0.025857,0.008159,-0.811169,-0.017351,0.811355,14|15|16|17|18|19,0.5620
7317.317048,-0.148079,-2.853222,0.004835,2.575226,0.026159,0.008079,-0.825200,-0.017654,0.825389,14|15|16|17|18|19,0.5601
7317.333715,-0.140081,-2.869660,0.004058,2.575226,0.026159,0.008079,-0.816263,-0.013315,0.816372,14|15|16|17|18|19,0.5602
7317.383715,-0.140081,-2.869660,0.004057,2.603092,0.026744,0.007834,-0.844129,-0.013899,0.844244,14|15|16|17|18|19,0.5627
7317.417048,-0.134539,-2.914963,0.005832,2.610143,0.026295,0.007822,-0.826556,-0.010459,0.826622,14|15|16|17|18|19,0.5611
7317.450382,-0.140083,-2.931484,0.006777,2.624411,0.026616,0.007831,-0.831848,-0.013799,0.831962,14|15|16|17|18|19,0.5620
7317.467048,-0.140083,-2.931484,0.006775,2.631535,0.026791,0.007859,-0.838971,-0.013975,0.839088,14|15|16|17|18|19,0.5620
7317.483715,-0.138414,-2.940903,0.007451,2.645623,0.027145,0.007840,-0.847940,-0.013426,0.848047,14|15|16|17|18|19,0.5611
7317.500382,-0.135008,-2.959388,0.005505,2.645623,0.027145,0.007840,-0.837893,-0.011583,0.837973,14|15|16|17|18|19,0.5596
7317.517048,-0.132895,-2.968403,0.007626,2.659683,0.027583,0.007647,-0.847052,-0.010876,0.847122,14|15|16|17|18|19,0.5588
7317.533715,-0.134402,-2.974503,0.005940,2.666946,0.028090,0.007639,-0.851001,-0.012205,0.851088,14|15|16|17|18|19,0.5606
7317.550382,-0.128117,-2.983893,0.005854,2.666946,0.028090,0.007639,-0.845895,-0.008794,0.845940,14|15|16|17|18|19,0.5625
7317.567048,-0.121798,-2.993439,0.005801,2.674195,0.028603,0.007611,-0.847953,-0.005876,0.847973,14|15|16|17|18|19,0.5634
7317.617048,-0.125513,-3.019729,0.004906,2.695324,0.027655,0.007513,-0.854795,-0.006959,0.854823,14|15|16|17|18|19,0.5626
7317.633715,-0.125512,-3.019730,0.004908,2.709447,0.028039,0.007526,-0.868918,-0.007342,0.868949,14|15|16|17|18|19,0.5626
7317.650382,-0.130671,-3.028859,0.005306,2.709447,0.028039,0.007526,-0.863959,-0.010150,0.864018,14|15|16|17|18|19|20,0.5633
7317.667048,-0.126745,-3.046765,0.004696,2.716480,0.028254,0.007529,-0.861258,-0.008240,0.861298,14|15|16|17|18|19|20,0.5571
7317.683715,-0.126483,-3.047494,0.005122,2.730375,0.027714,0.007558,-0.874757,-0.007558,0.874790,15|16|17|18|19|20,0.5621
7317.700382,-0.124177,-3.056738,0.005311,2.737397,0.027984,0.007613,-0.876755,-0.006578,0.876779,15|16|17|18|19|20,0.5607
7317.733715,-0.129746,-3.082127,0.005278,2.744420,0.028268,0.007686,-0.869981,-0.009900,0.870037,15|16|17|18|19|20,0.5628
7317.750382,-0.126173,-3.091403,0.005197,2.751145,0.028590,0.007646,-0.871664,-0.008284,0.871703,15|16|17|18|19|20,0.5626
7317.767048,-0.122629,-3.100467,0.004768,2.758027,0.028911,0.007548,-0.873617,-0.006683,0.873643,15|16|17|18|19|20,0.5616
7317.783715,-0.119201,-3.109322,0.004257,2.772097,0.027675,0.007424,-0.882873,-0.003588,0.882880,15|16|17|18|19|20,0.5607
7317.800382,-0.133436,-3.116410,0.004367,2.772097,0.027675,0.007424,-0.879028,-0.011328,0.879101,15|16|17|18|19|20,0.5610
7317.817048,-0.133436,-3.116410,0.004367,2.786343,0.027751,0.007432,-0.893273,-0.011403,0.893346,15|16|17|18|19|20,0.5628
7317.833715,-0.138254,-3.134891,0.003682,2.786343,0.027751,0.007432,-0.883232,-0.014030,0.883343,15|16|17|18|19|20,0.5629
7317.850382,-0.138255,-3.134890,0.003680,2.800229,0.027800,0.007211,-0.897119,-0.014079,0.897229,15|16|17|18|19|20,0.5619
7317.867048,-0.138380,-3.153610,0.003888,2.800229,0.027800,0.007211,-0.886945,-0.014155,0.887058,15|16|17|18|19|20,0.5601
7317.883715,-0.139537,-3.160793,0.004043,2.813900,0.027902,0.005473,-0.896712,-0.014890,0.896835,15|16|17|18|19|20,0.5597
7317.917048,-0.134207,-3.177515,0.001774,2.820914,0.028163,0.005315,-0.894636,-0.012261,0.894720,15|16|17|18|19|20,0.5619
7317.933715,-0.130475,-3.187001,0.002370,2.827917,0.028471,0.005267,-0.896482,-0.010546,0.896544,15|16|17|18|19|20,0.5617
7317.950382,-0.130476,-3.187002,0.002369,2.841666,0.027722,0.005201,-0.910230,-0.009797,0.910283,15|16|17|18|19|20,0.5605
7317.967048,-0.123833,-3.204045,0.002884,2.841666,0.027722,0.005201,-0.900965,-0.006194,0.900986,15|16|17|18|19|20,0.5622
7317.983715,-0.139212,-3.212195,0.003179,2.855246,0.027203,0.005019,-0.910122,-0.014037,0.910231,15|16|17|18|19|20,0.5629
7318.000382,-0.139212,-3.212195,0.003180,2.862005,0.027551,0.005080,-0.916881,-0.014384,0.916994,15|16|17|18|19|20,0.5644
7318.017048,-0.150953,-3.220334,0.002317,2.862005,0.027551,0.005080,-0.912463,-0.020769,0.912699,15|16|17|18|19|20,0.5649
7318.033715,-0.146943,-3.229256,0.002519,2.875622,0.028285,0.005152,-0.921230,-0.019328,0.921432,15|16|17|18|19|20,0.5636
7318.067048,-0.142210,-3.238314,0.002997,2.882426,0.027993,0.005175,-0.923108,-0.016467,0.923255,15|16|17|18|19|20,0.5620
7318.117048,-0.132503,-3.256196,0.002865,2.910285,0.028506,0.004414,-0.941245,-0.011713,0.941318,15|16|17|18|19|20,0.5627
7318.133715,-0.133960,-3.290122,0.003687,2.910285,0.028506,0.004414,-0.922808,-0.012520,0.922893,15|16|17|18|19|20,0.5609
7318.167048,-0.143968,-3.307467,0.002365,2.924557,0.026825,0.004601,-0.927657,-0.016285,0.927800,15|16|17|18|19|20|21|22,0.5607
7318.183715,-0.158258,-3.316449,0.000892,2.931395,0.027084,0.004053,-0.929620,-0.024314,0.929938,15|16|17|18|19|20|21|22,0.5594
7318.200382,-0.157639,-3.316995,0.001002,2.945281,0.028086,0.004017,-0.943209,-0.024980,0.943539,17|18|19|20|21|22,0.5637
7318.217048,-0.146469,-3.334627,0.000972,2.945281,0.028086,0.004017,-0.933621,-0.018917,0.933813,17|18|19|20|21|22,0.5648
7318.233715,-0.146470,-3.334626,0.000973,2.959452,0.027575,0.003858,-0.947793,-0.018407,0.947972,17|18|19|20|21|22,0.5635
7318.250382,-0.139396,-3.343759,0.001003,2.966482,0.027083,0.003583,-0.949856,-0.014074,0.949960,17|18|19|20|21|22,0.5641
7318.283715,-0.154946,-3.369108,0.000379,2.973434,0.027559,0.003449,-0.943039,-0.023013,0.943319,17|18|19|20|21|22,0.5649
7318.300382,-0.154948,-3.369108,0.000379,2.980442,0.028079,0.003162,-0.950047,-0.023534,0.950338,17|18|19|20|21|22,0.5642
7318.317048,-0.141297,-3.387507,-0.000101,2.994683,0.027609,0.002866,-0.954282,-0.015653,0.954410,17|18|19|20|21|22,0.5637
7318.333715,-0.140279,-3.395618,0.000013,2.994683,0.027609,0.002866,-0.949874,-0.015103,0.949994,17|18|19|20|21|22,0.5649
7318.350382,-0.149730,-3.405229,-0.000252,3.008495,0.026845,0.002817,-0.958466,-0.019480,0.958664,17|18|19|20|21|22,0.5642
7318.367048,-0.149729,-3.405229,-0.000250,3.008495,0.026845,0.002817,-0.958466,-0.019479,0.958664,17|18|19|20|21|22,0.5640
7318.400382,-0.147999,-3.430431,0.000846,3.029213,0.028630,0.002892,-0.965487,-0.020335,0.965701,17|18|19|20|21|22,0.5610
7318.417048,-0.135519,-3.439553,0.001189,3.036349,0.027893,0.002904,-0.967660,-0.012820,0.967744,17|18|19|20|21|22,0.5598
7318.433715,-0.135615,-3.447359,0.001575,3.036349,0.027893,0.002904,-0.963417,-0.012875,0.963503,17|18|19|20|21|22,0.5601
7318.450382,-0.135616,-3.447359,0.001576,3.050064,0.028046,0.002914,-0.977132,-0.013028,0.977219,17|18|19|20|21|22,0.5603
7318.467048,-0.146287,-3.456665,0.001356,3.056947,0.028758,0.002795,-0.978962,-0.019545,0.979157,17|18|19|20|21|22,0.5607
7318.483715,-0.144533,-3.473593,0.001002,3.056947,0.028758,0.002795,-0.969761,-0.018599,0.969940,17|18|19|20|21|22,0.5609
7318.500382,-0.134837,-3.482618,0.000325,3.063891,0.029503,0.002427,-0.971797,-0.014077,0.971899,17|18|19|20|21|22,0.5616
7318.517048,-0.134836,-3.482617,0.000326,3.071346,0.029330,0.003656,-0.979252,-0.013904,0.979351,17|18|19|20|21|22,0.5621
7318.533715,-0.125449,-3.491270,-0.000015,3.078767,0.028685,0.003921,-0.981966,-0.008161,0.982000,17|18|19|20|21|22,0.5632
7318.567048,-0.132042,-3.500627,0.001407,3.093099,0.029096,0.003829,-0.991215,-0.012160,0.991290,17|18|19|20|21|22,0.5648
7318.583715,-0.136312,-3.527783,0.001425,3.107172,0.030315,0.003855,-0.990532,-0.015711,0.990656,17|18|19|20|21|22,0.5643
7318.600382,-0.136314,-3.527783,0.001424,3.114391,0.029659,0.003770,-0.997751,-0.015056,0.997864,17|18|19|20|21|22,0.5631
7318.617048,-0.125605,-3.537310,0.001647,3.121615,0.028973,0.003584,-0.999792,-0.008554,0.999829,17|18|19|20|21|22,0.5628
7318.633715,-0.120263,-3.545340,0.001865,3.128330,0.029378,0.003594,-1.002140,-0.006059,1.002159,17|18|19|20|21|22,0.5639
7318.650382,-0.140088,-3.565528,0.001544,3.135390,0.030389,0.003584,-0.998238,-0.017854,0.998397,17|18|19|20|21|22,0.5633
7318.667048,-0.134364,-3.570982,0.002005,3.142405,0.030921,0.003600,-1.002286,-0.015277,1.002402,17|18|19|20|21|22,0.5625
7318.683715,-0.120283,-3.581134,0.002672,3.142405,0.030921,0.003600,-0.996762,-0.007629,0.996792,17|18|19|20|21|22|23,0.5584
7318.700382,-0.120279,-3.581174,0.002700,3.156450,0.030069,0.003566,-1.010786,-0.006775,1.010809,17|18|19|20|21|22|23,0.5632
7318.733715,-0.113063,-3.589905,0.003302,3.170393,0.029853,0.003600,-1.019981,-0.002641,1.019984,18|19|20|21|22|23,0.5626
7318.750382,-0.132131,-3.617248,0.004032,3.170393,0.029853,0.003600,-1.005129,-0.013016,1.005213,18|19|20|21|22|23,0.5612
7318.767048,-0.129032,-3.624688,0.003783,3.177507,0.030598,0.003650,-1.008198,-0.012080,1.008270,18|19|20|21|22|23,0.5615
7318.783715,-0.129034,-3.624688,0.003781,3.191695,0.030142,0.003805,-1.022386,-0.011625,1.022452,18|19|20|21|22|23,0.5623
7318.800382,-0.118917,-3.634222,0.003955,3.191695,0.030142,0.003805,-1.017200,-0.006131,1.017218,18|19|20|21|22|23,0.5635
7318.817048,-0.119246,-3.642848,0.003706,3.198787,0.029629,0.003824,-1.019604,-0.005801,1.019621,18|19|20|21|22|23,0.5623
7318.833715,-0.134258,-3.661447,0.004108,3.205749,0.029876,0.003850,-1.016465,-0.014215,1.016564,18|19|20|21|22|23,0.5615
7318.850382,-0.130514,-3.668687,0.003569,3.212835,0.030682,0.003882,-1.019614,-0.012989,1.019696,18|19|20|21|22|23,0.5600
7318.867048,-0.119370,-3.678220,0.003644,3.219944,0.031389,0.003904,-1.021537,-0.007644,1.021566,18|19|20|21|22|23,0.5613
7318.883715,-0.110181,-3.686436,0.004137,3.233855,0.029981,0.003457,-1.030979,-0.001245,1.030980,18|19|20|21|22|23,0.5616
7318.917048,-0.131250,-3.704842,0.003529,3.247894,0.029642,0.003518,-1.035024,-0.012365,1.035098,18|19|20|21|22|23,0.5618
7318.933715,-0.141740,-3.714016,0.003565,3.255012,0.030177,0.003609,-1.037161,-0.018605,1.037327,18|19|20|21|22|23,0.5608
7318.950382,-0.136351,-3.722073,0.002999,3.262059,0.030266,0.003615,-1.039826,-0.015769,1.039946,18|19|20|21|22|23,0.5617
7318.983715,-0.128594,-3.739701,0.002122,3.275991,0.029129,0.003303,-1.044175,-0.010424,1.044227,18|19|20|21|22|23,0.5621
7319.000382,-0.128594,-3.739700,0.002121,3.282519,0.029757,0.003028,-1.050703,-0.011052,1.050761,18|19|20|21|22|23,0.5621
7319.017048,-0.145459,-3.755635,0.001696,3.282519,0.029757,0.003028,-1.042050,-0.020225,1.042247,18|19|20|21|22|23,0.5612
7319.033715,-0.135418,-3.764327,0.001535,3.289072,0.030505,0.002999,-1.043875,-0.015518,1.043990,18|19|20|21|22|23,0.5634
7319.050382,-0.135418,-3.764328,0.001536,3.302746,0.030308,0.002808,-1.057548,-0.015322,1.057659,18|19|20|21|22|23,0.5635
7319.067048,-0.119988,-3.781228,0.001885,3.302746,0.030308,0.002808,-1.048357,-0.006943,1.048380,18|19|20|21|22|23,0.5646
7319.083715,-0.129258,-3.790292,0.001722,3.309684,0.029686,0.002715,-1.050374,-0.011364,1.050435,18|19|20|21|22|23,0.5648
7319.100382,-0.138514,-3.799359,0.001673,3.316549,0.029061,0.002718,-1.052314,-0.015773,1.052432,18|19|20|21|22|23,0.5643
7319.117048,-0.147753,-3.808434,0.001697,3.329927,0.029794,0.002771,-1.060765,-0.021532,1.060983,18|19|20|21|22|23,0.5625
7319.133715,-0.147753,-3.808435,0.001701,3.329927,0.029794,0.002771,-1.060764,-0.021531,1.060983,18|19|20|21|22|23,0.5628
7319.150382,-0.148521,-3.814721,0.001385,3.336723,0.030639,0.002813,-1.064144,-0.022797,1.064388,18|19|20|21|22|23,0.5628
7319.167048,-0.136968,-3.823759,0.001397,3.350449,0.029861,0.002746,-1.072953,-0.015744,1.073068,18|19|20|21|22|23,0.5620
7319.183715,-0.129812,-3.840967,0.000942,3.357381,0.029415,0.002749,-1.070529,-0.011416,1.070590,18|19|20|21|22|23,0.5632
7319.200382,-0.129812,-3.840965,0.000940,3.364241,0.029900,0.002204,-1.077391,-0.011902,1.077457,18|19|20|21|22|23,0.5631
7319.217048,-0.137849,-3.850747,0.002091,3.371388,0.030424,0.001932,-1.079225,-0.016797,1.079356,18|19|20|21|22|23|24|25,0.5625
7319.233715,-0.136770,-3.866578,0.001838,3.371388,0.030424,0.001932,-1.070621,-0.016218,1.070744,18|19|20|21|22|23|24|25,0.5615
7319.250382,-0.130183,-3.876652,0.002069,3.378574,0.029917,0.001647,-1.072328,-0.012136,1.072397,20|21|22|23|24|25,0.5618
7319.267048,-0.130181,-3.876652,0.002067,3.392804,0.028884,0.001753,-1.086559,-0.011102,1.086615,20|21|22|23|24|25,0.5625
7319.283715,-0.145986,-3.895043,0.002536,3.392804,0.028884,0.001753,-1.076570,-0.019699,1.076751,20|21|22|23|24|25,0.5615
7319.300382,-0.145986,-3.895043,0.002545,3.406662,0.029534,0.001552,-1.090429,-0.020349,1.090618,20|21|22|23|24|25,0.5610
7319.317048,-0.158125,-3.910976,0.002459,3.413830,0.029881,0.001491,-1.088942,-0.027300,1.089284,20|21|22|23|24|25,0.5618
7319.333715,-0.144008,-3.920432,0.002440,3.413830,0.029881,0.001491,-1.083797,-0.019632,1.083975,20|21|22|23|24|25,0.5608
7319.350382,-0.144008,-3.920431,0.002440,3.428199,0.029362,0.001485,-1.098166,-0.019113,1.098333,20|21|22|23|24|25,0.5616
7319.383715,-0.147109,-3.948467,0.001351,3.435391,0.029122,0.001446,-1.090123,-0.020571,1.090317,20|21|22|23|24|25,0.5612
7319.400382,-0.150348,-3.958072,0.001369,3.449577,0.029657,0.000942,-1.099091,-0.022870,1.099328,20|21|22|23|24|25,0.5605
7319.417048,-0.145465,-3.965250,0.000815,3.449577,0.029657,0.000942,-1.095188,-0.020220,1.095374,20|21|22|23|24|25,0.5629
7319.433715,-0.145465,-3.965249,0.000814,3.463483,0.029365,0.000496,-1.109094,-0.019928,1.109273,20|21|22|23|24|25,0.5634
7319.467048,-0.141911,-3.975287,0.000194,3.470386,0.029263,0.000463,-1.110540,-0.017899,1.110684,20|21|22|23|24|25,0.5627
7319.483715,-0.145937,-3.993677,0.000130,3.483928,0.029888,0.000369,-1.114089,-0.020720,1.114281,20|21|22|23|24|25,0.5617
7319.500382,-0.148609,-4.012063,-0.000266,3.483928,0.029888,0.000369,-1.104097,-0.022180,1.104320,20|21|22|23|24|25,0.5608
7319.517048,-0.148608,-4.012064,-0.000261,3.498252,0.029604,0.000369,-1.118421,-0.021895,1.118635,20|21|22|23|24|25,0.5594
7319.533715,-0.138229,-4.017263,-0.000085,3.505372,0.029347,0.000384,-1.122711,-0.015999,1.122825,20|21|22|23|24|25,0.5607
7319.550382,-0.142478,-4.036129,0.001473,3.512506,0.029103,0.000378,-1.119594,-0.018074,1.119740,20|21|22|23|24|25,0.5620
7319.567048,-0.146234,-4.045120,0.001820,3.512506,0.029103,0.000378,-1.114709,-0.020119,1.114891,20|21|22|23|24|25,0.5618
7319.583715,-0.146234,-4.045120,0.001817,3.526619,0.030465,0.000399,-1.128822,-0.021481,1.129026,20|21|22|23|24|25,0.5609
7319.600382,-0.143251,-4.061040,0.001419,3.526619,0.030465,0.000399,-1.120169,-0.019866,1.120345,20|21|22|23|24|25,0.5619
7319.617048,-0.130452,-4.071699,0.001290,3.533689,0.030254,0.000241,-1.121440,-0.012704,1.121512,20|21|22|23|24|25,0.5621
7319.633715,-0.133397,-4.080924,0.001061,3.540793,0.030078,0.000203,-1.123531,-0.014133,1.123620,20|21|22|23|24|25,0.5633
7319.650382,-0.133398,-4.080923,0.001057,3.547901,0.029930,0.000207,-1.130641,-0.013986,1.130727,20|21|22|23|24|25,0.5636
7319.667048,-0.137915,-4.099025,0.001160,3.555012,0.029781,0.000216,-1.127915,-0.016299,1.128033,20|21|22|23|24|25,0.5622
7319.700382,-0.137914,-4.099025,0.001162,3.569023,0.031070,0.000187,-1.141926,-0.017587,1.142061,20|21|22|23|24|25,0.5614
7319.717048,-0.129252,-4.114887,0.001692,3.583475,0.030609,0.000167,-1.147754,-0.012426,1.147821,20|21|22|23|24|25,0.5621
7319.733715,-0.121710,-4.125770,0.001749,3.583475,0.030609,0.000167,-1.141836,-0.008332,1.141867,20|21|22|23|24|25|26,0.5625
7319.750382,-0.128244,-4.143901,0.001359,3.590633,0.030363,0.000144,-1.139143,-0.011645,1.139202,20|21|22|23|24|25|26,0.5599
7319.767048,-0.131803,-4.153240,0.001029,3.597470,0.030345,0.000055,-1.140906,-0.013565,1.140987,20|21|22|23|24|25|26,0.5532
7319.800382,-0.127095,-4.167714,0.002004,3.618297,0.030759,0.000286,-1.153865,-0.011427,1.153921,21|22|23|24|25|26,0.5620
7319.817048,-0.127095,-4.167712,0.002002,3.618297,0.030759,0.000286,-1.153866,-0.011427,1.153922,21|22|23|24|25|26,0.5634
7319.833715,-0.126832,-4.177071,0.001804,3.632336,0.030818,0.000308,-1.162818,-0.011347,1.162873,21|22|23|24|25|26,0.5643
7319.850382,-0.126129,-4.195996,0.002180,3.632336,0.030818,0.000308,-1.152533,-0.010973,1.152585,21|22|23|24|25|26,0.5638
7319.867048,-0.126128,-4.195996,0.002182,3.646316,0.030957,0.000354,-1.166512,-0.011112,1.166565,21|22|23|24|25|26,0.5629
7319.883715,-0.124184,-4.213488,0.001886,3.646316,0.030957,0.000354,-1.157005,-0.010063,1.157049,21|22|23|24|25|26,0.5622
7319.900382,-0.124185,-4.213488,0.001884,3.660608,0.030830,0.000376,-1.171297,-0.009936,1.171339,21|22|23|24|25|26,0.5629
7319.917048,-0.124772,-4.230945,0.001519,3.660608,0.030830,0.000376,-1.161810,-0.010263,1.161855,21|22|23|24|25|26,0.5634
7319.933715,-0.125582,-4.240287,0.001407,3.667730,0.030760,0.000381,-1.163855,-0.010637,1.163904,21|22|23|24|25|26,0.5641
7319.950382,-0.125582,-4.240287,0.001409,3.674784,0.030802,0.000449,-1.170909,-0.010679,1.170958,21|22|23|24|25|26,0.5631
7319.967048,-0.125895,-4.257654,0.001724,3.681647,0.031427,0.000479,-1.168333,-0.011482,1.168389,21|22|23|24|25|26,0.5622
7319.983715,-0.117254,-4.265307,0.001806,3.688828,0.031142,0.000468,-1.171352,-0.006504,1.171370,21|22|23|24|25|26,0.5625
7320.000382,-0.121229,-4.274735,0.001666,3.696003,0.030869,0.000457,-1.173404,-0.008396,1.173434,21|22|23|24|25|26,0.5632
7320.017048,-0.121230,-4.274735,0.001663,3.709721,0.030264,0.000317,-1.187123,-0.007792,1.187148,21|22|23|24|25|26,0.5633
7320.033715,-0.129596,-4.293510,0.001163,3.709721,0.030264,0.000317,-1.176922,-0.012346,1.176987,21|22|23|24|25|26,0.5634
7320.050382,-0.129592,-4.293512,0.001169,3.723649,0.030569,0.000256,-1.190849,-0.012649,1.190916,21|22|23|24|25|26,0.5616
7320.067048,-0.133640,-4.303050,0.001004,3.723649,0.030569,0.000256,-1.185667,-0.014853,1.185760,21|22|23|24|25|26,0.5616
7320.083715,-0.132641,-4.308763,0.000686,3.737946,0.030115,0.000266,-1.196859,-0.013859,1.196939,21|22|23|24|25|26,0.5623
7320.100382,-0.132553,-4.327338,0.000235,3.737946,0.030115,0.000266,-1.186764,-0.013819,1.186844,21|22|23|24|25|26,0.5616
7320.117048,-0.132552,-4.327339,0.000237,3.751452,0.030172,0.000107,-1.200269,-0.013876,1.200349,21|22|23|24|25|26,0.5605
7320.133715,-0.136126,-4.336720,0.000670,3.758333,0.030679,0.000051,-1.202053,-0.016330,1.202164,21|22|23|24|25|26,0.5599
7320.150382,-0.134750,-4.351801,0.000308,3.758333,0.030679,0.000051,-1.193856,-0.015588,1.193958,21|22|23|24|25|26,0.5586
7320.167048,-0.134751,-4.351801,0.000305,3.765295,0.030443,0.000032,-1.200818,-0.015353,1.200916,21|22|23|24|25|26,0.5606
7320.183715,-0.128454,-4.361161,0.000296,3.772300,0.030246,0.000070,-1.202734,-0.011737,1.202791,21|22|23|24|25|26,0.5614
7320.200382,-0.134484,-4.379212,0.000342,3.779277,0.030057,0.000071,-1.199904,-0.014833,1.199995,21|22|23|24|25|26,0.5620
7320.233715,-0.139662,-4.397588,0.000148,3.799699,0.030481,-0.000041,-1.210341,-0.018079,1.210476,21|22|23|24|25|26,0.5616
7320.250382,-0.142795,-4.407776,0.000497,3.806553,0.030323,-0.000069,-1.211659,-0.019628,1.211818,21|22|23|24|25|26|27|28,0.5559
7320.267048,-0.130125,-4.412207,0.000039,3.813534,0.030169,-0.000072,-1.216226,-0.012590,1.216291,21|22|23|24|25|26|27|28,0.5609
7320.283715,-0.133043,-4.420915,0.000185,3.820498,0.030028,-0.000008,-1.218458,-0.014040,1.218539,21|22|23|24|25|26|27|28,0.5523
7320.300382,-0.134329,-4.431409,0.000780,3.820498,0.030028,-0.000008,-1.212756,-0.014743,1.212845,23|24|25|26|27|28,0.5607
7320.350382,-0.139456,-4.456712,0.000881,3.848873,0.029530,-0.000515,-1.227382,-0.017043,1.227501,23|24|25|26|27|28,0.5602
7320.367048,-0.139456,-4.456711,0.000881,3.848873,0.029530,-0.000515,-1.227382,-0.017043,1.227501,23|24|25|26|27|28,0.5619
7320.383715,-0.141876,-4.466004,0.001571,3.862621,0.029349,-0.000701,-1.236081,-0.018181,1.236215,23|24|25|26|27|28,0.5620
7320.417048,-0.146400,-4.494062,0.001077,3.869619,0.029271,-0.000735,-1.227832,-0.020574,1.228005,23|24|25|26|27|28,0.5613
7320.433715,-0.146402,-4.494062,0.001074,3.883503,0.029159,-0.000769,-1.241716,-0.020463,1.241885,23|24|25|26|27|28,0.5596
7320.450382,-0.151189,-4.509015,0.001612,3.883503,0.029159,-0.000769,-1.233592,-0.023071,1.233807,23|24|25|26|27|28,0.5609
7320.467048,-0.148706,-4.518597,0.001248,3.897930,0.029535,-0.000769,-1.242810,-0.022102,1.243007,23|24|25|26|27|28,0.5624
7320.500382,-0.143247,-4.538120,0.000919,3.912307,0.028970,-0.000800,-1.246574,-0.018578,1.246712,23|24|25|26|27|28,0.5630
7320.517048,-0.140269,-4.547756,0.000845,3.912307,0.028970,-0.000800,-1.241336,-0.016964,1.241452,23|24|25|26|27|28,0.5623
7320.533715,-0.151107,-4.555299,0.000487,3.919282,0.029008,-0.001118,-1.244216,-0.022896,1.244426,23|24|25|26|27|28,0.5615
7320.550382,-0.151107,-4.555298,0.000484,3.933068,0.029724,-0.001169,-1.258003,-0.023612,1.258224,23|24|25|26|27|28,0.5629
7320.567048,-0.144271,-4.572646,-0.000190,3.939888,0.030085,-0.001173,-1.255391,-0.020265,1.255555,23|24|25|26|27|28,0.5637
7320.583715,-0.138710,-4.581761,-0.000083,3.946920,0.030382,-0.001240,-1.257467,-0.017544,1.257590,23|24|25|26|27|28,0.5625
7320.617048,-0.129307,-4.598395,-0.000548,3.953944,0.029251,-0.001118,-1.255447,-0.011310,1.255498,23|24|25|26|27|28,0.5603
7320.633715,-0.145572,-4.605433,-0.000244,3.960940,0.028996,-0.001301,-1.258625,-0.019898,1.258782,23|24|25|26|27|28,0.5620
7320.667048,-0.146158,-4.624633,0.000810,3.981976,0.029525,-0.001257,-1.269227,-0.020754,1.269396,23|24|25|26|27|28,0.5628
7320.700382,-0.140379,-4.643683,0.000512,3.989001,0.029164,-0.001268,-1.265896,-0.017260,1.266013,23|24|25|26|27|28,0.5613
7320.717048,-0.145405,-4.650647,0.000601,4.002829,0.029566,-0.001312,-1.275941,-0.020396,1.276104,23|24|25|26|27|28,0.5608
7320.733715,-0.145402,-4.650646,0.000605,4.002829,0.029566,-0.001312,-1.275941,-0.020395,1.276104,23|24|25|26|27|28,0.5624
7320.750382,-0.138982,-4.667522,0.000394,4.016433,0.030262,-0.001335,-1.280371,-0.017609,1.280493,23|24|25|26|27|28,0.5633
7320.767048,-0.156657,-4.632870,0.000536,4.023475,0.030633,-0.001372,-1.306253,-0.027572,1.306544,23|24|25|26|27|28,0.5627
7320.800382,-0.162930,-4.616669,-0.000416,4.030502,0.030041,-0.001378,-1.322088,-0.030381,1.322437,23|24|25|26|27|28|28,0.5583
7320.817048,-0.169215,-4.604411,-0.000304,4.044788,0.030356,-0.001889,-1.343038,-0.034106,1.343471,24|25|26|27|28|28,0.5594
7320.867048,-0.177550,-4.611788,0.000109,4.058983,0.030920,-0.001925,-1.353228,-0.039203,1.353796,24|25|26|27|28|28,0.5614
7320.883715,-0.167626,-4.639195,-0.000590,4.065782,0.029888,-0.001980,-1.345127,-0.032790,1.345526,24|25|26|27|28|28,0.5604
7320.900382,-0.117468,-4.740508,-0.001395,4.079343,0.029357,-0.002187,-1.303605,-0.005044,1.303614,24|25|26|27|28|28,0.5606
7320.917048,-0.191531,-4.661551,-0.000579,4.079343,0.029357,-0.002187,-1.346548,-0.045261,1.347309,24|25|26|27|28|28,0.5623
7320.933715,-0.184527,-4.670816,-0.000823,4.092993,0.030415,-0.000954,-1.355161,-0.042516,1.355827,24|25|26|27|28|28,0.5631
7320.950382,-0.176039,-4.680624,-0.000382,4.092993,0.030415,-0.000954,-1.349827,-0.037907,1.350359,24|25|26|27|28|28,0.5634
7320.967048,-0.122663,-4.783207,0.000168,4.099540,0.030808,-0.000276,-1.300599,-0.009337,1.300632,24|25|26|27|28|28,0.5638
7321.000382,-0.122660,-4.783206,0.000171,4.119674,0.030181,0.002049,-1.320733,-0.008708,1.320762,24|25|26|27|28|28,0.5633
7321.017048,-0.129433,-4.805408,0.001609,4.119674,0.030181,0.002049,-1.308670,-0.012399,1.308729,24|25|26|27|28|28,0.5635
7321.033715,-0.129434,-4.805408,0.001607,4.133499,0.030397,0.003568,-1.322494,-0.012615,1.322555,24|25|26|27|28|28,0.5640
7321.050382,-0.123371,-4.824753,0.002313,4.140350,0.030463,0.004274,-1.318829,-0.009395,1.318862,24|25|26|27|28|28,0.5636
7321.067048,-0.122286,-4.833480,0.003984,4.140350,0.030463,0.004274,-1.314086,-0.008809,1.314116,24|25|26|27|28|28,0.5624
7321.083715,-0.167557,-4.750558,0.005288,4.147082,0.030802,0.004954,-1.365904,-0.033716,1.366320,24|25|26|27|28|28,0.5600
7321.100382,-0.162693,-4.756393,0.006468,4.153799,0.030803,0.005779,-1.369448,-0.031075,1.369801,24|25|26|27|28|28,0.5605
7321.133715,-0.121243,-4.866234,0.006791,4.167225,0.030511,0.006875,-1.323160,-0.008305,1.323186,24|25|26|27|28|28,0.5623
7321.150382,-0.121242,-4.866234,0.006792,4.173984,0.030241,0.007504,-1.329918,-0.008034,1.329942,24|25|26|27|28|28,0.5627
7321.167048,-0.170679,-4.782831,0.007005,4.180746,0.029833,0.008345,-1.382030,-0.034458,1.382459,24|25|26|27|28|28,0.5624
7321.200382,-0.171375,-4.808491,0.008539,4.201390,0.030367,0.010884,-1.388728,-0.035382,1.389179,24|25|26|27|28|28,0.5608
7321.233715,-0.130736,-4.917651,0.009155,4.208149,0.029977,0.011499,-1.336144,-0.012953,1.336207,24|25|26|27|28|28,0.5619
7321.250382,-0.137980,-4.926506,0.010309,4.221558,0.030930,0.012262,-1.344743,-0.017847,1.344862,24|25|26|27|28|28,0.5611
7321.267048,-0.136823,-4.932769,0.011466,4.221558,0.030930,0.012262,-1.341339,-0.017221,1.341450,24|25|26|27|28|28,0.5618
7321.283715,-0.124917,-4.942529,0.011883,4.228068,0.031763,0.012541,-1.342540,-0.011586,1.342590,24|25|26|27|28|28,0.5625
7321.317049,-0.155801,-4.878661,0.012112,4.240243,0.031107,0.013134,-1.389439,-0.027688,1.389714,24|25|26|27|28|28|30,0.5565
7321.333715,-0.155341,-4.879571,0.012045,4.253081,0.029709,0.014462,-1.401783,-0.026040,1.402024,24|25|26|27|28|28|30,0.5629
7321.350382,-0.138390,-4.973606,0.014305,4.253081,0.029709,0.014462,-1.350669,-0.016869,1.350775,24|25|26|27|28|28|30|31,0.5553
7321.367049,-0.148235,-4.981238,0.015535,4.259934,0.030220,0.015202,-1.353378,-0.022734,1.353569,26|27|28|28|30|31,0.5630
7321.383715,-0.185435,-4.899028,0.014734,4.266760,0.030770,0.015474,-1.404900,-0.043466,1.405572,26|27|28|28|30|31,0.5634
7321.400382,-0.185457,-4.898984,0.014734,4.280379,0.031599,0.015585,-1.418542,-0.044306,1.419234,26|27|28|28|30|31,0.5625
7321.417049,-0.178522,-4.908153,0.015003,4.280379,0.031599,0.015585,-1.413556,-0.040541,1.414137,26|27|28|28|30|31,0.5608
7321.433715,-0.170850,-4.917108,0.015569,4.294066,0.031134,0.015484,-1.422373,-0.035910,1.422827,26|27|28|28|30|31,0.5598
7321.450382,-0.170555,-4.924450,0.015353,4.301036,0.031585,0.015176,-1.425353,-0.036204,1.425813,26|27|28|28|30|31,0.5605
7321.467049,-0.182190,-4.933735,0.015304,4.308010,0.032053,0.014681,-1.427286,-0.043000,1.427933,26|27|28|28|30|31,0.5619
7321.483715,-0.133830,-5.032841,0.015943,4.315134,0.031653,0.014540,-1.380527,-0.016361,1.380624,26|27|28|28|30|31,0.5627
7321.500382,-0.169380,-4.960072,0.014480,4.315134,0.031653,0.014540,-1.420091,-0.035649,1.420539,26|27|28|28|30|31,0.5628
7321.517049,-0.130999,-5.059488,0.014802,4.329499,0.030260,0.014418,-1.380408,-0.013441,1.380474,26|27|28|28|30|31,0.5631
7321.533715,-0.188488,-4.977828,0.014143,4.329499,0.030260,0.014418,-1.424814,-0.044649,1.425513,26|27|28|28|30|31,0.5637
7321.550382,-0.154491,-5.079385,0.014664,4.336110,0.030784,0.014227,-1.376217,-0.026741,1.376476,26|27|28|28|30|31,0.5631
7321.583715,-0.182632,-5.002797,0.013422,4.357217,0.031882,0.014024,-1.438960,-0.043099,1.439605,26|27|28|28|30|31,0.5632
7321.600382,-0.174756,-5.011624,0.013739,4.357217,0.031882,0.014024,-1.434159,-0.038823,1.434684,26|27|28|28|30|31,0.5625
7321.617049,-0.136531,-5.112934,0.013971,4.364415,0.031491,0.013920,-1.386281,-0.017702,1.386394,26|27|28|28|30|31,0.5625
7321.633715,-0.189341,-5.030741,0.013162,4.371410,0.031232,0.013738,-1.437968,-0.046107,1.438707,26|27|28|28|30|31,0.5621
7321.650382,-0.194371,-5.038599,0.013008,4.378079,0.031818,0.012889,-1.440369,-0.049431,1.441217,26|27|28|28|30|31,0.5617
7321.667049,-0.194394,-5.038553,0.013009,4.392285,0.032154,0.012102,-1.454600,-0.049779,1.455451,26|27|28|28|30|31,0.5629
7321.683715,-0.133138,-5.147733,0.012233,4.399402,0.031891,0.012051,-1.402353,-0.016273,1.402448,26|27|28|28|30|31,0.5630
7321.700382,-0.133138,-5.147733,0.012232,4.399402,0.031891,0.012051,-1.402353,-0.016273,1.402448,26|27|28|28|30|31,0.5637
7321.717049,-0.143410,-5.167156,0.011664,4.406518,0.031670,0.012062,-1.398917,-0.021643,1.399085,26|27|28|28|30|31,0.5634
7321.733715,-0.143410,-5.167156,0.011665,4.419559,0.032709,0.011769,-1.411959,-0.022682,1.412141,26|27|28|28|30|31,0.5628
7321.767049,-0.179460,-5.098208,0.011166,4.426682,0.033225,0.011652,-1.456569,-0.042760,1.457197,26|27|28|28|30|31,0.5620
7321.783715,-0.173750,-5.107549,0.010721,4.440751,0.032519,0.011565,-1.465559,-0.038955,1.466077,26|27|28|28|30|31,0.5615
7321.817049,-0.186049,-5.125839,0.011402,4.447702,0.032210,0.011570,-1.462576,-0.045338,1.463278,26|27|28|28|30|31,0.5623
7321.850382,-0.182303,-5.141103,0.011442,4.461195,0.034087,0.011294,-1.467771,-0.045186,1.468466,26|27|28|28|30|31,0.5622
7321.867049,-0.121821,-5.242409,0.009996,4.468367,0.033962,0.011165,-1.419860,-0.012235,1.419912,26|27|28|28|30|31|32,0.5615
7321.883715,-0.121836,-5.242420,0.009976,4.475497,0.033766,0.011154,-1.426983,-0.012047,1.427033,26|27|28|28|30|31|32,0.5557
7321.900382,-0.129063,-5.261496,0.010396,4.482621,0.033580,0.011171,-1.423743,-0.015797,1.423831,27|28|28|30|31|32,0.5629
7321.933715,-0.129062,-5.261496,0.010396,4.496413,0.034209,0.011066,-1.437535,-0.016426,1.437629,27|28|28|30|31|32,0.5615
7321.950382,-0.181524,-5.189123,0.010750,4.510610,0.034913,0.010765,-1.491088,-0.045610,1.491785,27|28|28|30|31|32,0.5611
7321.967049,-0.113318,-5.296234,0.009893,4.510610,0.034913,0.010765,-1.432845,-0.008588,1.432871,27|28|28|30|31|32,0.5630
7321.983715,-0.113318,-5.296233,0.009892,4.517696,0.034683,0.010455,-1.439932,-0.008358,1.439956,27|28|28|30|31|32,0.5637
7322.000382,-0.117656,-5.305868,0.009684,4.531352,0.034373,0.010216,-1.448353,-0.010410,1.448391,27|28|28|30|31|32,0.5635
7322.017049,-0.121916,-5.315557,0.009222,4.537811,0.034974,0.010204,-1.449548,-0.013331,1.449610,27|28|28|30|31|32,0.5617
7322.033715,-0.127342,-5.333096,0.009335,4.537811,0.034974,0.010204,-1.440019,-0.016288,1.440111,27|28|28|30|31|32,0.5603
7322.050382,-0.127343,-5.333096,0.009338,4.551937,0.035096,0.010191,-1.454145,-0.016410,1.454237,27|28|28|30|31|32,0.5613
7322.067049,-0.165309,-5.254873,0.010787,4.551937,0.035096,0.010191,-1.496674,-0.037010,1.497131,27|28|28|30|31|32,0.5629
7322.083715,-0.165208,-5.264696,0.010123,4.559007,0.035196,0.010223,-1.498406,-0.037058,1.498864,27|28|28|30|31|32,0.5631
7322.100382,-0.165210,-5.264693,0.010125,4.566061,0.035307,0.010219,-1.505461,-0.037171,1.505920,27|28|28|30|31|32,0.5636
7322.117049,-0.118883,-5.375408,0.009524,4.573135,0.035431,0.010218,-1.452344,-0.012166,1.452395,27|28|28|30|31|32,0.5638
7322.133715,-0.118297,-5.385147,0.009196,4.579978,0.035539,0.010213,-1.453893,-0.011959,1.453942,27|28|28|30|31|32,0.5634
7322.150382,-0.118200,-5.391366,0.008351,4.586984,0.035543,0.010211,-1.457520,-0.011913,1.457569,27|28|28|30|31|32,0.5643
7322.167049,-0.118200,-5.391365,0.008350,4.600763,0.035679,0.010211,-1.471299,-0.012049,1.471349,27|28|28|30|31|32,0.5647
7322.183715,-0.163887,-5.308692,0.010287,4.607643,0.035778,0.010201,-1.523130,-0.036942,1.523578,27|28|28|30|31|32,0.5635
7322.200382,-0.118506,-5.418979,0.009906,4.607643,0.035778,0.010201,-1.463172,-0.012327,1.463224,27|28|28|30|31|32,0.5628
7322.217049,-0.118506,-5.418979,0.009907,4.614350,0.036235,0.010197,-1.469878,-0.012784,1.469934,27|28|28|30|31|32,0.5620
7322.233715,-0.157552,-5.342241,0.010093,4.628690,0.035985,0.010102,-1.525941,-0.033721,1.526313,27|28|28|30|31|32,0.5617
7322.250382,-0.160520,-5.351622,0.010163,4.628690,0.035985,0.010102,-1.520844,-0.035338,1.521254,27|28|28|30|31|32,0.5639
7322.267049,-0.118116,-5.452908,0.008385,4.635859,0.035891,0.010100,-1.472948,-0.012243,1.472999,27|28|28|30|31|32,0.5648
7322.283715,-0.118115,-5.452909,0.008387,4.649584,0.035781,0.009765,-1.486672,-0.012132,1.486722,27|28|28|30|31|32,0.5650
7322.300382,-0.122063,-5.472200,0.007518,4.656301,0.035805,0.009657,-1.482907,-0.014311,1.482976,27|28|28|30|31|32,0.5645
7322.317049,-0.122065,-5.472200,0.007516,4.663405,0.035745,0.009488,-1.490011,-0.014252,1.490079,27|28|28|30|31|32,0.5620
7322.333715,-0.168810,-5.395210,0.009887,4.663405,0.035745,0.009488,-1.531873,-0.039622,1.532386,27|28|28|30|31|32,0.5610
7322.350382,-0.125579,-5.496510,0.008222,4.670523,0.035727,0.009455,-1.483918,-0.016154,1.484006,27|28|28|30|31|32,0.5615
7322.367049,-0.158079,-5.442587,0.007006,4.677565,0.035703,0.009399,-1.520280,-0.033769,1.520655,27|28|28|30|31|32|33|34,0.5494
7322.383715,-0.161598,-5.446940,0.007460,4.690705,0.035878,0.009325,-1.531056,-0.035859,1.531476,27|28|28|30|31|32|33|34,0.5621
7322.400382,-0.163420,-5.455110,0.005860,4.697673,0.035875,0.009258,-1.533584,-0.036850,1.534027,27|28|28|30|31|32|33|34,0.5565
7322.417049,-0.185336,-5.409576,0.008037,4.704682,0.035916,0.009244,-1.565350,-0.048781,1.566110,27|28|30|31|32|33|34,0.5542
7322.433715,-0.194943,-5.401377,0.008029,4.704682,0.035916,0.009244,-1.569811,-0.053999,1.570739,28|30|31|32|33|34,0.5625
7322.450382,-0.195141,-5.411050,0.007511,4.718515,0.036064,0.009190,-1.578386,-0.054259,1.579318,28|30|31|32|33|34,0.5632
7322.467049,-0.195130,-5.420443,0.007918,4.718515,0.036064,0.009190,-1.573281,-0.054257,1.574216,28|30|31|32|33|34,0.5627
7322.483715,-0.195148,-5.420407,0.007918,4.732032,0.036318,0.009049,-1.586818,-0.054520,1.587755,28|30|31|32|33|34,0.5619
7322.500382,-0.194784,-5.429580,0.008325,4.732032,0.036318,0.009049,-1.581833,-0.054326,1.582765,28|30|31|32|33|34,0.5618
7322.517049,-0.192453,-5.448020,0.008297,4.738474,0.035968,0.009026,-1.578252,-0.052718,1.579132,28|30|31|32|33|34,0.5602
7322.533715,-0.192414,-5.448097,0.008297,4.752382,0.036211,0.008938,-1.592118,-0.052940,1.592998,28|30|31|32|33|34,0.5621
7322.550382,-0.198242,-5.452530,0.008459,4.752382,0.036211,0.008938,-1.589711,-0.056110,1.590701,28|30|31|32|33|34,0.5630
7322.567049,-0.196187,-5.471254,0.008543,4.766558,0.036275,0.008517,-1.593710,-0.055064,1.594661,28|30|31|32|33|34,0.5628
7322.583715,-0.196207,-5.471215,0.008542,4.773592,0.035393,0.008239,-1.600765,-0.054193,1.601683,28|30|31|32|33|34,0.5625
7322.600382,-0.197307,-5.486811,0.008137,4.773592,0.035393,0.008239,-1.592290,-0.054798,1.593232,28|30|31|32|33|34,0.5631
7322.650382,-0.197297,-5.486835,0.008133,4.794259,0.036015,0.007420,-1.612944,-0.055415,1.613896,28|30|31|32|33|34,0.5639
7322.667049,-0.201743,-5.524015,0.006231,4.801212,0.036271,0.007321,-1.599693,-0.058103,1.600747,28|30|31|32|33|34,0.5632
7322.683715,-0.198354,-5.533364,0.006374,4.815118,0.034880,0.006879,-1.608515,-0.054874,1.609451,28|30|31|32|33|34,0.5622
7322.700382,-0.207167,-5.539791,0.005778,4.815118,0.034880,0.006879,-1.605026,-0.059667,1.606135,28|30|31|32|33|34,0.5624
7322.717049,-0.219475,-5.547752,0.005834,4.822115,0.035246,0.006167,-1.607702,-0.066726,1.609086,28|30|31|32|33|34,0.5628
7322.733715,-0.213000,-5.557300,0.004423,4.829201,0.035759,0.005922,-1.609597,-0.063724,1.610858,28|30|31|32|33|34,0.5641
7322.750382,-0.205501,-5.567046,0.003615,4.836428,0.036319,0.005674,-1.611524,-0.060213,1.612648,28|30|31|32|33|34,0.5639
7322.767049,-0.197598,-5.576516,0.004563,4.843547,0.036013,0.005597,-1.613492,-0.055615,1.614451,28|30|31|32|33|34,0.5633
7322.800382,-0.211172,-5.594169,0.004489,4.857590,0.035310,0.005356,-1.617948,-0.062297,1.619146,28|30|31|32|33|34,0.5635
7322.817049,-0.213407,-5.601100,0.004842,4.864368,0.036049,0.005253,-1.620959,-0.064255,1.622232,28|30|31|32|33|34,0.5628
7322.833715,-0.203222,-5.610161,0.004771,4.878028,0.037668,0.004856,-1.629690,-0.060341,1.630807,28|30|31|32|33|34,0.5634
7322.850382,-0.203188,-5.610230,0.004772,4.885212,0.037211,0.005789,-1.636837,-0.059866,1.637931,28|30|31|32|33|34,0.5629
7322.883715,-0.191737,-5.634148,0.004679,4.892556,0.036272,0.006084,-1.631177,-0.052715,1.632029,28|30|31|32|33|34,0.5619
7322.917049,-0.191771,-5.634081,0.004675,4.912920,0.036804,0.005502,-1.651578,-0.053265,1.652436,28|30|31|32|33|34,0.5615
7322.950382,-0.215197,-5.653385,0.003560,4.927123,0.036355,0.005292,-1.655300,-0.065556,1.656597,30|31|32|33|34|35,0.5619
7322.967049,-0.198648,-5.671945,0.003578,4.934035,0.035919,0.005160,-1.652118,-0.056135,1.653071,30|31|32|33|34|35,0.5614
7323.000382,-0.197582,-5.679343,0.004250,4.940671,0.036617,0.005016,-1.654732,-0.056256,1.655688,30|31|32|33|34|35,0.5621
7323.017049,-0.203431,-5.705400,0.002264,4.947444,0.037476,0.004988,-1.647346,-0.060306,1.648450,30|31|32|33|34|35,0.5624
7323.033715,-0.203381,-5.705500,0.002267,4.954247,0.038354,0.004629,-1.654095,-0.061156,1.655225,30|31|32|33|34|35,0.5631
7323.050382,-0.179718,-5.724051,0.001351,4.968641,0.037761,0.004431,-1.658396,-0.047712,1.659082,30|31|32|33|34|35,0.5620
7323.067049,-0.181683,-5.731924,0.001894,4.975777,0.037376,0.004134,-1.661255,-0.048397,1.661960,30|31|32|33|34|35,0.5621
7323.083715,-0.189101,-5.742274,0.003132,4.975777,0.037376,0.004134,-1.655633,-0.052434,1.656463,30|31|32|33|34|35,0.5625
7323.100382,-0.194813,-5.750975,0.002753,4.982482,0.037885,0.003643,-1.657611,-0.056051,1.658558,30|31|32|33|34|35,0.5623
7323.117049,-0.186515,-5.758309,0.001746,4.989427,0.038659,0.003508,-1.660567,-0.052318,1.661391,30|31|32|33|34|35,0.5616
7323.133715,-0.175570,-5.767856,0.000894,4.996289,0.038154,0.003443,-1.662236,-0.045869,1.662869,30|31|32|33|34|35,0.5625
7323.150382,-0.175574,-5.767846,0.000896,5.010214,0.036789,0.003210,-1.676166,-0.044506,1.676756,30|31|32|33|34|35,0.5632
7323.167049,-0.183343,-5.774865,0.000234,5.016686,0.036451,0.003049,-1.678827,-0.048394,1.679524,30|31|32|33|34|35,0.5635
7323.183715,-0.204051,-5.794968,0.000946,5.016686,0.036451,0.003049,-1.667910,-0.059657,1.668977,30|31|32|33|34|35,0.5625
7323.200382,-0.209420,-5.800514,0.000740,5.023123,0.037381,0.002941,-1.671335,-0.063507,1.672541,30|31|32|33|34|35,0.5614
7323.217049,-0.196277,-5.805904,0.000371,5.037230,0.038272,0.002916,-1.682508,-0.057257,1.683482,30|31|32|33|34|35,0.5623
7323.250382,-0.196255,-5.805949,0.000370,5.051398,0.038111,0.002962,-1.696651,-0.057085,1.697611,30|31|32|33|34|35,0.5628
7323.267049,-0.184569,-5.826855,0.000072,5.051398,0.038111,0.002962,-1.685284,-0.050743,1.686048,30|31|32|33|34|35,0.5632
7323.283715,-0.187268,-5.846309,0.000439,5.065214,0.038840,0.002802,-1.688529,-0.052947,1.689359,30|31|32|33|34|35,0.5633
7323.300382,-0.187815,-5.856166,0.000377,5.065214,0.038840,0.002802,-1.683172,-0.053249,1.684014,30|31|32|33|34|35,0.5632
7323.317049,-0.176850,-5.861480,-0.000014,5.072343,0.038939,0.002759,-1.687408,-0.047390,1.688073,30|31|32|33|34|35,0.5623
7323.333715,-0.176507,-5.870219,0.000143,5.079442,0.038503,0.002555,-1.689757,-0.046772,1.690404,30|31|32|33|34|35,0.5633
7323.350382,-0.183006,-5.880181,0.000011,5.093149,0.037666,0.002460,-1.698053,-0.049471,1.698774,30|31|32|33|34|35,0.5644
7323.367049,-0.189816,-5.890716,-0.000600,5.093149,0.037666,0.002460,-1.692330,-0.053177,1.693165,30|31|32|33|34|35,0.5635
7323.383715,-0.189982,-5.890385,-0.000601,5.106774,0.038970,0.002257,-1.706135,-0.054572,1.707008,30|31|32|33|34|35,0.5615
7323.400382,-0.195421,-5.899871,0.000042,5.113938,0.038730,0.002250,-1.708146,-0.057292,1.709107,30|31|32|33|34|35,0.5607
7323.417049,-0.189945,-5.904229,-0.000206,5.121159,0.038457,0.002263,-1.712996,-0.054044,1.713848,30|31|32|33|34|35,0.5607
7323.433715,-0.197210,-5.891102,-0.000760,5.121159,0.038457,0.002263,-1.720134,-0.057986,1.721111,30|31|32|33|34|35|36|37,0.5522
7323.450382,-0.202050,-5.898768,-0.000974,5.128218,0.038202,0.001871,-1.723028,-0.060366,1.724085,30|31|32|33|34|35|36|37,0.5634
7323.500382,-0.233276,-5.865792,-0.003201,5.148279,0.037999,0.001613,-1.761025,-0.077119,1.762713,32|33|34|35|36|37,0.5606
7323.517049,-0.233287,-5.865770,-0.003202,5.162300,0.037194,0.001601,-1.775058,-0.076320,1.776698,32|33|34|35|36|37,0.5616
7323.533715,-0.245101,-5.883998,-0.003129,5.162300,0.037194,0.001601,-1.765157,-0.082748,1.767095,32|33|34|35|36|37,0.5619
7323.550382,-0.250951,-5.893548,-0.002435,5.169103,0.036801,0.001576,-1.766772,-0.085539,1.768842,32|33|34|35|36|37,0.5611
7323.567049,-0.250934,-5.893579,-0.002435,5.182079,0.038222,0.001575,-1.779731,-0.086951,1.781854,32|33|34|35|36|37,0.5610
7323.583715,-0.251005,-5.907053,-0.002839,5.188806,0.038639,0.001481,-1.779134,-0.087413,1.781281,32|33|34|35|36|37,0.5615
7323.617049,-0.231098,-5.925196,-0.003094,5.202644,0.038005,0.001419,-1.783104,-0.075967,1.784722,32|33|34|35|36|37,0.5632
7323.633715,-0.235785,-5.934569,-0.003167,5.202644,0.038005,0.001419,-1.778012,-0.078518,1.779745,32|33|34|35|36|37,0.5636
7323.650382,-0.235764,-5.934609,-0.003166,5.216709,0.037350,0.000685,-1.792056,-0.077853,1.793746,32|33|34|35|36|37,0.5631
7323.667049,-0.240353,-5.944173,-0.003474,5.216709,0.037350,0.000685,-1.786860,-0.080351,1.788666,32|33|34|35|36|37,0.5617
7323.717049,-0.245064,-5.953732,-0.003700,5.237704,0.036786,-0.000380,-1.802662,-0.082351,1.804542,32|33|34|35|36|37,0.5632
7323.733715,-0.256137,-5.987446,-0.004900,5.244644,0.036780,-0.000303,-1.791283,-0.088378,1.793462,32|33|34|35|36|37,0.5635
7323.750382,-0.256109,-5.987501,-0.004899,5.258310,0.036929,-0.000324,-1.804919,-0.088512,1.807088,32|33|34|35|36|37,0.5634
7323.767049,-0.256245,-6.006420,-0.004633,5.258310,0.036929,-0.000324,-1.794637,-0.088594,1.796823,32|33|34|35|36|37,0.5612
7323.783715,-0.254600,-6.011473,-0.005218,5.265307,0.036860,-0.000530,-1.798888,-0.087633,1.801021,32|33|34|35|36|37,0.5610
7323.800382,-0.255209,-6.020661,-0.005132,5.272342,0.036848,-0.000852,-1.800929,-0.087956,1.803076,32|33|34|35|36|37,0.5622
7323.817049,-0.255178,-6.020723,-0.005133,5.286428,0.036928,-0.001397,-1.814982,-0.088019,1.817115,32|33|34|35|36|37,0.5628
7323.850382,-0.253444,-6.049442,-0.005976,5.293447,0.036565,-0.001483,-1.806392,-0.086727,1.808472,32|33|34|35|36|37,0.5619
7323.867049,-0.258496,-6.055982,-0.006012,5.300313,0.035877,-0.001820,-1.809706,-0.088787,1.811882,32|33|34|35|36|37,0.5615
7323.883715,-0.258475,-6.056025,-0.006013,5.314290,0.036854,-0.001848,-1.823660,-0.089753,1.825867,32|33|34|35|36|37,0.5616
7323.900382,-0.260426,-6.073427,-0.006565,5.314290,0.036854,-0.001848,-1.814203,-0.090820,1.816475,32|33|34|35|36|37,0.5627
7323.917049,-0.260378,-6.073527,-0.006560,5.321284,0.037389,-0.001825,-1.821142,-0.091329,1.823431,32|33|34|35|36|37,0.5626
7323.933715,-0.253259,-6.082632,-0.005547,5.335283,0.037574,-0.001897,-1.830190,-0.087650,1.832287,32|33|34|35|36|37,0.5631
7323.950382,-0.245680,-6.092343,-0.005599,5.342274,0.036929,-0.002265,-1.831899,-0.082890,1.833774,32|33|34|35|36|37,0.5622
7323.967049,-0.246025,-6.102557,-0.005149,5.342274,0.036929,-0.002265,-1.826349,-0.083082,1.828237,32|33|34|35|36|37|38,0.5578
7323.983715,-0.253659,-6.110510,-0.005268,5.349178,0.037032,-0.002382,-1.828934,-0.087337,1.831018,32|33|34|35|36|37|38,0.5635
7324.000382,-0.255338,-6.107199,-0.005293,5.356017,0.037187,-0.002422,-1.837573,-0.088403,1.839699,32|33|34|35|36|37|38,0.5558
7324.017049,-0.269657,-6.090233,-0.005458,5.370054,0.037338,-0.002564,-1.860837,-0.096329,1.863328,33|34|35|36|37|38,0.5630
7324.033715,-0.267482,-6.099907,-0.005582,5.370054,0.037338,-0.002564,-1.855578,-0.095151,1.858016,33|34|35|36|37|38,0.5626
7324.050382,-0.267482,-6.099908,-0.005585,5.377086,0.036315,-0.002510,-1.862610,-0.094128,1.864987,33|34|35|36|37|38,0.5622
7324.067049,-0.281257,-6.115609,-0.006074,5.390845,0.036252,-0.002667,-1.867842,-0.101558,1.870601,33|34|35|36|37|38,0.5637
7324.083715,-0.286001,-6.123128,-0.006229,5.390845,0.036252,-0.002667,-1.863758,-0.104140,1.866665,33|34|35|36|37|38,0.5638
7324.100382,-0.280737,-6.132542,-0.006605,5.397789,0.036645,-0.002574,-1.865582,-0.101676,1.868351,33|34|35|36|37|38,0.5635
7324.117049,-0.275136,-6.142509,-0.006688,5.411690,0.037159,-0.002520,-1.874064,-0.099151,1.876685,33|34|35|36|37|38,0.5638
7324.133715,-0.275138,-6.142507,-0.006689,5.411690,0.037159,-0.002520,-1.874065,-0.099151,1.876686,33|34|35|36|37|38,0.5626
7324.150382,-0.267302,-6.158103,-0.006180,5.418578,0.036932,-0.002514,-1.872474,-0.094673,1.874866,33|34|35|36|37|38,0.5618
7324.167049,-0.270243,-6.165580,-0.006237,5.432605,0.037766,-0.002831,-1.882439,-0.097108,1.884942,33|34|35|36|37|38,0.5623
7324.183715,-0.264352,-6.175232,-0.006230,5.439524,0.038181,-0.002918,-1.884110,-0.094326,1.886469,33|34|35|36|37|38,0.5639
7324.200382,-0.258248,-6.184882,-0.006424,5.446324,0.038034,-0.002945,-1.885662,-0.090865,1.887850,33|34|35|36|37|38,0.5638
7324.217049,-0.258248,-6.184883,-0.006420,5.453359,0.036972,-0.003002,-1.892697,-0.089804,1.894827,33|34|35|36|37|38,0.5632
7324.233715,-0.252123,-6.194717,-0.006558,5.453359,0.036972,-0.003002,-1.887350,-0.086480,1.889330,33|34|35|36|37|38,0.5626
7324.250382,-0.254399,-6.200652,-0.006755,5.460289,0.036576,-0.003079,-1.891055,-0.087323,1.893070,33|34|35|36|37|38,0.5618
7324.267049,-0.274424,-6.218325,-0.006659,5.467351,0.036833,-0.003070,-1.888521,-0.098471,1.891086,33|34|35|36|37|38,0.5632
7324.283715,-0.270836,-6.228398,-0.006595,5.474375,0.037108,-0.003059,-1.890069,-0.096800,1.892546,33|34|35|36|37|38,0.5637
7324.300382,-0.266413,-6.238011,-0.006746,5.481417,0.037398,-0.003042,-1.891884,-0.094691,1.894252,33|34|35|36|37|38,0.5630
7324.317049,-0.266413,-6.238011,-0.006746,5.488225,0.036939,-0.003031,-1.898692,-0.094231,1.901029,33|34|35|36|37|38,0.5630
7324.333715,-0.269093,-6.254167,-0.007087,5.495176,0.035948,-0.003003,-1.896865,-0.094705,1.899228,33|34|35|36|37|38,0.5627
7324.350382,-0.282666,-6.263853,-0.006855,5.501875,0.036275,-0.003508,-1.898305,-0.102412,1.901066,33|34|35|36|37|38,0.5612
7324.367049,-0.282665,-6.263853,-0.006851,5.515987,0.037784,-0.003619,-1.912417,-0.103921,1.915238,33|34|35|36|37|38,0.5627
7324.383715,-0.264739,-6.279476,-0.006749,5.523063,0.038395,-0.003606,-1.910995,-0.094796,1.913344,33|34|35|36|37|38,0.5627
7324.400382,-0.253494,-6.289535,-0.006779,5.530241,0.037646,-0.003724,-1.912700,-0.087940,1.914721,33|34|35|36|37|38,0.5630
7324.417049,-0.245419,-6.297300,-0.006895,5.530241,0.037646,-0.003724,-1.908476,-0.083555,1.910305,33|34|35|36|37|38,0.5624
7324.433715,-0.255613,-6.306817,-0.006633,5.544447,0.036922,-0.003860,-1.917515,-0.088375,1.919550,33|34|35|36|37|38,0.5627
7324.450382,-0.266013,-6.316460,-0.006650,5.544447,0.036922,-0.003860,-1.912279,-0.094032,1.914589,33|34|35|36|37|38,0.5627
7324.467049,-0.264437,-6.324116,-0.006404,5.558672,0.037729,-0.003868,-1.922342,-0.093986,1.924638,33|34|35|36|37|38,0.5625
7324.483715,-0.264438,-6.324119,-0.006409,5.565607,0.037623,-0.003940,-1.929276,-0.093880,1.931558,33|34|35|36|37|38,0.5625
7324.500382,-0.258304,-6.335501,-0.006070,5.572691,0.036785,-0.004071,-1.930172,-0.089713,1.932255,33|34|35|36|37|38|39|40,0.5621
7324.517049,-0.252201,-6.344795,-0.007210,5.579634,0.036774,-0.004199,-1.932061,-0.086389,1.933991,33|34|35|36|37|38|39|40,0.5584
7324.533715,-0.253808,-6.351865,-0.007780,5.586754,0.037213,-0.004226,-1.935338,-0.087705,1.937325,35|36|37|38|39|40,0.5622
7324.550382,-0.264428,-6.369145,-0.007821,5.593874,0.037669,-0.004244,-1.933072,-0.093940,1.935353,35|36|37|38|39|40,0.5629
7324.583715,-0.251255,-6.389190,-0.008081,5.600601,0.037694,-0.004405,-1.928899,-0.086815,1.930852,35|36|37|38|39|40,0.5626
7324.600382,-0.251790,-6.395278,-0.007891,5.607496,0.036693,-0.004578,-1.932486,-0.086108,1.934403,35|36|37|38|39|40,0.5632
7324.617049,-0.265639,-6.404633,-0.007765,5.621388,0.035767,-0.004546,-1.941300,-0.092712,1.943513,35|36|37|38|39|40,0.5628
7324.633715,-0.279197,-6.414013,-0.007935,5.621388,0.035767,-0.004546,-1.936208,-0.100085,1.938793,35|36|37|38|39|40,0.5623
7324.650382,-0.279197,-6.414013,-0.007932,5.635531,0.036276,-0.004497,-1.950351,-0.100593,1.952943,35|36|37|38|39|40,0.5630
7324.667049,-0.277456,-6.422267,-0.007732,5.635531,0.036276,-0.004497,-1.945864,-0.099650,1.948414,35|36|37|38|39|40,0.5628
7324.683715,-0.269449,-6.442046,-0.007747,5.648911,0.035756,-0.004682,-1.948492,-0.094788,1.950796,35|36|37|38|39|40,0.5621
7324.700382,-0.265025,-6.451676,-0.007487,5.648911,0.035756,-0.004682,-1.943256,-0.092388,1.945451,35|36|37|38|39|40,0.5608
7324.717049,-0.276397,-6.455692,-0.007512,5.662562,0.036161,-0.004727,-1.954729,-0.098975,1.957233,35|36|37|38|39|40,0.5614
7324.733715,-0.276398,-6.455692,-0.007513,5.669759,0.036442,-0.004907,-1.961926,-0.099257,1.964435,35|36|37|38|39|40,0.5629
7324.750382,-0.269740,-6.472999,-0.007714,5.676901,0.036548,-0.005050,-1.959659,-0.095751,1.961997,35|36|37|38|39|40,0.5641
7324.783715,-0.269738,-6.473001,-0.007710,5.690986,0.034787,-0.005661,-1.973743,-0.093990,1.975979,35|36|37|38|39|40,0.5636
7324.817049,-0.288292,-6.509675,-0.008574,5.704368,0.034670,-0.006383,-1.967202,-0.103972,1.969948,35|36|37|38|39|40,0.5632
7324.833715,-0.288293,-6.509676,-0.008571,5.704368,0.034670,-0.006383,-1.967201,-0.103973,1.969947,35|36|37|38|39|40,0.5624
7324.850382,-0.287147,-6.525401,-0.009292,5.718316,0.035117,-0.006671,-1.972602,-0.103804,1.975332,35|36|37|38|39|40,0.5617
7324.867049,-0.277812,-6.535369,-0.009178,5.725512,0.034516,-0.006722,-1.974377,-0.098134,1.976814,35|36|37|38|39|40,0.5618
7324.883715,-0.279352,-6.543149,-0.008999,5.732667,0.033938,-0.006787,-1.977304,-0.098397,1.979751,35|36|37|38|39|40,0.5628
7324.900382,-0.279352,-6.543150,-0.008999,5.739364,0.034181,-0.007599,-1.984001,-0.098640,1.986452,35|36|37|38|39|40,0.5640
7324.917049,-0.287360,-6.552902,-0.009972,5.746486,0.034789,-0.008063,-1.985827,-0.103604,1.988527,35|36|37|38|39|40,0.5621
7324.933715,-0.288348,-6.569027,-0.010933,5.746486,0.034789,-0.008063,-1.977063,-0.104147,1.979805,35|36|37|38|39|40,0.5628
7324.950382,-0.288347,-6.569027,-0.010934,5.760719,0.034232,-0.008263,-1.991296,-0.103590,1.993989,35|36|37|38|39|40,0.5629
7324.967049,-0.279806,-6.587655,-0.012961,5.760719,0.034232,-0.008263,-1.981168,-0.098957,1.983638,35|36|37|38|39|40,0.5634
7324.983715,-0.285024,-6.597302,-0.011824,5.767886,0.033829,-0.008201,-1.983095,-0.101394,1.985685,35|36|37|38|39|40,0.5632
7325.000382,-0.285024,-6.597301,-0.011822,5.774936,0.033525,-0.008273,-1.990145,-0.101090,1.992711,35|36|37|38|39|40,0.5629
7325.017049,-0.292796,-6.616048,-0.012907,5.781496,0.034339,-0.008393,-1.986520,-0.106135,1.989354,35|36|37|38|39|40|41,0.5621
7325.033715,-0.280175,-6.621223,-0.012677,5.788620,0.035521,-0.008420,-1.990826,-0.100461,1.993359,35|36|37|38|39|40|41,0.5621
7325.050382,-0.262877,-6.630728,-0.013068,5.795790,0.035156,-0.008421,-1.992822,-0.090700,1.994885,35|36|37|38|39|40|41,0.5564
7325.067049,-0.267461,-6.640385,-0.013462,5.803022,0.034601,-0.008409,-1.994808,-0.092640,1.996958,36|37|38|39|40|41,0.5629
7325.083715,-0.267465,-6.640386,-0.013458,5.817225,0.033787,-0.008531,-2.009011,-0.091828,2.011109,36|37|38|39|40|41,0.5626
7325.100382,-0.280935,-6.659680,-0.012787,5.823962,0.034310,-0.009318,-2.005268,-0.099680,2.007744,36|37|38|39|40|41,0.5632
7325.117049,-0.284481,-6.667014,-0.013184,5.823962,0.034310,-0.009318,-2.001283,-0.101610,2.003861,36|37|38|39|40|41,0.5614
7325.133715,-0.274108,-6.675686,-0.013673,5.838098,0.034154,-0.009829,-2.010702,-0.095821,2.012984,36|37|38|39|40|41,0.5629
7325.150382,-0.274106,-6.675686,-0.013673,5.845160,0.033673,-0.009880,-2.017764,-0.095339,2.020015,36|37|38|39|40|41,0.5632
7325.167049,-0.269056,-6.684699,-0.013719,5.852226,0.033189,-0.009848,-2.019929,-0.092114,2.022029,36|37|38|39|40|41,0.5645
7325.183715,-0.281654,-6.703524,-0.013825,5.852226,0.033189,-0.009848,-2.009704,-0.098969,2.012140,36|37|38|39|40|41,0.5639
7325.200382,-0.281654,-6.703524,-0.013823,5.865708,0.033779,-0.010195,-2.023185,-0.099559,2.025634,36|37|38|39|40|41,0.5627
7325.217049,-0.289506,-6.719620,-0.013716,5.865708,0.033779,-0.010195,-2.014441,-0.103834,2.017115,36|37|38|39|40|41,0.5610
7325.233715,-0.289508,-6.719620,-0.013719,5.880138,0.033701,-0.010201,-2.028872,-0.103757,2.031523,36|37|38|39|40|41,0.5606
7325.250382,-0.272468,-6.737079,-0.013912,5.880138,0.033701,-0.010201,-2.019376,-0.094503,2.021586,36|37|38|39|40|41,0.5612
7325.267049,-0.275905,-6.746674,-0.013964,5.894316,0.033357,-0.010224,-2.028340,-0.096032,2.030612,36|37|38|39|40|41,0.5617
7325.283715,-0.279158,-6.756447,-0.013925,5.894316,0.033357,-0.010224,-2.023030,-0.097804,2.025393,36|37|38|39|40|41,0.5609
7325.317049,-0.279155,-6.756448,-0.013924,5.908234,0.034153,-0.010365,-2.036948,-0.098598,2.039333,36|37|38|39|40|41,0.5611
7325.350382,-0.271167,-6.789951,-0.013819,5.929154,0.032897,-0.010537,-2.039656,-0.093016,2.041776,36|37|38|39|40|41,0.5627
7325.367049,-0.276150,-6.799322,-0.013909,5.929154,0.032897,-0.010537,-2.034566,-0.095728,2.036817,36|37|38|39|40|41,0.5630
7325.383715,-0.276149,-6.799323,-0.013909,5.935978,0.032729,-0.010484,-2.041389,-0.095559,2.043625,36|37|38|39|40|41,0.5629
7325.400382,-0.282222,-6.814230,-0.013627,5.943021,0.033644,-0.010473,-2.040333,-0.099782,2.042772,36|37|38|39|40|41,0.5626
7325.417049,-0.268084,-6.824080,-0.013158,5.950062,0.033339,-0.010369,-2.042015,-0.091797,2.044077,36|37|38|39|40|41,0.5632
7325.433715,-0.268085,-6.824080,-0.013158,5.957103,0.032996,-0.010308,-2.049055,-0.091454,2.051095,36|37|38|39|40|41,0.5635
7325.450382,-0.276389,-6.843244,-0.013907,5.964137,0.032650,-0.010253,-2.045678,-0.095630,2.047912,36|37|38|39|40|41,0.5631
7325.467049,-0.280512,-6.852805,-0.013966,5.971166,0.032280,-0.010245,-2.047513,-0.097505,2.049833,36|37|38|39|40|41,0.5626
7325.483715,-0.284930,-6.863003,-0.014156,5.977620,0.032849,-0.010269,-2.048426,-0.100480,2.050889,36|37|38|39|40|41,0.5623
7325.500382,-0.284928,-6.863006,-0.014155,5.992057,0.033375,-0.010260,-2.062862,-0.101004,2.065333,36|37|38|39|40|41,0.5618
7325.533715,-0.275693,-6.865464,-0.013993,6.006436,0.033074,-0.010343,-2.075900,-0.095685,2.078104,36|37|38|39|40|41,0.5623
7325.550382,-0.267215,-6.887150,-0.012632,6.006436,0.033074,-0.010343,-2.064111,-0.091087,2.066120,36|37|38|39|40|41|42|43,0.5640
7325.567049,-0.268806,-6.906067,-0.012556,6.013517,0.032907,-0.010327,-2.060911,-0.091793,2.062955,36|37|38|39|40|41|42|43,0.5563
7325.583715,-0.269815,-6.917096,-0.011233,6.020305,0.033298,-0.010338,-2.061706,-0.092738,2.063790,38|39|40|41|42|43,0.5638
7325.600382,-0.262784,-6.921269,-0.011611,6.034652,0.033089,-0.010397,-2.073782,-0.088709,2.075679,38|39|40|41|42|43,0.5629
7325.617049,-0.261372,-6.931370,-0.011629,6.034652,0.033089,-0.010397,-2.068292,-0.087947,2.070161,38|39|40|41|42|43,0.5636
7325.667049,-0.261373,-6.931369,-0.011630,6.062607,0.032949,-0.010411,-2.096248,-0.087806,2.098086,38|39|40|41|42|43,0.5621
7325.683715,-0.270004,-6.961748,-0.011122,6.069646,0.032531,-0.010413,-2.086780,-0.092093,2.088811,38|39|40|41|42|43,0.5619
7325.700382,-0.263420,-6.965491,-0.011575,6.076662,0.032111,-0.010385,-2.091758,-0.088096,2.093612,38|39|40|41|42|43,0.5633
7325.717049,-0.267623,-6.984270,-0.011682,6.076662,0.032111,-0.010385,-2.081554,-0.090388,2.083516,38|39|40|41|42|43,0.5640
7325.733715,-0.272636,-6.993486,-0.011471,6.083583,0.031682,-0.010394,-2.083469,-0.092688,2.085529,38|39|40|41|42|43,0.5643
7325.750382,-0.277891,-7.003062,-0.010971,6.090643,0.031262,-0.010367,-2.085327,-0.095128,2.087495,38|39|40|41|42|43,0.5633
7325.783715,-0.277892,-7.003063,-0.010967,6.111766,0.031668,-0.010135,-2.106450,-0.095535,2.108616,38|39|40|41|42|43,0.5619
7325.800382,-0.267411,-7.027473,-0.011606,6.118809,0.031053,-0.010142,-2.100222,-0.089234,2.102116,38|39|40|41|42|43,0.5623
7325.833715,-0.283017,-7.046136,-0.010878,6.132122,0.031057,-0.010582,-2.103399,-0.097728,2.105668,38|39|40|41|42|43,0.5619
7325.850382,-0.283016,-7.046137,-0.010879,6.139392,0.031235,-0.010648,-2.110668,-0.097905,2.112937,38|39|40|41|42|43,0.5625
7325.867049,-0.280142,-7.060271,-0.010816,6.139392,0.031235,-0.010648,-2.102985,-0.096350,2.105191,38|39|40|41|42|43,0.5631
7325.883715,-0.276932,-7.070576,-0.010726,6.146652,0.030848,-0.010646,-2.104644,-0.094223,2.106752,38|39|40|41|42|43,0.5634
7325.900382,-0.281592,-7.080335,-0.011249,6.153814,0.030470,-0.010590,-2.106504,-0.096382,2.108708,38|39|40|41|42|43,0.5651
7325.917049,-0.281593,-7.080335,-0.011245,6.167776,0.029718,-0.010578,-2.120465,-0.095630,2.122620,38|39|40|41|42|43,0.5649
7325.933715,-0.290458,-7.099733,-0.011441,6.167776,0.029718,-0.010578,-2.109927,-0.100457,2.112317,38|39|40|41|42|43,0.5638
7325.950382,-0.290459,-7.099733,-0.011441,6.181351,0.029752,-0.010698,-2.123502,-0.100491,2.125879,38|39|40|41|42|43,0.5632
7325.967049,-0.291612,-7.113161,-0.011819,6.181351,0.029752,-0.010698,-2.116205,-0.101124,2.118620,38|39|40|41|42|43,0.5616
7325.983715,-0.291611,-7.113161,-0.011822,6.195841,0.029492,-0.010691,-2.130694,-0.100864,2.133080,38|39|40|41|42|43,0.5624
7326.000382,-0.293155,-7.133042,-0.012324,6.195841,0.029492,-0.010691,-2.119890,-0.101711,2.122329,38|39|40|41|42|43,0.5636
7326.017049,-0.293154,-7.133043,-0.012324,6.203120,0.029386,-0.010732,-2.127169,-0.101605,2.129594,38|39|40|41|42|43,0.5640
7326.033715,-0.294112,-7.152871,-0.012403,6.210130,0.029423,-0.010796,-2.123403,-0.102171,2.125860,38|39|40|41|42|43,0.5634
7326.050382,-0.292639,-7.158805,-0.012466,6.217033,0.029325,-0.010864,-2.127080,-0.101275,2.129490,38|39|40|41|42|43,0.5623
7326.083715,-0.292638,-7.158809,-0.012463,6.237746,0.029524,-0.011085,-2.147792,-0.101474,2.150188,38|39|40|41|42|43,0.5621
7326.100382,-0.289246,-7.186922,-0.012798,6.237746,0.029524,-0.011085,-2.132511,-0.099642,2.134838,38|39|40|41|42|43|44,0.5553
7326.117049,-0.289324,-7.187653,-0.012933,6.244704,0.029597,-0.011130,-2.139072,-0.099758,2.141397,39|40|41|42|43|44,0.5616
7326.133715,-0.285373,-7.207214,-0.012371,6.251340,0.029768,-0.011185,-2.135075,-0.097790,2.137313,39|40|41|42|43|44,0.5598
7326.150382,-0.285373,-7.207214,-0.012371,6.258386,0.029571,-0.011286,-2.142121,-0.097594,2.144343,39|40|41|42|43|44,0.5601
7326.167049,-0.281922,-7.209990,-0.012944,6.272636,0.029435,-0.011347,-2.154860,-0.095583,2.156979,39|40|41|42|43|44,0.5618
7326.183715,-0.283601,-7.228987,-0.012811,6.272636,0.029435,-0.011347,-2.144537,-0.096504,2.146707,39|40|41|42|43|44,0.5628
7326.200382,-0.283623,-7.239188,-0.012475,6.279756,0.029384,-0.011399,-2.146113,-0.096469,2.148281,39|40|41|42|43|44,0.5636
7326.217049,-0.283623,-7.239187,-0.012477,6.293768,0.029197,-0.011457,-2.160126,-0.096283,2.162270,39|40|41|42|43|44,0.5629
7326.267049,-0.284593,-7.273157,-0.013637,6.307788,0.029014,-0.011660,-2.155684,-0.096641,2.157849,39|40|41|42|43|44,0.5643
7326.283715,-0.284592,-7.273158,-0.013637,6.321548,0.028913,-0.011722,-2.169443,-0.096540,2.171590,39|40|41|42|43|44,0.5645
7326.300382,-0.284189,-7.293068,-0.013244,6.328685,0.028856,-0.011774,-2.165760,-0.096272,2.167899,39|40|41|42|43|44,0.5636
7326.317049,-0.284189,-7.293068,-0.013244,6.335091,0.028440,-0.012278,-2.172165,-0.095856,2.174279,39|40|41|42|43|44,0.5628
7326.333715,-0.283853,-7.303082,-0.013833,6.342290,0.028455,-0.012617,-2.173923,-0.095694,2.176028,39|40|41|42|43|44,0.5608
7326.350382,-0.287207,-7.314188,-0.014362,6.342290,0.028455,-0.012617,-2.167888,-0.097521,2.170081,39|40|41|42|43|44,0.5607
7326.367049,-0.287208,-7.314187,-0.014363,6.349544,0.028512,-0.012795,-2.175142,-0.097578,2.177330,39|40|41|42|43|44,0.5616
7326.400382,-0.285032,-7.324481,-0.014856,6.370510,0.027987,-0.012893,-2.190513,-0.095875,2.192610,39|40|41|42|43|44,0.5619
7326.417049,-0.279959,-7.345586,-0.014783,6.377540,0.028003,-0.012937,-2.186071,-0.093143,2.188054,39|40|41|42|43|44,0.5609
7326.433715,-0.279930,-7.352467,-0.014604,6.384412,0.028048,-0.012971,-2.189203,-0.093176,2.191185,39|40|41|42|43|44,0.5619
7326.450382,-0.286490,-7.357655,-0.014610,6.391269,0.028102,-0.013006,-2.193243,-0.096798,2.195378,39|40|41|42|43|44,0.5630
7326.467049,-0.283636,-7.377877,-0.014539,6.391269,0.028102,-0.013006,-2.182252,-0.095255,2.184330,39|40|41|42|43|44,0.5634
7326.483715,-0.281653,-7.387906,-0.014827,6.398315,0.028163,-0.013058,-2.183847,-0.094242,2.185880,39|40|41|42|43|44,0.5632
7326.500382,-0.279579,-7.398108,-0.014354,6.412093,0.027352,-0.013154,-2.192079,-0.092309,2.194022,39|40|41|42|43|44,0.5628
7326.517049,-0.281657,-7.403854,-0.014435,6.419109,0.027474,-0.013120,-2.195973,-0.093563,2.197966,39|40|41|42|43|44,0.5607
7326.533715,-0.281657,-7.403855,-0.014435,6.426130,0.027617,-0.013078,-2.202993,-0.093706,2.204985,39|40|41|42|43|44,0.5615
7326.550382,-0.288593,-7.410708,-0.014607,6.433145,0.027781,-0.013043,-2.206287,-0.097642,2.208446,39|40|41|42|43|44,0.5632
7326.567049,-0.282325,-7.431167,-0.014514,6.433145,0.027781,-0.013043,-2.195165,-0.094245,2.197187,39|40|41|42|43|44,0.5635
7326.600382,-0.282323,-7.431167,-0.014514,6.446925,0.027052,-0.013175,-2.208946,-0.093515,2.210924,39|40|41|42|43|44,0.5592
7326.617049,-0.275026,-7.451560,-0.014563,6.461058,0.027122,-0.013172,-2.211992,-0.089628,2.213807,39|40|41|42|43|44|45|46,0.5596
7326.633715,-0.289126,-7.461279,-0.017053,6.461058,0.027122,-0.013172,-2.206716,-0.097295,2.208860,40|41|42|43|44|45|46,0.5552
7326.650382,-0.282753,-7.472931,-0.015792,6.468299,0.027459,-0.013189,-2.207622,-0.094174,2.209629,41|42|43|44|45|46,0.5651
7326.667049,-0.282753,-7.472931,-0.015791,6.482463,0.028041,-0.013176,-2.221785,-0.094756,2.223805,41|42|43|44|45|46,0.5650
7326.683715,-0.270564,-7.494236,-0.015447,6.489373,0.027312,-0.013213,-2.217112,-0.087411,2.218834,41|42|43|44|45|46,0.5642
7326.700382,-0.270565,-7.494237,-0.015450,6.496452,0.027135,-0.013291,-2.224191,-0.087235,2.225901,41|42|43|44|45|46,0.5635
7326.717049,-0.276048,-7.509772,-0.015952,6.496452,0.027135,-0.013291,-2.215750,-0.090222,2.217586,41|42|43|44|45|46,0.5630
7326.733715,-0.276048,-7.509772,-0.015952,6.510972,0.027546,-0.013305,-2.230269,-0.090633,2.232110,41|42|43|44|45|46,0.5643
7326.750382,-0.272613,-7.528482,-0.015900,6.510972,0.027546,-0.013305,-2.220099,-0.088774,2.221873,41|42|43|44|45|46,0.5639
7326.767049,-0.272611,-7.528482,-0.015898,6.524850,0.026753,-0.013174,-2.233977,-0.087980,2.235709,41|42|43|44|45|46,0.5632
7326.783715,-0.266007,-7.547857,-0.015789,6.524850,0.026753,-0.013174,-2.223445,-0.084400,2.225046,41|42|43|44|45|46,0.5630
7326.800382,-0.278650,-7.553124,-0.015248,6.531857,0.026377,-0.013164,-2.227595,-0.090897,2.229449,41|42|43|44|45|46,0.5627
7326.817049,-0.278650,-7.553123,-0.015249,6.538997,0.026387,-0.013130,-2.234735,-0.090908,2.236583,41|42|43|44|45|46,0.5641
7326.833715,-0.282383,-7.561574,-0.014781,6.553010,0.026391,-0.013172,-2.244157,-0.092944,2.246081,41|42|43|44|45|46,0.5644
7326.850382,-0.279467,-7.582413,-0.014568,6.553010,0.026391,-0.013172,-2.232831,-0.091368,2.234699,41|42|43|44|45|46,0.5642
7326.867049,-0.279467,-7.582413,-0.014567,6.566752,0.025956,-0.013234,-2.246572,-0.090933,2.248412,41|42|43|44|45|46,0.5637
7326.883715,-0.277418,-7.602639,-0.015287,6.566752,0.025956,-0.013234,-2.235579,-0.089829,2.237383,41|42|43|44|45|46,0.5619
7326.900382,-0.282557,-7.605358,-0.015180,6.580856,0.025520,-0.013010,-2.248207,-0.092186,2.250097,41|42|43|44|45|46,0.5615
7326.917049,-0.284700,-7.615003,-0.015724,6.580856,0.025520,-0.013010,-2.242967,-0.093356,2.244909,41|42|43|44|45|46,0.5621
7326.933715,-0.286551,-7.624821,-0.015043,6.595336,0.025098,-0.013247,-2.252111,-0.093944,2.254070,41|42|43|44|45|46,0.5620
7326.950382,-0.286552,-7.624821,-0.015045,6.601887,0.024401,-0.013449,-2.258662,-0.093247,2.260586,41|42|43|44|45|46,0.5615
7326.967049,-0.288430,-7.635021,-0.015638,6.609006,0.024294,-0.014028,-2.260239,-0.094165,2.262200,41|42|43|44|45|46,0.5603
7326.983715,-0.299103,-7.647345,-0.015506,6.616150,0.024313,-0.014115,-2.260690,-0.099990,2.262900,41|42|43|44|45|46,0.5617
7327.000382,-0.299105,-7.647347,-0.015519,6.616150,0.024313,-0.014115,-2.260688,-0.099992,2.262899,41|42|43|44|45|46,0.5690
7327.050382,-0.292034,-7.688422,-0.016244,6.637113,0.024279,-0.014238,-2.259325,-0.096132,2.261369,41|42|43|44|45|46,0.5637
7327.067049,-0.293261,-7.694727,-0.017657,6.650933,0.022924,-0.014436,-2.269719,-0.095448,2.271725,41|42|43|44|45|46,0.5633
7327.100382,-0.309360,-7.709634,-0.017951,6.658127,0.023193,-0.014443,-2.268819,-0.104472,2.271223,41|42|43|44|45|46,0.5631
7327.117049,-0.309848,-7.710725,-0.017765,6.672648,0.023535,-0.014400,-2.282747,-0.105080,2.285165,41|42|43|44|45|46|47,0.5644
7327.150382,-0.305271,-7.720792,-0.017221,6.686750,0.022546,-0.014403,-2.291376,-0.101608,2.293628,42|43|44|45|46|47,0.5632
7327.167049,-0.297530,-7.738480,-0.016852,6.693885,0.022989,-0.014351,-2.288894,-0.097851,2.290984,42|43|44|45|46|47,0.5636
7327.183715,-0.307852,-7.748361,-0.016420,6.700912,0.023464,-0.014373,-2.290556,-0.103940,2.292913,42|43|44|45|46|47,0.5646
7327.200382,-0.301277,-7.765590,-0.016169,6.707892,0.023931,-0.014406,-2.288169,-0.100842,2.290390,42|43|44|45|46|47,0.5642
7327.217049,-0.293207,-7.776218,-0.016681,6.707892,0.023931,-0.014406,-2.282389,-0.096461,2.284427,42|43|44|45|46|47,0.5636
7327.233715,-0.284951,-7.786704,-0.016922,6.721768,0.022608,-0.014494,-2.290563,-0.090655,2.292356,42|43|44|45|46|47,0.5622
7327.267049,-0.301822,-7.799872,-0.017094,6.728666,0.022445,-0.014505,-2.290311,-0.099667,2.292479,42|43|44|45|46|47,0.5623
7327.283715,-0.302272,-7.806937,-0.016904,6.735863,0.022751,-0.014510,-2.293669,-0.100221,2.295858,42|43|44|45|46|47,0.5627
7327.300382,-0.296583,-7.817452,-0.017818,6.750287,0.023401,-0.014562,-2.302376,-0.097783,2.304452,42|43|44|45|46|47,0.5629
7327.317049,-0.290720,-7.828247,-0.017397,6.757180,0.022768,-0.014485,-2.303399,-0.093969,2.305315,42|43|44|45|46|47,0.5632
7327.333715,-0.290718,-7.828247,-0.017392,6.764350,0.021964,-0.014530,-2.310570,-0.093164,2.312447,42|43|44|45|46|47,0.5621
7327.350382,-0.292847,-7.844304,-0.017882,6.764350,0.021964,-0.014530,-2.301844,-0.094328,2.303776,42|43|44|45|46|47,0.5625
7327.367049,-0.292846,-7.844303,-0.017882,6.778453,0.022491,-0.014580,-2.315947,-0.094855,2.317889,42|43|44|45|46|47,0.5623
7327.383715,-0.297090,-7.862215,-0.018339,6.778453,0.022491,-0.014580,-2.306214,-0.097169,2.308261,42|43|44|45|46|47,0.5630
7327.417049,-0.286595,-7.883425,-0.018171,6.799327,0.022082,-0.014594,-2.315557,-0.091065,2.317347,42|43|44|45|46|47,0.5618
7327.433715,-0.286595,-7.883425,-0.018171,6.806220,0.021508,-0.014757,-2.322450,-0.090492,2.324212,42|43|44|45|46|47,0.5612
7327.450382,-0.293961,-7.897423,-0.017659,6.806220,0.021508,-0.014757,-2.314845,-0.094500,2.316773,42|43|44|45|46|47,0.5615
7327.467049,-0.300309,-7.904252,-0.018139,6.813458,0.021817,-0.014802,-2.318375,-0.098263,2.320457,42|43|44|45|46|47,0.5620
7327.483715,-0.294307,-7.915061,-0.017837,6.827787,0.022253,-0.014768,-2.326827,-0.095441,2.328784,42|43|44|45|46|47,0.5617
7327.500382,-0.288625,-7.925867,-0.017494,6.827787,0.022253,-0.014768,-2.320951,-0.092358,2.322788,42|43|44|45|46|47,0.5614
7327.517049,-0.288625,-7.925867,-0.017494,6.841610,0.021018,-0.014247,-2.334775,-0.091123,2.336552,42|43|44|45|46|47,0.5603
7327.533715,-0.285381,-7.933402,-0.017525,6.848837,0.021279,-0.014255,-2.337905,-0.089624,2.339622,42|43|44|45|46|47,0.5604
7327.550382,-0.301764,-7.947847,-0.016661,6.848837,0.021279,-0.014255,-2.330062,-0.098534,2.332144,42|43|44|45|46|47,0.5620
7327.567049,-0.296727,-7.958608,-0.016503,6.862928,0.021793,-0.014263,-2.338302,-0.096316,2.340285,42|43|44|45|46|47,0.5630
7327.617049,-0.285809,-7.986541,-0.017656,6.876702,0.020941,-0.013859,-2.336890,-0.089542,2.338605,42|43|44|45|46|47|48,0.5457
7327.633715,-0.299429,-7.995444,-0.016096,6.890977,0.021139,-0.013764,-2.346332,-0.097147,2.348342,42|43|44|45|46|47|48|49,0.5604
7327.667049,-0.294379,-8.013672,-0.017979,6.898270,0.021424,-0.013739,-2.343717,-0.094694,2.345629,44|45|46|47|48|49,0.5633
7327.683716,-0.289194,-8.024172,-0.017642,6.912288,0.021023,-0.013771,-2.352026,-0.091481,2.353804,44|45|46|47|48|49,0.5615
7327.700382,-0.283906,-8.035015,-0.017570,6.912288,0.021023,-0.013771,-2.346130,-0.088612,2.347803,44|45|46|47|48|49,0.5597
7327.717049,-0.292680,-8.038535,-0.017184,6.926156,0.020382,-0.013819,-2.358090,-0.092741,2.359913,44|45|46|47|48|49,0.5609
7327.733716,-0.292681,-8.038536,-0.017183,6.926156,0.020382,-0.013819,-2.358089,-0.092741,2.359912,44|45|46|47|48|49,0.5609
7327.750382,-0.298127,-8.054471,-0.017420,6.940245,0.021242,-0.013765,-2.363520,-0.096567,2.365492,44|45|46|47|48|49,0.5632
7327.767049,-0.290612,-8.065176,-0.018453,6.940245,0.021242,-0.013765,-2.357699,-0.092488,2.359512,44|45|46|47|48|49,0.5634
7327.783716,-0.290612,-8.065175,-0.018452,6.954191,0.021046,-0.013874,-2.371646,-0.092291,2.373441,44|45|46|47|48|49,0.5637
7327.800382,-0.283430,-8.075763,-0.017786,6.961322,0.020438,-0.013944,-2.373019,-0.087785,2.374642,44|45|46|47|48|49,0.5631
7327.817049,-0.284258,-8.092060,-0.017293,6.961322,0.020438,-0.013944,-2.364162,-0.088242,2.365808,44|45|46|47|48|49,0.5631
7327.833716,-0.290938,-8.099641,-0.018369,6.968626,0.020715,-0.013927,-2.367350,-0.092153,2.369142,44|45|46|47|48|49,0.5631
7327.850382,-0.290937,-8.099640,-0.018368,6.983334,0.021246,-0.013958,-2.382057,-0.092684,2.383860,44|45|46|47|48|49,0.5627
7327.883716,-0.276167,-8.131747,-0.018028,6.989985,0.020507,-0.013698,-2.371252,-0.083932,2.372737,44|45|46|47|48|49,0.5624
7327.900382,-0.286362,-8.135761,-0.017125,6.997000,0.019700,-0.013645,-2.376091,-0.088667,2.377745,44|45|46|47|48|49,0.5632
7327.917049,-0.296280,-8.143885,-0.017817,7.011266,0.019842,-0.013559,-2.385946,-0.094203,2.387805,44|45|46|47|48|49,0.5640
7327.933716,-0.294159,-8.154539,-0.018177,7.011266,0.019842,-0.013559,-2.380155,-0.093055,2.381973,44|45|46|47|48|49,0.5645
7327.950382,-0.291961,-8.164995,-0.017674,7.018248,0.019938,-0.013632,-2.381453,-0.091961,2.383228,44|45|46|47|48|49,0.5645
7327.967049,-0.289865,-8.175600,-0.017810,7.032133,0.019608,-0.013709,-2.389574,-0.090496,2.391287,44|45|46|47|48|49,0.5633
7327.983716,-0.288137,-8.185671,-0.017944,7.032133,0.019608,-0.013709,-2.384100,-0.089561,2.385781,44|45|46|47|48|49,0.5617
7328.000382,-0.292279,-8.189968,-0.018088,7.039169,0.019162,-0.013670,-2.388802,-0.091369,2.390549,44|45|46|47|48|49,0.5608
7328.033716,-0.292279,-8.189967,-0.018089,7.053593,0.018787,-0.013542,-2.403226,-0.090994,2.404948,44|45|46|47|48|49,0.5625
7328.067049,-0.298769,-8.208434,-0.017554,7.074557,0.017754,-0.013943,-2.414157,-0.093497,2.415967,44|45|46|47|48|49,0.5620
7328.083716,-0.310668,-8.231981,-0.017820,7.074557,0.017754,-0.013943,-2.401365,-0.099974,2.403446,44|45|46|47|48|49,0.5620
7328.117049,-0.308814,-8.251166,-0.018403,7.088769,0.017912,-0.013942,-2.405150,-0.099132,2.407192,44|45|46|47|48|49,0.5643
7328.133716,-0.308814,-8.251166,-0.018403,7.102828,0.017918,-0.014065,-2.419208,-0.099138,2.421239,44|45|46|47|48|49,0.5643
7328.150382,-0.304417,-8.272801,-0.018540,7.102828,0.017918,-0.014065,-2.407448,-0.096758,2.409392,44|45|46|47|48|49|50,0.5638
7328.167049,-0.304417,-8.272804,-0.018541,7.109656,0.017022,-0.014009,-2.414275,-0.095863,2.416177,44|45|46|47|48|49|50,0.5615
7328.183716,-0.304496,-8.280270,-0.018183,7.123763,0.016723,-0.014117,-2.424324,-0.095609,2.426208,44|45|46|47|48|49|50,0.5558
7328.200382,-0.316641,-8.286287,-0.018446,7.123763,0.016723,-0.014117,-2.421059,-0.102212,2.423215,45|46|47|48|49|50,0.5634
7328.217049,-0.317578,-8.304096,-0.018563,7.131032,0.016999,-0.014114,-2.418650,-0.103006,2.420842,45|46|47|48|49|50,0.5629
7328.233716,-0.317577,-8.304095,-0.018565,7.145404,0.016542,-0.013842,-2.433023,-0.102548,2.435183,45|46|47|48|49|50,0.5619
7328.250382,-0.308531,-8.323376,-0.018292,7.145404,0.016542,-0.013842,-2.422540,-0.097640,2.424507,45|46|47|48|49|50,0.5622
7328.267049,-0.308530,-8.323376,-0.018293,7.152433,0.016129,-0.013851,-2.429568,-0.097227,2.431513,45|46|47|48|49|50,0.5637
7328.283716,-0.321109,-8.338125,-0.018414,7.159587,0.016557,-0.013801,-2.428712,-0.104497,2.430959,45|46|47|48|49|50,0.5643
7328.300382,-0.313771,-8.348909,-0.018751,7.173724,0.017469,-0.013834,-2.436986,-0.101425,2.439095,45|46|47|48|49|50,0.5635
7328.317049,-0.306165,-8.359770,-0.017896,7.173724,0.017469,-0.013834,-2.431080,-0.097297,2.433026,45|46|47|48|49|50,0.5632
7328.333716,-0.306165,-8.359770,-0.017895,7.187677,0.016582,-0.013569,-2.445032,-0.096410,2.446932,45|46|47|48|49|50,0.5623
7328.350382,-0.295205,-8.375570,-0.018336,7.194781,0.016133,-0.013551,-2.443544,-0.090012,2.445202,45|46|47|48|49|50,0.5619
7328.367049,-0.295206,-8.375572,-0.018338,7.202066,0.016419,-0.013549,-2.450829,-0.090298,2.452492,45|46|47|48|49|50,0.5620
7328.400382,-0.309517,-8.382075,-0.017581,7.216648,0.017025,-0.013601,-2.461883,-0.098684,2.463860,45|46|47|48|49|50,0.5625
7328.417049,-0.303315,-8.412670,-0.017671,7.216648,0.017025,-0.013601,-2.445252,-0.095327,2.447110,45|46|47|48|49|50,0.5623
7328.433716,-0.303315,-8.412670,-0.017671,7.223537,0.016635,-0.013552,-2.452141,-0.094937,2.453978,45|46|47|48|49|50,0.5612
7328.450382,-0.302494,-8.428320,-0.017775,7.230745,0.015724,-0.013577,-2.450843,-0.093587,2.452629,45|46|47|48|49|50,0.5629
7328.467049,-0.313905,-8.436256,-0.017823,7.244974,0.016031,-0.014193,-2.460765,-0.100099,2.462800,45|46|47|48|49|50,0.5637
7328.483716,-0.309969,-8.446575,-0.017620,7.244974,0.016031,-0.014193,-2.455155,-0.097964,2.457109,45|46|47|48|49|50,0.5641
7328.500382,-0.309969,-8.446573,-0.017620,7.258913,0.016542,-0.014092,-2.469095,-0.098475,2.471058,45|46|47|48|49|50,0.5633
7328.517049,-0.299698,-8.468397,-0.017426,7.258913,0.016542,-0.014092,-2.457229,-0.092903,2.458985,45|46|47|48|49|50,0.5615
7328.533716,-0.299698,-8.468397,-0.017427,7.272344,0.015165,-0.014104,-2.470660,-0.091526,2.472355,45|46|47|48|49|50,0.5608
7328.550382,-0.295563,-8.478705,-0.017546,7.272344,0.015165,-0.014104,-2.465057,-0.089283,2.466673,45|46|47|48|49|50,0.5613
7328.567049,-0.303458,-8.481555,-0.017467,7.279484,0.015444,-0.014131,-2.470651,-0.093855,2.472433,45|46|47|48|49|50,0.5616
7328.583716,-0.307035,-8.499007,-0.018091,7.286640,0.015723,-0.014142,-2.468324,-0.096084,2.470193,45|46|47|48|49|50,0.5616
7328.600382,-0.307035,-8.499007,-0.018092,7.293915,0.015977,-0.014095,-2.475599,-0.096339,2.477473,45|46|47|48|49|50,0.5612
7328.617049,-0.296878,-8.520529,-0.017145,7.300564,0.015324,-0.013873,-2.470546,-0.090175,2.472191,45|46|47|48|49|50,0.5600
7328.633716,-0.296879,-8.520532,-0.017143,7.307610,0.014741,-0.013845,-2.477591,-0.089593,2.479210,45|46|47|48|49|50,0.5607
7328.650382,-0.312744,-8.531735,-0.017296,7.314874,0.014933,-0.013844,-2.478772,-0.098412,2.480725,45|46|47|48|49|50,0.5618
7328.667049,-0.312744,-8.531734,-0.017296,7.328927,0.015319,-0.013865,-2.492827,-0.098798,2.494784,45|46|47|48|49|50,0.5626
7328.683716,-0.309020,-8.543404,-0.016288,7.335859,0.015420,-0.013880,-2.493415,-0.096881,2.495296,45|46|47|48|49|50|51|52,0.5623
7328.700382,-0.300589,-8.564064,-0.017327,7.335859,0.015420,-0.013880,-2.482182,-0.092308,2.483898,45|46|47|48|49|50|51|52,0.5511
7328.717049,-0.298811,-8.575005,-0.018286,7.342405,0.014755,-0.013714,-2.482781,-0.090681,2.484437,47|48|49|50|51|52,0.5618
7328.733716,-0.298811,-8.575005,-0.018286,7.356748,0.014659,-0.013601,-2.497124,-0.090585,2.498767,47|48|49|50|51|52,0.5626
7328.767049,-0.306204,-8.598022,-0.017222,7.371407,0.014979,-0.013582,-2.499278,-0.094933,2.501080,47|48|49|50|51|52,0.5627
7328.800382,-0.299341,-8.619837,-0.016912,7.384930,0.013838,-0.013536,-2.500942,-0.090072,2.502563,47|48|49|50|51|52,0.5600
7328.817049,-0.299341,-8.619839,-0.016912,7.391969,0.014138,-0.013378,-2.507980,-0.090372,2.509608,47|48|49|50|51|52,0.5603
7328.833716,-0.313059,-8.628537,-0.016868,7.391969,0.014138,-0.013378,-2.503259,-0.097831,2.505170,47|48|49|50|51|52,0.5629
7328.850382,-0.307518,-8.638956,-0.016462,7.399119,0.014437,-0.013363,-2.504744,-0.095123,2.506550,47|48|49|50|51|52,0.5644
7328.867049,-0.301930,-8.649788,-0.015972,7.413153,0.015013,-0.013341,-2.512888,-0.092667,2.514596,47|48|49|50|51|52,0.5648
7328.900382,-0.291615,-8.671439,-0.016821,7.419917,0.014929,-0.013350,-2.507881,-0.086987,2.509389,47|48|49|50|51|52,0.5619
7328.933716,-0.299091,-8.683408,-0.016993,7.441507,0.014529,-0.013285,-2.522969,-0.090655,2.524597,47|48|49|50|51|52,0.5625
7328.967049,-0.293867,-8.705434,-0.016534,7.455984,0.014392,-0.013275,-2.525473,-0.087688,2.526995,47|48|49|50|51|52,0.5632
7328.983716,-0.291588,-8.716471,-0.016840,7.462694,0.013783,-0.013241,-2.526184,-0.085845,2.527642,47|48|49|50|51|52,0.5622
7329.017049,-0.300977,-8.727980,-0.016240,7.469776,0.013665,-0.013173,-2.527015,-0.090835,2.528647,47|48|49|50|51|52,0.5625
7329.033716,-0.300976,-8.727979,-0.016243,7.483850,0.013366,-0.013112,-2.541090,-0.090536,2.542702,47|48|49|50|51|52,0.5634
7329.050382,-0.302294,-8.748712,-0.016263,7.483850,0.013366,-0.013112,-2.529823,-0.091261,2.531468,47|48|49|50|51|52,0.5649
7329.067049,-0.303212,-8.758665,-0.016528,7.498102,0.013105,-0.013069,-2.538665,-0.091503,2.540313,47|48|49|50|51|52,0.5650
7329.083716,-0.304497,-8.768646,-0.016537,7.504821,0.013335,-0.012797,-2.539961,-0.092436,2.541642,47|48|49|50|51|52,0.5640
7329.100382,-0.304459,-8.777593,-0.016425,7.512024,0.012996,-0.012453,-2.542301,-0.092081,2.543968,47|48|49|50|51|52,0.5616
7329.117049,-0.304460,-8.777596,-0.016424,7.519191,0.012625,-0.012144,-2.549467,-0.091709,2.551116,47|48|49|50|51|52,0.5612
7329.133716,-0.305438,-8.791407,-0.015740,7.526331,0.012207,-0.012158,-2.549101,-0.091829,2.550754,47|48|49|50|51|52,0.5627
7329.150382,-0.305438,-8.791406,-0.015741,7.533210,0.012091,-0.012179,-2.555981,-0.091713,2.557625,47|48|49|50|51|52,0.5634
7329.167049,-0.314998,-8.811592,-0.016004,7.533210,0.012091,-0.012179,-2.545014,-0.096918,2.546859,47|48|49|50|51|52,0.5631
7329.183716,-0.315397,-8.818101,-0.015751,7.547329,0.011987,-0.012295,-2.555595,-0.097033,2.557437,47|48|49|50|51|52|53,0.5552
7329.200382,-0.312573,-8.824898,-0.016644,7.554409,0.011786,-0.012174,-2.558980,-0.095300,2.560754,47|48|49|50|51|52|53,0.5629
7329.217049,-0.314190,-8.834946,-0.016436,7.554409,0.011786,-0.012174,-2.553520,-0.096183,2.555331,47|48|49|50|51|52|53,0.5571
7329.250382,-0.317877,-8.856047,-0.015925,7.568202,0.011375,-0.012082,-2.555847,-0.097786,2.557717,48|49|50|51|52|53,0.5643
7329.267049,-0.317877,-8.856047,-0.015926,7.581767,0.010702,-0.012185,-2.569412,-0.097113,2.571247,48|49|50|51|52|53,0.5632
7329.283716,-0.323393,-8.873509,-0.016488,7.588920,0.010703,-0.012206,-2.567077,-0.100119,2.569029,48|49|50|51|52|53,0.5617
7329.300382,-0.323392,-8.873511,-0.016488,7.588920,0.010703,-0.012206,-2.567077,-0.100119,2.569028,48|49|50|51|52|53,0.5623
7329.317049,-0.325663,-8.887778,-0.016544,7.596106,0.010727,-0.012185,-2.566509,-0.101384,2.568511,48|49|50|51|52|53,0.5631
7329.350382,-0.325664,-8.887775,-0.016546,7.610501,0.010580,-0.012203,-2.580906,-0.101237,2.582890,48|49|50|51|52|53,0.5624
7329.383716,-0.327142,-8.921266,-0.016904,7.631587,0.010600,-0.012177,-2.583790,-0.102075,2.585806,48|49|50|51|52|53,0.5639
7329.400382,-0.324059,-8.931999,-0.016446,7.638633,0.010752,-0.012185,-2.585002,-0.100556,2.586957,48|49|50|51|52|53,0.5639
7329.417049,-0.320770,-8.943140,-0.016273,7.638633,0.010752,-0.012185,-2.578946,-0.098773,2.580837,48|49|50|51|52|53,0.5630
7329.433716,-0.317494,-8.953970,-0.016471,7.645664,0.010839,-0.012171,-2.580090,-0.097085,2.581916,48|49|50|51|52|53,0.5619
7329.450382,-0.315097,-8.964221,-0.016190,7.652644,0.010804,-0.012094,-2.581498,-0.095752,2.583273,48|49|50|51|52|53,0.5616
7329.467049,-0.314545,-8.969120,-0.016374,7.666444,0.010631,-0.011920,-2.592635,-0.095281,2.594385,48|49|50|51|52|53,0.5617
7329.483716,-0.315602,-8.972880,-0.016227,7.673535,0.010598,-0.011921,-2.597682,-0.095824,2.599449,48|49|50|51|52|53,0.5632
7329.500382,-0.314981,-8.984466,-0.016037,7.673535,0.010598,-0.011921,-2.591385,-0.095492,2.593144,48|49|50|51|52|53,0.5642
7329.517049,-0.314387,-8.995332,-0.015825,7.687705,0.010472,-0.011997,-2.599650,-0.095047,2.601387,48|49|50|51|52|53,0.5639
7329.533716,-0.314387,-8.995331,-0.015825,7.687705,0.010472,-0.011997,-2.599651,-0.095047,2.601388,48|49|50|51|52|53,0.5642
7329.550382,-0.314319,-9.015626,-0.016500,7.694313,0.010473,-0.012010,-2.595229,-0.095021,2.596968,48|49|50|51|52|53,0.5631
7329.583716,-0.314319,-9.015627,-0.016502,7.715439,0.010077,-0.012012,-2.616354,-0.094624,2.618064,48|49|50|51|52|53,0.5642
7329.600382,-0.314425,-9.028438,-0.016080,7.715439,0.010077,-0.012012,-2.609391,-0.094688,2.611109,48|49|50|51|52|53,0.5642
7329.617049,-0.315820,-9.048991,-0.016633,7.722349,0.009911,-0.011978,-2.605132,-0.095289,2.606874,48|49|50|51|52|53,0.5641
7329.633716,-0.315820,-9.048991,-0.016633,7.735714,0.009941,-0.011957,-2.618497,-0.095318,2.620231,48|49|50|51|52|53,0.5631
7329.650382,-0.317040,-9.059301,-0.016112,7.742775,0.009867,-0.012003,-2.619955,-0.095913,2.621710,48|49|50|51|52|53,0.5610
7329.683716,-0.318329,-9.069404,-0.016662,7.757174,0.009776,-0.011994,-2.628865,-0.096527,2.630636,48|49|50|51|52|53,0.5614
7329.700382,-0.314322,-9.080349,-0.016312,7.764421,0.009779,-0.011938,-2.630161,-0.094356,2.631853,48|49|50|51|52|53,0.5619
7329.717049,-0.313336,-9.102403,-0.015983,7.770911,0.010023,-0.011699,-2.624665,-0.094074,2.626351,48|49|50|51|52|53|54|55,0.5613
7329.733716,-0.311780,-9.111624,-0.015348,7.770911,0.010023,-0.011699,-2.619653,-0.093232,2.621311,48|49|50|51|52|53|54|55,0.5568
7329.750382,-0.311786,-9.111667,-0.015367,7.778026,0.009855,-0.011574,-2.626744,-0.093068,2.628393,48|49|50|51|52|53|54|55,0.5511
7329.767049,-0.308346,-9.114500,-0.015250,7.792104,0.009491,-0.011563,-2.639281,-0.090835,2.640843,50|51|52|53|54|55,0.5631
7329.783716,-0.311212,-9.135594,-0.014890,7.792104,0.009491,-0.011563,-2.627818,-0.092402,2.629442,50|51|52|53|54|55,0.5645
7329.800382,-0.313436,-9.145694,-0.014213,7.799022,0.009253,-0.011544,-2.629248,-0.093378,2.630906,50|51|52|53|54|55,0.5639
7329.817049,-0.315709,-9.155855,-0.014810,7.805939,0.009174,-0.011428,-2.630644,-0.094538,2.632342,50|51|52|53|54|55,0.5630
7329.833716,-0.315344,-9.163255,-0.014570,7.812616,0.009506,-0.011056,-2.633299,-0.094675,2.635000,50|51|52|53|54|55,0.5619
7329.867049,-0.311648,-9.178602,-0.014178,7.834217,0.009028,-0.010586,-2.646558,-0.092195,2.648163,50|51|52|53|54|55,0.5640
7329.883716,-0.313323,-9.189015,-0.013745,7.834217,0.009028,-0.010586,-2.640899,-0.093110,2.642540,50|51|52|53|54|55,0.5642
7329.900382,-0.315333,-9.199499,-0.013331,7.841419,0.008797,-0.010571,-2.642404,-0.093976,2.644075,50|51|52|53|54|55,0.5630
7329.917049,-0.317463,-9.209961,-0.013781,7.855053,0.009543,-0.010237,-2.650353,-0.095885,2.652087,50|51|52|53|54|55,0.5615
7329.933716,-0.310183,-9.211261,-0.014054,7.862273,0.009529,-0.010175,-2.656863,-0.091915,2.658453,50|51|52|53|54|55,0.5618
7329.950382,-0.305968,-9.219887,-0.014154,7.862273,0.009529,-0.010175,-2.652174,-0.089627,2.653688,50|51|52|53|54|55,0.5636
7329.967049,-0.305968,-9.219886,-0.014155,7.869494,0.009488,-0.010181,-2.659395,-0.089586,2.660903,50|51|52|53|54|55,0.5645
7329.983716,-0.305302,-9.241607,-0.013183,7.883776,0.009316,-0.010193,-2.661872,-0.089062,2.663362,50|51|52|53|54|55,0.5646
7330.000382,-0.305302,-9.241606,-0.013184,7.890445,0.009743,-0.010130,-2.668542,-0.089489,2.670042,50|51|52|53|54|55,0.5635
7330.017049,-0.305708,-9.262720,-0.013253,7.890445,0.009743,-0.010130,-2.657067,-0.089719,2.658582,50|51|52|53|54|55,0.5626
7330.033716,-0.298551,-9.265565,-0.013007,7.904934,0.009445,-0.009932,-2.670007,-0.085532,2.671376,50|51|52|53|54|55,0.5629
7330.050382,-0.299446,-9.274864,-0.012790,7.904934,0.009445,-0.009932,-2.664953,-0.086022,2.666341,50|51|52|53|54|55,0.5643
7330.067049,-0.301312,-9.285393,-0.012493,7.912294,0.009214,-0.009935,-2.666591,-0.086811,2.668004,50|51|52|53|54|55,0.5639
7330.100382,-0.306430,-9.307019,-0.012519,7.926443,0.009334,-0.009891,-2.668989,-0.089722,2.670497,50|51|52|53|54|55,0.5624
7330.117049,-0.306431,-9.307020,-0.012520,7.940290,0.008885,-0.009852,-2.682836,-0.089273,2.684321,50|51|52|53|54|55,0.5628
7330.133716,-0.299786,-9.318005,-0.013348,7.947279,0.008436,-0.009821,-2.683852,-0.085218,2.685205,50|51|52|53|54|55,0.5629
7330.150382,-0.305288,-9.328020,-0.012969,7.947279,0.008436,-0.009821,-2.678412,-0.088212,2.679864,50|51|52|53|54|55,0.5636
7330.183716,-0.316797,-9.348369,-0.013928,7.961524,0.007626,-0.009730,-2.681602,-0.093666,2.683237,50|51|52|53|54|55,0.5621
7330.200382,-0.320566,-9.356814,-0.013666,7.968557,0.008068,-0.009783,-2.684047,-0.096160,2.685769,50|51|52|53|54|55,0.5615
7330.217049,-0.320566,-9.356815,-0.013667,7.982546,0.008146,-0.008868,-2.698036,-0.096239,2.699751,50|51|52|53|54|55,0.5616
7330.233716,-0.313190,-9.363898,-0.013611,7.989488,0.007479,-0.008767,-2.701125,-0.091566,2.702677,50|51|52|53|54|55,0.5607
7330.250382,-0.305650,-9.372401,-0.013143,7.996273,0.007111,-0.008733,-2.703285,-0.087103,2.704688,50|51|52|53|54|55|56,0.5594
7330.267049,-0.321758,-9.390625,-0.013343,8.003020,0.007576,-0.009392,-2.700135,-0.096330,2.701853,50|51|52|53|54|55|56,0.5509
7330.283716,-0.321922,-9.391175,-0.013770,8.010069,0.007879,-0.009460,-2.706886,-0.096723,2.708613,51|52|53|54|55|56,0.5602
7330.300382,-0.326014,-9.396212,-0.013062,8.017198,0.007396,-0.009502,-2.711279,-0.098466,2.713066,51|52|53|54|55|56,0.5607
7330.317049,-0.312115,-9.414067,-0.012195,8.024286,0.006906,-0.009496,-2.708656,-0.090430,2.710165,51|52|53|54|55|56,0.5627
7330.333716,-0.312115,-9.414067,-0.012196,8.031227,0.006398,-0.009437,-2.715598,-0.089922,2.717086,51|52|53|54|55|56,0.5638
7330.350382,-0.324394,-9.434922,-0.011722,8.038236,0.005936,-0.009344,-2.711278,-0.096143,2.712982,51|52|53|54|55|56,0.5650
7330.367049,-0.324394,-9.434921,-0.011723,8.044814,0.006300,-0.009639,-2.717857,-0.096506,2.719570,51|52|53|54|55|56,0.5638
7330.383716,-0.336207,-9.454413,-0.012748,8.051810,0.006458,-0.009768,-2.714264,-0.103094,2.716221,51|52|53|54|55|56,0.5618
7330.400382,-0.328909,-9.457777,-0.012535,8.051810,0.006458,-0.009768,-2.712432,-0.099129,2.714243,51|52|53|54|55|56,0.5621
7330.417049,-0.326300,-9.467235,-0.013444,8.058938,0.006162,-0.009814,-2.714419,-0.097419,2.716167,51|52|53|54|55|56,0.5629
7330.433716,-0.326300,-9.467234,-0.013444,8.073316,0.005559,-0.009775,-2.728798,-0.096816,2.730515,51|52|53|54|55|56,0.5639
7330.450382,-0.329810,-9.477781,-0.013181,8.080079,0.005961,-0.009773,-2.729831,-0.099130,2.731630,51|52|53|54|55|56,0.5636
7330.467049,-0.333398,-9.488097,-0.013743,8.087311,0.006164,-0.009708,-2.731457,-0.101288,2.733334,51|52|53|54|55|56,0.5639
7330.500382,-0.326156,-9.512616,-0.013187,8.101522,0.005809,-0.009636,-2.732340,-0.097008,2.734062,51|52|53|54|55|56,0.5640
7330.517049,-0.327772,-9.522938,-0.013357,8.101522,0.005809,-0.009636,-2.726731,-0.097891,2.728487,51|52|53|54|55|56,0.5644
7330.533716,-0.329412,-9.533260,-0.012291,8.108630,0.005617,-0.009603,-2.728229,-0.098594,2.730010,51|52|53|54|55|56,0.5639
7330.550382,-0.331361,-9.543712,-0.012550,8.115680,0.005665,-0.009553,-2.729600,-0.099706,2.731421,51|52|53|54|55|56,0.5625
7330.567049,-0.331361,-9.543712,-0.012551,8.129565,0.006713,-0.009738,-2.743485,-0.100753,2.745335,51|52|53|54|55|56,0.5617
7330.583716,-0.316510,-9.554476,-0.012669,8.136576,0.006323,-0.009751,-2.744640,-0.092297,2.746191,51|52|53|54|55|56,0.5618
7330.600382,-0.316511,-9.554474,-0.012672,8.136576,0.006323,-0.009751,-2.744640,-0.092298,2.746192,51|52|53|54|55|56,0.5623
7330.617049,-0.317883,-9.574459,-0.013417,8.143583,0.005943,-0.009788,-2.740787,-0.092672,2.742353,51|52|53|54|55|56,0.5640
7330.633716,-0.322506,-9.584450,-0.013552,8.157366,0.005587,-0.009839,-2.749142,-0.094834,2.750777,51|52|53|54|55|56,0.5639
7330.650382,-0.322506,-9.584449,-0.013552,8.164427,0.006430,-0.009834,-2.756204,-0.095677,2.757864,51|52|53|54|55|56,0.5634
7330.667049,-0.325657,-9.598600,-0.014098,8.171499,0.006257,-0.009045,-2.755586,-0.097222,2.757301,51|52|53|54|55|56,0.5618
7330.683716,-0.313032,-9.608842,-0.014373,8.171499,0.006257,-0.009045,-2.750015,-0.090366,2.751499,51|52|53|54|55|56,0.5609
7330.700382,-0.316824,-9.617686,-0.013046,8.178540,0.005819,-0.008983,-2.752250,-0.091992,2.753787,51|52|53|54|55|56,0.5622
7330.717049,-0.322501,-9.627862,-0.012549,8.192640,0.004860,-0.008893,-2.760823,-0.094123,2.762427,51|52|53|54|55|56,0.5625
7330.733716,-0.328456,-9.637843,-0.012912,8.199194,0.005256,-0.008677,-2.761954,-0.097759,2.763684,51|52|53|54|55|56,0.5623
7330.750382,-0.334697,-9.648256,-0.012173,8.199194,0.005256,-0.008677,-2.756298,-0.101156,2.758154,51|52|53|54|55|56|57|58,0.5609
7330.767049,-0.334695,-9.648259,-0.012174,8.213056,0.005871,-0.008695,-2.770159,-0.101770,2.772027,51|52|53|54|55|56|57|58,0.5615
7330.783716,-0.327310,-9.651392,-0.012876,8.220235,0.005533,-0.008716,-2.775631,-0.097419,2.777340,51|52|53|54|55|56|57|58,0.5603
7330.800382,-0.313673,-9.661644,-0.012697,8.227455,0.005281,-0.008699,-2.777274,-0.089761,2.778724,53|54|55|56|57|58,0.5620
7330.833716,-0.317166,-9.670561,-0.012026,8.234214,0.005745,-0.008786,-2.779188,-0.092127,2.780714,53|54|55|56|57|58,0.5604
7330.850382,-0.316449,-9.694104,-0.012216,8.248219,0.006268,-0.008112,-2.780397,-0.092271,2.781928,53|54|55|56|57|58,0.5615
7330.867049,-0.316449,-9.694104,-0.012215,8.255180,0.005752,-0.008067,-2.787358,-0.091755,2.788868,53|54|55|56|57|58,0.5616
7330.883716,-0.303381,-9.703919,-0.011191,8.255180,0.005752,-0.008067,-2.782018,-0.084657,2.783306,53|54|55|56|57|58,0.5630
7330.900382,-0.315916,-9.723675,-0.010734,8.262138,0.005218,-0.008050,-2.778245,-0.090944,2.779733,53|54|55|56|57|58,0.5640
7330.917049,-0.322885,-9.733819,-0.010262,8.269140,0.004798,-0.007976,-2.779738,-0.094316,2.781337,53|54|55|56|57|58,0.5647
7330.950382,-0.322884,-9.733817,-0.010263,8.283287,0.005931,-0.007978,-2.793885,-0.095448,2.795515,53|54|55|56|57|58,0.5636
7330.967049,-0.309862,-9.757458,-0.011591,8.297014,0.005093,-0.007226,-2.794758,-0.087544,2.796129,53|54|55|56|57|58,0.5620
7330.983716,-0.315933,-9.767181,-0.010771,8.297014,0.005093,-0.007226,-2.789477,-0.090848,2.790956,53|54|55|56|57|58,0.5636
7331.000382,-0.322684,-9.777257,-0.011264,8.303925,0.004560,-0.007096,-2.790915,-0.093988,2.792497,53|54|55|56|57|58,0.5634
7331.017049,-0.329963,-9.787457,-0.010906,8.310458,0.004685,-0.007102,-2.791907,-0.098073,2.793629,53|54|55|56|57|58,0.5616
7331.033716,-0.329963,-9.787458,-0.010906,8.317548,0.005867,-0.006923,-2.798997,-0.099256,2.800757,53|54|55|56|57|58,0.5634
7331.050382,-0.327095,-9.787651,-0.011201,8.324620,0.006366,-0.006928,-2.805963,-0.098196,2.807680,53|54|55|56|57|58,0.5630
7331.083716,-0.306716,-9.819386,-0.011016,8.338796,0.005637,-0.007011,-2.802882,-0.086404,2.804214,53|54|55|56|57|58,0.5642
7331.117049,-0.306715,-9.819384,-0.011017,8.352654,0.005357,-0.006882,-2.816742,-0.086125,2.818058,53|54|55|56|57|58,0.5641
7331.133716,-0.316320,-9.839561,-0.011443,8.359944,0.006112,-0.006655,-2.813069,-0.092108,2.814577,53|54|55|56|57|58,0.5640
7331.150382,-0.302279,-9.855249,-0.010371,8.366959,0.006062,-0.006558,-2.811553,-0.084435,2.812820,53|54|55|56|57|58,0.5624
7331.167049,-0.302280,-9.855252,-0.010372,8.381449,0.004996,-0.006580,-2.826041,-0.083369,2.827270,53|54|55|56|57|58,0.5631
7331.183716,-0.303037,-9.863281,-0.010226,8.388381,0.005183,-0.006566,-2.828610,-0.083970,2.829856,53|54|55|56|57|58,0.5642
7331.200382,-0.316663,-9.884122,-0.011115,8.395525,0.005887,-0.006607,-2.824433,-0.092089,2.825934,53|54|55|56|57|58,0.5623
7331.217049,-0.316662,-9.884122,-0.011115,8.402307,0.005955,-0.006525,-2.831215,-0.092157,2.832714,53|54|55|56|57|58,0.5630
7331.233716,-0.302432,-9.899755,-0.010444,8.402307,0.005955,-0.006525,-2.822712,-0.084430,2.823975,53|54|55|56|57|58,0.5617
7331.250382,-0.302431,-9.899753,-0.010440,8.416301,0.004441,-0.006572,-2.836707,-0.082916,2.837919,53|54|55|56|57|58,0.5636
7331.267049,-0.311762,-9.915576,-0.010635,8.416301,0.004441,-0.006572,-2.828112,-0.087994,2.829480,53|54|55|56|57|58,0.5647
7331.283716,-0.311762,-9.915576,-0.010635,8.430464,0.004087,-0.006246,-2.842275,-0.087640,2.843626,53|54|55|56|57|58,0.5645
7331.300382,-0.330342,-9.933956,-0.009773,8.430464,0.004087,-0.006246,-2.832294,-0.097746,2.833981,53|54|55|56|57|58|59,0.5631
7331.333716,-0.318476,-9.955138,-0.009969,8.451582,0.004200,-0.006074,-2.841896,-0.091419,2.843366,54|55|56|57|58|59,0.5614
7331.350382,-0.314475,-9.964148,-0.010059,8.451582,0.004200,-0.006074,-2.836997,-0.089249,2.838401,54|55|56|57|58|59,0.5597
7331.367049,-0.323082,-9.969091,-0.009875,8.465010,0.004040,-0.006077,-2.847742,-0.093769,2.849285,54|55|56|57|58|59,0.5621
7331.383716,-0.323083,-9.969094,-0.009874,8.472169,0.004414,-0.006288,-2.854899,-0.094143,2.856451,54|55|56|57|58|59,0.5629
7331.400382,-0.323710,-9.984319,-0.009923,8.472169,0.004414,-0.006288,-2.846625,-0.094490,2.848193,54|55|56|57|58|59,0.5618
7331.417049,-0.317358,-9.995752,-0.010050,8.486309,0.003925,-0.006293,-2.854549,-0.090555,2.855985,54|55|56|57|58|59,0.5622
7331.433716,-0.313923,-10.003521,-0.010602,8.493430,0.003119,-0.006268,-2.857446,-0.087885,2.858798,54|55|56|57|58|59,0.5627
7331.450382,-0.313923,-10.003521,-0.010600,8.500416,0.002366,-0.006241,-2.864432,-0.087132,2.865757,54|55|56|57|58|59,0.5632
7331.467049,-0.323367,-10.012191,-0.010633,8.507051,0.002590,-0.006389,-2.866360,-0.092492,2.867851,54|55|56|57|58|59,0.5620
7331.483716,-0.344209,-10.030851,-0.009992,8.514122,0.003224,-0.006421,-2.863299,-0.104461,2.865203,54|55|56|57|58|59,0.5616
7331.500382,-0.339817,-10.036412,-0.010397,8.514122,0.003224,-0.006421,-2.860274,-0.102077,2.862095,54|55|56|57|58|59,0.5625
7331.517049,-0.339818,-10.036411,-0.010397,8.528339,0.002814,-0.006466,-2.874491,-0.101667,2.876288,54|55|56|57|58|59,0.5623
7331.533716,-0.330026,-10.047645,-0.010711,8.535547,0.002221,-0.006428,-2.875590,-0.095758,2.877184,54|55|56|57|58|59,0.5622
7331.550382,-0.327379,-10.054983,-0.010811,8.535547,0.002221,-0.006428,-2.871601,-0.094322,2.873149,54|55|56|57|58|59,0.5635
7331.567049,-0.335671,-10.065352,-0.010844,8.549610,0.003028,-0.006674,-2.880032,-0.099640,2.881755,54|55|56|57|58|59,0.5635
7331.583716,-0.339800,-10.080598,-0.011152,8.556684,0.003176,-0.006725,-2.878822,-0.102039,2.880629,54|55|56|57|58|59,0.5631
7331.600382,-0.330072,-10.092462,-0.010794,8.556684,0.003176,-0.006725,-2.872369,-0.096757,2.873999,54|55|56|57|58|59,0.5625
7331.617049,-0.330073,-10.092464,-0.010796,8.571022,0.002194,-0.006633,-2.886707,-0.095776,2.888295,54|55|56|57|58|59,0.5629
7331.633716,-0.328094,-10.100830,-0.010428,8.578035,0.001968,-0.006660,-2.889172,-0.094478,2.890717,54|55|56|57|58|59,0.5631
7331.650382,-0.340934,-10.121209,-0.010302,8.584931,0.002622,-0.006860,-2.884999,-0.102119,2.886806,54|55|56|57|58|59,0.5626
7331.667049,-0.343353,-10.127401,-0.010255,8.584931,0.002622,-0.006860,-2.881635,-0.103436,2.883490,54|55|56|57|58|59,0.5628
7331.683716,-0.343353,-10.127403,-0.010257,8.592258,0.003685,-0.006897,-2.888960,-0.104500,2.890850,54|55|56|57|58|59,0.5632
7331.700382,-0.333137,-10.133176,-0.011047,8.606368,0.003187,-0.006956,-2.899928,-0.098452,2.901598,54|55|56|57|58|59,0.5625
7331.717049,-0.314613,-10.153430,-0.012528,8.606368,0.003187,-0.006956,-2.888912,-0.088394,2.890264,54|55|56|57|58|59,0.5620
7331.733716,-0.324086,-10.163714,-0.012658,8.620368,0.002311,-0.007105,-2.897327,-0.092671,2.898808,54|55|56|57|58|59,0.5624
7331.750382,-0.333234,-10.173768,-0.012455,8.620368,0.002311,-0.007105,-2.891867,-0.097647,2.893515,54|55|56|57|58|59,0.5631
7331.767049,-0.333233,-10.173768,-0.012455,8.634631,0.003440,-0.007104,-2.906130,-0.098776,2.907809,54|55|56|57|58|59,0.5645
7331.783716,-0.333992,-10.178352,-0.011982,8.641510,0.002912,-0.007102,-2.910518,-0.098661,2.912190,54|55|56|57|58|59,0.5642
7331.800382,-0.316784,-10.200622,-0.011586,8.641510,0.002912,-0.007102,-2.898407,-0.089319,2.899783,54|55|56|57|58|59|60|61,0.5638
7331.817049,-0.316783,-10.200629,-0.011587,8.655800,0.001421,-0.007103,-2.912693,-0.087827,2.914017,54|55|56|57|58|59|60|61,0.5648
7331.833716,-0.334207,-10.216925,-0.010661,8.655800,0.001421,-0.007103,-2.903844,-0.097304,2.905474,54|55|56|57|58|59|60|61,0.5516
7331.850382,-0.334191,-10.218280,-0.010597,8.669427,0.002354,-0.007254,-2.916735,-0.098229,2.918388,56|57|58|59|60|61,0.5642
7331.867049,-0.339728,-10.231813,-0.010907,8.676489,0.002945,-0.007235,-2.916444,-0.101835,2.918222,56|57|58|59|60|61,0.5637
7331.883716,-0.339728,-10.231813,-0.010908,8.683507,0.002478,-0.007271,-2.923463,-0.101369,2.925220,56|57|58|59|60|61,0.5625
7331.900382,-0.319428,-10.252222,-0.011500,8.690701,0.002035,-0.007271,-2.919555,-0.089901,2.920939,56|57|58|59|60|61,0.5613
7331.917049,-0.319427,-10.252222,-0.011501,8.697492,0.002320,-0.007379,-2.926347,-0.090186,2.927737,56|57|58|59|60|61,0.5612
7331.933716,-0.330716,-10.268931,-0.012359,8.697492,0.002320,-0.007379,-2.917272,-0.096329,2.918862,56|57|58|59|60|61,0.5610
7331.967049,-0.313772,-10.285694,-0.012946,8.711690,0.003555,-0.007360,-2.922352,-0.088363,2.923687,56|57|58|59|60|61,0.5639
7331.983716,-0.306360,-10.293523,-0.012051,8.718490,0.002905,-0.007144,-2.924893,-0.083687,2.926090,56|57|58|59|60|61,0.5630
7332.000382,-0.306360,-10.293522,-0.012050,8.732409,0.001499,-0.007133,-2.938813,-0.082282,2.939965,56|57|58|59|60|61,0.5629
7332.017049,-0.315406,-10.302738,-0.012389,8.739524,0.001780,-0.007441,-2.940922,-0.087482,2.942223,56|57|58|59|60|61,0.5635
7332.033716,-0.326185,-10.312697,-0.011266,8.746734,0.002305,-0.007267,-2.942726,-0.093871,2.944223,56|57|58|59|60|61,0.5628
7332.050382,-0.329018,-10.328312,-0.012209,8.746734,0.002305,-0.007267,-2.934240,-0.095417,2.935791,56|57|58|59|60|61,0.5630
7332.067049,-0.320524,-10.340580,-0.012760,8.753639,0.002515,-0.007193,-2.934475,-0.091016,2.935886,56|57|58|59|60|61,0.5624
7332.083716,-0.320524,-10.340580,-0.012762,8.767155,0.001159,-0.006630,-2.947990,-0.089660,2.949353,56|57|58|59|60|61,0.5614
7332.100382,-0.325878,-10.356942,-0.011567,8.767155,0.001159,-0.006630,-2.939100,-0.092577,2.940557,56|57|58|59|60|61,0.5605
7332.117049,-0.325879,-10.356942,-0.011560,8.780803,0.002053,-0.006541,-2.952748,-0.093472,2.954227,56|57|58|59|60|61,0.5607
7332.150382,-0.322346,-10.378958,-0.011849,8.787994,0.002992,-0.006539,-2.947972,-0.092500,2.949423,56|57|58|59|60|61,0.5633
7332.167049,-0.308622,-10.391161,-0.011487,8.794841,0.003152,-0.006555,-2.948181,-0.085207,2.949412,56|57|58|59|60|61,0.5632
7332.183716,-0.308622,-10.391161,-0.011486,8.808847,0.001898,-0.006680,-2.962188,-0.083953,2.963377,56|57|58|59|60|61,0.5639
7332.200382,-0.306190,-10.398834,-0.011779,8.808847,0.001898,-0.006680,-2.958016,-0.082635,2.959170,56|57|58|59|60|61,0.5657
7332.217049,-0.322861,-10.418652,-0.012502,8.822941,0.002335,-0.006634,-2.961346,-0.092140,2.962779,56|57|58|59|60|61,0.5646
7332.233716,-0.322861,-10.418652,-0.012501,8.822941,0.002335,-0.006634,-2.961346,-0.092140,2.962779,56|57|58|59|60|61,0.5642
7332.250382,-0.322410,-10.424224,-0.012671,8.830135,0.002816,-0.006766,-2.965513,-0.092378,2.966951,56|57|58|59|60|61,0.5642
7332.267049,-0.315041,-10.436119,-0.013319,8.844175,0.001901,-0.007022,-2.973085,-0.087464,2.974371,56|57|58|59|60|61,0.5635
7332.283716,-0.312208,-10.452400,-0.013073,8.850866,0.001720,-0.007198,-2.970925,-0.085750,2.972163,56|57|58|59|60|61,0.5646
7332.300382,-0.322012,-10.462701,-0.011814,8.857789,0.002228,-0.007349,-2.972254,-0.091591,2.973665,56|57|58|59|60|61,0.5635
7332.317049,-0.323296,-10.467059,-0.010871,8.864717,0.002782,-0.007403,-2.976814,-0.092845,2.978262,56|57|58|59|60|61,0.5634
7332.333716,-0.315118,-10.478269,-0.011432,8.864717,0.002782,-0.007403,-2.970718,-0.088405,2.972033,56|57|58|59|60|61|62,0.5642
7332.350382,-0.306253,-10.489554,-0.011934,8.871349,0.002475,-0.007480,-2.971213,-0.083285,2.972380,56|57|58|59|60|61|62,0.5601
7332.367049,-0.310772,-10.493919,-0.011710,8.878233,0.001601,-0.007821,-2.975727,-0.084869,2.976937,56|57|58|59|60|61|62,0.5556
7332.383716,-0.322690,-10.504575,-0.012703,8.885107,0.000707,-0.007898,-2.976815,-0.090457,2.978189,57|58|59|60|61|62,0.5639
7332.400382,-0.322691,-10.504574,-0.012706,8.898720,0.000886,-0.007832,-2.990429,-0.090637,2.991802,57|58|59|60|61|62,0.5641
7332.417049,-0.334553,-10.514709,-0.012167,8.898720,0.000886,-0.007832,-2.984926,-0.097088,2.986504,57|58|59|60|61|62,0.5632
7332.433716,-0.330440,-10.531619,-0.012552,8.912459,0.001346,-0.008051,-2.989473,-0.095319,2.990993,57|58|59|60|61|62,0.5615
7332.467049,-0.330440,-10.531619,-0.012554,8.925708,0.000442,-0.007942,-3.002722,-0.094417,3.004206,57|58|59|60|61|62,0.5607
7332.483716,-0.323304,-10.548364,-0.012653,8.925708,0.000442,-0.007942,-2.993618,-0.090545,2.994987,57|58|59|60|61|62,0.5605
7332.500382,-0.334267,-10.555475,-0.012474,8.940020,0.001229,-0.008055,-3.004071,-0.097293,3.005646,57|58|59|60|61|62,0.5623
7332.517049,-0.334802,-10.559705,-0.012896,8.947027,0.001082,-0.008076,-3.008778,-0.097439,3.010356,57|58|59|60|61|62,0.5635
7332.533716,-0.321830,-10.583102,-0.012712,8.947027,0.001082,-0.008076,-2.996057,-0.090399,2.997420,57|58|59|60|61|62,0.5626
7332.550382,-0.323548,-10.589458,-0.012764,8.954219,0.000269,-0.008112,-2.999795,-0.090523,3.001161,57|58|59|60|61|62,0.5634
7332.567049,-0.334426,-10.599612,-0.012247,8.961347,-0.000542,-0.008045,-3.001410,-0.095628,3.002933,57|58|59|60|61|62,0.5631
7332.583716,-0.334426,-10.599612,-0.012248,8.968190,-0.001030,-0.008013,-3.008253,-0.095140,3.009757,57|58|59|60|61|62,0.5630
7332.683716,-0.350381,-10.659310,-0.012734,9.010239,-0.000877,-0.008451,-3.017864,-0.103991,3.019656,57|58|59|60|61|62,0.5653
7332.700382,-0.343758,-10.667685,-0.012894,9.017492,-0.000200,-0.008471,-3.020563,-0.101071,3.022253,57|58|59|60|61|62,0.5658
7332.717049,-0.333546,-10.679790,-0.012536,9.031416,-0.001026,-0.008406,-3.027904,-0.094702,3.029384,57|58|59|60|61|62,0.5642
7332.733716,-0.333547,-10.679789,-0.012536,9.038474,-0.001520,-0.008307,-3.034962,-0.094207,3.036424,57|58|59|60|61|62,0.5642
7332.750382,-0.337679,-10.687454,-0.012662,9.045220,-0.001510,-0.008345,-3.037544,-0.096466,3.039076,57|58|59|60|61|62,0.5654
7332.767049,-0.350408,-10.707209,-0.012720,9.052330,-0.000628,-0.008614,-3.033923,-0.104275,3.035715,57|58|59|60|61|62,0.5641
7332.783716,-0.349375,-10.709409,-0.012784,9.052330,-0.000628,-0.008614,-3.032727,-0.103715,3.034500,57|58|59|60|61|62,0.5642
7332.833716,-0.324367,-10.739242,-0.012923,9.080569,-0.001326,-0.008727,-3.044741,-0.089439,3.046055,57|58|59|60|61|62,0.5631
7332.850382,-0.333903,-10.749746,-0.012679,9.087337,-0.001239,-0.009076,-3.045805,-0.094713,3.047277,57|58|59|60|61|62|63|64,0.5538
7332.883716,-0.338022,-10.763931,-0.013255,9.094508,-0.000690,-0.009086,-3.045269,-0.097506,3.046829,57|58|59|60|61|62|63|64,0.5566
7332.900382,-0.329011,-10.776169,-0.015181,9.101456,-0.000388,-0.009053,-3.045562,-0.092917,3.046979,59|60|61|62|63|64,0.5625
7332.917049,-0.329012,-10.776171,-0.015179,9.115282,-0.001853,-0.008826,-3.059387,-0.091452,3.060754,59|60|61|62|63|64,0.5618
7332.933716,-0.324098,-10.784208,-0.014554,9.115282,-0.001853,-0.008826,-3.055017,-0.088786,3.056306,59|60|61|62|63|64,0.5619
7332.950382,-0.344221,-10.802565,-0.013101,9.129042,-0.001992,-0.008877,-3.058808,-0.099591,3.060429,59|60|61|62|63|64,0.5620
7332.967049,-0.344221,-10.802565,-0.013103,9.136088,-0.001305,-0.008743,-3.065855,-0.100278,3.067494,59|60|61|62|63|64,0.5626
7332.983716,-0.343908,-10.816711,-0.013509,9.142935,-0.000917,-0.008690,-3.065014,-0.100502,3.066661,59|60|61|62|63|64,0.5632
7333.000382,-0.343908,-10.816710,-0.013510,9.149795,-0.001391,-0.008457,-3.071874,-0.100028,3.073502,59|60|61|62|63|64,0.5614
7333.017049,-0.333435,-10.828791,-0.013110,9.149795,-0.001391,-0.008457,-3.065304,-0.094341,3.066755,59|60|61|62|63|64,0.5625
7333.033716,-0.333802,-10.845289,-0.012730,9.163733,-0.001202,-0.008393,-3.070275,-0.094736,3.071736,59|60|61|62|63|64,0.5620
7333.050382,-0.337313,-10.849358,-0.013395,9.171016,-0.000575,-0.008469,-3.075349,-0.097274,3.076887,59|60|61|62|63|64,0.5627
7333.067049,-0.329636,-10.858492,-0.013516,9.171016,-0.000575,-0.008469,-3.070381,-0.093106,3.071793,59|60|61|62|63|64,0.5624
7333.083716,-0.329636,-10.858491,-0.013516,9.184569,-0.000901,-0.008146,-3.083935,-0.092780,3.085330,59|60|61|62|63|64,0.5622
7333.100382,-0.320110,-10.871072,-0.013318,9.191433,-0.001799,-0.008011,-3.083957,-0.086710,3.085176,59|60|61|62|63|64,0.5624
7333.133716,-0.313903,-10.879737,-0.012766,9.205588,-0.001836,-0.007765,-3.093400,-0.083303,3.094521,59|60|61|62|63|64,0.5640
7333.150382,-0.340905,-10.902363,-0.011883,9.212693,-0.001426,-0.007532,-3.088220,-0.098398,3.089787,59|60|61|62|63|64,0.5640
7333.167049,-0.334749,-10.914473,-0.011492,9.219490,-0.001374,-0.007445,-3.088433,-0.095109,3.089897,59|60|61|62|63|64,0.5648
7333.183716,-0.334749,-10.914472,-0.011492,9.225956,-0.001986,-0.007170,-3.094900,-0.094498,3.096342,59|60|61|62|63|64,0.5644
7333.200382,-0.326749,-10.934147,-0.011981,9.225956,-0.001986,-0.007170,-3.084203,-0.090158,3.085521,59|60|61|62|63|64,0.5628
7333.217049,-0.335870,-10.940501,-0.011492,9.239578,-0.002425,-0.007213,-3.094375,-0.094680,3.095823,59|60|61|62|63|64,0.5632
7333.233716,-0.345313,-10.946534,-0.011645,9.246957,-0.001573,-0.006961,-3.098480,-0.100666,3.100115,59|60|61|62|63|64,0.5640
7333.267049,-0.345314,-10.946536,-0.011645,9.261133,-0.000457,-0.006798,-3.112655,-0.101783,3.114319,59|60|61|62|63|64,0.5646
7333.283716,-0.327641,-10.964281,-0.012153,9.268017,-0.001217,-0.006852,-3.109887,-0.091426,3.111231,59|60|61|62|63|64,0.5635
7333.300382,-0.311177,-10.982915,-0.011532,9.275023,-0.001880,-0.006831,-3.106759,-0.081823,3.107837,59|60|61|62|63|64,0.5627
7333.317049,-0.311174,-10.982914,-0.011528,9.282127,-0.001726,-0.006744,-3.113863,-0.081976,3.114942,59|60|61|62|63|64,0.5633
7333.333716,-0.321665,-10.992771,-0.011298,9.282127,-0.001726,-0.006744,-3.108511,-0.087682,3.109747,59|60|61|62|63|64,0.5633
7333.350382,-0.327718,-11.009543,-0.010810,9.296740,-0.001230,-0.006366,-3.114011,-0.091474,3.115354,59|60|61|62|63|64,0.5636
7333.367049,-0.322810,-11.022992,-0.011376,9.296740,-0.001230,-0.006366,-3.106699,-0.088813,3.107969,59|60|61|62|63|64|65,0.5563
7333.383716,-0.322810,-11.023092,-0.011362,9.310277,-0.002034,-0.006220,-3.120182,-0.088009,3.121423,59|60|61|62|63|64|65,0.5624
7333.400382,-0.322416,-11.039711,-0.011524,9.310277,-0.002034,-0.006220,-3.111150,-0.087802,3.112388,59|60|61|62|63|64|65,0.5614
7333.433716,-0.322303,-11.039965,-0.011449,9.331768,-0.001388,-0.006285,-3.132503,-0.088387,3.133750,60|61|62|63|64|65,0.5636
7333.450382,-0.325821,-11.052340,-0.010182,9.338634,-0.001546,-0.006348,-3.132645,-0.090146,3.133942,60|61|62|63|64|65,0.5637
7333.467049,-0.321699,-11.065538,-0.010726,9.345158,-0.002331,-0.006016,-3.131994,-0.087127,3.133206,60|61|62|63|64|65,0.5622
7333.483716,-0.318277,-11.077274,-0.010406,9.352242,-0.002971,-0.005806,-3.132699,-0.084632,3.133842,60|61|62|63|64|65,0.5617
7333.500382,-0.320148,-11.084007,-0.010508,9.352242,-0.002971,-0.005806,-3.129040,-0.085651,3.130212,60|61|62|63|64|65,0.5640
7333.517049,-0.332187,-11.088474,-0.010181,9.359548,-0.003010,-0.005486,-3.133924,-0.092158,3.135279,60|61|62|63|64|65,0.5649
7333.533716,-0.339983,-11.096648,-0.009846,9.373985,-0.003113,-0.005067,-3.143922,-0.096296,3.145396,60|61|62|63|64|65,0.5647
7333.550382,-0.340436,-11.119536,-0.009671,9.373985,-0.003113,-0.005067,-3.131483,-0.096552,3.132971,60|61|62|63|64|65,0.5639
7333.567049,-0.341334,-11.130255,-0.009515,9.380805,-0.002743,-0.005051,-3.132478,-0.097415,3.133992,60|61|62|63|64|65,0.5625
7333.583716,-0.341335,-11.130257,-0.009512,9.387311,-0.002294,-0.004935,-3.138983,-0.097864,3.140508,60|61|62|63|64|65,0.5620
7333.600382,-0.329530,-11.137858,-0.009236,9.400890,-0.002430,-0.004940,-3.148426,-0.091315,3.149750,60|61|62|63|64|65,0.5632
7333.617049,-0.329780,-11.149228,-0.009175,9.407866,-0.002501,-0.004996,-3.149222,-0.091385,3.150548,60|61|62|63|64|65,0.5639
7333.683716,-0.341581,-11.183216,-0.008668,9.435449,-0.003967,-0.005102,-3.158339,-0.096348,3.159808,60|61|62|63|64|65,0.5621
7333.700382,-0.341580,-11.183217,-0.008667,9.442414,-0.003803,-0.005034,-3.165304,-0.096512,3.166775,60|61|62|63|64|65,0.5627
7333.717049,-0.350373,-11.201072,-0.008688,9.442414,-0.003803,-0.005034,-3.155603,-0.101298,3.157229,60|61|62|63|64|65,0.5645
7333.733716,-0.350374,-11.201072,-0.008689,9.449337,-0.003759,-0.005014,-3.162527,-0.101342,3.164150,60|61|62|63|64|65,0.5643
7333.750382,-0.346917,-11.223686,-0.008906,9.456493,-0.003671,-0.004955,-3.157390,-0.099561,3.158960,60|61|62|63|64|65,0.5631
7333.767049,-0.346917,-11.223686,-0.008905,9.470195,-0.003917,-0.004926,-3.171092,-0.099316,3.172647,60|61|62|63|64|65,0.5612
7333.783716,-0.349216,-11.232369,-0.008822,9.470195,-0.003917,-0.004926,-3.166374,-0.100569,3.167971,60|61|62|63|64|65,0.5625
7333.800382,-0.347651,-11.244684,-0.008516,9.477330,-0.003871,-0.004880,-3.166816,-0.099770,3.168387,60|61|62|63|64|65,0.5633
7333.833716,-0.346508,-11.267199,-0.008664,9.491509,-0.003913,-0.004890,-3.168759,-0.099117,3.170308,60|61|62|63|64|65,0.5630
7333.850382,-0.346364,-11.277888,-0.008545,9.498270,-0.004458,-0.004888,-3.169709,-0.098498,3.171239,60|61|62|63|64|65,0.5619
7333.867049,-0.346363,-11.277888,-0.008545,9.512238,-0.004274,-0.004792,-3.183677,-0.098681,3.185206,60|61|62|63|64|65,0.5621
7333.883716,-0.353623,-11.280848,-0.008762,9.512238,-0.004274,-0.004792,-3.182072,-0.102628,3.183727,60|61|62|63|64|65,0.5639
7333.900382,-0.349369,-11.297034,-0.010586,9.526744,-0.003487,-0.004784,-3.187780,-0.101111,3.189383,60|61|62|63|64|65|66,0.5573
7333.917049,-0.350076,-11.297552,-0.009532,9.526744,-0.003487,-0.004784,-3.187498,-0.101495,3.189114,60|61|62|63|64|65|66|67,0.5636
7333.933716,-0.338562,-11.320486,-0.009278,9.533983,-0.003199,-0.004810,-3.182268,-0.095535,3.183702,60|61|62|63|64|65|66|67,0.5527
7333.967049,-0.338535,-11.321353,-0.009528,9.554296,-0.003544,-0.004804,-3.202111,-0.095177,3.203525,62|63|64|65|66|67,0.5616
7333.983716,-0.335543,-11.342016,-0.012111,9.561311,-0.003684,-0.004812,-3.197894,-0.093419,3.199259,62|63|64|65|66|67,0.5631
7334.000382,-0.337541,-11.352842,-0.012658,9.568323,-0.003866,-0.004840,-3.199024,-0.094328,3.200414,62|63|64|65|66|67,0.5627
7334.017049,-0.339347,-11.362751,-0.012273,9.568323,-0.003866,-0.004840,-3.193639,-0.095313,3.195061,62|63|64|65|66|67,0.5628
7334.033716,-0.339348,-11.362750,-0.012275,9.581835,-0.004263,-0.004797,-3.207151,-0.094917,3.208555,62|63|64|65|66|67,0.5625
7334.050382,-0.344096,-11.382559,-0.011426,9.588846,-0.004407,-0.004756,-3.203398,-0.097362,3.204878,62|63|64|65|66|67,0.5605
7334.083716,-0.347810,-11.393594,-0.010844,9.595962,-0.004399,-0.004708,-3.204518,-0.099394,3.206059,62|63|64|65|66|67,0.5616
7334.100383,-0.347673,-11.405163,-0.010778,9.603104,-0.004399,-0.004607,-3.205373,-0.099324,3.206912,62|63|64|65|66|67,0.5620
7334.117049,-0.347671,-11.415248,-0.010676,9.610196,-0.004370,-0.004239,-3.206984,-0.099357,3.208523,62|63|64|65|66|67,0.5613
7334.133716,-0.345883,-11.423769,-0.010416,9.616729,-0.003809,-0.004036,-3.208886,-0.098950,3.210411,62|63|64|65|66|67,0.5604
7334.167049,-0.327926,-11.436060,-0.010008,9.631138,-0.003151,-0.003793,-3.216606,-0.089853,3.217861,62|63|64|65|66|67,0.5612
7334.183716,-0.327926,-11.436060,-0.010008,9.645682,-0.003366,-0.003919,-3.231151,-0.089639,3.232394,62|63|64|65|66|67,0.5617
7334.200383,-0.328750,-11.459765,-0.008994,9.652678,-0.003098,-0.003823,-3.225264,-0.090365,3.226530,62|63|64|65|66|67,0.5620
7334.217049,-0.328751,-11.459767,-0.008996,9.659369,-0.003253,-0.003635,-3.231954,-0.090210,3.233213,62|63|64|65|66|67,0.5612
7334.250383,-0.328402,-11.481214,-0.007581,9.673783,-0.003850,-0.003383,-3.234711,-0.089434,3.235947,62|63|64|65|66|67,0.5635
7334.267049,-0.332637,-11.491780,-0.007560,9.673783,-0.003850,-0.003383,-3.228971,-0.091740,3.230274,62|63|64|65|66|67,0.5639
7334.283716,-0.332637,-11.491780,-0.007561,9.680995,-0.004153,-0.003337,-3.236183,-0.091436,3.237475,62|63|64|65|66|67,0.5641
7334.300383,-0.336414,-11.502270,-0.007386,9.694462,-0.004164,-0.003127,-3.243951,-0.093483,3.245298,62|63|64|65|66|67,0.5632
7334.317049,-0.340506,-11.512554,-0.008144,9.694462,-0.004164,-0.003127,-3.238364,-0.095711,3.239778,62|63|64|65|66|67,0.5616
7334.333716,-0.339451,-11.523061,-0.008598,9.701341,-0.003711,-0.002580,-3.239532,-0.095596,3.240942,62|63|64|65|66|67,0.5631
7334.350383,-0.334205,-11.530752,-0.008241,9.715783,-0.003313,-0.002304,-3.249791,-0.093146,3.251126,62|63|64|65|66|67,0.5629
7334.367049,-0.334206,-11.530752,-0.008241,9.722997,-0.003198,-0.002312,-3.257005,-0.093261,3.258340,62|63|64|65|66|67,0.5638
7334.383716,-0.331294,-11.542953,-0.008101,9.722997,-0.003198,-0.002312,-3.250373,-0.091684,3.251666,62|63|64|65|66|67,0.5639
7334.400383,-0.326895,-11.566769,-0.007915,9.730206,-0.003079,-0.002282,-3.244637,-0.089422,3.245869,62|63|64|65|66|67,0.5629
7334.417049,-0.326895,-11.566767,-0.007911,9.744018,-0.002769,-0.001835,-3.258449,-0.089732,3.259685,62|63|64|65|66|67,0.5611
7334.433716,-0.317673,-11.578886,-0.007534,9.744018,-0.002769,-0.001835,-3.251859,-0.084726,3.252963,62|63|64|65|66|67|68,0.5569
7334.450383,-0.321864,-11.588055,-0.006748,9.751329,-0.003030,-0.001698,-3.254189,-0.086747,3.255345,62|63|64|65|66|67|68,0.5641
7334.467049,-0.325722,-11.597554,-0.006339,9.758643,-0.003342,-0.001693,-3.256342,-0.088536,3.257545,62|63|64|65|66|67|68,0.5552
7334.483716,-0.325918,-11.598877,-0.006653,9.772547,-0.003400,-0.001244,-3.269527,-0.088585,3.270727,63|64|65|66|67|68,0.5647
7334.500383,-0.330094,-11.609491,-0.006747,9.779564,-0.002639,-0.001179,-3.270778,-0.091620,3.272061,63|64|65|66|67|68,0.5643
7334.517049,-0.335094,-11.620231,-0.006562,9.786527,-0.002921,-0.001171,-3.271906,-0.094060,3.273258,63|64|65|66|67|68,0.5663
7334.533716,-0.319621,-11.632957,-0.006499,9.786527,-0.002921,-0.001171,-3.264983,-0.085656,3.266106,63|64|65|66|67|68,0.5651
7334.567049,-0.319619,-11.632954,-0.006497,9.807764,-0.003741,-0.001152,-3.286222,-0.084835,3.287316,63|64|65|66|67|68,0.5661
7334.583716,-0.332631,-11.662983,-0.007018,9.814725,-0.003278,-0.001162,-3.276868,-0.092384,3.278170,63|64|65|66|67|68,0.5651
7334.617049,-0.332632,-11.662987,-0.007018,9.828766,-0.003781,0.000675,-3.290907,-0.091881,3.292189,63|64|65|66|67|68,0.5638
7334.633716,-0.333056,-11.685199,-0.005312,9.835832,-0.004324,0.000768,-3.285902,-0.091578,3.287178,63|64|65|66|67|68,0.5645
7334.650383,-0.340733,-11.695366,-0.005030,9.835832,-0.004324,0.000768,-3.280379,-0.095754,3.281777,63|64|65|66|67|68,0.5643
7334.667049,-0.340733,-11.695368,-0.005030,9.849235,-0.003983,0.000476,-3.293781,-0.096095,3.295183,63|64|65|66|67|68,0.5634
7334.683716,-0.348790,-11.705777,-0.004619,9.856141,-0.003143,0.000309,-3.295034,-0.101320,3.296591,63|64|65|66|67|68,0.5629
7334.700383,-0.342146,-11.717697,-0.005572,9.862976,-0.002589,0.000213,-3.295387,-0.098268,3.296852,63|64|65|66|67|68,0.5633
7334.717049,-0.342146,-11.717696,-0.005572,9.869762,-0.003141,0.000114,-3.302174,-0.097716,3.303619,63|64|65|66|67|68,0.5632
7334.733716,-0.322673,-11.737035,-0.005882,9.869762,-0.003141,0.000114,-3.291655,-0.087141,3.292808,63|64|65|66|67|68,0.5628
7334.750383,-0.322672,-11.737034,-0.005881,9.883712,-0.004270,0.000098,-3.305605,-0.086011,3.306724,63|64|65|66|67|68,0.5638
7334.767049,-0.339459,-11.756558,-0.005297,9.883712,-0.004270,0.000098,-3.295002,-0.095143,3.296375,63|64|65|66|67|68,0.5636
7334.783716,-0.346990,-11.765980,-0.005486,9.890292,-0.004111,-0.000132,-3.296465,-0.099400,3.297964,63|64|65|66|67|68,0.5615
7334.800383,-0.343940,-11.768775,-0.005957,9.897444,-0.003871,-0.000217,-3.302096,-0.097983,3.303549,63|64|65|66|67|68,0.5626
7334.817049,-0.340818,-11.779789,-0.005754,9.904597,-0.004242,-0.000222,-3.303263,-0.095919,3.304655,63|64|65|66|67|68,0.5620
7334.833716,-0.340819,-11.779789,-0.005755,9.918645,-0.004985,0.000124,-3.317310,-0.095177,3.318675,63|64|65|66|67|68,0.5628
7334.850383,-0.351498,-11.800302,-0.005021,9.918645,-0.004985,0.000124,-3.306167,-0.100990,3.307709,63|64|65|66|67|68,0.5625
7334.867049,-0.356391,-11.809572,-0.004636,9.925474,-0.004865,-0.000208,-3.307960,-0.103773,3.309587,63|64|65|66|67|68,0.5625
7334.883716,-0.356393,-11.809572,-0.004638,9.939763,-0.004124,-0.000339,-3.322249,-0.104516,3.323893,63|64|65|66|67|68,0.5631
7334.917049,-0.342663,-11.833690,-0.004927,9.953973,-0.005016,-0.000320,-3.323345,-0.096172,3.324737,63|64|65|66|67|68,0.5628
7334.933716,-0.348991,-11.843576,-0.004747,9.953973,-0.005016,-0.000320,-3.317975,-0.099616,3.319470,63|64|65|66|67|68,0.5642
7334.950383,-0.348990,-11.843577,-0.004745,9.960948,-0.005257,-0.000319,-3.324950,-0.099374,3.326434,63|64|65|66|67|68,0.5639
7334.967049,-0.355282,-11.854678,-0.005811,9.967667,-0.004744,-0.000384,-3.325638,-0.103312,3.327242,63|64|65|66|67|68|69|70,0.5643
7334.983716,-0.358812,-11.860824,-0.005528,9.982401,-0.004505,-0.000204,-3.337034,-0.105472,3.338700,63|64|65|66|67|68|69|70,0.5621
7335.000383,-0.351785,-11.865118,-0.006597,9.982401,-0.004505,-0.000204,-3.334697,-0.101655,3.336246,65|66|67|68|69|70,0.5651
7335.017049,-0.347430,-11.879337,-0.006339,9.997008,-0.004688,-0.000211,-3.341574,-0.099111,3.343043,65|66|67|68|69|70,0.5640
7335.033716,-0.349353,-11.889970,-0.006395,10.003771,-0.004253,-0.000256,-3.342559,-0.100596,3.344072,65|66|67|68|69|70,0.5637
7335.067049,-0.350663,-11.900572,-0.006278,10.010827,-0.003262,-0.000664,-3.343853,-0.102304,3.345418,65|66|67|68|69|70,0.5641
7335.083716,-0.345759,-11.912009,-0.006271,10.024875,-0.003881,-0.000702,-3.351683,-0.099025,3.353146,65|66|67|68|69|70,0.5633
7335.100383,-0.330648,-11.922801,-0.006984,10.024875,-0.003881,-0.000702,-3.345812,-0.090817,3.347044,65|66|67|68|69|70,0.5635
7335.117049,-0.339650,-11.941606,-0.005881,10.031893,-0.004476,-0.000738,-3.342614,-0.095122,3.343967,65|66|67|68|69|70,0.5636
7335.133716,-0.348402,-11.951417,-0.005550,10.038956,-0.005085,-0.000726,-3.344349,-0.099274,3.345822,65|66|67|68|69|70,0.5628
7335.150383,-0.348402,-11.951419,-0.005550,10.052731,-0.004039,-0.000759,-3.358123,-0.100320,3.359621,65|66|67|68|69|70,0.5624
7335.167049,-0.353448,-11.963646,-0.005685,10.052731,-0.004039,-0.000759,-3.351480,-0.103068,3.353064,65|66|67|68|69|70,0.5618
7335.183716,-0.341124,-11.975033,-0.006311,10.059919,-0.004199,-0.000028,-3.352474,-0.096215,3.353854,65|66|67|68|69|70,0.5616
7335.200383,-0.341124,-11.975033,-0.006311,10.074312,-0.004769,0.000194,-3.366867,-0.095645,3.368225,65|66|67|68|69|70,0.5621
7335.217049,-0.345439,-11.985276,-0.005823,10.080981,-0.004441,0.000132,-3.367971,-0.098323,3.369406,65|66|67|68|69|70,0.5626
7335.233716,-0.353790,-12.003674,-0.005341,10.080981,-0.004441,0.000132,-3.357975,-0.102870,3.359551,65|66|67|68|69|70,0.5627
7335.250383,-0.353790,-12.003677,-0.005343,10.095189,-0.002557,0.000297,-3.372182,-0.104753,3.373809,65|66|67|68|69|70,0.5635
7335.267049,-0.334263,-12.018898,-0.005259,10.102162,-0.002872,-0.000019,-3.370874,-0.093833,3.372180,65|66|67|68|69|70,0.5624
7335.283716,-0.322573,-12.028808,-0.004754,10.109248,-0.003263,-0.000114,-3.372569,-0.087092,3.373693,65|66|67|68|69|70,0.5623
7335.300383,-0.322573,-12.028808,-0.004756,10.116306,-0.003480,-0.000116,-3.379627,-0.086875,3.380744,65|66|67|68|69|70,0.5621
7335.317049,-0.334022,-12.048808,-0.005295,10.123256,-0.003014,-0.000233,-3.375712,-0.093572,3.377009,65|66|67|68|69|70,0.5611
7335.333716,-0.334022,-12.048807,-0.005294,10.130424,-0.002367,-0.000044,-3.382881,-0.094219,3.384193,65|66|67|68|69|70,0.5619
7335.350383,-0.330070,-12.062265,-0.005701,10.130424,-0.002367,-0.000044,-3.375565,-0.092078,3.376821,65|66|67|68|69|70,0.5610
7335.383716,-0.330619,-12.081228,-0.005383,10.144254,-0.003594,0.000382,-3.379089,-0.091157,3.380318,65|66|67|68|69|70,0.5614
7335.400383,-0.340380,-12.091184,-0.005814,10.157754,-0.004334,0.000502,-3.387183,-0.095726,3.388535,65|66|67|68|69|70,0.5617
7335.417049,-0.350437,-12.100947,-0.005460,10.157754,-0.004334,0.000502,-3.381881,-0.101196,3.383395,65|66|67|68|69|70,0.5614
7335.433716,-0.350437,-12.100949,-0.005459,10.172141,-0.002479,0.000555,-3.396267,-0.103051,3.397830,65|66|67|68|69|70,0.5624
7335.450383,-0.337690,-12.108413,-0.004993,10.172141,-0.002479,0.000555,-3.392204,-0.096127,3.393566,65|66|67|68|69|70,0.5637
7335.467049,-0.324547,-12.125899,-0.004985,10.186720,-0.002966,0.000491,-3.397275,-0.088505,3.398428,65|66|67|68|69|70|71,0.5552
7335.483716,-0.328392,-12.135832,-0.004973,10.186720,-0.002966,0.000491,-3.391878,-0.090599,3.393088,65|66|67|68|69|70|71,0.5640
7335.500383,-0.328395,-12.135845,-0.004984,10.194021,-0.003211,0.000488,-3.399172,-0.090356,3.400373,65|66|67|68|69|70|71,0.5583
7335.517049,-0.335376,-12.156280,-0.004510,10.201041,-0.002999,0.000475,-3.395089,-0.094370,3.396400,66|67|68|69|70|71,0.5620
7335.533716,-0.332537,-12.159383,-0.004995,10.215565,-0.002122,0.000583,-3.407926,-0.093706,3.409214,66|67|68|69|70|71,0.5639
7335.550383,-0.332536,-12.159381,-0.004994,10.222784,-0.002784,0.000578,-3.415146,-0.093043,3.416413,66|67|68|69|70|71,0.5616
7335.567049,-0.320243,-12.179583,-0.004649,10.222784,-0.002784,0.000578,-3.404161,-0.086372,3.405257,66|67|68|69|70|71,0.5629
7335.583716,-0.320242,-12.179582,-0.004648,10.236934,-0.003483,0.000412,-3.418312,-0.085672,3.419385,66|67|68|69|70|71,0.5623
7335.600383,-0.329845,-12.189769,-0.004322,10.236934,-0.003483,0.000412,-3.412780,-0.090895,3.413990,66|67|68|69|70|71,0.5617
7335.617049,-0.338891,-12.203753,-0.003708,10.251274,-0.002266,0.000359,-3.419523,-0.097034,3.420900,66|67|68|69|70|71,0.5623
7335.633716,-0.329511,-12.216645,-0.005082,10.258064,-0.002612,0.000306,-3.419302,-0.091597,3.420529,66|67|68|69|70|71,0.5624
7335.650383,-0.321970,-12.228470,-0.005452,10.265180,-0.003244,0.000258,-3.419988,-0.086872,3.421091,66|67|68|69|70|71,0.5626
7335.667049,-0.327351,-12.234405,-0.005416,10.265180,-0.003244,0.000258,-3.416765,-0.089799,3.417945,66|67|68|69|70|71,0.5631
7335.683716,-0.336402,-12.244355,-0.005872,10.272359,-0.003722,0.000279,-3.418541,-0.094244,3.419839,66|67|68|69|70|71,0.5626
7335.700383,-0.343056,-12.251988,-0.006258,10.287007,-0.002865,0.000176,-3.429044,-0.098720,3.430464,66|67|68|69|70|71,0.5628
7335.733716,-0.343059,-12.251984,-0.006261,10.300753,-0.004068,0.000554,-3.442791,-0.097519,3.444172,66|67|68|69|70|71,0.5612
7335.767049,-0.330933,-12.273633,-0.005971,10.314200,-0.004176,0.000152,-3.444467,-0.090830,3.445664,66|67|68|69|70|71,0.5636
7335.783716,-0.349079,-12.287125,-0.005879,10.321132,-0.003624,0.000001,-3.444075,-0.101250,3.445563,66|67|68|69|70|71,0.5639
7335.800383,-0.354558,-12.290451,-0.005706,10.328067,-0.003039,-0.000098,-3.449204,-0.104815,3.450797,66|67|68|69|70|71,0.5648
7335.817049,-0.340302,-12.312459,-0.006815,10.334912,-0.002825,-0.000303,-3.444083,-0.097290,3.445457,66|67|68|69|70|71,0.5635
7335.833716,-0.340301,-12.312460,-0.006816,10.341558,-0.003450,-0.000207,-3.450728,-0.096665,3.452082,66|67|68|69|70|71,0.5632
7335.850383,-0.329701,-12.331257,-0.006771,10.341558,-0.003450,-0.000207,-3.440508,-0.090912,3.441709,66|67|68|69|70|71,0.5625
7335.867049,-0.339490,-12.338282,-0.006550,10.355015,-0.004251,-0.000391,-3.450151,-0.095435,3.451470,66|67|68|69|70|71,0.5623
7335.883716,-0.350695,-12.346739,-0.006810,10.355015,-0.004251,-0.000391,-3.445559,-0.101528,3.447055,66|67|68|69|70|71,0.5624
7335.900383,-0.350696,-12.346740,-0.006811,10.369483,-0.003715,-0.000674,-3.460027,-0.102065,3.461532,66|67|68|69|70|71,0.5633
7335.933716,-0.342335,-12.371704,-0.007515,10.376676,-0.004371,-0.000674,-3.453649,-0.096875,3.455008,66|67|68|69|70|71,0.5633
7335.950383,-0.342335,-12.371702,-0.007514,10.390469,-0.004976,-0.000699,-3.467443,-0.096270,3.468779,66|67|68|69|70|71,0.5641
7335.967049,-0.360100,-12.391124,-0.007404,10.390469,-0.004976,-0.000699,-3.456896,-0.105934,3.458518,66|67|68|69|70|71,0.5634
7335.983716,-0.360101,-12.391127,-0.007405,10.404996,-0.003801,-0.000702,-3.471421,-0.107110,3.473073,66|67|68|69|70|71,0.5639
7336.000383,-0.351807,-12.409097,-0.006920,10.411925,-0.004127,-0.000642,-3.468580,-0.102284,3.470087,66|67|68|69|70|71|72|73,0.5614
7336.033716,-0.351601,-12.409713,-0.006296,10.419076,-0.004846,-0.000648,-3.475396,-0.101452,3.476876,68|69|70|71|72|73,0.5638
7336.050383,-0.348802,-12.427529,-0.006132,10.432824,-0.005020,-0.000854,-3.479460,-0.099766,3.480890,68|69|70|71|72|73,0.5634
7336.067049,-0.365318,-12.443376,-0.005831,10.440283,-0.004172,-0.000897,-3.478314,-0.109596,3.480041,68|69|70|71|72|73,0.5642
7336.083716,-0.365318,-12.443377,-0.005830,10.447592,-0.004220,-0.000854,-3.485623,-0.109548,3.487344,68|69|70|71|72|73,0.5655
7336.100383,-0.348207,-12.461827,-0.005867,10.447592,-0.004220,-0.000854,-3.475588,-0.100257,3.477034,68|69|70|71|72|73,0.5641
7336.117049,-0.349542,-12.472244,-0.006144,10.454902,-0.004538,-0.000838,-3.477237,-0.100669,3.478694,68|69|70|71|72|73,0.5645
7336.133716,-0.353979,-12.482436,-0.006267,10.469020,-0.004645,-0.000878,-3.485818,-0.102978,3.487339,68|69|70|71|72|73,0.5644
7336.167049,-0.355755,-12.495273,-0.005713,10.476100,-0.003860,-0.001228,-3.485922,-0.104734,3.487495,68|69|70|71|72|73,0.5642
7336.183716,-0.343717,-12.506439,-0.006122,10.483373,-0.002934,-0.001263,-3.487121,-0.099122,3.488530,68|69|70|71|72|73,0.5626
7336.200383,-0.331087,-12.518370,-0.006364,10.490159,-0.003297,-0.000898,-3.487417,-0.091901,3.488628,68|69|70|71|72|73,0.5607
7336.217049,-0.337080,-12.523992,-0.006203,10.497189,-0.004162,-0.000848,-3.491395,-0.094295,3.492668,68|69|70|71|72|73,0.5626
7336.233716,-0.337081,-12.523993,-0.006201,10.510829,-0.005040,-0.000993,-3.505034,-0.093417,3.506279,68|69|70|71|72|73,0.5625
7336.250383,-0.349503,-12.534085,-0.006054,10.510829,-0.005040,-0.000993,-3.499554,-0.100173,3.500988,68|69|70|71|72|73,0.5624
7336.267049,-0.360823,-12.543820,-0.006039,10.524963,-0.003934,-0.000961,-3.508402,-0.107435,3.510047,68|69|70|71|72|73,0.5626
7336.283716,-0.351005,-12.559383,-0.005813,10.524963,-0.003934,-0.000961,-3.499940,-0.102107,3.501429,68|69|70|71|72|73,0.5619
7336.300383,-0.344319,-12.568445,-0.006460,10.538993,-0.004896,-0.000805,-3.509043,-0.097514,3.510397,68|69|70|71|72|73,0.5613
7336.317049,-0.352089,-12.577286,-0.005891,10.545688,-0.004785,-0.000861,-3.510936,-0.101853,3.512413,68|69|70|71|72|73,0.5607
7336.333716,-0.352089,-12.577288,-0.005890,10.553023,-0.003976,-0.000867,-3.518271,-0.102662,3.519768,68|69|70|71|72|73,0.5613
7336.367049,-0.358164,-12.585079,-0.006124,10.567041,-0.002803,-0.000791,-3.528056,-0.107140,3.529683,68|69|70|71|72|73,0.5625
7336.383716,-0.333082,-12.615143,-0.005794,10.573964,-0.003345,-0.000832,-3.518629,-0.092980,3.519857,68|69|70|71|72|73,0.5620
7336.400383,-0.328314,-12.622144,-0.006289,10.573964,-0.003345,-0.000832,-3.514822,-0.090391,3.515984,68|69|70|71|72|73,0.5612
7336.433716,-0.328314,-12.622144,-0.006289,10.586797,-0.003732,-0.001863,-3.527656,-0.090004,3.528804,68|69|70|71|72|73,0.5614
7336.450383,-0.342250,-12.636493,-0.007034,10.593885,-0.003649,-0.002949,-3.526951,-0.097668,3.528303,68|69|70|71|72|73,0.5603
7336.467049,-0.339231,-12.653284,-0.008256,10.595110,-0.003607,-0.003429,-3.519049,-0.096076,3.520360,68|69|70|71|72|73,0.5596
7336.483716,-0.339231,-12.653286,-0.008255,10.595110,-0.003607,-0.003429,-3.519048,-0.096076,3.520360,68|69|70|71|72|73,0.5593
7336.500383,-0.339271,-12.656849,-0.008684,10.595148,-0.003604,-0.003430,-3.517150,-0.096102,3.518462,68|69|70|71|72|73,0.5586
7336.517049,-0.339436,-12.659003,-0.008555,10.595089,-0.003658,-0.003429,-3.515920,-0.096139,3.517234,68|69|70|71|72|73,0.5583
7336.550383,-0.339435,-12.659003,-0.008557,10.594623,-0.004093,-0.003430,-3.515453,-0.095703,3.516756,68|69|70|71|72|73,0.5612
7336.567049,-0.341321,-12.656193,-0.008683,10.594623,-0.004093,-0.003430,-3.516982,-0.096727,3.518312,68|69|70|71|72|73,0.5616
7336.583716,-0.345930,-12.651165,-0.008944,10.594621,-0.004092,-0.003430,-3.519714,-0.099230,3.521113,68|69|70|71|72|73,0.5627
7336.600383,-0.345931,-12.651165,-0.008944,10.594621,-0.004092,-0.003429,-3.519715,-0.099231,3.521113,68|69|70|71|72|73,0.5614
7336.617049,-0.346380,-12.651045,-0.009556,10.594621,-0.004092,-0.003430,-3.519780,-0.099475,3.521185,68|69|70|71|72|73,0.5601
7336.633716,-0.346352,-12.651039,-0.009447,10.594621,-0.004092,-0.003430,-3.519783,-0.099460,3.521188,68|69|70|71|72|73,0.5594
7336.650383,-0.346353,-12.651039,-0.009446,10.594619,-0.004092,-0.003429,-3.519781,-0.099460,3.521186,68|69|70|71|72|73,0.5583
7336.667049,-0.346337,-12.651138,-0.009310,10.594619,-0.004092,-0.003430,-3.519727,-0.099452,3.521132,68|69|70|71|72|73,0.5576
7336.683716,-0.346326,-12.651142,-0.009394,10.594619,-0.004092,-0.003430,-3.519725,-0.099446,3.521130,68|69|70|71|72|73,0.5578
7336.700383,-0.346336,-12.651157,-0.008863,10.594619,-0.004092,-0.003430,-3.519717,-0.099452,3.521122,68|69|70|71|72|73,0.5578
7336.717049,-0.346324,-12.651309,-0.008821,10.594617,-0.004091,-0.003429,-3.519632,-0.099445,3.521037,68|69|70|71|72|73,0.5579
7336.733716,-0.346400,-12.651206,-0.009112,10.594617,-0.004091,-0.003429,-3.519688,-0.099487,3.521094,68|69|70|71|72|73,0.5576
7336.750383,-0.346352,-12.651082,-0.009412,10.594613,-0.004091,-0.003429,-3.519752,-0.099461,3.521157,68|69|70|71|72|73,0.5571
7336.783716,-0.346351,-12.651083,-0.009412,10.594609,-0.004091,-0.003429,-3.519748,-0.099461,3.521153,68|69|70|71|72|73,0.5568
7336.800383,-0.346336,-12.651207,-0.009286,10.594609,-0.004091,-0.003429,-3.519680,-0.099453,3.521085,68|69|70|71|72|73,0.5562
7336.817049,-0.346282,-12.651206,-0.009180,10.594609,-0.004091,-0.003429,-3.519681,-0.099423,3.521085,68|69|70|71|72|73,0.5562
7336.833716,-0.346282,-12.651207,-0.009181,10.594605,-0.004091,-0.003429,-3.519677,-0.099424,3.521081,68|69|70|71|72|73,0.5564
7336.850383,-0.346241,-12.651232,-0.009195,10.594605,-0.004091,-0.003429,-3.519663,-0.099401,3.521066,68|69|70|71|72|73,0.5570
7336.883716,-0.346141,-12.651253,-0.008982,10.594603,-0.004090,-0.003429,-3.519650,-0.099348,3.521051,68|69|70|71|72|73,0.5571
7336.900383,-0.346140,-12.651253,-0.008980,10.594604,-0.004090,-0.003429,-3.519650,-0.099347,3.521052,68|69|70|71|72|73,0.5569
7336.917049,-0.346168,-12.651269,-0.008767,10.594600,-0.004090,-0.003429,-3.519637,-0.099362,3.521039,68|69|70|71|72|73,0.5569
7336.933716,-0.346184,-12.651329,-0.009096,10.594600,-0.004090,-0.003429,-3.519605,-0.099371,3.521007,68|69|70|71|72|73,0.5564
7336.950383,-0.346184,-12.651328,-0.009096,10.594602,-0.004090,-0.003429,-3.519607,-0.099371,3.521009,68|69|70|71|72|73,0.5569
7336.967049,-0.346073,-12.651250,-0.008941,10.594600,-0.004090,-0.003429,-3.519647,-0.099311,3.521048,68|69|70|71|72|73,0.5575
7336.983716,-0.346180,-12.651242,-0.008364,10.594600,-0.004090,-0.003429,-3.519652,-0.099369,3.521054,68|69|70|71|72|73,0.5574
7337.000383,-0.346316,-12.651261,-0.008311,10.594600,-0.004090,-0.003430,-3.519642,-0.099443,3.521046,68|69|70|71|72|73,0.5573
7337.017049,-0.346249,-12.651113,-0.008697,10.594596,-0.004090,-0.003430,-3.519718,-0.099406,3.521122,68|69|70|71|72|73,0.5573
7337.033716,-0.346241,-12.651195,-0.008760,10.594594,-0.004090,-0.003429,-3.519672,-0.099402,3.521075,68|69|70|71|72|73,0.5569
7337.050383,-0.346293,-12.651238,-0.008606,10.594592,-0.004089,-0.003429,-3.519647,-0.099431,3.521051,68|69|70|71|72|73,0.5568
7337.067049,-0.346294,-12.651238,-0.008606,10.594592,-0.004089,-0.003430,-3.519646,-0.099431,3.521051,68|69|70|71|72|73,0.5564
7337.083716,-0.346152,-12.651086,-0.009218,10.594592,-0.004089,-0.003430,-3.519729,-0.099354,3.521131,68|69|70|71|72|73,0.5566
7337.117049,-0.346254,-12.651192,-0.008704,10.594590,-0.004089,-0.003430,-3.519670,-0.099410,3.521073,68|69|70|71|72|73,0.5573
7337.133716,-0.346335,-12.651131,-0.008738,10.594588,-0.004089,-0.003429,-3.519701,-0.099454,3.521106,68|69|70|71|72|73,0.5573
7337.150383,-0.346336,-12.651131,-0.008739,10.594584,-0.004089,-0.003429,-3.519697,-0.099455,3.521102,68|69|70|71|72|73,0.5570
7337.167049,-0.346262,-12.651129,-0.009011,10.594584,-0.004089,-0.003429,-3.519698,-0.099415,3.521102,68|69|70|71|72|73,0.5570
7337.183716,-0.346264,-12.651168,-0.008915,10.594584,-0.004089,-0.003429,-3.519676,-0.099416,3.521080,68|69|70|71|72|73,0.5566
7337.200383,-0.346309,-12.651162,-0.008883,10.594584,-0.004088,-0.003429,-3.519680,-0.099440,3.521084,68|69|70|71|72|73,0.5561
7337.217049,-0.346309,-12.651162,-0.008883,10.594583,-0.004088,-0.003429,-3.519678,-0.099440,3.521082,68|69|70|71|72|73,0.5565
7337.233716,-0.346310,-12.651201,-0.008587,10.594583,-0.004088,-0.003429,-3.519657,-0.099441,3.521061,68|69|70|71|72|73,0.5568
7337.250383,-0.346290,-12.651334,-0.008480,10.594583,-0.004088,-0.003429,-3.519585,-0.099430,3.520989,68|69|70|71|72|73,0.5572
7337.267049,-0.346355,-12.651235,-0.008892,10.594583,-0.004088,-0.003429,-3.519638,-0.099466,3.521044,68|69|70|71|72|73,0.5572
7337.283716,-0.346311,-12.651137,-0.009068,10.594577,-0.004088,-0.003429,-3.519686,-0.099442,3.521090,68|69|70|71|72|73,0.5568
7337.300383,-0.346311,-12.651137,-0.009069,10.594577,-0.004088,-0.003429,-3.519686,-0.099442,3.521090,68|69|70|71|72|73,0.5566
7337.317049,-0.346345,-12.651186,-0.008776,10.594575,-0.004088,-0.003429,-3.519657,-0.099461,3.521062,68|69|70|71|72|73,0.5567
7337.333716,-0.346345,-12.651186,-0.008774,10.594573,-0.004087,-0.003429,-3.519655,-0.099461,3.521061,68|69|70|71|72|73,0.5560
7337.350383,-0.346320,-12.651164,-0.008950,10.594573,-0.004087,-0.003429,-3.519667,-0.099447,3.521072,68|69|70|71|72|73,0.5560
7337.367049,-0.346288,-12.651261,-0.009079,10.596697,-0.003729,-0.002299,-3.521738,-0.099788,3.523152,68|69|70|71|72|73,0.5561
7337.383716,-0.339483,-12.649106,-0.007544,10.599601,-0.003079,-0.001112,-3.525811,-0.096739,3.527138,68|69|70|71|72|73,0.5603
7337.400383,-0.339483,-12.649106,-0.007546,10.609445,-0.002920,-0.002500,-3.535655,-0.096898,3.536983,68|69|70|71|72|73,0.5616
7337.417049,-0.325391,-12.664978,-0.005631,10.616131,-0.003785,-0.002782,-3.533708,-0.088381,3.534813,68|69|70|71|72|73,0.5617
7337.433716,-0.338891,-12.673887,-0.008348,10.616131,-0.003785,-0.002782,-3.528873,-0.095722,3.530171,68|69|70|71|72|73,0.5623
7337.450383,-0.338890,-12.673887,-0.008349,10.622670,-0.004092,-0.002792,-3.535412,-0.095415,3.536699,68|69|70|71|72|73,0.5617
7337.467049,-0.355718,-12.682433,-0.009094,10.629774,-0.003532,-0.003222,-3.537879,-0.105124,3.539441,68|69|70|71|72|73|74,0.5567
7337.483716,-0.346198,-12.690565,-0.009362,10.637110,-0.002644,-0.003022,-3.540791,-0.100841,3.542226,68|69|70|71|72|73|74,0.5635
7337.500383,-0.346008,-12.690584,-0.009105,10.644357,-0.002164,-0.002902,-3.548028,-0.101218,3.549471,69|70|71|72|73|74,0.5627
7337.517049,-0.326947,-12.717752,-0.008527,10.658258,-0.003093,-0.002762,-3.547155,-0.089943,3.548295,69|70|71|72|73|74,0.5629
7337.533716,-0.333323,-12.727533,-0.008169,10.658258,-0.003093,-0.002762,-3.541842,-0.093412,3.543073,69|70|71|72|73|74,0.5631
7337.550383,-0.333325,-12.727535,-0.008170,10.672797,-0.002525,-0.002667,-3.556380,-0.093980,3.557621,69|70|71|72|73|74,0.5626
7337.567049,-0.339598,-12.737363,-0.008056,10.672797,-0.002525,-0.002667,-3.551041,-0.097394,3.552376,69|70|71|72|73|74,0.5626
7337.583716,-0.330662,-12.755074,-0.008106,10.686885,-0.002205,-0.002301,-3.555500,-0.092865,3.556712,69|70|71|72|73|74,0.5630
7337.600383,-0.330660,-12.755072,-0.008107,10.694053,-0.003060,-0.002067,-3.562669,-0.092010,3.563857,69|70|71|72|73|74,0.5611
7337.617049,-0.327215,-12.771128,-0.007777,10.694053,-0.003060,-0.002067,-3.553941,-0.090144,3.555084,69|70|71|72|73|74,0.5623
7337.633716,-0.339385,-12.780411,-0.007527,10.700846,-0.003421,-0.002472,-3.555695,-0.096401,3.557001,69|70|71|72|73|74,0.5618
7337.650383,-0.342638,-12.784685,-0.008030,10.715401,-0.002813,-0.002662,-3.567928,-0.098779,3.569295,69|70|71|72|73|74,0.5617
7337.667049,-0.342636,-12.784684,-0.008029,10.722430,-0.002712,-0.002668,-3.574957,-0.098880,3.576324,69|70|71|72|73|74,0.5615
7337.683716,-0.337148,-12.798269,-0.008180,10.729051,-0.003162,-0.002703,-3.574193,-0.095453,3.575468,69|70|71|72|73|74,0.5618
7337.700383,-0.332542,-12.811483,-0.007921,10.729051,-0.003162,-0.002703,-3.567009,-0.092955,3.568220,69|70|71|72|73|74,0.5607
7337.717049,-0.330855,-12.822727,-0.007840,10.743256,-0.003776,-0.002692,-3.575103,-0.091429,3.576271,69|70|71|72|73|74,0.5624
7337.733716,-0.337417,-12.825835,-0.007987,10.743256,-0.003776,-0.002692,-3.573416,-0.094996,3.574679,69|70|71|72|73|74,0.5631
7337.750383,-0.345596,-12.841862,-0.007952,10.750830,-0.003520,-0.002685,-3.572284,-0.099704,3.573675,69|70|71|72|73|74,0.5635
7337.767049,-0.341854,-12.855644,-0.008205,10.758166,-0.003324,-0.002669,-3.572128,-0.097873,3.573469,69|70|71|72|73|74,0.5627
7337.783716,-0.339005,-12.866859,-0.008178,10.771046,-0.004437,-0.002623,-3.578912,-0.095217,3.580179,69|70|71|72|73|74,0.5622
7337.800383,-0.339005,-12.866861,-0.008177,10.771046,-0.004437,-0.002623,-3.578911,-0.095217,3.580177,69|70|71|72|73|74,0.5633
7337.817049,-0.345555,-12.868613,-0.008271,10.784686,-0.004124,-0.003246,-3.591602,-0.099090,3.592969,69|70|71|72|73|74,0.5639
7337.833716,-0.354547,-12.870027,-0.008143,10.791574,-0.003892,-0.003285,-3.597725,-0.104210,3.599234,69|70|71|72|73|74,0.5646
7337.850383,-0.348151,-12.894242,-0.008670,10.791574,-0.003892,-0.003285,-3.584562,-0.100745,3.585978,69|70|71|72|73|74,0.5647
7337.867049,-0.344911,-12.906729,-0.008679,10.805414,-0.003732,-0.003412,-3.591614,-0.099149,3.592983,69|70|71|72|73|74,0.5630
7337.883716,-0.342342,-12.917500,-0.009117,10.811879,-0.004267,-0.003415,-3.592224,-0.097223,3.593540,69|70|71|72|73|74,0.5613
7337.900383,-0.342548,-12.926113,-0.009237,10.811879,-0.004267,-0.003415,-3.587543,-0.097338,3.588864,69|70|71|72|73|74,0.5610
7337.917049,-0.342547,-12.926114,-0.009238,10.818430,-0.004530,-0.003496,-3.594094,-0.097075,3.595404,69|70|71|72|73|74,0.5614
7337.950383,-0.349470,-12.944890,-0.009409,10.832859,-0.004122,-0.003517,-3.598321,-0.101254,3.599745,69|70|71|72|73|74,0.5634
7337.967049,-0.349471,-12.944890,-0.009410,10.846769,-0.004955,-0.003557,-3.612231,-0.100421,3.613627,69|70|71|72|73|74,0.5627
7337.983716,-0.348614,-12.965166,-0.009568,10.846769,-0.004955,-0.003557,-3.601211,-0.099964,3.602598,69|70|71|72|73|74|75|76,0.5631
7338.000383,-0.348616,-12.965170,-0.009573,10.860767,-0.005025,-0.003639,-3.615207,-0.099895,3.616587,69|70|71|72|73|74|75|76,0.5608
7338.017049,-0.361562,-12.974526,-0.009103,10.860767,-0.005025,-0.003639,-3.610128,-0.106935,3.611711,69|70|71|72|73|74|75|76,0.5507
7338.033716,-0.362033,-12.975947,-0.009684,10.875132,-0.004726,-0.003636,-3.623721,-0.107491,3.625314,71|72|73|74|75|76,0.5645
7338.067049,-0.358562,-12.989746,-0.009588,10.888849,-0.005689,-0.003739,-3.629937,-0.104647,3.631445,71|72|73|74|75|76,0.5625
7338.083716,-0.353765,-13.013838,-0.009552,10.895729,-0.005700,-0.003809,-3.623722,-0.102041,3.625158,71|72|73|74|75|76,0.5630
7338.100383,-0.366993,-13.020856,-0.010100,10.895729,-0.005700,-0.003809,-3.619913,-0.109233,3.621561,71|72|73|74|75|76,0.5639
7338.117049,-0.366354,-13.027143,-0.010024,10.910608,-0.004797,-0.003777,-3.631375,-0.109790,3.633034,71|72|73|74|75|76,0.5650
7338.133716,-0.359631,-13.042443,-0.010428,10.910608,-0.004797,-0.003777,-3.623057,-0.106143,3.624612,71|72|73|74|75|76,0.5635
7338.150383,-0.353390,-13.056119,-0.010534,10.917656,-0.004889,-0.003772,-3.622670,-0.102666,3.624124,71|72|73|74|75|76,0.5627
7338.167049,-0.353942,-13.062072,-0.010784,10.924592,-0.005489,-0.003700,-3.626370,-0.102369,3.627814,71|72|73|74|75|76,0.5627
7338.183716,-0.362571,-13.070316,-0.010553,10.931303,-0.005749,-0.003770,-3.628605,-0.106802,3.630176,71|72|73|74|75|76,0.5625
7338.200383,-0.365226,-13.073234,-0.010469,10.938556,-0.005239,-0.003674,-3.634273,-0.108756,3.635900,71|72|73|74|75|76,0.5637
7338.217049,-0.357279,-13.086972,-0.010392,10.945868,-0.004724,-0.003660,-3.634115,-0.104958,3.635630,71|72|73|74|75|76,0.5638
7338.233716,-0.357281,-13.086974,-0.010394,10.959748,-0.004556,-0.003676,-3.647994,-0.105127,3.649508,71|72|73|74|75|76,0.5617
7338.250383,-0.350126,-13.100511,-0.010258,10.966466,-0.005513,-0.003579,-3.647351,-0.100287,3.648730,71|72|73|74|75|76,0.5607
7338.283716,-0.360115,-13.121330,-0.009642,10.973119,-0.005940,-0.003987,-3.642695,-0.105298,3.644217,71|72|73|74|75|76,0.5614
7338.300383,-0.360114,-13.121332,-0.009644,10.987866,-0.005513,-0.004160,-3.657441,-0.105725,3.658969,71|72|73|74|75|76,0.5629
7338.317049,-0.360363,-13.140061,-0.010091,10.987866,-0.005513,-0.004160,-3.647262,-0.105868,3.648798,71|72|73|74|75|76,0.5630
7338.333716,-0.360363,-13.140061,-0.010092,10.995122,-0.005337,-0.004092,-3.654518,-0.106044,3.656056,71|72|73|74|75|76,0.5612
7338.350383,-0.357306,-13.152922,-0.010641,11.008790,-0.005327,-0.004046,-3.661195,-0.104398,3.662683,71|72|73|74|75|76,0.5605
7338.367049,-0.354290,-13.163867,-0.010364,11.015752,-0.005316,-0.004071,-3.662207,-0.102775,3.663649,71|72|73|74|75|76,0.5615
7338.383716,-0.353600,-13.174074,-0.009847,11.022903,-0.005035,-0.004133,-3.663811,-0.102686,3.665249,71|72|73|74|75|76,0.5633
7338.400383,-0.353600,-13.174074,-0.009848,11.022903,-0.005035,-0.004133,-3.663811,-0.102686,3.665250,71|72|73|74|75|76,0.5635
7338.417049,-0.349012,-13.195617,-0.009403,11.029955,-0.004848,-0.004095,-3.659152,-0.100388,3.660529,71|72|73|74|75|76,0.5629
7338.450383,-0.340675,-13.216732,-0.009865,11.043238,-0.004769,-0.003029,-3.660956,-0.095946,3.662213,71|72|73|74|75|76,0.5602
7338.467049,-0.340675,-13.216732,-0.009866,11.050237,-0.004645,-0.002823,-3.667955,-0.096070,3.669212,71|72|73|74|75|76,0.5614
7338.483716,-0.343315,-13.222825,-0.008443,11.065292,-0.004351,-0.002538,-3.679700,-0.097801,3.680999,71|72|73|74|75|76,0.5614
7338.500383,-0.343315,-13.222826,-0.008442,11.072719,-0.004372,-0.002545,-3.687127,-0.097781,3.688423,71|72|73|74|75|76,0.5607
7338.517049,-0.339566,-13.251082,-0.007948,11.072719,-0.004372,-0.002545,-3.671768,-0.095756,3.673017,71|72|73|74|75|76|77,0.5541
7338.533716,-0.339712,-13.264783,-0.008252,11.085567,-0.005252,-0.002132,-3.677170,-0.094961,3.678396,72|73|74|75|76|77,0.5589
7338.550383,-0.346922,-13.261874,-0.007824,11.085567,-0.005252,-0.002132,-3.678754,-0.098878,3.680083,72|73|74|75|76|77,0.5606
7338.583716,-0.349423,-13.274005,-0.008241,11.099810,-0.004766,-0.001885,-3.686406,-0.100728,3.687782,72|73|74|75|76|77,0.5656
7338.600383,-0.343892,-13.288472,-0.008007,11.106945,-0.004410,-0.001868,-3.685675,-0.098085,3.686980,72|73|74|75|76|77,0.5653
7338.617049,-0.338713,-13.301576,-0.008054,11.120708,-0.004591,-0.001758,-3.692314,-0.095095,3.693538,72|73|74|75|76|77,0.5635
7338.633716,-0.336103,-13.312177,-0.008082,11.120708,-0.004591,-0.001758,-3.686552,-0.093681,3.687742,72|73|74|75|76|77,0.5626
7338.650383,-0.340728,-13.314312,-0.007945,11.127434,-0.004885,-0.001691,-3.692120,-0.095902,3.693365,72|73|74|75|76|77,0.5636
7338.667049,-0.344586,-13.319944,-0.007869,11.134828,-0.004648,-0.001414,-3.696454,-0.098238,3.697759,72|73|74|75|76|77,0.5632
7338.683716,-0.341054,-13.334285,-0.007319,11.149719,-0.004407,-0.001327,-3.703550,-0.096565,3.704808,72|73|74|75|76|77,0.5629
7338.717049,-0.337623,-13.358706,-0.007217,11.156284,-0.004210,-0.000924,-3.696841,-0.094908,3.698059,72|73|74|75|76|77,0.5606
7338.733716,-0.333717,-13.357667,-0.006886,11.163163,-0.004609,-0.000972,-3.704283,-0.092386,3.705435,72|73|74|75|76|77,0.5611
7338.750383,-0.339447,-13.365084,-0.007029,11.177579,-0.004785,-0.000963,-3.714670,-0.095328,3.715893,72|73|74|75|76|77,0.5626
7338.767049,-0.339447,-13.365084,-0.007029,11.184512,-0.004882,-0.000957,-3.721603,-0.095231,3.722821,72|73|74|75|76|77,0.5632
7338.800383,-0.343238,-13.398343,-0.006952,11.198162,-0.005015,-0.000821,-3.717180,-0.097173,3.718450,72|73|74|75|76|77,0.5631
7338.817049,-0.343238,-13.398343,-0.006951,11.198162,-0.005015,-0.000821,-3.717180,-0.097173,3.718450,72|73|74|75|76|77,0.5629
7338.833716,-0.344999,-13.410915,-0.007026,11.205457,-0.005271,-0.000784,-3.717643,-0.097879,3.718932,72|73|74|75|76|77,0.5620
7338.850383,-0.344998,-13.410916,-0.007025,11.220119,-0.005436,-0.000797,-3.732304,-0.097713,3.733583,72|73|74|75|76|77,0.5628
7338.867049,-0.348707,-13.421817,-0.006956,11.227197,-0.005360,-0.000796,-3.733460,-0.099810,3.734794,72|73|74|75|76|77,0.5636
7338.900383,-0.349979,-13.450750,-0.007324,11.233817,-0.004855,-0.000754,-3.724356,-0.101020,3.725726,72|73|74|75|76|77,0.5627
7338.917049,-0.342893,-13.452689,-0.007185,11.240551,-0.005146,-0.000646,-3.730033,-0.096878,3.731291,72|73|74|75|76|77,0.5621
7338.933716,-0.342893,-13.452689,-0.007186,11.254539,-0.005445,-0.000522,-3.744021,-0.096579,3.745266,72|73|74|75|76|77,0.5636
7338.950383,-0.347267,-13.462000,-0.007116,11.261495,-0.005570,-0.000544,-3.745918,-0.098835,3.747222,72|73|74|75|76|77,0.5647
7338.967049,-0.351380,-13.484775,-0.007112,11.268472,-0.005710,-0.000597,-3.740519,-0.100940,3.741881,72|73|74|75|76|77,0.5649
7338.983716,-0.353021,-13.495021,-0.007415,11.268472,-0.005710,-0.000597,-3.734952,-0.101836,3.736340,72|73|74|75|76|77,0.5645
7339.000383,-0.353022,-13.495020,-0.007415,11.281935,-0.005174,-0.000369,-3.748415,-0.102374,3.749813,72|73|74|75|76|77,0.5633
7339.017049,-0.354423,-13.506209,-0.007895,11.288917,-0.005338,-0.000387,-3.749317,-0.102976,3.750731,72|73|74|75|76|77|78|79,0.5535
7339.033716,-0.346849,-13.513666,-0.007586,11.288917,-0.005338,-0.000387,-3.745261,-0.098863,3.746566,72|73|74|75|76|77|78|79,0.5625
7339.083716,-0.346671,-13.514095,-0.008140,11.309953,-0.005471,-0.000311,-3.766064,-0.098634,3.767355,74|75|76|77|78|79,0.5624
7339.100383,-0.351438,-13.551809,-0.007041,11.316894,-0.005576,-0.000331,-3.752510,-0.101136,3.753873,74|75|76|77|78|79,0.5623
7339.117049,-0.353004,-13.559211,-0.007199,11.331137,-0.006114,-0.000316,-3.762731,-0.101451,3.764098,74|75|76|77|78|79,0.5626
7339.133716,-0.357863,-13.570287,-0.006383,11.338024,-0.006365,-0.000203,-3.763600,-0.103846,3.765033,74|75|76|77|78|79,0.5634
7339.150383,-0.361290,-13.581277,-0.006317,11.338024,-0.006365,-0.000203,-3.757629,-0.105713,3.759115,74|75|76|77|78|79,0.5629
7339.167049,-0.364951,-13.592496,-0.006519,11.351692,-0.006148,0.000074,-3.765202,-0.107925,3.766748,74|75|76|77|78|79,0.5620
7339.183716,-0.367078,-13.601969,-0.005964,11.351692,-0.006148,0.000074,-3.760054,-0.109086,3.761636,74|75|76|77|78|79,0.5607
7339.200383,-0.360866,-13.601389,-0.005860,11.358639,-0.006291,0.000212,-3.767313,-0.105566,3.768792,74|75|76|77|78|79,0.5629
7339.217049,-0.363253,-13.608829,-0.006080,11.366121,-0.006216,0.000260,-3.770753,-0.106942,3.772269,74|75|76|77|78|79,0.5639
7339.233716,-0.362573,-13.622768,-0.005660,11.373524,-0.006261,0.000246,-3.770580,-0.106533,3.772085,74|75|76|77|78|79,0.5636
7339.250383,-0.362573,-13.622766,-0.005662,11.387736,-0.005972,0.000203,-3.784793,-0.106822,3.786300,74|75|76|77|78|79,0.5636
7339.267049,-0.363250,-13.635413,-0.005840,11.394289,-0.006410,-0.000066,-3.784473,-0.106758,3.785978,74|75|76|77|78|79,0.5632
7339.283716,-0.359242,-13.649387,-0.005072,11.401596,-0.006266,-0.000096,-3.784184,-0.104730,3.785633,74|75|76|77|78|79,0.5628
7339.350383,-0.361750,-13.692907,-0.005553,11.423365,-0.006162,-0.000158,-3.782302,-0.106216,3.783793,74|75|76|77|78|79,0.5624
7339.367049,-0.361820,-13.705531,-0.006075,11.436282,-0.006077,-0.000552,-3.788358,-0.106344,3.789850,74|75|76|77|78|79,0.5599
7339.400383,-0.360319,-13.705577,-0.006412,11.443646,-0.006174,-0.000597,-3.795696,-0.105432,3.797160,74|75|76|77|78|79,0.5619
7339.417049,-0.360319,-13.705577,-0.006411,11.458103,-0.006344,-0.000572,-3.810154,-0.105262,3.811607,74|75|76|77|78|79,0.5620
7339.433716,-0.362914,-13.730694,-0.006569,11.458103,-0.006344,-0.000572,-3.796504,-0.106683,3.798003,74|75|76|77|78|79,0.5627
7339.450383,-0.364077,-13.741603,-0.006095,11.464868,-0.005911,-0.000551,-3.797340,-0.107753,3.798869,74|75|76|77|78|79,0.5622
7339.483716,-0.353179,-13.748890,-0.006324,11.478794,-0.005573,-0.000504,-3.807302,-0.102171,3.808672,74|75|76|77|78|79,0.5640
7339.500383,-0.353308,-13.762819,-0.006109,11.486053,-0.005641,-0.000500,-3.806990,-0.102179,3.808361,74|75|76|77|78|79,0.5641
7339.517049,-0.353309,-13.762819,-0.006112,11.500360,-0.005736,-0.000149,-3.821297,-0.102085,3.822661,74|75|76|77|78|79,0.5644
7339.533716,-0.354265,-13.775542,-0.005787,11.506970,-0.005227,0.000092,-3.820993,-0.103119,3.822384,74|75|76|77|78|79,0.5643
7339.550383,-0.355585,-13.787525,-0.005707,11.513935,-0.004673,0.000469,-3.821446,-0.104395,3.822872,74|75|76|77|78|79|80,0.5609
7339.567049,-0.346766,-13.797631,-0.006331,11.513935,-0.004673,0.000469,-3.815950,-0.099607,3.817250,74|75|76|77|78|79|80,0.5600
7339.583716,-0.339926,-13.806924,-0.006363,11.528737,-0.005122,0.000497,-3.825698,-0.095446,3.826889,75|76|77|78|79|80,0.5621
7339.600383,-0.343346,-13.819910,-0.005135,11.528737,-0.005122,0.000497,-3.818642,-0.097310,3.819882,75|76|77|78|79|80,0.5626
7339.617049,-0.343346,-13.819908,-0.005135,11.536112,-0.005414,0.000479,-3.826018,-0.097017,3.827248,75|76|77|78|79|80,0.5615
7339.650383,-0.343122,-13.845003,-0.005186,11.549297,-0.004556,0.000611,-3.825565,-0.097764,3.826814,75|76|77|78|79|80,0.5600
7339.667049,-0.343122,-13.845004,-0.005185,11.563325,-0.004871,0.000655,-3.839593,-0.097450,3.840829,75|76|77|78|79|80,0.5607
7339.683716,-0.344417,-13.856487,-0.004807,11.563325,-0.004871,0.000655,-3.833352,-0.098158,3.834609,75|76|77|78|79|80,0.5633
7339.700383,-0.344841,-13.869453,-0.005003,11.570545,-0.004889,0.000687,-3.833525,-0.098377,3.834787,75|76|77|78|79|80,0.5633
7339.717049,-0.344842,-13.869452,-0.005005,11.584351,-0.004520,0.000903,-3.847332,-0.098747,3.848599,75|76|77|78|79|80,0.5627
7339.750383,-0.339593,-13.897934,-0.005699,11.591099,-0.004438,0.001182,-3.838598,-0.095988,3.839798,75|76|77|78|79|80,0.5632
7339.767049,-0.339429,-13.903526,-0.005571,11.598402,-0.004627,0.001276,-3.842862,-0.095712,3.844054,75|76|77|78|79|80,0.5633
7339.783716,-0.342592,-13.914563,-0.005350,11.613085,-0.004834,0.001314,-3.851548,-0.097229,3.852775,75|76|77|78|79|80,0.5636
7339.817049,-0.345818,-13.936253,-0.005449,11.627071,-0.004081,0.001386,-3.853747,-0.099745,3.855038,75|76|77|78|79|80,0.5615
7339.850383,-0.334513,-13.946621,-0.005157,11.634206,-0.004177,0.001391,-3.855243,-0.093510,3.856377,75|76|77|78|79|80,0.5622
7339.900383,-0.334514,-13.946620,-0.005164,11.662268,-0.005285,0.001715,-3.883306,-0.092402,3.884405,75|76|77|78|79|80,0.5639
7339.917049,-0.352415,-13.989005,-0.004681,11.669369,-0.004780,0.001778,-3.867378,-0.102654,3.868740,75|76|77|78|79|80,0.5629
7339.950383,-0.345072,-14.002212,-0.005445,11.683720,-0.005296,0.002345,-3.874549,-0.098154,3.875793,75|76|77|78|79|80,0.5644
7339.967049,-0.348896,-14.011712,-0.004704,11.683720,-0.005296,0.002345,-3.869388,-0.100236,3.870686,75|76|77|78|79|80,0.5640
7340.000383,-0.357232,-14.029530,-0.004285,11.704308,-0.004493,0.001669,-3.880296,-0.105577,3.881732,75|76|77|78|79|80,0.5617
7340.017049,-0.357232,-14.029534,-0.004285,11.711243,-0.004643,0.001578,-3.887229,-0.105427,3.888658,75|76|77|78|79|80,0.5625
7340.033716,-0.341508,-14.042582,-0.004517,11.711243,-0.004643,0.001578,-3.880130,-0.096887,3.881340,75|76|77|78|79|80,0.5612
7340.050383,-0.344498,-14.053125,-0.004567,11.718229,-0.005035,0.001566,-3.881388,-0.098125,3.882628,75|76|77|78|79|80,0.5625
7340.067049,-0.350122,-14.064000,-0.005130,11.725215,-0.005435,0.001567,-3.882465,-0.100787,3.883773,75|76|77|78|79|80|81|82,0.5649
7340.083716,-0.356064,-14.074012,-0.005253,11.732223,-0.005855,0.001517,-3.884035,-0.103600,3.885417,75|76|77|78|79|80|81|82,0.5567
7340.100383,-0.361969,-14.083985,-0.005045,11.739080,-0.005836,0.001599,-3.885475,-0.106832,3.886943,75|76|77|78|79|80|81|82,0.5500
7340.117049,-0.361106,-14.089351,-0.005383,11.752835,-0.004677,0.001228,-3.896313,-0.107525,3.897796,77|78|79|80|81|82,0.5627
7340.133716,-0.353722,-14.096090,-0.005620,11.752835,-0.004677,0.001228,-3.892647,-0.103515,3.894023,77|78|79|80|81|82,0.5631
7340.150383,-0.353724,-14.096088,-0.005618,11.766856,-0.005473,0.001190,-3.906669,-0.102720,3.908019,77|78|79|80|81|82,0.5623
7340.183716,-0.356888,-14.127485,-0.005427,11.773758,-0.005548,0.001237,-3.896509,-0.104378,3.897907,77|78|79|80|81|82,0.5627
7340.200383,-0.356887,-14.127487,-0.005429,11.780614,-0.005289,0.001046,-3.903364,-0.104637,3.904766,77|78|79|80|81|82,0.5637
7340.217049,-0.354115,-14.139586,-0.005595,11.795124,-0.005594,0.000893,-3.911297,-0.102831,3.912649,77|78|79|80|81|82,0.5638
7340.233716,-0.352986,-14.150698,-0.005121,11.795124,-0.005594,0.000893,-3.905258,-0.102222,3.906595,77|78|79|80|81|82,0.5643
7340.283716,-0.371950,-14.182681,-0.005331,11.822937,-0.005639,0.000939,-3.915697,-0.112497,3.917313,77|78|79|80|81|82,0.5638
7340.300383,-0.371950,-14.182683,-0.005334,11.830452,-0.005690,0.000915,-3.923211,-0.112446,3.924822,77|78|79|80|81|82,0.5640
7340.317049,-0.359326,-14.191063,-0.005664,11.830452,-0.005690,0.000915,-3.918651,-0.105589,3.920073,77|78|79|80|81|82,0.5639
7340.333716,-0.360689,-14.204728,-0.005686,11.837719,-0.005873,0.000939,-3.918492,-0.106153,3.919929,77|78|79|80|81|82,0.5644
7340.350383,-0.360689,-14.204727,-0.005681,11.852066,-0.005993,0.000966,-3.932839,-0.106033,3.934268,77|78|79|80|81|82,0.5647
7340.367049,-0.363493,-14.215529,-0.005152,11.858811,-0.005669,0.000959,-3.933715,-0.107886,3.935194,77|78|79|80|81|82,0.5643
7340.400383,-0.361093,-14.236675,-0.005739,11.873198,-0.005808,0.000921,-3.936608,-0.106451,3.938047,77|78|79|80|81|82,0.5646
7340.417049,-0.361092,-14.236670,-0.005735,11.873198,-0.005808,0.000921,-3.936611,-0.106450,3.938050,77|78|79|80|81|82,0.5654
7340.433716,-0.362306,-14.249780,-0.005909,11.880300,-0.005896,0.000953,-3.936589,-0.107029,3.938044,77|78|79|80|81|82,0.5654
7340.450383,-0.363865,-14.260644,-0.005371,11.887424,-0.005998,0.000942,-3.937809,-0.107779,3.939284,77|78|79|80|81|82,0.5655
7340.467050,-0.367202,-14.281869,-0.004249,11.901005,-0.005061,0.001042,-3.939856,-0.110538,3.941406,77|78|79|80|81|82,0.5638
7340.483716,-0.367204,-14.281870,-0.004249,11.908174,-0.005359,0.001022,-3.947024,-0.110242,3.948563,77|78|79|80|81|82,0.5619
7340.500383,-0.353882,-14.290240,-0.004413,11.908174,-0.005359,0.001022,-3.942470,-0.103005,3.943815,77|78|79|80|81|82,0.5613
7340.517050,-0.353881,-14.290239,-0.004412,11.922583,-0.005977,0.001053,-3.956879,-0.102387,3.958203,77|78|79|80|81|82,0.5624
7340.533716,-0.358331,-14.301317,-0.004329,11.929350,-0.005777,0.001066,-3.957628,-0.105010,3.959021,77|78|79|80|81|82,0.5625
7340.550383,-0.367267,-14.322737,-0.004373,11.929350,-0.005777,0.001066,-3.945991,-0.109876,3.947520,77|78|79|80|81|82,0.5621
7340.583716,-0.367269,-14.322738,-0.004373,11.950804,-0.004948,0.001088,-3.967444,-0.110706,3.968988,77|78|79|80|81|82,0.5633
7340.600383,-0.358220,-14.331922,-0.004285,11.957962,-0.005243,0.001086,-3.969606,-0.105497,3.971008,77|78|79|80|81|82|83,0.5619
7340.617050,-0.354161,-14.356956,-0.004428,11.957962,-0.005243,0.001086,-3.955999,-0.103302,3.957348,78|79|80|81|82|83,0.5640
7340.633716,-0.358438,-14.368159,-0.004264,11.965146,-0.005431,0.001231,-3.957097,-0.105443,3.958502,78|79|80|81|82|83,0.5635
7340.650383,-0.360339,-14.376977,-0.003954,11.971922,-0.005201,0.001168,-3.959081,-0.106710,3.960519,78|79|80|81|82|83,0.5626
7340.683716,-0.360339,-14.376977,-0.003952,11.993528,-0.004375,0.001126,-3.980687,-0.107536,3.982139,78|79|80|81|82|83,0.5626
7340.700383,-0.341204,-14.400227,-0.005359,11.993528,-0.004375,0.001126,-3.968043,-0.097147,3.969232,78|79|80|81|82|83,0.5620
7340.717050,-0.346335,-14.411041,-0.006020,12.000800,-0.004737,0.001109,-3.969440,-0.099578,3.970689,78|79|80|81|82|83,0.5617
7340.733716,-0.351687,-14.421967,-0.006819,12.007710,-0.004671,0.001093,-3.970415,-0.102558,3.971739,78|79|80|81|82|83,0.5608
7340.750383,-0.351685,-14.421969,-0.006818,12.014290,-0.004360,0.001094,-3.976993,-0.102867,3.978323,78|79|80|81|82|83,0.5620
7340.767050,-0.346618,-14.425978,-0.006592,12.021456,-0.003906,0.001574,-3.981978,-0.100570,3.983248,78|79|80|81|82|83,0.5631
7340.783716,-0.341457,-14.439099,-0.006106,12.035877,-0.004270,0.001678,-3.989266,-0.097406,3.990455,78|79|80|81|82|83,0.5631
7340.800383,-0.341457,-14.439099,-0.006106,12.043008,-0.004460,0.001704,-3.996397,-0.097216,3.997580,78|79|80|81|82|83,0.5625
7340.833716,-0.349810,-14.476061,-0.006085,12.056649,-0.003947,0.002104,-3.989953,-0.102285,3.991264,78|79|80|81|82|83,0.5629
7340.850383,-0.346545,-14.481108,-0.006192,12.056649,-0.003947,0.002104,-3.987209,-0.100513,3.988476,78|79|80|81|82|83,0.5628
7340.867050,-0.341891,-14.486166,-0.005196,12.071183,-0.004074,0.002382,-3.998992,-0.097859,4.000189,78|79|80|81|82|83,0.5640
7340.883716,-0.340939,-14.497388,-0.005052,12.071183,-0.004074,0.002382,-3.992893,-0.097346,3.994079,78|79|80|81|82|83,0.5652
7340.917050,-0.349171,-14.519051,-0.004747,12.085615,-0.004328,0.002493,-3.995555,-0.101576,3.996846,78|79|80|81|82|83,0.5632
7340.933716,-0.348650,-14.524694,-0.004427,12.092560,-0.003984,0.002384,-3.999433,-0.101640,4.000725,78|79|80|81|82|83,0.5637
7340.967050,-0.332808,-14.540884,-0.003745,12.106803,-0.003660,0.002585,-4.004871,-0.093360,4.005959,78|79|80|81|82|83,0.5626
7340.983716,-0.339757,-14.550400,-0.003770,12.113856,-0.004219,0.002490,-4.006754,-0.096582,4.007918,78|79|80|81|82|83,0.5637
7341.000383,-0.348018,-14.561180,-0.003825,12.128033,-0.004945,0.002515,-4.015077,-0.100351,4.016331,78|79|80|81|82|83,0.5634
7341.033716,-0.358940,-14.576505,-0.004008,12.135338,-0.004411,0.002739,-4.014057,-0.106827,4.015479,78|79|80|81|82|83,0.5628
7341.050383,-0.352162,-14.588780,-0.003787,12.149395,-0.004547,0.003188,-4.021440,-0.103013,4.022759,78|79|80|81|82|83,0.5625
7341.067050,-0.352163,-14.588778,-0.003789,12.156476,-0.004898,0.003180,-4.028522,-0.102662,4.029830,78|79|80|81|82|83,0.5626
7341.083716,-0.350542,-14.596613,-0.003978,12.163167,-0.004870,0.003158,-4.030955,-0.101813,4.032240,78|79|80|81|82|83,0.5629
7341.100383,-0.360457,-14.612667,-0.003389,12.163167,-0.004870,0.003158,-4.022234,-0.107208,4.023662,78|79|80|81|82|83|84|85,0.5573
7341.117050,-0.360254,-14.614040,-0.003420,12.177137,-0.003566,0.002240,-4.035458,-0.108404,4.036913,78|79|80|81|82|83|84|85,0.5586
7341.133716,-0.349855,-14.625414,-0.004235,12.177137,-0.003566,0.002240,-4.029272,-0.102757,4.030582,78|79|80|81|82|83|84|85,0.5599
7341.150383,-0.349778,-14.625844,-0.003920,12.184155,-0.003960,0.002700,-4.036056,-0.102320,4.037353,80|81|82|83|84|85,0.5627
7341.167050,-0.340823,-14.637877,-0.003877,12.191278,-0.004522,0.002720,-4.036635,-0.096897,4.037798,80|81|82|83|84|85,0.5631
7341.183716,-0.356767,-14.658148,-0.003610,12.198397,-0.005088,0.002735,-4.032744,-0.105006,4.034111,80|81|82|83|84|85,0.5638
7341.200383,-0.356767,-14.658148,-0.003611,12.205260,-0.005226,0.002796,-4.039607,-0.104868,4.040968,80|81|82|83|84|85,0.5627
7341.217050,-0.366922,-14.672794,-0.003955,12.211980,-0.004931,0.002483,-4.038372,-0.110687,4.039888,80|81|82|83|84|85,0.5635
7341.233716,-0.361783,-14.679619,-0.003813,12.225793,-0.004054,0.002318,-4.048473,-0.108774,4.049934,80|81|82|83|84|85,0.5641
7341.250383,-0.349200,-14.694564,-0.003947,12.225793,-0.004054,0.002318,-4.040345,-0.101942,4.041631,80|81|82|83|84|85,0.5617
7341.267050,-0.349960,-14.699777,-0.004134,12.239717,-0.004833,0.002414,-4.051436,-0.101579,4.052710,80|81|82|83|84|85,0.5634
7341.300383,-0.361505,-14.715623,-0.004354,12.246566,-0.004704,0.002287,-4.049679,-0.107989,4.051119,80|81|82|83|84|85,0.5626
7341.317050,-0.359618,-14.722410,-0.004154,12.254077,-0.004128,0.002270,-4.053500,-0.107542,4.054926,80|81|82|83|84|85,0.5635
7341.333716,-0.351889,-14.736227,-0.003858,12.268288,-0.005096,0.002168,-4.060199,-0.102381,4.061490,80|81|82|83|84|85,0.5637
7341.350383,-0.351888,-14.736226,-0.003859,12.275377,-0.005686,0.002302,-4.067288,-0.101789,4.068562,80|81|82|83|84|85,0.5647
7341.367050,-0.357711,-14.743707,-0.004135,12.281972,-0.005712,0.002508,-4.069821,-0.104932,4.071173,80|81|82|83|84|85,0.5649
7341.383716,-0.366162,-14.754206,-0.004255,12.288897,-0.005222,0.002384,-4.071043,-0.110020,4.072529,80|81|82|83|84|85,0.5636
7341.400383,-0.374689,-14.766718,-0.003898,12.288897,-0.005222,0.002384,-4.064246,-0.114659,4.065864,80|81|82|83|84|85,0.5644
7341.417050,-0.367597,-14.774165,-0.004319,12.296387,-0.004530,0.002359,-4.067686,-0.111500,4.069214,80|81|82|83|84|85,0.5641
7341.433716,-0.367599,-14.774164,-0.004325,12.303746,-0.004864,0.002337,-4.075046,-0.111167,4.076562,80|81|82|83|84|85,0.5646
7341.450383,-0.364208,-14.798893,-0.004031,12.310980,-0.005226,0.002342,-4.068839,-0.108973,4.070298,80|81|82|83|84|85,0.5643
7341.467050,-0.364208,-14.798893,-0.004033,12.324807,-0.005201,0.002283,-4.082665,-0.108999,4.084120,80|81|82|83|84|85,0.5626
7341.483716,-0.371403,-14.816332,-0.004609,12.332163,-0.004647,0.002220,-4.080547,-0.113470,4.082124,80|81|82|83|84|85,0.5630
7341.500383,-0.369285,-14.820248,-0.005214,12.332163,-0.004647,0.002220,-4.078418,-0.112321,4.079964,80|81|82|83|84|85,0.5634
7341.517050,-0.369286,-14.820247,-0.005215,12.346406,-0.005134,0.002174,-4.092661,-0.111834,4.094189,80|81|82|83|84|85,0.5635
7341.533716,-0.365508,-14.843606,-0.005496,12.346406,-0.005134,0.002174,-4.079965,-0.109792,4.081442,80|81|82|83|84|85,0.5634
7341.550383,-0.365511,-14.843603,-0.005499,12.360421,-0.005207,0.002319,-4.093981,-0.109720,4.095451,80|81|82|83|84|85,0.5626
7341.567050,-0.372983,-14.864468,-0.005381,12.367101,-0.004743,0.002231,-4.089325,-0.114254,4.090921,80|81|82|83|84|85,0.5618
7341.583716,-0.370516,-14.869724,-0.005176,12.367101,-0.004743,0.002231,-4.086468,-0.112915,4.088028,80|81|82|83|84|85,0.5628
7341.600383,-0.363610,-14.873732,-0.005413,12.381458,-0.004619,0.002139,-4.098643,-0.109288,4.100100,80|81|82|83|84|85,0.5616
7341.617050,-0.355852,-14.885873,-0.005117,12.388721,-0.005068,0.002166,-4.099304,-0.104628,4.100639,80|81|82|83|84|85|86,0.5552
7341.633716,-0.363049,-14.895529,-0.003566,12.395475,-0.005031,0.002165,-4.100813,-0.108581,4.102250,80|81|82|83|84|85|86,0.5627
7341.650383,-0.369339,-14.904939,-0.004091,12.395475,-0.005031,0.002165,-4.095702,-0.112004,4.097233,80|81|82|83|84|85|86,0.5553
7341.667050,-0.369192,-14.906125,-0.003699,12.402244,-0.004741,0.002144,-4.101827,-0.112213,4.103361,81|82|83|84|85|86,0.5637
7341.683716,-0.365371,-14.914575,-0.002742,12.409824,-0.003712,0.002117,-4.104813,-0.111169,4.106318,81|82|83|84|85|86,0.5641
7341.700383,-0.365371,-14.914575,-0.002741,12.424356,-0.004167,0.002136,-4.119344,-0.110714,4.120832,81|82|83|84|85|86,0.5622
7341.717050,-0.350692,-14.930765,-0.002691,12.424356,-0.004167,0.002136,-4.110539,-0.102744,4.111823,81|82|83|84|85|86,0.5626
7341.733716,-0.352687,-14.940087,-0.002826,12.438622,-0.004313,0.002172,-4.119740,-0.103686,4.121045,81|82|83|84|85|86,0.5617
7341.750383,-0.363984,-14.961079,-0.002993,12.438622,-0.004313,0.002172,-4.108336,-0.109835,4.109804,81|82|83|84|85|86,0.5616
7341.767050,-0.360569,-14.966166,-0.003185,12.445623,-0.003796,0.002246,-4.112571,-0.108499,4.114002,81|82|83|84|85|86,0.5625
7341.800383,-0.360568,-14.966166,-0.003182,12.467142,-0.003726,0.002325,-4.134090,-0.108568,4.135516,81|82|83|84|85|86,0.5620
7341.817050,-0.346072,-14.994389,-0.003551,12.474094,-0.003817,0.002310,-4.125697,-0.100612,4.126924,81|82|83|84|85|86,0.5619
7341.833716,-0.353160,-15.004914,-0.004483,12.480709,-0.003656,0.002313,-4.126595,-0.104629,4.127922,81|82|83|84|85|86,0.5611
7341.850383,-0.353158,-15.004915,-0.004479,12.487843,-0.002685,0.001964,-4.133729,-0.105599,4.135077,81|82|83|84|85|86,0.5623
7341.867050,-0.354691,-15.009650,-0.004025,12.495411,-0.002826,0.001970,-4.138724,-0.106293,4.140089,81|82|83|84|85|86,0.5625
7341.883716,-0.337758,-15.019558,-0.004164,12.495411,-0.002826,0.001970,-4.133331,-0.097094,4.134472,81|82|83|84|85|86,0.5631
7341.917050,-0.346357,-15.048197,-0.003701,12.509444,-0.003526,0.001973,-4.131803,-0.101081,4.133040,81|82|83|84|85|86,0.5649
7341.933716,-0.346357,-15.048197,-0.003701,12.516438,-0.003598,0.002083,-4.138798,-0.101009,4.140030,81|82|83|84|85|86,0.5649
7341.950383,-0.351245,-15.064711,-0.003365,12.523313,-0.003418,0.002163,-4.136699,-0.103853,4.138003,81|82|83|84|85|86,0.5656
7341.967050,-0.348633,-15.070144,-0.003364,12.530636,-0.002771,0.002255,-4.141069,-0.103082,4.142352,81|82|83|84|85|86,0.5653
7342.000383,-0.345387,-15.091941,-0.002987,12.551938,-0.003507,0.003153,-4.150523,-0.100591,4.151742,81|82|83|84|85|86,0.5641
7342.017050,-0.351188,-15.102208,-0.002895,12.551938,-0.003507,0.003153,-4.144946,-0.103749,4.146244,81|82|83|84|85|86,0.5644
7342.033716,-0.352952,-15.108290,-0.003014,12.566146,-0.002417,0.002807,-4.155849,-0.105800,4.157196,81|82|83|84|85|86,0.5638
7342.050383,-0.349593,-15.113852,-0.002776,12.566146,-0.002417,0.002807,-4.152825,-0.103977,4.154127,81|82|83|84|85|86,0.5631
7342.067050,-0.336859,-15.129484,-0.003510,12.572923,-0.002512,0.002776,-4.151100,-0.096969,4.152233,81|82|83|84|85|86,0.5621
7342.083716,-0.336858,-15.129485,-0.003509,12.587017,-0.003782,0.002679,-4.165194,-0.095698,4.166294,81|82|83|84|85|86,0.5635
7342.100383,-0.348253,-15.144273,-0.003646,12.594095,-0.004113,0.002711,-4.164240,-0.101566,4.165478,81|82|83|84|85|86,0.5640
7342.117050,-0.348253,-15.144273,-0.003647,12.601393,-0.003700,0.002843,-4.171539,-0.101979,4.172785,81|82|83|84|85|86,0.5630
7342.133716,-0.362078,-15.161745,-0.004899,12.601393,-0.003700,0.002843,-4.162049,-0.109501,4.163489,81|82|83|84|85|86|87|88,0.5512
7342.150383,-0.362044,-15.161825,-0.004909,12.608749,-0.003381,0.002953,-4.169361,-0.109801,4.170806,81|82|83|84|85|86|87|88,0.5619
7342.167050,-0.356480,-15.172936,-0.004982,12.615540,-0.003569,0.002967,-4.170112,-0.106594,4.171474,81|82|83|84|85|86|87|88,0.5491
7342.183716,-0.354778,-15.188553,-0.003136,12.622516,-0.004036,0.002963,-4.168599,-0.105209,4.169927,81|83|84|85|86|87|88,0.5547
7342.200383,-0.362232,-15.196344,-0.003206,12.629156,-0.004221,0.002949,-4.171007,-0.109079,4.172433,83|84|85|86|87|88,0.5635
7342.217050,-0.365263,-15.196323,-0.002566,12.643225,-0.002907,0.001767,-4.185090,-0.112040,4.186589,83|84|85|86|87|88,0.5654
7342.233716,-0.354953,-15.208535,-0.003562,12.643225,-0.002907,0.001767,-4.178448,-0.106442,4.179804,83|84|85|86|87|88,0.5652
7342.250383,-0.343707,-15.226400,-0.003946,12.650113,-0.002817,0.002646,-4.175621,-0.100428,4.176829,83|84|85|86|87|88,0.5631
7342.267050,-0.347359,-15.231405,-0.002974,12.657291,-0.003383,0.002941,-4.180081,-0.101849,4.181322,83|84|85|86|87|88,0.5640
7342.283716,-0.356839,-15.241578,-0.002030,12.671354,-0.004289,0.003060,-4.188619,-0.106099,4.189963,83|84|85|86|87|88,0.5642
7342.300383,-0.356838,-15.241579,-0.002029,12.678068,-0.004134,0.002805,-4.195333,-0.106254,4.196679,83|84|85|86|87|88,0.5631
7342.317050,-0.369587,-15.256790,-0.002586,12.678068,-0.004134,0.002805,-4.187072,-0.113190,4.188602,83|84|85|86|87|88,0.5630
7342.333716,-0.369590,-15.256789,-0.002587,12.692295,-0.003010,0.002597,-4.201300,-0.114315,4.202855,83|84|85|86|87|88,0.5627
7342.350383,-0.366160,-15.263040,-0.003349,12.699102,-0.003397,0.002823,-4.204708,-0.112066,4.206201,83|84|85|86|87|88,0.5609
7342.367050,-0.350278,-15.286593,-0.003606,12.699102,-0.003397,0.002823,-4.191900,-0.103445,4.193176,83|84|85|86|87|88,0.5615
7342.383716,-0.350278,-15.286593,-0.003607,12.705922,-0.003727,0.002875,-4.198720,-0.103115,4.199986,83|84|85|86|87|88,0.5617
7342.400383,-0.361754,-15.299556,-0.002659,12.712687,-0.003726,0.002901,-4.198445,-0.109359,4.199869,83|84|85|86|87|88,0.5624
7342.450383,-0.356106,-15.327998,-0.003591,12.734486,-0.003856,0.002505,-4.204784,-0.106172,4.206124,83|84|85|86|87|88,0.5634
7342.467050,-0.365407,-15.337981,-0.003480,12.748317,-0.004651,0.002788,-4.213193,-0.110436,4.214640,83|84|85|86|87|88,0.5644
7342.483716,-0.365407,-15.337980,-0.003482,12.755205,-0.004329,0.002682,-4.220082,-0.110758,4.221535,83|84|85|86|87|88,0.5651
7342.500383,-0.376726,-15.350759,-0.003180,12.755205,-0.004329,0.002682,-4.213142,-0.116916,4.214763,83|84|85|86|87|88,0.5659
7342.517050,-0.371727,-15.357352,-0.003436,12.770057,-0.003570,0.002989,-4.224409,-0.114961,4.225973,83|84|85|86|87|88,0.5655
7342.533716,-0.371730,-15.357350,-0.003438,12.770057,-0.003570,0.002989,-4.224410,-0.114962,4.225974,83|84|85|86|87|88,0.5625
7342.550383,-0.362740,-15.382323,-0.002370,12.777369,-0.003983,0.003063,-4.218145,-0.109674,4.219571,83|84|85|86|87|88,0.5638
7342.567050,-0.369088,-15.392887,-0.002347,12.784498,-0.004193,0.003104,-4.219536,-0.112919,4.221047,83|84|85|86|87|88,0.5648
7342.583716,-0.369087,-15.392888,-0.002348,12.798568,-0.003379,0.002774,-4.233606,-0.113732,4.235133,83|84|85|86|87|88,0.5637
7342.600383,-0.372516,-15.404109,-0.002676,12.805912,-0.003394,0.003648,-4.234853,-0.115585,4.236430,83|84|85|86|87|88,0.5637
7342.617050,-0.361718,-15.418451,-0.003293,12.805912,-0.003394,0.003648,-4.227053,-0.109723,4.228477,83|84|85|86|87|88,0.5628
7342.650383,-0.369550,-15.439643,-0.002137,12.820097,-0.003997,0.003693,-4.229725,-0.113386,4.231244,83|84|85|86|87|88|89,0.5585
7342.667050,-0.374413,-15.449440,-0.001615,12.826987,-0.003920,0.003835,-4.231292,-0.116110,4.232885,83|84|85|86|87|88|89,0.5636
7342.683716,-0.374399,-15.449442,-0.001609,12.840957,-0.002503,0.003769,-4.245261,-0.117521,4.246888,83|84|85|86|87|88|89,0.5570
7342.700383,-0.367887,-15.457470,-0.000966,12.840957,-0.002503,0.003769,-4.240896,-0.113985,4.242427,83|84|85|86|87|88|89,0.5533
7342.717050,-0.367630,-15.458001,-0.000785,12.848126,-0.002952,0.003725,-4.247776,-0.113397,4.249289,84|85|86|87|88|89,0.5600
7342.733716,-0.353011,-15.470347,-0.001074,12.862094,-0.003533,0.003731,-4.255028,-0.104875,4.256320,84|85|86|87|88|89,0.5619
7342.750383,-0.367837,-15.490668,-0.001739,12.862094,-0.003533,0.003731,-4.243990,-0.112942,4.245492,84|85|86|87|88|89,0.5632
7342.783716,-0.367673,-15.498318,-0.002238,12.883664,-0.002124,0.003759,-4.261402,-0.114265,4.262934,84|85|86|87|88|89,0.5650
7342.800383,-0.354185,-15.514796,-0.001669,12.883664,-0.002124,0.003759,-4.252441,-0.106942,4.253785,84|85|86|87|88|89,0.5638
7342.817050,-0.354184,-15.514795,-0.001670,12.890934,-0.002541,0.003741,-4.259711,-0.106525,4.261043,84|85|86|87|88|89,0.5630
7342.833716,-0.356852,-15.535137,-0.001402,12.898206,-0.002964,0.003743,-4.255928,-0.107560,4.257287,84|85|86|87|88|89,0.5640
7342.850383,-0.356852,-15.535136,-0.001403,12.912054,-0.002473,0.003719,-4.269777,-0.108051,4.271144,84|85|86|87|88|89,0.5641
7342.867050,-0.363355,-15.549055,-0.001873,12.919687,-0.001474,0.003781,-4.269849,-0.112590,4.271333,84|85|86|87|88|89,0.5633
7342.883716,-0.363355,-15.549055,-0.001873,12.926521,-0.001518,0.003876,-4.276683,-0.112546,4.278164,84|85|86|87|88|89,0.5638
7342.900383,-0.343393,-15.574488,-0.002321,12.926521,-0.001518,0.003876,-4.262852,-0.101709,4.264065,84|85|86|87|88|89,0.5622
7342.917050,-0.344411,-15.578986,-0.003040,12.940810,-0.002147,0.003841,-4.274697,-0.101634,4.275905,84|85|86|87|88|89,0.5638
7342.933716,-0.344410,-15.578986,-0.003042,12.947463,-0.002033,0.003827,-4.281350,-0.101749,4.282559,84|85|86|87|88|89,0.5630
7342.967050,-0.351697,-15.589436,-0.001806,12.962236,-0.001110,0.003416,-4.290446,-0.106637,4.291771,84|85|86|87|88|89,0.5636
7342.983716,-0.352810,-15.594669,-0.001025,12.962236,-0.001110,0.003416,-4.287602,-0.107244,4.288943,84|85|86|87|88|89,0.5641
7343.000383,-0.339863,-15.622564,-0.002732,12.969330,-0.001510,0.003480,-4.279531,-0.099820,4.280695,84|85|86|87|88|89,0.5648
7343.017050,-0.339863,-15.622565,-0.002733,12.976453,-0.001820,0.003495,-4.286654,-0.099509,4.287809,84|85|86|87|88|89,0.5649
7343.033716,-0.350473,-15.643534,-0.003172,12.983568,-0.001889,0.003537,-4.282376,-0.105216,4.283669,84|85|86|87|88|89,0.5661
7343.050383,-0.350473,-15.643534,-0.003171,12.997968,-0.001052,0.003714,-4.296777,-0.106053,4.298085,84|85|86|87|88|89,0.5666
7343.067050,-0.351632,-15.649769,-0.003229,13.004966,-0.001202,0.004300,-4.300386,-0.106536,4.301706,84|85|86|87|88|89,0.5666
7343.100383,-0.350732,-15.654679,-0.003057,13.012062,-0.001556,0.004505,-4.304814,-0.105694,4.306111,84|85|86|87|88|89,0.5652
7343.117050,-0.344649,-15.677449,-0.002539,13.026100,-0.001646,0.004546,-4.306475,-0.102308,4.307690,84|85|86|87|88|89,0.5643
7343.133716,-0.352862,-15.693760,-0.002106,13.033377,-0.000748,0.004289,-4.304890,-0.107677,4.306236,84|85|86|87|88|89,0.5646
7343.150383,-0.351519,-15.698297,-0.001430,13.040245,-0.000584,0.004318,-4.309292,-0.107113,4.310623,84|85|86|87|88|89,0.5645
7343.167050,-0.351519,-15.698296,-0.001430,13.047202,-0.001238,0.004036,-4.316250,-0.106460,4.317562,84|85|86|87|88|89,0.5626
7343.183716,-0.336989,-15.720880,-0.001281,13.047202,-0.001238,0.004036,-4.303969,-0.098573,4.305097,84|85|86|87|88|89|90|91,0.5643
7343.200383,-0.347081,-15.730353,-0.002107,13.061318,-0.002287,0.004002,-4.312941,-0.103013,4.314171,84|85|86|87|88|89|90|91,0.5528
7343.217050,-0.356258,-15.741333,-0.001762,13.068494,-0.001967,0.004135,-4.314154,-0.108325,4.315514,86|87|88|89|90|91,0.5646
7343.233716,-0.356258,-15.741332,-0.001762,13.075964,-0.001516,0.004197,-4.321625,-0.108776,4.322993,86|87|88|89|90|91,0.5650
7343.267050,-0.362005,-15.748063,-0.001406,13.089727,-0.002121,0.004188,-4.331731,-0.111297,4.333161,86|87|88|89|90|91,0.5609
7343.283716,-0.351935,-15.772263,-0.001476,13.089727,-0.002121,0.004188,-4.318575,-0.105835,4.319871,86|87|88|89|90|91,0.5610
7343.300383,-0.354701,-15.775969,-0.000840,13.103164,-0.001877,0.003534,-4.329999,-0.107584,4.331336,86|87|88|89|90|91,0.5618
7343.317050,-0.363611,-15.783990,-0.000603,13.110313,-0.001142,0.003011,-4.332793,-0.113165,4.334270,86|87|88|89|90|91,0.5640
7343.333716,-0.363611,-15.783988,-0.000606,13.117038,-0.001223,0.002910,-4.339519,-0.113084,4.340992,86|87|88|89|90|91,0.5641
7343.350383,-0.344701,-15.811545,-0.002399,13.117038,-0.001223,0.002910,-4.324534,-0.102819,4.325756,86|87|88|89|90|91,0.5626
7343.367050,-0.344701,-15.811545,-0.002400,13.131135,-0.002422,0.002777,-4.338630,-0.101620,4.339820,86|87|88|89|90|91,0.5642
7343.383716,-0.356118,-15.826909,-0.003127,13.131135,-0.002422,0.002777,-4.330285,-0.107832,4.331628,86|87|88|89|90|91,0.5637
7343.400383,-0.356119,-15.826907,-0.003125,13.144718,-0.002725,0.002638,-4.343870,-0.107529,4.345201,86|87|88|89|90|91,0.5626
7343.417050,-0.365297,-15.836759,-0.003085,13.151750,-0.001954,0.002463,-4.345552,-0.113292,4.347029,86|87|88|89|90|91,0.5631
7343.433716,-0.369919,-15.842617,-0.002796,13.158892,-0.001487,0.002343,-4.349512,-0.116274,4.351066,86|87|88|89|90|91,0.5637
7343.450383,-0.356950,-15.862999,-0.003789,13.158892,-0.001487,0.002343,-4.338430,-0.109235,4.339805,86|87|88|89|90|91,0.5613
7343.467050,-0.351246,-15.872419,-0.003671,13.165678,-0.001834,0.002467,-4.340093,-0.105791,4.341382,86|87|88|89|90|91,0.5603
7343.483716,-0.351245,-15.872419,-0.003672,13.179162,-0.002353,0.002563,-4.353577,-0.105272,4.354850,86|87|88|89|90|91,0.5614
7343.500383,-0.362569,-15.885077,-0.002891,13.179162,-0.002353,0.002563,-4.346702,-0.111432,4.348130,86|87|88|89|90|91,0.5636
7343.550383,-0.356515,-15.913668,-0.002623,13.200988,-0.002294,0.002083,-4.352987,-0.108213,4.354332,86|87|88|89|90|91,0.5632
7343.567050,-0.356514,-15.913668,-0.002626,13.208154,-0.002914,0.002167,-4.360154,-0.107592,4.361481,86|87|88|89|90|91,0.5638
7343.583716,-0.374443,-15.933481,-0.002759,13.214898,-0.003096,0.002241,-4.356138,-0.117163,4.357713,86|87|88|89|90|91,0.5628
7343.600383,-0.376935,-15.936568,-0.002651,13.229252,-0.002002,0.002115,-4.368814,-0.119614,4.370452,86|87|88|89|90|91,0.5635
7343.617050,-0.376936,-15.936568,-0.002653,13.236511,-0.002133,0.002053,-4.376074,-0.119483,4.377705,86|87|88|89|90|91,0.5642
7343.633716,-0.361662,-15.958855,-0.003011,13.236511,-0.002133,0.002053,-4.363955,-0.111191,4.365371,86|87|88|89|90|91,0.5627
7343.650383,-0.361662,-15.958856,-0.003010,13.250952,-0.002734,0.002032,-4.378395,-0.110590,4.379792,86|87|88|89|90|91,0.5637
7343.683716,-0.373626,-15.987119,-0.003206,13.257683,-0.002694,0.001939,-4.369771,-0.117145,4.371341,86|87|88|89|90|91|92,0.5555
7343.700383,-0.373623,-15.987148,-0.003204,13.264766,-0.002117,0.001418,-4.376839,-0.117720,4.378421,86|87|88|89|90|91|92,0.5570
7343.717050,-0.373027,-15.990899,-0.003157,13.279070,-0.002571,0.001228,-4.389104,-0.116944,4.390661,86|87|88|89|90|91|92,0.5617
7343.733716,-0.363809,-16.002670,-0.003456,13.286129,-0.002840,0.001241,-4.389761,-0.111671,4.391181,87|88|89|90|91|92,0.5639
7343.750383,-0.366932,-16.013325,-0.003170,13.293070,-0.002852,0.001379,-4.390913,-0.113361,4.392376,87|88|89|90|91|92,0.5638
7343.767050,-0.375283,-16.033485,-0.003689,13.299752,-0.002528,0.001428,-4.386642,-0.118232,4.388235,87|88|89|90|91|92,0.5636
7343.783716,-0.374856,-16.039857,-0.003338,13.299752,-0.002528,0.001428,-4.383179,-0.118002,4.384767,87|88|89|90|91|92,0.5629
7343.800383,-0.374856,-16.039858,-0.003340,13.314226,-0.002017,0.001217,-4.397652,-0.118513,4.399249,87|88|89|90|91|92,0.5640
7343.817050,-0.357100,-16.055094,-0.003222,13.314226,-0.002017,0.001217,-4.389364,-0.108870,4.390714,87|88|89|90|91|92,0.5618
7343.833716,-0.363660,-16.065151,-0.002944,13.328248,-0.002527,0.001225,-4.397923,-0.111930,4.399347,87|88|89|90|91|92,0.5637
7343.850383,-0.363660,-16.065153,-0.002941,13.334845,-0.002495,0.001222,-4.404519,-0.111961,4.405942,87|88|89|90|91|92,0.5639
7343.867050,-0.370016,-16.075413,-0.002799,13.342108,-0.001731,0.001022,-4.406209,-0.116185,4.407741,87|88|89|90|91|92,0.5648
7343.900383,-0.371243,-16.080080,-0.003260,13.356934,-0.001650,0.001040,-4.418499,-0.116934,4.420046,87|88|89|90|91|92,0.5649
7343.917050,-0.359839,-16.095026,-0.003718,13.364202,-0.002028,0.001043,-4.417639,-0.110365,4.419018,87|88|89|90|91|92,0.5641
7343.933716,-0.353935,-16.109850,-0.003971,13.371160,-0.002074,0.001023,-4.416538,-0.107117,4.417837,87|88|89|90|91|92,0.5646
7343.950383,-0.364752,-16.129677,-0.004230,13.377934,-0.001826,0.001082,-4.412541,-0.113253,4.413994,87|88|89|90|91|92,0.5639
7343.967050,-0.364751,-16.129679,-0.004229,13.385562,-0.000764,0.001173,-4.420168,-0.114314,4.421646,87|88|89|90|91|92,0.5646
7343.983716,-0.361824,-16.141165,-0.004684,13.385562,-0.000764,0.001173,-4.413924,-0.112728,4.415363,87|88|89|90|91|92,0.5637
7344.000383,-0.347028,-16.158401,-0.004586,13.392434,-0.000733,0.001212,-4.411423,-0.104726,4.412665,87|88|89|90|91|92,0.5625
7344.017050,-0.347059,-16.163515,-0.004176,13.399637,-0.001170,0.001148,-4.415846,-0.104308,4.417078,87|88|89|90|91|92,0.5625
7344.033716,-0.347057,-16.163516,-0.004173,13.413402,-0.001298,0.001127,-4.429611,-0.104178,4.430836,87|88|89|90|91|92,0.5626
7344.050383,-0.353302,-16.173504,-0.003832,13.420312,-0.000757,0.000814,-4.431095,-0.108119,4.432414,87|88|89|90|91|92,0.5624
7344.067050,-0.355343,-16.179946,-0.003437,13.420312,-0.000757,0.000814,-4.427595,-0.109230,4.428942,87|88|89|90|91|92,0.5626
7344.083716,-0.346902,-16.186030,-0.002943,13.428112,-0.000404,0.000844,-4.432084,-0.104999,4.433328,87|88|89|90|91|92,0.5628
7344.117050,-0.349881,-16.218208,-0.003703,13.442449,-0.001271,0.000925,-4.428935,-0.105765,4.430198,87|88|89|90|91|92,0.5631
7344.133716,-0.355073,-16.229492,-0.003405,13.449526,-0.001244,0.001012,-4.429881,-0.108618,4.431213,87|88|89|90|91|92,0.5638
7344.150383,-0.355073,-16.229493,-0.003404,13.456427,-0.001197,0.001164,-4.436782,-0.108665,4.438112,87|88|89|90|91|92,0.5644
7344.167050,-0.354612,-16.234615,-0.003594,13.470928,-0.000565,0.001925,-4.448499,-0.109049,4.449835,87|88|89|90|91|92,0.5653
7344.183716,-0.343716,-16.252408,-0.004498,13.478116,-0.000877,0.002144,-4.446012,-0.102822,4.447201,87|88|89|90|91|92,0.5647
7344.200383,-0.347039,-16.263531,-0.003762,13.485279,-0.001103,0.002229,-4.447132,-0.104408,4.448357,87|88|89|90|91|92|93|94,0.5515
7344.217050,-0.347044,-16.263682,-0.003743,13.485279,-0.001103,0.002229,-4.447050,-0.104411,4.448275,87|88|89|90|91|92|93|94,0.5642
7344.250383,-0.352213,-16.272723,-0.003872,13.506808,-0.000040,0.001814,-4.463667,-0.108287,4.464980,87|88|89|90|91|92|93|94,0.5524
7344.283716,-0.339621,-16.307051,-0.003826,13.520903,-0.001252,0.001665,-4.459100,-0.100246,4.460226,89|90|91|92|93|94,0.5642
7344.300383,-0.348095,-16.316452,-0.003775,13.520903,-0.001252,0.001665,-4.453994,-0.104856,4.455228,89|90|91|92|93|94,0.5648
7344.333716,-0.363475,-16.334137,-0.003728,13.534988,-0.001615,0.001795,-4.458475,-0.112859,4.459903,89|90|91|92|93|94,0.5639
7344.350383,-0.361885,-16.342693,-0.003569,13.542525,-0.001087,0.001824,-4.461361,-0.112528,4.462780,89|90|91|92|93|94,0.5626
7344.367050,-0.361887,-16.342693,-0.003565,13.549439,-0.001232,0.001825,-4.468275,-0.112383,4.469688,89|90|91|92|93|94,0.5612
7344.383716,-0.356916,-16.362391,-0.003847,13.556459,-0.001664,0.001837,-4.464587,-0.109258,4.465924,89|90|91|92|93|94,0.5622
7344.400383,-0.363303,-16.370304,-0.003429,13.563247,-0.001813,0.001817,-4.467077,-0.112583,4.468496,89|90|91|92|93|94,0.5631
7344.417050,-0.365394,-16.371659,-0.003212,13.569963,-0.001700,0.001242,-4.473058,-0.113834,4.474507,89|90|91|92|93|94,0.5648
7344.433716,-0.365396,-16.371658,-0.003211,13.584012,-0.000905,0.000465,-4.487108,-0.114630,4.488572,89|90|91|92|93|94,0.5652
7344.450383,-0.349697,-16.395818,-0.004992,13.584012,-0.000905,0.000465,-4.473970,-0.106109,4.475229,89|90|91|92|93|94,0.5635
7344.467050,-0.349535,-16.403856,-0.004392,13.591018,-0.001458,0.000367,-4.476608,-0.105471,4.477851,89|90|91|92|93|94,0.5635
7344.483716,-0.349534,-16.403854,-0.004390,13.598053,-0.002031,0.000359,-4.483645,-0.104897,4.484871,89|90|91|92|93|94,0.5645
7344.500383,-0.357885,-16.413264,-0.004411,13.605051,-0.002450,0.000391,-4.485531,-0.109021,4.486856,89|90|91|92|93|94,0.5641
7344.533716,-0.372778,-16.431942,-0.004862,13.626210,-0.001247,-0.000393,-4.496545,-0.118326,4.498102,89|90|91|92|93|94,0.5625
7344.550383,-0.362142,-16.444518,-0.006011,13.633190,-0.001557,-0.000118,-4.496686,-0.112242,4.498087,89|90|91|92|93|94,0.5618
7344.567050,-0.362142,-16.444517,-0.006007,13.640115,-0.001943,-0.000069,-4.503612,-0.111856,4.505001,89|90|91|92|93|94,0.5613
7344.583716,-0.359009,-16.465852,-0.005764,13.640115,-0.001943,-0.000069,-4.492015,-0.110162,4.493366,89|90|91|92|93|94,0.5604
7344.600383,-0.364624,-16.472980,-0.005597,13.653903,-0.001750,-0.000264,-4.501933,-0.113409,4.503361,89|90|91|92|93|94,0.5601
7344.617050,-0.367217,-16.476844,-0.005597,13.653903,-0.001750,-0.000264,-4.499834,-0.114820,4.501299,89|90|91|92|93|94,0.5624
7344.633716,-0.367218,-16.476844,-0.005598,13.668423,-0.002127,-0.000590,-4.514353,-0.114445,4.515804,89|90|91|92|93|94,0.5632
7344.650383,-0.359183,-16.500090,-0.006057,13.668423,-0.002127,-0.000590,-4.501716,-0.110088,4.503062,89|90|91|92|93|94,0.5631
7344.667050,-0.367707,-16.510130,-0.006021,13.675561,-0.002685,-0.000587,-4.503402,-0.114167,4.504849,89|90|91|92|93|94,0.5649
7344.683716,-0.367706,-16.510132,-0.006019,13.682387,-0.002946,-0.000542,-4.510227,-0.113906,4.511665,89|90|91|92|93|94,0.5643
7344.700383,-0.375601,-16.519772,-0.006318,13.689021,-0.003008,-0.000529,-4.511625,-0.118138,4.513171,89|90|91|92|93|94,0.5644
7344.733716,-0.379215,-16.524694,-0.006647,13.711241,-0.002499,-0.000940,-4.531171,-0.120613,4.532776,89|90|91|92|93|94,0.5650
7344.750383,-0.367387,-16.554010,-0.006661,13.711241,-0.002499,-0.000940,-4.515233,-0.114198,4.516677,89|90|91|92|93|94|95,0.5651
7344.767050,-0.372239,-16.564552,-0.006616,13.718499,-0.002783,-0.000938,-4.516765,-0.116556,4.518268,90|91|92|93|94|95,0.5655
7344.800383,-0.375331,-16.578209,-0.006494,13.739521,-0.002458,-0.001499,-4.530365,-0.118567,4.531917,90|91|92|93|94|95,0.5647
7344.817050,-0.369047,-16.587457,-0.006632,13.739521,-0.002458,-0.001499,-4.525336,-0.115156,4.526801,90|91|92|93|94|95,0.5632
7344.833716,-0.369044,-16.587455,-0.006628,13.753631,-0.002918,-0.001587,-4.539447,-0.114694,4.540896,90|91|92|93|94|95,0.5635
7344.850383,-0.373093,-16.609395,-0.006933,13.753631,-0.002918,-0.001587,-4.527525,-0.116905,4.529034,90|91|92|93|94|95,0.5636
7344.883716,-0.373091,-16.609395,-0.006935,13.774547,-0.002004,-0.001778,-4.548441,-0.117818,4.549967,90|91|92|93|94|95,0.5628
7344.900383,-0.377573,-16.627431,-0.007068,13.781878,-0.002247,-0.002424,-4.545972,-0.120018,4.547556,90|91|92|93|94|95,0.5628
7344.917050,-0.361094,-16.640014,-0.007512,13.781878,-0.002247,-0.002424,-4.539126,-0.111068,4.540485,90|91|92|93|94|95,0.5615
7344.967050,-0.373427,-16.667213,-0.007749,13.802553,-0.002751,-0.002479,-4.545024,-0.117278,4.546537,90|91|92|93|94|95,0.5630
7344.983716,-0.373427,-16.667215,-0.007752,13.817346,-0.001681,-0.002603,-4.559817,-0.118348,4.561353,90|91|92|93|94|95,0.5647
7345.017050,-0.373078,-16.670187,-0.007620,13.831522,-0.002347,-0.002698,-4.572378,-0.117493,4.573887,90|91|92|93|94|95,0.5645
7345.033716,-0.357608,-16.696385,-0.007856,13.838522,-0.002460,-0.002695,-4.565133,-0.108985,4.566433,90|91|92|93|94|95,0.5655
7345.050383,-0.367262,-16.715791,-0.007799,13.838522,-0.002460,-0.002695,-4.554590,-0.114241,4.556023,90|91|92|93|94|95,0.5651
7345.067050,-0.368577,-16.721694,-0.007491,13.845112,-0.002400,-0.002563,-4.557973,-0.115017,4.559424,90|91|92|93|94|95,0.5650
7345.083716,-0.367401,-16.725122,-0.007407,13.852597,-0.001414,-0.002471,-4.563594,-0.115365,4.565052,90|91|92|93|94|95,0.5645
7345.100383,-0.367400,-16.725122,-0.007406,13.867018,-0.001643,-0.002447,-4.578014,-0.115137,4.579462,90|91|92|93|94|95,0.5635
7345.117050,-0.350191,-16.750096,-0.007154,13.874166,-0.001923,-0.002457,-4.571583,-0.105514,4.572800,90|91|92|93|94|95,0.5629
7345.133716,-0.350191,-16.750094,-0.007153,13.874166,-0.001923,-0.002457,-4.571584,-0.105514,4.572801,90|91|92|93|94|95,0.5631
7345.150383,-0.359319,-16.767632,-0.006969,13.880829,-0.001803,-0.002466,-4.568718,-0.110603,4.570057,90|91|92|93|94|95,0.5622
7345.167050,-0.359322,-16.767635,-0.006978,13.895204,-0.001112,-0.002741,-4.583092,-0.111296,4.584443,90|91|92|93|94|95,0.5609
7345.183716,-0.357520,-16.767934,-0.006900,13.902494,-0.001707,-0.002715,-4.590219,-0.109721,4.591531,90|91|92|93|94|95,0.5620
7345.200383,-0.352977,-16.770744,-0.007068,13.902494,-0.001707,-0.002715,-4.588690,-0.107253,4.589943,90|91|92|93|94|95,0.5623
7345.217050,-0.355006,-16.805547,-0.007419,13.909827,-0.002189,-0.002646,-4.577109,-0.107890,4.578381,90|91|92|93|94|95,0.5635
7345.233716,-0.355005,-16.805546,-0.007419,13.923534,-0.001842,-0.002177,-4.590817,-0.108236,4.592092,90|91|92|93|94|95,0.5645
7345.250383,-0.361532,-16.819288,-0.007265,13.930590,-0.001381,-0.002088,-4.590407,-0.112251,4.591779,90|91|92|93|94|95|96,0.5650
7345.267050,-0.355284,-16.827760,-0.007707,13.937901,-0.001564,-0.001899,-4.593111,-0.108676,4.594397,90|91|92|93|94|95|96|97,0.5651
7345.283716,-0.348333,-16.837010,-0.008817,13.937901,-0.001564,-0.001899,-4.588081,-0.104902,4.589280,90|91|92|93|94|95|96|97,0.5494
7345.300383,-0.348154,-16.837791,-0.008859,13.952401,-0.002133,-0.001776,-4.602156,-0.104236,4.603337,92|93|94|95|96|97,0.5638
7345.317050,-0.355712,-16.858407,-0.008101,13.952401,-0.002133,-0.001776,-4.590955,-0.108352,4.592234,92|93|94|95|96|97,0.5643
7345.333716,-0.355713,-16.858407,-0.008099,13.966709,-0.001616,-0.002217,-4.605264,-0.108870,4.606550,92|93|94|95|96|97,0.5632
7345.350383,-0.358554,-16.871022,-0.008136,13.974025,-0.001245,-0.002195,-4.605724,-0.110791,4.607057,92|93|94|95|96|97,0.5630
7345.367050,-0.350282,-16.881751,-0.008634,13.981153,-0.001792,-0.002235,-4.607018,-0.105752,4.608232,92|93|94|95|96|97,0.5613
7345.383716,-0.345529,-16.893119,-0.008384,13.988139,-0.002366,-0.002332,-4.607823,-0.102601,4.608965,92|93|94|95|96|97,0.5611
7345.417050,-0.360846,-16.912230,-0.008723,13.995267,-0.002904,-0.002248,-4.604572,-0.110395,4.605895,92|93|94|95|96|97,0.5619
7345.433716,-0.368242,-16.921230,-0.008533,14.009814,-0.002447,-0.002211,-4.614231,-0.114876,4.615660,92|93|94|95|96|97,0.5613
7345.450383,-0.368241,-16.921229,-0.008535,14.009814,-0.002447,-0.002211,-4.614231,-0.114876,4.615661,92|93|94|95|96|97,0.5622
7345.467050,-0.369128,-16.927106,-0.008440,14.023807,-0.003024,-0.002216,-4.625031,-0.114783,4.626455,92|93|94|95|96|97,0.5606
7345.483716,-0.360557,-16.942384,-0.008383,14.030773,-0.002999,-0.002137,-4.623689,-0.110157,4.625001,92|93|94|95|96|97,0.5610
7345.500383,-0.362325,-16.947357,-0.008127,14.037710,-0.002969,-0.002139,-4.627924,-0.111150,4.629259,92|93|94|95|96|97,0.5620
7345.517050,-0.368095,-16.960790,-0.007949,14.037710,-0.002969,-0.002139,-4.620626,-0.114292,4.622040,92|93|94|95|96|97,0.5638
7345.533716,-0.367662,-16.964866,-0.007794,14.044718,-0.002436,-0.002887,-4.625420,-0.114591,4.626839,92|93|94|95|96|97,0.5637
7345.550383,-0.367662,-16.964865,-0.007795,14.058824,-0.002840,-0.003125,-4.639526,-0.114186,4.640931,92|93|94|95|96|97,0.5627
7345.567050,-0.356728,-16.978512,-0.008697,14.065842,-0.003376,-0.003128,-4.639122,-0.107715,4.640373,92|93|94|95|96|97,0.5636
7345.583716,-0.355738,-16.990360,-0.009127,14.072851,-0.003849,-0.003096,-4.639692,-0.106708,4.640918,92|93|94|95|96|97,0.5637
7345.633716,-0.377494,-17.019957,-0.009049,14.094061,-0.002800,-0.003821,-4.644826,-0.119594,4.646365,92|93|94|95|96|97,0.5632
7345.650383,-0.377496,-17.019957,-0.009051,14.101104,-0.003086,-0.003486,-4.651869,-0.119309,4.653399,92|93|94|95|96|97,0.5626
7345.667050,-0.359395,-17.045457,-0.009352,14.101104,-0.003086,-0.003486,-4.638003,-0.109483,4.639295,92|93|94|95|96|97,0.5613
7345.683716,-0.359395,-17.045456,-0.009356,14.108086,-0.003498,-0.003416,-4.644985,-0.109071,4.646265,92|93|94|95|96|97,0.5618
7345.700383,-0.370053,-17.060577,-0.009684,14.114769,-0.003666,-0.003404,-4.643455,-0.114702,4.644871,92|93|94|95|96|97,0.5619
7345.717050,-0.370054,-17.060577,-0.009682,14.129314,-0.003245,-0.003652,-4.657999,-0.115123,4.659421,92|93|94|95|96|97,0.5624
7345.733716,-0.368698,-17.073850,-0.010053,14.129314,-0.003245,-0.003652,-4.650785,-0.114392,4.652191,92|93|94|95|96|97,0.5615
7345.750383,-0.365191,-17.087214,-0.009849,14.143506,-0.004312,-0.003772,-4.657712,-0.111425,4.659045,92|93|94|95|96|97,0.5617
7345.767050,-0.365191,-17.087214,-0.009849,14.143506,-0.004312,-0.003772,-4.657712,-0.111425,4.659045,92|93|94|95|96|97,0.5632
7345.783716,-0.380551,-17.106078,-0.010343,14.150353,-0.004633,-0.003695,-4.654314,-0.119461,4.655847,92|93|94|95|96|97|98,0.5629
7345.800383,-0.384209,-17.111108,-0.010135,14.156942,-0.004696,-0.003663,-4.658172,-0.121388,4.659753,92|93|94|95|96|97|98,0.5566
7345.817050,-0.384295,-17.112167,-0.010547,14.164071,-0.004104,-0.003859,-4.664725,-0.122027,4.666321,93|94|95|96|97|98,0.5649
7345.833716,-0.384728,-17.114214,-0.010463,14.171741,-0.003939,-0.003890,-4.671282,-0.122428,4.672886,93|94|95|96|97|98,0.5645
7345.850383,-0.373948,-17.140988,-0.010298,14.179015,-0.004258,-0.003856,-4.664001,-0.116262,4.665449,93|94|95|96|97|98,0.5638
7345.867050,-0.373946,-17.140988,-0.010297,14.193058,-0.004511,-0.003874,-4.678044,-0.116008,4.679482,93|94|95|96|97|98,0.5634
7345.883716,-0.382232,-17.160350,-0.009796,14.199916,-0.004374,-0.004148,-4.674382,-0.120657,4.675939,93|94|95|96|97|98,0.5640
7345.900383,-0.382232,-17.160351,-0.009798,14.207274,-0.004290,-0.004206,-4.681741,-0.120740,4.683297,93|94|95|96|97|98,0.5647
7345.917050,-0.380999,-17.165481,-0.010102,14.214282,-0.004517,-0.004234,-4.685959,-0.119846,4.687491,93|94|95|96|97|98,0.5640
7345.933716,-0.376411,-17.185889,-0.010134,14.214282,-0.004517,-0.004234,-4.674866,-0.117361,4.676339,93|94|95|96|97|98,0.5643
7345.967050,-0.382298,-17.204288,-0.010126,14.235153,-0.004717,-0.004079,-4.685740,-0.120369,4.687286,93|94|95|96|97|98,0.5637
7345.983716,-0.384822,-17.213405,-0.010001,14.235153,-0.004717,-0.004079,-4.680786,-0.121745,4.682369,93|94|95|96|97|98,0.5629
7346.000383,-0.380853,-17.216958,-0.010195,14.242063,-0.004142,-0.004383,-4.685763,-0.120164,4.687304,93|94|95|96|97|98,0.5621
7346.017050,-0.380852,-17.216959,-0.010191,14.256445,-0.004665,-0.004349,-4.700145,-0.119641,4.701668,93|94|95|96|97|98,0.5613
7346.033716,-0.371246,-17.225440,-0.010370,14.263338,-0.004855,-0.004322,-4.702424,-0.114234,4.703812,93|94|95|96|97|98,0.5611
7346.050383,-0.377843,-17.247550,-0.009759,14.263338,-0.004855,-0.004322,-4.690411,-0.117829,4.691891,93|94|95|96|97|98,0.5614
7346.067050,-0.380132,-17.252978,-0.009752,14.269972,-0.004904,-0.004335,-4.694096,-0.119026,4.695605,93|94|95|96|97|98,0.5626
7346.083716,-0.380605,-17.256179,-0.009977,14.284695,-0.003717,-0.004434,-4.707080,-0.120472,4.708621,93|94|95|96|97|98,0.5630
7346.100383,-0.375302,-17.264421,-0.010011,14.284695,-0.003717,-0.004434,-4.702598,-0.117593,4.704068,93|94|95|96|97|98,0.5629
7346.117050,-0.375303,-17.264420,-0.010012,14.291725,-0.004088,-0.004523,-4.709628,-0.117223,4.711087,93|94|95|96|97|98,0.5612
7346.133716,-0.367763,-17.291661,-0.010204,14.298775,-0.004469,-0.004534,-4.701871,-0.112756,4.703223,93|94|95|96|97|98,0.5619
7346.150383,-0.367763,-17.291662,-0.010202,14.312666,-0.004765,-0.004485,-4.715761,-0.112461,4.717102,93|94|95|96|97|98,0.5625
7346.167050,-0.375646,-17.307356,-0.010609,14.320112,-0.004032,-0.004545,-4.714681,-0.117484,4.716145,93|94|95|96|97|98,0.5636
7346.200383,-0.365205,-17.325318,-0.010554,14.327403,-0.003471,-0.004443,-4.712206,-0.112379,4.713546,93|94|95|96|97|98,0.5620
7346.217050,-0.365205,-17.325318,-0.010552,14.341579,-0.004241,-0.004456,-4.726381,-0.111608,4.727699,93|94|95|96|97|98,0.5622
7346.233716,-0.362043,-17.345222,-0.010566,14.341579,-0.004241,-0.004456,-4.715563,-0.109899,4.716843,93|94|95|96|97|98,0.5631
7346.250383,-0.362042,-17.345224,-0.010565,14.354892,-0.004172,-0.004527,-4.728875,-0.109967,4.730153,93|94|95|96|97|98,0.5625
7346.267050,-0.366561,-17.353724,-0.010687,14.354892,-0.004172,-0.004527,-4.724257,-0.112427,4.725595,93|94|95|96|97|98,0.5630
7346.317050,-0.359882,-17.390337,-0.009778,14.384017,-0.004364,-0.004325,-4.733481,-0.108622,4.734727,93|94|95|96|97|98|99|100,0.5527
7346.333716,-0.367275,-17.403574,-0.009180,14.384017,-0.004364,-0.004325,-4.726290,-0.112645,4.727633,95|96|97|98|99|100,0.5633
7346.350383,-0.367276,-17.403574,-0.009180,14.397951,-0.004105,-0.003998,-4.740224,-0.112904,4.741569,95|96|97|98|99|100,0.5649
7346.367050,-0.365469,-17.413099,-0.009528,14.397951,-0.004105,-0.003998,-4.735047,-0.111926,4.736369,95|96|97|98|99|100,0.5635
7346.383716,-0.365473,-17.413098,-0.009527,14.405234,-0.003799,-0.003790,-4.742330,-0.112234,4.743658,95|96|97|98|99|100,0.5636
7346.400383,-0.356527,-17.433715,-0.009839,14.412414,-0.004200,-0.003712,-4.738302,-0.106980,4.739509,95|96|97|98|99|100,0.5631
7346.417050,-0.356527,-17.433714,-0.009838,14.426646,-0.004681,-0.003631,-4.752533,-0.106500,4.753727,95|96|97|98|99|100,0.5630
7346.433716,-0.361923,-17.443264,-0.010213,14.426646,-0.004681,-0.003631,-4.747346,-0.109437,4.748607,95|96|97|98|99|100,0.5635
7346.450383,-0.367911,-17.456409,-0.009705,14.441449,-0.003647,-0.004065,-4.755008,-0.113731,4.756367,95|96|97|98|99|100,0.5644
7346.467050,-0.367911,-17.456409,-0.009705,14.448424,-0.003967,-0.003679,-4.761982,-0.113411,4.763333,95|96|97|98|99|100,0.5649
7346.483716,-0.351377,-17.482190,-0.009654,14.455397,-0.004635,-0.003729,-4.754937,-0.103768,4.756070,95|96|97|98|99|100,0.5628
7346.500383,-0.351377,-17.482190,-0.009651,14.455397,-0.004635,-0.003729,-4.754937,-0.103768,4.756069,95|96|97|98|99|100,0.5638
7346.517050,-0.365926,-17.497165,-0.009640,14.462457,-0.005289,-0.003721,-4.753865,-0.111027,4.755161,95|96|97|98|99|100,0.5626
7346.533716,-0.374979,-17.506126,-0.010438,14.469424,-0.005589,-0.003757,-4.755966,-0.115652,4.757372,95|96|97|98|99|100,0.5612
7346.550383,-0.378476,-17.512112,-0.010452,14.476852,-0.005176,-0.003661,-4.760142,-0.117968,4.761603,95|96|97|98|99|100,0.5607
7346.567050,-0.372313,-17.527238,-0.009666,14.490829,-0.005312,-0.003531,-4.765895,-0.114490,4.767270,95|96|97|98|99|100,0.5605
7346.583716,-0.372314,-17.527239,-0.009663,14.497649,-0.005468,-0.003512,-4.772715,-0.114333,4.774084,95|96|97|98|99|100,0.5611
7346.600383,-0.369534,-17.537400,-0.010027,14.504441,-0.005630,-0.003525,-4.773984,-0.112665,4.775313,95|96|97|98|99|100,0.5628
7346.617050,-0.374883,-17.545291,-0.009829,14.504441,-0.005630,-0.003525,-4.769697,-0.115576,4.771097,95|96|97|98|99|100,0.5630
7346.633716,-0.374883,-17.545292,-0.009830,14.511425,-0.005193,-0.004249,-4.776680,-0.116013,4.778089,95|96|97|98|99|100,0.5626
7346.650383,-0.367772,-17.562392,-0.010189,14.518729,-0.004542,-0.004419,-4.774689,-0.112807,4.776021,95|96|97|98|99|100,0.5626
7346.667050,-0.367773,-17.562390,-0.010187,14.532584,-0.005618,-0.004192,-4.788544,-0.111731,4.789847,95|96|97|98|99|100,0.5618
7346.683716,-0.365355,-17.584779,-0.009376,14.532584,-0.005618,-0.004192,-4.776375,-0.110427,4.777651,95|96|97|98|99|100,0.5637
7346.700383,-0.365356,-17.584779,-0.009379,14.546235,-0.006448,-0.004112,-4.790026,-0.109597,4.791280,95|96|97|98|99|100,0.5635
7346.717050,-0.374526,-17.593850,-0.009616,14.553119,-0.006199,-0.004460,-4.791985,-0.114834,4.793361,95|96|97|98|99|100,0.5640
7346.733716,-0.382681,-17.602242,-0.009437,14.560464,-0.005496,-0.004500,-4.794772,-0.119973,4.796273,95|96|97|98|99|100,0.5648
7346.750383,-0.380248,-17.614597,-0.009668,14.560464,-0.005496,-0.004500,-4.788056,-0.118656,4.789527,95|96|97|98|99|100,0.5635
7346.783716,-0.380248,-17.614596,-0.009664,14.574269,-0.005862,-0.004472,-4.801861,-0.118290,4.803318,95|96|97|98|99|100,0.5609
7346.800383,-0.374769,-17.644393,-0.009116,14.580825,-0.006280,-0.004432,-4.792222,-0.114907,4.793599,95|96|97|98|99|100|101,0.5559
7346.817050,-0.374773,-17.644402,-0.009113,14.595631,-0.005677,-0.004506,-4.807023,-0.115513,4.808411,95|96|97|98|99|100|101,0.5580
7346.850383,-0.380353,-17.647580,-0.008656,14.602566,-0.005956,-0.004606,-4.812233,-0.118268,4.813686,96|97|98|99|100|101,0.5624
7346.867050,-0.370602,-17.675062,-0.010055,14.609685,-0.006657,-0.004610,-4.804411,-0.112279,4.805723,96|97|98|99|100|101,0.5624
7346.883717,-0.384501,-17.689839,-0.010110,14.616565,-0.007133,-0.004594,-4.803267,-0.119363,4.804750,96|97|98|99|100|101,0.5623
7346.900383,-0.384501,-17.689842,-0.010109,14.629913,-0.006945,-0.004513,-4.816614,-0.119552,4.818097,96|97|98|99|100|101,0.5627
7346.917050,-0.393459,-17.698576,-0.009552,14.629913,-0.006945,-0.004513,-4.811871,-0.124424,4.813479,96|97|98|99|100|101,0.5643
7346.933717,-0.393460,-17.698576,-0.009552,14.644752,-0.006439,-0.004040,-4.826709,-0.124930,4.828326,96|97|98|99|100|101,0.5640
7346.950383,-0.375858,-17.725333,-0.009169,14.644752,-0.006439,-0.004040,-4.812160,-0.115376,4.813543,96|97|98|99|100|101,0.5629
7346.967050,-0.381566,-17.734317,-0.008203,14.651930,-0.006914,-0.003988,-4.814458,-0.118007,4.815904,96|97|98|99|100|101,0.5636
7346.983717,-0.381566,-17.734317,-0.008203,14.658785,-0.007014,-0.003994,-4.821313,-0.117907,4.822754,96|97|98|99|100|101,0.5639
7347.000383,-0.387913,-17.743528,-0.009012,14.673137,-0.006488,-0.004186,-4.830661,-0.121886,4.832199,96|97|98|99|100|101,0.5646
7347.050383,-0.383782,-17.778524,-0.010049,14.687044,-0.007123,-0.004205,-4.825547,-0.119021,4.827015,96|97|98|99|100|101,0.5634
7347.067050,-0.389164,-17.787567,-0.010148,14.694083,-0.007524,-0.004154,-4.827674,-0.121550,4.829204,96|97|98|99|100|101,0.5627
7347.083717,-0.394339,-17.796659,-0.010061,14.700954,-0.007454,-0.004071,-4.829605,-0.124436,4.831208,96|97|98|99|100|101,0.5617
7347.100383,-0.394339,-17.796661,-0.010061,14.715450,-0.006177,-0.004329,-4.844101,-0.125713,4.845732,96|97|98|99|100|101,0.5613
7347.117050,-0.392533,-17.800629,-0.009670,14.722558,-0.006571,-0.003719,-4.849051,-0.124339,4.850645,96|97|98|99|100|101,0.5619
7347.133717,-0.372694,-17.822786,-0.009167,14.722558,-0.006571,-0.003719,-4.837001,-0.113567,4.838334,96|97|98|99|100|101,0.5604
7347.150383,-0.379847,-17.830566,-0.008725,14.729447,-0.006885,-0.003685,-4.839664,-0.117144,4.841082,96|97|98|99|100|101,0.5615
7347.167050,-0.384033,-17.836452,-0.009324,14.736109,-0.007090,-0.003697,-4.843130,-0.119216,4.844597,96|97|98|99|100|101,0.5627
7347.183717,-0.386863,-17.840277,-0.009462,14.743069,-0.007019,-0.003799,-4.848012,-0.120827,4.849517,96|97|98|99|100|101,0.5642
7347.200383,-0.385420,-17.848054,-0.009667,14.750881,-0.006121,-0.003789,-4.851597,-0.120945,4.853104,96|97|98|99|100|101,0.5645
7347.217050,-0.385421,-17.848052,-0.009671,14.765226,-0.006525,-0.003773,-4.865943,-0.120541,4.867436,96|97|98|99|100|101,0.5620
7347.233717,-0.369604,-17.875784,-0.009412,14.765226,-0.006525,-0.003773,-4.850864,-0.111957,4.852156,96|97|98|99|100|101,0.5631
7347.250383,-0.377778,-17.885463,-0.009830,14.779154,-0.007094,-0.003773,-4.859535,-0.115834,4.860915,96|97|98|99|100|101,0.5640
7347.283717,-0.377778,-17.885465,-0.009828,14.794190,-0.005893,-0.003850,-4.874570,-0.117035,4.875975,96|97|98|99|100|101,0.5652
7347.317050,-0.366904,-17.927320,-0.010742,14.808031,-0.006289,-0.003833,-4.865659,-0.110749,4.866919,96|97|98|99|100|101|102|103,0.5634
7347.333717,-0.367719,-17.933911,-0.011021,14.808031,-0.006289,-0.003833,-4.862078,-0.111194,4.863349,96|97|98|99|100|101|102|103,0.5621
7347.350383,-0.367719,-17.933975,-0.011055,14.821328,-0.006623,-0.003984,-4.875340,-0.110860,4.876601,96|97|98|99|100|101|102|103,0.5518
7347.383717,-0.371251,-17.937939,-0.010620,14.828736,-0.005772,-0.004747,-4.880596,-0.113633,4.881918,96|97|98|99|100|101|102|103,0.5526
7347.400383,-0.374781,-17.940171,-0.011282,14.843218,-0.006216,-0.004757,-4.893865,-0.115108,4.895219,98|99|100|101|102|103,0.5647
7347.417050,-0.360409,-17.974950,-0.011428,14.843218,-0.006216,-0.004757,-4.874958,-0.107312,4.876139,98|99|100|101|102|103,0.5630
7347.450383,-0.360411,-17.974953,-0.011420,14.857343,-0.006863,-0.004684,-4.889080,-0.106666,4.890244,98|99|100|101|102|103,0.5629
7347.483717,-0.371360,-18.008132,-0.011025,14.872046,-0.006149,-0.004616,-4.885757,-0.113346,4.887071,98|99|100|101|102|103,0.5632
7347.500383,-0.363162,-18.023102,-0.011555,14.885858,-0.006802,-0.003966,-4.891429,-0.108244,4.892626,98|99|100|101|102|103,0.5616
7347.517050,-0.363162,-18.023102,-0.011561,14.892842,-0.007042,-0.003977,-4.898413,-0.108003,4.899603,98|99|100|101|102|103,0.5626
7347.533717,-0.372861,-18.036856,-0.010339,14.892842,-0.007042,-0.003977,-4.890942,-0.113281,4.892254,98|99|100|101|102|103,0.5633
7347.550383,-0.375643,-18.041439,-0.010254,14.899831,-0.006936,-0.004115,-4.895441,-0.114901,4.896790,98|99|100|101|102|103,0.5648
7347.583717,-0.363118,-18.067020,-0.010095,14.914607,-0.006083,-0.003986,-4.896310,-0.108958,4.897522,98|99|100|101|102|103,0.5632
7347.600383,-0.360640,-18.074256,-0.009547,14.921479,-0.006736,-0.004118,-4.899248,-0.106961,4.900416,98|99|100|101|102|103,0.5627
7347.617050,-0.360638,-18.074256,-0.009545,14.928560,-0.007524,-0.004167,-4.906329,-0.106172,4.907477,98|99|100|101|102|103,0.5626
7347.633717,-0.380589,-18.090797,-0.009699,14.942901,-0.007796,-0.004043,-4.911689,-0.116750,4.913076,98|99|100|101|102|103,0.5620
7347.650383,-0.387385,-18.096886,-0.010241,14.942901,-0.007796,-0.004043,-4.908383,-0.120446,4.909860,98|99|100|101|102|103,0.5635
7347.667050,-0.387385,-18.096885,-0.010242,14.956873,-0.007508,-0.003786,-4.922355,-0.120734,4.923836,98|99|100|101|102|103,0.5636
7347.683717,-0.379523,-18.124594,-0.009452,14.956873,-0.007508,-0.003786,-4.907292,-0.116474,4.908674,98|99|100|101|102|103,0.5620
7347.700383,-0.379525,-18.124598,-0.009451,14.970382,-0.007811,-0.004021,-4.920800,-0.116172,4.922171,98|99|100|101|102|103,0.5630
7347.717050,-0.378988,-18.131896,-0.009410,14.970382,-0.007811,-0.004021,-4.916833,-0.115883,4.918198,98|99|100|101|102|103,0.5636
7347.733717,-0.378986,-18.131895,-0.009407,14.984326,-0.007260,-0.004390,-4.930777,-0.116434,4.932152,98|99|100|101|102|103,0.5629
7347.750383,-0.378328,-18.148130,-0.009869,14.984326,-0.007260,-0.004390,-4.921953,-0.116083,4.923322,98|99|100|101|102|103,0.5628
7347.767050,-0.370614,-18.164679,-0.010350,14.991234,-0.007251,-0.004576,-4.919865,-0.111906,4.921137,98|99|100|101|102|103,0.5609
7347.783717,-0.370613,-18.164678,-0.010350,15.004835,-0.008563,-0.004618,-4.933466,-0.110594,4.934705,98|99|100|101|102|103,0.5617
7347.800383,-0.378576,-18.177324,-0.011066,15.011519,-0.008931,-0.004560,-4.933281,-0.114560,4.934611,98|99|100|101|102|103,0.5625
7347.817050,-0.378576,-18.177325,-0.011065,15.018382,-0.008881,-0.004893,-4.940143,-0.114609,4.941472,98|99|100|101|102|103,0.5631
7347.833717,-0.388814,-18.185788,-0.011511,15.025757,-0.008296,-0.004948,-4.942923,-0.120762,4.944398,98|99|100|101|102|103,0.5639
7347.850383,-0.393698,-18.188489,-0.011413,15.033078,-0.007756,-0.004819,-4.948779,-0.123958,4.950331,98|99|100|101|102|103,0.5633
7347.867050,-0.391394,-18.198014,-0.012052,15.039758,-0.007881,-0.004460,-4.950281,-0.122584,4.951798,98|99|100|101|102|103|104,0.5580
7347.900383,-0.382801,-18.214614,-0.011332,15.053638,-0.008368,-0.004408,-4.955136,-0.117435,4.956527,99|100|101|102|103|104,0.5622
7347.917050,-0.379499,-18.238229,-0.011359,15.053638,-0.008368,-0.004408,-4.942300,-0.115651,4.943653,99|100|101|102|103|104,0.5630
7347.933717,-0.383128,-18.246925,-0.011189,15.060932,-0.008338,-0.004491,-4.944869,-0.117657,4.946269,99|100|101|102|103|104,0.5635
7347.950383,-0.382205,-18.259189,-0.011198,15.068192,-0.008321,-0.004645,-4.945463,-0.117178,4.946851,99|100|101|102|103|104,0.5636
7347.967050,-0.382205,-18.259190,-0.011201,15.081907,-0.009400,-0.004699,-4.959178,-0.116098,4.960537,99|100|101|102|103|104,0.5627
7347.983717,-0.381913,-18.269926,-0.010870,15.088320,-0.009844,-0.004674,-4.959757,-0.115500,4.961101,99|100|101|102|103|104,0.5633
7348.000383,-0.396844,-18.278863,-0.010728,15.088320,-0.009844,-0.004674,-4.954906,-0.123619,4.956448,99|100|101|102|103|104,0.5637
7348.017050,-0.403046,-18.280219,-0.010429,15.102906,-0.008752,-0.004427,-4.968758,-0.128083,4.970408,99|100|101|102|103|104,0.5663
7348.050383,-0.403043,-18.280213,-0.010441,15.117281,-0.009211,-0.004456,-4.983136,-0.127622,4.984770,99|100|101|102|103|104,0.5657
7348.067050,-0.385656,-18.318513,-0.010154,15.117281,-0.009211,-0.004456,-4.962313,-0.118189,4.963720,99|100|101|102|103|104,0.5656
7348.083717,-0.392936,-18.326749,-0.009771,15.130849,-0.009713,-0.004505,-4.971408,-0.121647,4.972896,99|100|101|102|103|104,0.5656
7348.100383,-0.396345,-18.332258,-0.010153,15.130849,-0.009713,-0.004505,-4.968415,-0.123502,4.969950,99|100|101|102|103|104,0.5651
7348.117050,-0.396346,-18.332259,-0.010156,15.138451,-0.009173,-0.004566,-4.976017,-0.124043,4.977563,99|100|101|102|103|104,0.5651
7348.133717,-0.399006,-18.339250,-0.010421,15.152475,-0.009427,-0.004624,-4.986242,-0.125237,4.987815,99|100|101|102|103|104,0.5638
7348.150383,-0.390237,-18.364180,-0.011572,15.159445,-0.009952,-0.004571,-4.979660,-0.119958,4.981105,99|100|101|102|103|104,0.5646
7348.167050,-0.390237,-18.364180,-0.011574,15.166291,-0.010069,-0.004499,-4.986506,-0.119841,4.987946,99|100|101|102|103|104,0.5655
7348.183717,-0.401961,-18.379791,-0.010739,15.166291,-0.010069,-0.004499,-4.978026,-0.126219,4.979626,99|100|101|102|103|104,0.5634
7348.200383,-0.401963,-18.379794,-0.010743,15.180747,-0.009032,-0.004734,-4.992481,-0.127257,4.994103,99|100|101|102|103|104,0.5639
7348.217050,-0.402645,-18.384093,-0.011311,15.180747,-0.009032,-0.004734,-4.990145,-0.127630,4.991776,99|100|101|102|103|104,0.5636
7348.233717,-0.398631,-18.392388,-0.011856,15.194355,-0.009231,-0.004656,-4.999243,-0.125253,5.000812,99|100|101|102|103|104,0.5608
7348.250383,-0.386427,-18.409400,-0.011745,15.200971,-0.009689,-0.004627,-4.996608,-0.118170,4.998005,99|100|101|102|103|104,0.5611
7348.283717,-0.382323,-18.414552,-0.010914,15.215804,-0.009035,-0.004642,-5.008639,-0.116596,5.009996,99|100|101|102|103|104,0.5638
7348.300383,-0.395421,-18.430214,-0.011317,15.215804,-0.009035,-0.004642,-5.000133,-0.123722,5.001663,99|100|101|102|103|104,0.5649
7348.317050,-0.384495,-18.450507,-0.010766,15.230323,-0.009077,-0.004589,-5.003618,-0.117750,5.005003,99|100|101|102|103|104,0.5639
7348.333717,-0.384494,-18.450505,-0.010764,15.237011,-0.009347,-0.004543,-5.010307,-0.117479,5.011685,99|100|101|102|103|104,0.5640
7348.350383,-0.384594,-18.473037,-0.012277,15.237011,-0.009347,-0.004543,-4.998062,-0.117544,4.999444,99|100|101|102|103|104|105|106,0.5534
7348.367050,-0.388077,-18.475238,-0.011964,15.243817,-0.009810,-0.004502,-5.003674,-0.118975,5.005088,99|100|101|102|103|104|105|106,0.5604
7348.383717,-0.388083,-18.475248,-0.011979,15.258769,-0.009048,-0.004415,-5.018620,-0.119740,5.020048,99|100|101|102|103|104|105|106,0.5645
7348.400383,-0.394138,-18.479594,-0.012180,15.258769,-0.009048,-0.004415,-5.016260,-0.123032,5.017769,100|101|102|103|104|105|106,0.5553
7348.417050,-0.389262,-18.494184,-0.013184,15.266149,-0.008773,-0.004263,-5.015709,-0.120664,5.017160,101|102|103|104|105|106,0.5628
7348.433717,-0.378104,-18.523909,-0.012442,15.272352,-0.008544,-0.003621,-5.005752,-0.114842,5.007069,101|102|103|104|105|106,0.5595
7348.467050,-0.381864,-18.519269,-0.011609,15.285344,-0.009291,-0.003588,-5.021267,-0.116136,5.022610,101|102|103|104|105|106,0.5645
7348.483717,-0.385862,-18.520246,-0.011949,15.300426,-0.007793,-0.003986,-5.035821,-0.119807,5.037246,101|102|103|104|105|106,0.5658
7348.517050,-0.362440,-18.560515,-0.011678,15.307103,-0.008095,-0.003899,-5.020602,-0.106794,5.021737,101|102|103|104|105|106,0.5622
7348.533717,-0.366668,-18.565115,-0.011227,15.314008,-0.008706,-0.003785,-5.025009,-0.108482,5.026180,101|102|103|104|105|106,0.5627
7348.550383,-0.374891,-18.573993,-0.010989,15.321038,-0.009181,-0.003782,-5.027217,-0.112481,5.028476,101|102|103|104|105|106,0.5635
7348.567050,-0.374891,-18.573993,-0.010991,15.335689,-0.009027,-0.003751,-5.041868,-0.112635,5.043126,101|102|103|104|105|106,0.5638
7348.583717,-0.381839,-18.590241,-0.011159,15.335689,-0.009027,-0.003751,-5.033040,-0.116418,5.034387,101|102|103|104|105|106,0.5637
7348.600383,-0.381839,-18.590240,-0.011159,15.349574,-0.009032,-0.003469,-5.046927,-0.116413,5.048269,101|102|103|104|105|106,0.5639
7348.617050,-0.377156,-18.605579,-0.011045,15.349574,-0.009032,-0.003469,-5.038588,-0.113875,5.039875,101|102|103|104|105|106,0.5635
7348.650383,-0.383915,-18.621296,-0.011843,15.363146,-0.009584,-0.003370,-5.043621,-0.117003,5.044978,101|102|103|104|105|106,0.5650
7348.667050,-0.384032,-18.630682,-0.011787,15.370713,-0.009117,-0.003289,-5.046087,-0.117537,5.047456,101|102|103|104|105|106,0.5652
7348.683717,-0.384032,-18.630680,-0.011785,15.378137,-0.008769,-0.003238,-5.053512,-0.117886,5.054887,101|102|103|104|105|106,0.5634
7348.717050,-0.377564,-18.646960,-0.011399,15.398960,-0.010362,-0.003520,-5.065485,-0.112784,5.066740,101|102|103|104|105|106,0.5641
7348.733717,-0.373238,-18.665604,-0.011620,15.406454,-0.010320,-0.003516,-5.062844,-0.110484,5.064050,101|102|103|104|105|106,0.5638
7348.750383,-0.394016,-18.677846,-0.012007,15.406454,-0.010320,-0.003516,-5.056200,-0.121781,5.057667,101|102|103|104|105|106,0.5625
7348.783717,-0.393032,-18.705384,-0.012242,15.427430,-0.009469,-0.002889,-5.062209,-0.122110,5.063681,101|102|103|104|105|106,0.5611
7348.800383,-0.393035,-18.705386,-0.012253,15.434524,-0.009709,-0.002890,-5.069302,-0.121871,5.070767,101|102|103|104|105|106,0.5625
7348.817050,-0.379279,-18.714934,-0.011632,15.434524,-0.009709,-0.002890,-5.064107,-0.114399,5.065399,101|102|103|104|105|106,0.5618
7348.833717,-0.382523,-18.723877,-0.011644,15.441619,-0.009963,-0.002918,-5.066343,-0.115913,5.067669,101|102|103|104|105|106,0.5630
7348.850383,-0.386169,-18.732654,-0.011665,15.455848,-0.009766,-0.002936,-5.075804,-0.118095,5.077178,101|102|103|104|105|106,0.5631
7348.867050,-0.384674,-18.746837,-0.011779,15.462777,-0.010074,-0.003124,-5.075024,-0.116980,5.076372,101|102|103|104|105|106|107,0.5559
7348.883717,-0.384680,-18.746891,-0.011789,15.462777,-0.010074,-0.003124,-5.074995,-0.116984,5.076343,101|102|103|104|105|106|107,0.5596
7348.933717,-0.382661,-18.760665,-0.012261,15.482539,-0.011178,-0.003301,-5.087270,-0.114788,5.088564,102|103|104|105|106|107,0.5634
7348.950383,-0.400317,-18.770041,-0.011811,15.489879,-0.010789,-0.003336,-5.089522,-0.124777,5.091051,102|103|104|105|106|107,0.5631
7348.967050,-0.395607,-18.796177,-0.011867,15.503979,-0.009638,-0.003211,-5.089415,-0.123380,5.090910,102|103|104|105|106|107,0.5615
7348.983717,-0.389091,-18.805755,-0.011739,15.503979,-0.009638,-0.003211,-5.084207,-0.119843,5.085619,102|103|104|105|106|107,0.5616
7349.000383,-0.389094,-18.805756,-0.011739,15.517792,-0.010465,-0.003183,-5.098020,-0.119017,5.099409,102|103|104|105|106|107,0.5610
7349.017050,-0.383728,-18.819547,-0.012079,15.517792,-0.010465,-0.003183,-5.090522,-0.116107,5.091846,102|103|104|105|106|107,0.5618
7349.033717,-0.390542,-18.828800,-0.011801,15.525024,-0.010623,-0.003160,-5.092729,-0.119656,5.094134,102|103|104|105|106|107,0.5625
7349.050383,-0.392574,-18.841373,-0.011637,15.539448,-0.010714,-0.003488,-5.100320,-0.120675,5.101747,102|103|104|105|106|107,0.5619
7349.083717,-0.393454,-18.860351,-0.011505,15.545945,-0.011135,-0.003491,-5.096503,-0.120741,5.097933,102|103|104|105|106|107,0.5616
7349.100383,-0.399051,-18.860438,-0.011511,15.559707,-0.011852,-0.003700,-5.110221,-0.123066,5.111702,102|103|104|105|106|107,0.5628
7349.117050,-0.399052,-18.860436,-0.011514,15.567444,-0.011305,-0.003777,-5.117959,-0.123613,5.119451,102|103|104|105|106|107,0.5641
7349.133717,-0.408443,-18.862651,-0.011588,15.575059,-0.010973,-0.003781,-5.124374,-0.129050,5.125999,102|103|104|105|106|107,0.5654
7349.150383,-0.400385,-18.892404,-0.012511,15.575059,-0.010973,-0.003781,-5.108200,-0.124683,5.109722,102|103|104|105|106|107,0.5653
7349.167050,-0.400385,-18.892403,-0.012513,15.582065,-0.011044,-0.003819,-5.115206,-0.124612,5.116724,102|103|104|105|106|107,0.5641
7349.183717,-0.395575,-18.905344,-0.012798,15.595681,-0.012044,-0.004116,-5.121787,-0.121005,5.123216,102|103|104|105|106|107,0.5638
7349.200383,-0.403425,-18.914507,-0.012626,15.595681,-0.012044,-0.004116,-5.116811,-0.125275,5.118345,102|103|104|105|106|107,0.5632
7349.217050,-0.403424,-18.914507,-0.012624,15.603201,-0.011752,-0.004206,-5.124330,-0.125567,5.125869,102|103|104|105|106|107,0.5630
7349.233717,-0.408521,-18.921974,-0.012842,15.617740,-0.011877,-0.004442,-5.134814,-0.128215,5.136414,102|103|104|105|106|107,0.5635
7349.250383,-0.401049,-18.952654,-0.012912,15.617740,-0.011877,-0.004442,-5.118137,-0.124167,5.119643,102|103|104|105|106|107,0.5635
7349.267050,-0.401048,-18.952652,-0.012910,15.631287,-0.012547,-0.004471,-5.131684,-0.123497,5.133170,102|103|104|105|106|107,0.5630
7349.283717,-0.409648,-18.963807,-0.013064,15.638136,-0.012515,-0.004670,-5.132475,-0.128208,5.134076,102|103|104|105|106|107,0.5630
7349.300383,-0.409648,-18.963807,-0.013065,15.645681,-0.011782,-0.004658,-5.140021,-0.128940,5.141638,102|103|104|105|106|107,0.5632
7349.317050,-0.413679,-18.966257,-0.013454,15.645681,-0.011782,-0.004658,-5.138691,-0.131132,5.140363,102|103|104|105|106|107,0.5626
7349.333717,-0.401407,-18.991940,-0.013193,15.659664,-0.010712,-0.004653,-5.138710,-0.125544,5.140244,102|103|104|105|106|107,0.5608
7349.350383,-0.387793,-18.998960,-0.013443,15.659664,-0.010712,-0.004653,-5.134889,-0.118149,5.136248,102|103|104|105|106|107,0.5618
7349.367050,-0.387793,-18.998960,-0.013443,15.666662,-0.011014,-0.004660,-5.141886,-0.117846,5.143237,102|103|104|105|106|107,0.5624
7349.383717,-0.386005,-19.005593,-0.014018,15.680765,-0.011570,-0.004757,-5.152384,-0.116321,5.153697,102|103|104|105|106|107,0.5626
7349.400383,-0.394403,-19.025534,-0.013575,15.680765,-0.011570,-0.004757,-5.141551,-0.120894,5.142972,102|103|104|105|106|107|108|109,0.5538
7349.417050,-0.397182,-19.035332,-0.013618,15.688117,-0.011427,-0.004778,-5.143578,-0.122552,5.145038,102|103|104|105|106|107|108|109,0.5626
7349.433717,-0.395298,-19.049084,-0.015087,15.694999,-0.010972,-0.004435,-5.142986,-0.121990,5.144432,103|104|105|106|107|108|109,0.5530
7349.450383,-0.387199,-19.054954,-0.014550,15.701535,-0.011427,-0.004323,-5.146328,-0.117135,5.147661,104|105|106|107|108|109,0.5616
7349.467050,-0.387199,-19.054953,-0.014553,15.708221,-0.012131,-0.004263,-5.153014,-0.116431,5.154329,104|105|106|107|108|109,0.5632
7349.483717,-0.403523,-19.060799,-0.014018,15.715642,-0.011984,-0.004261,-5.157266,-0.125453,5.158792,104|105|106|107|108|109,0.5657
7349.500383,-0.400836,-19.075602,-0.013948,15.730734,-0.011515,-0.003900,-5.164312,-0.124467,5.165811,104|105|106|107|108|109,0.5647
7349.517050,-0.400837,-19.075598,-0.013950,15.737208,-0.010426,-0.003492,-5.170788,-0.125557,5.172312,104|105|106|107|108|109,0.5634
7349.533717,-0.395815,-19.091557,-0.014067,15.743914,-0.010596,-0.003350,-5.168818,-0.122664,5.170273,104|105|106|107|108|109,0.5611
7349.550383,-0.392167,-19.104078,-0.014238,15.750685,-0.010868,-0.003337,-5.168782,-0.120416,5.170184,104|105|106|107|108|109,0.5624
7349.567050,-0.380106,-19.109547,-0.013178,15.750685,-0.010868,-0.003337,-5.165804,-0.113863,5.167059,104|105|106|107|108|109,0.5638
7349.583717,-0.383716,-19.115149,-0.012470,15.757631,-0.010990,-0.003429,-5.169708,-0.115705,5.171002,104|105|106|107|108|109,0.5641
7349.600383,-0.383717,-19.115151,-0.012472,15.772575,-0.010088,-0.003098,-5.184651,-0.116608,5.185962,104|105|106|107|108|109,0.5644
7349.617050,-0.384812,-19.123255,-0.012929,15.779038,-0.010491,-0.003075,-5.186710,-0.116803,5.188025,104|105|106|107|108|109,0.5621
7349.633717,-0.371517,-19.152270,-0.012835,15.779038,-0.010491,-0.003075,-5.170935,-0.109591,5.172097,104|105|106|107|108|109,0.5613
7349.650383,-0.371515,-19.152273,-0.012832,15.785873,-0.011095,-0.002847,-5.177768,-0.108986,5.178915,104|105|106|107|108|109,0.5618
7349.667050,-0.385553,-19.162565,-0.012107,15.792952,-0.011444,-0.002781,-5.179260,-0.116270,5.180565,104|105|106|107|108|109,0.5628
7349.683717,-0.385553,-19.162565,-0.012107,15.807918,-0.011219,-0.002417,-5.194226,-0.116495,5.195532,104|105|106|107|108|109,0.5634
7349.700383,-0.388120,-19.187320,-0.011707,15.807918,-0.011219,-0.002417,-5.180773,-0.117901,5.182114,104|105|106|107|108|109,0.5629
7349.717050,-0.385219,-19.198608,-0.011540,15.814547,-0.010667,-0.001960,-5.181266,-0.116881,5.182584,104|105|106|107|108|109,0.5627
7349.733717,-0.378276,-19.200141,-0.011384,15.821142,-0.011095,-0.001530,-5.187025,-0.112681,5.188249,104|105|106|107|108|109,0.5630
7349.750383,-0.378279,-19.200142,-0.011389,15.835494,-0.011302,-0.001141,-5.201377,-0.112475,5.202593,104|105|106|107|108|109,0.5645
7349.767050,-0.385506,-19.206793,-0.010895,15.842922,-0.011191,-0.001080,-5.205193,-0.116517,5.206497,104|105|106|107|108|109,0.5641
7349.783717,-0.388513,-19.230479,-0.010479,15.842922,-0.011191,-0.001080,-5.192321,-0.118162,5.193666,104|105|106|107|108|109,0.5645
7349.800383,-0.388515,-19.230478,-0.010481,15.850235,-0.011073,-0.000847,-5.199635,-0.118281,5.200980,104|105|106|107|108|109,0.5638
7349.817050,-0.386741,-19.243421,-0.010597,15.856621,-0.010933,-0.000677,-5.198986,-0.117463,5.200313,104|105|106|107|108|109,0.5624
7349.833717,-0.384509,-19.254792,-0.010521,15.871059,-0.011976,-0.000201,-5.207243,-0.115211,5.208518,104|105|106|107|108|109,0.5622
7349.850383,-0.397156,-19.260916,-0.010282,15.878507,-0.012110,-0.000196,-5.211368,-0.121953,5.212795,104|105|106|107|108|109,0.5626
7349.867050,-0.399171,-19.273882,-0.010164,15.878507,-0.012110,-0.000196,-5.204323,-0.123054,5.205777,104|105|106|107|108|109,0.5622
7349.883717,-0.401228,-19.286037,-0.010209,15.885333,-0.011660,0.000102,-5.204543,-0.124628,5.206035,104|105|106|107|108|109,0.5628
7349.900383,-0.401227,-19.286040,-0.010206,15.899034,-0.011168,0.000273,-5.218243,-0.125119,5.219743,104|105|106|107|108|109,0.5632
7349.917050,-0.387935,-19.295583,-0.009367,15.899034,-0.011168,0.000273,-5.213051,-0.117900,5.214384,104|105|106|107|108|109|110,0.5563
7349.933717,-0.387687,-19.303862,-0.009537,15.906299,-0.011502,0.000255,-5.215816,-0.117434,5.217137,104|105|106|107|108|109|110,0.5639
7349.950383,-0.392621,-19.314980,-0.009716,15.913646,-0.011606,0.000288,-5.217123,-0.120017,5.218503,104|105|106|107|108|109|110,0.5601
7349.967050,-0.392800,-19.315919,-0.010257,15.921021,-0.011657,0.000287,-5.223988,-0.120063,5.225367,105|106|107|108|109|110,0.5651
7349.983717,-0.395122,-19.344599,-0.010396,15.928151,-0.011337,0.000526,-5.215532,-0.121658,5.216951,105|106|107|108|109|110,0.5631
7350.000383,-0.395121,-19.344602,-0.010397,15.940996,-0.012024,0.000728,-5.228375,-0.120971,5.229775,105|106|107|108|109|110,0.5621
7350.017050,-0.389816,-19.349897,-0.009636,15.947881,-0.012469,0.000479,-5.232380,-0.117645,5.233702,105|106|107|108|109|110,0.5626
7350.033717,-0.400297,-19.355259,-0.009698,15.947881,-0.012469,0.000479,-5.229470,-0.123344,5.230925,105|106|107|108|109|110,0.5633
7350.067050,-0.400300,-19.355254,-0.009692,15.969241,-0.011554,0.000546,-5.250833,-0.124259,5.252303,105|106|107|108|109|110,0.5634
7350.083717,-0.404999,-19.380318,-0.010807,15.969241,-0.011554,0.000546,-5.237214,-0.126824,5.238749,105|106|107|108|109|110,0.5625
7350.100383,-0.393274,-19.393290,-0.010452,15.975958,-0.011073,0.000448,-5.236875,-0.120939,5.238271,105|106|107|108|109|110,0.5631
7350.117050,-0.386826,-19.398701,-0.009908,15.982950,-0.011444,0.000470,-5.240923,-0.117066,5.242231,105|106|107|108|109|110,0.5626
7350.133717,-0.386827,-19.398697,-0.009910,15.997528,-0.012044,0.000474,-5.255504,-0.116467,5.256795,105|106|107|108|109|110,0.5631
7350.150383,-0.397718,-19.424245,-0.010103,15.997528,-0.012044,0.000474,-5.241624,-0.122397,5.243053,105|106|107|108|109|110,0.5633
7350.167050,-0.397719,-19.424241,-0.010103,16.011108,-0.011500,0.000641,-5.255206,-0.122941,5.256644,105|106|107|108|109|110,0.5632
7350.183717,-0.401616,-19.438262,-0.009628,16.011108,-0.011500,0.000641,-5.247587,-0.125065,5.249077,105|106|107|108|109|110,0.5636
7350.200383,-0.394010,-19.445566,-0.010020,16.018240,-0.012049,0.000582,-5.250747,-0.120386,5.252127,105|106|107|108|109|110,0.5633
7350.217050,-0.394007,-19.445570,-0.010021,16.032685,-0.012621,0.000520,-5.265190,-0.119812,5.266553,105|106|107|108|109|110,0.5636
7350.233717,-0.401802,-19.454597,-0.010013,16.039952,-0.012448,0.000631,-5.267554,-0.124225,5.269019,105|106|107|108|109|110,0.5644
7350.250383,-0.409839,-19.463018,-0.010158,16.039952,-0.012448,0.000631,-5.262981,-0.128597,5.264552,105|106|107|108|109|110,0.5651
7350.267050,-0.410466,-19.477873,-0.010213,16.053648,-0.011993,0.000484,-5.268604,-0.129400,5.270193,105|106|107|108|109|110,0.5639
7350.300383,-0.401500,-19.499428,-0.009806,16.068163,-0.012764,0.000360,-5.271400,-0.123765,5.272853,105|106|107|108|109|110,0.5642
7350.317050,-0.401500,-19.499427,-0.009802,16.075600,-0.012862,0.000267,-5.278838,-0.123668,5.280286,105|106|107|108|109|110,0.5644
7350.333717,-0.409586,-19.508754,-0.009758,16.075600,-0.012862,0.000267,-5.273773,-0.128066,5.275327,105|106|107|108|109|110,0.5651
7350.350383,-0.412417,-19.522614,-0.010016,16.089206,-0.012434,0.000903,-5.279847,-0.130038,5.281448,105|106|107|108|109|110,0.5637
7350.367050,-0.410251,-19.547970,-0.009634,16.089206,-0.012434,0.000903,-5.266066,-0.128873,5.267642,105|106|107|108|109|110,0.5628
7350.383717,-0.410251,-19.547971,-0.009635,16.096075,-0.012895,0.001019,-5.272935,-0.128411,5.274498,105|106|107|108|109|110,0.5628
7350.400383,-0.409823,-19.544182,-0.008954,16.110476,-0.012725,0.000806,-5.289394,-0.128347,5.290951,105|106|107|108|109|110,0.5626
7350.417050,-0.417521,-19.551035,-0.009763,16.110476,-0.012725,0.000806,-5.285673,-0.132534,5.287334,105|106|107|108|109|110,0.5636
7350.433717,-0.401271,-17.441695,-0.008593,16.117400,-0.011855,0.000871,-6.438970,-0.123647,6.440157,11|105|106|107|108|109|110|112,0.5560
7350.450383,-0.388175,-17.306520,-0.007801,16.124205,-0.010976,0.000815,-6.519234,-0.117350,6.520290,11|105|106|107|108|109|110|112,0.5631
7350.467050,-0.375167,-17.301783,-0.008347,16.131306,-0.010916,0.000787,-6.528904,-0.110338,6.529836,11|105|106|107|108|109|110|112,0.5630
7350.500383,-0.378390,-16.582959,-0.006909,16.152880,-0.011933,0.000680,-6.941144,-0.110757,6.942028,11|107|108|109|110|112,0.5645
7350.517050,-0.378410,-16.586194,-0.006914,16.159799,-0.011356,0.000780,-6.946305,-0.111346,6.947198,11|107|108|109|110|112,0.5632
7350.533717,-0.385084,-16.603750,-0.007465,16.159799,-0.011356,0.000780,-6.936767,-0.114981,6.937720,11|107|108|109|110|112,0.5624
7350.550383,-0.385013,-16.592538,-0.007461,16.173425,-0.011624,0.000841,-6.956486,-0.114669,6.957431,11|107|108|109|110|112,0.5629
7350.567050,-0.376337,-16.597934,-0.007815,16.180766,-0.011895,0.000856,-6.960891,-0.109685,6.961755,11|107|108|109|110|112,0.5627
7350.583717,-0.381095,-16.609931,-0.007477,16.188309,-0.011944,0.000924,-6.961916,-0.112227,6.962820,11|107|108|109|110|112,0.5640
7350.617050,-0.386120,-16.643450,-0.006992,16.195659,-0.011729,0.001010,-6.951051,-0.115188,6.952005,11|107|108|109|110|112,0.5624
7350.633717,-0.386144,-16.647401,-0.006996,16.208688,-0.010079,0.001347,-6.961932,-0.116852,6.962913,11|107|108|109|110|112,0.5619
7350.650383,-0.369170,-16.660536,-0.006492,16.208688,-0.010079,0.001347,-6.954786,-0.107633,6.955619,11|107|108|109|110|112,0.5635
7350.667050,-0.369154,-16.657973,-0.006488,16.223061,-0.010435,0.001338,-6.970552,-0.107268,6.971377,11|107|108|109|110|112,0.5635
7350.683717,-0.362882,-16.668943,-0.006585,16.223061,-0.010435,0.001338,-6.964588,-0.103864,6.965362,11|107|108|109|110|112,0.5640
7350.700383,-0.365958,-16.677246,-0.007127,16.230312,-0.010437,0.001318,-6.967328,-0.105537,6.968127,11|107|108|109|110|112,0.5641
7350.717050,-0.366078,-16.695468,-0.006731,16.244192,-0.009664,0.001935,-6.971305,-0.106384,6.972116,11|107|108|109|110|112,0.5631
7350.733717,-0.357519,-16.698472,-0.006165,16.244192,-0.009664,0.001935,-6.969668,-0.101734,6.970411,11|107|108|109|110|112,0.5632
7350.750383,-0.354738,-16.711355,-0.006300,16.258307,-0.010960,0.002064,-6.976781,-0.098932,6.977482,11|107|108|109|110|112,0.5635
7350.767050,-0.354657,-16.698819,-0.006292,16.265908,-0.011020,0.002122,-6.991195,-0.098822,6.991893,11|107|108|109|110|112,0.5634
7350.783717,-0.366771,-16.706603,-0.005815,16.265908,-0.011020,0.002122,-6.986969,-0.105409,6.987764,11|107|108|109|110|112,0.5643
7350.817050,-0.373038,-16.757169,-0.004957,16.286871,-0.010331,0.003012,-6.980454,-0.109526,6.981313,11|107|108|109|110|112,0.5648
7350.833717,-0.365375,-16.767581,-0.005006,16.286871,-0.010331,0.003012,-6.974792,-0.105366,6.975588,11|107|108|109|110|112,0.5646
7350.850383,-0.366055,-16.775588,-0.004572,16.293788,-0.010893,0.003058,-6.977357,-0.105177,6.978150,11|107|108|109|110|112,0.5650
7350.883717,-0.376179,-16.792825,-0.004482,16.308450,-0.011070,0.003123,-6.982655,-0.110510,6.983529,11|107|108|109|110|112,0.5646
7350.900383,-0.377612,-16.803667,-0.004174,16.315734,-0.010920,0.003604,-6.984048,-0.111443,6.984937,11|107|108|109|110|112,0.5634
7350.917050,-0.377604,-16.802423,-0.004177,16.322392,-0.010363,0.003596,-6.991382,-0.111995,6.992279,11|107|108|109|110|112,0.5613
7350.967050,-0.374137,-16.809800,-0.003359,16.350922,-0.011236,0.003931,-7.015902,-0.109242,7.016752,11|107|108|109|110|112,0.5632
7350.983717,-0.385172,-17.257423,-0.002246,16.350922,-0.011236,0.003931,-6.772633,-0.115436,6.773616,11|107|108|109|110|112|113,0.5608
7351.017050,-0.378124,-16.842490,-0.002304,16.364317,-0.010611,0.004171,-7.011531,-0.112048,7.012427,11|108|109|110|112|113,0.5649
7351.033717,-0.378123,-16.842247,-0.002305,16.379432,-0.011057,0.003502,-7.026778,-0.111601,7.027664,11|108|109|110|112|113,0.5640
7351.050383,-0.377042,-16.865990,-0.003063,16.379432,-0.011057,0.003502,-7.013874,-0.111024,7.014753,11|108|109|110|112|113,0.5645
7351.067050,-0.380992,-16.872537,-0.003457,16.394165,-0.010853,0.003518,-7.025050,-0.113378,7.025965,11|108|109|110|112|113,0.5640
7351.083717,-0.381069,-16.884598,-0.003463,16.400628,-0.010251,0.003541,-7.024959,-0.114027,7.025884,11|108|109|110|112|113,0.5637
7351.100383,-0.377934,-16.904385,-0.004025,16.406668,-0.011348,0.003818,-7.020244,-0.111234,7.021125,11|108|109|110|112|113,0.5626
7351.133717,-0.387138,-16.895450,-0.004137,16.413528,-0.011595,0.003501,-7.031964,-0.115986,7.032921,11|108|109|110|112|113,0.5648
7351.150383,-0.387120,-16.892463,-0.004134,16.428145,-0.011415,0.003224,-7.048204,-0.116155,7.049161,11|108|109|110|112|113,0.5663
7351.167050,-0.388092,-16.931780,-0.004935,16.428145,-0.011415,0.003224,-7.026837,-0.116700,7.027806,11|108|109|110|112|113,0.5650
7351.183717,-0.388026,-16.921606,-0.004930,16.441616,-0.010679,0.003055,-7.045837,-0.117396,7.046815,11|108|109|110|112|113,0.5635
7351.200383,-0.381895,-16.942129,-0.004982,16.441616,-0.010679,0.003055,-7.034681,-0.114073,7.035606,11|108|109|110|112|113,0.5643
7351.217050,-0.381920,-16.945895,-0.004982,16.455993,-0.010852,0.003411,-7.047012,-0.113915,7.047932,11|108|109|110|112|113,0.5632
7351.233717,-0.375122,-16.953740,-0.003916,16.455993,-0.010852,0.003411,-7.042745,-0.110224,7.043607,11|108|109|110|112|113,0.5616
7351.250383,-0.381257,-16.967529,-0.004077,16.463399,-0.011287,0.003404,-7.042659,-0.113130,7.043567,11|108|109|110|112|113,0.5632
7351.267050,-0.381262,-16.968315,-0.004081,16.470272,-0.010971,0.003610,-7.049105,-0.113448,7.050017,11|108|109|110|112|113,0.5632
7351.283717,-0.387965,-16.988500,-0.004255,16.484011,-0.010819,0.003627,-7.051876,-0.117252,7.052851,11|108|109|110|112|113,0.5630
7351.300383,-0.376700,-16.990115,-0.004350,16.484011,-0.010819,0.003627,-7.050994,-0.111131,7.051869,11|108|109|110|112|113,0.5635
7351.317050,-0.376738,-16.995719,-0.004354,16.491272,-0.011439,0.003589,-7.055210,-0.110534,7.056076,11|108|109|110|112|113,0.5643
7351.333717,-0.390934,-17.008262,-0.004020,16.498640,-0.011694,0.003622,-7.055767,-0.118000,7.056753,11|108|109|110|112|113,0.5635
7351.367050,-0.390897,-17.003128,-0.004010,16.519604,-0.010660,0.003649,-7.079521,-0.119011,7.080521,11|108|109|110|112|113,0.5641
7351.383717,-0.385548,-17.038719,-0.003488,16.526570,-0.011562,0.003535,-7.067141,-0.115218,7.068081,11|108|109|110|112|113,0.5633
7351.400383,-0.385490,-17.029870,-0.003481,16.526570,-0.011562,0.003535,-7.071950,-0.115183,7.072888,11|108|109|110|112|113,0.5631
7351.417050,-0.381111,-17.042564,-0.003110,16.541578,-0.011760,0.003344,-7.080058,-0.112610,7.080953,11|108|109|110|112|113,0.5634
7351.433717,-0.393803,-17.063215,-0.003587,16.541578,-0.011760,0.003344,-7.068841,-0.119517,7.069851,11|108|109|110|112|113,0.5641
7351.450383,-0.397953,-17.086438,-0.003508,16.548943,-0.011700,0.003349,-7.063586,-0.121842,7.064636,11|108|109|110|112|113,0.5644
7351.467050,-0.402421,-17.852722,-0.002954,16.562221,-0.011895,0.003537,-6.660408,-0.124412,6.661569,11|108|109|110|112|113|114|115,0.5642
7351.483717,-0.395354,-17.852793,-0.003466,16.569112,-0.012243,0.003195,-6.667256,-0.120223,6.668340,11|108|109|110|112|113|114|115,0.5629
7351.500383,-0.406273,-17.853736,-0.002914,16.569112,-0.012243,0.003195,-6.666748,-0.126158,6.667942,11|108|109|110|112|113|114|115,0.5654
7351.517050,-0.409866,-17.832913,-0.003667,16.576689,-0.011813,0.003227,-6.685644,-0.128531,6.686879,11|108|109|110|112|113|114|115,0.5588
7351.533717,-0.405288,-17.089944,-0.003079,16.590509,-0.010256,0.003184,-7.103249,-0.127274,7.104390,11|110|112|113|114|115,0.5628
7351.550383,-0.399616,-17.118193,-0.003668,16.597308,-0.009632,0.003116,-7.094694,-0.124828,7.095792,11|110|112|113|114|115,0.5645
7351.567050,-0.379010,-17.140550,-0.003155,16.597308,-0.009632,0.003116,-7.082534,-0.113639,7.083445,11|110|112|113|114|115,0.5633
7351.583717,-0.370523,-17.154101,-0.003290,16.604539,-0.010221,0.003051,-7.082397,-0.108444,7.083227,11|110|112|113|114|115,0.5631
7351.600383,-0.370455,-17.143691,-0.003286,16.619131,-0.010905,0.002930,-7.102646,-0.107718,7.103463,11|110|112|113|114|115,0.5627
7351.617050,-0.387088,-17.164656,-0.003014,16.619131,-0.010905,0.002930,-7.091259,-0.116767,7.092221,11|110|112|113|114|115,0.5630
7351.633717,-0.389580,-17.169597,-0.002837,16.626050,-0.010403,0.002980,-7.095494,-0.118625,7.096486,11|110|112|113|114|115,0.5629
7351.650383,-0.382404,-17.176978,-0.002409,16.632859,-0.009857,0.002961,-7.098288,-0.115275,7.099224,11|110|112|113|114|115,0.5634
7351.667050,-0.382397,-17.175946,-0.002407,16.639894,-0.010166,0.002985,-7.105885,-0.114961,7.106814,11|110|112|113|114|115,0.5633
7351.683717,-0.380176,-17.195312,-0.002625,16.647175,-0.010734,0.002935,-7.102640,-0.113195,7.103542,11|110|112|113|114|115,0.5637
7351.700383,-0.380157,-17.192338,-0.002623,16.662030,-0.010684,0.003011,-7.119110,-0.113233,7.120011,11|110|112|113|114|115,0.5647
7351.717050,-0.388087,-17.197049,-0.002872,16.662030,-0.010684,0.003011,-7.116554,-0.117545,7.117524,11|110|112|113|114|115,0.5645
7351.767050,-0.390940,-17.228343,-0.003122,16.689607,-0.009247,0.003082,-7.127125,-0.120547,7.128144,11|110|112|113|114|115,0.5627
7351.783717,-0.364998,-17.245367,-0.002626,16.697002,-0.009319,0.003029,-7.125256,-0.106383,7.126050,11|110|112|113|114|115,0.5634
7351.817050,-0.365809,-17.260524,-0.002759,16.704339,-0.008826,0.003286,-7.124356,-0.107323,7.125164,11|110|112|113|114|115,0.5625
7351.833717,-0.361837,-17.285866,-0.003377,16.711201,-0.008337,0.003356,-7.117443,-0.105665,7.118227,11|110|112|113|114|115,0.5622
7351.850383,-0.361886,-17.293291,-0.003379,16.724852,-0.009791,0.003512,-7.127059,-0.104241,7.127821,11|110|112|113|114|115,0.5632
7351.867050,-0.366838,-17.298946,-0.003214,16.724852,-0.009791,0.003512,-7.123988,-0.106935,7.124791,11|110|112|113|114|115,0.5634
7351.883717,-0.376362,-17.301149,-0.003655,16.732442,-0.009801,0.003528,-7.130385,-0.112101,7.131266,11|110|112|113|114|115,0.5624
7351.900383,-0.376976,-17.312740,-0.002926,16.746630,-0.009152,0.003991,-7.138273,-0.113089,7.139169,11|110|112|113|114|115,0.5640
7351.917050,-0.376221,-17.320525,-0.002492,16.746630,-0.009152,0.003991,-7.134042,-0.112682,7.134932,11|110|112|113|114|115,0.5641
7351.933717,-0.368210,-17.334792,-0.002412,16.760259,-0.009542,0.004202,-7.139914,-0.107945,7.140730,11|110|112|113|114|115,0.5653
7351.950383,-0.368275,-17.344557,-0.002416,16.767495,-0.009713,0.004231,-7.141843,-0.107813,7.142657,11|110|112|113|114|115,0.5650
7351.967050,-0.375283,-17.346139,-0.001357,16.774882,-0.009727,0.004291,-7.148373,-0.111609,7.149244,11|110|112|113|114|115,0.5646
7351.983717,-0.381039,-17.759405,-0.001557,16.774882,-0.009727,0.004291,-6.923775,-0.114919,6.924729,11|110|112|113|114|115|116,0.5578
7352.000383,-0.381180,-17.782067,-0.001547,16.789096,-0.008984,0.004573,-6.925672,-0.115748,6.926639,11|110|112|113|114|115|116,0.5638
7352.017050,-0.381800,-17.764871,-0.001567,16.795524,-0.009464,0.004781,-6.941447,-0.115597,6.942409,11|110|112|113|114|115|116,0.5551
7352.033717,-0.371509,-17.780093,-0.001748,16.795524,-0.009464,0.004781,-6.933169,-0.110011,6.934042,11|110|112|113|114|115|116,0.5541
7352.050383,-0.371520,-17.781923,-0.001748,16.810575,-0.010425,0.004797,-6.947225,-0.109057,6.948081,11|110|112|113|114|115|116,0.5549
7352.067050,-0.385170,-17.396492,-0.000289,16.817242,-0.009952,0.004571,-7.163372,-0.116779,7.164324,11|112|113|114|115|116,0.5626
7352.083717,-0.390281,-17.405781,-0.000291,16.817242,-0.009952,0.004571,-7.158326,-0.119561,7.159324,11|112|113|114|115|116,0.5627
7352.100383,-0.390339,-17.414410,-0.000297,16.830792,-0.009076,0.004472,-7.167186,-0.120472,7.168198,11|112|113|114|115|116,0.5635
7352.117050,-0.382185,-17.421157,-0.000372,16.837953,-0.009483,0.004435,-7.170677,-0.115636,7.171609,11|112|113|114|115|116,0.5646
7352.133717,-0.370416,-17.430268,-0.001200,16.837953,-0.009483,0.004435,-7.165720,-0.109244,7.166552,11|112|113|114|115|116,0.5644
7352.150383,-0.370388,-17.426079,-0.001198,16.845313,-0.009739,0.004416,-7.175357,-0.108971,7.176184,11|112|113|114|115|116,0.5653
7352.167050,-0.376782,-17.431633,-0.001036,16.860130,-0.009677,0.004528,-7.187157,-0.112511,7.188038,11|112|113|114|115|116,0.5644
7352.183717,-0.381989,-17.455148,-0.000231,16.860130,-0.009677,0.004528,-7.174380,-0.115351,7.175307,11|112|113|114|115|116,0.5644
7352.217050,-0.370514,-17.487155,0.000033,16.879545,-0.010431,0.004624,-7.176395,-0.108375,7.177213,11|112|113|114|115|116,0.5621
7352.233717,-0.382706,-17.494284,0.000963,16.879545,-0.010431,0.004624,-7.172525,-0.115004,7.173447,11|112|113|114|115|116,0.5633
7352.250383,-0.392866,-17.501172,0.000315,16.887011,-0.010271,0.004613,-7.176252,-0.120689,7.177267,11|112|113|114|115|116,0.5651
7352.267050,-0.391280,-17.517224,0.000173,16.894259,-0.010112,0.004811,-7.174776,-0.119993,7.175779,11|112|113|114|115|116,0.5638
7352.283717,-0.388783,-17.520343,-0.000042,16.907847,-0.009153,0.004681,-7.186668,-0.119596,7.187663,11|112|113|114|115|116,0.5637
7352.300383,-0.382233,-17.528478,-0.000385,16.914634,-0.008894,0.004724,-7.189031,-0.116299,7.189971,11|112|113|114|115|116,0.5628
7352.333717,-0.382167,-17.518583,-0.000380,16.929092,-0.009595,0.004739,-7.208866,-0.115558,7.209793,11|112|113|114|115|116,0.5613
7352.350383,-0.381464,-17.532997,-0.001244,16.936292,-0.009548,0.004814,-7.208233,-0.115229,7.209154,11|112|113|114|115|116,0.5606
7352.367050,-0.381549,-17.545620,-0.001247,16.942975,-0.009038,0.004800,-7.208055,-0.115791,7.208985,11|112|113|114|115|116,0.5614
7352.400383,-0.377832,-17.577650,-0.000089,16.949915,-0.009326,0.004821,-7.197586,-0.113497,7.198481,11|112|113|114|115|116,0.5618
7352.417050,-0.382623,-17.586958,-0.000281,16.957194,-0.009875,0.004777,-7.199809,-0.115556,7.200736,11|112|113|114|115|116,0.5633
7352.433717,-0.390755,-17.599620,-0.000327,16.971793,-0.010206,0.004942,-7.207529,-0.119649,7.208522,11|112|113|114|115|116,0.5654
7352.450383,-0.390763,-17.600779,-0.000329,16.978804,-0.009506,0.004817,-7.213910,-0.120355,7.214914,11|112|113|114|115|116,0.5648
7352.467050,-0.396032,-17.601867,-0.000386,16.985597,-0.009062,0.004576,-7.220114,-0.123663,7.221173,11|112|113|114|115|116,0.5652
7352.483717,-0.386227,-17.626679,-0.000778,16.985597,-0.009062,0.004576,-7.206625,-0.118345,7.207597,11|112|113|114|115|116,0.5652
7352.500383,-0.381659,-17.644313,-0.000696,16.992204,-0.010019,0.004383,-7.203646,-0.114913,7.204563,11|112|113|114|115|116,0.5636
7352.517050,-0.396298,-17.649912,-0.000946,17.006934,-0.010130,0.003467,-7.215340,-0.122760,7.216384,11|112|113|114|115|116,0.5635
7352.533717,-0.396214,-17.637586,-0.000939,17.006934,-0.010130,0.003467,-7.222039,-0.122709,7.223081,11|112|113|114|115|116,0.5645
7352.550383,-0.402481,-18.549378,-0.001558,17.014382,-0.010123,0.003220,-6.733951,-0.126523,6.735140,11|112|113|114|115|116|117|118,0.5528
7352.567050,-0.417020,-20.702501,-0.001969,17.021399,-0.009959,0.002947,-5.570800,-0.135533,5.572448,113|114|115|116|117|118,0.5624
7352.600383,-0.417453,-20.716784,-0.002657,17.034797,-0.010648,0.002872,-5.576435,-0.135085,5.578071,113|114|115|116|117|118,0.5641
7352.617050,-0.426563,-20.726776,-0.002776,17.049350,-0.009682,0.002666,-5.585562,-0.141007,5.587341,113|114|115|116|117|118,0.5643
7352.633717,-0.422927,-20.740448,-0.003536,17.049350,-0.009682,0.002666,-5.578130,-0.139036,5.579863,113|114|115|116|117|118,0.5636
7352.650383,-0.412543,-20.752532,-0.003784,17.063148,-0.007987,0.002682,-5.585355,-0.135094,5.586989,113|114|115|116|117|118,0.5630
7352.667050,-0.397396,-20.760401,-0.003672,17.070284,-0.008714,0.002636,-5.588208,-0.126138,5.589632,113|114|115|116|117|118,0.5630
7352.683717,-0.397396,-20.760402,-0.003670,17.077427,-0.009357,0.002632,-5.595351,-0.125495,5.596758,113|114|115|116|117|118,0.5629
7352.717050,-0.409170,-20.782599,-0.003778,17.084927,-0.009386,0.002527,-5.590793,-0.131875,5.592348,113|114|115|116|117|118,0.5631
7352.733717,-0.409171,-20.782598,-0.003778,17.099091,-0.008321,0.002687,-5.604957,-0.132940,5.606534,113|114|115|116|117|118,0.5628
7352.750383,-0.404098,-20.808351,-0.004284,17.105934,-0.008676,0.002726,-5.597801,-0.129840,5.599307,113|114|115|116|117|118,0.5612
7352.767050,-0.394551,-20.813524,-0.003714,17.113171,-0.009250,0.002736,-5.602223,-0.124079,5.603597,113|114|115|116|117|118,0.5613
7352.783717,-0.394552,-20.813524,-0.003711,17.120680,-0.009433,0.002759,-5.609732,-0.123897,5.611100,113|114|115|116|117|118,0.5612
7352.800383,-0.400043,-20.818604,-0.003345,17.128275,-0.009451,0.002715,-5.614569,-0.126865,5.616002,113|114|115|116|117|118,0.5616
7352.817050,-0.411355,-20.843415,-0.004075,17.128275,-0.009451,0.002715,-5.601089,-0.133023,5.602669,113|114|115|116|117|118,0.5621
7352.833717,-0.411356,-20.843416,-0.004075,17.141274,-0.007534,0.002855,-5.614088,-0.134942,5.615709,113|114|115|116|117|118,0.5622
7352.850383,-0.396191,-20.858477,-0.003719,17.141274,-0.007534,0.002855,-5.605896,-0.126707,5.607328,113|114|115|116|117|118,0.5627
7352.867050,-0.384913,-20.863073,-0.003740,17.155566,-0.007677,0.002855,-5.617684,-0.120436,5.618975,113|114|115|116|117|118,0.5629
7352.883717,-0.384913,-20.863073,-0.003740,17.155566,-0.007677,0.002855,-5.617684,-0.120436,5.618975,113|114|115|116|117|118,0.5633
7352.900383,-0.387808,-20.882448,-0.003522,17.162800,-0.007910,0.002848,-5.614390,-0.121785,5.615710,113|114|115|116|117|118,0.5634
7352.917050,-0.391457,-20.892368,-0.003884,17.170169,-0.007515,0.002989,-5.616369,-0.124167,5.617742,113|114|115|116|117|118,0.5631
7352.933717,-0.391455,-20.892368,-0.003884,17.183557,-0.007424,0.003455,-5.629757,-0.124257,5.631128,113|114|115|116|117|118,0.5635
7352.967050,-0.385636,-20.913071,-0.003199,17.197938,-0.008285,0.003499,-5.632884,-0.120243,5.634168,113|114|115|116|117|118,0.5655
7352.983717,-0.398371,-20.921680,-0.003317,17.197938,-0.008285,0.003499,-5.628211,-0.127168,5.629647,113|114|115|116|117|118,0.5653
7353.000383,-0.398521,-20.937276,-0.003197,17.212681,-0.007703,0.003993,-5.634478,-0.127838,5.635928,113|114|115|116|117|118,0.5648
7353.017050,-0.398521,-20.937276,-0.003197,17.212681,-0.007703,0.003993,-5.634478,-0.127838,5.635928,113|114|115|116|117|118,0.5636
7353.033717,-0.398300,-20.952895,-0.004314,17.225883,-0.008298,0.004272,-5.639191,-0.127130,5.640624,113|114|115|116|117|118|119,0.5607
7353.050383,-0.389583,-20.957846,-0.004508,17.233142,-0.008244,0.004315,-5.643756,-0.122449,5.645084,113|114|115|116|117|118|119,0.5657
7353.067050,-0.386672,-20.960978,-0.004526,17.233142,-0.008244,0.004315,-5.642053,-0.120869,5.643347,113|114|115|116|117|118|119,0.5663
7353.083717,-0.398792,-20.979456,-0.003839,17.240629,-0.008015,0.004420,-5.639503,-0.127692,5.640948,114|115|116|117|118|119,0.5657
7353.100383,-0.396273,-20.993942,-0.004003,17.255446,-0.007598,0.004794,-5.646446,-0.126747,5.647868,114|115|116|117|118|119,0.5651
7353.117050,-0.394866,-21.007213,-0.004122,17.261740,-0.007712,0.004842,-5.645527,-0.125874,5.646930,114|115|116|117|118|119,0.5638
7353.133717,-0.390328,-21.016675,-0.003336,17.269009,-0.008596,0.004925,-5.647651,-0.122528,5.648980,114|115|116|117|118|119,0.5624
7353.150383,-0.392725,-21.013531,-0.003098,17.269009,-0.008596,0.004925,-5.649361,-0.123829,5.650718,114|115|116|117|118|119,0.5637
7353.167050,-0.405732,-21.025507,-0.002531,17.276552,-0.008786,0.004965,-5.650401,-0.130713,5.651913,114|115|116|117|118|119,0.5637
7353.183717,-0.409199,-21.039612,-0.002014,17.283706,-0.008514,0.005004,-5.649890,-0.132875,5.651452,114|115|116|117|118|119,0.5641
7353.200383,-0.409199,-21.039612,-0.002012,17.297152,-0.007665,0.005202,-5.663337,-0.133724,5.664915,114|115|116|117|118|119,0.5645
7353.250384,-0.396464,-21.067739,-0.002094,17.311578,-0.008147,0.005189,-5.662471,-0.126333,5.663880,114|115|116|117|118|119,0.5619
7353.267050,-0.402000,-21.080246,-0.002033,17.319069,-0.008194,0.005195,-5.663166,-0.129301,5.664642,114|115|116|117|118|119,0.5609
7353.283717,-0.403072,-21.095743,-0.002767,17.326519,-0.008163,0.005322,-5.662194,-0.129921,5.663685,114|115|116|117|118|119,0.5627
7353.300384,-0.402539,-21.109328,-0.001228,17.333185,-0.007334,0.005398,-5.661477,-0.130466,5.662980,114|115|116|117|118|119,0.5623
7353.333717,-0.399118,-21.108935,-0.000691,17.353093,-0.008695,0.005243,-5.681597,-0.127246,5.683022,114|115|116|117|118|119,0.5624
7353.350384,-0.399117,-21.108935,-0.000692,17.360530,-0.008576,0.005286,-5.689034,-0.127364,5.690460,114|115|116|117|118|119,0.5638
7353.383717,-0.413338,-21.113560,-0.000862,17.374234,-0.007594,0.005097,-5.700231,-0.136078,5.701855,114|115|116|117|118|119,0.5627
7353.400384,-0.404505,-21.148575,-0.001510,17.381042,-0.007162,0.005069,-5.688006,-0.131724,5.689531,114|115|116|117|118|119,0.5628
7353.417050,-0.404506,-21.148575,-0.001513,17.388101,-0.007635,0.005122,-5.695064,-0.131251,5.696576,114|115|116|117|118|119,0.5625
7353.433717,-0.398820,-21.155018,-0.001743,17.395198,-0.007613,0.005122,-5.698657,-0.128187,5.700099,114|115|116|117|118|119,0.5616
7353.450384,-0.400993,-21.172229,-0.002635,17.395198,-0.007613,0.005122,-5.689304,-0.129375,5.690775,114|115|116|117|118|119,0.5620
7353.467050,-0.400993,-21.172229,-0.002634,17.409501,-0.007475,0.004912,-5.703608,-0.129513,5.705078,114|115|116|117|118|119,0.5621
7353.483717,-0.400968,-21.182889,-0.002936,17.409501,-0.007475,0.004912,-5.697814,-0.129504,5.699286,114|115|116|117|118|119,0.5625
7353.500384,-0.399614,-21.201621,-0.000823,17.423609,-0.008200,0.004887,-5.701741,-0.128051,5.703178,114|115|116|117|118|119,0.5631
7353.533717,-0.411243,-21.216018,-0.001973,17.438229,-0.008652,0.004885,-5.708542,-0.133926,5.710113,114|115|116|117|118|119,0.5651
7353.550384,-0.411244,-21.216018,-0.001974,17.445263,-0.007955,0.004811,-5.715576,-0.134623,5.717161,114|115|116|117|118|119,0.5657
7353.567050,-0.417009,-21.228928,-0.002806,17.452110,-0.007465,0.004782,-5.715409,-0.138252,5.717081,114|115|116|117|118|119|120|121,0.5634
7353.583717,-0.408678,-21.248244,-0.002659,17.458886,-0.008000,0.004657,-5.711683,-0.133197,5.713236,114|115|116|117|118|119|120|121,0.5598
7353.600384,-0.401494,-21.256056,-0.002274,17.458886,-0.008000,0.004657,-5.707434,-0.129297,5.708898,116|117|118|119|120|121,0.5658
7353.617050,-0.401494,-21.256056,-0.002274,17.473548,-0.008566,0.004502,-5.722097,-0.128731,5.723545,116|117|118|119|120|121,0.5659
7353.650384,-0.410158,-21.262016,-0.002108,17.481050,-0.008590,0.004306,-5.726363,-0.133418,5.727917,116|117|118|119|120|121,0.5662
7353.700384,-0.418806,-21.288537,-0.002915,17.501481,-0.008824,0.004086,-5.732384,-0.137896,5.734043,116|117|118|119|120|121,0.5646
7353.717050,-0.417999,-21.308051,-0.002687,17.508584,-0.008843,0.003795,-5.728881,-0.137446,5.730530,116|117|118|119|120|121,0.5642
7353.733717,-0.424626,-21.325041,-0.002475,17.516039,-0.008070,0.003888,-5.727106,-0.141829,5.728862,116|117|118|119|120|121,0.5646
7353.800384,-0.424626,-21.325043,-0.002478,17.551580,-0.007480,0.003467,-5.762646,-0.142419,5.764405,116|117|118|119|120|121,0.5645
7353.817050,-0.402739,-21.353195,-0.002327,17.551580,-0.007480,0.003467,-5.747336,-0.130536,5.748819,116|117|118|119|120|121,0.5641
7353.850384,-0.411959,-21.362112,-0.002405,17.565990,-0.006571,0.003646,-5.756904,-0.136460,5.758521,116|117|118|119|120|121,0.5640
7353.867050,-0.395491,-21.399573,-0.003220,17.580038,-0.007425,0.003718,-5.750586,-0.126672,5.751981,116|117|118|119|120|121,0.5641
7353.900384,-0.395489,-21.399573,-0.003219,17.587497,-0.007654,0.003661,-5.758045,-0.126443,5.759433,116|117|118|119|120|121,0.5652
7353.917050,-0.411719,-21.428078,-0.002906,17.595123,-0.007692,0.003674,-5.750185,-0.135237,5.751775,116|117|118|119|120|121,0.5655
7353.933717,-0.411718,-21.428076,-0.002901,17.608879,-0.005878,0.003917,-5.763942,-0.137051,5.765572,116|117|118|119|120|121,0.5639
7353.967050,-0.412555,-21.444712,-0.002548,17.622931,-0.006128,0.003936,-5.768954,-0.137263,5.770587,116|117|118|119|120|121,0.5641
7353.983717,-0.383184,-21.453164,-0.003192,17.630240,-0.006371,0.003919,-5.771656,-0.121062,5.772926,116|117|118|119|120|121,0.5647
7354.000384,-0.387860,-21.468013,-0.003384,17.637593,-0.006060,0.003978,-5.770942,-0.123920,5.772272,116|117|118|119|120|121,0.5651
7354.017050,-0.387860,-21.468012,-0.003380,17.644679,-0.005341,0.004004,-5.778028,-0.124639,5.779372,116|117|118|119|120|121,0.5638
7354.033717,-0.386880,-21.490216,-0.002468,17.644679,-0.005341,0.004004,-5.765960,-0.124116,5.767296,116|117|118|119|120|121,0.5627
7354.050384,-0.377476,-21.496909,-0.002385,17.651134,-0.005707,0.004152,-5.768774,-0.118643,5.769994,116|117|118|119|120|121,0.5626
7354.067050,-0.377473,-21.496909,-0.002383,17.665391,-0.006872,0.004000,-5.783031,-0.117476,5.784224,116|117|118|119|120|121,0.5629
7354.083717,-0.383285,-21.501072,-0.002143,17.672910,-0.006824,0.004064,-5.788290,-0.120684,5.789548,116|117|118|119|120|121|122,0.5598
7354.100384,-0.399977,-21.522332,-0.003804,17.672910,-0.006824,0.004064,-5.776743,-0.129765,5.778200,116|117|118|119|120|121|122,0.5606
7354.117050,-0.399578,-21.538250,-0.004107,17.680005,-0.006258,0.004578,-5.775186,-0.130122,5.776652,117|118|119|120|121|122,0.5637
7354.133717,-0.390261,-21.544061,-0.003655,17.686780,-0.005907,0.004689,-5.778800,-0.125411,5.780160,117|118|119|120|121|122,0.5630
7354.150384,-0.390257,-21.544063,-0.003658,17.693369,-0.006556,0.005061,-5.785387,-0.124760,5.786732,117|118|119|120|121|122,0.5640
7354.167050,-0.397180,-21.552221,-0.001996,17.700433,-0.006842,0.005067,-5.788021,-0.128241,5.789441,117|118|119|120|121|122,0.5649
7354.183717,-0.397179,-21.552221,-0.001993,17.715544,-0.006352,0.005236,-5.803132,-0.128730,5.804560,117|118|119|120|121|122,0.5650
7354.200384,-0.401067,-21.563886,-0.001855,17.715544,-0.006352,0.005236,-5.796794,-0.130848,5.798270,117|118|119|120|121|122,0.5641
7354.217050,-0.397818,-21.579153,-0.001321,17.729192,-0.006016,0.005464,-5.802143,-0.129425,5.803586,117|118|119|120|121|122,0.5633
7354.233717,-0.390070,-21.604139,-0.001058,17.735994,-0.006908,0.005668,-5.795362,-0.124332,5.796695,117|118|119|120|121|122,0.5626
7354.250384,-0.390067,-21.604143,-0.001066,17.743527,-0.007130,0.005655,-5.802893,-0.124110,5.804220,117|118|119|120|121|122,0.5638
7354.267050,-0.391085,-21.600967,-0.000995,17.743527,-0.007130,0.005655,-5.804619,-0.124661,5.805958,117|118|119|120|121|122,0.5637
7354.283717,-0.405065,-21.606208,-0.000796,17.757496,-0.006453,0.005799,-5.815747,-0.132938,5.817266,117|118|119|120|121|122,0.5631
7354.300384,-0.408608,-21.622431,-0.000944,17.764322,-0.005968,0.005815,-5.813757,-0.135356,5.815332,117|118|119|120|121|122,0.5632
7354.333717,-0.406963,-21.633574,-0.000660,17.778557,-0.006565,0.005809,-5.821935,-0.133869,5.823474,117|118|119|120|121|122,0.5645
7354.350384,-0.393087,-21.644067,0.000366,17.786019,-0.006562,0.005774,-5.823688,-0.126336,5.825058,117|118|119|120|121|122,0.5650
7354.367050,-0.403088,-21.663188,-0.000147,17.793511,-0.006505,0.005765,-5.820793,-0.131837,5.822286,117|118|119|120|121|122,0.5635
7354.400384,-0.403091,-21.663184,-0.000143,17.806735,-0.006067,0.005680,-5.834020,-0.132276,5.835519,117|118|119|120|121|122,0.5627
7354.417050,-0.393909,-21.699598,-0.001385,17.813387,-0.006883,0.005692,-5.820876,-0.126486,5.822250,117|118|119|120|121|122,0.5617
7354.433717,-0.398068,-21.697232,-0.002416,17.820180,-0.007382,0.005384,-5.828957,-0.128246,5.830367,117|118|119|120|121|122,0.5629
7354.450384,-0.398068,-21.697234,-0.002420,17.820180,-0.007382,0.005384,-5.828956,-0.128247,5.830367,117|118|119|120|121|122,0.5634
7354.467050,-0.416841,-21.711161,-0.002054,17.834626,-0.006461,0.005466,-5.835841,-0.139376,5.837506,117|118|119|120|121|122,0.5630
7354.483717,-0.416842,-21.711158,-0.002048,17.841522,-0.005838,0.005392,-5.842740,-0.140000,5.844417,117|118|119|120|121|122,0.5632
7354.500384,-0.405110,-21.735534,-0.002380,17.848250,-0.005396,0.005039,-5.836215,-0.134077,5.837754,117|118|119|120|121|122,0.5636
7354.517050,-0.396850,-21.743119,-0.002325,17.848250,-0.005396,0.005039,-5.832088,-0.129591,5.833528,117|118|119|120|121|122,0.5638
7354.533717,-0.396849,-21.743121,-0.002326,17.862335,-0.006132,0.005092,-5.846172,-0.128855,5.847592,117|118|119|120|121|122,0.5623
7354.550384,-0.393067,-21.746884,-0.002361,17.869596,-0.006141,0.004918,-5.851386,-0.126791,5.852760,117|118|119|120|121|122,0.5626
7354.567050,-0.404637,-21.768911,-0.002692,17.869596,-0.006141,0.004918,-5.839420,-0.133089,5.840937,117|118|119|120|121|122,0.5641
7354.583717,-0.404218,-21.782892,-0.003685,17.876705,-0.005780,0.004916,-5.838931,-0.133228,5.840451,117|118|119|120|121|122|123|124,0.5565
7354.600384,-0.404142,-21.782950,-0.003767,17.890478,-0.006670,0.004868,-5.852673,-0.132298,5.854168,117|118|119|120|121|122|123|124,0.5649
7354.617050,-0.402611,-21.791248,-0.003740,17.890478,-0.006670,0.004868,-5.848162,-0.131469,5.849640,117|118|119|120|121|122|123|124,0.5659
7354.650384,-0.402116,-21.792191,-0.004458,17.912362,-0.006395,0.004787,-5.869533,-0.131475,5.871005,119|120|121|122|123|124,0.5671
7354.667050,-0.418876,-21.827026,-0.002492,17.912362,-0.006395,0.004787,-5.850608,-0.140599,5.852298,119|120|121|122|123|124,0.5650
7354.683717,-0.410312,-21.835700,-0.002288,17.926128,-0.006265,0.004500,-5.859656,-0.136078,5.861236,119|120|121|122|123|124,0.5652
7354.700384,-0.402742,-21.840778,-0.002255,17.926128,-0.006265,0.004500,-5.856893,-0.131966,5.858380,119|120|121|122|123|124,0.5643
7354.717050,-0.410568,-21.846118,-0.002153,17.940422,-0.007062,0.003481,-5.868288,-0.135425,5.869851,119|120|121|122|123|124,0.5643
7354.733717,-0.422751,-21.851863,-0.002040,17.940422,-0.007062,0.003481,-5.865172,-0.142049,5.866891,119|120|121|122|123|124,0.5647
7354.767050,-0.422754,-21.851859,-0.002047,17.962299,-0.006890,0.003087,-5.887051,-0.142223,5.888769,119|120|121|122|123|124,0.5632
7354.800384,-0.418002,-21.885747,-0.002833,17.969095,-0.007075,0.003114,-5.875427,-0.139470,5.877082,119|120|121|122|123|124,0.5626
7354.817050,-0.422805,-21.902256,-0.003593,17.976075,-0.007473,0.003122,-5.873437,-0.141689,5.875146,119|120|121|122|123|124,0.5631
7354.833717,-0.428566,-21.908434,-0.003600,17.983561,-0.006931,0.003049,-5.877568,-0.145366,5.879365,119|120|121|122|123|124,0.5635
7354.850384,-0.420604,-21.923892,-0.003770,17.997523,-0.004853,0.002897,-5.883125,-0.143123,5.884866,119|120|121|122|123|124,0.5633
7354.867050,-0.406418,-21.930256,-0.004343,17.997523,-0.004853,0.002897,-5.879660,-0.135416,5.881220,119|120|121|122|123|124,0.5639
7354.883717,-0.392329,-21.936991,-0.005136,18.011935,-0.005464,0.004318,-5.890407,-0.127151,5.891779,119|120|121|122|123|124,0.5646
7354.917050,-0.405892,-21.955301,-0.003936,18.019209,-0.005845,0.004266,-5.887735,-0.134149,5.889263,119|120|121|122|123|124,0.5649
7354.950384,-0.408397,-21.981789,-0.003275,18.040416,-0.004675,0.004487,-5.894547,-0.136691,5.896132,119|120|121|122|123|124,0.5628
7354.967050,-0.396504,-21.987407,-0.003068,18.040416,-0.004675,0.004487,-5.891489,-0.130231,5.892928,119|120|121|122|123|124,0.5638
7354.983717,-0.396504,-21.987408,-0.003067,18.054633,-0.005853,0.004348,-5.905705,-0.129053,5.907115,119|120|121|122|123|124,0.5640
7355.000384,-0.396147,-21.989235,-0.002693,18.062383,-0.005691,0.004385,-5.912462,-0.129021,5.913870,119|120|121|122|123|124,0.5632
7355.017050,-0.407040,-21.998419,-0.002800,18.069601,-0.005044,0.004525,-5.914694,-0.135592,5.916248,119|120|121|122|123|124,0.5639
7355.050384,-0.413057,-22.009868,-0.003189,18.076237,-0.003929,0.004582,-5.915111,-0.139984,5.916767,119|120|121|122|123|124,0.5635
7355.083717,-0.384961,-22.043087,-0.002774,18.090079,-0.003864,0.004630,-5.910886,-0.124792,5.912203,119|120|121|122|123|124,0.5633
7355.117050,-0.390487,-22.063392,-0.003465,18.104596,-0.004028,0.004564,-5.914370,-0.127641,5.915747,119|120|121|122|123|124|125,0.5643
7355.150384,-0.377322,-22.085370,-0.003496,18.125390,-0.003993,0.004683,-5.923214,-0.120531,5.924440,120|121|122|123|124|125,0.5650
7355.167050,-0.379850,-22.086272,-0.003809,18.125390,-0.003993,0.004683,-5.922724,-0.121905,5.923979,120|121|122|123|124|125,0.5660
7355.183717,-0.391190,-22.096707,-0.002660,18.140043,-0.004610,0.004714,-5.931711,-0.127455,5.933080,120|121|122|123|124|125,0.5651
7355.200384,-0.401162,-22.105745,-0.002488,18.147347,-0.004130,0.005192,-5.934108,-0.133360,5.935606,120|121|122|123|124|125,0.5640
7355.217050,-0.401162,-22.105744,-0.002489,18.154247,-0.003546,0.005282,-5.941008,-0.133943,5.942518,120|121|122|123|124|125,0.5629
7355.233717,-0.392920,-22.130320,-0.003043,18.160823,-0.003975,0.005703,-5.934224,-0.129046,5.935627,120|121|122|123|124|125,0.5646
7355.267050,-0.392921,-22.130320,-0.003042,18.175221,-0.004333,0.005803,-5.948622,-0.128688,5.950014,120|121|122|123|124|125,0.5634
7355.283717,-0.404416,-22.145533,-0.002508,18.182662,-0.004104,0.005833,-5.947800,-0.135171,5.949336,120|121|122|123|124|125,0.5634
7355.300384,-0.404416,-22.145533,-0.002509,18.182662,-0.004104,0.005833,-5.947800,-0.135171,5.949336,120|121|122|123|124|125,0.5634
7355.333717,-0.392282,-22.190522,-0.001549,18.196632,-0.003643,0.006001,-5.937315,-0.129057,5.938717,120|121|122|123|124|125,0.5635
7355.350384,-0.392282,-22.190522,-0.001548,18.210649,-0.004830,0.006159,-5.951331,-0.127871,5.952705,120|121|122|123|124|125,0.5646
7355.383717,-0.409434,-22.206400,-0.001440,18.224959,-0.004207,0.006191,-5.957019,-0.137822,5.958614,120|121|122|123|124|125,0.5640
7355.400384,-0.409217,-22.219665,-0.001701,18.231807,-0.003702,0.006262,-5.956659,-0.138215,5.958262,120|121|122|123|124|125,0.5640
7355.417050,-0.409217,-22.219665,-0.001699,18.238743,-0.003623,0.006301,-5.963594,-0.138294,5.965197,120|121|122|123|124|125,0.5637
7355.433717,-0.394717,-22.230179,-0.001441,18.245931,-0.004099,0.006287,-5.965061,-0.129942,5.966476,120|121|122|123|124|125,0.5646
7355.450384,-0.394434,-22.237903,-0.001702,18.253323,-0.004216,0.006238,-5.968256,-0.129675,5.969665,120|121|122|123|124|125,0.5642
7355.483717,-0.403792,-22.263217,-0.000879,18.260833,-0.004123,0.006223,-5.962012,-0.134865,5.963537,120|121|122|123|124|125,0.5625
7355.500384,-0.403791,-22.263216,-0.000879,18.267969,-0.003566,0.006489,-5.969149,-0.135422,5.970685,120|121|122|123|124|125,0.5623
7355.517050,-0.394369,-22.286827,-0.000234,18.274073,-0.003406,0.006506,-5.962417,-0.130471,5.963844,120|121|122|123|124|125,0.5627
7355.533717,-0.394368,-22.286829,-0.000234,18.287553,-0.005085,0.006671,-5.975895,-0.128792,5.977283,120|121|122|123|124|125,0.5642
7355.550384,-0.406267,-22.285375,0.000634,18.287553,-0.005085,0.006671,-5.976691,-0.135258,5.978221,120|121|122|123|124|125,0.5648
7355.567050,-0.418909,-22.294212,0.000470,18.302348,-0.004150,0.007005,-5.986689,-0.143067,5.988398,120|121|122|123|124|125,0.5637
7355.583717,-0.415793,-22.313769,0.000531,18.309420,-0.003435,0.006973,-5.983131,-0.142098,5.984818,120|121|122|123|124|125,0.5643
7355.600384,-0.415794,-22.313770,0.000536,18.309420,-0.003435,0.006973,-5.983131,-0.142098,5.984818,120|121|122|123|124|125,0.5652
7355.617050,-0.405602,-22.321786,0.000406,18.316333,-0.002889,0.006679,-5.985683,-0.137108,5.987253,120|121|122|123|124|125,0.5641
7355.633717,-0.390614,-22.338100,0.000038,18.322656,-0.003839,0.006884,-5.983133,-0.128020,5.984502,120|121|122|123|124|125|126|127,0.5631
7355.650384,-0.390615,-22.338102,0.000043,18.337618,-0.003731,0.006953,-5.998093,-0.128128,5.999462,120|121|122|123|124|125|126|127,0.5628
7355.667050,-0.403785,-22.354928,0.000637,18.337618,-0.003731,0.006953,-5.988954,-0.135293,5.990482,120|122|123|124|125|126|127,0.5571
7355.733717,-0.404469,-22.355931,-0.000449,18.372860,-0.004505,0.007116,-6.023652,-0.134891,6.025162,122|123|124|125|126|127,0.5641
7355.750384,-0.423776,-22.389586,0.000315,18.372860,-0.004505,0.007116,-6.005370,-0.145399,6.007130,122|123|124|125|126|127,0.5651
7355.767050,-0.419261,-22.410744,-0.000327,18.387187,-0.003193,0.007204,-6.008196,-0.144266,6.009928,122|123|124|125|126|127,0.5644
7355.783717,-0.411449,-22.420608,-0.000407,18.393744,-0.003403,0.007115,-6.009389,-0.139815,6.011015,122|123|124|125|126|127,0.5643
7355.800384,-0.402038,-22.430075,0.000155,18.393744,-0.003403,0.007115,-6.004240,-0.134705,6.005750,122|123|124|125|126|127,0.5635
7355.850384,-0.420508,-22.455871,-0.000544,18.415652,-0.004326,0.006654,-6.012136,-0.143831,6.013856,122|123|124|125|126|127,0.5650
7355.867050,-0.420589,-22.472315,-0.000376,18.422949,-0.003889,0.006692,-6.010495,-0.144320,6.012228,122|123|124|125|126|127,0.5636
7355.883717,-0.420589,-22.472315,-0.000374,18.436379,-0.004195,0.006569,-6.023926,-0.144013,6.025648,122|123|124|125|126|127,0.5630
7355.933717,-0.414933,-22.482095,-0.000732,18.457755,-0.003295,0.006531,-6.039984,-0.141844,6.041650,122|123|124|125|126|127,0.5646
7355.950384,-0.427967,-22.493472,-0.001696,18.464551,-0.002418,0.006476,-6.040603,-0.149810,6.042460,122|123|124|125|126|127,0.5643
7355.967050,-0.409933,-22.512854,-0.001263,18.464551,-0.002418,0.006476,-6.030061,-0.140017,6.031686,122|123|124|125|126|127,0.5646
7355.983717,-0.398189,-22.517910,-0.001894,18.478943,-0.002683,0.006500,-6.041700,-0.133371,6.043172,122|123|124|125|126|127,0.5652
7356.000384,-0.398189,-22.517909,-0.001894,18.486223,-0.003189,0.006441,-6.048980,-0.132866,6.050439,122|123|124|125|126|127,0.5651
7356.017050,-0.395827,-22.528302,-0.001136,18.493700,-0.003011,0.006623,-6.050808,-0.131764,6.052243,122|123|124|125|126|127,0.5651
7356.033717,-0.411580,-22.550757,-0.001823,18.493700,-0.003011,0.006623,-6.038611,-0.140336,6.040241,122|123|124|125|126|127,0.5645
7356.050384,-0.411582,-22.550756,-0.001824,18.500669,-0.002232,0.006695,-6.045581,-0.141115,6.047228,122|123|124|125|126|127,0.5641
7356.067050,-0.398164,-22.571358,-0.001774,18.507523,-0.001930,0.006730,-6.041232,-0.134135,6.042721,122|123|124|125|126|127,0.5642
7356.083717,-0.394304,-22.574778,-0.001263,18.514556,-0.002607,0.006952,-6.046405,-0.131361,6.047831,122|123|124|125|126|127,0.5632
7356.100384,-0.405321,-22.582709,-0.001074,18.521716,-0.003242,0.006640,-6.049260,-0.136717,6.050804,122|123|124|125|126|127,0.5637
7356.117050,-0.413497,-22.593697,-0.001516,18.536712,-0.002465,0.006738,-6.058287,-0.141942,6.059950,122|123|124|125|126|127,0.5644
7356.150384,-0.413261,-22.593831,-0.001532,18.549904,-0.000892,0.006968,-6.071407,-0.143387,6.073100,123|124|125|126|127,0.5651
7356.183717,-0.383526,-22.626395,-0.000605,18.564279,-0.001353,0.006920,-6.068071,-0.126780,6.069395,122|123|124|125|126|127,0.5577
7356.200384,-0.386440,-22.637177,-0.001127,18.564279,-0.001353,0.006920,-6.062212,-0.128369,6.063571,123|124|125|126|127,0.5643
7356.217050,-0.386440,-22.637177,-0.001127,18.578794,-0.000625,0.006890,-6.076726,-0.129097,6.078098,123|124|125|126|127,0.5647
7356.233717,-0.391242,-22.658683,-0.001403,18.585491,-0.000280,0.007021,-6.071738,-0.132061,6.073174,123|124|125|126|127,0.5646
7356.250384,-0.381579,-22.667075,-0.001243,18.592429,-0.000897,0.007069,-6.074110,-0.126196,6.075421,123|124|125|126|127,0.5655
7356.283717,-0.388281,-22.680146,-0.000515,18.599536,-0.001644,0.007156,-6.074117,-0.129097,6.075489,123|124|125|126|127,0.5660
7356.300384,-0.388281,-22.680146,-0.000514,18.614328,-0.001275,0.007738,-6.088909,-0.129466,6.090285,123|124|125|126|127,0.5653
7356.317050,-0.401267,-22.706339,-0.000083,18.614328,-0.001275,0.007738,-6.074680,-0.136535,6.076214,123|124|125|126|127,0.5648
7356.333717,-0.401267,-22.706339,-0.000080,18.627841,-0.000769,0.008232,-6.088192,-0.137041,6.089734,123|124|125|126|127,0.5657
7356.350384,-0.385329,-22.722197,0.000735,18.627841,-0.000769,0.008232,-6.079567,-0.128386,6.080923,123|124|125|126|127,0.5659
7356.383717,-0.400292,-22.733106,0.002518,18.649866,-0.001302,0.008299,-6.095670,-0.135990,6.097186,123|124|125|126|127,0.5646
7356.400384,-0.400902,-22.748714,0.002429,18.649866,-0.001302,0.008299,-6.087188,-0.136328,6.088714,123|124|125|126|127,0.5656
7356.433717,-0.393860,-22.775702,0.001826,18.664005,-0.000540,0.008477,-6.086656,-0.133275,6.088115,123|124|125|126|127,0.5639
7356.450384,-0.393860,-22.775703,0.001825,18.670365,-0.000841,0.008563,-6.093016,-0.132974,6.094467,123|124|125|126|127,0.5633
7356.467050,-0.390054,-22.777407,0.001815,18.685287,-0.001698,0.008581,-6.107009,-0.130049,6.108394,123|124|125|126|127,0.5638
7356.483717,-0.407592,-22.789919,0.001379,18.685287,-0.001698,0.008581,-6.100217,-0.139586,6.101813,123|124|125|126|127,0.5633
7356.500384,-0.407591,-22.789918,0.001383,18.698886,-0.000690,0.008772,-6.113817,-0.140593,6.115433,123|124|125|126|127,0.5646
7356.517050,-0.401500,-22.807774,0.001529,18.705748,-0.000328,0.008775,-6.110971,-0.137653,6.112522,123|124|125|126|127,0.5647
7356.533717,-0.401501,-22.807775,0.001528,18.705748,-0.000328,0.008775,-6.110971,-0.137653,6.112521,123|124|125|126|127,0.5644
7356.550384,-0.392462,-22.821228,0.000861,18.720086,-0.001043,0.008603,-6.117994,-0.132032,6.119418,123|124|125|126|127,0.5636
7356.567050,-0.392462,-22.821228,0.000861,18.727546,-0.000968,0.008585,-6.125453,-0.132107,6.126878,123|124|125|126|127,0.5636
7356.583717,-0.403289,-22.845663,0.001473,18.727546,-0.000968,0.008585,-6.112178,-0.138002,6.113736,123|124|125|126|127,0.5641
7356.617050,-0.403288,-22.845662,0.001477,18.747476,-0.000711,0.009229,-6.132109,-0.138258,6.133668,123|124|125|126|127,0.5634
7356.633717,-0.390703,-22.867306,0.001522,18.747476,-0.000711,0.009229,-6.120341,-0.131428,6.121752,123|124|125|126|127,0.5626
7356.650384,-0.390704,-22.867307,0.001517,18.754400,-0.001721,0.009179,-6.127264,-0.130419,6.128651,123|124|125|126|127,0.5627
7356.667050,-0.401695,-22.870594,0.001837,18.761888,-0.001467,0.009182,-6.132971,-0.136647,6.134493,123|124|125|126|127,0.5629
7356.683717,-0.416885,-22.878233,0.001695,18.775761,-0.000366,0.009258,-6.142699,-0.146008,6.144434,123|124|125|126|127,0.5613
7356.733717,-0.414427,-22.897231,0.001408,18.796301,-0.000384,0.009171,-6.152913,-0.144662,6.154613,125|126|127,0.5638
7356.750384,-0.398859,-22.925492,0.000785,18.796301,-0.000384,0.009171,-6.137547,-0.136214,6.139058,125|126|127,0.5624
7356.783717,-0.398859,-22.925492,0.000786,18.817734,0.000345,0.009223,-6.158979,-0.136942,6.160502,125|126|127,0.5645
7356.800384,-0.400942,-22.960936,0.001684,18.817734,0.000345,0.009223,-6.139717,-0.138090,6.141270,125|126|127,0.5645
7356.817050,-0.400943,-22.960937,0.001682,18.824379,-0.000459,0.009250,-6.146362,-0.137287,6.147895,125|126|127,0.5633
7356.833717,-0.409779,-22.965557,0.001245,18.831125,-0.001479,0.009014,-6.150601,-0.141071,6.152219,125|126|127,0.5638
7356.850384,-0.424351,-22.969680,-0.001644,18.838602,-0.001378,0.007844,-6.155843,-0.149093,6.157649,125|126|127,0.5644
7356.867050,-0.424350,-22.969679,-0.001639,18.852868,-0.000210,0.007885,-6.170110,-0.150261,6.171939,125|126|127,0.5646
7356.883717,-0.412980,-23.002754,-0.000665,18.859620,-0.000019,0.007538,-6.158882,-0.144286,6.160572,125|126|127,0.5650
7356.900384,-0.404333,-23.012173,0.000588,18.866760,-0.000826,0.007627,-6.160899,-0.138785,6.162461,125|126|127,0.5648
7356.917050,-0.403581,-23.013615,0.000146,18.866760,-0.000826,0.007627,-6.160115,-0.138377,6.161669,125|126|127,0.5646
7356.933717,-0.403581,-23.013615,0.000150,18.881470,-0.001202,0.007051,-6.174825,-0.138000,6.176367,125|126|127,0.5643
7356.950384,-0.421395,-23.036975,-0.000290,18.881470,-0.001202,0.007051,-6.162137,-0.147692,6.163907,125|126|127,0.5648
7356.967050,-0.421208,-23.053972,0.000112,18.888853,-0.000797,0.006985,-6.160282,-0.148003,6.162059,125|126|127,0.5645
7356.983717,-0.415786,-23.065995,0.000530,18.895457,-0.000441,0.006933,-6.160349,-0.145417,6.162065,125|126|127,0.5639
7357.000384,-0.411642,-23.063146,0.000687,18.902311,-0.000698,0.007387,-6.168750,-0.142907,6.170405,125|126|127,0.5645
7357.017050,-0.417338,-23.068182,0.001616,18.909564,-0.001294,0.007393,-6.173268,-0.145409,6.174981,125|126|127,0.5642
7357.033717,-0.426474,-23.076941,0.001696,18.916775,-0.001242,0.007018,-6.175724,-0.150430,6.177555,125|126|127,0.5634
7357.050384,-0.426474,-23.076941,0.001695,18.923785,-0.000228,0.007006,-6.182733,-0.151444,6.184588,125|126|127,0.5636
7357.067050,-0.425299,-23.089934,0.000304,18.930648,0.000763,0.006951,-6.182534,-0.151802,6.184398,125|126|127,0.5650
7357.083717,-0.412091,-23.096368,-0.000250,18.937601,0.001145,0.006857,-6.185985,-0.145009,6.187684,125|126|127,0.5635
7357.100384,-0.394381,-23.110116,0.000589,18.944856,0.000586,0.006831,-6.185760,-0.134831,6.187229,125|126|127,0.5635
7357.133717,-0.411880,-23.130847,-0.000188,18.966592,0.000910,0.006685,-6.196238,-0.144675,6.197926,125|126|127,0.5643
7357.167050,-0.411879,-23.130848,-0.000186,18.973542,0.001368,0.006673,-6.203187,-0.145131,6.204884,125|126|127,0.5647
7357.183717,-0.400743,-23.153828,-0.001461,18.987585,0.000183,0.006742,-6.204736,-0.137904,6.206268,125|126|127,0.5638
7357.200384,-0.402469,-23.165031,-0.002047,18.987585,0.000183,0.006742,-6.198648,-0.138847,6.200203,125|126|127,0.5629
7357.217050,-0.413913,-23.173527,-0.002154,18.995068,0.000162,0.006667,-6.201518,-0.145050,6.203214,125|126|127,0.5504
7357.233717,-0.413862,-23.191691,-0.001015,19.002431,0.000596,0.006873,-6.199010,-0.145464,6.200716,126|127,0.5643
7357.250384,-0.407392,-23.203869,-0.001207,19.009033,0.001725,0.006926,-6.198990,-0.143082,6.200641,126|127,0.5648
7357.267050,-0.407394,-23.203870,-0.001210,19.015683,0.002373,0.006911,-6.205640,-0.143731,6.207304,126|127,0.5650
7357.317050,-0.401300,-23.217385,-0.002081,19.036584,0.001375,0.006443,-6.219193,-0.139428,6.220755,126|127,0.5642
7357.333717,-0.401301,-23.217386,-0.002083,19.044475,0.002354,0.006396,-6.227083,-0.140407,6.228666,126|127,0.5646
7357.350384,-0.385805,-23.249093,-0.002241,19.051462,0.002856,0.006584,-6.216832,-0.132501,6.218244,126|127,0.5651
7357.367050,-0.380034,-23.254037,-0.003323,19.065527,0.001809,0.006844,-6.228207,-0.128320,6.229528,126|127,0.5651
7357.383717,-0.387576,-23.262875,-0.003658,19.072755,0.001298,0.006806,-6.230635,-0.131912,6.232031,126|127,0.5651
7357.417050,-0.387572,-23.262873,-0.003650,19.087037,0.002469,0.007391,-6.244919,-0.133081,6.246337,126|127,0.5635
7357.433717,-0.404227,-23.287139,-0.002336,19.093627,0.002539,0.007535,-6.238328,-0.142213,6.239949,126|127,0.5651
7357.450384,-0.387203,-23.306067,-0.000682,19.100578,0.001877,0.007538,-6.234984,-0.132307,6.236388,126|127,0.5652
7357.467050,-0.387924,-23.306800,-0.001171,19.100578,0.001877,0.007538,-6.234586,-0.132699,6.235998,126|127,0.5654
7357.483717,-0.398548,-23.317436,-0.001680,19.113079,0.001589,0.008475,-6.241311,-0.138189,6.242841,126|127,0.5656
7357.500384,-0.405130,-23.327054,-0.000857,19.117317,0.001616,0.009347,-6.240325,-0.141798,6.241936,126|127,0.5646
7357.517050,-0.404642,-23.351486,-0.000298,19.117317,0.001616,0.009347,-6.227047,-0.141543,6.228655,126|127,0.5686
7357.533717,-0.404611,-23.364971,0.000623,19.120372,0.001573,0.010200,-6.222773,-0.141490,6.224381,126|127,0.5704
7357.550384,-0.404611,-23.364971,0.000623,19.122287,0.001489,0.010982,-6.224688,-0.141406,6.226294,126|127,0.5702
7357.583717,-0.403833,-23.356568,0.003586,19.122489,0.001385,0.011719,-6.229456,-0.140875,6.231049,126|127,0.5655
7357.600384,-0.403833,-23.356568,0.003587,19.122500,0.001384,0.011719,-6.229467,-0.140874,6.231060,126|127,0.5630
7357.617050,-0.403876,-23.347869,0.003144,19.122500,0.001384,0.011719,-6.234195,-0.140894,6.235787,126|127,0.5623
7357.650384,-0.403949,-23.348190,0.003099,19.122518,0.001383,0.011719,-6.234038,-0.140932,6.235631,126|127,0.5611
7357.683717,-0.404040,-23.348237,0.002768,19.122521,0.001383,0.011717,-6.234016,-0.140981,6.235610,126|127,0.5609
7357.700384,-0.404040,-23.348238,0.002767,19.122521,0.001383,0.011717,-6.234016,-0.140981,6.235610,126|127,0.5600
7357.733717,-0.404298,-23.348857,0.002450,19.122520,0.001384,0.011718,-6.233678,-0.141123,6.235275,126|127,0.5597
7357.750384,-0.404487,-23.348651,0.002080,19.122520,0.001384,0.011718,-6.233790,-0.141226,6.235389,126|127,0.5599
7357.767050,-0.404324,-23.348618,0.002272,19.122520,0.001384,0.011718,-6.233807,-0.141137,6.235405,126|127,0.5604
7357.783717,-0.404332,-23.348777,0.002241,19.122520,0.001384,0.011718,-6.233721,-0.141141,6.235319,126|127,0.5597
7357.800384,-0.404332,-23.348777,0.002241,19.122520,0.001384,0.011718,-6.233721,-0.141141,6.235319,126|127,0.5599
7357.817050,-0.404174,-23.348633,0.002598,19.122523,0.001384,0.011717,-6.233803,-0.141055,6.235399,126|127,0.5606
7357.833717,-0.404264,-23.348864,0.002455,19.122520,0.001384,0.011717,-6.233674,-0.141105,6.235271,126|127,0.5600
7357.850384,-0.404108,-23.348989,0.002789,19.122518,0.001384,0.011717,-6.233604,-0.141020,6.235199,126|127,0.5594
7357.883717,-0.404108,-23.348989,0.002789,19.122523,0.001384,0.011717,-6.233610,-0.141020,6.235204,126|127,0.5591
7357.900384,-0.404066,-23.349128,0.002898,19.122523,0.001384,0.011717,-6.233534,-0.140997,6.235129,126|127,0.5590
7357.917050,-0.404131,-23.349001,0.002698,19.122518,0.001384,0.011718,-6.233598,-0.141032,6.235193,126|127,0.5592
7357.933717,-0.404131,-23.349001,0.002698,19.122521,0.001384,0.011717,-6.233601,-0.141032,6.235197,126|127,0.5591
7357.950384,-0.404232,-23.348786,0.002372,19.122521,0.001384,0.011717,-6.233718,-0.141087,6.235315,126|127,0.5590
7357.967050,-0.404254,-23.348799,0.002388,19.122521,0.001384,0.011717,-6.233711,-0.141099,6.235308,126|127,0.5597
7357.983717,-0.404350,-23.349062,0.002164,19.122521,0.001384,0.011717,-6.233568,-0.141151,6.235166,126|127,0.5590
7358.000384,-0.404235,-23.349112,0.002452,19.122521,0.001384,0.011718,-6.233541,-0.141088,6.235138,126|127,0.5587
7358.017050,-0.404189,-23.349005,0.002658,19.122521,0.001384,0.011717,-6.233599,-0.141064,6.235195,126|127,0.5587
7358.033717,-0.404220,-23.349017,0.002506,19.122523,0.001384,0.011718,-6.233595,-0.141081,6.235191,126|127,0.5586
7358.050384,-0.404182,-23.349060,0.002551,19.122523,0.001384,0.011718,-6.233571,-0.141060,6.235167,126|127,0.5587
7358.067050,-0.404094,-23.348826,0.002698,19.122521,0.001384,0.011718,-6.233697,-0.141012,6.235291,126|127,0.5594
7358.083717,-0.404334,-23.348877,0.002206,19.122521,0.001384,0.011718,-6.233669,-0.141143,6.235266,126|127,0.5592
7358.100384,-0.404208,-23.349022,0.002506,19.122523,0.001384,0.011718,-6.233592,-0.141075,6.235188,126|127,0.5589
7358.117050,-0.404259,-23.349065,0.002364,19.122523,0.001384,0.011718,-6.233569,-0.141102,6.235165,126|127,0.5591
7358.133717,-0.404259,-23.349065,0.002364,19.122525,0.001384,0.011718,-6.233571,-0.141102,6.235167,126|127,0.5588
7358.150384,-0.404314,-23.349084,0.002239,19.122523,0.001384,0.011718,-6.233558,-0.141132,6.235156,126|127,0.5587
7358.167050,-0.404038,-23.349127,0.002848,19.122521,0.001384,0.011718,-6.233533,-0.140982,6.235127,126|127,0.5587
7358.183717,-0.404038,-23.349127,0.002848,19.122525,0.001384,0.011717,-6.233537,-0.140982,6.235131,126|127,0.5587
7358.200384,-0.404143,-23.348781,0.002503,19.122525,0.001384,0.011717,-6.233725,-0.141039,6.235320,126|127,0.5592
7358.217050,-0.404143,-23.348781,0.002503,19.122525,0.001384,0.011717,-6.233724,-0.141039,6.235320,126|127,0.5593
7358.250384,-0.404178,-23.348742,0.002428,19.122525,0.001384,0.011718,-6.233746,-0.141058,6.235341,126|127,0.5585
7358.267050,-0.404443,-23.349044,0.001990,19.122523,0.001384,0.011718,-6.233580,-0.141202,6.235179,126|127,0.5584
7358.283717,-0.404524,-23.348817,0.001896,19.122523,0.001384,0.011718,-6.233704,-0.141246,6.235304,126|127,0.5587
7358.300384,-0.404524,-23.348816,0.001897,19.122520,0.001384,0.011718,-6.233700,-0.141246,6.235300,126|127,0.5593
7358.317050,-0.404279,-23.348715,0.002234,19.122521,0.001384,0.011718,-6.233757,-0.141113,6.235354,126|127,0.5589
7358.333717,-0.404279,-23.348715,0.002234,19.122523,0.001384,0.011718,-6.233759,-0.141113,6.235356,126|127,0.5592
7358.350384,-0.404177,-23.348504,0.002465,19.122523,0.001384,0.011718,-6.233874,-0.141057,6.235469,126|127,0.5598
7358.367050,-0.404265,-23.348627,0.002300,19.122520,0.001384,0.011718,-6.233803,-0.141105,6.235400,126|127,0.5595
7358.383717,-0.404168,-23.348678,0.002524,19.122523,0.001384,0.011718,-6.233778,-0.141052,6.235374,126|127,0.5590
7358.400384,-0.404092,-23.348699,0.002673,19.122523,0.001384,0.011718,-6.233767,-0.141011,6.235362,126|127,0.5588
7358.417050,-0.404191,-23.348741,0.002529,19.122520,0.001384,0.011718,-6.233741,-0.141065,6.235337,126|127,0.5586
7358.433717,-0.404096,-23.348788,0.002670,19.122525,0.001384,0.011718,-6.233721,-0.141013,6.235316,126|127,0.5587
7358.450384,-0.404079,-23.348766,0.002689,19.122523,0.001384,0.011718,-6.233731,-0.141004,6.235325,126|127,0.5589
7358.467050,-0.404152,-23.348673,0.002443,19.122520,0.001384,0.011718,-6.233777,-0.141043,6.235373,126|127,0.5591
7358.483717,-0.404223,-23.348627,0.002298,19.122520,0.001384,0.011718,-6.233803,-0.141082,6.235399,126|127,0.5591
7358.500384,-0.404223,-23.348627,0.002298,19.122521,0.001384,0.011718,-6.233805,-0.141082,6.235401,126|127,0.5598
7358.517050,-0.404269,-23.348832,0.002262,19.122521,0.001384,0.011718,-6.233693,-0.141107,6.235290,126|127,0.5594
7358.533717,-0.404269,-23.348832,0.002262,19.122521,0.001384,0.011718,-6.233693,-0.141107,6.235290,126|127,0.5591
7358.550384,-0.404094,-23.348742,0.002781,19.122521,0.001384,0.011717,-6.233742,-0.141012,6.235337,126|127,0.5592
7358.567050,-0.404070,-23.348785,0.002714,19.122521,0.001384,0.011717,-6.233719,-0.140999,6.235313,126|127,0.5590
7358.583717,-0.404034,-23.348793,0.002743,19.122521,0.001384,0.011718,-6.233714,-0.140979,6.235308,126|127,0.5591
7358.600384,-0.403920,-23.348661,0.002970,19.122521,0.001384,0.011718,-6.233786,-0.140917,6.235378,126|127,0.5596
7358.633717,-0.404008,-23.348839,0.002850,19.122521,0.001384,0.011718,-6.233689,-0.140965,6.235283,126|127,0.5591
7358.650384,-0.404041,-23.348906,0.002801,19.122521,0.001384,0.011718,-6.233653,-0.140983,6.235247,126|127,0.5592
7358.667050,-0.404041,-23.348906,0.002800,19.122521,0.001384,0.011718,-6.233653,-0.140983,6.235247,126|127,0.5589
7358.683717,-0.403998,-23.348978,0.002943,19.122521,0.001384,0.011718,-6.233614,-0.140960,6.235207,126|127,0.5588
7358.717050,-0.404123,-23.348947,0.002730,19.122521,0.001384,0.011718,-6.233631,-0.141028,6.235226,126|127,0.5587
7358.733717,-0.404123,-23.348947,0.002730,19.122521,0.001384,0.011717,-6.233631,-0.141028,6.235226,126|127,0.5590
7358.767050,-0.404200,-23.348936,0.002537,19.122521,0.001384,0.011717,-6.233637,-0.141070,6.235233,126|127,0.5586
7358.783717,-0.404164,-23.348998,0.002635,19.122521,0.001384,0.011717,-6.233603,-0.141050,6.235199,126|127,0.5585
7358.800384,-0.404164,-23.348998,0.002635,19.122521,0.001384,0.011717,-6.233603,-0.141050,6.235199,126|127,0.5584
7358.817050,-0.404339,-23.348940,0.002315,19.122521,0.001384,0.011718,-6.233635,-0.141145,6.235232,126|127,0.5587
7358.833717,-0.404150,-23.348728,0.002651,19.122521,0.001384,0.011718,-6.233750,-0.141042,6.235345,126|127,0.5592
7358.850384,-0.404150,-23.348795,0.002610,19.122521,0.001384,0.011718,-6.233713,-0.141042,6.235308,126|127,0.5591
7358.867050,-0.404079,-23.348688,0.002774,19.122521,0.001384,0.011717,-6.233771,-0.141004,6.235366,126|127,0.5593
7358.883717,-0.404065,-23.348635,0.002806,19.122521,0.001384,0.011717,-6.233800,-0.140996,6.235395,126|127,0.5597
7358.900384,-0.404141,-23.348703,0.002664,19.122521,0.001384,0.011717,-6.233763,-0.141037,6.235358,126|127,0.5596
7358.917050,-0.404141,-23.348703,0.002664,19.122521,0.001384,0.011718,-6.233763,-0.141037,6.235359,126|127,0.5593
7358.933717,-0.404058,-23.348676,0.002845,19.122521,0.001384,0.011718,-6.233778,-0.140992,6.235372,126|127,0.5592
7358.950384,-0.404083,-23.348744,0.002798,19.122521,0.001384,0.011718,-6.233741,-0.141006,6.235335,126|127,0.5590
7358.967050,-0.404083,-23.348744,0.002799,19.122521,0.001384,0.011718,-6.233741,-0.141006,6.235335,126|127,0.5591
7358.983717,-0.404004,-23.348706,0.002918,19.122521,0.001384,0.011718,-6.233761,-0.140963,6.235355,126|127,0.5593
7359.000384,-0.404034,-23.348600,0.002815,19.122521,0.001384,0.011718,-6.233819,-0.140979,6.235413,126|127,0.5594
7359.017050,-0.404034,-23.348600,0.002815,19.122521,0.001384,0.011718,-6.233819,-0.140979,6.235413,126|127,0.5594
7359.033717,-0.404037,-23.348580,0.002795,19.122521,0.001384,0.011717,-6.233830,-0.140981,6.235424,126|127,0.5597
7359.050384,-0.404080,-23.348563,0.002733,19.122521,0.001384,0.011718,-6.233839,-0.141004,6.235434,126|127,0.5594
7359.067050,-0.404048,-23.348728,0.002851,19.122521,0.001384,0.011717,-6.233750,-0.140987,6.235344,126|127,0.5592
7359.083717,-0.404048,-23.348728,0.002850,19.122521,0.001384,0.011717,-6.233750,-0.140987,6.235344,126|127,0.5593
7359.100384,-0.404028,-23.348660,0.002918,19.122521,0.001383,0.011717,-6.233787,-0.140976,6.235380,126|127,0.5592
7359.117050,-0.404002,-23.348647,0.002935,19.122521,0.001384,0.011718,-6.233794,-0.140962,6.235387,126|127,0.5593
7359.133717,-0.404002,-23.348647,0.002936,19.122521,0.001384,0.011717,-6.233794,-0.140962,6.235387,126|127,0.5596
7359.150384,-0.404082,-23.348579,0.002715,19.122521,0.001384,0.011717,-6.233830,-0.141005,6.235425,126|127,0.5595
7359.167050,-0.404082,-23.348579,0.002716,19.122521,0.001384,0.011718,-6.233830,-0.141005,6.235425,126|127,0.5593
7359.183717,-0.403974,-23.348751,0.002978,19.122521,0.001384,0.011718,-6.233737,-0.140946,6.235330,126|127,0.5593
7359.200384,-0.403974,-23.348751,0.002978,19.122521,0.001384,0.011718,-6.233737,-0.140946,6.235330,126|127,0.5593
7359.217050,-0.403924,-23.348749,0.003097,19.122521,0.001384,0.011718,-6.233738,-0.140919,6.235331,126|127,0.5592
7359.233717,-0.403874,-23.348804,0.003204,19.122521,0.001383,0.011718,-6.233708,-0.140892,6.235300,126|127,0.5591
7359.250384,-0.403961,-23.348743,0.003024,19.122521,0.001383,0.011718,-6.233741,-0.140939,6.235334,126|127,0.5593
7359.267050,-0.403961,-23.348743,0.003025,19.122521,0.001384,0.011718,-6.233741,-0.140939,6.235334,126|127,0.5595
7359.283717,-0.403934,-23.348593,0.003068,19.122521,0.001384,0.011718,-6.233823,-0.140925,6.235416,126|127,0.5595
7359.300384,-0.403997,-23.348719,0.002960,19.122521,0.001384,0.011718,-6.233755,-0.140959,6.235348,126|127,0.5592
7359.317050,-0.403997,-23.348719,0.002960,19.122521,0.001384,0.011718,-6.233755,-0.140959,6.235348,126|127,0.5591
7359.350384,-0.404005,-23.348753,0.002931,19.122521,0.001384,0.011718,-6.233736,-0.140963,6.235330,126|127,0.5592
7359.383717,-0.403963,-23.348694,0.003010,19.122521,0.001383,0.011718,-6.233768,-0.140941,6.235361,126|127,0.5594
7359.400384,-0.403935,-23.348609,0.003060,19.122521,0.001384,0.011718,-6.233814,-0.140925,6.235407,126|127,0.5595
7359.433717,-0.403935,-23.348609,0.003060,19.122521,0.001384,0.011718,-6.233814,-0.140925,6.235407,126|127,0.5596
7359.450384,-0.403945,-23.348643,0.003043,19.122521,0.001384,0.011718,-6.233796,-0.140931,6.235389,126|127,0.5595
7359.467050,-0.403845,-23.348658,0.003294,19.122521,0.001384,0.011718,-6.233787,-0.140877,6.235379,126|127,0.5595
7359.483717,-0.403874,-23.348683,0.003237,19.122521,0.001384,0.011718,-6.233774,-0.140892,6.235366,126|127,0.5594
7359.500384,-0.403851,-23.348695,0.003272,19.122521,0.001384,0.011718,-6.233767,-0.140880,6.235359,126|127,0.5594
