t,x,y,yaw,odom_x,odom_y,odom_yaw,error_x,error_y,error_dist,tags_used,quality
6698.567016,-0.162145,0.438479,0.000287,0|1,0.5587
6698.583683,-0.162162,0.438297,0.000316,0|1,0.5586
6698.600349,-0.162168,0.438009,0.000383,0|1,0.5599
6698.617016,-0.162206,0.437923,0.000529,0|1,0.5605
6698.633683,-0.162225,0.438130,0.000497,0|1,0.5588
6698.650349,-0.162481,0.438124,0.000759,0|1,0.5576
6698.683683,-0.162670,0.437723,0.000938,0|1,0.5591
6698.700349,-0.162422,0.438229,0.000585,0|1,0.5569
6698.733683,-0.162448,0.437979,0.000563,0|1,0.5579
6698.750349,-0.162315,0.438252,0.000496,0|1,0.5577
6698.767016,-0.162252,0.437959,0.000462,0|1,0.5592
6698.783683,-0.162285,0.437796,0.000264,0|1,0.5581
6698.800349,-0.162407,0.437596,0.000428,0|1,0.5589
6698.817016,-0.162359,0.437519,0.000408,0|1,0.5593
6698.833683,-0.162358,0.437519,0.000407,0.000000,0.000000,0.000000,-0.000000,0.000000,0.000000,0|1,0.5589
6698.850349,-0.162336,0.437763,0.000677,0.002495,0.000044,0.000041,-0.002627,-0.000032,0.002627,0|1,0.5600
6698.867016,-0.160766,0.441374,0.000261,0.006350,0.000257,0.000558,-0.008444,0.000609,0.008466,0|1,0.5631
6698.883683,-0.160602,0.439201,0.000410,0.012775,0.000205,0.000030,-0.013689,0.000750,0.013709,0|1,0.5634
6698.900349,-0.160602,0.439201,0.000410,0.019660,-0.000002,0.000062,-0.020574,0.000956,0.020596,0|1,0.5608
6698.917016,-0.157660,0.418233,0.000183,0.026572,-0.000251,0.000051,-0.016089,0.002800,0.016331,0|1,0.5652
6698.933683,-0.160315,0.409660,-0.000493,0.026572,-0.000251,0.000051,-0.011431,0.001355,0.011511,0|1,0.5654
6698.950349,-0.163900,0.400864,-0.000478,0.033600,-0.000541,0.000029,-0.013679,-0.000305,0.013682,0|1,0.5652
6698.967016,-0.163901,0.400867,-0.000479,0.047666,-0.000251,0.000793,-0.027746,-0.000595,0.027753,0|1,0.5649
6698.983683,-0.173000,0.382560,0.000269,0.047666,-0.000251,0.000793,-0.017799,-0.005544,0.018642,0|1,0.5648
6699.000349,-0.163231,0.374252,0.000976,0.054498,-0.000335,0.001380,-0.020114,-0.000153,0.020114,0|1,0.5648
6699.033683,-0.171025,0.356625,0.001545,0.068499,-0.000961,0.001782,-0.024536,-0.003767,0.024824,0|1,0.5667
6699.050349,-0.171024,0.356625,0.001545,0.075423,-0.001053,0.001794,-0.031461,-0.003674,0.031675,0|1,0.5657
6699.067016,-0.177114,0.339532,0.001599,0.082334,0.000017,0.001766,-0.029083,-0.008058,0.030179,0|1,0.5672
6699.083683,-0.162564,0.331519,0.001864,0.088936,0.000330,0.001925,-0.031327,-0.000465,0.031330,0|1,0.5640
6699.100349,-0.159022,0.323218,0.000729,0.095503,-0.000055,0.001906,-0.033382,0.001843,0.033433,0|1,0.5653
6699.117016,-0.164611,0.314579,0.000430,0.102065,-0.000476,0.001885,-0.035250,-0.000775,0.035259,0|1,0.5671
6699.133683,-0.171075,0.305885,0.001014,0.108754,-0.000937,0.001911,-0.037215,-0.003829,0.037412,0|1,0.5678
6699.150349,-0.177931,0.297471,0.001285,0.115728,-0.001431,0.001989,-0.039618,-0.007064,0.040243,0|1,0.5671
6699.167016,-0.185110,0.288593,0.001373,0.129693,0.000068,0.002047,-0.048760,-0.012466,0.050328,0|1,0.5662
6699.200349,-0.185111,0.288593,0.001372,0.136341,0.000216,0.002243,-0.055408,-0.012614,0.056825,0|1,0.5657
6699.217016,-0.163762,0.263254,0.003025,0.143123,-0.000270,0.002594,-0.048414,-0.000532,0.048417,0|1|2,0.5657
6699.233683,-0.163761,0.263254,0.003025,0.149963,-0.000795,0.003055,-0.055254,-0.000006,0.055254,0|1|2,0.5655
6699.250349,-0.170996,0.254539,0.003363,0.157007,-0.000521,0.003200,-0.057563,-0.004214,0.057717,0|1|2,0.5650
6699.267016,-0.175038,0.237685,0.004777,0.171015,0.000004,0.003463,-0.062412,-0.006940,0.062797,0|1|2,0.5657
6699.283683,-0.166632,0.228405,0.004892,0.171015,0.000004,0.003463,-0.057367,-0.002373,0.057416,0|1|2,0.5652
6699.300349,-0.166632,0.228405,0.004892,0.184508,-0.001240,0.003541,-0.070860,-0.001129,0.070869,0|1|2,0.5651
6699.317016,-0.177481,0.211217,0.005609,0.191279,-0.001904,0.003950,-0.068292,-0.006365,0.068588,0|1|2,0.5657
6699.333683,-0.177481,0.211217,0.005611,0.198683,-0.001275,0.003110,-0.075696,-0.006994,0.076018,0|1|2,0.5645
6699.350349,-0.195673,0.195145,0.005222,0.198683,-0.001275,0.003110,-0.066965,-0.016884,0.069061,0|1|2,0.5622
6699.367016,-0.184673,0.185872,0.003103,0.205876,-0.000435,0.003053,-0.069116,-0.011748,0.070108,0|1|2,0.5623
6699.383683,-0.184672,0.185872,0.003103,0.219604,-0.000829,0.003176,-0.082844,-0.011353,0.083619,0|1|2,0.5633
6699.400349,-0.173022,0.176338,0.002664,0.226299,-0.001360,0.003244,-0.084355,-0.004493,0.084474,0|1|2,0.5642
6699.417016,-0.180534,0.159073,0.003560,0.226299,-0.001360,0.003244,-0.074973,-0.008580,0.075462,0|1|2,0.5637
6699.433683,-0.188615,0.150464,0.004486,0.233040,-0.001222,0.003306,-0.077038,-0.013112,0.078145,0|1|2,0.5642
6699.450349,-0.188615,0.150463,0.004487,0.239894,-0.000533,0.003482,-0.083891,-0.013801,0.085018,0|1|2,0.5639
6699.467016,-0.186282,0.142656,0.003902,0.253601,-0.000697,0.003709,-0.093354,-0.012370,0.094170,0|1|2,0.5637
6699.483683,-0.176911,0.133850,0.003586,0.260446,-0.001229,0.003741,-0.095411,-0.006748,0.095650,0|1|2,0.5630
6699.500349,-0.180635,0.116431,0.003837,0.260446,-0.001229,0.003741,-0.085945,-0.008776,0.086392,0|1|2,0.5641
6699.517016,-0.188435,0.107757,0.004178,0.267422,-0.001805,0.003813,-0.088209,-0.012440,0.089082,0|1|2,0.5657
6699.533683,-0.196823,0.099172,0.004448,0.274443,-0.001109,0.003882,-0.090566,-0.017697,0.092279,0|1|2,0.5647
6699.550349,-0.196824,0.099172,0.004446,0.288412,0.000569,0.003956,-0.104535,-0.019375,0.106316,0|1|2,0.5659
6699.567016,-0.186893,0.090647,0.004837,0.295061,-0.000156,0.003961,-0.106549,-0.013255,0.107370,0|1|2,0.5640
6699.583683,-0.175179,0.082049,0.004942,0.302087,-0.001007,0.004150,-0.108899,-0.006039,0.109066,0|1|2,0.5614
6699.600349,-0.174543,0.064822,0.005217,0.302087,-0.001007,0.004150,-0.099536,-0.005697,0.099699,0|1|2,0.5627
6699.617016,-0.174545,0.064820,0.005224,0.316508,-0.000158,0.003193,-0.113957,-0.006547,0.114145,0|1|2,0.5645
6699.633683,-0.186173,0.056379,0.005386,0.316508,-0.000158,0.003193,-0.109372,-0.012869,0.110126,0|1|2,0.5642
6699.650349,-0.172255,0.038365,0.004994,0.323477,0.000369,0.003137,-0.106548,-0.005836,0.106708,0|1|2,0.5634
6699.667016,-0.172256,0.038364,0.004996,0.337442,-0.000230,0.003118,-0.120512,-0.005237,0.120626,0|1|2,0.5631
6699.700349,-0.164921,0.029396,0.005385,0.344488,-0.000767,0.003094,-0.122683,-0.000716,0.122685,0|1|2,0.5620
6699.717016,-0.174240,0.009695,0.003435,0.358970,0.000262,0.003122,-0.126460,-0.006814,0.126643,0|1|2|3|4,0.5593
6699.733683,-0.174685,-0.005659,0.003895,0.365888,0.000708,0.003210,-0.125033,-0.007505,0.125258,0|1|2|3|4,0.5621
6699.750349,-0.174687,-0.005661,0.003899,0.372763,0.000790,0.003216,-0.131907,-0.007589,0.132126,0|1|2|3|4,0.5615
6699.767016,-0.161565,-0.024055,0.005126,0.372763,0.000790,0.003216,-0.121908,-0.000461,0.121908,0|1|2|3|4,0.5604
6699.783683,-0.160834,-0.032734,0.005116,0.379774,-0.000111,0.003176,-0.124201,0.000835,0.124204,0|1|2|3|4,0.5605
6699.800349,-0.160832,-0.032734,0.005112,0.386815,0.000179,0.003187,-0.131242,0.000546,0.131243,0|1|2|3|4,0.5605
6699.833683,-0.159182,-0.058407,0.003843,0.407688,0.002077,0.003393,-0.138163,-0.000460,0.138163,0|1|2|3|4,0.5623
6699.867016,-0.159182,-0.058407,0.003844,0.421158,0.000539,0.003845,-0.151632,0.001078,0.151636,0|1|2|3|4,0.5632
6699.883683,-0.155156,-0.084481,0.004333,0.421158,0.000539,0.003845,-0.137461,0.003260,0.137499,0|1|2|3|4,0.5644
6699.900349,-0.155156,-0.084480,0.004332,0.435416,0.000975,0.004299,-0.151719,0.002824,0.151745,0|1|2|3|4,0.5649
6699.933683,-0.166624,-0.092727,0.004198,0.442438,0.001265,0.004727,-0.154261,-0.003700,0.154306,0|1|2|3|4,0.5650
6699.950349,-0.160352,-0.110551,0.004781,0.456143,0.000659,0.005772,-0.158278,0.000311,0.158279,0|1|2|3|4,0.5631
6699.967016,-0.154763,-0.128233,0.006894,0.456143,0.000659,0.005772,-0.148667,0.003344,0.148705,0|1|2|3|4,0.5624
6699.983683,-0.167820,-0.136522,0.006762,0.470488,0.000905,0.004531,-0.158511,-0.004001,0.158561,0|1|2|3|4,0.5635
6700.000349,-0.164699,-0.145728,0.004892,0.470488,0.000905,0.004531,-0.153507,-0.002306,0.153524,0|1|2|3|4,0.5652
6700.033683,-0.164700,-0.145730,0.004888,0.491373,0.001284,0.004853,-0.174390,-0.002685,0.174411,0|1|2|3|4,0.5641
6700.050349,-0.155814,-0.172670,0.006374,0.498464,0.000483,0.005164,-0.166838,0.002939,0.166864,0|1|2|3|4,0.5630
6700.067016,-0.157782,-0.181251,0.006889,0.498464,0.000483,0.005164,-0.162175,0.001868,0.162186,0|1|2|3|4,0.5604
6700.083683,-0.168513,-0.189789,0.007520,0.512788,0.000279,0.005843,-0.171861,-0.003763,0.171902,0|1|2|3|4,0.5608
6700.100349,-0.169934,-0.199167,0.007502,0.519803,0.000136,0.005853,-0.173780,-0.004394,0.173836,0|1|2|3|4,0.5617
6700.133683,-0.174422,-0.216696,0.007608,0.526669,-0.000036,0.006116,-0.171120,-0.006665,0.171250,0|1|2|3|4,0.5613
6700.150349,-0.177408,-0.225513,0.007751,0.533387,0.000913,0.006293,-0.173047,-0.009238,0.173293,0|1|2|3|4,0.5612
6700.167016,-0.177408,-0.225512,0.007750,0.546588,0.001078,0.006283,-0.186248,-0.009403,0.186485,0|1|2|3|4,0.5599
6700.183683,-0.162778,-0.241650,0.008046,0.546588,0.001078,0.006283,-0.177474,-0.001456,0.177480,0|1|2|3|4,0.5612
6700.200349,-0.162778,-0.241650,0.008044,0.559802,0.001064,0.006240,-0.190688,-0.001442,0.190694,0|1|2|3|4,0.5612
6700.217016,-0.163317,-0.258186,0.007632,0.559802,0.001064,0.006240,-0.181701,-0.001738,0.181710,0|1|2|3|4,0.5614
6700.233683,-0.163718,-0.267686,0.007313,0.566683,0.001001,0.006282,-0.183419,-0.001896,0.183429,0|1|2|3|4|5,0.5538
6700.250349,-0.165494,-0.275365,0.007477,0.573465,0.000677,0.006465,-0.186028,-0.002539,0.186046,0|1|2|3|4|5,0.5589
6700.283683,-0.171132,-0.292174,0.008236,0.586839,0.000628,0.006843,-0.190268,-0.005557,0.190349,0|1|2|3|4|5,0.5609
6700.333683,-0.176771,-0.317065,0.009527,0.607093,0.000638,0.007468,-0.196996,-0.008638,0.197185,0|1|2|3|4|5,0.5624
6700.350349,-0.173771,-0.325243,0.008931,0.621119,0.001939,0.007645,-0.206576,-0.008311,0.206743,0|1|2|3|4|5,0.5615
6700.367016,-0.173771,-0.325243,0.008934,0.628004,0.001569,0.007637,-0.213462,-0.007940,0.213610,0|1|2|3|4|5,0.5603
6700.383683,-0.157845,-0.343186,0.009166,0.634884,0.001177,0.007667,-0.210586,0.001103,0.210589,0|1|2|3|4|5,0.5613
6700.400349,-0.163877,-0.352045,0.008735,0.634884,0.001177,0.007667,-0.205773,-0.002177,0.205785,0|1|2|3|4|5,0.5625
6700.417016,-0.169955,-0.360806,0.008902,0.641916,0.000793,0.007629,-0.208046,-0.005098,0.208108,0|1|2|3|4|5,0.5629
6700.433683,-0.169954,-0.360806,0.008900,0.648958,0.001267,0.007631,-0.215088,-0.005572,0.215160,0|1|2|3|4|5,0.5626
6700.450349,-0.170239,-0.377680,0.007988,0.663217,0.001124,0.007636,-0.220176,-0.005588,0.220247,0|1|2|3|4|5,0.5627
6700.467016,-0.170239,-0.377680,0.007986,0.663217,0.001124,0.007636,-0.220176,-0.005588,0.220247,0|1|2|3|4|5,0.5640
6700.483683,-0.170704,-0.387467,0.008294,0.676944,0.000797,0.007770,-0.228584,-0.005515,0.228650,0|1|2|3|4|5,0.5636
6700.500349,-0.176691,-0.405107,0.008172,0.676944,0.000797,0.007770,-0.218998,-0.008773,0.219174,0|1|2|3|4|5,0.5632
6700.517016,-0.179864,-0.413940,0.007992,0.683711,0.000739,0.007768,-0.220965,-0.010441,0.221211,0|1|2|3|4|5,0.5630
6700.533683,-0.180574,-0.421010,0.008167,0.697733,0.001416,0.007718,-0.231145,-0.011505,0.231431,0|1|2|3|4|5,0.5623
6700.550349,-0.168706,-0.430192,0.008134,0.697733,0.001416,0.007718,-0.226152,-0.005057,0.226208,0|1|2|3|4|5,0.5629
6700.567016,-0.172776,-0.439247,0.008249,0.704733,0.001178,0.007670,-0.228232,-0.007033,0.228340,0|1|2|3|4|5,0.5635
6700.583683,-0.172776,-0.439247,0.008248,0.718834,0.000681,0.007585,-0.242332,-0.006537,0.242420,0|1|2|3|4|5,0.5649
6700.600349,-0.181130,-0.457317,0.007807,0.725764,0.000755,0.007544,-0.239444,-0.011154,0.239704,0|1|2|3|4|5,0.5644
6700.617016,-0.181130,-0.457317,0.007811,0.725764,0.000755,0.007544,-0.239444,-0.011154,0.239704,0|1|2|3|4|5,0.5634
6700.633683,-0.185180,-0.473628,0.007189,0.732807,0.000860,0.007520,-0.237623,-0.013465,0.238004,0|1|2|3|4|5,0.5629
6700.650349,-0.184448,-0.482911,0.007312,0.746893,0.001090,0.007609,-0.246664,-0.013299,0.247022,0|1|2|3|4|5,0.5633
6700.667016,-0.184449,-0.482910,0.007314,0.746893,0.001090,0.007609,-0.246664,-0.013299,0.247023,0|1|2|3|4|5,0.5636
6700.700349,-0.181993,-0.509917,0.007534,0.768333,0.003232,0.007732,-0.253426,-0.014113,0.253819,0|1|2|3|4|5,0.5623
6700.717016,-0.172804,-0.517701,0.007398,0.768333,0.003232,0.007732,-0.249193,-0.009120,0.249360,0|1|2|3|4|5,0.5619
6700.733683,-0.172805,-0.517701,0.007398,0.775387,0.002969,0.007729,-0.256248,-0.008857,0.256401,0|1|2|3|4|5,0.5622
6700.750349,-0.160066,-0.535868,0.007937,0.789459,0.002443,0.007681,-0.260443,-0.001412,0.260447,0|1|2|3|4|5,0.5633
6700.767016,-0.163923,-0.546150,0.007764,0.789459,0.002443,0.007681,-0.254856,-0.003510,0.254880,0|1|2|3|4|5|6|7,0.5534
6700.783683,-0.168632,-0.554764,0.007545,0.796507,0.002159,0.007652,-0.257224,-0.005788,0.257289,0|1|2|3|4|5|6|7,0.5632
6700.800349,-0.168625,-0.554795,0.007544,0.803559,0.002797,0.007653,-0.264259,-0.006422,0.264337,0|1|2|3|4|5|6|7,0.5545
6700.817016,-0.173329,-0.564287,0.007574,0.810673,0.003216,0.007717,-0.266215,-0.009400,0.266381,2|3|4|5|6|7,0.5637
6700.833683,-0.159687,-0.581598,0.007316,0.817815,0.002938,0.007742,-0.263947,-0.001711,0.263952,2|3|4|5|6|7,0.5638
6700.850349,-0.164430,-0.590637,0.007486,0.832085,0.002352,0.007817,-0.273305,-0.003705,0.273330,2|3|4|5|6|7,0.5643
6700.867016,-0.164430,-0.590638,0.007484,0.838917,0.002259,0.007861,-0.280136,-0.003612,0.280160,2|3|4|5|6|7,0.5643
6700.883683,-0.174067,-0.608862,0.007585,0.838917,0.002259,0.007861,-0.270234,-0.008854,0.270379,2|3|4|5|6|7,0.5636
6700.900349,-0.175874,-0.615660,0.007887,0.852963,0.004396,0.008101,-0.280586,-0.011975,0.280841,2|3|4|5|6|7,0.5627
6700.917016,-0.175876,-0.615659,0.007890,0.859982,0.004425,0.008093,-0.287605,-0.012004,0.287856,2|3|4|5|6|7,0.5621
6700.933683,-0.155760,-0.624634,0.008521,0.867046,0.004457,0.008050,-0.289787,-0.001106,0.289789,2|3|4|5|6|7,0.5630
6700.950349,-0.147693,-0.634208,0.008719,0.874103,0.004465,0.007982,-0.291640,0.003268,0.291658,2|3|4|5|6|7,0.5639
6700.967016,-0.148239,-0.651821,0.008840,0.874103,0.004465,0.007982,-0.282067,0.002967,0.282083,2|3|4|5|6|7,0.5643
6700.983683,-0.149036,-0.660710,0.008956,0.881180,0.004693,0.007988,-0.284314,0.002305,0.284323,2|3|4|5|6|7,0.5635
6701.000349,-0.149036,-0.660709,0.008957,0.895197,0.004578,0.008379,-0.298331,0.002420,0.298341,2|3|4|5|6|7,0.5630
6701.017016,-0.145991,-0.668365,0.008672,0.902299,0.004210,0.008411,-0.301271,0.004441,0.301304,2|3|4|5|6|7,0.5627
6701.033683,-0.150031,-0.686401,0.008620,0.902299,0.004210,0.008411,-0.291470,0.002241,0.291478,2|3|4|5|6|7,0.5638
6701.050349,-0.156149,-0.695483,0.008620,0.909453,0.003823,0.008422,-0.293689,-0.000699,0.293690,2|3|4|5|6|7,0.5643
6701.067016,-0.156149,-0.695484,0.008620,0.923515,0.004787,0.008717,-0.307751,-0.001662,0.307755,2|3|4|5|6|7,0.5631
6701.083683,-0.162126,-0.712614,0.008154,0.923515,0.004787,0.008717,-0.298442,-0.004914,0.298483,2|3|4|5|6|7,0.5631
6701.100349,-0.149498,-0.722029,0.008669,0.937465,0.004542,0.008956,-0.307273,0.002191,0.307280,2|3|4|5|6|7,0.5625
6701.117016,-0.150056,-0.731207,0.008992,0.944437,0.004199,0.008954,-0.309256,0.002229,0.309265,2|3|4|5|6|7,0.5637
6701.133683,-0.150056,-0.731207,0.008993,0.951571,0.003843,0.008987,-0.316391,0.002585,0.316402,2|3|4|5|6|7,0.5631
6701.150349,-0.161542,-0.748724,0.010141,0.958737,0.004401,0.009038,-0.314039,-0.004219,0.314067,2|3|4|5|6|7,0.5625
6701.167016,-0.161542,-0.748724,0.010141,0.965930,0.005135,0.009188,-0.321233,-0.004953,0.321271,2|3|4|5|6|7,0.5617
6701.183683,-0.160019,-0.766121,0.009653,0.973078,0.004566,0.009310,-0.318926,-0.003561,0.318945,2|3|4|5|6|7,0.5617
6701.200349,-0.160020,-0.766121,0.009653,0.980206,0.003962,0.009280,-0.326053,-0.002957,0.326066,2|3|4|5|6|7,0.5607
6701.217016,-0.151296,-0.775528,0.009226,0.987137,0.003446,0.009222,-0.327869,0.002298,0.327878,2|3|4|5|6|7,0.5607
6701.233683,-0.160502,-0.784726,0.009033,0.987137,0.003446,0.009222,-0.322872,-0.002707,0.322884,2|3|4|5|6|7,0.5607
6701.250349,-0.169804,-0.794016,0.008932,0.993813,0.004201,0.009115,-0.324502,-0.008520,0.324614,2|3|4|5|6|7,0.5614
6701.267016,-0.166835,-0.809771,0.008846,1.000608,0.005026,0.009122,-0.322734,-0.007734,0.322827,2|3|4|5|6|7,0.5626
6701.283683,-0.166835,-0.809771,0.008845,1.007525,0.005547,0.009117,-0.329651,-0.008256,0.329755,2|3|4|5|6|7,0.5613
6701.300350,-0.149876,-0.827913,0.008362,1.014464,0.005163,0.009076,-0.326726,0.001341,0.326729,2|3|4|5|6|7|8,0.5607
6701.317016,-0.149889,-0.827920,0.008328,1.028419,0.004339,0.009007,-0.340677,0.002158,0.340684,2|3|4|5|6|7|8,0.5582
6701.350350,-0.170047,-0.854572,0.008466,1.042342,0.005635,0.009001,-0.340120,-0.010099,0.340270,3|4|5|6|7|8,0.5611
6701.367016,-0.165427,-0.861988,0.008254,1.042342,0.005635,0.009001,-0.336088,-0.007590,0.336174,3|4|5|6|7|8,0.5607
6701.383683,-0.165427,-0.861989,0.008255,1.049253,0.005237,0.009064,-0.342999,-0.007192,0.343074,3|4|5|6|7|8,0.5615
6701.400350,-0.153233,-0.871730,0.008081,1.056133,0.004819,0.009074,-0.344582,-0.000149,0.344582,3|4|5|6|7|8,0.5628
6701.417016,-0.160355,-0.880504,0.008322,1.070123,0.004521,0.009272,-0.353805,-0.003723,0.353825,3|4|5|6|7|8,0.5627
6701.433683,-0.173905,-0.897946,0.009708,1.077232,0.005298,0.009286,-0.351439,-0.011869,0.351639,3|4|5|6|7|8,0.5621
6701.450350,-0.173905,-0.897945,0.009708,1.084289,0.006074,0.009252,-0.358496,-0.012644,0.358719,3|4|5|6|7|8,0.5625
6701.483683,-0.152666,-0.924177,0.009664,1.091126,0.006275,0.009309,-0.351071,-0.001308,0.351074,3|4|5|6|7|8,0.5618
6701.500350,-0.151496,-0.932602,0.010201,1.097906,0.005604,0.009290,-0.353272,-0.000003,0.353272,3|4|5|6|7|8,0.5624
6701.517016,-0.162196,-0.941119,0.010884,1.104752,0.004911,0.009335,-0.355492,-0.005128,0.355529,3|4|5|6|7|8,0.5622
6701.550350,-0.168358,-0.957309,0.011364,1.118985,0.006045,0.009314,-0.360927,-0.009614,0.361055,3|4|5|6|7|8,0.5625
6701.567016,-0.158163,-0.966769,0.011371,1.126140,0.006012,0.009324,-0.362939,-0.004042,0.362961,3|4|5|6|7|8,0.5624
6701.583683,-0.159874,-0.976478,0.009673,1.133279,0.005535,0.009307,-0.364802,-0.004497,0.364830,3|4|5|6|7|8,0.5622
6701.600350,-0.167525,-0.985671,0.009400,1.140300,0.005054,0.009334,-0.366828,-0.008176,0.366919,3|4|5|6|7|8,0.5624
6701.617016,-0.167526,-0.985670,0.009400,1.154013,0.005556,0.009346,-0.380542,-0.008679,0.380641,3|4|5|6|7|8,0.5624
6701.633683,-0.175642,-0.994669,0.009069,1.154013,0.005556,0.009346,-0.375653,-0.013092,0.375881,3|4|5|6|7|8,0.5622
6701.650350,-0.178930,-1.001913,0.008965,1.167992,0.005828,0.009260,-0.385696,-0.015153,0.385993,3|4|5|6|7|8,0.5628
6701.667016,-0.168992,-1.010785,0.008890,1.175018,0.005268,0.009221,-0.387898,-0.009194,0.388006,3|4|5|6|7|8,0.5620
6701.683683,-0.159125,-1.019891,0.008327,1.182102,0.004704,0.009224,-0.390031,-0.003269,0.390044,3|4|5|6|7|8,0.5634
6701.700350,-0.176342,-1.037770,0.008665,1.189033,0.004830,0.009198,-0.387249,-0.012756,0.387459,3|4|5|6|7|8,0.5628
6701.733683,-0.183870,-1.054416,0.008732,1.196160,0.005734,0.009203,-0.385330,-0.017754,0.385739,3|4|5|6|7|8,0.5616
6701.750350,-0.171854,-1.063712,0.009093,1.210402,0.005390,0.009309,-0.394518,-0.010882,0.394668,3|4|5|6|7|8,0.5617
6701.767016,-0.175352,-1.073318,0.009166,1.217609,0.005210,0.009388,-0.396504,-0.012606,0.396705,3|4|5|6|7|8,0.5616
6701.783683,-0.179025,-1.082220,0.008952,1.224667,0.005756,0.009398,-0.398725,-0.015150,0.399013,3|4|5|6|7|8,0.5612
6701.800350,-0.179025,-1.082220,0.008953,1.231611,0.006997,0.009337,-0.405669,-0.016391,0.406000,3|4|5|6|7|8,0.5604
6701.833683,-0.159225,-1.108201,0.008051,1.238531,0.008189,0.009026,-0.398465,-0.006828,0.398523,3|4|5|6|7|8|9|10,0.5600
6701.867016,-0.153296,-1.126649,0.008337,1.252996,0.007071,0.009127,-0.402902,-0.002492,0.402910,5|6|7|8|9|10,0.5617
6701.883683,-0.161985,-1.135874,0.008395,1.266970,0.006784,0.008982,-0.411865,-0.006928,0.411924,5|6|7|8|9|10,0.5617
6701.900350,-0.170654,-1.145003,0.008142,1.266970,0.006784,0.008982,-0.406906,-0.011642,0.407072,5|6|7|8|9|10,0.5610
6701.917016,-0.166866,-1.152062,0.008101,1.281195,0.007849,0.008858,-0.417293,-0.010650,0.417429,5|6|7|8|9|10,0.5609
6701.933683,-0.155189,-1.161325,0.008138,1.281195,0.007849,0.008858,-0.412256,-0.004306,0.412279,5|6|7|8|9|10,0.5614
6701.950350,-0.155189,-1.161325,0.008138,1.295278,0.006848,0.008576,-0.426339,-0.003305,0.426352,5|6|7|8|9|10,0.5616
6701.967016,-0.153410,-1.170905,0.008203,1.302102,0.006385,0.008552,-0.427956,-0.001877,0.427960,5|6|7|8|9|10,0.5621
6701.983683,-0.169886,-1.189617,0.007788,1.302102,0.006385,0.008552,-0.417790,-0.010835,0.417930,5|6|7|8|9|10,0.5614
6702.000350,-0.177169,-1.198662,0.007609,1.315660,0.008779,0.008570,-0.426434,-0.017190,0.426780,5|6|7|8|9|10,0.5601
6702.017016,-0.177169,-1.198662,0.007607,1.322886,0.009091,0.008572,-0.433661,-0.017502,0.434014,5|6|7|8|9|10,0.5613
6702.033683,-0.144797,-1.212658,0.007585,1.322886,0.009091,0.008572,-0.426047,0.000088,0.426047,5|6|7|8|9|10,0.5610
6702.050350,-0.144796,-1.212657,0.007583,1.337427,0.008980,0.008513,-0.440589,0.000200,0.440589,5|6|7|8|9|10,0.5621
6702.067016,-0.141275,-1.222715,0.008152,1.344718,0.008911,0.008455,-0.442413,0.002181,0.442418,5|6|7|8|9|10,0.5618
6702.083683,-0.143183,-1.231618,0.008242,1.351803,0.009632,0.008411,-0.444659,0.000421,0.444659,5|6|7|8|9|10,0.5612
6702.100350,-0.144753,-1.241016,0.008693,1.358901,0.009426,0.008493,-0.446650,-0.000229,0.446650,5|6|7|8|9|10,0.5609
6702.117016,-0.146516,-1.250936,0.009107,1.365959,0.008998,0.008567,-0.448317,-0.000761,0.448317,5|6|7|8|9|10,0.5611
6702.133683,-0.140328,-1.267890,0.008476,1.365959,0.008998,0.008567,-0.439101,0.002599,0.439109,5|6|7|8|9|10,0.5631
6702.167016,-0.153567,-1.286038,0.008882,1.380153,0.008216,0.008603,-0.443435,-0.003819,0.443451,5|6|7|8|9|10,0.5637
6702.183683,-0.160062,-1.294644,0.009266,1.387123,0.008750,0.008665,-0.445729,-0.007885,0.445799,5|6|7|8|9|10,0.5635
6702.200350,-0.160062,-1.294642,0.009265,1.401335,0.009269,0.008797,-0.459943,-0.008404,0.460020,5|6|7|8|9|10,0.5622
6702.217016,-0.141907,-1.312209,0.008993,1.401335,0.009269,0.008797,-0.450392,0.001459,0.450394,5|6|7|8|9|10,0.5621
6702.233683,-0.147699,-1.321086,0.008249,1.408182,0.008910,0.008763,-0.452415,-0.001332,0.452417,5|6|7|8|9|10,0.5629
6702.250350,-0.147699,-1.321086,0.008250,1.422122,0.008396,0.008849,-0.466355,-0.000817,0.466356,5|6|7|8|9|10,0.5629
6702.267016,-0.153497,-1.330419,0.007929,1.429219,0.009294,0.008933,-0.468381,-0.004869,0.468406,5|6|7|8|9|10,0.5619
6702.283683,-0.162141,-1.346188,0.008163,1.429219,0.009294,0.008933,-0.459812,-0.009570,0.459912,5|6|7|8|9|10,0.5610
6702.300350,-0.162141,-1.346188,0.008159,1.443572,0.008782,0.008989,-0.474166,-0.009058,0.474252,5|6|7|8|9|10,0.5604
6702.317016,-0.151017,-1.365134,0.008057,1.450648,0.008218,0.008932,-0.470943,-0.002453,0.470949,5|6|7|8|9|10,0.5611
6702.333683,-0.150902,-1.366168,0.007604,1.457504,0.008117,0.008878,-0.477237,-0.002290,0.477242,5|6|7|8|9|10|11,0.5572
6702.350350,-0.168530,-1.383236,0.008742,1.457504,0.008117,0.008878,-0.467964,-0.011874,0.468115,5|6|7|8|9|10|11,0.5615
6702.367016,-0.170161,-1.389687,0.008404,1.471328,0.009900,0.008928,-0.478283,-0.014544,0.478504,5|6|7|8|9|10|11,0.5542
6702.383683,-0.157979,-1.399609,0.009294,1.471328,0.009900,0.008928,-0.472888,-0.007926,0.472955,6|7|8|9|10|11,0.5615
6702.400350,-0.157979,-1.399608,0.009298,1.485414,0.009488,0.008866,-0.486974,-0.007514,0.487032,6|7|8|9|10|11,0.5612
6702.417016,-0.148308,-1.417668,0.008730,1.485414,0.009488,0.008866,-0.477156,-0.002262,0.477162,6|7|8|9|10|11,0.5609
6702.433683,-0.154034,-1.426397,0.008591,1.492452,0.009143,0.008826,-0.479452,-0.005031,0.479479,6|7|8|9|10|11,0.5606
6702.450350,-0.154034,-1.426398,0.008591,1.499490,0.008777,0.008797,-0.486490,-0.004665,0.486512,6|7|8|9|10|11,0.5604
6702.467016,-0.159987,-1.435016,0.008292,1.506363,0.009594,0.008815,-0.488680,-0.008719,0.488758,6|7|8|9|10|11,0.5595
6702.483683,-0.154511,-1.451369,0.008247,1.513341,0.009822,0.008873,-0.486770,-0.005975,0.486806,6|7|8|9|10|11,0.5595
6702.500350,-0.154511,-1.451369,0.008245,1.527233,0.009080,0.008889,-0.500661,-0.005233,0.500688,6|7|8|9|10|11,0.5608
6702.517016,-0.152869,-1.461052,0.008298,1.534296,0.008719,0.008904,-0.502461,-0.003981,0.502477,6|7|8|9|10|11,0.5625
6702.533683,-0.164914,-1.478710,0.007853,1.541294,0.009265,0.008942,-0.499865,-0.011077,0.499988,6|7|8|9|10|11,0.5626
6702.550350,-0.170580,-1.487427,0.006774,1.541294,0.009265,0.008942,-0.495129,-0.014158,0.495332,6|7|8|9|10|11,0.5623
6702.567016,-0.163899,-1.495004,0.008224,1.555453,0.010910,0.008931,-0.505169,-0.012175,0.505316,6|7|8|9|10|11,0.5620
6702.583683,-0.163899,-1.495004,0.008224,1.555453,0.010910,0.008931,-0.505169,-0.012175,0.505316,6|7|8|9|10|11,0.5613
6702.600350,-0.152528,-1.504382,0.007244,1.562217,0.010331,0.008963,-0.506834,-0.005417,0.506863,6|7|8|9|10|11,0.5603
6702.617016,-0.151954,-1.522519,0.007491,1.575948,0.009149,0.008977,-0.510707,-0.003927,0.510722,6|7|8|9|10|11,0.5617
6702.633683,-0.161599,-1.531152,0.007494,1.575948,0.009149,0.008977,-0.506018,-0.009171,0.506101,6|7|8|9|10|11,0.5624
6702.650350,-0.170226,-1.538621,0.007739,1.582897,0.009890,0.008808,-0.508909,-0.014603,0.509118,6|7|8|9|10|11,0.5617
6702.667016,-0.170226,-1.538621,0.007742,1.590221,0.010493,0.008775,-0.516233,-0.015206,0.516457,6|7|8|9|10|11,0.5629
6702.683683,-0.152777,-1.557816,0.008398,1.597358,0.010057,0.008795,-0.512935,-0.005291,0.512962,6|7|8|9|10|11,0.5616
6702.700350,-0.159707,-1.566664,0.008665,1.604392,0.009636,0.008815,-0.515161,-0.008638,0.515234,6|7|8|9|10|11,0.5617
6702.717016,-0.166700,-1.575879,0.008268,1.611274,0.009189,0.008891,-0.517037,-0.011994,0.517176,6|7|8|9|10|11,0.5622
6702.733683,-0.166699,-1.575879,0.008270,1.625013,0.010217,0.008842,-0.530776,-0.013021,0.530935,6|7|8|9|10|11,0.5612
6702.750350,-0.170443,-1.591679,0.008069,1.625013,0.010217,0.008842,-0.522189,-0.015059,0.522407,6|7|8|9|10|11,0.5619
6702.767016,-0.159575,-1.600817,0.008109,1.639039,0.009933,0.008816,-0.531247,-0.008871,0.531322,6|7|8|9|10|11,0.5613
6702.783683,-0.158442,-1.609985,0.007801,1.639039,0.009933,0.008816,-0.526265,-0.008257,0.526330,6|7|8|9|10|11,0.5622
6702.800350,-0.158441,-1.609985,0.007801,1.653178,0.008881,0.008709,-0.540403,-0.007205,0.540451,6|7|8|9|10|11,0.5636
6702.817016,-0.174603,-1.627496,0.007658,1.660028,0.009491,0.008615,-0.537740,-0.016602,0.537996,6|7|8|9|10|11,0.5633
6702.833683,-0.182884,-1.636927,0.007558,1.660028,0.009491,0.008615,-0.532616,-0.021105,0.533034,6|7|8|9|10|11,0.5622
6702.850350,-0.182885,-1.636926,0.007558,1.674459,0.009737,0.008591,-0.547048,-0.021351,0.547464,6|7|8|9|10|11,0.5616
6702.867016,-0.169684,-1.654184,0.005827,1.674459,0.009737,0.008591,-0.537666,-0.014180,0.537853,6|7|8|9|10|11|12|13,0.5630
6702.883683,-0.169687,-1.654191,0.005801,1.688850,0.009550,0.008683,-0.552053,-0.013995,0.552230,6|7|8|9|10|11|12|13,0.5566
6702.900350,-0.172792,-1.663426,0.005628,1.695784,0.010510,0.008690,-0.553968,-0.016645,0.554218,8|9|10|11|12|13,0.5633
6702.917016,-0.175081,-1.672514,0.005870,1.702843,0.011832,0.008660,-0.556089,-0.019212,0.556420,8|9|10|11|12|13,0.5621
6702.933683,-0.164307,-1.688780,0.005768,1.702843,0.011832,0.008660,-0.547246,-0.013361,0.547409,8|9|10|11|12|13,0.5620
6702.950350,-0.146238,-1.697848,0.005618,1.717085,0.011526,0.008656,-0.556556,-0.003237,0.556565,8|9|10|11|12|13,0.5611
6702.983683,-0.146238,-1.697848,0.005615,1.731306,0.010626,0.008613,-0.570776,-0.002336,0.570781,8|9|10|11|12|13,0.5620
6703.017016,-0.166849,-1.734477,0.004529,1.738327,0.011373,0.008376,-0.557895,-0.014294,0.558078,8|9|10|11|12|13,0.5612
6703.033683,-0.166850,-1.734477,0.004525,1.752703,0.011725,0.008342,-0.572272,-0.014646,0.572459,8|9|10|11|12|13,0.5620
6703.067016,-0.153382,-1.761471,0.005842,1.759846,0.011213,0.008344,-0.564741,-0.006820,0.564782,8|9|10|11|12|13,0.5616
6703.083683,-0.153382,-1.761471,0.005846,1.773722,0.010948,0.008329,-0.578617,-0.006555,0.578654,8|9|10|11|12|13,0.5626
6703.117016,-0.161164,-1.771097,0.005701,1.780764,0.012261,0.008613,-0.580428,-0.012100,0.580554,8|9|10|11|12|13,0.5619
6703.133683,-0.166040,-1.785385,0.005464,1.794701,0.013229,0.008726,-0.586601,-0.015722,0.586812,8|9|10|11|12|13,0.5618
6703.150350,-0.133386,-1.805047,0.005804,1.794701,0.013229,0.008726,-0.575908,0.002021,0.575912,8|9|10|11|12|13,0.5612
6703.167016,-0.136627,-1.813194,0.006104,1.808791,0.012963,0.008605,-0.585572,0.000525,0.585572,8|9|10|11|12|13,0.5626
6703.183683,-0.136626,-1.813194,0.006107,1.815847,0.013293,0.008632,-0.592628,0.000195,0.592628,8|9|10|11|12|13,0.5630
6703.200350,-0.139356,-1.822224,0.005637,1.822980,0.014108,0.008803,-0.594854,-0.002107,0.594857,8|9|10|11|12|13,0.5622
6703.217016,-0.138070,-1.838472,0.005573,1.829960,0.013548,0.009006,-0.593003,-0.000851,0.593003,8|9|10|11|12|13,0.5623
6703.233683,-0.128323,-1.849282,0.005305,1.829960,0.013548,0.009006,-0.587126,0.004443,0.587142,8|9|10|11|12|13,0.5624
6703.250350,-0.128324,-1.849282,0.005302,1.843981,0.012461,0.009189,-0.601146,0.005531,0.601172,8|9|10|11|12|13,0.5636
6703.267016,-0.146198,-1.866784,0.005242,1.843981,0.012461,0.009189,-0.591639,-0.004187,0.591654,8|9|10|11|12|13,0.5633
6703.283683,-0.154775,-1.875434,0.005187,1.851074,0.012627,0.009216,-0.594032,-0.009016,0.594101,8|9|10|11|12|13,0.5634
6703.317016,-0.154776,-1.875433,0.005188,1.871929,0.013371,0.009494,-0.614888,-0.009761,0.614965,8|9|10|11|12|13,0.5636
6703.350350,-0.145600,-1.910348,0.007035,1.878880,0.012873,0.009528,-0.602861,-0.004284,0.602876,8|9|10|11|12|13,0.5636
6703.367016,-0.153581,-1.919822,0.007320,1.886006,0.012368,0.009570,-0.604841,-0.008118,0.604895,8|9|10|11|12|13|14,0.5562
6703.383683,-0.153586,-1.919905,0.007266,1.900414,0.013708,0.009592,-0.619203,-0.009461,0.619276,8|9|10|11|12|13|14,0.5637
6703.400350,-0.153385,-1.936231,0.007872,1.900414,0.013708,0.009592,-0.610331,-0.009355,0.610402,8|9|10|11|12|13|14,0.5616
6703.433683,-0.148847,-1.955179,0.007616,1.914666,0.012738,0.009796,-0.614284,-0.005923,0.614312,9|10|11|12|13|14,0.5617
6703.450350,-0.148844,-1.955179,0.007619,1.921489,0.012334,0.009725,-0.621107,-0.005518,0.621131,9|10|11|12|13|14,0.5622
6703.467016,-0.166277,-1.970454,0.007246,1.935240,0.013699,0.009770,-0.626560,-0.016361,0.626774,9|10|11|12|13|14,0.5631
6703.483683,-0.157552,-1.979801,0.007003,1.935240,0.013699,0.009770,-0.621478,-0.011621,0.621587,9|10|11|12|13|14,0.5628
6703.517016,-0.157553,-1.979799,0.007006,1.956263,0.013502,0.009688,-0.642502,-0.011424,0.642604,9|10|11|12|13|14,0.5621
6703.533683,-0.140625,-1.998015,0.006764,1.963311,0.012932,0.009669,-0.639646,-0.001659,0.639648,9|10|11|12|13|14,0.5615
6703.550350,-0.146087,-2.007125,0.006755,1.970186,0.013444,0.009678,-0.641572,-0.005142,0.641592,9|10|11|12|13|14,0.5613
6703.567016,-0.163914,-2.024766,0.007122,1.970186,0.013444,0.009678,-0.631988,-0.014834,0.632162,9|10|11|12|13|14,0.5605
6703.583683,-0.163916,-2.024766,0.007119,1.984180,0.014289,0.009737,-0.645982,-0.015680,0.646172,9|10|11|12|13|14,0.5603
6703.600350,-0.145567,-2.041399,0.006799,1.984180,0.014289,0.009737,-0.636939,-0.005711,0.636964,9|10|11|12|13|14,0.5599
6703.617016,-0.145566,-2.041399,0.006801,1.998157,0.013152,0.009848,-0.650915,-0.004573,0.650931,9|10|11|12|13|14,0.5607
6703.633683,-0.156333,-2.059759,0.008336,2.005097,0.013402,0.009895,-0.647879,-0.010679,0.647967,9|10|11|12|13|14,0.5619
6703.650350,-0.165321,-2.068557,0.008432,2.005097,0.013402,0.009895,-0.643099,-0.015566,0.643288,9|10|11|12|13|14,0.5618
6703.667016,-0.165321,-2.068558,0.008430,2.012234,0.014047,0.009903,-0.650237,-0.016211,0.650439,9|10|11|12|13|14,0.5629
6703.683683,-0.154582,-2.085212,0.008383,2.019251,0.014645,0.009890,-0.648200,-0.010977,0.648293,9|10|11|12|13|14,0.5637
6703.717016,-0.154585,-2.085211,0.008382,2.039991,0.013650,0.009953,-0.668940,-0.009982,0.669015,9|10|11|12|13|14,0.5605
6703.733683,-0.152398,-2.112197,0.006758,2.039991,0.013650,0.009953,-0.654273,-0.008800,0.654332,9|10|11|12|13|14,0.5606
6703.750350,-0.164317,-2.120380,0.007253,2.047015,0.014014,0.009379,-0.656853,-0.015643,0.657039,9|10|11|12|13|14,0.5612
6703.767016,-0.164317,-2.120379,0.007255,2.061540,0.014924,0.009288,-0.671378,-0.016554,0.671582,9|10|11|12|13|14,0.5620
6703.783683,-0.150483,-2.137897,0.005808,2.061540,0.014924,0.009288,-0.661854,-0.009039,0.661916,9|10|11|12|13|14,0.5625
6703.800350,-0.147609,-2.148181,0.006102,2.068710,0.014280,0.009270,-0.663435,-0.006835,0.663470,9|10|11|12|13|14,0.5630
6703.817016,-0.147606,-2.148181,0.006109,2.082625,0.013534,0.009256,-0.677350,-0.006088,0.677378,9|10|11|12|13|14,0.5633
6703.850350,-0.169339,-2.172567,0.005949,2.096572,0.014755,0.009253,-0.678049,-0.019125,0.678319,9|10|11|12|13|14,0.5636
6703.867016,-0.161229,-2.181941,0.006589,2.096572,0.014755,0.009253,-0.672952,-0.014720,0.673113,9|10|11|12|13|14,0.5639
6703.883683,-0.153381,-2.191165,0.007020,2.103588,0.014621,0.009209,-0.674953,-0.010323,0.675032,9|10|11|12|13|14,0.5627
6703.900350,-0.156705,-2.201482,0.005311,2.110590,0.013923,0.009177,-0.676349,-0.011434,0.676446,9|10|11|12|13|14|15|16,0.5620
6703.917016,-0.156704,-2.201489,0.005302,2.117619,0.013215,0.009179,-0.683375,-0.010725,0.683459,9|10|11|12|13|14|15|16,0.5622
6703.950350,-0.168838,-2.210490,0.003847,2.131683,0.014267,0.009200,-0.692549,-0.018374,0.692793,11|12|13|14|15|16,0.5616
6703.967016,-0.176517,-2.226223,0.004391,2.145996,0.014041,0.009304,-0.698313,-0.022324,0.698670,11|12|13|14|15|16,0.5628
6703.983683,-0.166298,-2.245857,0.005058,2.145996,0.014041,0.009304,-0.687640,-0.016775,0.687844,11|12|13|14|15|16,0.5632
6704.000350,-0.172127,-2.254650,0.005279,2.153210,0.013714,0.009353,-0.690077,-0.019618,0.690356,11|12|13|14|15|16,0.5633
6704.017016,-0.177711,-2.263330,0.005682,2.160223,0.014385,0.009359,-0.692374,-0.023326,0.692767,11|12|13|14|15|16,0.5625
6704.033683,-0.169107,-2.270524,0.005017,2.167399,0.015447,0.009324,-0.695638,-0.019714,0.695917,11|12|13|14|15|16,0.5634
6704.050350,-0.169107,-2.270523,0.005019,2.174434,0.016442,0.009344,-0.702673,-0.020708,0.702978,11|12|13|14|15|16,0.5637
6704.067016,-0.155061,-2.280267,0.005077,2.181461,0.016522,0.009365,-0.704402,-0.013157,0.704525,11|12|13|14|15|16,0.5632
6704.083683,-0.141357,-2.289820,0.004834,2.195386,0.015010,0.009328,-0.713132,-0.004199,0.713144,11|12|13|14|15|16,0.5627
6704.100350,-0.141476,-2.299151,0.004956,2.195386,0.015010,0.009328,-0.708060,-0.004265,0.708073,11|12|13|14|15|16,0.5627
6704.117016,-0.164529,-2.314916,0.004533,2.202449,0.015452,0.009116,-0.706561,-0.017240,0.706772,11|12|13|14|15|16,0.5621
6704.133683,-0.164530,-2.314915,0.004532,2.216807,0.016651,0.009129,-0.720919,-0.018440,0.721155,11|12|13|14|15|16,0.5639
6704.150350,-0.158374,-2.323233,0.004048,2.223886,0.016017,0.009158,-0.723476,-0.014461,0.723621,11|12|13|14|15|16,0.5642
6704.167016,-0.149947,-2.333721,0.003922,2.223886,0.016017,0.009158,-0.717774,-0.009884,0.717842,11|12|13|14|15|16,0.5630
6704.183683,-0.153620,-2.351813,0.003489,2.237764,0.015240,0.009096,-0.721821,-0.011107,0.721906,11|12|13|14|15|16,0.5630
6704.217016,-0.165975,-2.366495,0.003869,2.251950,0.017267,0.009247,-0.728030,-0.019852,0.728301,11|12|13|14|15|16,0.5623
6704.233683,-0.152683,-2.376358,0.003797,2.251950,0.017267,0.009247,-0.722667,-0.012630,0.722777,11|12|13|14|15|16,0.5638
6704.250350,-0.152683,-2.376356,0.003799,2.258942,0.018143,0.009326,-0.729659,-0.013507,0.729784,11|12|13|14|15|16,0.5639
6704.267016,-0.128021,-2.395719,0.005103,2.266034,0.017744,0.008994,-0.726223,0.000291,0.726223,11|12|13|14|15|16,0.5622
6704.283683,-0.128021,-2.395721,0.005104,2.273253,0.017285,0.008884,-0.733441,0.000751,0.733441,11|12|13|14|15|16,0.5623
6704.300350,-0.143031,-2.414866,0.004486,2.280311,0.017522,0.008812,-0.730097,-0.007648,0.730137,11|12|13|14|15|16,0.5618
6704.333683,-0.143031,-2.414865,0.004486,2.301817,0.017879,0.008892,-0.751604,-0.008006,0.751646,11|12|13|14|15|16,0.5627
6704.350350,-0.131184,-2.430837,0.004878,2.301817,0.017879,0.008892,-0.742921,-0.001571,0.742922,11|12|13|14|15|16,0.5618
6704.367016,-0.138514,-2.449844,0.004838,2.315855,0.017069,0.009034,-0.746631,-0.004748,0.746646,11|12|13|14|15|16,0.5624
6704.383683,-0.151128,-2.458625,0.004957,2.315855,0.017069,0.009034,-0.741861,-0.011605,0.741952,11|12|13|14|15|16,0.5624
6704.417016,-0.151128,-2.458624,0.004955,2.336969,0.018134,0.009126,-0.762976,-0.012671,0.763081,11|12|13|14|15|16,0.5639
6704.433683,-0.139336,-2.485148,0.004710,2.343954,0.017380,0.009117,-0.755543,-0.005514,0.755563,11|12|13|14|15|16|17,0.5627
6704.450350,-0.139344,-2.485154,0.004702,2.351028,0.016702,0.009150,-0.762613,-0.004840,0.762628,11|12|13|14|15|16|17,0.5569
6704.467016,-0.151139,-2.502694,0.005198,2.351028,0.016702,0.009150,-0.753083,-0.011255,0.753167,12|13|14|15|16|17,0.5633
6704.483683,-0.151139,-2.502695,0.005199,2.358188,0.017146,0.009185,-0.760243,-0.011698,0.760333,12|13|14|15|16|17,0.5627
6704.500350,-0.155737,-2.519625,0.005095,2.372716,0.018106,0.009258,-0.765572,-0.015161,0.765722,12|13|14|15|16|17,0.5621
6704.517016,-0.150072,-2.529084,0.004924,2.379869,0.017423,0.009244,-0.767582,-0.011401,0.767666,12|13|14|15|16|17,0.5615
6704.533683,-0.144298,-2.538105,0.004551,2.386615,0.016857,0.009088,-0.769424,-0.007700,0.769462,12|13|14|15|16|17,0.5608
6704.550350,-0.155103,-2.547679,0.004581,2.386615,0.016857,0.009088,-0.764223,-0.013574,0.764344,12|13|14|15|16|17,0.5606
6704.567016,-0.163214,-2.553159,0.004899,2.393524,0.017310,0.008995,-0.768156,-0.018436,0.768377,12|13|14|15|16|17,0.5616
6704.583683,-0.163214,-2.553157,0.004898,2.407363,0.018236,0.008993,-0.781995,-0.019362,0.782235,12|13|14|15|16|17,0.5625
6704.600350,-0.157380,-2.562444,0.005000,2.407363,0.018236,0.008993,-0.776947,-0.016193,0.777116,12|13|14|15|16|17,0.5630
6704.617016,-0.151421,-2.571992,0.004203,2.414417,0.018657,0.008992,-0.778810,-0.013378,0.778925,12|13|14|15|16|17,0.5622
6704.633683,-0.141074,-2.590487,0.003644,2.428657,0.017030,0.008884,-0.782997,-0.006132,0.783021,12|13|14|15|16|17,0.5614
6704.650350,-0.153559,-2.600474,0.003770,2.435181,0.017431,0.008463,-0.784096,-0.013320,0.784209,12|13|14|15|16|17,0.5619
6704.683683,-0.153558,-2.600475,0.003773,2.442112,0.018093,0.008327,-0.791026,-0.013981,0.791149,12|13|14|15|16|17,0.5623
6704.700350,-0.150298,-2.624157,0.002476,2.449038,0.018758,0.008314,-0.785081,-0.012880,0.785187,12|13|14|15|16|17,0.5613
6704.717016,-0.150298,-2.624156,0.002477,2.456017,0.018113,0.008330,-0.792060,-0.012235,0.792154,12|13|14|15|16|17,0.5598
6704.733683,-0.151823,-2.643150,0.003284,2.463013,0.017396,0.008427,-0.788733,-0.012351,0.788830,12|13|14|15|16|17,0.5607
6704.767016,-0.162900,-2.658193,0.003359,2.477045,0.017917,0.008494,-0.794593,-0.018895,0.794818,12|13|14|15|16|17,0.5621
6704.817016,-0.162901,-2.658191,0.003360,2.498087,0.018836,0.008528,-0.815636,-0.019815,0.815876,12|13|14|15|16|17,0.5615
6704.833683,-0.147593,-2.695498,0.003693,2.504990,0.017889,0.008576,-0.802260,-0.010557,0.802330,12|13|14|15|16|17,0.5606
6704.850350,-0.161511,-2.703371,0.003554,2.519298,0.018525,0.007992,-0.812292,-0.018758,0.812509,12|13|14|15|16|17,0.5620
6704.867016,-0.158555,-2.710065,0.002616,2.519298,0.018525,0.007992,-0.808653,-0.017153,0.808835,12|13|14|15|16|17,0.5636
6704.900350,-0.146749,-2.730605,0.002525,2.540985,0.017899,0.007933,-0.819175,-0.010116,0.819238,12|13|14|15|16|17,0.5631
6704.917016,-0.152333,-2.740013,0.003114,2.547903,0.017524,0.007847,-0.820981,-0.012777,0.821081,12|13|14|15|16|17,0.5631
6704.933683,-0.163776,-2.750389,0.003938,2.554824,0.017979,0.007881,-0.822266,-0.019454,0.822496,12|13|14|15|16|17|18|19,0.5544
6704.950350,-0.169251,-2.756438,0.004547,2.561835,0.018440,0.007877,-0.825991,-0.022892,0.826308,12|13|14|15|16|17|18|19,0.5638
6704.967016,-0.163443,-2.765551,0.003116,2.561835,0.018440,0.007877,-0.821037,-0.019737,0.821274,12|13|14|15|16|17|18|19,0.5555
6704.983683,-0.162898,-2.767113,0.004406,2.575883,0.018091,0.007791,-0.834235,-0.019092,0.834454,14|15|16|17|18|19,0.5627
6705.000350,-0.156969,-2.776465,0.003773,2.575883,0.018091,0.007791,-0.829151,-0.015872,0.829303,14|15|16|17|18|19,0.5613
6705.033683,-0.151495,-2.785684,0.003537,2.597032,0.017900,0.007817,-0.845289,-0.012709,0.845384,14|15|16|17|18|19,0.5621
6705.050350,-0.176347,-2.810039,0.002974,2.597032,0.017900,0.007817,-0.832059,-0.026220,0.832472,14|15|16|17|18|19,0.5636
6705.083683,-0.160982,-2.830324,0.003357,2.611549,0.017978,0.007866,-0.835547,-0.017952,0.835740,14|15|16|17|18|19,0.5629
6705.100350,-0.160981,-2.830325,0.003359,2.625705,0.017994,0.007914,-0.849702,-0.017968,0.849892,14|15|16|17|18|19,0.5632
6705.117016,-0.175928,-2.848861,0.003454,2.632877,0.018955,0.007895,-0.846804,-0.027056,0.847236,14|15|16|17|18|19,0.5627
6705.133683,-0.175928,-2.848862,0.003453,2.632877,0.018955,0.007895,-0.846803,-0.027056,0.847236,14|15|16|17|18|19,0.5630
6705.167016,-0.145470,-2.874105,0.004154,2.647005,0.020618,0.007861,-0.847205,-0.012171,0.847292,14|15|16|17|18|19,0.5618
6705.183683,-0.136460,-2.883769,0.004235,2.654201,0.019751,0.007840,-0.849147,-0.006409,0.849172,14|15|16|17|18|19,0.5611
6705.200350,-0.149234,-2.892563,0.004528,2.668335,0.019138,0.007431,-0.858504,-0.012741,0.858599,14|15|16|17|18|19,0.5607
6705.217016,-0.149233,-2.892563,0.004529,2.668335,0.019138,0.007431,-0.858504,-0.012741,0.858599,14|15|16|17|18|19,0.5613
6705.233683,-0.161512,-2.900688,0.005185,2.682770,0.020149,0.007434,-0.868527,-0.020427,0.868767,14|15|16|17|18|19,0.5618
6705.250350,-0.150872,-2.918275,0.003959,2.682770,0.020149,0.007434,-0.858967,-0.014648,0.859092,14|15|16|17|18|19,0.5622
6705.267016,-0.144920,-2.927859,0.004085,2.689852,0.019925,0.007448,-0.860838,-0.011191,0.860911,14|15|16|17|18|19,0.5616
6705.283683,-0.148853,-2.937275,0.004449,2.703677,0.018778,0.007356,-0.869546,-0.012184,0.869632,14|15|16|17|18|19,0.5609
6705.317016,-0.148852,-2.937275,0.004451,2.710836,0.019691,0.007422,-0.876705,-0.013097,0.876803,14|15|16|17|18|19,0.5627
6705.333683,-0.165617,-2.950833,0.004082,2.724738,0.021488,0.007666,-0.883243,-0.024008,0.883569,14|15|16|17|18|19,0.5644
6705.350350,-0.140590,-2.970955,0.003645,2.731739,0.021422,0.007670,-0.879302,-0.010345,0.879363,14|15|16|17|18|19,0.5646
6705.367016,-0.140591,-2.970954,0.003644,2.738793,0.020939,0.007597,-0.886357,-0.009862,0.886412,14|15|16|17|18|19,0.5641
6705.383683,-0.131478,-2.989384,0.003413,2.745839,0.020902,0.007577,-0.883385,-0.004876,0.883398,14|15|16|17|18|19,0.5642
6705.400350,-0.131478,-2.989385,0.003413,2.753151,0.021494,0.007577,-0.890696,-0.005469,0.890713,14|15|16|17|18|19,0.5644
6705.433683,-0.132288,-3.014959,0.002771,2.760450,0.022018,0.007640,-0.884096,-0.006438,0.884119,14|15|16|17|18|19,0.5657
6705.450350,-0.132289,-3.014958,0.002774,2.767442,0.021607,0.007728,-0.891088,-0.006027,0.891109,14|15|16|17|18|19,0.5646
6705.483683,-0.124678,-3.025623,0.002021,2.781414,0.020475,0.007879,-0.899263,-0.000762,0.899263,14|15|16|17|18|19|20,0.5601
6705.500350,-0.145795,-3.043341,0.004180,2.795527,0.021243,0.007954,-0.903751,-0.013011,0.903845,15|16|17|18|19|20,0.5643
6705.517016,-0.144316,-3.059465,0.004338,2.802429,0.021587,0.007880,-0.901891,-0.012554,0.901978,15|16|17|18|19|20,0.5647
6705.533683,-0.144316,-3.059464,0.004339,2.802429,0.021587,0.007880,-0.901891,-0.012554,0.901978,15|16|17|18|19|20,0.5645
6705.550350,-0.139599,-3.069403,0.004078,2.816445,0.020146,0.007952,-0.910504,-0.008552,0.910544,15|16|17|18|19|20,0.5626
6705.583683,-0.157783,-3.094959,0.005010,2.823484,0.020416,0.007979,-0.903658,-0.018710,0.903851,15|16|17|18|19|20,0.5632
6705.600350,-0.154739,-3.103428,0.005330,2.830754,0.020815,0.008006,-0.906325,-0.017456,0.906493,15|16|17|18|19|20,0.5636
6705.617016,-0.149925,-3.113379,0.004819,2.837983,0.021213,0.008039,-0.908145,-0.015241,0.908273,15|16|17|18|19|20,0.5626
6705.633683,-0.149926,-3.113378,0.004818,2.845115,0.021110,0.008024,-0.915277,-0.015138,0.915402,15|16|17|18|19|20,0.5604
6705.650350,-0.147809,-3.131866,0.005098,2.858650,0.020657,0.007632,-0.918763,-0.013538,0.918863,15|16|17|18|19|20,0.5599
6705.683683,-0.147809,-3.131867,0.005097,2.865389,0.021020,0.007574,-0.925502,-0.013902,0.925606,15|16|17|18|19|20,0.5641
6705.700350,-0.154627,-3.146332,0.004365,2.879128,0.021765,0.007562,-0.931381,-0.018356,0.931562,15|16|17|18|19|20,0.5647
6705.717016,-0.150168,-3.155832,0.003058,2.879128,0.021765,0.007562,-0.926217,-0.015934,0.926354,15|16|17|18|19|20,0.5638
6705.733683,-0.145719,-3.165357,0.002651,2.886217,0.021425,0.007514,-0.928129,-0.013178,0.928222,15|16|17|18|19|20,0.5629
6705.750350,-0.146656,-3.182831,0.003335,2.893289,0.020587,0.007477,-0.925704,-0.012853,0.925793,15|16|17|18|19|20,0.5618
6705.783683,-0.146655,-3.182833,0.003335,2.914348,0.021869,0.007378,-0.946762,-0.014135,0.946868,15|16|17|18|19|20,0.5612
6705.800350,-0.149725,-3.208368,0.003655,2.914348,0.021869,0.007378,-0.932885,-0.015809,0.933019,15|16|17|18|19|20,0.5619
6705.833683,-0.149725,-3.208368,0.003656,2.928409,0.020972,0.007447,-0.946946,-0.014912,0.947063,15|16|17|18|19|20,0.5614
6705.867016,-0.159973,-3.241709,0.003167,2.949431,0.021587,0.007485,-0.949849,-0.021103,0.950084,15|16|17|18|19|20,0.5629
6705.900350,-0.159974,-3.241710,0.003167,2.956430,0.021904,0.007446,-0.956848,-0.021421,0.957088,15|16|17|18|19|20,0.5642
6705.917016,-0.146688,-3.271181,0.003489,2.963431,0.022213,0.007437,-0.947829,-0.014516,0.947941,15|16|17|18|19|20,0.5626
6705.933683,-0.146689,-3.271180,0.003490,2.977125,0.021463,0.007444,-0.961524,-0.013767,0.961622,15|16|17|18|19|20,0.5595
6705.950350,-0.156615,-3.287977,0.003747,2.977125,0.021463,0.007444,-0.952397,-0.019165,0.952590,15|16|17|18|19|20,0.5599
6705.967016,-0.155421,-3.293832,0.004002,2.984276,0.021873,0.007469,-0.956366,-0.018927,0.956554,15|16|17|18|19|20,0.5618
6705.983683,-0.155421,-3.293832,0.004002,2.991516,0.022274,0.007448,-0.963606,-0.019328,0.963800,15|16|17|18|19|20,0.5634
6706.000350,-0.145502,-3.314735,0.003122,2.998770,0.022318,0.007434,-0.959497,-0.013986,0.959599,15|16|17|18|19|20|21|22,0.5630
6706.017016,-0.146203,-3.323531,0.002797,3.005991,0.021476,0.007411,-0.961938,-0.013527,0.962033,15|16|17|18|19|20|21|22,0.5519
6706.033683,-0.145758,-3.325235,0.003229,3.019951,0.021334,0.007281,-0.974972,-0.013144,0.975061,17|18|19|20|21|22,0.5622
6706.100350,-0.158603,-3.334193,0.003735,3.048082,0.020785,0.007159,-0.998238,-0.019578,0.998430,17|18|19|20|21|22,0.5623
6706.117016,-0.152331,-3.369320,0.004424,3.054896,0.020624,0.007140,-0.985960,-0.016016,0.986090,17|18|19|20|21|22,0.5627
6706.133683,-0.172626,-3.386885,0.003101,3.054896,0.020624,0.007140,-0.976418,-0.027050,0.976792,17|18|19|20|21|22,0.5619
6706.150350,-0.172627,-3.386887,0.003102,3.069245,0.021736,0.007189,-0.990766,-0.028162,0.991166,17|18|19|20|21|22,0.5621
6706.167016,-0.167434,-3.402846,0.002946,3.069245,0.021736,0.007189,-0.982091,-0.025343,0.982418,17|18|19|20|21|22,0.5628
6706.183683,-0.167434,-3.402845,0.002947,3.076502,0.021551,0.007213,-0.989349,-0.025158,0.989669,17|18|19|20|21|22,0.5616
6706.200350,-0.164213,-3.422399,0.003677,3.083737,0.021034,0.007260,-0.985956,-0.022895,0.986222,17|18|19|20|21|22,0.5605
6706.217016,-0.172314,-3.431495,0.003626,3.097716,0.022142,0.007267,-0.994994,-0.028408,0.995399,17|18|19|20|21|22,0.5615
6706.233683,-0.169793,-3.436888,0.003573,3.097716,0.022142,0.007267,-0.992062,-0.027039,0.992430,17|18|19|20|21|22,0.5620
6706.250350,-0.158088,-3.446930,0.003322,3.104734,0.023030,0.007213,-0.993619,-0.021567,0.993853,17|18|19|20|21|22,0.5636
6706.267016,-0.158089,-3.446929,0.003324,3.118908,0.023363,0.007195,-1.007794,-0.021901,1.008032,17|18|19|20|21|22,0.5627
6706.300350,-0.143341,-3.475691,0.003412,3.125994,0.022404,0.007187,-0.999245,-0.012933,0.999329,17|18|19|20|21|22,0.5624
6706.317016,-0.157579,-3.484159,0.003515,3.140055,0.022981,0.007197,-1.008707,-0.021250,1.008931,17|18|19|20|21|22,0.5621
6706.333683,-0.156286,-3.490850,0.003570,3.140055,0.022981,0.007197,-1.005070,-0.020549,1.005280,17|18|19|20|21|22,0.5637
6706.350350,-0.150396,-3.501015,0.003429,3.147241,0.023423,0.007197,-1.006730,-0.017792,1.006888,17|18|19|20|21|22,0.5646
6706.367016,-0.150396,-3.501015,0.003430,3.154426,0.023558,0.007203,-1.013915,-0.017927,1.014074,17|18|19|20|21|22,0.5635
6706.383683,-0.144913,-3.510572,0.002830,3.168237,0.022076,0.007044,-1.022532,-0.013467,1.022620,17|18|19|20|21|22,0.5633
6706.400350,-0.157148,-3.528708,0.003002,3.168237,0.022076,0.007044,-1.012678,-0.020120,1.012878,17|18|19|20|21|22,0.5625
6706.417016,-0.157145,-3.528710,0.003006,3.175096,0.022854,0.007000,-1.019535,-0.020898,1.019749,17|18|19|20|21|22,0.5625
6706.450350,-0.141737,-3.552800,0.004480,3.189179,0.024672,0.007103,-1.020523,-0.014347,1.020623,17|18|19|20|21|22,0.5636
6706.467016,-0.141737,-3.552800,0.004479,3.203414,0.024404,0.007031,-1.034758,-0.014079,1.034853,17|18|19|20|21|22,0.5634
6706.483683,-0.129608,-3.562835,0.003394,3.210566,0.024117,0.006986,-1.036453,-0.007202,1.036478,17|18|19|20|21|22,0.5629
6706.500350,-0.135190,-3.581591,0.003404,3.217851,0.024727,0.007008,-1.033547,-0.010849,1.033604,17|18|19|20|21|22|23,0.5613
6706.517016,-0.139363,-3.587810,0.003219,3.217851,0.024727,0.007008,-1.030167,-0.013119,1.030251,17|18|19|20|21|22|23,0.5640
6706.533683,-0.131660,-3.597512,0.003580,3.225182,0.025298,0.007014,-1.032223,-0.009506,1.032267,17|18|19|20|21|22|23,0.5558
6706.550350,-0.131135,-3.598373,0.004269,3.239331,0.024200,0.007125,-1.045904,-0.008123,1.045936,18|19|20|21|22|23,0.5628
6706.567016,-0.127765,-3.618046,0.003051,3.239331,0.024200,0.007125,-1.035212,-0.006296,1.035231,18|19|20|21|22|23,0.5627
6706.583683,-0.127764,-3.618046,0.003052,3.253391,0.024106,0.007122,-1.049272,-0.006201,1.049290,18|19|20|21|22|23,0.5631
6706.600350,-0.141208,-3.626655,0.003906,3.260377,0.024516,0.007137,-1.051582,-0.013919,1.051674,18|19|20|21|22|23,0.5629
6706.617016,-0.143076,-3.642690,0.004693,3.267318,0.024882,0.007163,-1.049809,-0.015304,1.049920,18|19|20|21|22|23,0.5632
6706.633683,-0.137767,-3.652574,0.004235,3.267318,0.024882,0.007163,-1.044436,-0.012421,1.044510,18|19|20|21|22|23,0.5636
6706.650350,-0.133140,-3.661815,0.004396,3.274264,0.024419,0.007195,-1.046358,-0.009445,1.046401,18|19|20|21|22|23,0.5628
6706.667016,-0.140847,-3.670468,0.004955,3.281267,0.023595,0.007247,-1.048660,-0.012811,1.048738,18|19|20|21|22|23,0.5635
6706.700350,-0.153226,-3.686531,0.004699,3.302675,0.024470,0.007336,-1.061342,-0.020418,1.061538,18|19|20|21|22|23,0.5628
6706.717016,-0.147867,-3.696622,0.005475,3.309788,0.024574,0.007311,-1.062969,-0.017612,1.063115,18|19|20|21|22|23,0.5628
6706.733683,-0.142630,-3.705693,0.004921,3.309788,0.024574,0.007311,-1.058038,-0.014768,1.058141,18|19|20|21|22|23,0.5617
6706.750350,-0.142768,-3.715020,0.006254,3.323304,0.023678,0.006570,-1.066485,-0.013949,1.066576,18|19|20|21|22|23,0.5596
6706.767016,-0.156115,-3.722251,0.005823,3.323304,0.023678,0.006570,-1.062557,-0.021204,1.062769,18|19|20|21|22|23,0.5606
6706.783683,-0.156115,-3.722252,0.005824,3.330078,0.024059,0.006374,-1.069331,-0.021585,1.069549,18|19|20|21|22|23,0.5624
6706.800350,-0.149172,-3.738211,0.005162,3.336867,0.024474,0.006378,-1.067445,-0.018230,1.067601,18|19|20|21|22|23,0.5631
6706.833683,-0.138138,-3.757023,0.004916,3.350916,0.024725,0.006313,-1.071268,-0.012489,1.071341,18|19|20|21|22|23,0.5604
6706.867016,-0.138139,-3.757023,0.004917,3.371593,0.024218,0.005995,-1.091945,-0.011983,1.092011,18|19|20|21|22|23,0.5603
6706.883683,-0.153027,-3.774805,0.004738,3.378498,0.024863,0.005972,-1.089189,-0.020722,1.089387,18|19|20|21|22|23,0.5603
6706.900350,-0.149332,-3.790282,0.004597,3.385419,0.024957,0.005929,-1.087698,-0.018812,1.087861,18|19|20|21|22|23,0.5608
6706.917016,-0.149332,-3.790282,0.004596,3.392375,0.024197,0.005937,-1.094654,-0.018052,1.094803,18|19|20|21|22|23,0.5605
6706.933683,-0.140910,-3.809614,0.003935,3.399239,0.023639,0.005967,-1.091010,-0.012921,1.091086,18|19|20|21|22|23,0.5590
6706.967016,-0.160787,-3.823424,0.002951,3.406241,0.024072,0.006015,-1.090510,-0.024160,1.090778,18|19|20|21|22|23,0.5604
6706.983683,-0.155047,-3.833542,0.003551,3.413240,0.024542,0.005984,-1.092009,-0.021512,1.092221,18|19|20|21|22|23,0.5607
6707.000350,-0.149058,-3.843232,0.003290,3.420150,0.024941,0.005945,-1.093652,-0.018658,1.093811,18|19|20|21|22|23,0.5623
6707.017016,-0.143678,-3.854205,0.003651,3.427058,0.025323,0.005936,-1.094595,-0.016119,1.094714,18|19|20|21|22|23|24|25,0.5517
6707.033683,-0.143664,-3.854312,0.003693,3.440503,0.024153,0.005906,-1.107982,-0.014941,1.108082,18|19|20|21|22|23|24|25,0.5620
6707.050350,-0.138367,-3.863149,0.003471,3.447598,0.024646,0.005995,-1.110273,-0.012558,1.110344,18|19|20|21|22|23|24|25,0.5572
6707.067016,-0.156820,-3.874458,0.005353,3.454875,0.025137,0.005956,-1.111408,-0.023080,1.111648,18|20|21|22|23|24|25,0.5552
6707.100350,-0.144579,-3.895872,0.004437,3.469504,0.024604,0.005910,-1.114396,-0.015899,1.114509,20|21|22|23|24|25,0.5637
6707.117016,-0.144579,-3.895873,0.004436,3.476714,0.023867,0.005958,-1.121606,-0.015162,1.121709,20|21|22|23|24|25,0.5626
6707.133683,-0.142616,-3.906148,0.004271,3.483486,0.024030,0.005843,-1.122793,-0.014261,1.122884,20|21|22|23|24|25,0.5633
6707.167016,-0.162078,-3.930323,0.003775,3.497543,0.025021,0.005822,-1.123716,-0.025834,1.124013,20|21|22|23|24|25,0.5635
6707.183683,-0.155176,-3.940475,0.003940,3.497543,0.025021,0.005822,-1.118197,-0.022085,1.118415,20|21|22|23|24|25,0.5642
6707.200350,-0.155176,-3.940473,0.003940,3.511716,0.024005,0.005728,-1.132371,-0.021070,1.132567,20|21|22|23|24|25,0.5635
6707.217016,-0.149037,-3.950279,0.004515,3.518637,0.023347,0.005574,-1.133961,-0.017076,1.134090,20|21|22|23|24|25,0.5621
6707.233683,-0.165469,-3.967843,0.004279,3.518637,0.023347,0.005574,-1.124419,-0.026011,1.124720,20|21|22|23|24|25,0.5628
6707.267016,-0.168816,-3.982292,0.004864,3.540020,0.024399,0.005215,-1.137950,-0.028885,1.138317,20|21|22|23|24|25,0.5632
6707.283683,-0.168817,-3.982291,0.004862,3.547240,0.023991,0.005274,-1.145171,-0.028478,1.145525,20|21|22|23|24|25,0.5618
6707.300350,-0.161644,-4.003098,0.005191,3.547240,0.023991,0.005274,-1.133861,-0.024584,1.134128,20|21|22|23|24|25,0.5637
6707.317016,-0.167892,-4.012029,0.005280,3.561292,0.024543,0.005151,-1.143060,-0.028534,1.143416,20|21|22|23|24|25,0.5647
6707.333683,-0.171929,-4.018691,0.004658,3.561292,0.024543,0.005151,-1.139440,-0.030729,1.139855,20|21|22|23|24|25,0.5652
6707.350350,-0.160568,-4.026000,0.004505,3.568487,0.025538,0.005128,-1.142661,-0.025552,1.142947,20|21|22|23|24|25,0.5647
6707.367016,-0.160569,-4.025999,0.004503,3.582591,0.026182,0.005176,-1.156766,-0.026196,1.157062,20|21|22|23|24|25,0.5639
6707.400350,-0.146892,-4.037153,0.004273,3.589636,0.025336,0.005146,-1.157745,-0.017920,1.157884,20|21|22|23|24|25,0.5634
6707.417016,-0.138934,-4.056536,0.003699,3.596574,0.024832,0.005082,-1.154148,-0.013094,1.154222,20|21|22|23|24|25,0.5635
6707.433683,-0.151607,-4.065374,0.003608,3.603808,0.025388,0.005151,-1.156582,-0.020540,1.156764,20|21|22|23|24|25,0.5636
6707.450350,-0.150949,-4.081647,0.003553,3.618293,0.026284,0.005190,-1.162222,-0.021082,1.162414,20|21|22|23|24|25,0.5625
6707.483683,-0.139598,-4.101627,0.004056,3.632521,0.024642,0.005196,-1.165589,-0.013276,1.165664,20|21|22|23|24|25,0.5615
6707.500350,-0.139600,-4.101627,0.004047,3.639171,0.025027,0.004950,-1.172239,-0.013661,1.172318,20|21|22|23|24|25,0.5624
6707.533683,-0.151756,-4.110222,0.003713,3.653477,0.027025,0.004925,-1.181876,-0.022268,1.182086,20|21|22|23|24|25,0.5638
6707.550350,-0.144436,-4.133118,0.003312,3.660639,0.027426,0.004951,-1.176593,-0.018696,1.176742,20|21|22|23|24|25|26,0.5615
6707.567016,-0.144430,-4.133137,0.003347,3.667841,0.026993,0.004882,-1.183785,-0.018260,1.183926,20|21|22|23|24|25|26,0.5615
6707.583683,-0.125320,-4.153606,0.002795,3.667841,0.026993,0.004882,-1.172657,-0.007878,1.172683,20|21|22|23|24|25|26,0.5566
6707.600350,-0.124905,-4.154532,0.003645,3.675075,0.026568,0.004848,-1.179387,-0.007227,1.179409,21|22|23|24|25|26,0.5628
6707.617016,-0.131966,-4.163778,0.004490,3.689423,0.027667,0.004758,-1.188711,-0.012166,1.188773,21|22|23|24|25|26,0.5617
6707.633683,-0.131994,-4.178620,0.002953,3.689423,0.027667,0.004758,-1.180645,-0.012185,1.180708,21|22|23|24|25|26,0.5623
6707.650350,-0.122657,-4.189331,0.003080,3.703653,0.026822,0.004874,-1.189052,-0.006268,1.189068,21|22|23|24|25|26,0.5613
6707.667016,-0.123942,-4.199278,0.002735,3.710739,0.026042,0.004899,-1.190733,-0.006188,1.190749,21|22|23|24|25|26,0.5618
6707.683683,-0.123943,-4.199279,0.002735,3.710739,0.026042,0.004899,-1.190732,-0.006189,1.190748,21|22|23|24|25|26,0.5634
6707.700350,-0.147187,-4.215928,0.002426,3.717685,0.026191,0.004559,-1.188634,-0.018974,1.188785,21|22|23|24|25|26,0.5634
6707.717017,-0.144548,-4.222784,0.003813,3.724728,0.026714,0.004555,-1.191951,-0.018064,1.192087,21|22|23|24|25|26,0.5645
6707.733683,-0.137217,-4.233244,0.003248,3.731759,0.027180,0.004595,-1.193295,-0.014549,1.193384,21|22|23|24|25|26,0.5639
6707.750350,-0.130938,-4.242824,0.003677,3.745699,0.026134,0.004567,-1.202027,-0.010092,1.202070,21|22|23|24|25|26,0.5634
6707.767017,-0.136324,-4.252001,0.003091,3.745699,0.026134,0.004567,-1.197041,-0.013021,1.197112,21|22|23|24|25|26,0.5620
6707.800350,-0.154053,-4.267208,0.002953,3.759915,0.026149,0.004674,-1.202996,-0.022675,1.203209,21|22|23|24|25|26,0.5635
6707.817017,-0.147408,-4.277838,0.002456,3.767191,0.026630,0.004712,-1.204493,-0.019547,1.204652,21|22|23|24|25|26,0.5622
6707.833683,-0.147408,-4.277838,0.002457,3.781481,0.025978,0.004577,-1.218783,-0.018895,1.218930,21|22|23|24|25|26,0.5626
6707.850350,-0.141326,-4.287448,0.003119,3.788042,0.025644,0.004395,-1.220120,-0.015257,1.220216,21|22|23|24|25|26,0.5615
6707.883683,-0.156434,-4.309655,0.003048,3.794967,0.026127,0.004374,-1.214980,-0.023956,1.215216,21|22|23|24|25|26,0.5623
6707.917017,-0.143095,-4.329788,0.003323,3.808923,0.027111,0.004391,-1.217991,-0.017695,1.218120,21|22|23|24|25|26,0.5642
6707.933683,-0.136686,-4.339335,0.003263,3.823038,0.026421,0.004181,-1.226916,-0.013524,1.226991,21|22|23|24|25|26,0.5640
6707.950350,-0.136686,-4.339336,0.003264,3.823038,0.026421,0.004181,-1.226916,-0.013524,1.226991,21|22|23|24|25|26,0.5631
6707.967017,-0.137427,-4.348801,0.003234,3.836480,0.026153,0.003761,-1.235214,-0.013661,1.235289,21|22|23|24|25|26,0.5631
6707.983683,-0.157043,-4.365949,0.003005,3.836480,0.026153,0.003761,-1.225899,-0.024326,1.226140,21|22|23|24|25|26,0.5630
6708.000350,-0.151277,-4.371304,0.002799,3.850172,0.027146,0.003665,-1.236679,-0.022186,1.236878,21|22|23|24|25|26,0.5636
6708.017017,-0.151276,-4.371306,0.002802,3.857131,0.026446,0.003670,-1.243637,-0.021486,1.243823,21|22|23|24|25|26,0.5633
6708.033683,-0.138805,-4.391646,0.002101,3.857131,0.026446,0.003670,-1.232580,-0.014712,1.232668,21|22|23|24|25|26,0.5625
6708.050350,-0.138805,-4.391647,0.002098,3.864127,0.025791,0.003717,-1.239575,-0.014058,1.239654,21|22|23|24|25|26,0.5631
6708.067017,-0.149089,-4.402469,0.001651,3.877802,0.026451,0.003766,-1.247371,-0.020309,1.247536,21|22|23|24|25|26|27|28,0.5636
6708.083683,-0.157483,-4.414809,0.001824,3.884834,0.027001,0.003760,-1.247698,-0.025424,1.247957,21|22|23|24|25|26|27|28,0.5651
6708.100350,-0.157428,-4.414863,0.001908,3.891812,0.027496,0.003765,-1.254647,-0.025889,1.254914,21|22|23|24|25|26|27|28,0.5516
6708.117017,-0.141671,-4.435448,0.003049,3.891812,0.027496,0.003765,-1.243455,-0.017330,1.243576,23|24|25|26|27|28,0.5644
6708.133683,-0.141670,-4.435448,0.003056,3.905582,0.026110,0.003763,-1.257226,-0.015944,1.257327,23|24|25|26|27|28,0.5625
6708.150350,-0.144491,-4.453457,0.003177,3.905582,0.026110,0.003763,-1.247439,-0.017481,1.247562,23|24|25|26|27|28,0.5617
6708.183683,-0.144492,-4.453459,0.003171,3.919693,0.026874,0.003369,-1.261549,-0.018245,1.261681,23|24|25|26|27|28,0.5631
6708.200350,-0.145259,-4.477756,0.003649,3.934434,0.026554,0.003305,-1.263085,-0.018347,1.263218,23|24|25|26|27|28,0.5636
6708.217017,-0.145258,-4.477754,0.003649,3.941710,0.025838,0.003366,-1.270362,-0.017631,1.270485,23|24|25|26|27|28,0.5635
6708.250350,-0.161177,-4.508390,0.003741,3.948518,0.025612,0.003391,-1.260523,-0.026064,1.260793,23|24|25|26|27|28,0.5632
6708.267017,-0.161182,-4.508393,0.003734,3.962532,0.026796,0.003428,-1.274536,-0.027249,1.274827,23|24|25|26|27|28,0.5642
6708.283683,-0.164315,-4.512409,0.003265,3.969624,0.026703,0.003339,-1.279447,-0.028861,1.279772,23|24|25|26|27|28,0.5653
6708.300350,-0.147938,-4.532713,0.002803,3.976712,0.025993,0.003302,-1.275496,-0.019254,1.275641,23|24|25|26|27|28,0.5651
6708.333683,-0.160808,-4.550893,0.002859,3.983835,0.025284,0.003294,-1.272742,-0.025544,1.272998,23|24|25|26|27|28,0.5645
6708.350350,-0.160811,-4.550893,0.002858,3.990592,0.025310,0.003222,-1.279498,-0.025571,1.279753,23|24|25|26|27|28,0.5633
6708.367017,-0.170785,-4.565166,0.002589,4.005273,0.026174,0.003230,-1.286424,-0.031859,1.286819,23|24|25|26|27|28,0.5638
6708.383683,-0.170783,-4.565165,0.002591,4.012544,0.025813,0.003275,-1.293696,-0.031497,1.294079,23|24|25|26|27|28,0.5628
6708.400350,-0.159696,-4.586684,0.003195,4.012544,0.025813,0.003275,-1.281998,-0.025476,1.282251,23|24|25|26|27|28,0.5626
6708.433683,-0.169848,-4.604238,0.002897,4.026613,0.025966,0.003334,-1.286529,-0.031150,1.286906,23|24|25|26|27|28,0.5635
6708.450350,-0.163631,-4.608472,0.002994,4.033829,0.027078,0.003296,-1.291443,-0.028885,1.291766,23|24|25|26|27|28,0.5643
6708.467017,-0.148249,-4.619363,0.002589,4.048109,0.028004,0.003302,-1.299800,-0.021453,1.299977,23|24|25|26|27|28,0.5637
6708.483683,-0.133293,-4.629755,0.002679,4.048109,0.028004,0.003302,-1.294149,-0.013327,1.294218,23|24|25|26|27|28,0.5633
6708.500350,-0.133297,-4.629758,0.002677,4.062204,0.026526,0.003286,-1.308243,-0.011851,1.308297,23|24|25|26|27|28,0.5639
6708.517017,-0.147229,-4.649194,0.003142,4.062204,0.026526,0.003286,-1.297683,-0.019427,1.297828,23|24|25|26|27|28,0.5644
6708.533683,-0.156988,-4.657710,0.003083,4.069163,0.026750,0.002708,-1.300016,-0.024957,1.300256,23|24|25|26|27|28,0.5638
6708.550350,-0.152362,-4.663734,0.001801,4.076488,0.027431,0.002681,-1.304065,-0.023126,1.304270,23|24|25|26|27|28,0.5652
6708.567017,-0.152364,-4.663736,0.001795,4.083741,0.027863,0.002703,-1.311318,-0.023559,1.311530,23|24|25|26|27|28,0.5643
6708.583683,-0.175255,-4.606571,0.000690,4.090877,0.027137,0.002722,-1.349526,-0.035260,1.349987,23|24|25|26|27|28|28,0.5612
6708.600350,-0.148047,-4.693844,0.001131,4.104707,0.026154,0.002647,-1.315920,-0.019510,1.316064,23|24|25|26|27|28|28,0.5640
6708.633683,-0.148143,-4.694258,0.001178,4.118523,0.028232,0.002714,-1.329510,-0.021640,1.329687,24|25|26|27|28|28,0.5633
6708.650350,-0.192084,-4.623472,0.000428,4.118523,0.028232,0.002714,-1.367991,-0.045506,1.368748,24|25|26|27|28|28,0.5649
6708.667017,-0.192165,-4.623308,0.000429,4.132953,0.028420,0.002704,-1.382510,-0.045738,1.383266,24|25|26|27|28|28,0.5642
6708.717017,-0.180609,-4.664311,0.001787,4.147256,0.028094,0.002625,-1.374526,-0.039140,1.375083,24|25|26|27|28|28,0.5627
6708.733683,-0.180706,-4.664124,0.001784,4.161772,0.028977,0.002725,-1.389145,-0.040075,1.389723,24|25|26|27|28|28,0.5637
6708.750350,-0.169098,-4.679984,0.002149,4.161772,0.028977,0.002725,-1.380522,-0.033770,1.380935,24|25|26|27|28|28,0.5628
6708.767017,-0.168636,-4.691224,0.001752,4.175939,0.027482,0.002726,-1.388580,-0.032027,1.388950,24|25|26|27|28|28,0.5628
6708.783683,-0.168650,-4.691193,0.001755,4.182784,0.027287,0.002646,-1.395442,-0.031840,1.395805,24|25|26|27|28|28,0.5628
6708.800350,-0.179825,-4.700274,0.002242,4.182784,0.027287,0.002646,-1.390509,-0.037915,1.391026,24|25|26|27|28|28,0.5636
6708.817017,-0.147240,-4.805320,0.002196,4.189815,0.027909,0.002656,-1.340442,-0.020851,1.340605,24|25|26|27|28|28,0.5638
6708.833683,-0.147239,-4.805320,0.002196,4.203932,0.028293,0.002716,-1.354560,-0.021235,1.354726,24|25|26|27|28|28,0.5641
6708.850350,-0.184005,-4.723904,0.001667,4.210843,0.027676,0.002698,-1.405727,-0.040581,1.406312,24|25|26|27|28|28,0.5643
6708.867017,-0.134088,-4.835621,0.002598,4.210843,0.027676,0.002698,-1.345000,-0.013477,1.345068,24|25|26|27|28|28,0.5642
6708.883683,-0.143086,-4.844068,0.002743,4.217870,0.027066,0.002772,-1.347438,-0.017759,1.347555,24|25|26|27|28|28,0.5634
6708.900350,-0.152079,-4.852568,0.002694,4.224877,0.027325,0.002837,-1.349828,-0.022908,1.350022,24|25|26|27|28|28,0.5630
6708.917017,-0.148500,-4.859786,0.002259,4.232177,0.027931,0.002866,-1.353204,-0.021570,1.353376,24|25|26|27|28|28,0.5625
6708.933683,-0.186175,-4.778229,0.002603,4.246560,0.027456,0.002878,-1.411920,-0.041552,1.412531,24|25|26|27|28|28,0.5630
6708.950350,-0.136432,-4.880398,0.002499,4.253385,0.026805,0.002809,-1.363206,-0.013890,1.363277,24|25|26|27|28|28,0.5617
6708.967017,-0.148746,-4.889048,0.003111,4.253385,0.026805,0.002809,-1.358508,-0.020584,1.358664,24|25|26|27|28|28,0.5625
6708.983683,-0.158111,-4.895070,0.002897,4.259919,0.027058,0.002372,-1.361772,-0.025928,1.362019,24|25|26|27|28|28,0.5620
6709.000350,-0.199090,-4.809717,0.001692,4.273733,0.028243,0.002234,-1.421982,-0.049366,1.422839,24|25|26|27|28|28,0.5635
6709.017017,-0.199011,-4.809867,0.001695,4.280878,0.028308,0.002198,-1.429045,-0.049388,1.429899,24|25|26|27|28|28,0.5642
6709.050350,-0.136128,-4.931944,0.000764,4.287951,0.027700,0.002182,-1.369758,-0.014631,1.369836,24|25|26|27|28|28,0.5627
6709.067017,-0.190459,-4.848770,0.001068,4.294982,0.027090,0.002160,-1.422005,-0.043530,1.422671,24|25|26|27|28|28,0.5622
6709.100350,-0.190574,-4.848554,0.001061,4.315579,0.028280,0.002020,-1.442719,-0.044783,1.443414,24|25|26|27|28|28,0.5606
6709.117017,-0.188499,-4.886193,0.001771,4.315579,0.028280,0.002020,-1.422263,-0.043663,1.422933,24|25|26|27|28|28|30|31,0.5627
6709.133683,-0.142777,-4.964561,0.000914,4.329652,0.027000,0.002047,-1.393734,-0.017551,1.393845,24|25|26|27|28|28|30|31,0.5558
6709.183683,-0.184488,-4.885254,0.000258,4.350593,0.027999,0.002144,-1.457786,-0.041202,1.458369,26|27|28|28|30|31,0.5634
6709.200350,-0.161449,-4.997670,0.000897,4.350593,0.027999,0.002144,-1.396686,-0.028706,1.396981,26|27|28|28|30|31,0.5631
6709.217017,-0.198083,-4.916400,0.000477,4.357534,0.028514,0.002107,-1.447803,-0.049113,1.448636,26|27|28|28|30|31,0.5632
6709.233683,-0.136254,-5.028702,-0.000319,4.364386,0.028074,0.002071,-1.393608,-0.015095,1.393690,26|27|28|28|30|31,0.5624
6709.267017,-0.136255,-5.028700,-0.000320,4.385218,0.027780,0.002086,-1.414441,-0.014801,1.414518,26|27|28|28|30|31,0.5611
6709.283683,-0.203214,-4.957094,0.000616,4.385218,0.027780,0.002086,-1.453372,-0.051176,1.454273,26|27|28|28|30|31,0.5610
6709.300350,-0.194154,-4.967770,0.000538,4.392622,0.028326,0.002093,-1.454972,-0.046801,1.455725,26|27|28|28|30|31,0.5603
6709.317017,-0.194123,-4.967832,0.000538,4.399912,0.027686,0.001830,-1.462229,-0.046144,1.462957,26|27|28|28|30|31,0.5598
6709.333683,-0.141478,-5.072309,0.000174,4.414177,0.026658,0.001903,-1.419701,-0.016528,1.419797,26|27|28|28|30|31,0.5613
6709.367017,-0.197115,-4.989494,-0.000039,4.427783,0.027756,0.001733,-1.478327,-0.047845,1.479101,26|27|28|28|30|31,0.5627
6709.383683,-0.166315,-5.097521,-0.001106,4.434896,0.027724,0.001611,-1.426722,-0.031098,1.427061,26|27|28|28|30|31,0.5640
6709.400350,-0.149962,-5.114783,-0.001279,4.441962,0.027120,0.001570,-1.424403,-0.021610,1.424567,26|27|28|28|30|31,0.5644
6709.417017,-0.149962,-5.114783,-0.001276,4.449089,0.026521,0.001560,-1.431531,-0.021011,1.431685,26|27|28|28|30|31,0.5644
6709.450350,-0.196475,-5.034041,0.001244,4.462743,0.026758,0.001014,-1.489077,-0.046509,1.489803,26|27|28|28|30|31,0.5636
6709.467017,-0.173494,-5.148607,0.000930,4.462743,0.026758,0.001014,-1.426808,-0.034045,1.427214,26|27|28|28|30|31,0.5622
6709.483683,-0.209167,-5.064837,0.000604,4.470156,0.026992,0.000962,-1.479756,-0.053648,1.480728,26|27|28|28|30|31,0.5632
6709.500350,-0.161094,-5.169446,-0.000142,4.477378,0.026675,0.001022,-1.430114,-0.027227,1.430373,26|27|28|28|30|31,0.5624
6709.517017,-0.161092,-5.169446,-0.000143,4.491532,0.026524,0.001081,-1.444269,-0.027074,1.444522,26|27|28|28|30|31,0.5623
6709.550350,-0.168168,-5.192082,-0.000936,4.498506,0.027549,0.000939,-1.438941,-0.031951,1.439296,26|27|28|28|30|31,0.5629
6709.567017,-0.153730,-5.199997,-0.001580,4.505715,0.028778,0.000871,-1.441846,-0.025334,1.442068,26|27|28|28|30|31,0.5626
6709.583683,-0.181705,-5.119539,-0.000431,4.520041,0.028041,0.000873,-1.499905,-0.039783,1.500432,26|27|28|28|30|31,0.5630
6709.600350,-0.182147,-5.131193,-0.000444,4.520041,0.028041,0.000873,-1.493571,-0.040026,1.494108,26|27|28|28|30|31,0.5634
6709.617017,-0.186426,-5.153290,-0.001089,4.527076,0.027473,0.000848,-1.488598,-0.041789,1.489185,26|27|28|28|30|31|32,0.5578
6709.633683,-0.155453,-5.240820,-0.002264,4.533974,0.027234,0.000779,-1.447919,-0.024735,1.448130,26|27|28|28|30|31|32,0.5639
6709.650350,-0.158102,-5.245286,-0.002364,4.541204,0.028048,0.000848,-1.452722,-0.026991,1.452973,26|27|28|28|30|31|32,0.5646
6709.667017,-0.158339,-5.245827,-0.002623,4.548549,0.028640,0.000816,-1.459773,-0.027712,1.460036,27|28|28|30|31|32,0.5640
6709.683683,-0.184500,-5.176578,-0.001768,4.555758,0.027964,0.000834,-1.504623,-0.041238,1.505188,27|28|28|30|31|32,0.5636
6709.700350,-0.184606,-5.176370,-0.001765,4.562935,0.027353,0.000855,-1.511914,-0.040685,1.512461,27|28|28|30|31|32,0.5631
6709.717017,-0.203544,-5.194702,-0.001172,4.569926,0.026840,0.000764,-1.508946,-0.050469,1.509790,27|28|28|30|31|32,0.5629
6709.733683,-0.203580,-5.194630,-0.001173,4.576250,0.027486,0.000624,-1.515309,-0.051134,1.516171,27|28|28|30|31|32,0.5625
6709.750350,-0.155440,-5.295730,-0.002538,4.583417,0.028760,0.000777,-1.467519,-0.026267,1.467754,27|28|28|30|31|32,0.5639
6709.767017,-0.182892,-5.214762,-0.001369,4.590795,0.029543,0.000753,-1.518907,-0.041951,1.519487,27|28|28|30|31|32,0.5630
6709.783683,-0.182900,-5.214744,-0.001371,4.605263,0.028944,0.000722,-1.533385,-0.041358,1.533943,27|28|28|30|31|32,0.5638
6709.800350,-0.131568,-5.329039,-0.002353,4.612515,0.028781,0.000808,-1.478510,-0.013322,1.478570,27|28|28|30|31|32,0.5654
6709.817017,-0.131568,-5.329044,-0.002351,4.619466,0.029394,0.000828,-1.485458,-0.013935,1.485523,27|28|28|30|31|32,0.5645
6709.833683,-0.135516,-5.339437,-0.002104,4.626783,0.029664,0.000888,-1.487127,-0.016352,1.487217,27|28|28|30|31|32,0.5633
6709.850350,-0.128335,-5.352812,-0.002470,4.626783,0.029664,0.000888,-1.479856,-0.012452,1.479908,27|28|28|30|31|32,0.5635
6709.867017,-0.125615,-5.365545,-0.002139,4.640957,0.028375,0.000930,-1.487110,-0.009688,1.487142,27|28|28|30|31|32,0.5642
6709.883683,-0.125614,-5.365546,-0.002137,4.648042,0.027895,0.001028,-1.494194,-0.009208,1.494223,27|28|28|30|31|32,0.5649
6709.900350,-0.144089,-5.383469,-0.002480,4.648042,0.027895,0.001028,-1.484458,-0.019252,1.484582,27|28|28|30|31|32,0.5645
6709.917017,-0.144086,-5.383470,-0.002480,4.654848,0.028281,0.000834,-1.491263,-0.019637,1.491392,27|28|28|30|31|32,0.5640
6709.933683,-0.150345,-5.390173,-0.002178,4.669216,0.028908,0.000933,-1.501990,-0.023666,1.502176,27|28|28|30|31|32,0.5657
6709.950350,-0.133404,-5.408111,-0.002646,4.669216,0.028908,0.000933,-1.492237,-0.014463,1.492307,27|28|28|30|31|32,0.5641
6709.967017,-0.136704,-5.418921,-0.002816,4.682993,0.027946,0.000942,-1.500139,-0.015298,1.500217,27|28|28|30|31|32,0.5646
6709.983683,-0.188805,-5.335964,-0.001520,4.682993,0.027946,0.000942,-1.545237,-0.043595,1.545851,27|28|28|30|31|32,0.5648
6710.000350,-0.195776,-5.344085,-0.001746,4.689990,0.027648,0.001013,-1.547821,-0.047087,1.548537,27|28|28|30|31|32,0.5646
6710.033683,-0.189110,-5.360717,-0.001281,4.704443,0.028824,0.001287,-1.553234,-0.044645,1.553876,27|28|28|30|31|32,0.5630
6710.050350,-0.183785,-5.372243,-0.000906,4.711755,0.027992,0.001270,-1.554281,-0.040921,1.554819,27|28|28|30|31|32,0.5627
6710.083683,-0.183801,-5.372208,-0.000907,4.732036,0.027877,0.000796,-1.574580,-0.040815,1.575109,27|28|28|30|31|32,0.5636
6710.100350,-0.205118,-5.392419,-0.000815,4.732036,0.027877,0.000796,-1.563601,-0.052405,1.564479,27|28|28|30|31|32,0.5634
6710.117017,-0.205269,-5.392113,-0.000815,4.746267,0.028707,0.000560,-1.577998,-0.053316,1.578898,27|28|28|30|31|32,0.5632
6710.150350,-0.196140,-5.401813,-0.001784,4.760413,0.027729,0.000503,-1.586870,-0.047379,1.587578,27|28|28|30|31|32,0.5615
6710.167017,-0.214069,-5.386957,-0.002151,4.767310,0.027377,0.000487,-1.601846,-0.056768,1.602851,27|28|28|30|31|32|33|34,0.5604
6710.183683,-0.213858,-5.387508,-0.002252,4.773989,0.027972,0.000164,-1.608225,-0.057249,1.609244,28|30|31|32|33|34,0.5628
6710.200350,-0.225841,-5.402279,-0.002622,4.773989,0.027972,0.000164,-1.600200,-0.063765,1.601470,28|30|31|32|33|34,0.5625
6710.217017,-0.225673,-5.402616,-0.002617,4.788157,0.027871,0.000088,-1.614184,-0.063572,1.615436,28|30|31|32|33|34,0.5629
6710.233683,-0.208964,-5.423325,-0.003256,4.788157,0.027871,0.000088,-1.602926,-0.054495,1.603852,28|30|31|32|33|34,0.5626
6710.250350,-0.208983,-5.423283,-0.003255,4.795276,0.027294,0.000099,-1.610068,-0.053929,1.610971,28|30|31|32|33|34,0.5634
6710.267017,-0.226518,-5.441494,-0.003180,4.802243,0.026968,0.000232,-1.607142,-0.063137,1.608382,28|30|31|32|33|34,0.5638
6710.283683,-0.226621,-5.441290,-0.003187,4.816019,0.028091,0.000162,-1.621029,-0.064316,1.622304,28|30|31|32|33|34,0.5628
6710.317017,-0.214875,-5.463641,-0.003293,4.823013,0.028729,0.000159,-1.615873,-0.058575,1.616934,28|30|31|32|33|34,0.5611
6710.333683,-0.205907,-5.473741,-0.003415,4.829936,0.028343,0.000142,-1.617304,-0.053317,1.618183,28|30|31|32|33|34,0.5611
6710.350350,-0.212449,-5.483130,-0.003288,4.836827,0.027660,0.000124,-1.619095,-0.056191,1.620069,28|30|31|32|33|34,0.5609
6710.367017,-0.222379,-5.490974,-0.003113,4.850518,0.027586,-0.000189,-1.628524,-0.061516,1.629686,28|30|31|32|33|34,0.5614
6710.383683,-0.229544,-5.496480,-0.003221,4.850518,0.027586,-0.000189,-1.625534,-0.065411,1.626849,28|30|31|32|33|34,0.5610
6710.417017,-0.213622,-5.516863,-0.003487,4.865409,0.027685,-0.000269,-1.629343,-0.056861,1.630335,28|30|31|32|33|34,0.5627
6710.433683,-0.221071,-5.527691,-0.003343,4.872656,0.027136,-0.000233,-1.630708,-0.060364,1.631825,28|30|31|32|33|34,0.5617
6710.467017,-0.220987,-5.527854,-0.003341,4.893381,0.027581,-0.000172,-1.651344,-0.060763,1.652461,28|30|31|32|33|34,0.5636
6710.483683,-0.233404,-5.548468,-0.003138,4.900656,0.027714,-0.000288,-1.647418,-0.067648,1.648807,28|30|31|32|33|34,0.5648
6710.500350,-0.221924,-5.559366,-0.003173,4.900656,0.027714,-0.000288,-1.641493,-0.061412,1.642641,28|30|31|32|33|34,0.5639
6710.517017,-0.220978,-5.571116,-0.003338,4.907712,0.027108,-0.000446,-1.642163,-0.060294,1.643269,28|30|31|32|33|34,0.5643
6710.533683,-0.220997,-5.571073,-0.003338,4.914864,0.026545,-0.000494,-1.649338,-0.059742,1.650419,28|30|31|32|33|34,0.5643
6710.550350,-0.229292,-5.580837,-0.003448,4.928438,0.026454,-0.000956,-1.657607,-0.064161,1.658849,28|30|31|32|33|34,0.5632
6710.567017,-0.244805,-5.599379,-0.004077,4.928438,0.026454,-0.000956,-1.647534,-0.072596,1.649132,28|30|31|32|33|34,0.5618
6710.583683,-0.244812,-5.599367,-0.004079,4.935891,0.026874,-0.001082,-1.654993,-0.073020,1.656603,28|30|31|32|33|34,0.5609
6710.600350,-0.232042,-5.615218,-0.004745,4.943114,0.026564,-0.001062,-1.653599,-0.065773,1.654907,28|30|31|32|33|34,0.5611
6710.617017,-0.231983,-5.615333,-0.004742,4.950353,0.026414,-0.000990,-1.660775,-0.065591,1.662069,28|30|31|32|33|34,0.5612
6710.633683,-0.238257,-5.633358,-0.004738,4.957571,0.026310,-0.000958,-1.658198,-0.068901,1.659629,28|30|31|32|33|34,0.5612
6710.650350,-0.239174,-5.641812,-0.004511,4.964200,0.027092,-0.000926,-1.660233,-0.070183,1.661716,28|30|31|32|33|34,0.5625
6710.667017,-0.237749,-5.627839,-0.004507,4.971444,0.028411,-0.000954,-1.675071,-0.070724,1.676563,28|30|31|32|33|34|35,0.5553
6710.683683,-0.238438,-5.626557,-0.004526,4.985810,0.027915,-0.000940,-1.690134,-0.070602,1.691608,28|30|31|32|33|34|35,0.5625
6710.700350,-0.218925,-5.638512,-0.005020,4.985810,0.027915,-0.000940,-1.683632,-0.060000,1.684701,28|30|31|32|33|34|35,0.5575
6710.717017,-0.216977,-5.678569,-0.005138,4.999862,0.027038,-0.000994,-1.675913,-0.058073,1.676919,30|31|32|33|34|35,0.5654
6710.733683,-0.217068,-5.678388,-0.005140,5.006886,0.027510,-0.001438,-1.683035,-0.058595,1.684055,30|31|32|33|34|35,0.5647
6710.750350,-0.223887,-5.686707,-0.004978,5.014283,0.028328,-0.001420,-1.685913,-0.063121,1.687095,30|31|32|33|34|35,0.5637
6710.767017,-0.229344,-5.692848,-0.004980,5.014283,0.028328,-0.001420,-1.682577,-0.066088,1.683874,30|31|32|33|34|35,0.5641
6710.783683,-0.210016,-5.714250,-0.005449,5.028711,0.027232,-0.001678,-1.685369,-0.054493,1.686250,30|31|32|33|34|35,0.5632
6710.800350,-0.209865,-5.714548,-0.005445,5.035843,0.026670,-0.001651,-1.692339,-0.053848,1.693195,30|31|32|33|34|35,0.5641
6710.817017,-0.225854,-5.732282,-0.005169,5.035843,0.026670,-0.001651,-1.682704,-0.062542,1.683866,30|31|32|33|34|35,0.5630
6710.833683,-0.233838,-5.741658,-0.005265,5.042323,0.026851,-0.001690,-1.684090,-0.067064,1.685425,30|31|32|33|34|35,0.5626
6710.850350,-0.230900,-5.740528,-0.005936,5.049398,0.028131,-0.001535,-1.691779,-0.066747,1.693095,30|31|32|33|34|35,0.5638
6710.867017,-0.212293,-5.751685,-0.006720,5.056735,0.029151,-0.001463,-1.693048,-0.057657,1.694030,30|31|32|33|34|35,0.5630
6710.883683,-0.212124,-5.752024,-0.006715,5.071123,0.028676,-0.001691,-1.707252,-0.057091,1.708206,30|31|32|33|34|35,0.5627
6710.900350,-0.202134,-5.776786,-0.006735,5.071123,0.028676,-0.001691,-1.693793,-0.051667,1.694581,30|31|32|33|34|35,0.5636
6710.917017,-0.202067,-5.776910,-0.006732,5.078344,0.028455,-0.001758,-1.700946,-0.051409,1.701722,30|31|32|33|34|35,0.5630
6710.933683,-0.205402,-5.785640,-0.006567,5.092586,0.029380,-0.001741,-1.710444,-0.054149,1.711301,30|31|32|33|34|35,0.5630
6710.950350,-0.202399,-5.798110,-0.006312,5.092586,0.029380,-0.001741,-1.703666,-0.052519,1.704476,30|31|32|33|34|35,0.5635
6710.967017,-0.202314,-5.798280,-0.006308,5.099645,0.028674,-0.001629,-1.710632,-0.051767,1.711415,30|31|32|33|34|35,0.5630
6710.983683,-0.195268,-5.812624,-0.006512,5.114018,0.027621,-0.001648,-1.717209,-0.046889,1.717849,30|31|32|33|34|35,0.5636
6711.017017,-0.219138,-5.838314,-0.005568,5.120809,0.027699,-0.001610,-1.710042,-0.059945,1.711093,30|31|32|33|34|35,0.5625
6711.033683,-0.219278,-5.838036,-0.005570,5.135171,0.028577,-0.001451,-1.724556,-0.060898,1.725631,30|31|32|33|34|35,0.5628
6711.050350,-0.206249,-5.853867,-0.005164,5.141999,0.028082,-0.001518,-1.722778,-0.053325,1.723603,30|31|32|33|34|35,0.5636
6711.067017,-0.206314,-5.853739,-0.005165,5.148909,0.027604,-0.001495,-1.729757,-0.052883,1.730565,30|31|32|33|34|35,0.5633
6711.100350,-0.220251,-5.882066,-0.004917,5.163059,0.027729,-0.001401,-1.728514,-0.060589,1.729576,30|31|32|33|34|35,0.5637
6711.117017,-0.220256,-5.882053,-0.004916,5.170427,0.028419,-0.001343,-1.735890,-0.061281,1.736971,30|31|32|33|34|35,0.5629
6711.133683,-0.217740,-5.897217,-0.004920,5.177709,0.027607,-0.001318,-1.734930,-0.059105,1.735937,30|31|32|33|34|35,0.5628
6711.167017,-0.235550,-5.888391,-0.005259,5.184854,0.026808,-0.001353,-1.746876,-0.067985,1.748199,30|31|32|33|34|35|36|37,0.5499
6711.183683,-0.247944,-5.894730,-0.005219,5.198103,0.027023,-0.001955,-1.756683,-0.074936,1.758280,30|31|32|33|34|35|36|37,0.5625
6711.200350,-0.248057,-5.894510,-0.005224,5.198103,0.027023,-0.001955,-1.756802,-0.074998,1.758403,30|31|32|33|34|35|36|37,0.5629
6711.217017,-0.243589,-5.900437,-0.005369,5.205131,0.027697,-0.002225,-1.760608,-0.073244,1.762130,30|31|32|33|34|35|36|37,0.5571
6711.233683,-0.261585,-5.859081,-0.007543,5.212374,0.028120,-0.002288,-1.790331,-0.083439,1.792274,32|33|34|35|36|37,0.5650
6711.250350,-0.255761,-5.871344,-0.007566,5.219523,0.027541,-0.002277,-1.790813,-0.079698,1.792586,32|33|34|35|36|37,0.5638
6711.283683,-0.271242,-5.890271,-0.008069,5.233620,0.026539,-0.002304,-1.794628,-0.087114,1.796741,32|33|34|35|36|37,0.5634
6711.300350,-0.276931,-5.897564,-0.008125,5.239893,0.026992,-0.002287,-1.796939,-0.090659,1.799224,32|33|34|35|36|37,0.5623
6711.317017,-0.276988,-5.897451,-0.008125,5.253945,0.027348,-0.002461,-1.811052,-0.091047,1.813340,32|33|34|35|36|37,0.5632
6711.333683,-0.270315,-5.899595,-0.008192,5.260961,0.026798,-0.002488,-1.816902,-0.086871,1.818977,32|33|34|35|36|37,0.5620
6711.367017,-0.274825,-5.932032,-0.009436,5.274628,0.026439,-0.002457,-1.812940,-0.088970,1.815122,32|33|34|35|36|37,0.5617
6711.383683,-0.281942,-5.940884,-0.009174,5.281781,0.027170,-0.002395,-1.815284,-0.093571,1.817694,32|33|34|35|36|37,0.5611
6711.400350,-0.282045,-5.940676,-0.009175,5.288851,0.027833,-0.002388,-1.822467,-0.094289,1.824905,32|33|34|35|36|37,0.5625
6711.433683,-0.258551,-5.965650,-0.009571,5.295765,0.027744,-0.002391,-1.815803,-0.081438,1.817629,32|33|34|35|36|37,0.5609
6711.450350,-0.260718,-5.975425,-0.009660,5.302616,0.027048,-0.002410,-1.817342,-0.081922,1.819187,32|33|34|35|36|37,0.5612
6711.467017,-0.260838,-5.975184,-0.009662,5.309527,0.026389,-0.002417,-1.824384,-0.081328,1.826196,32|33|34|35|36|37,0.5620
6711.500350,-0.270864,-5.982924,-0.010071,5.331076,0.026897,-0.003289,-1.841729,-0.087287,1.843796,32|33|34|35|36|37,0.5626
6711.533683,-0.270691,-6.019435,-0.010012,5.338283,0.026305,-0.003287,-1.829093,-0.086608,1.831143,32|33|34|35|36|37,0.5625
6711.550350,-0.278889,-6.028913,-0.010137,5.345424,0.025763,-0.003232,-1.831084,-0.090524,1.833320,32|33|34|35|36|37,0.5636
6711.567017,-0.278900,-6.028893,-0.010136,5.358853,0.026308,-0.003390,-1.844524,-0.091075,1.846771,32|33|34|35|36|37,0.5639
6711.583683,-0.286377,-6.040779,-0.009418,5.366127,0.026770,-0.003532,-1.845341,-0.095603,1.847816,32|33|34|35|36|37,0.5630
6711.600350,-0.276900,-6.050062,-0.009782,5.373181,0.026111,-0.003771,-1.847347,-0.089796,1.849529,32|33|34|35|36|37,0.5625
6711.617017,-0.276772,-6.050316,-0.009782,5.373181,0.026111,-0.003771,-1.847209,-0.089726,1.849387,32|33|34|35|36|37,0.5627
6711.633683,-0.279937,-6.072810,-0.010215,5.380356,0.025543,-0.003826,-1.842159,-0.090883,1.844400,32|33|34|35|36|37,0.5627
6711.650350,-0.287734,-6.082105,-0.009989,5.387537,0.024974,-0.003841,-1.844290,-0.094554,1.846713,32|33|34|35|36|37,0.5629
6711.667017,-0.295512,-6.091827,-0.009499,5.394099,0.025169,-0.003885,-1.845571,-0.098978,1.848223,32|33|34|35|36|37,0.5628
6711.683683,-0.295627,-6.091600,-0.009503,5.401219,0.025592,-0.003932,-1.852814,-0.099463,1.855482,32|33|34|35|36|37,0.5622
6711.700350,-0.288746,-6.098163,-0.008938,5.415780,0.025282,-0.003866,-1.863807,-0.095415,1.866247,32|33|34|35|36|37|38,0.5553
6711.717017,-0.288991,-6.097741,-0.008919,5.415780,0.025282,-0.003866,-1.864036,-0.095548,1.866483,32|33|34|35|36|37|38,0.5650
6711.733683,-0.291556,-6.106741,-0.009020,5.429640,0.025568,-0.003806,-1.873005,-0.097230,1.875527,32|33|34|35|36|37|38,0.5582
6711.750350,-0.312483,-6.079411,-0.009177,5.436908,0.026854,-0.003834,-1.895131,-0.109884,1.898314,33|34|35|36|37|38,0.5624
6711.767017,-0.308093,-6.089102,-0.009886,5.444335,0.027603,-0.003826,-1.897291,-0.108249,1.900376,33|34|35|36|37|38,0.5632
6711.783683,-0.289499,-6.100694,-0.009949,5.444335,0.027603,-0.003826,-1.890987,-0.098146,1.893532,33|34|35|36|37|38,0.5630
6711.800350,-0.279207,-6.115429,-0.010511,5.451389,0.026845,-0.003699,-1.890030,-0.091797,1.892258,33|34|35|36|37|38,0.5620
6711.817017,-0.279205,-6.115432,-0.010516,5.458395,0.026339,-0.003717,-1.897035,-0.091291,1.899230,33|34|35|36|37|38,0.5633
6711.833683,-0.296412,-6.132406,-0.011054,5.465422,0.025829,-0.003740,-1.894841,-0.100136,1.897485,33|34|35|36|37|38,0.5643
6711.867017,-0.299317,-6.145126,-0.010851,5.479583,0.026968,-0.003752,-1.902089,-0.102856,1.904868,33|34|35|36|37|38,0.5654
6711.883683,-0.286448,-6.157111,-0.010393,5.494058,0.026094,-0.003701,-1.910047,-0.094991,1.912407,33|34|35|36|37|38,0.5647
6711.900350,-0.290305,-6.168460,-0.010122,5.494058,0.026094,-0.003701,-1.903880,-0.097090,1.906354,33|34|35|36|37|38,0.5642
6711.917017,-0.298455,-6.177495,-0.010388,5.501190,0.025512,-0.003672,-1.906104,-0.100939,1.908774,33|34|35|36|37|38,0.5647
6711.933683,-0.298455,-6.177496,-0.010388,5.514700,0.026352,-0.003792,-1.919613,-0.101780,1.922310,33|34|35|36|37|38,0.5644
6711.950350,-0.306848,-6.188061,-0.010306,5.514700,0.026352,-0.003792,-1.913873,-0.106343,1.916825,33|34|35|36|37|38,0.5637
6711.967017,-0.306846,-6.188064,-0.010304,5.529334,0.027795,-0.004019,-1.928506,-0.107785,1.931515,33|34|35|36|37|38,0.5639
6711.983683,-0.275436,-6.208387,-0.009731,5.529334,0.027795,-0.004019,-1.917453,-0.090719,1.919598,33|34|35|36|37|38,0.5632
6712.000350,-0.275437,-6.208387,-0.009731,5.536358,0.027533,-0.004229,-1.924478,-0.090457,1.926603,33|34|35|36|37|38,0.5642
6712.033683,-0.282276,-6.239396,-0.009683,5.550350,0.027404,-0.004315,-1.921619,-0.094052,1.923919,33|34|35|36|37|38,0.5627
6712.050350,-0.280495,-6.243169,-0.009732,5.557557,0.028188,-0.004303,-1.926775,-0.093869,1.929060,33|34|35|36|37|38,0.5613
6712.067017,-0.268825,-6.253910,-0.009051,5.564791,0.027700,-0.004150,-1.928168,-0.087041,1.930132,33|34|35|36|37|38,0.5618
6712.100350,-0.268823,-6.253909,-0.009056,5.578838,0.026395,-0.003995,-1.942216,-0.085735,1.944107,33|34|35|36|37|38,0.5633
6712.117017,-0.285537,-6.275022,-0.008448,5.585725,0.026198,-0.003961,-1.937632,-0.094627,1.939941,33|34|35|36|37|38,0.5640
6712.133683,-0.293880,-6.283730,-0.008461,5.600113,0.027415,-0.004057,-1.947289,-0.100379,1.949875,33|34|35|36|37|38,0.5632
6712.150350,-0.295646,-6.285913,-0.009035,5.607258,0.026837,-0.004320,-1.953248,-0.100762,1.955846,33|34|35|36|37|38,0.5639
6712.167017,-0.277340,-6.310525,-0.008959,5.614287,0.026208,-0.004390,-1.946897,-0.090189,1.948985,33|34|35|36|37|38,0.5628
6712.183683,-0.277340,-6.310526,-0.008959,5.614287,0.026208,-0.004390,-1.946896,-0.090189,1.948984,33|34|35|36|37|38,0.5631
6712.200350,-0.286243,-6.320093,-0.009691,5.628236,0.025977,-0.004051,-1.955648,-0.094799,1.957944,33|34|35|36|37|38,0.5624
6712.233683,-0.294401,-6.330675,-0.010093,5.635576,0.026638,-0.003893,-1.957239,-0.099896,1.959787,33|34|35|36|37|38|39,0.5610
6712.250350,-0.287797,-6.352923,-0.008819,5.642816,0.026617,-0.003688,-1.952387,-0.096291,1.954760,33|34|35|36|37|38|39|40,0.5502
6712.267017,-0.288567,-6.365822,-0.008943,5.649896,0.025811,-0.003721,-1.952456,-0.095906,1.954810,35|36|37|38|39|40,0.5604
6712.283683,-0.299888,-6.374089,-0.009161,5.663301,0.025387,-0.004135,-1.961370,-0.101637,1.964002,35|36|37|38|39|40,0.5609
6712.300350,-0.299889,-6.374088,-0.009160,5.663301,0.025387,-0.004135,-1.961371,-0.101637,1.964003,35|36|37|38|39|40,0.5615
6712.317017,-0.307143,-6.378171,-0.009223,5.677140,0.026554,-0.004211,-1.972993,-0.106748,1.975879,35|36|37|38|39|40,0.5622
6712.333683,-0.294234,-6.395795,-0.009702,5.677140,0.026554,-0.004211,-1.963412,-0.099736,1.965943,35|36|37|38|39|40,0.5621
6712.350350,-0.285562,-6.407129,-0.009903,5.684150,0.026449,-0.004252,-1.964260,-0.094920,1.966552,35|36|37|38|39|40,0.5628
6712.383683,-0.285557,-6.407127,-0.009905,5.698020,0.025222,-0.004342,-1.978131,-0.093691,1.980348,35|36|37|38|39|40,0.5635
6712.400350,-0.304448,-6.433710,-0.010342,5.704654,0.025167,-0.004488,-1.970321,-0.103908,1.973059,35|36|37|38|39|40,0.5636
6712.433683,-0.292197,-6.447480,-0.010294,5.718519,0.026238,-0.004523,-1.976701,-0.098324,1.979145,35|36|37|38|39|40,0.5632
6712.467017,-0.298710,-6.469248,-0.010353,5.732438,0.024822,-0.004323,-1.978791,-0.100453,1.981339,35|36|37|38|39|40,0.5620
6712.483683,-0.298710,-6.469246,-0.010353,5.746153,0.025191,-0.004071,-1.992507,-0.100822,1.995056,35|36|37|38|39|40,0.5619
6712.500350,-0.308865,-6.478977,-0.009702,5.746153,0.025191,-0.004071,-1.987221,-0.106343,1.990064,35|36|37|38|39|40,0.5633
6712.517017,-0.301339,-6.489638,-0.009512,5.753442,0.025699,-0.004042,-1.988714,-0.102763,1.991367,35|36|37|38|39|40,0.5634
6712.533683,-0.293856,-6.502156,-0.009330,5.760466,0.026073,-0.004056,-1.988933,-0.099072,1.991399,35|36|37|38|39|40,0.5627
6712.550350,-0.288416,-6.512421,-0.009578,5.767294,0.025783,-0.003998,-1.990180,-0.095828,1.992486,35|36|37|38|39|40,0.5619
6712.567017,-0.288418,-6.512420,-0.009579,5.780744,0.024740,-0.004076,-2.003631,-0.094787,2.005872,35|36|37|38|39|40,0.5622
6712.583683,-0.305033,-6.527512,-0.009008,5.780744,0.024740,-0.004076,-1.995432,-0.103820,1.998131,35|36|37|38|39|40,0.5625
6712.600350,-0.305836,-6.529431,-0.009281,5.788128,0.025247,-0.004159,-2.001774,-0.104763,2.004513,35|36|37|38|39|40,0.5643
6712.617017,-0.305836,-6.529431,-0.009282,5.802830,0.025112,-0.004193,-2.016476,-0.104628,2.019188,35|36|37|38|39|40,0.5639
6712.633683,-0.298409,-6.542680,-0.009486,5.809962,0.024404,-0.004199,-2.016406,-0.099887,2.018878,35|36|37|38|39|40,0.5632
6712.650350,-0.300138,-6.565629,-0.009783,5.809962,0.024404,-0.004199,-2.003934,-0.100832,2.006469,35|36|37|38|39|40,0.5633
6712.667017,-0.300139,-6.565629,-0.009786,5.823561,0.024303,-0.004323,-2.017533,-0.100731,2.020047,35|36|37|38|39|40,0.5629
6712.683683,-0.309874,-6.573787,-0.009440,5.830701,0.024791,-0.004330,-2.020241,-0.106512,2.023047,35|36|37|38|39|40,0.5619
6712.700350,-0.310053,-6.586633,-0.009950,5.837784,0.025003,-0.004367,-2.020343,-0.106824,2.023165,35|36|37|38|39|40,0.5616
6712.717017,-0.310054,-6.586632,-0.009952,5.837784,0.025003,-0.004367,-2.020343,-0.106825,2.023165,35|36|37|38|39|40,0.5614
6712.733683,-0.299820,-6.610120,-0.009599,5.844924,0.024211,-0.004414,-2.014715,-0.100476,2.017219,35|36|37|38|39|40|41,0.5547
6712.750350,-0.299808,-6.610217,-0.009566,5.858646,0.023129,-0.004459,-2.028385,-0.099387,2.030818,35|36|37|38|39|40|41,0.5630
6712.767017,-0.322334,-6.626335,-0.010001,5.865777,0.023734,-0.004681,-2.026761,-0.112239,2.029866,35|36|37|38|39|40|41,0.5614
6712.800350,-0.315064,-6.640185,-0.010580,5.873151,0.024110,-0.004760,-2.026607,-0.108666,2.029518,36|37|38|39|40|41,0.5637
6712.817017,-0.315066,-6.640184,-0.010583,5.887743,0.023131,-0.004723,-2.041198,-0.107688,2.044037,36|37|38|39|40|41,0.5627
6712.833683,-0.309855,-6.653203,-0.010077,5.894236,0.023289,-0.004729,-2.040615,-0.105017,2.043316,36|37|38|39|40|41,0.5623
6712.850350,-0.322077,-6.671162,-0.010033,5.894236,0.023289,-0.004729,-2.030858,-0.111663,2.033925,36|37|38|39|40|41,0.5619
6712.867017,-0.322072,-6.671163,-0.010030,5.908738,0.025221,-0.004622,-2.045360,-0.113593,2.048512,36|37|38|39|40|41,0.5643
6712.900350,-0.319714,-6.670882,-0.010424,5.923124,0.024814,-0.004604,-2.059898,-0.111904,2.062935,36|37|38|39|40|41,0.5629
6712.917017,-0.285606,-6.707640,-0.009826,5.923124,0.024814,-0.004604,-2.039913,-0.093375,2.042049,36|37|38|39|40|41,0.5622
6712.933683,-0.285606,-6.707640,-0.009826,5.936854,0.023949,-0.004823,-2.053643,-0.092510,2.055726,36|37|38|39|40|41,0.5631
6712.950350,-0.297391,-6.715787,-0.009630,5.944261,0.024512,-0.004807,-2.056625,-0.099480,2.059029,36|37|38|39|40|41,0.5628
6712.967017,-0.307787,-6.727062,-0.009843,5.951582,0.024924,-0.004792,-2.057820,-0.105545,2.060525,36|37|38|39|40|41,0.5626
6712.983683,-0.299233,-6.740080,-0.009064,5.958750,0.024573,-0.004785,-2.057912,-0.100547,2.060367,36|37|38|39|40|41,0.5612
6713.000350,-0.293002,-6.751029,-0.009098,5.965836,0.023728,-0.004764,-2.059046,-0.096319,2.061297,36|37|38|39|40|41,0.5602
6713.017017,-0.293001,-6.751029,-0.009095,5.965836,0.023728,-0.004764,-2.059045,-0.096318,2.061297,36|37|38|39|40|41,0.5609
6713.033683,-0.297822,-6.760802,-0.009641,5.979388,0.023900,-0.005128,-2.067287,-0.099112,2.069661,36|37|38|39|40|41,0.5616
6713.050350,-0.313761,-6.769868,-0.008961,5.979388,0.023900,-0.005128,-2.062363,-0.107777,2.065178,36|37|38|39|40|41,0.5630
6713.067017,-0.313761,-6.769869,-0.008959,5.993918,0.025835,-0.004593,-2.076893,-0.109711,2.079789,36|37|38|39|40|41,0.5634
6713.083683,-0.304981,-6.775544,-0.009613,6.001028,0.025599,-0.004579,-2.080917,-0.104705,2.083549,36|37|38|39|40|41,0.5629
6713.100350,-0.277735,-6.802872,-0.009747,6.008045,0.025140,-0.004635,-2.073076,-0.089444,2.075004,36|37|38|39|40|41,0.5620
6713.117017,-0.280816,-6.813431,-0.009302,6.014950,0.024928,-0.004645,-2.074242,-0.090910,2.076233,36|37|38|39|40|41,0.5623
6713.133683,-0.280815,-6.813433,-0.009301,6.022179,0.025440,-0.004663,-2.081471,-0.091421,2.083478,36|37|38|39|40|41,0.5638
6713.150350,-0.289658,-6.825214,-0.009250,6.029633,0.025939,-0.004597,-2.082524,-0.096729,2.084769,36|37|38|39|40|41,0.5642
6713.167017,-0.281916,-6.836261,-0.010155,6.029633,0.025939,-0.004597,-2.076519,-0.092524,2.078579,36|37|38|39|40|41,0.5644
6713.183683,-0.274464,-6.848772,-0.009826,6.036752,0.025331,-0.004414,-2.076836,-0.087868,2.078694,36|37|38|39|40|41,0.5631
6713.200350,-0.283033,-6.858997,-0.008849,6.050535,0.023970,-0.004263,-2.085064,-0.091167,2.087056,36|37|38|39|40|41,0.5633
6713.217017,-0.295393,-6.867244,-0.008529,6.057669,0.024251,-0.004626,-2.087719,-0.098167,2.090025,36|37|38|39|40|41,0.5641
6713.233683,-0.301771,-6.868958,-0.009163,6.057669,0.024251,-0.004626,-2.086789,-0.101633,2.089262,36|37|38|39|40|41,0.5655
6713.250350,-0.301771,-6.868958,-0.009165,6.071861,0.024874,-0.004473,-2.100980,-0.102257,2.103467,36|37|38|39|40|41,0.5658
6713.267017,-0.290419,-6.893506,-0.008114,6.071861,0.024874,-0.004473,-2.087637,-0.096093,2.089847,36|37|38|39|40|41|42|43,0.5643
6713.300350,-0.290362,-6.893524,-0.008012,6.085853,0.023391,-0.004311,-2.101619,-0.094578,2.103746,36|37|38|39|40|41|42|43,0.5522
6713.317017,-0.305439,-6.919503,-0.006452,6.100395,0.023589,-0.004639,-2.102045,-0.102976,2.104566,38|39|40|41|42|43,0.5635
6713.333683,-0.305655,-6.925283,-0.006853,6.107781,0.023859,-0.004616,-2.106290,-0.103365,2.108825,38|39|40|41|42|43,0.5629
6713.367017,-0.296171,-6.947243,-0.007830,6.114910,0.023821,-0.004538,-2.101482,-0.098177,2.103774,38|39|40|41|42|43,0.5613
6713.383683,-0.296842,-6.957086,-0.007274,6.128148,0.022949,-0.004910,-2.109370,-0.097672,2.111630,38|39|40|41|42|43,0.5603
6713.417017,-0.306516,-6.965406,-0.008306,6.135010,0.023253,-0.005074,-2.111714,-0.103235,2.114235,38|39|40|41|42|43,0.5631
6713.450350,-0.297416,-6.989477,-0.007107,6.155606,0.023601,-0.005105,-2.119225,-0.098643,2.121520,38|39|40|41|42|43,0.5616
6713.467017,-0.294131,-6.999357,-0.006579,6.155606,0.023601,-0.005105,-2.113855,-0.096860,2.116073,38|39|40|41|42|43,0.5611
6713.483683,-0.294131,-6.999356,-0.006580,6.162498,0.022704,-0.005126,-2.120748,-0.095962,2.122918,38|39|40|41|42|43,0.5608
6713.500350,-0.308343,-7.015573,-0.007344,6.169228,0.022516,-0.005039,-2.118667,-0.103503,2.121194,38|39|40|41|42|43,0.5618
6713.517017,-0.310168,-7.017576,-0.007028,6.176202,0.022908,-0.005349,-2.124553,-0.104887,2.127141,38|39|40|41|42|43,0.5625
6713.533683,-0.310168,-7.017575,-0.007031,6.183299,0.023340,-0.005386,-2.131650,-0.105319,2.134250,38|39|40|41|42|43,0.5626
6713.550350,-0.296543,-7.041043,-0.007769,6.190386,0.023524,-0.005388,-2.125980,-0.098103,2.128242,38|39|40|41|42|43,0.5625
6713.567017,-0.294390,-7.051607,-0.007270,6.203873,0.022149,-0.005306,-2.133725,-0.095560,2.135864,38|39|40|41|42|43,0.5618
6713.583683,-0.294390,-7.051608,-0.007272,6.211143,0.022426,-0.005281,-2.140994,-0.095837,2.143138,38|39|40|41|42|43,0.5626
6713.600350,-0.306233,-7.059401,-0.007601,6.218376,0.022667,-0.005269,-2.143994,-0.102517,2.146444,38|39|40|41|42|43,0.5653
6713.617017,-0.308509,-7.073299,-0.007929,6.218376,0.022667,-0.005269,-2.136442,-0.103757,2.138960,38|39|40|41|42|43,0.5637
6713.633683,-0.304732,-7.085376,-0.008730,6.225428,0.022745,-0.005365,-2.136930,-0.101784,2.139353,38|39|40|41|42|43,0.5630
6713.667017,-0.304732,-7.085375,-0.008735,6.239279,0.022740,-0.005418,-2.150781,-0.101779,2.153188,38|39|40|41|42|43,0.5596
6713.683683,-0.301859,-7.112013,-0.008131,6.246175,0.022665,-0.005393,-2.143200,-0.100149,2.145538,38|39|40|41|42|43,0.5611
6713.700350,-0.302542,-7.119456,-0.007940,6.253029,0.022563,-0.005329,-2.146008,-0.100420,2.148356,38|39|40|41|42|43,0.5621
6713.717017,-0.303571,-7.125817,-0.008431,6.260186,0.022725,-0.005591,-2.149709,-0.101142,2.152087,38|39|40|41|42|43,0.5643
6713.733683,-0.300100,-7.137558,-0.008075,6.267436,0.022907,-0.005599,-2.150577,-0.099441,2.152875,38|39|40|41|42|43,0.5636
6713.750350,-0.300100,-7.137557,-0.008077,6.281431,0.021415,-0.005630,-2.164572,-0.097949,2.166787,38|39|40|41|42|43,0.5632
6713.767017,-0.308994,-7.156299,-0.008871,6.281431,0.021415,-0.005630,-2.154388,-0.102787,2.156839,38|39|40|41|42|43,0.5639
6713.783683,-0.317041,-7.160125,-0.009264,6.288348,0.021409,-0.006048,-2.159228,-0.107154,2.161885,38|39|40|41|42|43|44,0.5570
6713.800350,-0.315272,-7.169285,-0.010113,6.295449,0.021640,-0.005989,-2.161350,-0.106426,2.163969,38|39|40|41|42|43|44,0.5659
6713.817017,-0.315270,-7.169307,-0.010126,6.302451,0.021743,-0.006018,-2.168340,-0.106528,2.170955,38|39|40|41|42|43|44,0.5602
6713.833683,-0.311662,-7.181796,-0.010008,6.309460,0.021726,-0.006130,-2.168561,-0.104553,2.171080,39|40|41|42|43|44,0.5635
6713.850350,-0.310240,-7.201167,-0.009772,6.316439,0.020780,-0.006055,-2.165012,-0.102839,2.167453,39|40|41|42|43|44,0.5624
6713.867017,-0.323716,-7.208790,-0.009765,6.323037,0.020286,-0.006094,-2.167470,-0.109670,2.170243,39|40|41|42|43|44,0.5627
6713.900350,-0.323714,-7.208790,-0.009765,6.344601,0.021056,-0.006364,-2.189034,-0.110440,2.191818,39|40|41|42|43|44,0.5639
6713.917017,-0.317751,-7.234312,-0.009356,6.351727,0.020442,-0.006347,-2.182288,-0.106590,2.184889,39|40|41|42|43|44,0.5629
6713.933683,-0.316275,-7.244332,-0.009412,6.358258,0.020244,-0.006341,-2.183373,-0.105593,2.185925,39|40|41|42|43|44,0.5626
6713.950350,-0.324147,-7.251721,-0.008962,6.358258,0.020244,-0.006341,-2.179359,-0.109872,2.182127,39|40|41|42|43|44,0.5623
6713.967017,-0.326465,-7.251778,-0.008845,6.372895,0.021653,-0.006301,-2.193966,-0.112541,2.196850,39|40|41|42|43|44,0.5637
6713.983683,-0.326465,-7.251777,-0.008844,6.380137,0.022174,-0.006313,-2.201208,-0.113062,2.204110,39|40|41|42|43|44,0.5638
6714.000350,-0.315802,-7.264872,-0.008188,6.387302,0.022460,-0.006245,-2.201255,-0.107556,2.203881,39|40|41|42|43|44,0.5637
6714.017017,-0.297665,-7.288721,-0.008920,6.387302,0.022460,-0.006245,-2.188289,-0.097704,2.190469,39|40|41|42|43|44,0.5634
6714.033683,-0.297665,-7.288721,-0.008922,6.400949,0.021084,-0.006376,-2.201935,-0.096328,2.204041,39|40|41|42|43|44,0.5626
6714.050350,-0.293718,-7.298130,-0.008573,6.400949,0.021084,-0.006376,-2.196821,-0.094184,2.198839,39|40|41|42|43|44,0.5632
6714.067017,-0.311516,-7.308453,-0.009419,6.408401,0.021356,-0.006333,-2.198667,-0.104132,2.201131,39|40|41|42|43|44,0.5650
6714.083684,-0.311516,-7.308456,-0.009414,6.422976,0.021525,-0.006333,-2.213241,-0.104301,2.215697,39|40|41|42|43|44,0.5639
6714.100350,-0.305141,-7.333620,-0.009150,6.429903,0.021106,-0.006323,-2.206490,-0.100423,2.208774,39|40|41|42|43|44,0.5632
6714.117017,-0.303681,-7.344405,-0.008982,6.429903,0.021106,-0.006323,-2.200628,-0.099632,2.202883,39|40|41|42|43|44,0.5622
6714.133684,-0.303681,-7.344409,-0.008980,6.443401,0.020730,-0.006707,-2.214124,-0.099256,2.216347,39|40|41|42|43|44,0.5610
6714.150350,-0.316388,-7.350914,-0.009960,6.443401,0.020730,-0.006707,-2.210591,-0.106163,2.213139,39|40|41|42|43|44,0.5635
6714.167017,-0.311743,-7.356427,-0.010329,6.450815,0.021371,-0.006802,-2.215008,-0.104281,2.217461,39|40|41|42|43|44,0.5648
6714.183684,-0.311744,-7.356425,-0.010330,6.465351,0.022358,-0.006587,-2.229545,-0.105268,2.232028,39|40|41|42|43|44,0.5640
6714.200350,-0.292550,-7.385375,-0.010158,6.472191,0.022139,-0.006587,-2.220647,-0.094624,2.222662,39|40|41|42|43|44,0.5634
6714.217017,-0.292550,-7.385374,-0.010158,6.478950,0.021713,-0.006583,-2.227407,-0.094198,2.229398,39|40|41|42|43|44,0.5639
6714.233684,-0.289213,-7.403656,-0.009809,6.486193,0.021944,-0.006636,-2.224713,-0.092619,2.226640,39|40|41|42|43|44,0.5646
6714.250350,-0.294550,-7.406600,-0.009513,6.493674,0.022192,-0.006478,-2.230595,-0.095769,2.232650,39|40|41|42|43|44,0.5650
6714.267017,-0.290650,-7.417683,-0.009763,6.493674,0.022192,-0.006478,-2.224571,-0.093652,2.226541,39|40|41|42|43|44,0.5645
6714.283684,-0.290650,-7.417682,-0.009764,6.507732,0.021740,-0.006189,-2.238630,-0.093200,2.240569,39|40|41|42|43|44,0.5637
6714.300350,-0.284867,-7.442246,-0.009546,6.514407,0.021098,-0.005860,-2.231953,-0.089421,2.233744,39|40|41|42|43|44|45|46,0.5573
6714.317017,-0.292267,-7.448832,-0.010211,6.521468,0.021041,-0.005759,-2.235437,-0.093386,2.237387,39|40|41|42|43|44|45|46,0.5635
6714.350350,-0.299777,-7.462421,-0.010738,6.535644,0.021008,-0.005476,-2.242229,-0.097438,2.244345,41|42|43|44|45|46,0.5647
6714.367017,-0.299777,-7.462421,-0.010736,6.535644,0.021008,-0.005476,-2.242229,-0.097438,2.244345,41|42|43|44|45|46,0.5642
6714.383684,-0.299146,-7.484780,-0.010792,6.542591,0.020937,-0.005361,-2.237025,-0.097029,2.239128,41|42|43|44|45|46,0.5646
6714.400350,-0.299147,-7.484777,-0.010791,6.556581,0.020312,-0.005036,-2.251016,-0.096405,2.253079,41|42|43|44|45|46,0.5621
6714.417017,-0.299560,-7.494515,-0.010604,6.563822,0.020145,-0.005010,-2.252965,-0.096465,2.255029,41|42|43|44|45|46,0.5619
6714.433684,-0.308009,-7.509264,-0.010450,6.563822,0.020145,-0.005010,-2.244951,-0.101060,2.247225,41|42|43|44|45|46,0.5630
6714.450350,-0.308008,-7.509264,-0.010450,6.578236,0.020094,-0.005021,-2.259365,-0.101007,2.261621,41|42|43|44|45|46,0.5621
6714.467017,-0.309952,-7.527995,-0.010079,6.578236,0.020094,-0.005021,-2.249185,-0.102068,2.251500,41|42|43|44|45|46,0.5610
6714.483684,-0.310093,-7.537109,-0.010067,6.591704,0.020452,-0.004778,-2.257700,-0.102505,2.260026,41|42|43|44|45|46,0.5595
6714.500350,-0.310094,-7.537109,-0.010068,6.591704,0.020452,-0.004778,-2.257700,-0.102506,2.260026,41|42|43|44|45|46,0.5602
6714.517017,-0.301196,-7.538517,-0.010817,6.598664,0.020356,-0.004823,-2.263892,-0.097574,2.265994,41|42|43|44|45|46,0.5621
6714.533684,-0.303374,-7.547467,-0.010757,6.605643,0.020285,-0.004881,-2.266008,-0.098689,2.268156,41|42|43|44|45|46,0.5635
6714.567017,-0.304107,-7.559177,-0.010651,6.626100,0.020031,-0.004394,-2.280101,-0.098835,2.282242,41|42|43|44|45|46,0.5630
6714.583684,-0.306664,-7.580663,-0.009917,6.632710,0.019876,-0.004454,-2.275035,-0.100075,2.277235,41|42|43|44|45|46,0.5625
6714.600350,-0.305607,-7.594666,-0.009557,6.632710,0.019876,-0.004454,-2.267424,-0.099503,2.269607,41|42|43|44|45|46,0.5620
6714.617017,-0.305608,-7.594666,-0.009560,6.646645,0.019799,-0.004547,-2.281358,-0.099427,2.283524,41|42|43|44|45|46,0.5624
6714.633684,-0.309163,-7.610792,-0.009235,6.646645,0.019799,-0.004547,-2.272596,-0.101362,2.274855,41|42|43|44|45|46,0.5621
6714.650350,-0.308002,-7.622330,-0.009504,6.653736,0.019791,-0.004545,-2.273416,-0.100727,2.275646,41|42|43|44|45|46,0.5635
6714.667017,-0.308005,-7.622332,-0.009510,6.667460,0.020144,-0.004043,-2.287139,-0.101081,2.289371,41|42|43|44|45|46,0.5624
6714.683684,-0.302621,-7.637904,-0.008873,6.667460,0.020144,-0.004043,-2.278675,-0.098159,2.280788,41|42|43|44|45|46,0.5614
6714.700350,-0.302622,-7.637903,-0.008874,6.681486,0.019518,-0.003922,-2.292700,-0.097533,2.294774,41|42|43|44|45|46,0.5620
6714.717017,-0.306473,-7.655823,-0.008210,6.688500,0.019247,-0.003879,-2.289976,-0.099359,2.292130,41|42|43|44|45|46,0.5637
6714.733684,-0.310454,-7.666468,-0.008292,6.695528,0.018974,-0.003875,-2.291219,-0.101252,2.293456,41|42|43|44|45|46,0.5634
6714.750350,-0.313949,-7.675991,-0.008093,6.702243,0.019230,-0.003881,-2.292761,-0.103409,2.295091,41|42|43|44|45|46,0.5625
6714.783684,-0.313365,-7.687611,-0.007710,6.709056,0.019973,-0.004034,-2.293258,-0.103837,2.295608,41|42|43|44|45|46,0.5610
6714.800350,-0.302305,-7.692223,-0.007532,6.723375,0.019840,-0.003869,-2.305067,-0.097695,2.307137,41|42|43|44|45|46,0.5619
6714.817017,-0.299339,-7.709827,-0.008250,6.723375,0.019840,-0.003869,-2.295499,-0.096087,2.297509,41|42|43|44|45|46,0.5626
6714.833684,-0.305380,-7.719138,-0.009045,6.730345,0.019520,-0.003875,-2.297411,-0.099051,2.299545,41|42|43|44|45|46|47,0.5623
6714.850350,-0.305377,-7.719141,-0.009054,6.743970,0.019490,-0.003766,-2.311034,-0.099020,2.313155,41|42|43|44|45|46|47,0.5623
6714.867017,-0.310748,-7.735386,-0.008459,6.743970,0.019490,-0.003766,-2.302207,-0.101943,2.304463,41|42|43|44|45|46|47,0.5581
6714.883684,-0.308354,-7.737842,-0.008052,6.758422,0.018852,-0.003968,-2.315323,-0.100004,2.317482,42|43|44|45|46|47,0.5630
6714.900350,-0.312291,-7.750393,-0.008153,6.765432,0.018439,-0.003922,-2.315513,-0.101733,2.317747,42|43|44|45|46|47,0.5633
6714.933684,-0.312288,-7.750395,-0.008151,6.772287,0.017985,-0.003788,-2.322367,-0.101278,2.324575,42|43|44|45|46|47,0.5641
6714.950350,-0.328516,-7.784568,-0.008015,6.778887,0.018060,-0.003372,-2.310399,-0.110180,2.313024,42|43|44|45|46|47,0.5633
6714.967017,-0.325366,-7.787445,-0.007887,6.785308,0.018243,-0.003218,-2.315255,-0.108652,2.317803,42|43|44|45|46|47,0.5629
6714.983684,-0.323118,-7.790647,-0.007499,6.792414,0.018070,-0.003202,-2.320620,-0.107258,2.323098,42|43|44|45|46|47,0.5640
6715.000350,-0.323115,-7.790647,-0.007495,6.806839,0.017760,-0.003158,-2.335045,-0.106946,2.337493,42|43|44|45|46|47,0.5639
6715.017017,-0.325222,-7.802231,-0.007356,6.806839,0.017760,-0.003158,-2.328750,-0.108094,2.331258,42|43|44|45|46|47,0.5639
6715.033684,-0.329307,-7.824268,-0.006799,6.813628,0.018027,-0.003061,-2.323563,-0.110585,2.326193,42|43|44|45|46|47,0.5639
6715.050350,-0.325470,-7.827972,-0.007502,6.820243,0.018244,-0.002994,-2.328165,-0.108718,2.330702,42|43|44|45|46|47,0.5629
6715.067017,-0.322329,-7.830679,-0.007222,6.834859,0.018534,-0.002980,-2.341309,-0.107302,2.343766,42|43|44|45|46|47,0.5648
6715.083684,-0.320105,-7.844094,-0.006827,6.834859,0.018534,-0.002980,-2.334018,-0.106097,2.336428,42|43|44|45|46|47,0.5650
6715.100350,-0.318175,-7.857499,-0.006890,6.849331,0.018492,-0.002938,-2.341204,-0.105008,2.343557,42|43|44|45|46|47,0.5637
6715.117017,-0.317988,-7.868464,-0.006708,6.856034,0.019163,-0.002971,-2.341948,-0.105580,2.344327,42|43|44|45|46|47,0.5628
6715.133684,-0.317986,-7.868464,-0.006705,6.863016,0.019779,-0.002795,-2.348930,-0.106195,2.351329,42|43|44|45|46|47,0.5617
6715.150350,-0.308621,-7.880152,-0.007042,6.870370,0.019454,-0.002740,-2.349930,-0.100783,2.352090,42|43|44|45|46|47,0.5618
6715.167017,-0.300334,-7.889106,-0.006795,6.870370,0.019454,-0.002740,-2.345061,-0.096281,2.347037,42|43|44|45|46|47,0.5615
6715.183684,-0.300329,-7.889105,-0.006792,6.884771,0.018322,-0.002734,-2.359463,-0.095147,2.361380,42|43|44|45|46|47,0.5633
6715.200350,-0.312954,-7.913590,-0.008504,6.884771,0.018322,-0.002734,-2.346158,-0.102014,2.348375,42|43|44|45|46|47,0.5641
6715.217017,-0.320556,-7.924936,-0.008338,6.891520,0.018286,-0.002657,-2.346742,-0.106111,2.349140,42|43|44|45|46|47,0.5634
6715.233684,-0.320250,-7.928531,-0.008155,6.897775,0.018748,-0.002609,-2.351044,-0.106407,2.353451,42|43|44|45|46|47,0.5622
6715.250350,-0.320253,-7.928533,-0.008160,6.912457,0.019627,-0.001947,-2.365725,-0.107288,2.368156,42|43|44|45|46|47,0.5635
6715.267017,-0.313672,-7.926106,-0.008194,6.919900,0.019578,-0.001919,-2.374485,-0.103663,2.376746,42|43|44|45|46|47,0.5644
6715.283684,-0.305191,-7.937463,-0.007235,6.927309,0.019536,-0.001916,-2.375720,-0.099014,2.377783,42|43|44|45|46|47,0.5653
6715.300350,-0.303324,-7.964259,-0.006669,6.934401,0.019629,-0.001529,-2.368248,-0.098097,2.370279,42|43|44|45|46|47,0.5652
6715.317017,-0.303322,-7.964259,-0.006666,6.934401,0.019629,-0.001529,-2.368249,-0.098097,2.370279,42|43|44|45|46|47,0.5648
6715.333684,-0.303926,-7.974447,-0.006976,6.948503,0.020515,-0.001171,-2.376814,-0.099313,2.378888,42|43|44|45|46|47,0.5644
6715.350350,-0.293373,-7.985298,-0.005998,6.948503,0.020515,-0.001171,-2.370914,-0.093580,2.372760,42|43|44|45|46|47,0.5636
6715.367017,-0.292826,-7.986566,-0.007486,6.962981,0.019861,-0.001109,-2.384703,-0.092630,2.386501,42|43|44|45|46|47|48,0.5635
6715.383684,-0.288812,-8.000644,-0.007035,6.970043,0.019843,-0.000869,-2.384114,-0.090432,2.385828,42|43|44|45|46|47|48|49,0.5565
6715.400350,-0.294361,-8.011021,-0.007986,6.976754,0.020180,-0.000946,-2.385186,-0.093788,2.387029,44|45|46|47|48|49,0.5638
6715.417017,-0.298721,-8.026576,-0.007637,6.984088,0.020442,-0.000988,-2.384067,-0.096422,2.386016,44|45|46|47|48|49,0.5637
6715.433684,-0.293323,-8.030299,-0.007634,6.991068,0.019798,-0.000997,-2.389022,-0.092846,2.390826,44|45|46|47|48|49,0.5626
6715.450350,-0.293326,-8.030290,-0.007631,6.991068,0.019798,-0.000997,-2.389027,-0.092848,2.390831,44|45|46|47|48|49,0.5629
6715.467017,-0.290587,-8.044968,-0.007635,7.005006,0.018718,-0.000993,-2.394987,-0.090282,2.396688,44|45|46|47|48|49,0.5632
6715.483684,-0.307897,-8.064771,-0.007064,7.005006,0.018718,-0.000993,-2.384228,-0.099695,2.386312,44|45|46|47|48|49,0.5633
6715.500350,-0.315567,-8.073952,-0.007141,7.011756,0.018617,-0.000693,-2.385991,-0.103763,2.388246,44|45|46|47|48|49,0.5619
6715.517017,-0.315566,-8.073951,-0.007144,7.018849,0.019158,-0.000487,-2.393084,-0.104304,2.395356,44|45|46|47|48|49,0.5615
6715.533684,-0.307735,-8.087064,-0.007133,7.033280,0.018651,-0.000125,-2.400387,-0.099544,2.402450,44|45|46|47|48|49,0.5610
6715.550350,-0.309519,-8.097399,-0.006846,7.033280,0.018651,-0.000125,-2.394771,-0.100516,2.396879,44|45|46|47|48|49,0.5605
6715.567017,-0.309519,-8.097400,-0.006846,7.040348,0.018204,-0.000156,-2.401838,-0.100069,2.403922,44|45|46|47|48|49,0.5617
6715.583684,-0.321860,-8.114813,-0.006618,7.053683,0.019016,-0.000764,-2.405712,-0.107591,2.408117,44|45|46|47|48|49,0.5617
6715.600350,-0.320236,-8.115564,-0.006379,7.053683,0.019016,-0.000764,-2.405304,-0.106709,2.407669,44|45|46|47|48|49,0.5618
6715.633684,-0.295836,-8.141261,-0.007161,7.075020,0.018779,-0.001328,-2.412670,-0.093217,2.414470,44|45|46|47|48|49,0.5600
6715.650350,-0.304343,-8.150860,-0.008332,7.082088,0.018210,-0.001388,-2.414523,-0.097274,2.416481,44|45|46|47|48|49,0.5616
6715.667017,-0.312177,-8.160293,-0.008746,7.082088,0.018210,-0.001388,-2.409398,-0.101533,2.411536,44|45|46|47|48|49,0.5628
6715.683684,-0.320362,-8.169554,-0.009060,7.088874,0.018082,-0.001345,-2.411152,-0.105856,2.413475,44|45|46|47|48|49,0.5616
6715.700350,-0.320364,-8.169558,-0.009055,7.102817,0.019118,-0.001640,-2.425093,-0.106893,2.427448,44|45|46|47|48|49,0.5611
6715.717017,-0.315906,-8.177981,-0.009108,7.102817,0.019118,-0.001640,-2.420514,-0.104472,2.422768,44|45|46|47|48|49,0.5619
6715.733684,-0.315907,-8.177978,-0.009110,7.117581,0.018213,-0.001616,-2.435280,-0.103567,2.437481,44|45|46|47|48|49,0.5616
6715.750350,-0.313273,-8.204605,-0.008786,7.124401,0.018436,-0.001638,-2.427628,-0.102364,2.429785,44|45|46|47|48|49,0.5617
6715.767017,-0.313274,-8.204606,-0.008786,7.131127,0.018735,-0.001690,-2.434353,-0.102664,2.436517,44|45|46|47|48|49,0.5614
6715.800350,-0.310903,-8.223235,-0.009724,7.138410,0.019527,-0.001763,-2.431512,-0.102172,2.433658,44|45|46|47|48|49,0.5624
6715.817017,-0.299593,-8.238106,-0.009414,7.145605,0.018906,-0.001971,-2.430622,-0.095407,2.432494,44|45|46|47|48|49,0.5615
6715.833684,-0.310365,-8.248984,-0.009471,7.152708,0.018196,-0.001927,-2.431815,-0.100554,2.433893,44|45|46|47|48|49,0.5622
6715.850350,-0.320231,-8.259834,-0.009124,7.166102,0.017645,-0.001739,-2.439315,-0.105367,2.441589,44|45|46|47|48|49,0.5627
6715.867017,-0.320230,-8.259832,-0.009123,7.172986,0.018179,-0.001906,-2.446200,-0.105901,2.448492,44|45|46|47|48|49,0.5602
6715.883684,-0.327115,-8.267474,-0.008214,7.180450,0.019168,-0.001789,-2.449511,-0.110633,2.452009,44|45|46|47|48|49|50,0.5590
6715.900350,-0.319007,-8.273198,-0.008149,7.180450,0.019168,-0.001789,-2.446399,-0.106228,2.448705,44|45|46|47|48|49|50,0.5628
6715.917017,-0.305143,-8.289218,-0.007877,7.187663,0.019378,-0.001658,-2.444902,-0.098906,2.446902,45|46|47|48|49|50,0.5606
6715.933684,-0.303268,-8.300293,-0.007940,7.194635,0.018856,-0.001701,-2.445856,-0.097369,2.447793,45|46|47|48|49|50,0.5611
6715.950350,-0.310763,-8.309061,-0.008261,7.208139,0.018263,-0.001773,-2.454596,-0.100851,2.456666,45|46|47|48|49|50,0.5607
6715.967017,-0.310763,-8.309060,-0.008263,7.208139,0.018263,-0.001773,-2.454596,-0.100851,2.456667,45|46|47|48|49|50,0.5616
6715.983684,-0.317442,-8.317070,-0.008477,7.222746,0.018519,-0.002097,-2.464852,-0.104738,2.467076,45|46|47|48|49|50,0.5633
6716.000350,-0.308990,-8.333530,-0.007584,7.222746,0.018519,-0.002097,-2.455905,-0.100148,2.457946,45|46|47|48|49|50,0.5627
6716.017017,-0.308990,-8.333531,-0.007583,7.236716,0.017332,-0.002177,-2.469874,-0.098962,2.471855,45|46|47|48|49|50,0.5634
6716.033684,-0.322491,-8.353172,-0.007642,7.236716,0.017332,-0.002177,-2.459202,-0.106304,2.461499,45|46|47|48|49|50,0.5635
6716.050350,-0.322491,-8.353171,-0.007643,7.243507,0.016857,-0.001977,-2.465993,-0.105828,2.468263,45|46|47|48|49|50,0.5641
6716.067017,-0.336774,-8.367948,-0.007661,7.250072,0.017057,-0.002047,-2.464531,-0.113794,2.467157,45|46|47|48|49|50,0.5631
6716.083684,-0.333294,-8.371830,-0.008399,7.264585,0.017371,-0.002146,-2.476933,-0.112218,2.479474,45|46|47|48|49|50,0.5619
6716.117017,-0.329504,-8.397211,-0.007694,7.271805,0.016897,-0.002072,-2.470358,-0.109689,2.472792,45|46|47|48|49|50,0.5615
6716.133684,-0.329504,-8.397211,-0.007695,7.285174,0.017199,-0.002044,-2.483727,-0.109991,2.486162,45|46|47|48|49|50,0.5632
6716.150350,-0.336036,-8.407138,-0.007761,7.292568,0.018141,-0.002059,-2.485728,-0.114485,2.488363,45|46|47|48|49|50,0.5645
6716.167017,-0.331447,-8.413107,-0.007650,7.292568,0.018141,-0.002059,-2.482483,-0.111992,2.485007,45|46|47|48|49|50,0.5645
6716.200350,-0.331444,-8.413107,-0.007659,7.314361,0.017232,-0.002146,-2.504276,-0.111083,2.506738,45|46|47|48|49|50,0.5631
6716.217017,-0.326005,-8.451100,-0.011079,7.314361,0.017232,-0.002146,-2.483627,-0.108135,2.485980,45|46|47|48|49|50,0.5678
6716.233684,-0.331696,-8.462641,-0.007466,7.321082,0.017718,-0.002101,-2.484077,-0.111716,2.486587,45|46|47|48|49|50,0.5657
6716.267017,-0.314219,-8.471532,-0.007830,7.335639,0.019402,-0.002138,-2.493797,-0.103904,2.495961,45|46|47|48|49|50,0.5640
6716.283684,-0.300191,-8.485309,-0.008120,7.349684,0.018006,-0.002134,-2.500352,-0.094887,2.502152,45|46|47|48|49|50,0.5632
6716.300350,-0.309262,-8.494205,-0.008664,7.356659,0.017457,-0.002178,-2.502494,-0.099270,2.504462,45|46|47|48|49|50,0.5627
6716.317017,-0.309261,-8.494202,-0.008665,7.363046,0.017442,-0.002169,-2.508882,-0.099254,2.510845,45|46|47|48|49|50,0.5629
6716.333684,-0.326653,-8.509047,-0.009642,7.370023,0.018339,-0.002468,-2.507796,-0.109607,2.510190,45|46|47|48|49|50,0.5629
6716.350350,-0.326656,-8.509052,-0.009647,7.370023,0.018339,-0.002468,-2.507793,-0.109609,2.510187,45|46|47|48|49|50,0.5621
6716.383684,-0.301230,-8.537215,-0.008831,7.392053,0.018242,-0.002559,-2.514511,-0.095699,2.516332,45|46|47|48|49|50,0.5635
6716.400350,-0.307383,-8.548795,-0.009086,7.392053,0.018242,-0.002559,-2.508219,-0.099046,2.510174,45|46|47|48|49|50|51|52,0.5633
6716.433684,-0.307417,-8.549546,-0.009379,7.413372,0.019243,-0.002329,-2.529129,-0.100065,2.531108,47|48|49|50|51|52,0.5645
6716.450350,-0.309609,-8.569594,-0.009154,7.420351,0.019447,-0.002174,-2.525214,-0.101464,2.527251,47|48|49|50|51|52,0.5639
6716.467017,-0.297067,-8.583798,-0.008796,7.420351,0.019447,-0.002174,-2.517492,-0.094651,2.519270,47|48|49|50|51|52,0.5625
6716.483684,-0.294648,-8.592976,-0.008293,7.434293,0.018556,-0.002246,-2.526444,-0.092448,2.528135,47|48|49|50|51|52,0.5632
6716.517017,-0.294649,-8.592980,-0.008290,7.448434,0.019335,-0.002322,-2.540584,-0.093228,2.542294,47|48|49|50|51|52,0.5637
6716.533684,-0.305075,-8.612849,-0.008212,7.448434,0.019335,-0.002322,-2.529788,-0.098899,2.531720,47|48|49|50|51|52,0.5646
6716.550350,-0.295099,-8.627626,-0.008071,7.455412,0.019400,-0.002243,-2.528733,-0.093545,2.530463,47|48|49|50|51|52,0.5633
6716.567017,-0.294426,-8.637270,-0.007638,7.462216,0.018626,-0.002314,-2.530295,-0.092408,2.531981,47|48|49|50|51|52,0.5634
6716.583684,-0.305629,-8.645636,-0.007315,7.469212,0.017827,-0.002295,-2.532747,-0.097699,2.534631,47|48|49|50|51|52,0.5638
6716.600350,-0.317319,-8.654343,-0.007367,7.483438,0.017556,-0.002068,-2.542243,-0.103783,2.544360,47|48|49|50|51|52,0.5631
6716.617017,-0.324591,-8.659666,-0.007175,7.483438,0.017556,-0.002068,-2.539352,-0.107736,2.541636,47|48|49|50|51|52,0.5627
6716.633684,-0.324591,-8.659666,-0.007171,7.497648,0.017840,-0.001554,-2.553562,-0.108020,2.555846,47|48|49|50|51|52,0.5628
6716.650350,-0.320315,-8.670893,-0.007057,7.504606,0.017150,-0.001481,-2.554417,-0.105009,2.556574,47|48|49|50|51|52,0.5636
6716.667017,-0.316221,-8.689439,-0.006116,7.504606,0.017150,-0.001481,-2.544337,-0.102788,2.546412,47|48|49|50|51|52,0.5634
6716.700350,-0.329214,-8.696833,-0.005800,7.518111,0.017314,-0.002109,-2.553826,-0.110015,2.556195,47|48|49|50|51|52,0.5640
6716.717017,-0.329215,-8.696834,-0.005799,7.525150,0.017914,-0.002449,-2.560865,-0.110615,2.563253,47|48|49|50|51|52,0.5654
6716.750350,-0.303626,-8.734846,-0.008124,7.545909,0.017140,-0.002479,-2.560960,-0.095944,2.562756,47|48|49|50|51|52,0.5622
6716.767017,-0.303625,-8.734844,-0.008122,7.552805,0.016565,-0.002472,-2.567857,-0.095367,2.569627,47|48|49|50|51|52,0.5634
6716.783684,-0.321517,-8.749910,-0.008461,7.559547,0.016584,-0.002890,-2.566414,-0.105114,2.568566,47|48|49|50|51|52,0.5640
6716.817017,-0.321517,-8.749909,-0.008461,7.566681,0.017143,-0.002961,-2.573549,-0.105673,2.575718,47|48|49|50|51|52,0.5642
6716.833684,-0.318885,-8.775073,-0.008989,7.580583,0.017186,-0.002913,-2.573775,-0.104291,2.575887,47|48|49|50|51|52,0.5626
6716.850350,-0.312981,-8.786424,-0.009007,7.580583,0.017186,-0.002913,-2.567604,-0.101084,2.569593,47|48|49|50|51|52,0.5617
6716.867017,-0.318109,-8.792987,-0.009015,7.587460,0.016819,-0.002875,-2.570915,-0.103506,2.572998,47|48|49|50|51|52,0.5620
6716.883684,-0.323016,-8.797232,-0.008840,7.601652,0.017408,-0.002950,-2.582801,-0.106763,2.585007,47|48|49|50|51|52,0.5634
6716.900350,-0.322087,-8.803410,-0.008147,7.601652,0.017408,-0.002950,-2.579443,-0.106260,2.581631,47|48|49|50|51|52,0.5638
6716.917017,-0.322087,-8.803408,-0.008150,7.615620,0.017498,-0.002844,-2.593413,-0.106349,2.595592,47|48|49|50|51|52,0.5626
6716.950350,-0.312895,-8.836810,-0.007749,7.622422,0.016580,-0.002857,-2.582059,-0.100444,2.584012,47|48|49|50|51|52|53,0.5581
6716.967017,-0.325931,-8.845791,-0.007539,7.628897,0.016106,-0.002727,-2.583657,-0.107055,2.585874,48|49|50|51|52|53,0.5625
6716.983684,-0.332397,-8.847086,-0.007360,7.635764,0.016294,-0.002636,-2.589821,-0.110759,2.592188,48|49|50|51|52|53,0.5650
6717.000350,-0.329349,-8.854164,-0.007307,7.650605,0.017280,-0.002422,-2.600814,-0.110089,2.603143,48|49|50|51|52|53,0.5660
6717.017017,-0.329348,-8.854160,-0.007310,7.657965,0.017590,-0.002452,-2.608176,-0.110399,2.610512,48|49|50|51|52|53,0.5653
6717.033684,-0.316053,-8.882905,-0.007659,7.657965,0.017590,-0.002452,-2.592551,-0.103179,2.594604,48|49|50|51|52|53,0.5638
6717.050350,-0.316053,-8.882904,-0.007659,7.671361,0.017220,-0.002355,-2.605948,-0.102810,2.607975,48|49|50|51|52|53,0.5636
6717.067017,-0.311651,-8.894784,-0.008089,7.671361,0.017220,-0.002355,-2.599490,-0.100420,2.601429,48|49|50|51|52|53,0.5629
6717.083684,-0.313842,-8.898573,-0.007720,7.685397,0.017124,-0.002353,-2.611467,-0.101515,2.613440,48|49|50|51|52|53,0.5634
6717.100350,-0.315804,-8.906859,-0.007617,7.685397,0.017124,-0.002353,-2.606965,-0.102583,2.608982,48|49|50|51|52|53,0.5641
6717.117017,-0.317891,-8.914992,-0.008183,7.699484,0.016245,-0.002447,-2.616632,-0.102840,2.618652,48|49|50|51|52|53,0.5643
6717.133684,-0.316608,-8.926536,-0.007793,7.706299,0.015463,-0.002471,-2.617173,-0.101364,2.619135,48|49|50|51|52|53,0.5631
6717.150350,-0.329354,-8.942468,-0.007407,7.712934,0.015328,-0.002465,-2.615152,-0.108159,2.617388,48|49|50|51|52|53,0.5635
6717.167017,-0.329354,-8.942470,-0.007408,7.720073,0.015734,-0.002292,-2.622290,-0.108565,2.624536,48|49|50|51|52|53,0.5638
6717.183684,-0.341371,-8.952640,-0.007094,7.720073,0.015734,-0.002292,-2.616765,-0.115098,2.619295,48|49|50|51|52|53,0.5647
6717.217017,-0.341371,-8.952637,-0.007093,7.734376,0.016050,-0.002239,-2.631070,-0.115415,2.633600,48|49|50|51|52|53,0.5620
6717.233684,-0.332165,-8.978804,-0.007295,7.741117,0.015671,-0.002265,-2.623587,-0.110038,2.625894,48|49|50|51|52|53,0.5621
6717.250350,-0.336613,-8.989036,-0.007065,7.747905,0.015559,-0.002244,-2.624816,-0.112346,2.627219,48|49|50|51|52|53,0.5635
6717.267017,-0.336613,-8.989037,-0.007064,7.762713,0.016423,-0.002182,-2.639623,-0.113210,2.642050,48|49|50|51|52|53,0.5645
6717.283684,-0.330979,-9.009552,-0.006917,7.762713,0.016423,-0.002182,-2.628472,-0.110153,2.630780,48|49|50|51|52|53,0.5641
6717.300350,-0.330978,-9.009551,-0.006917,7.776844,0.015940,-0.002201,-2.642604,-0.109669,2.644879,48|49|50|51|52|53,0.5634
6717.317017,-0.324551,-9.031864,-0.007754,7.776844,0.015940,-0.002201,-2.630476,-0.106181,2.632618,48|49|50|51|52|53,0.5628
6717.350350,-0.324550,-9.031864,-0.007754,7.798396,0.016584,-0.002377,-2.652028,-0.106825,2.654179,48|49|50|51|52|53,0.5630
6717.367017,-0.337418,-9.040550,-0.007640,7.805823,0.017023,-0.002355,-2.654738,-0.114259,2.657195,48|49|50|51|52|53,0.5628
6717.383684,-0.331172,-9.051732,-0.007972,7.812958,0.017192,-0.002286,-2.655794,-0.111035,2.658114,48|49|50|51|52|53,0.5620
6717.400350,-0.316804,-9.077525,-0.007880,7.812958,0.017192,-0.002286,-2.641772,-0.103232,2.643789,48|49|50|51|52|53,0.5617
6717.417017,-0.314294,-9.085504,-0.007990,7.819599,0.016431,-0.002237,-2.644077,-0.101109,2.646009,48|49|50|51|52|53,0.5617
6717.433684,-0.324039,-9.088382,-0.009426,7.825949,0.015978,-0.002128,-2.648865,-0.105953,2.650984,48|49|50|51|52|53|54,0.5557
6717.450350,-0.324800,-9.087453,-0.008168,7.840557,0.017131,-0.002248,-2.663978,-0.107520,2.666147,48|49|50|51|52|53,0.5640
6717.467017,-0.322232,-9.102527,-0.008317,7.847853,0.017556,-0.002260,-2.663081,-0.106552,2.665211,48|49|50|51|52|53|54|55,0.5642
6717.483684,-0.313518,-9.118048,-0.007933,7.847853,0.017556,-0.002260,-2.654643,-0.101819,2.656595,50|51|52|53|54|55,0.5638
6717.500350,-0.313519,-9.118048,-0.007932,7.861828,0.016861,-0.002254,-2.668618,-0.101125,2.670534,50|51|52|53|54|55,0.5635
6717.517017,-0.308563,-9.137445,-0.008633,7.861828,0.016861,-0.002254,-2.658075,-0.098436,2.659897,50|51|52|53|54|55,0.5627
6717.533684,-0.316369,-9.142848,-0.008423,7.876377,0.017018,-0.002339,-2.669691,-0.102836,2.671670,50|51|52|53|54|55,0.5635
6717.550350,-0.318094,-9.149780,-0.008511,7.883770,0.017258,-0.002317,-2.673316,-0.104016,2.675339,50|51|52|53|54|55,0.5641
6717.567017,-0.313183,-9.164459,-0.008841,7.883770,0.017258,-0.002317,-2.665337,-0.101350,2.667263,50|51|52|53|54|55,0.5632
6717.583684,-0.313184,-9.164459,-0.008839,7.897557,0.017748,-0.002024,-2.679125,-0.101840,2.681060,50|51|52|53|54|55,0.5628
6717.600350,-0.306965,-9.185951,-0.008450,7.904520,0.017596,-0.002020,-2.674406,-0.098313,2.676212,50|51|52|53|54|55,0.5620
6717.617017,-0.302975,-9.191373,-0.008210,7.911527,0.017470,-0.002021,-2.678465,-0.096020,2.680186,50|51|52|53|54|55,0.5624
6717.633684,-0.302974,-9.191373,-0.008209,7.911527,0.017470,-0.002021,-2.678465,-0.096019,2.680186,50|51|52|53|54|55,0.5639
6717.667017,-0.304848,-9.199713,-0.008230,7.932415,0.017177,-0.001860,-2.694821,-0.096747,2.696557,50|51|52|53|54|55,0.5641
6717.683684,-0.305184,-9.230241,-0.008721,7.932415,0.017177,-0.001860,-2.678229,-0.096936,2.679983,50|51|52|53|54|55,0.5629
6717.700350,-0.310623,-9.234549,-0.008996,7.938944,0.016339,-0.001541,-2.682418,-0.099056,2.684246,50|51|52|53|54|55,0.5636
6717.717017,-0.323333,-9.237712,-0.008666,7.946287,0.016344,-0.000980,-2.688045,-0.105968,2.690133,50|51|52|53|54|55,0.5647
6717.733684,-0.323337,-9.237706,-0.008668,7.960569,0.016196,-0.000640,-2.702330,-0.105823,2.704401,50|51|52|53|54|55,0.5646
6717.767017,-0.326327,-9.268836,-0.006851,7.967292,0.016341,-0.000415,-2.692136,-0.107600,2.694285,50|51|52|53|54|55,0.5635
6717.783684,-0.323985,-9.274086,-0.007030,7.980541,0.016455,-0.000219,-2.702531,-0.106441,2.704627,50|51|52|53|54|55,0.5641
6717.800350,-0.323984,-9.274087,-0.007027,7.980541,0.016455,-0.000219,-2.702531,-0.106441,2.704626,50|51|52|53|54|55,0.5651
6717.817017,-0.321819,-9.279128,-0.007002,7.987505,0.016596,-0.000289,-2.706754,-0.105406,2.708805,50|51|52|53|54|55,0.5651
6717.833684,-0.321523,-9.303396,-0.006649,8.001384,0.016640,-0.000185,-2.707443,-0.105295,2.709490,50|51|52|53|54|55,0.5633
6717.850350,-0.321522,-9.303395,-0.006648,8.008378,0.016791,0.000032,-2.714438,-0.105446,2.716485,50|51|52|53|54|55,0.5620
6717.867017,-0.321374,-9.314007,-0.006735,8.015064,0.016670,0.000200,-2.715357,-0.105246,2.717396,50|51|52|53|54|55,0.5605
6717.883684,-0.321025,-9.325135,-0.006186,8.015064,0.016670,0.000200,-2.709309,-0.105059,2.711345,50|51|52|53|54|55,0.5595
6717.900350,-0.320146,-9.337299,-0.005920,8.022135,0.016418,0.000237,-2.709769,-0.104333,2.711776,50|51|52|53|54|55,0.5610
6717.933684,-0.320149,-9.337300,-0.005925,8.043405,0.016275,0.000574,-2.731039,-0.104191,2.733025,50|51|52|53|54|55,0.5607
6717.950350,-0.326722,-9.367237,-0.005653,8.043405,0.016275,0.000574,-2.714770,-0.107770,2.716908,50|51|52|53|54|55|56,0.5523
6717.983684,-0.326704,-9.367323,-0.005654,8.064262,0.016636,0.000728,-2.735581,-0.108121,2.737716,50|51|52|53|54|55|56,0.5617
6718.017017,-0.317334,-9.377820,-0.005136,8.078474,0.016563,0.000692,-2.744085,-0.102958,2.746016,51|52|53|54|55|56,0.5623
6718.033684,-0.320920,-9.410725,-0.005142,8.078474,0.016563,0.000692,-2.726202,-0.104915,2.728220,51|52|53|54|55|56,0.5614
6718.050350,-0.321650,-9.422037,-0.005081,8.085347,0.016946,0.000878,-2.726928,-0.105697,2.728976,51|52|53|54|55|56,0.5605
6718.083684,-0.321650,-9.422036,-0.005082,8.105809,0.016321,0.001143,-2.747391,-0.105071,2.749399,51|52|53|54|55|56,0.5631
6718.100350,-0.317848,-9.434619,-0.004464,8.112903,0.016245,0.001127,-2.747646,-0.102932,2.749573,51|52|53|54|55|56,0.5633
6718.133684,-0.326698,-9.463831,-0.004636,8.126646,0.016806,0.001035,-2.745514,-0.108309,2.747650,51|52|53|54|55|56,0.5624
6718.150350,-0.326698,-9.463829,-0.004633,8.126646,0.016806,0.001035,-2.745515,-0.108309,2.747650,51|52|53|54|55|56,0.5607
6718.167017,-0.318716,-9.474269,-0.005087,8.133434,0.017206,0.001036,-2.746628,-0.104374,2.748610,51|52|53|54|55|56,0.5608
6718.183684,-0.313383,-9.480865,-0.004989,8.140699,0.017007,0.001065,-2.750307,-0.101277,2.752171,51|52|53|54|55|56,0.5605
6718.200350,-0.316470,-9.495497,-0.004751,8.154953,0.016286,0.001023,-2.756609,-0.102237,2.758504,51|52|53|54|55|56,0.5612
6718.217017,-0.316469,-9.495498,-0.004750,8.162100,0.016045,0.001059,-2.763755,-0.101996,2.765636,51|52|53|54|55|56,0.5621
6718.233684,-0.327015,-9.518909,-0.004887,8.162100,0.016045,0.001059,-2.751034,-0.107733,2.753143,51|52|53|54|55|56,0.5613
6718.250350,-0.330160,-9.528375,-0.004974,8.168546,0.016171,0.001106,-2.752337,-0.109570,2.754517,51|52|53|54|55|56,0.5609
6718.267017,-0.330161,-9.528375,-0.004974,8.182539,0.015516,0.001139,-2.766329,-0.108916,2.768473,51|52|53|54|55|56,0.5608
6718.283684,-0.334717,-9.538468,-0.005097,8.189474,0.015406,0.001250,-2.767780,-0.111284,2.770017,51|52|53|54|55|56,0.5615
6718.317017,-0.334719,-9.538470,-0.005096,8.203010,0.015972,0.001426,-2.781316,-0.111851,2.783564,51|52|53|54|55|56,0.5617
6718.333684,-0.338586,-9.564624,-0.005227,8.203010,0.015972,0.001426,-2.767102,-0.113959,2.769448,51|52|53|54|55|56,0.5630
6718.350350,-0.338587,-9.564624,-0.005228,8.217326,0.016180,0.001861,-2.781418,-0.114167,2.783760,51|52|53|54|55|56,0.5633
6718.367017,-0.332665,-9.573977,-0.005333,8.224569,0.016078,0.001845,-2.783577,-0.110849,2.785783,51|52|53|54|55|56,0.5642
6718.383684,-0.331894,-9.589139,-0.004956,8.231786,0.015905,0.001817,-2.782553,-0.110259,2.784737,51|52|53|54|55|56,0.5647
6718.400350,-0.331894,-9.589140,-0.004955,8.231786,0.015905,0.001817,-2.782553,-0.110260,2.784737,51|52|53|54|55|56,0.5643
6718.417017,-0.333741,-9.602064,-0.004944,8.245501,0.016341,0.002188,-2.789244,-0.111702,2.791480,51|52|53|54|55|56,0.5641
6718.433684,-0.336182,-9.614183,-0.004764,8.252615,0.016152,0.002327,-2.789772,-0.112843,2.792053,51|52|53|54|55|56,0.5632
6718.450350,-0.329761,-9.616995,-0.004331,8.260149,0.016227,0.002434,-2.795776,-0.109429,2.797917,51|52|53|54|55|56,0.5639
6718.467017,-0.333038,-9.633206,-0.003475,8.267624,0.016212,0.002497,-2.794441,-0.111198,2.796653,51|52|53|54|55|56,0.5642
6718.500350,-0.333500,-9.659483,-0.003370,8.281196,0.017392,0.002358,-2.793733,-0.112635,2.796003,51|52|53|54|55|56|57|58,0.5619
6718.533684,-0.317329,-9.665751,-0.003848,8.288007,0.017672,0.002539,-2.797133,-0.104128,2.799071,51|52|53|54|55|56|57|58,0.5523
6718.550350,-0.317048,-9.666916,-0.003720,8.302183,0.017563,0.002576,-2.810677,-0.103866,2.812595,53|54|55|56|57|58,0.5640
6718.567017,-0.314035,-9.674247,-0.003339,8.309312,0.017567,0.002535,-2.813820,-0.102234,2.815677,53|54|55|56|57|58,0.5642
6718.583684,-0.315915,-9.684853,-0.002721,8.316484,0.017621,0.002649,-2.815230,-0.103313,2.817125,53|54|55|56|57|58,0.5629
6718.600350,-0.316293,-9.709143,-0.003037,8.316484,0.017621,0.002649,-2.802028,-0.103523,2.803940,53|54|55|56|57|58,0.5631
6718.617017,-0.316293,-9.709145,-0.003037,8.330389,0.018045,0.002984,-2.815932,-0.103948,2.817850,53|54|55|56|57|58,0.5628
6718.633684,-0.307067,-9.721744,-0.001886,8.337681,0.017746,0.002998,-2.816374,-0.098637,2.818101,53|54|55|56|57|58,0.5635
6718.650350,-0.310891,-9.732875,-0.001845,8.337681,0.017746,0.002998,-2.810326,-0.100717,2.812130,53|54|55|56|57|58,0.5630
6718.667017,-0.315281,-9.743270,-0.002293,8.352384,0.017515,0.003152,-2.819380,-0.102875,2.821256,53|54|55|56|57|58,0.5630
6718.683684,-0.317845,-9.754378,-0.002578,8.358940,0.018157,0.003603,-2.819901,-0.104913,2.821851,53|54|55|56|57|58,0.5620
6718.700350,-0.318411,-9.763295,-0.002037,8.365809,0.018857,0.003863,-2.821924,-0.105922,2.823911,53|54|55|56|57|58,0.5616
6718.717017,-0.318411,-9.763295,-0.002037,8.373238,0.018701,0.003877,-2.829351,-0.105766,2.831328,53|54|55|56|57|58,0.5622
6718.733684,-0.310781,-9.765312,-0.001636,8.380512,0.018453,0.003867,-2.835529,-0.101373,2.837340,53|54|55|56|57|58,0.5619
6718.750350,-0.302065,-9.773642,-0.001345,8.387634,0.018159,0.003791,-2.838121,-0.096343,2.839756,53|54|55|56|57|58,0.5635
6718.767017,-0.304990,-9.787381,-0.001822,8.387634,0.018159,0.003791,-2.830655,-0.097936,2.832349,53|54|55|56|57|58,0.5624
6718.783684,-0.313428,-9.809488,-0.002726,8.394690,0.018184,0.004125,-2.825698,-0.102551,2.827558,53|54|55|56|57|58,0.5622
6718.800350,-0.312147,-9.815062,-0.002124,8.401371,0.018405,0.004398,-2.829349,-0.102078,2.831190,53|54|55|56|57|58,0.5613
6718.817017,-0.310482,-9.819358,-0.001922,8.408598,0.017943,0.004595,-2.834241,-0.100712,2.836030,53|54|55|56|57|58,0.5607
6718.833684,-0.310482,-9.819359,-0.001924,8.422720,0.017181,0.004930,-2.848363,-0.099950,2.850116,53|54|55|56|57|58,0.5603
6718.883684,-0.317571,-9.830441,-0.001952,8.443108,0.018264,0.004852,-2.862729,-0.104888,2.864650,53|54|55|56|57|58,0.5620
6718.900350,-0.330532,-9.852932,-0.000774,8.450325,0.018047,0.004683,-2.857726,-0.111720,2.859909,53|54|55|56|57|58,0.5631
6718.917017,-0.326905,-9.855390,-0.000620,8.457514,0.017792,0.004751,-2.863578,-0.109494,2.865671,53|54|55|56|57|58,0.5621
6718.933684,-0.319140,-9.883801,-0.001536,8.464697,0.017553,0.004761,-2.855318,-0.105042,2.857250,53|54|55|56|57|58,0.5643
6718.950350,-0.323026,-9.894698,-0.001424,8.471704,0.017559,0.004860,-2.856405,-0.107162,2.858415,53|54|55|56|57|58,0.5636
6718.967017,-0.327007,-9.905252,-0.001715,8.471704,0.017559,0.004860,-2.850670,-0.109328,2.852766,53|54|55|56|57|58,0.5633
6718.983684,-0.326585,-9.911880,-0.001273,8.478140,0.018088,0.004907,-2.853503,-0.109628,2.855608,53|54|55|56|57|58,0.5625
6719.000350,-0.326586,-9.911882,-0.001272,8.492607,0.017829,0.004787,-2.867969,-0.109371,2.870054,53|54|55|56|57|58,0.5620
6719.017017,-0.319735,-9.913563,-0.001078,8.500057,0.017518,0.004782,-2.874504,-0.105336,2.876434,53|54|55|56|57|58,0.5631
6719.033684,-0.320147,-9.922915,-0.001196,8.507215,0.017558,0.004789,-2.876580,-0.105602,2.878517,53|54|55|56|57|58|59,0.5618
6719.050350,-0.324362,-9.937486,-0.001080,8.513814,0.017879,0.004880,-2.875260,-0.108218,2.877296,54|55|56|57|58|59,0.5625
6719.067017,-0.328202,-9.955721,-0.001247,8.513814,0.017879,0.004880,-2.865351,-0.110308,2.867473,54|55|56|57|58|59,0.5631
6719.083684,-0.328201,-9.955720,-0.001248,8.528202,0.018508,0.004854,-2.879739,-0.110936,2.881875,54|55|56|57|58|59,0.5631
6719.100350,-0.315496,-9.966959,-0.001694,8.528202,0.018508,0.004854,-2.873629,-0.104034,2.875511,54|55|56|57|58|59,0.5634
6719.117017,-0.315495,-9.966959,-0.001692,8.542324,0.018143,0.004698,-2.887750,-0.103669,2.889611,54|55|56|57|58|59,0.5639
6719.133684,-0.319469,-9.990592,-0.001664,8.549347,0.018129,0.004696,-2.881930,-0.105820,2.883872,54|55|56|57|58|59,0.5629
6719.150350,-0.319468,-9.990590,-0.001663,8.549347,0.018129,0.004696,-2.881931,-0.105819,2.883873,54|55|56|57|58|59,0.5622
6719.167017,-0.322565,-9.999925,-0.002035,8.563177,0.018592,0.005160,-2.890689,-0.107968,2.892704,54|55|56|57|58|59,0.5612
6719.183684,-0.322970,-10.006482,-0.002183,8.570505,0.018398,0.005170,-2.894453,-0.107995,2.896467,54|55|56|57|58|59,0.5608
6719.200350,-0.319000,-10.019845,-0.001458,8.570505,0.018398,0.005170,-2.887190,-0.105841,2.889129,54|55|56|57|58|59,0.5609
6719.217017,-0.319000,-10.019844,-0.001458,8.577660,0.018084,0.005181,-2.894345,-0.105526,2.896268,54|55|56|57|58|59,0.5609
6719.233684,-0.327421,-10.045830,-0.001414,8.584793,0.017836,0.005265,-2.887357,-0.109861,2.889447,54|55|56|57|58|59,0.5621
6719.250350,-0.327421,-10.045830,-0.001413,8.598246,0.018642,0.004909,-2.900810,-0.110666,2.902920,54|55|56|57|58|59,0.5619
6719.267017,-0.330249,-10.055326,-0.001070,8.598246,0.018642,0.004909,-2.895650,-0.112206,2.897823,54|55|56|57|58|59,0.5619
6719.283684,-0.318689,-10.063687,-0.001458,8.612476,0.018996,0.004889,-2.905334,-0.106279,2.907277,54|55|56|57|58|59,0.5612
6719.300350,-0.308857,-10.076862,-0.001676,8.619402,0.018542,0.004885,-2.905097,-0.100484,2.906834,54|55|56|57|58|59,0.5610
6719.317017,-0.315410,-10.086146,-0.001199,8.619402,0.018542,0.004885,-2.900053,-0.104048,2.901919,54|55|56|57|58|59,0.5614
6719.333684,-0.322409,-10.095380,-0.000466,8.626459,0.018090,0.004843,-2.902093,-0.107402,2.904080,54|55|56|57|58|59,0.5614
6719.367017,-0.330146,-10.108196,-0.000487,8.640287,0.018054,0.004758,-2.908958,-0.111574,2.911097,54|55|56|57|58|59,0.5607
6719.383684,-0.330395,-10.117546,-0.000476,8.655081,0.017377,0.004891,-2.918670,-0.111034,2.920781,54|55|56|57|58|59,0.5607
6719.400350,-0.330394,-10.117546,-0.000476,8.661926,0.017428,0.005166,-2.925515,-0.111085,2.927623,54|55|56|57|58|59,0.5626
6719.417017,-0.335373,-10.131518,-0.000756,8.668449,0.017655,0.005142,-2.924446,-0.114021,2.926668,54|55|56|57|58|59,0.5634
6719.433684,-0.340100,-10.147766,-0.000314,8.668449,0.017655,0.005142,-2.915617,-0.116593,2.917947,54|55|56|57|58|59,0.5642
6719.450350,-0.337888,-10.149427,-0.000554,8.683096,0.018696,0.005034,-2.929360,-0.116432,2.931673,54|55|56|57|58|59,0.5642
6719.483684,-0.325308,-10.174631,-0.001008,8.690248,0.018336,0.004928,-2.922811,-0.109241,2.924852,54|55|56|57|58|59,0.5627
6719.500350,-0.325308,-10.174629,-0.001008,8.704360,0.018181,0.004940,-2.936924,-0.109086,2.938950,54|55|56|57|58|59,0.5632
6719.517017,-0.336099,-10.197539,-0.001705,8.704360,0.018181,0.004940,-2.924476,-0.114955,2.926734,54|55|56|57|58|59|60|61,0.5514
6719.567017,-0.329392,-10.218115,-0.000304,8.725976,0.018372,0.004989,-2.934908,-0.111506,2.937025,54|56|57|58|59|60|61,0.5563
6719.583684,-0.329830,-10.218911,-0.001222,8.733446,0.018127,0.005040,-2.941945,-0.111500,2.944057,56|57|58|59|60|61,0.5630
6719.617017,-0.333528,-10.231919,-0.001200,8.753468,0.019700,0.004792,-2.954898,-0.115084,2.957139,56|57|58|59|60|61,0.5620
6719.633684,-0.325851,-10.249930,-0.001889,8.761276,0.020403,0.004589,-2.952916,-0.111620,2.955024,56|57|58|59|60|61,0.5647
6719.667017,-0.325852,-10.249929,-0.001889,8.776056,0.019822,0.005106,-2.967697,-0.111040,2.969774,56|57|58|59|60|61,0.5633
6719.683684,-0.306964,-10.273272,-0.002448,8.783280,0.019721,0.005266,-2.962230,-0.100678,2.963940,56|57|58|59|60|61,0.5636
6719.733684,-0.313341,-10.306781,-0.001629,8.804796,0.020204,0.005417,-2.965537,-0.104635,2.967382,56|57|58|59|60|61,0.5637
6719.750350,-0.308378,-10.316220,-0.001239,8.812218,0.019855,0.005406,-2.967827,-0.101590,2.969565,56|57|58|59|60|61,0.5639
6719.767017,-0.313510,-10.329131,-0.001262,8.819527,0.019674,0.005604,-2.968120,-0.104201,2.969949,56|57|58|59|60|61,0.5629
6719.783684,-0.318822,-10.340181,-0.001646,8.826298,0.020022,0.005730,-2.968887,-0.107438,2.970830,56|57|58|59|60|61,0.5627
6719.800350,-0.320861,-10.348145,-0.001477,8.826298,0.020022,0.005730,-2.964559,-0.108548,2.966546,56|57|58|59|60|61,0.5623
6719.817017,-0.320861,-10.348145,-0.001476,8.840550,0.021198,0.005735,-2.978811,-0.109725,2.980831,56|57|58|59|60|61,0.5631
6719.833684,-0.307682,-10.359416,-0.000993,8.847719,0.020921,0.005715,-2.979852,-0.102288,2.981607,56|57|58|59|60|61,0.5627
6719.850350,-0.307682,-10.359415,-0.000993,8.854827,0.020627,0.005516,-2.986961,-0.101994,2.988702,56|57|58|59|60|61,0.5628
6719.867017,-0.301209,-10.372292,-0.000684,8.861988,0.020316,0.005532,-2.987122,-0.098167,2.988735,56|57|58|59|60|61,0.5626
6719.883684,-0.310444,-10.391526,-0.001447,8.861988,0.020316,0.005532,-2.976671,-0.103190,2.978459,56|57|58|59|60|61,0.5615
6719.900350,-0.315330,-10.400735,-0.001191,8.868881,0.020489,0.005479,-2.978560,-0.106021,2.980447,56|57|58|59|60|61,0.5611
6719.917017,-0.313384,-10.405114,-0.001469,8.883297,0.020119,0.005776,-2.990595,-0.104595,2.992424,56|57|58|59|60|61,0.5618
6719.933684,-0.313384,-10.405113,-0.001469,8.890431,0.019591,0.005791,-2.997729,-0.104066,2.999535,56|57|58|59|60|61,0.5613
6719.950350,-0.320222,-10.425974,-0.001403,8.890431,0.019591,0.005791,-2.986393,-0.107787,2.988338,56|57|58|59|60|61,0.5620
6719.967017,-0.328330,-10.435307,-0.000731,8.897341,0.019411,0.005812,-2.988233,-0.112016,2.990332,56|57|58|59|60|61,0.5620
6719.983684,-0.331177,-10.439128,-0.000634,8.903823,0.019516,0.005902,-2.992640,-0.113669,2.994797,56|57|58|59|60|61,0.5631
6720.000350,-0.330120,-10.441853,-0.000501,8.918097,0.020558,0.005253,-3.005432,-0.114138,3.007599,56|57|58|59|60|61,0.5641
6720.033684,-0.315640,-10.469307,-0.001265,8.925137,0.020285,0.005288,-2.997548,-0.106001,2.999422,56|57|58|59|60|61,0.5627
6720.050350,-0.319931,-10.478634,-0.000900,8.932175,0.020000,0.005291,-2.999518,-0.108050,3.001464,56|57|58|59|60|61|62,0.5646
6720.067017,-0.319932,-10.478637,-0.000902,8.939218,0.019708,0.005281,-3.006559,-0.107758,3.008490,56|57|58|59|60|61|62,0.5634
6720.083684,-0.328605,-10.496484,-0.001896,8.952924,0.020665,0.004910,-3.010568,-0.113433,3.012704,56|57|58|59|60|61|62,0.5575
6720.117017,-0.315024,-10.509775,-0.001600,8.967983,0.019705,0.004970,-3.018401,-0.105095,3.020230,57|58|59|60|61|62,0.5621
6720.133684,-0.322217,-10.524391,-0.001248,8.967983,0.019705,0.004970,-3.010459,-0.109007,3.012432,57|58|59|60|61|62,0.5620
6720.150350,-0.322216,-10.524391,-0.001247,8.975001,0.019726,0.005016,-3.017476,-0.109028,3.019445,57|58|59|60|61|62,0.5629
6720.167017,-0.329225,-10.542087,-0.001041,8.981683,0.019900,0.004978,-3.014543,-0.113015,3.016661,57|58|59|60|61|62,0.5645
6720.200350,-0.320789,-10.553551,-0.001302,8.996014,0.020925,0.004967,-3.022642,-0.109457,3.024623,57|58|59|60|61|62,0.5656
6720.217017,-0.313779,-10.567330,-0.001227,9.003056,0.020619,0.004833,-3.022193,-0.105345,3.024029,57|58|59|60|61|62,0.5638
6720.233684,-0.313778,-10.567331,-0.001227,9.017176,0.020150,0.004783,-3.036313,-0.104876,3.038124,57|58|59|60|61|62,0.5642
6720.250350,-0.318743,-10.576557,-0.001390,9.017176,0.020150,0.004783,-3.031300,-0.107576,3.033208,57|58|59|60|61|62,0.5640
6720.267017,-0.326397,-10.592368,-0.001530,9.023850,0.020329,0.004755,-3.029383,-0.111918,3.031449,57|58|59|60|61|62,0.5628
6720.283684,-0.324574,-10.592564,-0.001470,9.038641,0.020707,0.004879,-3.044067,-0.111305,3.046101,57|58|59|60|61|62,0.5630
6720.300350,-0.324574,-10.592562,-0.001471,9.045996,0.020160,0.004891,-3.051423,-0.110758,3.053432,57|58|59|60|61|62,0.5633
6720.317017,-0.320426,-10.620868,-0.002173,9.053206,0.019868,0.005051,-3.043248,-0.108218,3.045171,57|58|59|60|61|62,0.5638
6720.333684,-0.328727,-10.634013,-0.002233,9.053206,0.019868,0.005051,-3.036106,-0.112733,3.038198,57|58|59|60|61|62,0.5647
6720.350350,-0.332092,-10.642268,-0.001958,9.059780,0.020117,0.005079,-3.038195,-0.114812,3.040363,57|58|59|60|61|62,0.5643
6720.367017,-0.329060,-10.643583,-0.001855,9.066466,0.020407,0.004861,-3.044165,-0.113454,3.046278,57|58|59|60|61|62,0.5650
6720.400350,-0.311872,-10.665711,-0.001699,9.080552,0.021301,0.004995,-3.046222,-0.105012,3.048031,57|58|59|60|61|62,0.5640
6720.417017,-0.313660,-10.672372,-0.001535,9.087528,0.020756,0.004969,-3.049577,-0.105440,3.051399,57|58|59|60|61|62,0.5637
6720.433684,-0.321906,-10.681679,-0.001496,9.094526,0.020175,0.004974,-3.051520,-0.109343,3.053478,57|58|59|60|61|62,0.5633
6720.450350,-0.330445,-10.691377,-0.000716,9.101365,0.020013,0.004982,-3.053090,-0.113824,3.055211,57|58|59|60|61|62,0.5613
6720.467017,-0.330446,-10.691376,-0.000717,9.115846,0.020031,0.004469,-3.067571,-0.113842,3.069682,57|58|59|60|61|62,0.5620
6720.483684,-0.333093,-10.694521,-0.001204,9.123014,0.019699,0.004512,-3.073030,-0.114950,3.075179,57|58|59|60|61|62,0.5616
6720.500351,-0.327899,-10.702265,-0.001612,9.130064,0.019447,0.004602,-3.075871,-0.111877,3.077905,57|58|59|60|61|62,0.5617
6720.517017,-0.338131,-10.726369,-0.001895,9.130064,0.019447,0.004602,-3.062773,-0.117443,3.065023,57|58|59|60|61|62,0.5620
6720.533684,-0.341718,-10.734158,-0.001515,9.136538,0.019516,0.004780,-3.065014,-0.119463,3.067341,57|58|59|60|61|62,0.5619
6720.550351,-0.340928,-10.735646,-0.001198,9.151066,0.020897,0.004769,-3.078734,-0.120415,3.081088,57|58|59|60|61|62,0.5639
6720.567017,-0.333512,-10.742836,-0.001073,9.151066,0.020897,0.004769,-3.074824,-0.116386,3.077026,57|58|59|60|61|62,0.5632
6720.583684,-0.322955,-10.761865,-0.001420,9.158343,0.020442,0.004503,-3.071757,-0.110198,3.073733,57|58|59|60|61|62|63|64,0.5634
6720.600351,-0.330191,-10.772390,-0.002408,9.165642,0.020010,0.004441,-3.073338,-0.113701,3.075440,57|58|59|60|61|62|63|64,0.5530
6720.617017,-0.337362,-10.784628,-0.002412,9.172531,0.020097,0.004429,-3.073577,-0.117688,3.075830,59|60|61|62|63|64,0.5642
6720.633684,-0.336705,-10.788305,-0.002348,9.179302,0.020184,0.004419,-3.078350,-0.117419,3.080589,59|60|61|62|63|64,0.5651
6720.667017,-0.328966,-10.804286,-0.002711,9.194456,0.020349,0.004460,-3.084817,-0.113382,3.086900,59|60|61|62|63|64,0.5641
6720.683684,-0.334846,-10.819329,-0.002319,9.202028,0.019899,0.004515,-3.084215,-0.116130,3.086400,59|60|61|62|63|64,0.5639
6720.700351,-0.341731,-10.833328,-0.002607,9.209025,0.020015,0.004389,-3.083604,-0.119990,3.085938,59|60|61|62|63|64,0.5629
6720.717017,-0.340272,-10.838981,-0.002660,9.215353,0.020769,0.004339,-3.086860,-0.119953,3.089190,59|60|61|62|63|64,0.5623
6720.750351,-0.323289,-10.836499,-0.002317,9.229355,0.022313,0.004130,-3.102207,-0.112266,3.104238,59|60|61|62|63|64,0.5641
6720.767017,-0.323289,-10.836499,-0.002319,9.236809,0.022014,0.004121,-3.109661,-0.111968,3.111676,59|60|61|62|63|64,0.5632
6720.783684,-0.308688,-10.855202,-0.003628,9.251197,0.021493,0.004437,-3.113881,-0.103515,3.115601,59|60|61|62|63|64,0.5641
6720.800351,-0.319212,-10.880934,-0.002179,9.251197,0.021493,0.004437,-3.099899,-0.109240,3.101823,59|60|61|62|63|64,0.5643
6720.817017,-0.320304,-10.889143,-0.001982,9.257994,0.021794,0.004532,-3.102235,-0.110137,3.104189,59|60|61|62|63|64,0.5651
6720.833684,-0.316523,-10.892242,-0.002690,9.265001,0.022281,0.004487,-3.107556,-0.108570,3.109452,59|60|61|62|63|64,0.5637
6720.850351,-0.316524,-10.892244,-0.002693,9.272425,0.022222,0.004595,-3.114979,-0.108512,3.116869,59|60|61|62|63|64,0.5636
6720.867017,-0.311758,-10.912749,-0.001711,9.279642,0.021920,0.004625,-3.111052,-0.105624,3.112844,59|60|61|62|63|64,0.5628
6720.883684,-0.316461,-10.922437,-0.002566,9.286848,0.021602,0.004648,-3.112994,-0.107864,3.114862,59|60|61|62|63|64,0.5645
6720.900351,-0.321154,-10.932079,-0.002422,9.300810,0.022146,0.004653,-3.121716,-0.110961,3.123688,59|60|61|62|63|64,0.5637
6720.917017,-0.320785,-10.936098,-0.002013,9.300810,0.022146,0.004653,-3.119532,-0.110761,3.121498,59|60|61|62|63|64,0.5647
6720.933684,-0.313588,-10.944457,-0.002481,9.315132,0.022781,0.004712,-3.129309,-0.107487,3.131154,59|60|61|62|63|64,0.5649
6720.967017,-0.313591,-10.944456,-0.002482,9.329281,0.021994,0.004529,-3.143459,-0.106701,3.145269,59|60|61|62|63|64,0.5637
6720.983684,-0.305634,-10.966743,-0.002920,9.329281,0.021994,0.004529,-3.131345,-0.102381,3.133018,59|60|61|62|63|64,0.5631
6721.017017,-0.311700,-10.975977,-0.002575,9.350523,0.022198,0.005179,-3.147570,-0.105884,3.149350,59|60|61|62|63|64,0.5631
6721.033684,-0.310161,-11.002784,-0.002776,9.357565,0.021597,0.005480,-3.140043,-0.104453,3.141779,59|60|61|62|63|64,0.5617
6721.050351,-0.310161,-11.002784,-0.002776,9.364475,0.021286,0.005541,-3.146952,-0.104142,3.148675,59|60|61|62|63|64,0.5625
6721.067017,-0.327931,-11.020119,-0.002932,9.364475,0.021286,0.005541,-3.137534,-0.113803,3.139598,59|60|61|62|63|64,0.5616
6721.083684,-0.327929,-11.020118,-0.002931,9.371191,0.021162,0.005455,-3.144251,-0.113678,3.146306,59|60|61|62|63|64,0.5618
6721.100351,-0.333979,-11.026415,-0.002949,9.378041,0.021704,0.004153,-3.147680,-0.117509,3.149872,59|60|61|62|63|64|65,0.5555
6721.117017,-0.323081,-11.041318,-0.004131,9.385151,0.022383,0.004033,-3.146689,-0.112269,3.148691,59|60|61|62|63|64|65,0.5553
6721.133684,-0.323004,-11.041795,-0.004182,9.398859,0.021698,0.004222,-3.160138,-0.111543,3.162106,60|61|62|63|64|65,0.5609
6721.167017,-0.325899,-11.071807,-0.003056,9.405749,0.021271,0.004261,-3.150716,-0.112695,3.152731,60|61|62|63|64|65,0.5618
6721.200351,-0.325896,-11.071804,-0.003061,9.426587,0.022349,0.004086,-3.171556,-0.113772,3.173596,60|61|62|63|64|65,0.5612
6721.217017,-0.322113,-11.093082,-0.004276,9.426587,0.022349,0.004086,-3.159991,-0.111721,3.161965,60|61|62|63|64|65,0.5613
6721.233684,-0.317114,-11.106104,-0.005147,9.433572,0.021900,0.004084,-3.159899,-0.108557,3.161763,60|61|62|63|64|65,0.5603
6721.250351,-0.323892,-11.115122,-0.004231,9.447354,0.021377,0.004123,-3.168780,-0.111720,3.170749,60|61|62|63|64|65,0.5606
6721.267017,-0.329925,-11.123510,-0.004602,9.454326,0.021756,0.004208,-3.171195,-0.115379,3.173294,60|61|62|63|64|65,0.5620
6721.283684,-0.329923,-11.123510,-0.004606,9.461836,0.022466,0.004327,-3.178705,-0.116089,3.180825,60|61|62|63|64|65,0.5620
6721.300351,-0.331747,-11.126634,-0.005042,9.461836,0.022466,0.004327,-3.177008,-0.117081,3.179165,60|61|62|63|64|65,0.5623
6721.317017,-0.326725,-11.135925,-0.003897,9.468644,0.022585,0.004339,-3.178765,-0.114473,3.180826,60|61|62|63|64|65,0.5605
6721.333684,-0.316187,-11.159117,-0.003813,9.475541,0.022091,0.004302,-3.173055,-0.108256,3.174901,60|61|62|63|64|65,0.5615
6721.350351,-0.316187,-11.159116,-0.003813,9.489220,0.021641,0.004335,-3.186735,-0.107806,3.188558,60|61|62|63|64|65,0.5606
6721.367017,-0.329441,-11.174231,-0.003046,9.489220,0.021641,0.004335,-3.178523,-0.115013,3.180604,60|61|62|63|64|65,0.5611
6721.383684,-0.329440,-11.174231,-0.003046,9.503935,0.022985,0.004114,-3.193239,-0.116356,3.195358,60|61|62|63|64|65,0.5617
6721.400351,-0.319907,-11.185939,-0.003443,9.503935,0.022985,0.004114,-3.186874,-0.111178,3.188812,60|61|62|63|64|65,0.5603
6721.417017,-0.313017,-11.202898,-0.003233,9.510928,0.022438,0.004205,-3.184648,-0.106890,3.186441,60|61|62|63|64|65,0.5596
6721.433684,-0.320976,-11.211949,-0.003198,9.517805,0.021898,0.004205,-3.186608,-0.110678,3.188530,60|61|62|63|64|65,0.5605
6721.450351,-0.329073,-11.220688,-0.003211,9.524422,0.021674,0.004204,-3.188477,-0.114856,3.190545,60|61|62|63|64|65,0.5611
6721.467017,-0.332550,-11.224642,-0.003279,9.531102,0.021753,0.004052,-3.193008,-0.116826,3.195145,60|61|62|63|64|65,0.5621
6721.483684,-0.332550,-11.224642,-0.003278,9.538479,0.022404,0.004162,-3.200386,-0.117476,3.202541,60|61|62|63|64|65,0.5616
6721.500351,-0.330893,-11.232268,-0.002742,9.545673,0.022865,0.004156,-3.203435,-0.117039,3.205573,60|61|62|63|64|65,0.5618
6721.517017,-0.322310,-11.248026,-0.002304,9.559410,0.022006,0.004059,-3.208606,-0.111519,3.210544,60|61|62|63|64|65,0.5619
6721.550351,-0.329390,-11.272849,-0.002155,9.566073,0.021590,0.004044,-3.201779,-0.114956,3.203842,60|61|62|63|64|65,0.5627
6721.567017,-0.335475,-11.276259,-0.001961,9.580594,0.022243,0.003545,-3.214448,-0.118917,3.216647,60|61|62|63|64|65,0.5626
6721.600351,-0.335475,-11.276260,-0.001950,9.587746,0.021827,0.003761,-3.221600,-0.118501,3.223779,60|61|62|63|64|65,0.5606
6721.617017,-0.333815,-11.308881,-0.002621,9.594776,0.021400,0.003719,-3.210901,-0.117179,3.213038,60|61|62|63|64|65|66|67,0.5625
6721.633684,-0.340721,-11.316115,-0.002676,9.601334,0.021216,0.003702,-3.213529,-0.120750,3.215797,60|61|62|63|64|65|66|67,0.5564
6721.650351,-0.343556,-11.317453,-0.002745,9.615805,0.022345,0.003870,-3.227274,-0.123419,3.229633,60|61|62|63|64|65|66|67,0.5530
6721.667017,-0.340281,-11.325309,-0.003349,9.615805,0.022345,0.003870,-3.223004,-0.121641,3.225298,62|63|64|65|66|67,0.5641
6721.683684,-0.340280,-11.325306,-0.003352,9.630185,0.022252,0.003591,-3.237384,-0.121547,3.239665,62|63|64|65|66|67,0.5620
6721.700351,-0.328643,-11.343886,-0.003174,9.630185,0.022252,0.003591,-3.227284,-0.115227,3.229340,62|63|64|65|66|67,0.5626
6721.717017,-0.332032,-11.362133,-0.002883,9.644022,0.021605,0.003538,-3.231206,-0.116427,3.233303,62|63|64|65|66|67,0.5628
6721.733684,-0.332033,-11.362133,-0.002884,9.651402,0.022170,0.003318,-3.238585,-0.116992,3.240698,62|63|64|65|66|67,0.5627
6721.750351,-0.338800,-11.369624,-0.002697,9.658947,0.022628,0.003347,-3.242060,-0.121129,3.244322,62|63|64|65|66|67,0.5638
6721.767017,-0.333676,-11.384450,-0.003226,9.658947,0.022628,0.003347,-3.234001,-0.118348,3.236166,62|63|64|65|66|67,0.5636
6721.783684,-0.333677,-11.384450,-0.003223,9.673496,0.021807,0.003392,-3.248551,-0.117528,3.250676,62|63|64|65|66|67,0.5631
6721.800351,-0.334099,-11.406658,-0.002994,9.680269,0.021967,0.003382,-3.243254,-0.117922,3.245397,62|63|64|65|66|67,0.5634
6721.817017,-0.340398,-11.416425,-0.002836,9.680269,0.021967,0.003382,-3.237948,-0.121348,3.240221,62|63|64|65|66|67,0.5630
6721.833684,-0.340399,-11.416425,-0.002838,9.693894,0.023200,0.001913,-3.251573,-0.122581,3.253882,62|63|64|65|66|67,0.5644
6721.850351,-0.338328,-11.416998,-0.003460,9.701373,0.023924,0.001790,-3.258740,-0.122180,3.261029,62|63|64|65|66|67,0.5659
6721.867017,-0.316431,-11.434960,-0.005376,9.708439,0.023430,0.001817,-3.256040,-0.109789,3.257890,62|63|64|65|66|67,0.5642
6721.883684,-0.316431,-11.434959,-0.005376,9.715533,0.023000,0.001814,-3.263133,-0.109359,3.264965,62|63|64|65|66|67,0.5632
6721.900351,-0.314468,-11.460439,-0.005833,9.715533,0.023000,0.001814,-3.249285,-0.108297,3.251090,62|63|64|65|66|67,0.5634
6721.917017,-0.320624,-11.469519,-0.006059,9.729494,0.023041,0.001667,-3.258313,-0.111687,3.260226,62|63|64|65|66|67,0.5640
6721.950351,-0.319380,-11.483183,-0.006360,9.744159,0.023472,0.001749,-3.265552,-0.111444,3.267453,62|63|64|65|66|67,0.5645
6721.967017,-0.310215,-11.498090,-0.006130,9.744159,0.023472,0.001749,-3.257448,-0.106466,3.259188,62|63|64|65|66|67,0.5630
6721.983684,-0.310215,-11.498090,-0.006130,9.751385,0.022871,0.001758,-3.264674,-0.105865,3.266390,62|63|64|65|66|67,0.5632
6722.000351,-0.322806,-11.513724,-0.006666,9.765505,0.022771,0.001426,-3.270300,-0.112611,3.272239,62|63|64|65|66|67,0.5632
6722.017017,-0.326101,-11.517534,-0.006583,9.765505,0.022771,0.001426,-3.268230,-0.114403,3.270232,62|63|64|65|66|67,0.5634
6722.033684,-0.322919,-11.526376,-0.006249,9.772923,0.023428,0.001483,-3.270842,-0.113334,3.272805,62|63|64|65|66|67,0.5631
6722.050351,-0.313638,-11.542267,-0.006372,9.780081,0.023921,0.001552,-3.269362,-0.108786,3.271172,62|63|64|65|66|67,0.5615
6722.067017,-0.313639,-11.542268,-0.006376,9.786734,0.023593,0.001424,-3.276014,-0.108458,3.277809,62|63|64|65|66|67,0.5611
6722.083684,-0.311613,-11.557882,-0.006104,9.793833,0.022942,0.001382,-3.274627,-0.106710,3.276365,62|63|64|65|66|67,0.5618
6722.100351,-0.321078,-11.567055,-0.005736,9.800795,0.022641,0.001361,-3.276605,-0.111555,3.278504,62|63|64|65|66|67,0.5607
6722.117017,-0.325301,-11.571763,-0.005898,9.808230,0.023107,0.001464,-3.281482,-0.114317,3.283473,62|63|64|65|66|67,0.5617
6722.133684,-0.319150,-11.586892,-0.005736,9.815623,0.023484,0.001477,-3.280652,-0.111354,3.282541,62|63|64|65|66|67|68,0.5622
6722.150351,-0.319166,-11.586901,-0.005765,9.822331,0.022747,0.001629,-3.287355,-0.110625,3.289216,62|63|64|65|66|67|68,0.5567
6722.167017,-0.325448,-11.602560,-0.006127,9.828979,0.022254,0.001705,-3.285494,-0.113550,3.287456,63|64|65|66|67|68,0.5618
6722.183684,-0.325448,-11.602561,-0.006127,9.842404,0.022231,0.001145,-3.298918,-0.113527,3.300871,63|64|65|66|67|68,0.5630
6722.217017,-0.332322,-11.606066,-0.005771,9.849714,0.022738,0.000721,-3.304325,-0.117771,3.306423,63|64|65|66|67|68,0.5640
6722.233684,-0.323027,-11.638157,-0.006672,9.856865,0.023106,0.000916,-3.294033,-0.113094,3.295974,63|64|65|66|67|68,0.5634
6722.250351,-0.323026,-11.638154,-0.006671,9.870545,0.021981,0.001279,-3.307715,-0.111969,3.309610,63|64|65|66|67|68,0.5638
6722.267017,-0.326858,-11.654093,-0.005676,9.870545,0.021981,0.001279,-3.299053,-0.114055,3.301024,63|64|65|66|67|68,0.5643
6722.283684,-0.326857,-11.654092,-0.005675,9.877279,0.021844,0.001357,-3.305788,-0.113918,3.307750,63|64|65|66|67|68,0.5635
6722.317017,-0.332293,-11.674855,-0.006107,9.891574,0.022907,0.000949,-3.308800,-0.117940,3.310902,63|64|65|66|67|68,0.5622
6722.333684,-0.321334,-11.691549,-0.006009,9.898531,0.022848,0.000954,-3.306682,-0.111929,3.308576,63|64|65|66|67|68,0.5599
6722.350351,-0.321333,-11.691550,-0.006008,9.912346,0.021973,0.000884,-3.320497,-0.111053,3.322353,63|64|65|66|67|68,0.5623
6722.367017,-0.331344,-11.705944,-0.006488,9.919283,0.022071,0.000847,-3.319613,-0.116595,3.321660,63|64|65|66|67|68,0.5644
6722.383684,-0.335757,-11.709513,-0.006444,9.919283,0.022071,0.000847,-3.317674,-0.118994,3.319807,63|64|65|66|67|68,0.5648
6722.400351,-0.334031,-11.718234,-0.006664,9.926833,0.022608,0.000887,-3.320483,-0.118594,3.322600,63|64|65|66|67|68,0.5644
6722.417017,-0.326590,-11.734818,-0.006777,9.940896,0.022749,0.000799,-3.325532,-0.114695,3.327509,63|64|65|66|67|68,0.5627
6722.433684,-0.326588,-11.734814,-0.006773,9.947939,0.022208,0.000795,-3.332577,-0.114153,3.334532,63|64|65|66|67|68,0.5613
6722.450351,-0.325070,-11.751120,-0.006663,9.954699,0.021909,0.000778,-3.330475,-0.113033,3.332392,63|64|65|66|67|68,0.5608
6722.467017,-0.325070,-11.751121,-0.006663,9.961932,0.022404,0.000307,-3.337707,-0.113528,3.339637,63|64|65|66|67|68,0.5614
6722.483684,-0.332751,-11.757742,-0.006607,9.969554,0.023193,0.000032,-3.341733,-0.118493,3.343833,63|64|65|66|67|68,0.5614
6722.500351,-0.328760,-11.768231,-0.007288,9.969554,0.023193,0.000032,-3.336032,-0.116326,3.338059,63|64|65|66|67|68,0.5612
6722.517017,-0.316428,-11.786182,-0.007718,9.976653,0.022885,0.000019,-3.333371,-0.109320,3.335163,63|64|65|66|67|68,0.5597
6722.533684,-0.316427,-11.786182,-0.007719,9.990519,0.021866,0.000039,-3.347238,-0.108301,3.348989,63|64|65|66|67|68,0.5613
6722.550351,-0.321460,-11.795185,-0.007614,9.997167,0.021695,-0.000130,-3.348994,-0.110866,3.350828,63|64|65|66|67|68,0.5624
6722.583684,-0.330611,-11.804116,-0.007545,10.011747,0.022590,-0.000149,-3.358722,-0.116737,3.360750,63|64|65|66|67|68,0.5646
6722.600351,-0.337422,-11.815390,-0.007477,10.018917,0.022698,-0.000356,-3.359766,-0.120549,3.361928,63|64|65|66|67|68,0.5638
6722.617017,-0.324917,-11.844711,-0.007673,10.025617,0.022176,-0.000313,-3.350528,-0.113237,3.352441,63|64|65|66|67|68,0.5619
6722.633684,-0.324752,-11.845345,-0.008037,10.032296,0.021635,-0.000312,-3.356862,-0.112607,3.358750,63|64|65|66|67|68|69,0.5559
6722.667017,-0.339686,-11.861727,-0.007442,10.046679,0.022032,-0.000467,-3.362346,-0.121124,3.364527,63|64|65|66|67|68|69|70,0.5623
6722.683684,-0.340593,-11.868019,-0.007783,10.046679,0.022032,-0.000467,-3.358926,-0.121619,3.361127,63|64|65|66|67|68|69|70,0.5525
6722.700351,-0.334006,-11.885795,-0.008319,10.053864,0.021881,-0.000433,-3.356449,-0.117891,3.358519,65|66|67|68|69|70,0.5598
6722.717017,-0.336353,-11.893607,-0.008313,10.060898,0.021377,-0.000471,-3.359238,-0.118664,3.361333,65|66|67|68|69|70,0.5607
6722.733684,-0.343665,-11.900319,-0.008459,10.067503,0.021085,-0.000498,-3.362197,-0.122349,3.364422,65|66|67|68|69|70,0.5616
6722.767017,-0.343664,-11.900320,-0.008458,10.089489,0.022293,-0.000386,-3.384183,-0.123556,3.386437,65|66|67|68|69|70,0.5640
6722.783684,-0.337219,-11.928078,-0.008225,10.089489,0.022293,-0.000386,-3.369095,-0.120059,3.371234,65|66|67|68|69|70,0.5622
6722.800351,-0.331594,-11.943012,-0.008220,10.096493,0.022048,-0.000425,-3.367982,-0.116760,3.370005,65|66|67|68|69|70,0.5619
6722.817017,-0.335221,-11.946760,-0.008153,10.110422,0.021223,-0.000454,-3.379874,-0.117907,3.381930,65|66|67|68|69|70,0.5628
6722.833684,-0.343139,-11.954808,-0.008040,10.110422,0.021223,-0.000454,-3.375503,-0.122212,3.377714,65|66|67|68|69|70,0.5645
6722.850351,-0.343139,-11.954811,-0.008040,10.125368,0.022157,-0.000567,-3.390446,-0.123146,3.392682,65|66|67|68|69|70,0.5646
6722.867017,-0.342007,-11.970453,-0.008058,10.132384,0.021841,-0.000517,-3.388961,-0.122218,3.391164,65|66|67|68|69|70,0.5638
6722.883684,-0.333730,-11.985066,-0.008154,10.139511,0.021332,-0.000461,-3.388145,-0.117214,3.390172,65|66|67|68|69|70,0.5633
6722.900351,-0.338438,-11.992173,-0.008260,10.139511,0.021332,-0.000461,-3.384284,-0.119774,3.386402,65|66|67|68|69|70,0.5634
6722.917017,-0.338437,-11.992172,-0.008260,10.153019,0.021380,-0.000484,-3.397792,-0.119822,3.399904,65|66|67|68|69|70,0.5627
6722.933684,-0.345620,-12.000961,-0.008223,10.153019,0.021380,-0.000484,-3.393017,-0.123727,3.395272,65|66|67|68|69|70,0.5639
6722.950351,-0.344823,-12.001991,-0.008006,10.160344,0.022357,-0.000946,-3.399781,-0.124272,3.402051,65|66|67|68|69|70,0.5653
6722.967017,-0.344825,-12.001990,-0.008007,10.175237,0.023264,-0.002294,-3.414675,-0.125179,3.416969,65|66|67|68|69|70,0.5653
6722.983684,-0.310166,-12.032836,-0.009270,10.182272,0.022748,-0.002346,-3.404939,-0.105834,3.406583,65|66|67|68|69|70,0.5637
6723.000351,-0.317749,-12.045471,-0.009935,10.189193,0.022492,-0.002326,-3.404994,-0.109702,3.406761,65|66|67|68|69|70,0.5633
6723.017017,-0.325161,-12.054167,-0.009684,10.189193,0.022492,-0.002326,-3.400270,-0.113732,3.402172,65|66|67|68|69|70,0.5626
6723.033684,-0.328672,-12.059820,-0.009438,10.196179,0.022441,-0.002437,-3.404184,-0.115590,3.406146,65|66|67|68|69|70,0.5633
6723.050351,-0.328498,-12.067780,-0.009715,10.210880,0.023161,-0.002339,-3.414559,-0.116218,3.416536,65|66|67|68|69|70,0.5637
6723.067017,-0.320273,-12.082973,-0.009672,10.210880,0.023161,-0.002339,-3.406300,-0.111752,3.408133,65|66|67|68|69|70,0.5634
6723.100351,-0.327553,-12.098950,-0.009697,10.224793,0.022112,-0.002402,-3.411531,-0.114662,3.413458,65|66|67|68|69|70,0.5632
6723.117017,-0.327553,-12.098951,-0.009699,10.239308,0.022636,-0.002607,-3.426046,-0.115187,3.427982,65|66|67|68|69|70,0.5648
6723.133684,-0.332361,-12.103036,-0.010247,10.246473,0.023074,-0.002504,-3.430992,-0.118238,3.433028,65|66|67|68|69|70,0.5649
6723.150351,-0.323885,-12.128093,-0.010303,10.246473,0.023074,-0.002504,-3.417372,-0.113637,3.419261,65|66|67|68|69|70|71,0.5561
6723.167017,-0.323909,-12.128139,-0.010258,10.260113,0.022405,-0.002531,-3.430987,-0.112981,3.432847,65|66|67|68|69|70|71,0.5620
6723.183684,-0.317417,-12.144197,-0.011179,10.267094,0.021939,-0.002522,-3.429240,-0.108991,3.430971,65|66|67|68|69|70|71,0.5583
6723.200351,-0.326211,-12.151839,-0.011582,10.274555,0.022276,-0.002522,-3.432549,-0.114109,3.434445,66|67|68|69|70|71,0.5616
6723.233684,-0.326207,-12.151842,-0.011581,10.281929,0.022569,-0.002502,-3.439921,-0.114400,3.441823,66|67|68|69|70|71,0.5602
6723.250351,-0.323675,-12.182692,-0.011366,10.288710,0.022318,-0.002280,-3.429936,-0.112780,3.431789,66|67|68|69|70|71,0.5610
6723.267017,-0.323675,-12.182694,-0.011365,10.301808,0.021195,-0.002138,-3.443032,-0.111656,3.444842,66|67|68|69|70|71,0.5618
6723.283684,-0.335986,-12.191166,-0.010595,10.301808,0.021195,-0.002138,-3.438431,-0.118349,3.440467,66|67|68|69|70|71,0.5634
6723.300351,-0.343274,-12.193070,-0.010209,10.315915,0.021802,-0.002779,-3.451504,-0.122918,3.453692,66|67|68|69|70|71,0.5640
6723.317017,-0.339078,-12.205026,-0.010213,10.323008,0.022116,-0.002558,-3.452099,-0.120953,3.454217,66|67|68|69|70|71,0.5653
6723.333684,-0.339079,-12.205024,-0.010213,10.329762,0.021962,-0.002471,-3.458854,-0.120799,3.460963,66|67|68|69|70|71,0.5639
6723.350351,-0.332993,-12.222780,-0.010564,10.329762,0.021962,-0.002471,-3.449202,-0.117496,3.451203,66|67|68|69|70|71,0.5631
6723.367017,-0.328224,-12.233401,-0.009744,10.336561,0.021197,-0.002429,-3.450228,-0.114141,3.452115,66|67|68|69|70|71,0.5646
6723.383684,-0.341786,-12.247346,-0.009557,10.343270,0.020928,-0.002309,-3.449361,-0.121246,3.451491,66|67|68|69|70|71,0.5633
6723.417017,-0.343154,-12.258937,-0.010130,10.357378,0.021575,-0.002531,-3.457171,-0.122639,3.459346,66|67|68|69|70|71,0.5634
6723.433684,-0.343154,-12.258935,-0.010131,10.371416,0.021525,-0.002518,-3.471210,-0.122590,3.473374,66|67|68|69|70|71,0.5611
6723.450351,-0.327844,-12.285315,-0.009841,10.371416,0.021525,-0.002518,-3.456870,-0.114275,3.458758,66|67|68|69|70|71,0.5620
6723.467017,-0.327844,-12.285314,-0.009841,10.384989,0.020921,-0.002577,-3.470443,-0.113670,3.472304,66|67|68|69|70|71,0.5633
6723.483684,-0.340696,-12.293512,-0.010486,10.384989,0.020921,-0.002577,-3.465990,-0.120656,3.468090,66|67|68|69|70|71,0.5635
6723.500351,-0.340696,-12.293513,-0.010487,10.392634,0.021329,-0.002500,-3.473634,-0.121065,3.475743,66|67|68|69|70|71,0.5642
6723.517017,-0.336762,-12.318631,-0.010087,10.406906,0.021542,-0.002523,-3.474255,-0.119146,3.476298,66|67|68|69|70|71,0.5632
6723.550351,-0.333365,-12.339715,-0.010242,10.420265,0.020788,-0.002536,-3.476154,-0.116551,3.478108,66|67|68|69|70|71,0.5604
6723.567017,-0.333364,-12.339718,-0.010243,10.427403,0.021012,-0.002891,-3.483290,-0.116774,3.485247,66|67|68|69|70|71,0.5622
6723.583684,-0.343402,-12.341871,-0.010447,10.435078,0.021679,-0.003045,-3.489798,-0.122896,3.491961,66|67|68|69|70|71,0.5637
6723.600351,-0.339195,-12.351206,-0.011265,10.435078,0.021679,-0.003045,-3.484723,-0.120612,3.486810,66|67|68|69|70|71,0.5636
6723.617017,-0.339197,-12.351201,-0.011265,10.449282,0.021321,-0.003030,-3.498930,-0.120255,3.500996,66|67|68|69|70|71,0.5623
6723.633684,-0.326578,-12.382948,-0.011326,10.449282,0.021321,-0.003030,-3.481673,-0.113404,3.483520,66|67|68|69|70|71,0.5615
6723.650351,-0.326578,-12.382950,-0.011325,10.455979,0.020760,-0.003032,-3.488369,-0.112843,3.490194,66|67|68|69|70|71,0.5622
6723.667017,-0.341777,-12.392913,-0.011652,10.462588,0.020354,-0.003170,-3.489567,-0.120700,3.491654,66|67|68|69|70|71,0.5634
6723.700351,-0.341182,-12.415978,-0.010535,10.477148,0.020908,-0.003109,-3.491592,-0.120935,3.493686,66|67|68|69|70|71|72|73,0.5610
6723.717017,-0.338060,-12.427778,-0.011083,10.491261,0.020818,-0.003136,-3.499291,-0.119151,3.501319,66|67|68|69|70|71|72|73,0.5484
6723.733684,-0.338039,-12.429263,-0.011149,10.497542,0.020329,-0.003116,-3.504764,-0.118652,3.506772,68|69|70|71|72|73,0.5585
6723.750351,-0.338492,-12.445641,-0.010726,10.497542,0.020329,-0.003116,-3.495864,-0.118901,3.497885,68|69|70|71|72|73,0.5588
6723.767017,-0.345513,-12.445174,-0.010545,10.511828,0.020372,-0.003266,-3.510405,-0.122760,3.512551,68|69|70|71|72|73,0.5611
6723.783684,-0.348903,-12.451164,-0.010701,10.511828,0.020372,-0.003266,-3.507150,-0.124603,3.509363,68|69|70|71|72|73,0.5620
6723.800351,-0.344107,-12.468483,-0.010541,10.519297,0.020649,-0.003227,-3.505206,-0.122277,3.507338,68|69|70|71|72|73,0.5607
6723.817017,-0.344106,-12.468483,-0.010544,10.533310,0.020296,-0.003254,-3.519219,-0.121924,3.521331,68|69|70|71|72|73,0.5601
6723.833684,-0.340142,-12.479256,-0.010960,10.540259,0.020143,-0.003253,-3.520312,-0.119619,3.522343,68|69|70|71|72|73,0.5622
6723.850351,-0.344748,-12.494408,-0.010103,10.540259,0.020143,-0.003253,-3.512078,-0.122126,3.514201,68|69|70|71|72|73,0.5631
6723.867017,-0.344749,-12.494408,-0.010105,10.554438,0.020252,-0.003208,-3.526257,-0.122236,3.528375,68|69|70|71|72|73,0.5632
6723.883684,-0.346644,-12.502926,-0.009981,10.561796,0.020319,-0.003344,-3.528987,-0.123334,3.531141,68|69|70|71|72|73,0.5629
6723.900351,-0.344861,-12.525801,-0.009949,10.561796,0.020319,-0.003344,-3.516555,-0.122370,3.518683,68|69|70|71|72|73,0.5617
6723.917017,-0.344861,-12.525800,-0.009948,10.575304,0.019599,-0.003427,-3.530063,-0.121650,3.532158,68|69|70|71|72|73,0.5618
6723.950351,-0.354404,-12.541609,-0.010049,10.582569,0.019659,-0.003595,-3.528738,-0.126899,3.531019,68|69|70|71|72|73,0.5636
6723.967017,-0.352783,-12.553336,-0.009968,10.597614,0.020057,-0.003605,-3.537410,-0.126419,3.539668,68|69|70|71|72|73,0.5637
6723.983684,-0.352782,-12.553334,-0.009968,10.597614,0.020057,-0.003605,-3.537411,-0.126419,3.539669,68|69|70|71|72|73,0.5630
6724.000351,-0.346945,-12.578898,-0.010671,10.611101,0.019530,-0.003655,-3.537003,-0.122725,3.539131,68|69|70|71|72|73,0.5632
6724.017017,-0.351523,-12.583512,-0.010235,10.617609,0.019361,-0.003647,-3.541004,-0.125046,3.543211,68|69|70|71|72|73,0.5640
6724.033684,-0.353400,-12.584062,-0.010123,10.617609,0.019361,-0.003647,-3.540706,-0.126066,3.542949,68|69|70|71|72|73,0.5649
6724.067017,-0.353400,-12.584065,-0.010124,10.639880,0.021792,-0.004054,-3.562975,-0.128497,3.565291,68|69|70|71|72|73,0.5656
6724.100351,-0.344198,-12.595965,-0.010872,10.653698,0.020555,-0.003879,-3.570324,-0.122261,3.572416,68|69|70|71|72|73,0.5631
6724.117017,-0.327849,-12.636556,-0.011954,10.653698,0.020555,-0.003879,-3.548260,-0.113385,3.550071,68|69|70|71|72|73,0.5643
6724.133684,-0.327848,-12.636558,-0.011953,10.668314,0.020610,-0.003926,-3.562875,-0.113439,3.564680,68|69|70|71|72|73,0.5650
6724.150351,-0.337653,-12.649844,-0.011452,10.668314,0.020610,-0.003926,-3.555656,-0.118771,3.557639,68|69|70|71|72|73,0.5656
6724.167017,-0.337653,-12.649841,-0.011452,10.675720,0.020861,-0.003888,-3.563064,-0.119022,3.565051,68|69|70|71|72|73,0.5644
6724.183684,-0.332356,-12.665328,-0.011089,10.689205,0.020204,-0.003714,-3.568131,-0.115489,3.569999,68|69|70|71|72|73,0.5634
6724.200351,-0.330856,-12.682101,-0.010516,10.689205,0.020204,-0.003714,-3.559015,-0.114677,3.560862,68|69|70|71|72|73|74,0.5604
6724.217017,-0.337698,-12.685245,-0.010089,10.703629,0.020309,-0.003655,-3.571731,-0.118502,3.573696,68|69|70|71|72|73|74,0.5647
6724.250351,-0.337664,-12.685668,-0.009830,10.717772,0.020789,-0.003536,-3.585644,-0.118963,3.587617,69|70|71|72|73|74,0.5634
6724.283684,-0.328567,-12.732746,-0.009330,10.724465,0.020420,-0.003556,-3.566749,-0.113661,3.568560,69|70|71|72|73|74,0.5620
6724.300351,-0.328570,-12.732748,-0.009329,10.738684,0.020019,-0.003541,-3.580967,-0.113262,3.582758,69|70|71|72|73|74,0.5614
6724.317017,-0.333472,-12.736673,-0.009496,10.746083,0.020145,-0.003535,-3.586234,-0.116053,3.588111,69|70|71|72|73|74,0.5621
6724.333684,-0.338157,-12.752864,-0.010505,10.746083,0.020145,-0.003535,-3.577436,-0.118603,3.579401,69|70|71|72|73|74,0.5628
6724.350351,-0.336157,-12.764150,-0.010482,10.753235,0.020491,-0.003442,-3.578454,-0.117864,3.580394,69|70|71|72|73|74,0.5620
6724.367017,-0.336157,-12.764152,-0.010484,10.759806,0.020347,-0.003371,-3.585024,-0.117720,3.586956,69|70|71|72|73|74,0.5615
6724.383684,-0.332633,-12.777729,-0.010124,10.773525,0.019660,-0.003323,-3.591363,-0.115121,3.593208,69|70|71|72|73|74,0.5624
6724.400351,-0.337228,-12.786600,-0.010178,10.773525,0.019660,-0.003323,-3.586543,-0.117620,3.588471,69|70|71|72|73|74,0.5634
6724.417017,-0.341997,-12.795406,-0.010268,10.780420,0.019484,-0.003283,-3.588654,-0.120038,3.590661,69|70|71|72|73|74,0.5642
6724.433684,-0.343893,-12.806338,-0.010478,10.794441,0.019579,-0.003296,-3.596733,-0.121166,3.598774,69|70|71|72|73|74,0.5634
6724.450351,-0.343024,-12.818660,-0.010740,10.794441,0.019579,-0.003296,-3.590037,-0.120696,3.592065,69|70|71|72|73|74,0.5643
6724.467017,-0.343025,-12.818658,-0.010742,10.807285,0.018921,-0.003200,-3.602882,-0.120039,3.604881,69|70|71|72|73|74,0.5635
6724.483684,-0.345310,-12.829891,-0.010886,10.807285,0.018921,-0.003200,-3.596777,-0.121283,3.598822,69|70|71|72|73|74,0.5633
6724.500351,-0.351243,-12.833023,-0.011071,10.813911,0.018770,-0.003136,-3.601703,-0.124357,3.603849,69|70|71|72|73|74,0.5640
6724.517017,-0.351243,-12.833020,-0.011068,10.821194,0.019227,-0.003096,-3.608986,-0.124815,3.611144,69|70|71|72|73|74,0.5637
6724.533684,-0.346095,-12.856784,-0.011040,10.828369,0.019583,-0.003029,-3.603245,-0.122378,3.605323,69|70|71|72|73|74,0.5625
6724.550351,-0.346094,-12.856783,-0.011044,10.842148,0.019691,-0.003056,-3.617025,-0.122485,3.619098,69|70|71|72|73|74,0.5611
6724.567017,-0.340808,-12.867969,-0.011087,10.849053,0.019297,-0.003125,-3.617849,-0.119221,3.619812,69|70|71|72|73|74,0.5604
6724.583684,-0.338733,-12.880635,-0.011383,10.856228,0.019136,-0.003120,-3.618140,-0.117935,3.620062,69|70|71|72|73|74,0.5619
6724.600351,-0.338731,-12.880637,-0.011380,10.863360,0.019129,-0.003106,-3.625270,-0.117927,3.627188,69|70|71|72|73|74,0.5614
6724.633684,-0.346250,-12.913898,-0.010730,10.876953,0.019701,-0.002580,-3.620789,-0.122593,3.622864,69|70|71|72|73|74,0.5606
6724.650351,-0.343577,-12.924039,-0.010548,10.876953,0.019701,-0.002580,-3.615278,-0.121142,3.617307,69|70|71|72|73|74,0.5617
6724.667017,-0.337154,-12.924484,-0.009487,10.883999,0.019527,-0.002593,-3.622080,-0.117477,3.623984,69|70|71|72|73|74,0.5612
6724.683684,-0.339228,-12.933233,-0.009322,10.891070,0.019313,-0.002603,-3.624396,-0.118393,3.626329,69|70|71|72|73|74,0.5620
6724.700351,-0.341965,-12.941638,-0.009418,10.898241,0.019339,-0.002735,-3.627000,-0.119908,3.628982,69|70|71|72|73|74,0.5631
6724.717017,-0.341280,-12.954497,-0.009765,10.905506,0.019527,-0.002771,-3.627277,-0.119726,3.629252,69|70|71|72|73|74|75|76,0.5511
6724.733684,-0.338050,-12.967025,-0.010696,10.912222,0.019847,-0.002732,-3.627183,-0.118293,3.629112,69|70|71|72|73|74|75|76,0.5611
6724.750351,-0.333318,-12.969640,-0.011135,10.918747,0.019183,-0.002739,-3.632286,-0.115059,3.634108,69|70|71|72|73|74|75|76,0.5603
6724.767017,-0.342523,-12.972497,-0.010723,10.925367,0.018559,-0.002957,-3.637356,-0.119439,3.639316,69|70|71|72|73|74|75|76,0.5580
6724.783684,-0.350855,-12.980606,-0.011656,10.939983,0.018608,-0.003001,-3.647566,-0.124017,3.649674,71|72|73|74|75|76,0.5634
6724.817017,-0.349892,-13.009692,-0.011666,10.947227,0.018561,-0.003045,-3.639002,-0.123453,3.641096,71|72|73|74|75|76,0.5614
6724.833684,-0.349893,-13.009692,-0.011665,10.960487,0.019030,-0.002582,-3.652262,-0.123923,3.654364,71|72|73|74|75|76,0.5600
6724.850351,-0.341656,-13.026193,-0.011367,10.967299,0.018577,-0.002545,-3.650104,-0.118996,3.652043,71|72|73|74|75|76,0.5589
6724.867017,-0.342748,-13.029132,-0.010460,10.967299,0.018577,-0.002545,-3.648507,-0.119591,3.650466,71|72|73|74|75|76,0.5611
6724.883684,-0.349305,-13.037962,-0.011008,10.974342,0.018337,-0.002522,-3.650753,-0.122916,3.652822,71|72|73|74|75|76,0.5617
6724.900351,-0.349304,-13.037961,-0.011008,10.988283,0.018851,-0.002343,-3.664695,-0.123430,3.666773,71|72|73|74|75|76,0.5614
6724.917017,-0.350951,-13.058857,-0.010090,10.995216,0.018660,-0.002362,-3.660272,-0.124139,3.662376,71|72|73|74|75|76,0.5616
6724.933684,-0.350951,-13.058859,-0.010092,11.002327,0.018253,-0.002386,-3.667381,-0.123732,3.669468,71|72|73|74|75|76,0.5619
6724.950351,-0.344132,-13.060982,-0.010283,11.009508,0.018026,-0.002332,-3.673407,-0.119799,3.675360,71|72|73|74|75|76,0.5636
6724.967017,-0.352209,-13.079444,-0.010460,11.016661,0.017956,-0.002251,-3.670528,-0.124123,3.672626,71|72|73|74|75|76,0.5642
6724.983684,-0.352208,-13.079443,-0.010461,11.023828,0.018141,-0.001907,-3.677696,-0.124307,3.679796,71|72|73|74|75|76,0.5635
6725.000351,-0.355623,-13.091827,-0.010441,11.030556,0.018741,-0.001909,-3.677693,-0.126766,3.679877,71|72|73|74|75|76,0.5631
6725.017017,-0.352719,-13.113891,-0.009968,11.037371,0.018057,-0.001852,-3.672516,-0.124509,3.674626,71|72|73|74|75|76,0.5628
6725.033684,-0.352719,-13.113893,-0.009972,11.044607,0.017789,-0.001903,-3.679752,-0.124241,3.681848,71|72|73|74|75|76,0.5622
6725.050351,-0.345062,-13.116079,-0.010415,11.052133,0.017777,-0.001894,-3.686088,-0.120067,3.688043,71|72|73|74|75|76,0.5637
6725.067017,-0.354721,-13.121999,-0.010374,11.059606,0.017700,-0.001936,-3.690346,-0.125242,3.692471,71|72|73|74|75|76,0.5634
6725.083684,-0.358134,-13.134005,-0.010520,11.066305,0.018312,-0.001936,-3.690520,-0.127711,3.692729,71|72|73|74|75|76,0.5630
6725.100351,-0.359082,-13.161712,-0.009798,11.072691,0.017887,-0.001885,-3.681848,-0.127807,3.684066,71|72|73|74|75|76,0.5633
6725.117017,-0.350169,-13.161729,-0.010431,11.079126,0.017395,-0.001873,-3.688273,-0.122471,3.690305,71|72|73|74|75|76,0.5628
6725.133684,-0.356137,-13.161910,-0.010734,11.086288,0.017830,-0.002069,-3.695338,-0.126150,3.697490,71|72|73|74|75|76,0.5651
6725.150351,-0.363543,-13.162285,-0.010907,11.086288,0.017830,-0.002069,-3.695135,-0.130175,3.697428,71|72|73|74|75|76,0.5652
6725.167017,-0.356631,-13.174168,-0.011331,11.093811,0.018647,-0.002342,-3.696198,-0.127238,3.698388,71|72|73|74|75|76,0.5649
6725.183684,-0.343921,-13.191947,-0.011357,11.101532,0.019307,-0.002344,-3.694254,-0.120995,3.696235,71|72|73|74|75|76,0.5642
6725.200351,-0.343922,-13.191947,-0.011356,11.115322,0.019160,-0.002100,-3.708044,-0.120848,3.710013,71|72|73|74|75|76,0.5625
6725.217017,-0.334852,-13.211542,-0.011486,11.115322,0.019160,-0.002100,-3.697393,-0.115923,3.699210,71|72|73|74|75|76,0.5629
6725.233684,-0.336517,-13.220572,-0.011817,11.129902,0.018709,-0.001963,-3.707065,-0.116379,3.708892,71|72|73|74|75|76,0.5639
6725.250351,-0.336517,-13.220572,-0.011815,11.129902,0.018709,-0.001963,-3.707066,-0.116379,3.708892,71|72|73|74|75|76,0.5650
6725.267017,-0.342349,-13.230907,-0.010898,11.137306,0.018696,-0.001898,-3.708854,-0.119538,3.710780,71|72|73|74|75|76|77,0.5625
6725.283684,-0.342000,-13.257409,-0.010314,11.144362,0.019146,-0.001440,-3.701506,-0.119803,3.703444,72|73|74|75|76|77,0.5626
6725.300351,-0.342000,-13.257410,-0.010315,11.151184,0.019160,-0.001342,-3.708328,-0.119818,3.710263,72|73|74|75|76|77,0.5629
6725.317017,-0.334097,-13.268131,-0.009522,11.165300,0.018420,-0.001339,-3.716616,-0.114785,3.718388,72|73|74|75|76|77,0.5630
6725.333684,-0.341246,-13.277271,-0.009217,11.172600,0.018354,-0.001288,-3.718949,-0.118606,3.720840,72|73|74|75|76|77,0.5642
6725.350351,-0.341247,-13.277268,-0.009215,11.179684,0.018253,-0.001220,-3.726035,-0.118506,3.727919,72|73|74|75|76|77,0.5648
6725.383684,-0.346363,-13.314471,-0.009231,11.193171,0.018426,0.000256,-3.719304,-0.121468,3.721287,72|73|74|75|76|77,0.5639
6725.400351,-0.346363,-13.314473,-0.009234,11.200537,0.018169,0.000303,-3.726669,-0.121210,3.728640,72|73|74|75|76|77,0.5641
6725.417017,-0.340455,-13.320311,-0.007551,11.207983,0.018007,0.000335,-3.730941,-0.117839,3.732801,72|73|74|75|76|77,0.5625
6725.433684,-0.340455,-13.320309,-0.007549,11.214933,0.018361,0.000503,-3.737893,-0.118193,3.739761,72|73|74|75|76|77,0.5622
6725.450351,-0.346689,-13.344587,-0.007997,11.221521,0.018827,0.000530,-3.731288,-0.122052,3.733283,72|73|74|75|76|77,0.5621
6725.467017,-0.341319,-13.348994,-0.008050,11.221521,0.018827,0.000530,-3.728891,-0.119135,3.730794,72|73|74|75|76|77,0.5626
6725.483684,-0.335151,-13.353470,-0.008093,11.228243,0.018878,0.000618,-3.733179,-0.115835,3.734976,72|73|74|75|76|77,0.5647
6725.500351,-0.335150,-13.353470,-0.008092,11.242332,0.017893,0.000645,-3.747268,-0.114849,3.749028,72|73|74|75|76|77,0.5647
6725.517017,-0.334883,-13.362308,-0.007720,11.242332,0.017893,0.000645,-3.742465,-0.114706,3.744222,72|73|74|75|76|77,0.5654
6725.533684,-0.344110,-13.372028,-0.008160,11.256563,0.017453,0.000777,-3.751415,-0.119283,3.753311,72|73|74|75|76|77,0.5648
6725.550351,-0.352399,-13.397731,-0.007298,11.262985,0.018099,0.001066,-3.743870,-0.124439,3.745937,72|73|74|75|76|77,0.5634
6725.583684,-0.352399,-13.397732,-0.007296,11.269550,0.018020,0.001221,-3.750435,-0.124360,3.752496,72|73|74|75|76|77,0.5614
6725.617017,-0.345624,-13.409264,-0.006917,11.290834,0.017604,0.001703,-3.765450,-0.120265,3.767370,72|73|74|75|76|77,0.5628
6725.650351,-0.352114,-13.447259,-0.005904,11.297592,0.018201,0.001738,-3.751559,-0.124397,3.753621,72|73|74|75|76|77,0.5623
6725.667017,-0.343853,-13.451191,-0.006295,11.304346,0.018724,0.001685,-3.756175,-0.120431,3.758105,72|73|74|75|76|77,0.5623
6725.683684,-0.336811,-13.456860,-0.006533,11.318874,0.017777,0.001684,-3.767621,-0.115659,3.769395,72|73|74|75|76|77,0.5604
6725.700351,-0.345051,-13.467932,-0.006618,11.326172,0.017487,0.001609,-3.768902,-0.119849,3.770807,72|73|74|75|76|77,0.5621
6725.717017,-0.345051,-13.467931,-0.006616,11.333240,0.017445,0.002084,-3.775971,-0.119807,3.777872,72|73|74|75|76|77,0.5629
6725.733684,-0.354807,-13.494055,-0.006848,11.339609,0.018050,0.002254,-3.768144,-0.125720,3.770241,72|73|74|75|76|77,0.5632
6725.750351,-0.354387,-13.502916,-0.005032,11.339609,0.018050,0.002254,-3.763329,-0.125494,3.765421,72|73|74|75|76|77|78|79,0.5499
6725.767017,-0.346366,-13.504159,-0.005217,11.346176,0.018359,0.002304,-3.769219,-0.121445,3.771175,72|73|74|75|76|77|79,0.5575
6725.800351,-0.347128,-13.504056,-0.005742,11.367804,0.017857,0.002149,-3.790902,-0.121356,3.792844,72|73|74|75|76|77|78|79,0.5641
6725.833684,-0.349641,-13.547561,-0.005477,11.374584,0.018481,0.002117,-3.774039,-0.123355,3.776055,74|75|76|77|78|79,0.5620
6725.850351,-0.341237,-13.549887,-0.005855,11.381376,0.018885,0.002026,-3.779565,-0.119193,3.781444,74|75|76|77|78|79,0.5616
6725.883684,-0.345375,-13.564605,-0.006262,11.402571,0.017454,0.002016,-3.792761,-0.120014,3.794660,74|75|76|77|78|79,0.5628
6725.900351,-0.351719,-13.577242,-0.006220,11.402571,0.017454,0.002016,-3.785895,-0.123465,3.787907,74|75|76|77|78|79,0.5626
6725.917017,-0.351720,-13.577241,-0.006220,11.416527,0.017557,0.002458,-3.799851,-0.123568,3.801860,74|75|76|77|78|79,0.5629
6725.933684,-0.356910,-13.590335,-0.006403,11.423141,0.017998,0.002496,-3.799351,-0.126832,3.801468,74|75|76|77|78|79,0.5619
6725.950351,-0.354378,-13.605454,-0.005809,11.423141,0.017998,0.002496,-3.791134,-0.125459,3.793209,74|75|76|77|78|79,0.5618
6725.967017,-0.348637,-13.609567,-0.005923,11.429863,0.018104,0.002605,-3.795619,-0.122447,3.797593,74|75|76|77|78|79,0.5617
6725.983684,-0.348465,-13.616352,-0.005783,11.436937,0.017770,0.002629,-3.799005,-0.122021,3.800964,74|75|76|77|78|79,0.5610
6726.000351,-0.348466,-13.616352,-0.005782,11.450663,0.017811,0.003040,-3.812731,-0.122062,3.814684,74|75|76|77|78|79,0.5617
6726.017017,-0.354409,-13.636656,-0.005205,11.457275,0.017901,0.003005,-3.808310,-0.125386,3.810374,74|75|76|77|78|79,0.5636
6726.033684,-0.354408,-13.636657,-0.005206,11.464409,0.017897,0.003279,-3.815443,-0.125383,3.817502,74|75|76|77|78|79,0.5631
6726.050351,-0.351787,-13.642954,-0.005287,11.464409,0.017897,0.003279,-3.812020,-0.123960,3.814035,74|75|76|77|78|79,0.5634
6726.067017,-0.351787,-13.642952,-0.005288,11.479544,0.017290,0.003316,-3.827156,-0.123352,3.829143,74|75|76|77|78|79,0.5631
6726.083684,-0.356495,-13.672018,-0.004534,11.479544,0.017290,0.003316,-3.811360,-0.125917,3.813440,74|75|76|77|78|79,0.5623
6726.100351,-0.356495,-13.672017,-0.004535,11.486563,0.017332,0.003701,-3.818380,-0.125959,3.820457,74|75|76|77|78|79,0.5629
6726.117017,-0.360896,-13.693014,-0.004091,11.493259,0.017676,0.003706,-3.813666,-0.128699,3.815837,74|75|76|77|78|79,0.5629
6726.133684,-0.360895,-13.693015,-0.004088,11.500036,0.017843,0.003719,-3.820442,-0.128866,3.822615,74|75|76|77|78|79,0.5633
6726.150351,-0.356276,-13.695749,-0.003708,11.514656,0.017711,0.003812,-3.833575,-0.126224,3.835653,74|75|76|77|78|79,0.5634
6726.183684,-0.354320,-13.700133,-0.003566,11.528877,0.017675,0.003868,-3.845414,-0.125126,3.847449,74|75|76|77|78|79,0.5655
6726.200351,-0.357450,-13.724018,-0.003751,11.535616,0.018053,0.003918,-3.839172,-0.127211,3.841279,74|75|76|77|78|79,0.5649
6726.217017,-0.359733,-13.734250,-0.003985,11.542530,0.017955,0.004030,-3.840526,-0.128355,3.842670,74|75|76|77|78|79,0.5650
6726.233684,-0.353513,-13.742663,-0.003467,11.542530,0.017955,0.004030,-3.835952,-0.124977,3.837988,74|75|76|77|78|79,0.5647
6726.250351,-0.355612,-13.750174,-0.003076,11.549757,0.017838,0.003935,-3.839097,-0.126002,3.841164,74|75|76|77|78|79,0.5654
6726.267017,-0.355612,-13.750174,-0.003075,11.565180,0.018565,0.004079,-3.854520,-0.126730,3.856603,74|75|76|77|78|79,0.5661
6726.283684,-0.353087,-13.781478,-0.002923,11.565180,0.018565,0.004079,-3.837507,-0.125364,3.839554,74|75|76|77|78|79|80,0.5593
6726.300351,-0.347572,-13.791953,-0.003694,11.579548,0.020044,0.003992,-3.846181,-0.123848,3.848174,74|75|76|77|78|79|80,0.5640
6726.317017,-0.347572,-13.791954,-0.003694,11.579548,0.020044,0.003992,-3.846180,-0.123848,3.848173,74|75|76|77|78|79|80,0.5619
6726.333684,-0.327897,-13.805470,-0.003455,11.593773,0.019297,0.004089,-3.853055,-0.112412,3.854695,75|76|77|78|79|80,0.5636
6726.350351,-0.327897,-13.805471,-0.003454,11.601011,0.019137,0.004103,-3.860293,-0.112251,3.861925,75|76|77|78|79|80,0.5634
6726.367017,-0.339230,-13.823033,-0.003239,11.608202,0.019081,0.004118,-3.857942,-0.118359,3.859757,75|76|77|78|79|80,0.5659
6726.383684,-0.342205,-13.833097,-0.002806,11.615194,0.019280,0.004122,-3.859465,-0.120176,3.861336,75|76|77|78|79|80,0.5663
6726.400351,-0.342205,-13.833097,-0.002805,11.622286,0.019469,0.004069,-3.866557,-0.120365,3.868430,75|76|77|78|79|80,0.5660
6726.417017,-0.341188,-13.847514,-0.002228,11.622286,0.019469,0.004069,-3.858721,-0.119816,3.860581,75|76|77|78|79|80,0.5654
6726.433684,-0.339284,-13.857546,-0.003693,11.637638,0.018756,0.004184,-3.868621,-0.118070,3.870422,75|76|77|78|79|80,0.5628
6726.450351,-0.344898,-13.871191,-0.004332,11.637638,0.018756,0.004184,-3.861206,-0.121124,3.863105,75|76|77|78|79|80,0.5627
6726.483684,-0.354661,-13.896595,-0.004015,11.652170,0.018721,0.005126,-3.861934,-0.126401,3.864002,75|76|77|78|79|80,0.5631
6726.500351,-0.349367,-13.898713,-0.003735,11.659128,0.019047,0.005263,-3.867740,-0.123850,3.869722,75|76|77|78|79|80,0.5615
6726.517017,-0.345388,-13.906678,-0.003596,11.666103,0.019369,0.005303,-3.870385,-0.122011,3.872308,75|76|77|78|79|80,0.5608
6726.533684,-0.345389,-13.906678,-0.003596,11.680468,0.019105,0.005532,-3.884749,-0.121748,3.886657,75|76|77|78|79|80,0.5603
6726.550351,-0.341345,-13.913777,-0.003682,11.687399,0.019240,0.005558,-3.887822,-0.119687,3.889663,75|76|77|78|79|80,0.5623
6726.567017,-0.346571,-13.931474,-0.002872,11.694273,0.019356,0.005554,-3.885079,-0.122647,3.887014,75|76|77|78|79|80,0.5629
6726.583684,-0.346571,-13.931476,-0.002871,11.694273,0.019356,0.005554,-3.885078,-0.122647,3.887013,75|76|77|78|79|80,0.5634
6726.600351,-0.345378,-13.934958,-0.003628,11.709053,0.019117,0.005323,-3.897965,-0.121760,3.899867,75|76|77|78|79|80,0.5624
6726.617017,-0.339396,-13.956238,-0.003663,11.709053,0.019117,0.005323,-3.886399,-0.118514,3.888205,75|76|77|78|79|80,0.5619
6726.683684,-0.353471,-13.994587,-0.002649,11.736656,0.019088,0.005678,-3.893163,-0.126143,3.895206,75|76|77|78|79|80,0.5630
6726.700351,-0.349999,-14.000064,-0.002368,11.750732,0.018701,0.005932,-3.904262,-0.123870,3.906226,75|76|77|78|79|80,0.5614
6726.717017,-0.352927,-14.009744,-0.002242,11.750732,0.018701,0.005932,-3.899002,-0.125463,3.901020,75|76|77|78|79|80,0.5615
6726.733684,-0.352928,-14.009742,-0.002245,11.764597,0.019063,0.006344,-3.912867,-0.125826,3.914890,75|76|77|78|79|80,0.5625
6726.750351,-0.356034,-14.031423,-0.002423,11.771307,0.019366,0.006323,-3.907795,-0.127822,3.909885,75|76|77|78|79|80,0.5634
6726.767017,-0.351667,-14.035606,-0.002821,11.771307,0.019366,0.006323,-3.905521,-0.125449,3.907535,75|76|77|78|79|80,0.5642
6726.783684,-0.347890,-14.041101,-0.002378,11.778319,0.019922,0.006288,-3.909545,-0.123954,3.911509,75|76|77|78|79|80,0.5623
6726.800351,-0.347890,-14.041101,-0.002377,11.785919,0.019344,0.006288,-3.917145,-0.123376,3.919088,75|76|77|78|79|80,0.5613
6726.817017,-0.349748,-14.068103,-0.001394,11.800295,0.018818,0.006335,-3.916847,-0.123866,3.918805,75|76|77|78|79|80|81|82,0.5620
6726.850351,-0.349523,-14.068532,-0.001105,11.813418,0.019465,0.006365,-3.929736,-0.124390,3.931704,77|78|79|80|81|82,0.5632
6726.867017,-0.351795,-14.089533,-0.000803,11.820526,0.019828,0.006563,-3.925431,-0.125993,3.927453,77|78|79|80|81|82,0.5625
6726.883684,-0.351796,-14.089536,-0.000805,11.828390,0.019643,0.006589,-3.933294,-0.125808,3.935305,77|78|79|80|81|82,0.5617
6726.900351,-0.346141,-14.103906,-0.000304,11.828390,0.019643,0.006589,-3.925483,-0.122738,3.927402,77|78|79|80|81|82,0.5608
6726.917018,-0.346140,-14.103904,-0.000303,11.842829,0.019989,0.006480,-3.939923,-0.123084,3.941845,77|78|79|80|81|82,0.5614
6726.933684,-0.349446,-14.121261,-0.000600,11.849617,0.020286,0.006396,-3.937278,-0.125181,3.939268,77|78|79|80|81|82,0.5615
6726.950351,-0.345635,-14.137422,-0.001160,11.856398,0.020434,0.006421,-3.935275,-0.123262,3.937205,77|78|79|80|81|82,0.5632
6726.967018,-0.342263,-14.143033,-0.001082,11.856398,0.020434,0.006421,-3.932225,-0.121431,3.934100,77|78|79|80|81|82,0.5619
6726.983684,-0.341496,-14.150514,-0.000683,11.863606,0.019938,0.006390,-3.935367,-0.120519,3.937212,77|78|79|80|81|82,0.5624
6727.000351,-0.341494,-14.150513,-0.000682,11.878149,0.018989,0.006414,-3.949911,-0.119570,3.951720,77|78|79|80|81|82,0.5636
6727.017018,-0.356326,-14.177032,-0.000232,11.878149,0.018989,0.006414,-3.935501,-0.127636,3.937571,77|78|79|80|81|82,0.5626
6727.033684,-0.363851,-14.190097,-0.001719,11.891461,0.019593,0.006869,-3.941714,-0.132333,3.943935,77|78|79|80|81|82,0.5611
6727.067018,-0.354559,-14.196296,-0.000554,11.898295,0.019869,0.006770,-3.945177,-0.127559,3.947239,77|78|79|80|81|82,0.5601
6727.083684,-0.350712,-14.202886,-0.000764,11.905268,0.020114,0.006795,-3.948568,-0.125716,3.950569,77|78|79|80|81|82,0.5599
6727.100351,-0.348478,-14.212765,-0.000847,11.919089,0.019924,0.006903,-3.957019,-0.124314,3.958971,77|78|79|80|81|82,0.5609
6727.117018,-0.352750,-14.222451,-0.000539,11.919089,0.019924,0.006903,-3.951756,-0.126638,3.953785,77|78|79|80|81|82,0.5627
6727.133684,-0.352381,-14.227670,-0.000225,11.932808,0.020190,0.006501,-3.962639,-0.126704,3.964664,77|78|79|80|81|82,0.5635
6727.167018,-0.352382,-14.227672,-0.000228,11.947706,0.019904,0.006388,-3.977536,-0.126419,3.979545,77|78|79|80|81|82,0.5634
6727.183684,-0.349327,-14.239869,-0.000742,11.947706,0.019904,0.006388,-3.970907,-0.124761,3.972866,77|78|79|80|81|82,0.5641
6727.200351,-0.351387,-14.256689,-0.000476,11.961567,0.019733,0.006657,-3.975627,-0.125713,3.977614,77|78|79|80|81|82,0.5638
6727.217018,-0.355074,-14.267146,-0.000545,11.968327,0.019805,0.006730,-3.976704,-0.127792,3.978757,77|78|79|80|81|82,0.5641
6727.233684,-0.358574,-14.283377,-0.001367,11.968327,0.019805,0.006730,-3.967884,-0.129698,3.970003,77|78|79|80|81|82,0.5645
6727.267018,-0.352861,-14.300617,-0.001897,11.990061,0.019840,0.006778,-3.980247,-0.126630,3.982261,77|78|79|80|81|82,0.5636
6727.283684,-0.356538,-14.310872,-0.001787,11.997122,0.019865,0.006780,-3.981735,-0.128657,3.983813,77|78|79|80|81|82,0.5637
6727.300351,-0.360253,-14.321049,-0.002372,12.003853,0.020150,0.006786,-3.982936,-0.130964,3.985089,77|78|79|80|81|82,0.5632
6727.317018,-0.360393,-14.327260,-0.001962,12.010626,0.020231,0.006898,-3.986334,-0.131122,3.988490,77|78|79|80|81|82,0.5641
6727.333684,-0.357179,-14.329216,-0.001972,12.010626,0.020231,0.006898,-3.985270,-0.129375,3.987370,77|78|79|80|81|82,0.5643
6727.350351,-0.356711,-14.334898,-0.002310,12.025948,0.020462,0.006692,-3.997504,-0.129353,3.999596,77|78|79|80|81|82|83,0.5584
6727.367018,-0.357939,-14.348488,-0.002285,12.025948,0.020462,0.006692,-3.990118,-0.130023,3.992236,77|78|79|80|81|82|83,0.5649
6727.383684,-0.354798,-14.368411,-0.002819,12.040806,0.021495,0.006652,-3.994148,-0.129354,3.996242,78|79|80|81|82|83,0.5643
6727.400351,-0.354797,-14.368411,-0.002821,12.047987,0.022119,0.006610,-4.001329,-0.129977,4.003440,78|79|80|81|82|83,0.5653
6727.417018,-0.341485,-14.385767,-0.003319,12.047987,0.022119,0.006610,-3.991894,-0.122746,3.993780,78|79|80|81|82|83,0.5648
6727.450351,-0.335115,-14.400269,-0.003456,12.062169,0.021882,0.006709,-3.998192,-0.119050,3.999964,78|79|80|81|82|83,0.5638
6727.467018,-0.338652,-14.409874,-0.003382,12.076632,0.021540,0.006724,-4.007436,-0.120633,4.009251,78|79|80|81|82|83,0.5643
6727.483684,-0.342165,-14.420002,-0.002648,12.076632,0.021540,0.006724,-4.001933,-0.122544,4.003808,78|79|80|81|82|83,0.5647
6727.500351,-0.342165,-14.420002,-0.002650,12.090733,0.021957,0.006455,-4.016033,-0.122962,4.017915,78|79|80|81|82|83,0.5646
6727.517018,-0.344494,-14.429024,-0.002431,12.098126,0.021937,0.006477,-4.018524,-0.124209,4.020443,78|79|80|81|82|83,0.5657
6727.533684,-0.343627,-14.435251,-0.002902,12.105503,0.021750,0.006521,-4.022517,-0.123552,4.024414,78|79|80|81|82|83,0.5648
6727.550351,-0.340485,-14.455077,-0.003642,12.105503,0.021750,0.006521,-4.011741,-0.121849,4.013591,78|79|80|81|82|83,0.5655
6727.567018,-0.340484,-14.455076,-0.003641,12.119629,0.021316,0.006431,-4.025867,-0.121414,4.027698,78|79|80|81|82|83,0.5667
6727.583684,-0.343832,-14.465247,-0.003860,12.119629,0.021316,0.006431,-4.020340,-0.123236,4.022229,78|79|80|81|82|83,0.5645
6727.600351,-0.351280,-14.485412,-0.003250,12.133809,0.021973,0.006593,-4.023562,-0.127946,4.025596,78|79|80|81|82|83,0.5637
6727.617018,-0.351280,-14.485412,-0.003251,12.133809,0.021973,0.006593,-4.023562,-0.127946,4.025596,78|79|80|81|82|83,0.5632
6727.633684,-0.342806,-14.502820,-0.002530,12.140788,0.021950,0.006621,-4.021078,-0.123321,4.022969,78|79|80|81|82|83,0.5618
6727.650351,-0.342807,-14.502821,-0.002532,12.148051,0.021777,0.006630,-4.028341,-0.123149,4.030223,78|79|80|81|82|83,0.5626
6727.667018,-0.344105,-14.509009,-0.002640,12.161986,0.021916,0.006624,-4.038914,-0.123995,4.040816,78|79|80|81|82|83,0.5635
6727.683684,-0.346913,-14.521296,-0.002210,12.169148,0.022397,0.006083,-4.039399,-0.126004,4.041363,78|79|80|81|82|83,0.5629
6727.700351,-0.346912,-14.521297,-0.002210,12.176653,0.021841,0.006067,-4.046903,-0.125448,4.048847,78|79|80|81|82|83,0.5610
6727.717018,-0.338922,-14.541211,-0.002539,12.176653,0.021841,0.006067,-4.036079,-0.121110,4.037895,78|79|80|81|82|83,0.5610
6727.733684,-0.347677,-14.556791,-0.002650,12.191429,0.020945,0.006288,-4.042389,-0.124975,4.044321,78|79|80|81|82|83,0.5633
6727.750351,-0.356374,-14.571242,-0.002635,12.191429,0.020945,0.006288,-4.034537,-0.129705,4.036622,78|79|80|81|82|83,0.5638
6727.767018,-0.356374,-14.571242,-0.002633,12.204365,0.021588,0.006380,-4.047473,-0.130348,4.049572,78|79|80|81|82|83,0.5640
6727.783684,-0.360545,-14.581728,-0.002641,12.211249,0.021577,0.006543,-4.048659,-0.132606,4.050830,78|79|80|81|82|83,0.5633
6727.800351,-0.355065,-14.581029,-0.002846,12.211249,0.021577,0.006543,-4.049037,-0.129628,4.051112,78|79|80|81|82|83,0.5620
6727.817018,-0.353835,-14.595655,-0.001887,12.218436,0.021308,0.006656,-4.048275,-0.128693,4.050320,78|79|80|81|82|83,0.5614
6727.850351,-0.357106,-14.618787,-0.001651,12.238760,0.021933,0.006976,-4.056029,-0.131102,4.058147,78|79|80|81|82|83|84|85,0.5646
6727.867018,-0.357106,-14.618793,-0.001651,12.245593,0.022385,0.006848,-4.062858,-0.131554,4.064987,78|79|80|81|82|83|84|85,0.5643
6727.883684,-0.350387,-14.628067,-0.002676,12.245593,0.022385,0.006848,-4.057816,-0.127904,4.059832,78|79|80|81|82|83|84|85,0.5554
6727.900351,-0.350184,-14.629040,-0.002366,12.260001,0.022032,0.006712,-4.071695,-0.127441,4.073689,80|81|82|83|84|85,0.5638
6727.917018,-0.346010,-14.649236,-0.001281,12.267022,0.021793,0.006703,-4.067739,-0.124938,4.069657,80|81|82|83|84|85,0.5628
6727.933684,-0.350051,-14.659341,-0.002177,12.267022,0.021793,0.006703,-4.062248,-0.127137,4.064237,80|81|82|83|84|85,0.5636
6727.950351,-0.350051,-14.659341,-0.002178,12.280592,0.021955,0.006863,-4.075819,-0.127298,4.077807,80|81|82|83|84|85,0.5630
6727.983684,-0.352435,-14.678270,-0.001888,12.295453,0.022161,0.006802,-4.080392,-0.128804,4.082425,80|81|82|83|84|85,0.5629
6728.000351,-0.352435,-14.678269,-0.001888,12.303112,0.021962,0.006752,-4.088053,-0.128605,4.090075,80|81|82|83|84|85,0.5632
6728.017018,-0.350836,-14.705504,-0.001723,12.309983,0.022479,0.006608,-4.080121,-0.128260,4.082137,80|81|82|83|84|85,0.5623
6728.033684,-0.350836,-14.705503,-0.001723,12.316630,0.022815,0.006508,-4.086769,-0.128595,4.088791,80|81|82|83|84|85,0.5612
6728.050351,-0.347200,-14.722835,-0.001883,12.316630,0.022815,0.006508,-4.077349,-0.126622,4.079314,80|81|82|83|84|85,0.5629
6728.067018,-0.343241,-14.728924,-0.002826,12.323296,0.023056,0.006462,-4.080705,-0.124713,4.082610,80|81|82|83|84|85,0.5629
6728.083684,-0.343240,-14.728923,-0.002826,12.337677,0.022056,0.006419,-4.095086,-0.123713,4.096955,80|81|82|83|84|85,0.5626
6728.100351,-0.340718,-14.735705,-0.003119,12.337677,0.022056,0.006419,-4.091400,-0.122343,4.093228,80|81|82|83|84|85,0.5622
6728.117018,-0.356611,-14.761358,-0.002817,12.351717,0.021775,0.006783,-4.091501,-0.130706,4.093589,80|81|82|83|84|85,0.5629
6728.133684,-0.356613,-14.761358,-0.002816,12.358288,0.022083,0.006818,-4.098072,-0.131015,4.100166,80|81|82|83|84|85,0.5618
6728.150351,-0.360765,-14.778558,-0.002341,12.358288,0.022083,0.006818,-4.088726,-0.133275,4.090897,80|81|82|83|84|85,0.5632
6728.167018,-0.357191,-14.781328,-0.003093,12.364918,0.022304,0.006864,-4.093849,-0.131554,4.095963,80|81|82|83|84|85,0.5620
6728.183684,-0.354574,-14.786222,-0.002862,12.371964,0.022643,0.006926,-4.098235,-0.130472,4.100311,80|81|82|83|84|85,0.5623
6728.200351,-0.350654,-14.797708,-0.002487,12.385779,0.022458,0.006968,-4.105806,-0.128160,4.107806,80|81|82|83|84|85,0.5629
6728.217018,-0.354319,-14.807631,-0.002129,12.385779,0.022458,0.006968,-4.100414,-0.130154,4.102479,80|81|82|83|84|85,0.5625
6728.233684,-0.354668,-14.812931,-0.001964,12.392476,0.022495,0.006820,-4.104230,-0.130382,4.106301,80|81|82|83|84|85,0.5624
6728.250351,-0.355215,-14.816902,-0.002336,12.399304,0.022514,0.006665,-4.108901,-0.130699,4.110979,80|81|82|83|84|85,0.5631
6728.267018,-0.355214,-14.816904,-0.002335,12.407235,0.022618,0.006546,-4.116831,-0.130801,4.118908,80|81|82|83|84|85,0.5635
6728.283684,-0.354991,-14.841725,-0.003009,12.421471,0.022372,0.006559,-4.117577,-0.130441,4.119643,80|81|82|83|84|85,0.5632
6728.300351,-0.357450,-14.852007,-0.001912,12.428418,0.022381,0.006782,-4.118936,-0.131787,4.121044,80|81|82|83|84|85,0.5650
6728.317018,-0.359942,-14.862088,-0.001984,12.435233,0.022490,0.006859,-4.120273,-0.133253,4.122427,80|81|82|83|84|85,0.5654
6728.333684,-0.359942,-14.862088,-0.001985,12.435233,0.022490,0.006859,-4.120273,-0.133253,4.122427,80|81|82|83|84|85,0.5638
6728.350351,-0.359016,-14.874765,-0.001207,12.442381,0.022752,0.006933,-4.120532,-0.133015,4.122678,80|81|82|83|84|85,0.5643
6728.383684,-0.359748,-14.896950,-0.001136,12.457062,0.022361,0.006950,-4.123156,-0.133027,4.125301,80|81|82|83|84|85|86,0.5631
6728.400351,-0.363355,-14.907464,-0.001822,12.470912,0.022817,0.006991,-4.131292,-0.135445,4.133512,80|81|82|83|84|85|86,0.5566
6728.417018,-0.363237,-14.908083,-0.001697,12.477715,0.022990,0.007129,-4.137759,-0.135554,4.139978,81|82|83|84|85|86,0.5638
6728.433684,-0.357892,-14.917229,-0.000481,12.484843,0.022644,0.007117,-4.139915,-0.132305,4.142029,81|82|83|84|85|86,0.5647
6728.450351,-0.357891,-14.917228,-0.000479,12.484843,0.022644,0.007117,-4.139915,-0.132305,4.142029,81|82|83|84|85|86,0.5658
6728.467018,-0.362381,-14.931135,-0.000197,12.492642,0.023075,0.006991,-4.140157,-0.135180,4.142363,81|82|83|84|85|86,0.5657
6728.483684,-0.356950,-14.951963,-0.001446,12.500235,0.023309,0.007246,-4.136429,-0.132467,4.138550,81|82|83|84|85|86,0.5641
6728.500351,-0.353355,-14.964948,-0.001431,12.507426,0.024089,0.007213,-4.136563,-0.131295,4.138646,81|82|83|84|85|86,0.5633
6728.517018,-0.353354,-14.964949,-0.001429,12.521546,0.024684,0.007166,-4.150682,-0.131890,4.152777,81|82|83|84|85|86,0.5645
6728.533684,-0.334498,-14.978366,-0.001820,12.521546,0.024684,0.007166,-4.143386,-0.121645,4.145172,81|82|83|84|85|86,0.5639
6728.567018,-0.345110,-14.999380,-0.001911,12.536517,0.023736,0.007186,-4.146939,-0.126469,4.148867,81|82|83|84|85|86,0.5638
6728.583684,-0.351316,-15.013441,-0.002595,12.550179,0.024474,0.007286,-4.152961,-0.130583,4.155013,81|82|83|84|85|86,0.5648
6728.600351,-0.351315,-15.013442,-0.002594,12.557124,0.024790,0.007037,-4.159905,-0.130899,4.161964,81|82|83|84|85|86,0.5639
6728.617018,-0.345845,-15.015338,-0.002112,12.557124,0.024790,0.007037,-4.158873,-0.127926,4.160840,81|82|83|84|85|86,0.5642
6728.633684,-0.338194,-15.031197,-0.002847,12.564202,0.024478,0.007036,-4.157330,-0.123459,4.159163,81|82|83|84|85|86,0.5645
6728.650351,-0.338193,-15.031198,-0.002848,12.578681,0.024300,0.007143,-4.171809,-0.123280,4.173630,81|82|83|84|85|86,0.5661
6728.667018,-0.343157,-15.039229,-0.002489,12.585717,0.024178,0.007083,-4.174481,-0.125859,4.176378,81|82|83|84|85|86,0.5659
6728.683684,-0.344971,-15.049405,-0.002727,12.592734,0.024242,0.007205,-4.175968,-0.126911,4.177896,81|82|83|84|85|86,0.5650
6728.700351,-0.349260,-15.069587,-0.002812,12.592734,0.024242,0.007205,-4.165001,-0.129246,4.167006,81|82|83|84|85|86,0.5644
6728.717018,-0.349258,-15.069587,-0.002813,12.606816,0.024604,0.007195,-4.179083,-0.129607,4.181092,81|82|83|84|85|86,0.5627
6728.733684,-0.348765,-15.077801,-0.001928,12.606816,0.024604,0.007195,-4.174619,-0.129341,4.176622,81|82|83|84|85|86,0.5636
6728.750351,-0.345220,-15.092978,-0.002198,12.621154,0.024600,0.007198,-4.180707,-0.127413,4.182648,81|82|83|84|85|86,0.5638
6728.767018,-0.348334,-15.102825,-0.002033,12.621154,0.024600,0.007198,-4.175356,-0.129108,4.177352,81|82|83|84|85|86,0.5641
6728.783684,-0.348332,-15.102826,-0.002031,12.628167,0.024774,0.007201,-4.182369,-0.129281,4.184366,81|82|83|84|85|86,0.5644
6728.800351,-0.346927,-15.107761,-0.002201,12.635043,0.024958,0.007145,-4.186562,-0.128703,4.188540,81|82|83|84|85|86,0.5636
6728.817018,-0.343233,-15.121353,-0.002704,12.642575,0.024671,0.007057,-4.186707,-0.126411,4.188615,81|82|83|84|85|86,0.5629
6728.833684,-0.343237,-15.121350,-0.002701,12.657235,0.023918,0.007160,-4.201368,-0.125659,4.203247,81|82|83|84|85|86,0.5630
6728.850351,-0.354821,-15.151969,-0.002130,12.664042,0.024143,0.007532,-4.191537,-0.132187,4.193621,81|82|83|84|85|86,0.5657
6728.867018,-0.360420,-15.165752,-0.001540,12.664042,0.024143,0.007532,-4.184048,-0.135233,4.186233,81|82|83|84|85|86|87|88,0.5634
6728.883684,-0.356048,-15.169069,-0.001189,12.677407,0.024535,0.007709,-4.195609,-0.133250,4.197724,81|82|83|84|85|86|87|88,0.5634
6728.900351,-0.356046,-15.169071,-0.001185,12.684508,0.024107,0.007769,-4.202709,-0.132821,4.204807,81|82|83|84|85|86|87|88,0.5629
6728.917018,-0.352916,-15.179586,-0.001139,12.684508,0.024107,0.007769,-4.196994,-0.131122,4.199042,81|82|83|84|85|86|87|88,0.5502
6728.933684,-0.352316,-15.180899,-0.000011,12.698588,0.024560,0.007950,-4.210360,-0.131249,4.212405,83|84|85|86|87|88,0.5630
6728.950351,-0.360235,-15.205110,-0.000910,12.705327,0.024956,0.007936,-4.203942,-0.135954,4.206140,83|84|85|86|87|88,0.5623
6728.983684,-0.348053,-15.215219,-0.001620,12.719504,0.025102,0.007925,-4.212623,-0.129482,4.214613,83|84|85|86|87|88,0.5631
6729.000351,-0.343239,-15.221049,-0.001182,12.719504,0.025102,0.007925,-4.209453,-0.126867,4.211365,83|84|85|86|87|88,0.5630
6729.017018,-0.347947,-15.233779,-0.000192,12.733477,0.024830,0.007752,-4.216509,-0.129156,4.218487,83|84|85|86|87|88,0.5616
6729.033684,-0.350312,-15.243604,-0.000290,12.733477,0.024830,0.007752,-4.211170,-0.130444,4.213190,83|84|85|86|87|88,0.5627
6729.050351,-0.350313,-15.243604,-0.000291,12.747069,0.025043,0.007877,-4.224762,-0.130657,4.226782,83|84|85|86|87|88,0.5628
6729.067018,-0.352896,-15.253399,0.000414,12.753753,0.025192,0.007939,-4.226122,-0.132213,4.228190,83|84|85|86|87|88,0.5628
6729.083684,-0.353740,-15.261549,0.001138,12.753753,0.025192,0.007939,-4.221693,-0.132674,4.223777,83|84|85|86|87|88,0.5627
6729.100351,-0.351022,-15.265031,0.000258,12.768946,0.025184,0.007959,-4.234994,-0.131189,4.237025,83|84|85|86|87|88,0.5630
6729.117018,-0.350702,-15.287005,0.000047,12.768946,0.025184,0.007959,-4.223051,-0.131020,4.225083,83|84|85|86|87|88,0.5631
6729.133684,-0.351354,-15.300402,0.000153,12.783053,0.025902,0.007632,-4.229878,-0.132095,4.231940,83|84|85|86|87|88,0.5640
6729.150351,-0.348171,-15.308626,-0.000069,12.789781,0.026226,0.007549,-4.232134,-0.130691,4.234152,83|84|85|86|87|88,0.5634
6729.167018,-0.342940,-15.314177,0.000106,12.789781,0.026226,0.007549,-4.229117,-0.127849,4.231049,83|84|85|86|87|88,0.5616
6729.183684,-0.339574,-15.320589,-0.000119,12.796752,0.025478,0.007439,-4.232603,-0.125273,4.234456,83|84|85|86|87|88,0.5621
6729.200351,-0.339573,-15.320587,-0.000119,12.804002,0.025162,0.007446,-4.239853,-0.124957,4.241694,83|84|85|86|87|88,0.5627
6729.233684,-0.361545,-15.357503,-0.000121,12.818236,0.024797,0.007742,-4.234030,-0.136542,4.236231,83|84|85|86|87|88,0.5625
6729.250351,-0.361546,-15.357503,-0.000122,12.831317,0.025588,0.007792,-4.247110,-0.137333,4.249330,83|84|85|86|87|88,0.5626
6729.267018,-0.361509,-15.365653,-0.000085,12.831317,0.025588,0.007792,-4.242681,-0.137314,4.244902,83|84|85|86|87|88,0.5630
6729.283684,-0.351783,-15.371660,-0.000230,12.838240,0.025612,0.007862,-4.246338,-0.132054,4.248390,83|84|85|86|87|88,0.5619
6729.300351,-0.351782,-15.371660,-0.000230,12.845227,0.025523,0.007864,-4.253324,-0.131964,4.255371,83|84|85|86|87|88,0.5623
6729.317018,-0.352551,-15.381827,-0.000175,12.858868,0.025678,0.007737,-4.261440,-0.132540,4.263501,83|84|85|86|87|88,0.5630
6729.333684,-0.354778,-15.398517,-0.000777,12.858868,0.025678,0.007737,-4.252370,-0.133754,4.254473,83|84|85|86|87|88,0.5631
6729.350351,-0.354173,-15.402411,-0.000736,12.873206,0.025468,0.007482,-4.264591,-0.133215,4.266671,83|84|85|86|87|88,0.5642
6729.383684,-0.357897,-15.421843,-0.000519,12.881011,0.025228,0.007407,-4.261836,-0.135004,4.263974,83|84|85|86|87|88,0.5642
6729.400351,-0.362272,-15.441183,-0.001440,12.888488,0.024976,0.007515,-4.258803,-0.137134,4.261010,83|84|85|86|87|88|89,0.5627
6729.417018,-0.362254,-15.441209,-0.001450,12.895450,0.025519,0.007495,-4.265751,-0.137667,4.267972,83|84|85|86|87|88|89,0.5610
6729.433684,-0.359172,-15.456283,-0.001186,12.902045,0.025794,0.007597,-4.264153,-0.136271,4.266330,83|84|85|86|87|88|89,0.5592
6729.450351,-0.358690,-15.456796,-0.000719,12.916251,0.025411,0.007693,-4.278080,-0.135626,4.280230,84|85|86|87|88|89,0.5641
6729.467018,-0.355742,-15.469388,-0.001028,12.916251,0.025411,0.007693,-4.271236,-0.134027,4.273338,84|85|86|87|88|89,0.5641
6729.483684,-0.355743,-15.469386,-0.001028,12.923806,0.025114,0.007699,-4.278792,-0.133730,4.280882,84|85|86|87|88|89,0.5639
6729.500351,-0.368257,-15.498038,-0.001077,12.930861,0.025397,0.007659,-4.270279,-0.140820,4.272600,84|85|86|87|88|89,0.5642
6729.517018,-0.368257,-15.498037,-0.001078,12.944331,0.026355,0.007738,-4.283749,-0.141777,4.286094,84|85|86|87|88|89,0.5641
6729.550351,-0.352902,-15.510628,-0.001433,12.951516,0.026140,0.007712,-4.284088,-0.133221,4.286158,84|85|86|87|88|89,0.5662
6729.583684,-0.359822,-15.530521,-0.000671,12.973353,0.027178,0.007898,-4.295115,-0.138024,4.297332,84|85|86|87|88|89,0.5659
6729.600351,-0.354741,-15.549051,-0.001034,12.973353,0.027178,0.007898,-4.285043,-0.135266,4.287178,84|85|86|87|88|89,0.5653
6729.617018,-0.354742,-15.549054,-0.001034,12.980470,0.027992,0.007853,-4.292158,-0.136082,4.294315,84|85|86|87|88|89,0.5664
6729.633684,-0.332263,-15.563250,-0.000786,12.987342,0.027932,0.007821,-4.291310,-0.123808,4.293095,84|85|86|87|88|89,0.5641
6729.650351,-0.332262,-15.563251,-0.000785,12.994552,0.027233,0.007785,-4.298519,-0.123108,4.300282,84|85|86|87|88|89,0.5625
6729.667018,-0.344659,-15.580204,-0.001403,13.002086,0.026976,0.007778,-4.296842,-0.129593,4.298796,84|85|86|87|88|89,0.5632
6729.683684,-0.349394,-15.594730,-0.000850,13.016233,0.027584,0.008114,-4.303096,-0.132777,4.305144,84|85|86|87|88|89,0.5643
6729.700351,-0.349394,-15.594729,-0.000850,13.023254,0.027955,0.008094,-4.310117,-0.133147,4.312173,84|85|86|87|88|89,0.5642
6729.717018,-0.341341,-15.606989,0.000102,13.030397,0.027363,0.008059,-4.310596,-0.128181,4.312501,84|85|86|87|88|89,0.5639
6729.733684,-0.337023,-15.613854,-0.000010,13.037664,0.027458,0.008127,-4.314130,-0.125932,4.315968,84|85|86|87|88|89,0.5638
6729.750351,-0.346151,-15.623443,-0.000627,13.037664,0.027458,0.008127,-4.308921,-0.130895,4.310909,84|85|86|87|88|89,0.5636
6729.767018,-0.345970,-15.633493,-0.001159,13.051873,0.027576,0.008112,-4.317669,-0.130916,4.319653,84|85|86|87|88|89,0.5653
6729.783684,-0.345969,-15.633493,-0.001158,13.058946,0.027644,0.008122,-4.324741,-0.130984,4.326724,84|85|86|87|88|89,0.5645
6729.800351,-0.345529,-15.653776,-0.000516,13.065654,0.027770,0.008102,-4.320426,-0.130876,4.322408,84|85|86|87|88|89,0.5631
6729.817018,-0.345347,-15.663623,-0.000439,13.065654,0.027770,0.008102,-4.315074,-0.130779,4.317056,84|85|86|87|88|89,0.5619
6729.833684,-0.345347,-15.663623,-0.000440,13.072906,0.027750,0.008100,-4.322326,-0.130759,4.324303,84|85|86|87|88|89,0.5614
6729.867018,-0.346953,-15.686807,-0.000249,13.094388,0.028179,0.008109,-4.331209,-0.132066,4.333222,84|85|86|87|88|89,0.5624
6729.883684,-0.346953,-15.686807,-0.000246,13.101293,0.028329,0.008245,-4.338114,-0.132215,4.340128,84|85|86|87|88|89,0.5622
6729.900351,-0.345661,-15.694025,0.000128,13.108577,0.027855,0.008131,-4.341474,-0.131041,4.343451,84|85|86|87|88|89,0.5627
6729.933684,-0.348155,-15.721813,-0.000291,13.115928,0.027675,0.008246,-4.333724,-0.132222,4.335740,84|85|86|87|88|89|90|91,0.5622
6729.950351,-0.348155,-15.721826,-0.000311,13.130469,0.027416,0.008540,-4.348258,-0.131964,4.350260,84|85|86|87|88|89|90|91,0.5529
6729.967018,-0.355381,-15.747607,0.000272,13.137012,0.028039,0.008738,-4.340791,-0.136519,4.342937,86|87|88|89|90|91,0.5611
6729.983684,-0.356732,-15.758139,0.000554,13.143773,0.028035,0.008890,-4.341829,-0.137252,4.343998,86|87|88|89|90|91,0.5606
6730.083684,-0.356733,-15.758144,0.000560,13.185613,0.028397,0.009170,-4.383666,-0.137614,4.385825,86|87|88|89|90|91,0.5623
6730.100351,-0.339360,-15.808374,0.002079,13.185613,0.028397,0.009170,-4.356363,-0.128184,4.358248,86|87|88|89|90|91,0.5621
6730.117018,-0.349508,-15.818070,0.001955,13.192933,0.028029,0.009079,-4.358416,-0.133333,4.360455,86|87|88|89|90|91,0.5626
6730.133684,-0.349507,-15.818066,0.001954,13.206987,0.028122,0.009371,-4.372471,-0.133425,4.374506,86|87|88|89|90|91,0.5624
6730.150351,-0.360515,-15.846779,0.002226,13.213487,0.028714,0.009422,-4.363370,-0.140006,4.365615,86|87|88|89|90|91,0.5620
6730.167018,-0.360515,-15.846781,0.002230,13.213487,0.028714,0.009422,-4.363368,-0.140006,4.365614,86|87|88|89|90|91,0.5625
6730.183684,-0.354453,-15.851457,0.001997,13.220241,0.029006,0.009457,-4.367579,-0.137005,4.369728,86|87|88|89|90|91,0.5624
6730.217018,-0.347254,-15.853654,0.002351,13.242210,0.028692,0.009333,-4.388353,-0.132780,4.390361,86|87|88|89|90|91,0.5628
6730.233684,-0.353217,-15.884382,0.002713,13.249002,0.029359,0.009212,-4.378446,-0.136694,4.380579,86|87|88|89|90|91,0.5634
6730.250351,-0.353217,-15.884380,0.002712,13.249002,0.029359,0.009212,-4.378447,-0.136694,4.380580,86|87|88|89|90|91,0.5626
6730.267018,-0.350123,-15.895160,0.002159,13.262466,0.028839,0.009007,-4.386052,-0.134494,4.388113,86|87|88|89|90|91,0.5633
6730.283684,-0.338927,-15.904574,0.001818,13.262466,0.028839,0.009007,-4.380933,-0.128412,4.382814,86|87|88|89|90|91,0.5640
6730.300351,-0.338925,-15.904573,0.001818,13.269572,0.028504,0.008715,-4.388040,-0.128076,4.389909,86|87|88|89|90|91,0.5637
6730.333684,-0.361156,-15.941069,0.002503,13.283960,0.028090,0.008816,-4.382598,-0.139752,4.384825,86|87|88|89|90|91,0.5628
6730.350351,-0.363933,-15.954253,0.002180,13.297408,0.029291,0.008856,-4.388882,-0.142466,4.391193,86|87|88|89|90|91,0.5631
6730.367018,-0.354716,-15.954879,0.002309,13.297408,0.029291,0.008856,-4.388540,-0.137456,4.390692,86|87|88|89|90|91,0.5619
6730.383684,-0.354716,-15.954882,0.002314,13.311385,0.028695,0.008930,-4.402515,-0.136860,4.404641,86|87|88|89|90|91,0.5616
6730.400351,-0.352857,-15.966182,0.002501,13.311385,0.028695,0.008930,-4.396373,-0.135852,4.398471,86|87|88|89|90|91,0.5619
6730.417018,-0.352857,-15.966181,0.002500,13.325073,0.029267,0.008789,-4.410061,-0.136424,4.412170,86|87|88|89|90|91,0.5620
6730.433684,-0.358894,-15.978699,0.002488,13.331748,0.029553,0.008449,-4.409934,-0.139994,4.412156,86|87|88|89|90|91,0.5628
6730.450351,-0.352473,-15.991419,0.000814,13.331748,0.029553,0.008449,-4.403020,-0.136507,4.405136,86|87|88|89|90|91|92,0.5605
6730.483684,-0.356689,-16.005978,0.000520,13.346307,0.028663,0.007993,-4.409667,-0.137911,4.411823,87|88|89|90|91|92,0.5635
6730.500351,-0.362580,-16.019843,0.000027,13.353873,0.028485,0.007940,-4.409700,-0.140938,4.411951,87|88|89|90|91|92,0.5640
6730.517018,-0.362581,-16.019841,0.000026,13.367751,0.029520,0.007858,-4.423579,-0.141974,4.425857,87|88|89|90|91|92,0.5639
6730.550351,-0.366459,-16.037042,0.000843,13.374620,0.029583,0.007804,-4.421100,-0.144148,4.423449,87|88|89|90|91|92,0.5642
6730.567018,-0.353002,-16.048502,0.000800,13.389199,0.028708,0.007702,-4.429448,-0.135962,4.431534,87|88|89|90|91|92,0.5641
6730.583684,-0.353408,-16.054167,0.000060,13.396739,0.028571,0.007615,-4.433909,-0.136046,4.435996,87|88|89|90|91|92,0.5642
6730.600351,-0.363537,-16.063585,0.000560,13.396739,0.028571,0.007615,-4.428793,-0.141553,4.431055,87|88|89|90|91|92,0.5648
6730.617018,-0.369756,-16.095097,0.000860,13.403486,0.029561,0.007928,-4.418415,-0.145931,4.420824,87|88|89|90|91|92,0.5634
6730.633684,-0.369756,-16.095100,0.000861,13.417158,0.029877,0.008021,-4.432085,-0.146247,4.434497,87|88|89|90|91|92,0.5636
6730.650351,-0.351591,-16.099157,0.001226,13.417158,0.029877,0.008021,-4.429876,-0.136376,4.431975,87|88|89|90|91|92,0.5645
6730.667018,-0.352448,-16.108512,0.000704,13.424295,0.029845,0.008012,-4.431929,-0.136811,4.434041,87|88|89|90|91|92,0.5661
6730.683684,-0.352448,-16.108510,0.000704,13.438795,0.030453,0.008121,-4.446430,-0.137419,4.448553,87|88|89|90|91|92,0.5658
6730.700351,-0.355003,-16.126575,0.001219,13.445951,0.031542,0.008077,-4.443769,-0.139900,4.445971,87|88|89|90|91|92,0.5641
6730.717018,-0.345663,-16.141440,0.001186,13.445951,0.031542,0.008077,-4.435688,-0.134828,4.437737,87|88|89|90|91|92,0.5622
6730.733684,-0.345663,-16.141441,0.001186,13.459857,0.030828,0.008043,-4.449594,-0.134114,4.451615,87|88|89|90|91|92,0.5613
6730.750351,-0.331043,-16.148671,0.001633,13.467060,0.030460,0.007991,-4.452864,-0.125802,4.454640,87|88|89|90|91|92,0.5640
6730.767018,-0.343277,-16.161565,0.001511,13.467060,0.030460,0.007991,-4.445859,-0.132454,4.447832,87|88|89|90|91|92,0.5642
6730.817018,-0.343277,-16.161562,0.001509,13.494962,0.030513,0.008374,-4.473763,-0.132506,4.475725,87|88|89|90|91|92,0.5627
6730.850351,-0.350049,-16.199248,0.002441,13.502191,0.030345,0.007952,-4.460512,-0.136028,4.462586,87|88|89|90|91|92,0.5628
6730.867018,-0.351689,-16.212464,0.001629,13.509763,0.030645,0.007922,-4.460902,-0.137222,4.463012,87|88|89|90|91|92,0.5634
6730.883684,-0.351689,-16.212461,0.001627,13.524601,0.031062,0.008315,-4.475740,-0.137638,4.477856,87|88|89|90|91|92,0.5621
6730.900351,-0.348205,-16.228798,0.001665,13.531053,0.031365,0.008303,-4.473314,-0.136051,4.475382,87|88|89|90|91|92,0.5628
6730.917018,-0.343341,-16.253027,0.001973,13.531053,0.031365,0.008303,-4.460145,-0.133413,4.462140,87|88|89|90|91|92,0.5621
6730.933684,-0.343340,-16.253030,0.001980,13.537893,0.030669,0.008213,-4.466983,-0.132717,4.468954,87|88|89|90|91|92,0.5615
6730.950351,-0.339913,-16.252464,0.002013,13.552753,0.030930,0.008051,-4.482150,-0.131115,4.484067,87|88|89|90|91|92,0.5617
6730.983684,-0.348390,-16.283579,0.000020,13.559625,0.031659,0.007987,-4.472113,-0.136459,4.474195,87|88|89|90|91|92|93|94,0.5573
6731.000351,-0.348369,-16.283626,0.000057,13.566291,0.031723,0.008048,-4.478755,-0.136512,4.480834,87|88|89|90|91|92|93|94,0.5520
6731.017018,-0.337740,-16.290642,0.000606,13.573309,0.031181,0.007978,-4.481956,-0.130195,4.483847,89|90|91|92|93|94,0.5642
6731.033684,-0.346354,-16.304179,0.001035,13.580339,0.030651,0.007956,-4.481631,-0.134349,4.483644,89|90|91|92|93|94,0.5646
6731.050351,-0.346354,-16.304178,0.001036,13.594800,0.030584,0.007910,-4.496093,-0.134282,4.498098,89|90|91|92|93|94,0.5656
6731.067018,-0.354609,-16.314034,0.001133,13.601759,0.031091,0.008105,-4.497696,-0.139277,4.499852,89|90|91|92|93|94,0.5644
6731.083684,-0.355803,-16.329604,0.001002,13.607887,0.031214,0.008280,-4.495363,-0.140052,4.497544,89|90|91|92|93|94,0.5631
6731.100351,-0.349081,-16.351450,0.000910,13.607887,0.031214,0.008280,-4.483489,-0.136404,4.485563,89|90|91|92|93|94,0.5620
6731.117018,-0.348965,-16.347685,0.000832,13.614633,0.030667,0.008322,-4.492281,-0.135794,4.494333,89|90|91|92|93|94,0.5624
6731.133684,-0.348964,-16.347684,0.000833,13.628522,0.030750,0.008181,-4.506171,-0.135876,4.508219,89|90|91|92|93|94,0.5624
6731.150351,-0.358025,-16.354582,0.001266,13.628522,0.030750,0.008181,-4.502424,-0.140802,4.504625,89|90|91|92|93|94,0.5616
6731.167018,-0.363632,-16.361793,0.001404,13.642080,0.032149,0.008136,-4.512064,-0.145250,4.514402,89|90|91|92|93|94,0.5611
6731.183684,-0.357800,-16.379469,0.001737,13.648708,0.031308,0.007995,-4.509084,-0.141243,4.511296,89|90|91|92|93|94,0.5610
6731.200351,-0.347012,-16.386345,0.001704,13.648708,0.031308,0.007995,-4.505345,-0.135381,4.507378,89|90|91|92|93|94,0.5621
6731.217018,-0.352902,-16.392496,0.002129,13.655502,0.030763,0.007633,-4.508797,-0.138038,4.510910,89|90|91|92|93|94,0.5631
6731.233684,-0.352902,-16.392495,0.002130,13.663145,0.031083,0.007543,-4.516440,-0.138359,4.518559,89|90|91|92|93|94,0.5640
6731.250351,-0.355989,-16.419799,0.000990,13.670326,0.031248,0.007503,-4.508783,-0.140208,4.510963,89|90|91|92|93|94,0.5630
6731.267018,-0.354395,-16.433363,0.001032,13.677379,0.031750,0.007581,-4.508464,-0.139846,4.510633,89|90|91|92|93|94,0.5625
6731.283684,-0.347598,-16.442378,0.001417,13.683765,0.032018,0.007643,-4.509950,-0.136422,4.512012,89|90|91|92|93|94,0.5615
6731.300351,-0.345245,-16.442226,0.000888,13.690784,0.031598,0.007609,-4.517051,-0.134723,4.519059,89|90|91|92|93|94,0.5626
6731.350351,-0.352592,-16.469884,0.000753,13.719377,0.032631,0.006865,-4.530614,-0.139755,4.532769,89|90|91|92|93|94,0.5623
6731.367018,-0.352593,-16.469882,0.000752,13.719377,0.032631,0.006865,-4.530615,-0.139756,4.532770,89|90|91|92|93|94,0.5611
6731.383684,-0.345069,-16.486291,0.000613,13.726350,0.031878,0.006851,-4.528668,-0.134918,4.530678,89|90|91|92|93|94,0.5620
6731.400351,-0.349733,-16.495264,0.000802,13.732845,0.031232,0.006689,-4.530287,-0.136808,4.532353,89|90|91|92|93|94,0.5623
6731.433684,-0.360375,-16.513030,-0.000031,13.754200,0.031623,0.006013,-4.541989,-0.142986,4.544239,89|90|91|92|93|94,0.5634
6731.450351,-0.360374,-16.513029,-0.000030,13.761089,0.032147,0.005978,-4.548879,-0.143510,4.551142,89|90|91|92|93|94,0.5629
6731.467018,-0.356810,-16.528564,-0.000179,13.767639,0.031888,0.005729,-4.546985,-0.141318,4.549180,89|90|91|92|93|94,0.5616
6731.483684,-0.354940,-16.543807,-0.000291,13.774177,0.031344,0.005688,-4.545239,-0.139761,4.547387,89|90|91|92|93|94|95,0.5596
6731.500351,-0.347990,-16.549167,-0.000286,13.781118,0.031172,0.005404,-4.549265,-0.135813,4.551292,89|90|91|92|93|94|95,0.5617
6731.517018,-0.361233,-16.552950,-0.000762,13.781118,0.031172,0.005404,-4.547212,-0.143011,4.549460,89|90|91|92|93|94|95,0.5637
6731.533684,-0.361140,-16.553138,-0.000697,13.795416,0.032186,0.004988,-4.561408,-0.143975,4.563679,90|91|92|93|94|95,0.5625
6731.550351,-0.363189,-16.564126,-0.000669,13.802196,0.031634,0.004852,-4.562217,-0.144538,4.564506,90|91|92|93|94|95,0.5631
6731.567018,-0.351201,-16.580398,-0.001006,13.809026,0.031019,0.004737,-4.560200,-0.137411,4.562270,90|91|92|93|94|95,0.5631
6731.617018,-0.351198,-16.580400,-0.001011,13.831480,0.031992,0.004352,-4.582653,-0.138383,4.584742,90|91|92|93|94|95,0.5659
6731.633684,-0.371578,-16.600757,-0.002087,13.831480,0.031992,0.004352,-4.571594,-0.149464,4.574036,90|91|92|93|94|95,0.5627
6731.650351,-0.355162,-16.635501,-0.002859,13.838089,0.032334,0.004457,-4.559317,-0.140892,4.561493,90|91|92|93|94|95,0.5615
6731.667018,-0.352206,-16.634652,-0.002562,13.852331,0.031262,0.004373,-4.574019,-0.138212,4.576107,90|91|92|93|94|95,0.5629
6731.683684,-0.352205,-16.634651,-0.002561,13.852331,0.031262,0.004373,-4.574020,-0.138212,4.576107,90|91|92|93|94|95,0.5630
6731.700351,-0.368546,-16.651635,-0.002609,13.867448,0.031681,0.003920,-4.579911,-0.147517,4.582286,90|91|92|93|94|95,0.5631
6731.717018,-0.367248,-16.666209,-0.003406,13.867448,0.031681,0.003920,-4.571990,-0.146814,4.574347,90|91|92|93|94|95,0.5617
6731.750351,-0.364000,-16.687355,-0.003624,13.887418,0.031726,0.003825,-4.580467,-0.145098,4.582765,90|91|92|93|94|95,0.5622
6731.783684,-0.363907,-16.690792,-0.003979,13.894012,0.031623,0.003784,-4.585193,-0.144945,4.587483,90|91|92|93|94|95,0.5642
6731.800351,-0.363906,-16.690792,-0.003979,13.908750,0.033452,0.003134,-4.599931,-0.146774,4.602272,90|91|92|93|94|95,0.5642
6731.817018,-0.365819,-16.693588,-0.003895,13.915897,0.033631,0.003149,-4.605559,-0.147993,4.607936,90|91|92|93|94|95,0.5646
6731.833684,-0.358007,-16.703819,-0.003516,13.923158,0.033168,0.003153,-4.607257,-0.143287,4.609485,90|91|92|93|94|95,0.5626
6731.850351,-0.338128,-16.724182,-0.003630,13.923158,0.033168,0.003153,-4.596186,-0.132488,4.598096,90|91|92|93|94|95,0.5635
6731.867018,-0.342981,-16.742749,-0.003296,13.930305,0.032837,0.003141,-4.593244,-0.134798,4.595221,90|91|92|93|94|95,0.5638
6731.883684,-0.348011,-16.751883,-0.003342,13.937364,0.032571,0.003123,-4.595340,-0.137268,4.597389,90|91|92|93|94|95,0.5643
6731.917018,-0.346521,-16.777661,-0.004548,13.952057,0.033153,0.002972,-4.596022,-0.137045,4.598065,90|91|92|93|94|95,0.5632
6731.933684,-0.346521,-16.777661,-0.004548,13.965585,0.032796,0.003002,-4.609551,-0.136689,4.611577,90|91|92|93|94|95,0.5635
6731.950351,-0.344609,-16.785589,-0.004355,13.965585,0.032796,0.003002,-4.605241,-0.135652,4.607239,90|91|92|93|94|95,0.5631
6731.967018,-0.350251,-16.795184,-0.003645,13.972250,0.032502,0.002970,-4.606692,-0.138426,4.608772,90|91|92|93|94|95,0.5638
6731.983684,-0.350251,-16.795185,-0.003647,13.987053,0.033559,0.002980,-4.621495,-0.139483,4.623599,90|91|92|93|94|95,0.5642
6732.000351,-0.354865,-16.802191,-0.003942,13.987053,0.033559,0.002980,-4.617688,-0.141992,4.619871,90|91|92|93|94|95,0.5632
6732.017018,-0.347991,-16.819369,-0.003943,14.000959,0.033241,0.002714,-4.622257,-0.137942,4.624315,90|92|93|94|95|96|97,0.5590
6732.033684,-0.343004,-16.840948,-0.004515,14.000959,0.033241,0.002714,-4.610529,-0.135236,4.612512,92|93|94|95|96|97,0.5621
6732.050351,-0.346298,-16.846706,-0.005451,14.007843,0.032979,0.002516,-4.614283,-0.136765,4.616310,92|93|94|95|96|97,0.5628
6732.067018,-0.346300,-16.846706,-0.005449,14.022207,0.033353,0.002464,-4.628647,-0.137140,4.630679,92|93|94|95|96|97,0.5618
6732.117018,-0.347095,-16.875614,-0.005264,14.042017,0.032307,0.002497,-4.632747,-0.136534,4.634758,92|93|94|95|96|97,0.5626
6732.133684,-0.354022,-16.880212,-0.005116,14.048647,0.031875,0.002233,-4.636879,-0.139867,4.638988,92|93|94|95|96|97,0.5638
6732.150351,-0.354021,-16.880211,-0.005117,14.056080,0.032376,0.001266,-4.644313,-0.140368,4.646434,92|93|94|95|96|97,0.5648
6732.167018,-0.361578,-16.884615,-0.005131,14.063596,0.032648,0.000997,-4.649438,-0.144747,4.651691,92|93|94|95|96|97,0.5651
6732.183684,-0.356611,-16.913817,-0.006839,14.063596,0.032648,0.000997,-4.633566,-0.142054,4.635743,92|93|94|95|96|97,0.5636
6732.200351,-0.354383,-16.929284,-0.007313,14.077583,0.032154,0.000942,-4.639146,-0.140353,4.641269,92|93|94|95|96|97,0.5644
6732.217018,-0.358350,-16.936641,-0.007267,14.084161,0.032226,0.000960,-4.641727,-0.142583,4.643917,92|93|94|95|96|97,0.5637
6732.250351,-0.358348,-16.936643,-0.007266,14.090912,0.032098,0.001002,-4.648476,-0.142453,4.650658,92|93|94|95|96|97,0.5654
6732.300351,-0.360966,-16.945964,-0.007290,14.118778,0.032369,0.000348,-4.671277,-0.144150,4.673501,92|93|94|95|96|97,0.5620
6732.317018,-0.354899,-16.978799,-0.007567,14.125539,0.032152,0.000321,-4.660192,-0.140643,4.662314,92|93|94|95|96|97,0.5623
6732.333684,-0.354899,-16.978801,-0.007562,14.125539,0.032152,0.000321,-4.660191,-0.140643,4.662313,92|93|94|95|96|97,0.5627
6732.367018,-0.358831,-16.987269,-0.007663,14.146995,0.032697,-0.000061,-4.677046,-0.143327,4.679242,92|93|94|95|96|97,0.5625
6732.383684,-0.362542,-17.004142,-0.007753,14.153909,0.032581,-0.000093,-4.674791,-0.145230,4.677046,92|93|94|95|96|97,0.5606
6732.400351,-0.353026,-17.022631,-0.007837,14.160747,0.032552,-0.000112,-4.671578,-0.140034,4.673677,92|93|94|95|96|97,0.5624
6732.417018,-0.354744,-17.029075,-0.008029,14.167621,0.032421,-0.000149,-4.674950,-0.140838,4.677071,92|93|94|95|96|97,0.5623
6732.433684,-0.356340,-17.035548,-0.007862,14.174547,0.032523,-0.000482,-4.678358,-0.141810,4.680507,92|93|94|95|96|97,0.5625
6732.450351,-0.358708,-17.043993,-0.007844,14.181970,0.033018,-0.000475,-4.681193,-0.143593,4.683394,92|93|94|95|96|97,0.5624
6732.483684,-0.358709,-17.043992,-0.007846,14.196245,0.032323,-0.000483,-4.695468,-0.142898,4.697642,92|93|94|95|96|97,0.5618
6732.533684,-0.349721,-17.065049,-0.008248,14.209850,0.032051,-0.000602,-4.697627,-0.137746,4.699646,92|93|94|95|96|97,0.5628
6732.550351,-0.363745,-17.100988,-0.008254,14.224279,0.032806,-0.000805,-4.692527,-0.146131,4.694802,92|93|94|95|96|97|98,0.5618
6732.567018,-0.356065,-17.116647,-0.008751,14.230917,0.032529,-0.000847,-4.690652,-0.141684,4.692792,92|93|94|95|96|97|98,0.5532
6732.583684,-0.352573,-17.128876,-0.008530,14.230917,0.032529,-0.000847,-4.684005,-0.139789,4.686091,93|94|95|96|97|98,0.5586
6732.600351,-0.356318,-17.134099,-0.008591,14.237602,0.032258,-0.000855,-4.687853,-0.141554,4.689990,93|94|95|96|97|98,0.5585
6732.617018,-0.360182,-17.139480,-0.008559,14.251327,0.031615,-0.000856,-4.698655,-0.143012,4.700831,93|94|95|96|97|98,0.5586
6732.633684,-0.364671,-17.145714,-0.008819,14.251327,0.031615,-0.000856,-4.695268,-0.145453,4.697520,93|94|95|96|97|98,0.5595
6732.650351,-0.369539,-17.150839,-0.008917,14.258592,0.031952,-0.000877,-4.699748,-0.148437,4.702092,93|94|95|96|97|98,0.5604
6732.667018,-0.364578,-17.162009,-0.009009,14.265760,0.031649,-0.000936,-4.700844,-0.145441,4.703094,93|94|95|96|97|98,0.5609
6732.700351,-0.372390,-17.176713,-0.008941,14.285955,0.030916,-0.001081,-4.713050,-0.148957,4.715403,93|94|95|96|97|98,0.5632
6732.733684,-0.372390,-17.176713,-0.008942,14.293644,0.031835,-0.001280,-4.720738,-0.149875,4.723117,93|94|95|96|97|98,0.5630
6732.750351,-0.366107,-17.205013,-0.008911,14.301057,0.032184,-0.001488,-4.712770,-0.146816,4.715057,93|94|95|96|97|98,0.5625
6732.767018,-0.362359,-17.215881,-0.009523,14.308250,0.031923,-0.001699,-4.714056,-0.144521,4.716271,93|94|95|96|97|98,0.5625
6732.800351,-0.368909,-17.236044,-0.010023,14.322467,0.031611,-0.001706,-4.717317,-0.147773,4.719630,93|94|95|96|97|98,0.5631
6732.833684,-0.368909,-17.236042,-0.010024,14.343889,0.031658,-0.002020,-4.738739,-0.147820,4.741044,93|94|95|96|97|98,0.5636
6732.850351,-0.369247,-17.251922,-0.009413,14.343889,0.031658,-0.002020,-4.730109,-0.148007,4.732424,93|94|95|96|97|98,0.5641
6732.867018,-0.366890,-17.261237,-0.009530,14.358085,0.031946,-0.001987,-4.739242,-0.147016,4.741522,93|94|95|96|97|98,0.5656
6732.900351,-0.363170,-17.283266,-0.010025,14.372076,0.032528,-0.002272,-4.741259,-0.145581,4.743494,93|94|95|96|97|98,0.5648
6732.917018,-0.363170,-17.283267,-0.010025,14.372076,0.032528,-0.002272,-4.741259,-0.145581,4.743493,93|94|95|96|97|98,0.5644
6732.933684,-0.353758,-17.292282,-0.010359,14.387426,0.032641,-0.002147,-4.751708,-0.140581,4.753787,93|94|95|96|97|98,0.5636
6732.950351,-0.353758,-17.292279,-0.010356,14.394716,0.032577,-0.002112,-4.758999,-0.140516,4.761073,93|94|95|96|97|98,0.5638
6732.983684,-0.350816,-17.314464,-0.010010,14.409120,0.032679,-0.002134,-4.761346,-0.139024,4.763375,93|94|95|96|97|98,0.5653
6733.000351,-0.351925,-17.344251,-0.009944,14.416277,0.032761,-0.002127,-4.752314,-0.139716,4.754367,93|94|95|96|97|98,0.5648
6733.017018,-0.350853,-17.353361,-0.009844,14.416277,0.032761,-0.002127,-4.747362,-0.139135,4.749401,93|94|95|96|97|98,0.5636
6733.033684,-0.349388,-17.360925,-0.009265,14.423397,0.032679,-0.002046,-4.750371,-0.138258,4.752383,93|94|95|96|97|98,0.5635
6733.050351,-0.351316,-17.371064,-0.009168,14.430652,0.032470,-0.002004,-4.752117,-0.139100,4.754152,93|94|95|96|97|98|99|100,0.5560
6733.067018,-0.353930,-17.381039,-0.009610,14.444690,0.032466,-0.002030,-4.760734,-0.140519,4.762807,93|94|95|96|97|98|99|100,0.5641
6733.083684,-0.353966,-17.381390,-0.009550,14.451957,0.032967,-0.002168,-4.767810,-0.141040,4.769896,94|95|96|97|98|99|100,0.5572
6733.133684,-0.354488,-17.390188,-0.009199,14.473207,0.032786,-0.002436,-4.784279,-0.141144,4.786361,95|96|97|98|99|100,0.5643
6733.150351,-0.344799,-17.418495,-0.008951,14.480362,0.032475,-0.002507,-4.776047,-0.135574,4.777971,95|96|97|98|99|100,0.5639
6733.167018,-0.348888,-17.435798,-0.009175,14.480362,0.032475,-0.002507,-4.766644,-0.137800,4.768636,95|96|97|98|99|100,0.5633
6733.183684,-0.353123,-17.446537,-0.009272,14.487508,0.032422,-0.002531,-4.767955,-0.140051,4.770012,95|96|97|98|99|100,0.5618
6733.200351,-0.353548,-17.457398,-0.009044,14.501289,0.031802,-0.002356,-4.775834,-0.139664,4.777875,95|96|97|98|99|100,0.5617
6733.217018,-0.359021,-17.462673,-0.008713,14.508180,0.031615,-0.002303,-4.779859,-0.142453,4.781981,95|96|97|98|99|100,0.5631
6733.233684,-0.359023,-17.462675,-0.008712,14.508180,0.031615,-0.002303,-4.779858,-0.142453,4.781980,95|96|97|98|99|100,0.5648
6733.250351,-0.364674,-17.474461,-0.008773,14.515064,0.031397,-0.002260,-4.780337,-0.145309,4.782545,95|96|97|98|99|100,0.5654
6733.267018,-0.364674,-17.474461,-0.008773,14.529016,0.031875,-0.002978,-4.794290,-0.145787,4.796506,95|96|97|98|99|100,0.5660
6733.283685,-0.367594,-17.479940,-0.008784,14.536152,0.031938,-0.003022,-4.798448,-0.147438,4.800712,95|96|97|98|99|100,0.5652
6733.300351,-0.358310,-17.503072,-0.009403,14.536152,0.031938,-0.003022,-4.785874,-0.142398,4.787992,95|96|97|98|99|100,0.5641
6733.317018,-0.358310,-17.503072,-0.009403,14.550497,0.031534,-0.002977,-4.800220,-0.141994,4.802319,95|96|97|98|99|100,0.5647
6733.333685,-0.360572,-17.521723,-0.009994,14.557628,0.031483,-0.002903,-4.797215,-0.143177,4.799351,95|96|97|98|99|100,0.5650
6733.350351,-0.360572,-17.521722,-0.009998,14.564710,0.031596,-0.002861,-4.804297,-0.143290,4.806434,95|96|97|98|99|100,0.5647
6733.383685,-0.363124,-17.531948,-0.009882,14.571712,0.031644,-0.002878,-4.805742,-0.144727,4.807921,95|96|97|98|99|100,0.5622
6733.400351,-0.361426,-17.546586,-0.009722,14.586006,0.031300,-0.002933,-4.812080,-0.143463,4.814218,95|96|97|98|99|100,0.5624
6733.417018,-0.360477,-17.554377,-0.009862,14.592798,0.031278,-0.003009,-4.814638,-0.142927,4.816759,95|96|97|98|99|100,0.5637
6733.433685,-0.365039,-17.573845,-0.009610,14.599594,0.031240,-0.002963,-4.810854,-0.145372,4.813050,95|96|97|98|99|100,0.5631
6733.450351,-0.365346,-17.581510,-0.009858,14.599594,0.031240,-0.002963,-4.806689,-0.145541,4.808891,95|96|97|98|99|100,0.5626
6733.467018,-0.365347,-17.581510,-0.009857,14.613796,0.031722,-0.003234,-4.820891,-0.146024,4.823102,95|96|97|98|99|100,0.5617
6733.483685,-0.365611,-17.589085,-0.009957,14.620863,0.031583,-0.003390,-4.823841,-0.146030,4.826051,95|96|97|98|99|100,0.5614
6733.500351,-0.358129,-17.608970,-0.010409,14.628009,0.031426,-0.003417,-4.820179,-0.141811,4.822265,95|96|97|98|99|100,0.5628
6733.517018,-0.358130,-17.608971,-0.010408,14.628009,0.031426,-0.003417,-4.820178,-0.141812,4.822264,95|96|97|98|99|100,0.5625
6733.533685,-0.360188,-17.618582,-0.010967,14.642097,0.031485,-0.003461,-4.829043,-0.142991,4.831160,95|96|97|98|99|100,0.5616
6733.550351,-0.361177,-17.632927,-0.010999,14.642097,0.031485,-0.003461,-4.821247,-0.143532,4.823383,95|96|97|98|99|100,0.5629
6733.567018,-0.360420,-17.637607,-0.011249,14.649374,0.031340,-0.003284,-4.825980,-0.142977,4.828097,95|96|97|98|99|100,0.5632
6733.583685,-0.360419,-17.637608,-0.011247,14.663877,0.030911,-0.003282,-4.840483,-0.142547,4.842581,95|96|97|98|99|100,0.5622
6733.600351,-0.362697,-17.651963,-0.010684,14.670669,0.030995,-0.003334,-4.839474,-0.143873,4.841612,95|96|97|98|99|100|101,0.5568
6733.617018,-0.367767,-17.674396,-0.009732,14.670669,0.030995,-0.003334,-4.827283,-0.146633,4.829510,96|97|98|99|100|101,0.5635
6733.633685,-0.366336,-17.681296,-0.009599,14.677400,0.030983,-0.003396,-4.830264,-0.145844,4.832465,96|97|98|99|100|101,0.5636
6733.650351,-0.366336,-17.681297,-0.009599,14.691366,0.031572,-0.003556,-4.844229,-0.146433,4.846442,96|97|98|99|100|101,0.5626
6733.667018,-0.365615,-17.696550,-0.009989,14.691366,0.031572,-0.003556,-4.835939,-0.146045,4.838144,96|97|98|99|100|101,0.5621
6733.683685,-0.357431,-17.710315,-0.010008,14.698030,0.031523,-0.003574,-4.835121,-0.141552,4.837192,96|97|98|99|100|101,0.5619
6733.700351,-0.357570,-17.714719,-0.009963,14.704910,0.031188,-0.003663,-4.839607,-0.141292,4.841669,96|97|98|99|100|101,0.5628
6733.717018,-0.357571,-17.714720,-0.009962,14.719270,0.030671,-0.003778,-4.853967,-0.140776,4.856008,96|97|98|99|100|101,0.5627
6733.733685,-0.367332,-17.733806,-0.009301,14.719270,0.030671,-0.003778,-4.843596,-0.146085,4.845798,96|97|98|99|100|101,0.5620
6733.750351,-0.369407,-17.741683,-0.009164,14.733529,0.029806,-0.003837,-4.853575,-0.146350,4.855781,96|97|98|99|100|101,0.5610
6733.800351,-0.369408,-17.741685,-0.009163,14.753705,0.029818,-0.003921,-4.873750,-0.146363,4.875947,96|97|98|99|100|101,0.5642
6733.817018,-0.379952,-17.770488,-0.010301,14.753705,0.029818,-0.003921,-4.858098,-0.152099,4.860479,96|97|98|99|100|101,0.5638
6733.850351,-0.378651,-17.782072,-0.010551,14.775655,0.030154,-0.004191,-4.873752,-0.151731,4.876113,96|97|98|99|100|101,0.5638
6733.867018,-0.374673,-17.802026,-0.010811,14.782884,0.030126,-0.004229,-4.870136,-0.149545,4.872431,96|97|98|99|100|101,0.5638
6733.883685,-0.374718,-17.812312,-0.011018,14.782884,0.030126,-0.004229,-4.864545,-0.149572,4.866844,96|97|98|99|100|101,0.5641
6733.900351,-0.374827,-17.822485,-0.011569,14.790029,0.030234,-0.004215,-4.866161,-0.149741,4.868465,96|97|98|99|100|101,0.5647
6733.917018,-0.374827,-17.822485,-0.011569,14.804321,0.029760,-0.004242,-4.880453,-0.149268,4.882735,96|97|98|99|100|101,0.5644
6733.950351,-0.373057,-17.830476,-0.011934,14.818883,0.029999,-0.004222,-4.890673,-0.148546,4.892928,96|97|98|99|100|101,0.5628
6733.983685,-0.379130,-17.847376,-0.011706,14.825935,0.030497,-0.004146,-4.888541,-0.152349,4.890914,96|97|98|99|100|101,0.5625
6734.000351,-0.367874,-17.873503,-0.011049,14.833017,0.030991,-0.004132,-4.881421,-0.146731,4.883625,96|97|98|99|100|101,0.5640
6734.017018,-0.360497,-17.878139,-0.011104,14.840093,0.031490,-0.004138,-4.885976,-0.143222,4.888074,96|97|98|99|100|101,0.5641
6734.033685,-0.353004,-17.882984,-0.011283,14.855234,0.030549,-0.004053,-4.898481,-0.138209,4.900430,96|97|98|99|100|101,0.5635
6734.050351,-0.359526,-17.899098,-0.010894,14.855234,0.030549,-0.004053,-4.889725,-0.141757,4.891779,96|97|98|99|100|101,0.5641
6734.067018,-0.365793,-17.913245,-0.010608,14.862421,0.030852,-0.003915,-4.889225,-0.145470,4.891388,96|97|98|99|100|101,0.5646
6734.083685,-0.365792,-17.913245,-0.010608,14.876907,0.031373,-0.003936,-4.903711,-0.145990,4.905884,96|97|98|99|100|101,0.5650
6734.100351,-0.357475,-17.930984,-0.010950,14.883804,0.030781,-0.003898,-4.900966,-0.140882,4.902990,96|97|98|99|100|101|102|103,0.5647
6734.117018,-0.353192,-17.940138,-0.011584,14.883804,0.030781,-0.003898,-4.895990,-0.138556,4.897950,96|97|98|99|100|101|102|103,0.5535
6734.150351,-0.365218,-17.961205,-0.012202,14.898771,0.030474,-0.003873,-4.899509,-0.144790,4.901648,98|99|100|101|102|103,0.5618
6734.183685,-0.365219,-17.961207,-0.012206,14.920078,0.031217,-0.003735,-4.920816,-0.145533,4.922967,98|99|100|101|102|103,0.5644
6734.200351,-0.360099,-17.977599,-0.012007,14.920078,0.031217,-0.003735,-4.911906,-0.142754,4.913980,98|99|100|101|102|103,0.5635
6734.217018,-0.357046,-17.985914,-0.011721,14.934253,0.031247,-0.003753,-4.921562,-0.141126,4.923585,98|99|100|101|102|103,0.5612
6734.250351,-0.353445,-17.995001,-0.011716,14.948593,0.031028,-0.003847,-4.930962,-0.138953,4.932919,98|99|100|101|102|103,0.5639
6734.267018,-0.352294,-18.011788,-0.011749,14.955799,0.030891,-0.003850,-4.929044,-0.138194,4.930981,98|99|100|101|102|103,0.5642
6734.283685,-0.354941,-18.032719,-0.011545,14.955799,0.030891,-0.003850,-4.917669,-0.139637,4.919651,98|99|100|101|102|103,0.5625
6734.300351,-0.356525,-18.043128,-0.011687,14.969503,0.030049,-0.003709,-4.925717,-0.139658,4.927696,98|99|100|101|102|103,0.5599
6734.317018,-0.364995,-18.045171,-0.011522,14.969503,0.030049,-0.003709,-4.924608,-0.144262,4.926720,98|99|100|101|102|103,0.5620
6734.350351,-0.371620,-18.063322,-0.010835,14.983800,0.029733,-0.003623,-4.929042,-0.147551,4.931250,98|99|100|101|102|103,0.5622
6734.367018,-0.371622,-18.063324,-0.010836,14.990631,0.029728,-0.003472,-4.935871,-0.147547,4.938076,98|99|100|101|102|103,0.5630
6734.383685,-0.372330,-18.069598,-0.011256,15.004703,0.029969,-0.003711,-4.946534,-0.148174,4.948753,98|99|100|101|102|103,0.5623
6734.417018,-0.367812,-18.098771,-0.010968,15.018724,0.029939,-0.003595,-4.944699,-0.145695,4.946845,98|99|100|101|102|103,0.5619
6734.433685,-0.367811,-18.098770,-0.010966,15.025731,0.029923,-0.003603,-4.951707,-0.145678,4.953850,98|99|100|101|102|103,0.5622
6734.467018,-0.368082,-18.128376,-0.011493,15.032686,0.030147,-0.003570,-4.942571,-0.146056,4.944729,98|99|100|101|102|103,0.5608
6734.483685,-0.368082,-18.128376,-0.011492,15.046998,0.029192,-0.003579,-4.956884,-0.145101,4.959007,98|99|100|101|102|103,0.5602
6734.500351,-0.370082,-18.141396,-0.011772,15.054082,0.029391,-0.003649,-4.956893,-0.146390,4.959054,98|99|100|101|102|103,0.5596
6734.533685,-0.370080,-18.141394,-0.011769,15.060968,0.029453,-0.003729,-4.963779,-0.146451,4.965939,98|99|100|101|102|103,0.5614
6734.550351,-0.373075,-18.168250,-0.012154,15.067741,0.029507,-0.003714,-4.955957,-0.148139,4.958170,98|99|100|101|102|103,0.5630
6734.567018,-0.373077,-18.168252,-0.012158,15.081951,0.029745,-0.003702,-4.970166,-0.148377,4.972380,98|99|100|101|102|103,0.5626
6734.583685,-0.370837,-18.182529,-0.011256,15.089084,0.029720,-0.003702,-4.969539,-0.147139,4.971717,98|99|100|101|102|103,0.5622
6734.600351,-0.370835,-18.182527,-0.011251,15.096143,0.029671,-0.003775,-4.976600,-0.147089,4.978773,98|99|100|101|102|103,0.5630
6734.617018,-0.368331,-18.205496,-0.011323,15.096143,0.029671,-0.003775,-4.964116,-0.145733,4.966255,98|99|100|101|102|103|104,0.5636
6734.633685,-0.368959,-18.215225,-0.010737,15.103168,0.029795,-0.003800,-4.965854,-0.146200,4.968005,98|99|100|101|102|103|104,0.5590
6734.650351,-0.369205,-18.216132,-0.010882,15.117170,0.029661,-0.003807,-4.979362,-0.146200,4.981508,99|100|101|102|103|104,0.5620
6734.667018,-0.367046,-18.223234,-0.011237,15.124465,0.028970,-0.003810,-4.982798,-0.144338,4.984888,99|100|101|102|103|104,0.5620
6734.683685,-0.369067,-18.238932,-0.011194,15.124465,0.028970,-0.003810,-4.974266,-0.145439,4.976392,99|100|101|102|103|104,0.5623
6734.700351,-0.378371,-18.251931,-0.011338,15.138662,0.029167,-0.003668,-4.981400,-0.150695,4.983679,99|100|101|102|103|104,0.5630
6734.717018,-0.378373,-18.251934,-0.011340,15.145519,0.029254,-0.003708,-4.988256,-0.150784,4.990534,99|100|101|102|103|104,0.5643
6734.733685,-0.374638,-18.268726,-0.011804,15.145519,0.029254,-0.003708,-4.979129,-0.148758,4.981350,99|100|101|102|103|104,0.5640
6734.750351,-0.374641,-18.268728,-0.011805,15.152364,0.029330,-0.003777,-4.985973,-0.148834,4.988194,99|100|101|102|103|104,0.5642
6734.767018,-0.372008,-18.284018,-0.012058,15.159370,0.029732,-0.003827,-4.984669,-0.147809,4.986860,99|100|101|102|103|104,0.5627
6734.783685,-0.372007,-18.284016,-0.012057,15.166183,0.029713,-0.003830,-4.991482,-0.147790,4.993670,99|100|101|102|103|104,0.5619
6734.800351,-0.366193,-18.301262,-0.011792,15.180291,0.029206,-0.003915,-4.996217,-0.144126,4.998295,99|100|101|102|103|104,0.5633
6734.833685,-0.366191,-18.301263,-0.011794,15.187566,0.028994,-0.003915,-5.003491,-0.143914,5.005560,99|100|101|102|103|104,0.5630
6734.850351,-0.375839,-18.330338,-0.012655,15.194516,0.028393,-0.003942,-4.994642,-0.148562,4.996851,99|100|101|102|103|104,0.5617
6734.883685,-0.391546,-18.347483,-0.012324,15.208696,0.027992,-0.003870,-4.999507,-0.156702,5.001962,99|100|101|102|103|104,0.5612
6734.900351,-0.391549,-18.347483,-0.012323,15.222192,0.028092,-0.003887,-5.013003,-0.156804,5.015455,99|100|101|102|103|104,0.5619
6734.917018,-0.387912,-18.358720,-0.011979,15.222192,0.028092,-0.003887,-5.006895,-0.154829,5.009289,99|100|101|102|103|104,0.5629
6734.933685,-0.387913,-18.358722,-0.011982,15.236793,0.028226,-0.003772,-5.021495,-0.154964,5.023885,99|100|101|102|103|104,0.5633
6734.950351,-0.386881,-18.369012,-0.012307,15.244594,0.027905,-0.003845,-5.023703,-0.154084,5.026066,99|100|101|102|103|104,0.5632
6734.983685,-0.389709,-18.405181,-0.012093,15.258680,0.028503,-0.003883,-5.018132,-0.156228,5.020564,99|100|101|102|103|104,0.5635
6735.000351,-0.389709,-18.405183,-0.012091,15.265817,0.028665,-0.003883,-5.025269,-0.156389,5.027702,99|100|101|102|103|104,0.5636
6735.017018,-0.380304,-18.418968,-0.011778,15.265817,0.028665,-0.003883,-5.017775,-0.151281,5.020055,99|100|101|102|103|104,0.5627
6735.050351,-0.380301,-18.418969,-0.011775,15.287711,0.027884,-0.003899,-5.039669,-0.150498,5.041916,99|100|101|102|103|104,0.5620
6735.083685,-0.388649,-18.434965,-0.011446,15.301248,0.029257,-0.003909,-5.044514,-0.156412,5.046938,99|100|101|102|103|104,0.5632
6735.100351,-0.387310,-18.460722,-0.011559,15.308076,0.029826,-0.003943,-5.037343,-0.156259,5.039766,99|100|101|102|103|104,0.5632
6735.117018,-0.367656,-18.467470,-0.012064,15.308076,0.029826,-0.003943,-5.033671,-0.145579,5.035776,99|100|101|102|103|104,0.5634
6735.133685,-0.359664,-18.473908,-0.012780,15.322946,0.028659,-0.003974,-5.045041,-0.140070,5.046985,99|100|101|102|103|104|105|106,0.5528
6735.150351,-0.364818,-18.488165,-0.012767,15.330228,0.028897,-0.003617,-5.044576,-0.143112,5.046605,99|100|101|102|103|104|105|106,0.5568
6735.167018,-0.365387,-18.488484,-0.013745,15.330228,0.028897,-0.003617,-5.044402,-0.143421,5.046441,100|101|102|103|104|105|106,0.5552
6735.217018,-0.375957,-18.499632,-0.014096,15.351569,0.029126,-0.003611,-5.059687,-0.149397,5.061892,101|102|103|104|105|106,0.5631
6735.233685,-0.359656,-18.529873,-0.014788,15.359031,0.028447,-0.003661,-5.050710,-0.139865,5.052646,101|102|103|104|105|106,0.5631
6735.250351,-0.376016,-18.548640,-0.014395,15.366473,0.028484,-0.003304,-5.047956,-0.148798,5.050149,101|102|103|104|105|106,0.5628
6735.267018,-0.376013,-18.548640,-0.014397,15.380588,0.029164,-0.003197,-5.062071,-0.149477,5.064277,101|102|103|104|105|106,0.5648
6735.300351,-0.363736,-18.573792,-0.013025,15.387588,0.029504,-0.003210,-5.055399,-0.143150,5.057425,101|102|103|104|105|106,0.5645
6735.317018,-0.358834,-18.583337,-0.012854,15.401681,0.029288,-0.003219,-5.064304,-0.140271,5.066246,101|102|103|104|105|106,0.5630
6735.333685,-0.358834,-18.583338,-0.012854,15.408950,0.029302,-0.003221,-5.071572,-0.140285,5.073512,101|102|103|104|105|106,0.5633
6735.350351,-0.361891,-18.588398,-0.013088,15.415944,0.029260,-0.003306,-5.075817,-0.141906,5.077800,101|102|103|104|105|106,0.5650
6735.367018,-0.361196,-18.598266,-0.013064,15.423080,0.029219,-0.003323,-5.077589,-0.141489,5.079560,101|102|103|104|105|106,0.5648
6735.383685,-0.360865,-18.608367,-0.012617,15.429641,0.028313,-0.003328,-5.078661,-0.140406,5.080601,101|102|103|104|105|106,0.5631
6735.400351,-0.361535,-18.629197,-0.013137,15.436786,0.028099,-0.003204,-5.074485,-0.140561,5.076431,101|102|103|104|105|106,0.5610
6735.417018,-0.361536,-18.629199,-0.013142,15.444038,0.027906,-0.003146,-5.081735,-0.140368,5.083674,101|102|103|104|105|106,0.5606
6735.450351,-0.379519,-18.650278,-0.013774,15.451188,0.027884,-0.003119,-5.077434,-0.150124,5.079653,101|102|103|104|105|106,0.5638
6735.467018,-0.379518,-18.650277,-0.013773,15.464875,0.027995,-0.002965,-5.091122,-0.150234,5.093338,101|102|103|104|105|106,0.5643
6735.483685,-0.379134,-18.663170,-0.013806,15.464875,0.027995,-0.002965,-5.084115,-0.150028,5.086328,101|102|103|104|105|106,0.5643
6735.500351,-0.379132,-18.663170,-0.013806,15.479051,0.028043,-0.002911,-5.098290,-0.150076,5.100498,101|102|103|104|105|106,0.5633
6735.533685,-0.378138,-18.669887,-0.013904,15.492854,0.028204,-0.002833,-5.108443,-0.149698,5.110636,101|102|103|104|105|106,0.5639
6735.550351,-0.375852,-18.704578,-0.013969,15.492854,0.028204,-0.002833,-5.089589,-0.148463,5.091754,101|102|103|104|105|106,0.5638
6735.567018,-0.375853,-18.704578,-0.013970,15.506616,0.028040,-0.002851,-5.103350,-0.148300,5.105504,101|102|103|104|105|106,0.5627
6735.583685,-0.370810,-18.722095,-0.013282,15.506616,0.028040,-0.002851,-5.093829,-0.145563,5.095908,101|102|103|104|105|106,0.5617
6735.617018,-0.386229,-18.738792,-0.012904,15.520927,0.027499,-0.002987,-5.099069,-0.153406,5.101376,101|102|103|104|105|106,0.5625
6735.633685,-0.383202,-18.747514,-0.013710,15.527867,0.027704,-0.003015,-5.101268,-0.151968,5.103532,101|102|103|104|105|106|107,0.5561
6735.650351,-0.383209,-18.747572,-0.013710,15.541698,0.028104,-0.003020,-5.115067,-0.152372,5.117336,101|102|103|104|105|106|107,0.5640
6735.667018,-0.377786,-18.764538,-0.013213,15.541698,0.028104,-0.003020,-5.105845,-0.149428,5.108032,102|103|104|105|106|107,0.5634
6735.683685,-0.377786,-18.764537,-0.013214,15.548757,0.027736,-0.003016,-5.112905,-0.149059,5.115077,102|103|104|105|106|107,0.5623
6735.700351,-0.379831,-18.781265,-0.013548,15.555898,0.027817,-0.003023,-5.110955,-0.150256,5.113163,102|103|104|105|106|107,0.5618
6735.717018,-0.378508,-18.791085,-0.013666,15.562957,0.027892,-0.003128,-5.112677,-0.149614,5.114866,102|103|104|105|106|107,0.5621
6735.733685,-0.377146,-18.801119,-0.014049,15.570005,0.028056,-0.003149,-5.114271,-0.149040,5.116442,102|103|104|105|106|107,0.5621
6735.767018,-0.370126,-18.815311,-0.014623,15.583978,0.028017,-0.003142,-5.120530,-0.145189,5.122588,102|103|104|105|106|107,0.5621
6735.783685,-0.375163,-18.824396,-0.014834,15.598350,0.027045,-0.003008,-5.129965,-0.146957,5.132070,102|103|104|105|106|107,0.5621
6735.800351,-0.375163,-18.824396,-0.014829,15.605359,0.027356,-0.002996,-5.136975,-0.147267,5.139085,102|103|104|105|106|107,0.5616
6735.817018,-0.388073,-18.846315,-0.014031,15.605359,0.027356,-0.002996,-5.125065,-0.154288,5.127387,102|103|104|105|106|107,0.5619
6735.850351,-0.388072,-18.846315,-0.014032,15.625938,0.027966,-0.003316,-5.145644,-0.154898,5.147974,102|103|104|105|106|107,0.5624
6735.867018,-0.380153,-18.862021,-0.013664,15.632829,0.027823,-0.003310,-5.143997,-0.150455,5.146197,102|103|104|105|106|107,0.5622
6735.883685,-0.376597,-18.870204,-0.014009,15.639768,0.027717,-0.003305,-5.146488,-0.148418,5.148627,102|103|104|105|106|107,0.5609
6735.917018,-0.378169,-18.895968,-0.013977,15.646808,0.027593,-0.003419,-5.139526,-0.149154,5.141690,102|103|104|105|106|107,0.5628
6735.933685,-0.378169,-18.895969,-0.013975,15.661014,0.026858,-0.003502,-5.153731,-0.148419,5.155868,102|103|104|105|106|107,0.5635
6735.950351,-0.379210,-18.905545,-0.014263,15.668052,0.025859,-0.003852,-5.155566,-0.147987,5.157689,102|103|104|105|106|107,0.5625
6735.967018,-0.389733,-18.920487,-0.014514,15.668052,0.025859,-0.003852,-5.147447,-0.153710,5.149741,102|103|104|105|106|107,0.5622
6735.983685,-0.389732,-18.920486,-0.014511,15.682048,0.026359,-0.003488,-5.161444,-0.154210,5.163747,102|103|104|105|106|107,0.5628
6736.000351,-0.402808,-18.930272,-0.015188,15.688890,0.026631,-0.003502,-5.162970,-0.161590,5.165498,102|103|104|105|106|107,0.5640
6736.017018,-0.394668,-18.946363,-0.014462,15.695735,0.026868,-0.003553,-5.161069,-0.157407,5.163468,102|103|104|105|106|107,0.5649
6736.033685,-0.390655,-18.953501,-0.014559,15.695735,0.026868,-0.003553,-5.157189,-0.155228,5.159524,102|103|104|105|106|107,0.5637
6736.050351,-0.386988,-18.960682,-0.014686,15.702914,0.026523,-0.003609,-5.160464,-0.152891,5.162728,102|103|104|105|106|107,0.5626
6736.067018,-0.386987,-18.960681,-0.014685,15.717605,0.026191,-0.003588,-5.175155,-0.152559,5.177403,102|103|104|105|106|107,0.5628
6736.117018,-0.389130,-19.003322,-0.013884,15.738774,0.026196,-0.003510,-5.173150,-0.153737,5.175434,102|103|104|105|106|107,0.5649
6736.133685,-0.385331,-19.011165,-0.013964,15.746102,0.025657,-0.003598,-5.176215,-0.151136,5.178421,102|103|104|105|106|107,0.5643
6736.150351,-0.385330,-19.011165,-0.013964,15.753579,0.025782,-0.003615,-5.183692,-0.151260,5.185898,102|103|104|105|106|107,0.5650
6736.167018,-0.395170,-19.019562,-0.013574,15.760304,0.026697,-0.003619,-5.185856,-0.157525,5.188248,102|103|104|105|106|107|108,0.5646
6736.183685,-0.401889,-19.032564,-0.014312,15.767099,0.027334,-0.003632,-5.185585,-0.161817,5.188109,102|103|104|105|106|107|108|109,0.5537
6736.200351,-0.386780,-19.048384,-0.014850,15.767099,0.027334,-0.003632,-5.176984,-0.153609,5.179262,104|105|106|107|108|109,0.5650
6736.217018,-0.386781,-19.048386,-0.014851,15.773902,0.027969,-0.003677,-5.183787,-0.154244,5.186081,104|105|106|107|108|109,0.5654
6736.233685,-0.377498,-19.053568,-0.014685,15.788436,0.026947,-0.003588,-5.195502,-0.148178,5.197615,104|105|106|107|108|109,0.5639
6736.250351,-0.371256,-19.073012,-0.014831,15.788436,0.026947,-0.003588,-5.184933,-0.144790,5.186955,104|105|106|107|108|109,0.5645
6736.267018,-0.382584,-19.082809,-0.014411,15.795562,0.026939,-0.003548,-5.186737,-0.150941,5.188933,104|105|106|107|108|109,0.5640
6736.300351,-0.376749,-19.101153,-0.014845,15.810081,0.027654,-0.003575,-5.191285,-0.148489,5.193408,104|105|106|107|108|109,0.5645
6736.317018,-0.371630,-19.110766,-0.015041,15.824285,0.026708,-0.003597,-5.200263,-0.144762,5.202278,104|105|106|107|108|109,0.5629
6736.333685,-0.371630,-19.110767,-0.015038,15.831826,0.026624,-0.003433,-5.207805,-0.144678,5.209814,104|105|106|107|108|109,0.5628
6736.350351,-0.372149,-19.117874,-0.015286,15.839000,0.026997,-0.003438,-5.211116,-0.145336,5.213142,104|105|106|107|108|109,0.5630
6736.383685,-0.384463,-19.129046,-0.015805,15.852971,0.027686,-0.003369,-5.219018,-0.152719,5.221252,104|105|106|107|108|109,0.5632
6736.400351,-0.378781,-19.149044,-0.015917,15.852971,0.027686,-0.003369,-5.208148,-0.149635,5.210298,104|105|106|107|108|109,0.5634
6736.417018,-0.368563,-19.166004,-0.014586,15.859840,0.027340,-0.003383,-5.205797,-0.143740,5.207781,104|105|106|107|108|109,0.5617
6736.433685,-0.368563,-19.166004,-0.014587,15.874307,0.027530,-0.003384,-5.220265,-0.143930,5.222248,104|105|106|107|108|109,0.5618
6736.450351,-0.371393,-19.181591,-0.015024,15.874307,0.027530,-0.003384,-5.211794,-0.145471,5.213823,104|105|106|107|108|109,0.5627
6736.467018,-0.370057,-19.191254,-0.014712,15.888621,0.027619,-0.003451,-5.220857,-0.144837,5.222865,104|105|106|107|108|109,0.5629
6736.500351,-0.370059,-19.191252,-0.014718,15.902682,0.026038,-0.003284,-5.234918,-0.143257,5.236878,104|105|106|107|108|109,0.5619
6736.517018,-0.368426,-19.211249,-0.014613,15.909837,0.026046,-0.003075,-5.231205,-0.142382,5.233142,104|105|106|107|108|109,0.5616
6736.533685,-0.391104,-19.228554,-0.014460,15.916816,0.026163,-0.003002,-5.228784,-0.154827,5.231076,104|105|106|107|108|109,0.5625
6736.550351,-0.389524,-19.235561,-0.014336,15.916816,0.026163,-0.003002,-5.224975,-0.153970,5.227243,104|105|106|107|108|109,0.5633
6736.567018,-0.389524,-19.235563,-0.014335,15.923614,0.026281,-0.002882,-5.231772,-0.154088,5.234041,104|105|106|107|108|109,0.5630
6736.583685,-0.386296,-19.248679,-0.013925,15.937451,0.026035,-0.002892,-5.238481,-0.152090,5.240688,104|105|106|107|108|109,0.5628
6736.600351,-0.384522,-19.256358,-0.014553,15.944482,0.026183,-0.002794,-5.241338,-0.151276,5.243520,104|105|106|107|108|109,0.5614
6736.617018,-0.384524,-19.256358,-0.014553,15.951508,0.026318,-0.002697,-5.248364,-0.151412,5.250548,104|105|106|107|108|109,0.5624
6736.650351,-0.389419,-19.268505,-0.014363,15.965564,0.026596,-0.002619,-5.255819,-0.154354,5.258085,104|105|106|107|108|109,0.5626
6736.667018,-0.383346,-19.298216,-0.014204,15.965564,0.026596,-0.002619,-5.239670,-0.151059,5.241847,104|105|106|107|108|109|110,0.5556
6736.683685,-0.380909,-19.306721,-0.014047,15.972438,0.026510,-0.002542,-5.241922,-0.149651,5.244057,104|105|106|107|108|109|110,0.5620
6736.700351,-0.380911,-19.306721,-0.014048,15.979541,0.025560,-0.002732,-5.249025,-0.148702,5.251130,104|105|106|107|108|109|110,0.5620
6736.717018,-0.395567,-19.321473,-0.015488,15.993216,0.025660,-0.002086,-5.254686,-0.156770,5.257024,105|106|107|108|109|110,0.5627
6736.733685,-0.393583,-19.330453,-0.015262,15.999980,0.025790,-0.002062,-5.256568,-0.155824,5.258877,105|106|107|108|109|110,0.5633
6736.750351,-0.392005,-19.337422,-0.015193,15.999980,0.025790,-0.002062,-5.252781,-0.154968,5.255066,105|106|107|108|109|110,0.5631
6736.767018,-0.390017,-19.344370,-0.015130,16.006837,0.025910,-0.002042,-5.255861,-0.154009,5.258117,105|106|107|108|109|110,0.5626
6736.783685,-0.390018,-19.344370,-0.015132,16.021747,0.025465,-0.002028,-5.270771,-0.153564,5.273008,105|106|107|108|109|110,0.5619
6736.800351,-0.388166,-19.351625,-0.014774,16.021747,0.025465,-0.002028,-5.266828,-0.152560,5.269037,105|106|107|108|109|110,0.5616
6736.817018,-0.394684,-19.381312,-0.014751,16.028993,0.025661,-0.002018,-5.257941,-0.156305,5.260264,105|106|107|108|109|110,0.5620
6736.850351,-0.383815,-19.393835,-0.015473,16.042556,0.026554,-0.002136,-5.264696,-0.151293,5.266869,105|106|107|108|109|110,0.5635
6736.883685,-0.380978,-19.407883,-0.015450,16.056289,0.025513,-0.002092,-5.270793,-0.148713,5.272890,105|106|107|108|109|110,0.5613
6736.900351,-0.394740,-19.416669,-0.015377,16.070632,0.025582,-0.002144,-5.280365,-0.156264,5.282676,105|106|107|108|109|110,0.5618
6736.917018,-0.394741,-19.416668,-0.015377,16.077626,0.025814,-0.002237,-5.287359,-0.156496,5.289675,105|106|107|108|109|110,0.5632
6736.967018,-0.386956,-19.453833,-0.015901,16.091592,0.026208,-0.002389,-5.281125,-0.152668,5.283331,105|106|107|108|109|110,0.5635
6736.983685,-0.384080,-19.462483,-0.016177,16.098470,0.026161,-0.002425,-5.283301,-0.151060,5.285460,105|106|107|108|109|110,0.5615
6737.000351,-0.384624,-19.470098,-0.015176,16.105435,0.026038,-0.002431,-5.286128,-0.151234,5.288291,105|106|107|108|109|110,0.5630
6737.017018,-0.386349,-19.479661,-0.015117,16.112397,0.025911,-0.002409,-5.287893,-0.152047,5.290078,105|106|107|108|109|110,0.5633
6737.033685,-0.388123,-19.489042,-0.014612,16.119586,0.025805,-0.002481,-5.289984,-0.152907,5.292193,105|106|107|108|109|110,0.5634
6737.050351,-0.388123,-19.489042,-0.014615,16.133670,0.024292,-0.002730,-5.304067,-0.151393,5.306227,105|106|107|108|109|110,0.5632
6737.067018,-0.394662,-19.504991,-0.014262,16.133670,0.024292,-0.002730,-5.295401,-0.154950,5.297668,105|106|107|108|109|110,0.5634
6737.083685,-0.394660,-19.504994,-0.014263,16.147782,0.024753,-0.002689,-5.309512,-0.155411,5.311786,105|106|107|108|109|110,0.5630
6737.100351,-0.410589,-19.512473,-0.014487,16.154509,0.025007,-0.002614,-5.312178,-0.164324,5.314719,105|106|107|108|109|110,0.5636
6737.117018,-0.403610,-19.530363,-0.014826,16.161248,0.025235,-0.002629,-5.309192,-0.160763,5.311626,105|106|107|108|109|110,0.5642
6737.133685,-0.403610,-19.530364,-0.014827,16.168246,0.025097,-0.002647,-5.316190,-0.160624,5.318616,105|106|107|108|109|110,0.5637
6737.150351,-0.396276,-19.545697,-0.015080,16.168246,0.025097,-0.002647,-5.307855,-0.156642,5.310166,105|106|107|108|109|110,0.5625
6737.167018,-0.396276,-19.545696,-0.015079,16.182902,0.024615,-0.002678,-5.322512,-0.156161,5.324802,105|106|107|108|109|110,0.5619
6737.183685,-0.395175,-17.472067,-0.013310,16.189980,0.024968,-0.002676,-6.456562,-0.155457,6.458433,11|105|106|107|108|109|110|112,0.5492
6737.200351,-0.390470,-17.284660,-0.012816,16.197121,0.025214,-0.002678,-6.565553,-0.153104,6.567338,11|105|106|107|108|109|110|112,0.5645
6737.217018,-0.390481,-17.286482,-0.012817,16.204165,0.024790,-0.002632,-6.571607,-0.152687,6.573381,11|105|106|107|108|109|110|112,0.5632
6737.233685,-0.381517,-17.276256,-0.012455,16.204165,0.024790,-0.002632,-6.577162,-0.147813,6.578823,11|105|106|107|108|109|110|112,0.5539
6737.250351,-0.382837,-16.553268,-0.012034,16.211432,0.024119,-0.002769,-6.977358,-0.147699,6.978921,11|107|108|109|110|112,0.5634
6737.267018,-0.382848,-16.555466,-0.012037,16.225619,0.025006,-0.002750,-6.990351,-0.148593,6.991930,11|107|108|109|110|112,0.5626
6737.283685,-0.391530,-16.574998,-0.012356,16.232362,0.025561,-0.002754,-6.986480,-0.153871,6.988174,11|107|108|109|110|112,0.5643
6737.300351,-0.378373,-16.589108,-0.012137,16.232362,0.025561,-0.002754,-6.978808,-0.146724,6.980351,11|107|108|109|110|112,0.5661
6737.317018,-0.370314,-16.586630,-0.012017,16.239106,0.026111,-0.002779,-6.986898,-0.142893,6.988359,11|107|108|109|110|112,0.5668
6737.350351,-0.361028,-16.598941,-0.012426,16.260571,0.025363,-0.002750,-7.001670,-0.137101,7.003012,11|107|108|109|110|112,0.5645
6737.367018,-0.370434,-16.621157,-0.012657,16.260571,0.025363,-0.002750,-6.989598,-0.142218,6.991045,11|107|108|109|110|112,0.5638
6737.383685,-0.370507,-16.632710,-0.012666,16.267848,0.025680,-0.002747,-6.990596,-0.142576,6.992050,11|107|108|109|110|112,0.5649
6737.400351,-0.367607,-16.647105,-0.012227,16.282290,0.026217,-0.002766,-6.997215,-0.141541,6.998646,11|107|108|109|110|112,0.5656
6737.417018,-0.367619,-16.648986,-0.012230,16.289201,0.025353,-0.002754,-7.003103,-0.140684,7.004515,11|107|108|109|110|112,0.5646
6737.433685,-0.359824,-16.669931,-0.011639,16.289201,0.025353,-0.002754,-6.991718,-0.136452,6.993049,11|107|108|109|110|112,0.5636
6737.450351,-0.371999,-16.682381,-0.011554,16.303956,0.025474,-0.003019,-6.999709,-0.143193,7.001174,11|107|108|109|110|112,0.5638
6737.467018,-0.372017,-16.684746,-0.011557,16.303956,0.025474,-0.003019,-6.998424,-0.143203,6.999889,11|107|108|109|110|112,0.5644
6737.483685,-0.368944,-16.687817,-0.011982,16.318131,0.026046,-0.002991,-7.010930,-0.142105,7.012370,11|107|108|109|110|112,0.5649
6737.517018,-0.360178,-16.690006,-0.012084,16.324956,0.025957,-0.002989,-7.016563,-0.137253,7.017905,11|107|108|109|110|112,0.5633
6737.533685,-0.360149,-16.685364,-0.012081,16.332114,0.026013,-0.003034,-7.026244,-0.137292,7.027585,11|107|108|109|110|112,0.5628
6737.550351,-0.360396,-16.711269,-0.011999,16.339368,0.026065,-0.003048,-7.019419,-0.137484,7.020765,11|107|108|109|110|112,0.5638
6737.567018,-0.359744,-16.731836,-0.012347,16.346623,0.026100,-0.003051,-7.015497,-0.137169,7.016837,11|107|108|109|110|112,0.5644
6737.583685,-0.359782,-16.737736,-0.012349,16.353679,0.026085,-0.003139,-7.019345,-0.137176,7.020685,11|107|108|109|110|112,0.5641
6737.600351,-0.359036,-16.745843,-0.012974,16.367570,0.024941,-0.003172,-7.028830,-0.135629,7.030139,11|107|108|109|110|112,0.5629
6737.617018,-0.363792,-16.751420,-0.012323,16.374804,0.024769,-0.003084,-7.033035,-0.138042,7.034389,11|107|108|109|110|112,0.5628
6737.633685,-0.374738,-16.756498,-0.012007,16.382027,0.024727,-0.003044,-7.037501,-0.143951,7.038973,11|107|108|109|110|112,0.5626
6737.650351,-0.374751,-16.758428,-0.012007,16.389182,0.024721,-0.003001,-7.043606,-0.143951,7.045077,11|107|108|109|110|112,0.5635
6737.683685,-0.377599,-16.779131,-0.012342,16.403096,0.024679,-0.003000,-7.046269,-0.145462,7.047771,11|107|108|109|110|112,0.5624
6737.700351,-0.376756,-16.783309,-0.012980,16.410723,0.024566,-0.003007,-7.051626,-0.144892,7.053114,11|107|108|109|110|112,0.5615
6737.717018,-0.380773,-17.212047,-0.012259,16.418320,0.024479,-0.002986,-6.826214,-0.147083,6.827798,11|107|108|109|110|112|113,0.5562
6737.733685,-0.382426,-17.247100,-0.012219,16.418320,0.024479,-0.002986,-6.807163,-0.147989,6.808772,11|107|108|109|110|112|113,0.5613
6737.750351,-0.380542,-16.839448,-0.011648,16.425780,0.024540,-0.002964,-7.036173,-0.146936,7.037707,11|108|109|110|112|113,0.5640
6737.767018,-0.379038,-16.843775,-0.011816,16.432648,0.024950,-0.003017,-7.040690,-0.146530,7.042214,11|108|109|110|112|113,0.5626
6737.783685,-0.372826,-16.848654,-0.011975,16.446238,0.024144,-0.003351,-7.051626,-0.142349,7.053063,11|108|109|110|112|113,0.5617
6737.800351,-0.368650,-16.858485,-0.011868,16.446238,0.024144,-0.003351,-7.046282,-0.140082,7.047674,11|108|109|110|112|113,0.5613
6737.817018,-0.368655,-16.858879,-0.011858,16.460828,0.024416,-0.003454,-7.060658,-0.140356,7.062052,11|108|109|110|112|113,0.5608
6737.833685,-0.381399,-16.874653,-0.012500,16.460828,0.024416,-0.003454,-7.052088,-0.147286,7.053625,11|108|109|110|112|113,0.5617
6737.850351,-0.381516,-16.892578,-0.012504,16.474837,0.024763,-0.003543,-7.056355,-0.147700,7.057901,11|108|109|110|112|113,0.5627
6737.867018,-0.379080,-16.911065,-0.012462,16.481665,0.024580,-0.003610,-7.053135,-0.146197,7.054650,11|108|109|110|112|113,0.5633
6737.883685,-0.373927,-16.921840,-0.012002,16.481665,0.024580,-0.003610,-7.047278,-0.143399,7.048737,11|108|109|110|112|113,0.5628
6737.900351,-0.376639,-16.924094,-0.011503,16.489032,0.024288,-0.003622,-7.053420,-0.144582,7.054902,11|108|109|110|112|113,0.5622
6737.917018,-0.376643,-16.925177,-0.011506,16.496392,0.024241,-0.003488,-7.060192,-0.144537,7.061671,11|108|109|110|112|113,0.5620
6737.950351,-0.374458,-16.957779,-0.012057,16.509927,0.024814,-0.003535,-7.056008,-0.143930,7.057476,11|108|109|110|112|113,0.5622
6737.967018,-0.374439,-16.954660,-0.012055,16.516843,0.024977,-0.003583,-7.064619,-0.144082,7.066088,11|108|109|110|112|113,0.5628
6737.983685,-0.371742,-16.955442,-0.012692,16.523940,0.024122,-0.003616,-7.071290,-0.141761,7.072711,11|108|109|110|112|113,0.5621
6738.000351,-0.369125,-16.961655,-0.012824,16.538199,0.024038,-0.003630,-7.082172,-0.140257,7.083561,11|108|109|110|112|113,0.5626
6738.017018,-0.384235,-16.980097,-0.012642,16.538199,0.024038,-0.003630,-7.072153,-0.148473,7.073712,11|108|109|110|112|113,0.5627
6738.033685,-0.384233,-16.979811,-0.012641,16.552123,0.024224,-0.003709,-7.086232,-0.148657,7.087791,11|108|109|110|112|113,0.5636
6738.050351,-0.381964,-16.989631,-0.012586,16.559077,0.024299,-0.003774,-7.087849,-0.147501,7.089383,11|108|109|110|112|113,0.5628
6738.067018,-0.380369,-16.997109,-0.012359,16.559077,0.024299,-0.003774,-7.083784,-0.146636,7.085302,11|108|109|110|112|113,0.5629
6738.083685,-0.379021,-17.008446,-0.012336,16.572993,0.024533,-0.003819,-7.091539,-0.146140,7.093045,11|108|109|110|112|113,0.5619
6738.100351,-0.377950,-17.024271,-0.012038,16.579945,0.024307,-0.003810,-7.089890,-0.145336,7.091380,11|108|109|110|112|113,0.5624
6738.117018,-0.374124,-17.026617,-0.012520,16.587088,0.024104,-0.003882,-7.095758,-0.143053,7.097199,11|108|109|110|112|113,0.5625
6738.133685,-0.377216,-17.045521,-0.013450,16.594340,0.023900,-0.003869,-7.092736,-0.144534,7.094209,11|108|109|110|112|113,0.5641
6738.150351,-0.377189,-17.041577,-0.013451,16.601323,0.022875,-0.003862,-7.101862,-0.143494,7.103312,11|108|109|110|112|113,0.5630
6738.183685,-0.396218,-17.055946,-0.012757,16.608250,0.022835,-0.003864,-7.100985,-0.153799,7.102650,11|108|109|110|112|113,0.5616
6738.217018,-0.396234,-17.068304,-0.012932,16.628474,0.022879,-0.003868,-7.114492,-0.153854,7.116155,11|108|109|110|112|113,0.5643
6738.233685,-0.395922,-17.072379,-0.013049,16.628474,0.022879,-0.003868,-7.112277,-0.153686,7.113937,11|108|109|110|112|113,0.5649
6738.267018,-0.398756,-17.854336,-0.012600,16.643557,0.022982,-0.003849,-6.702384,-0.155501,6.704188,11|108|109|110|112|113|114|115,0.5640
6738.283685,-0.394567,-17.109859,-0.011521,16.650807,0.023067,-0.003854,-7.114240,-0.153145,7.115888,11|110|112|113|114|115,0.5626
6738.300351,-0.392753,-17.120360,-0.012360,16.664773,0.023396,-0.003916,-7.122499,-0.152490,7.124131,11|110|112|113|114|115,0.5633
6738.317018,-0.389777,-17.130747,-0.012170,16.671864,0.023306,-0.003878,-7.123945,-0.150786,7.125540,11|110|112|113|114|115,0.5642
6738.350351,-0.388730,-17.149831,-0.012339,16.679144,0.022436,-0.004061,-7.120853,-0.149351,7.122419,11|110|112|113|114|115,0.5650
6738.367018,-0.400040,-17.146927,-0.012021,16.686520,0.022449,-0.004012,-7.129809,-0.155509,7.131505,11|110|112|113|114|115,0.5635
6738.383685,-0.398679,-17.159296,-0.012571,16.693251,0.023202,-0.003991,-7.129818,-0.155526,7.131514,11|110|112|113|114|115,0.5646
6738.400351,-0.387820,-17.173796,-0.012127,16.700047,0.023641,-0.003974,-7.128731,-0.150067,7.130310,11|110|112|113|114|115,0.5643
6738.417018,-0.381395,-17.190788,-0.012623,16.713677,0.024376,-0.003905,-7.133125,-0.147313,7.134646,11|110|112|113|114|115,0.5652
6738.450351,-0.381360,-17.185549,-0.012622,16.728451,0.023685,-0.003881,-7.150746,-0.146603,7.152249,11|110|112|113|114|115,0.5639
6738.467018,-0.370693,-17.189562,-0.012020,16.728451,0.023685,-0.003881,-7.148563,-0.140806,7.149950,11|110|112|113|114|115,0.5628
6738.483685,-0.378479,-17.202148,-0.012202,16.742970,0.024148,-0.003694,-7.156243,-0.145503,7.157722,11|110|112|113|114|115,0.5640
6738.517018,-0.372233,-17.249206,-0.012274,16.750214,0.024367,-0.003688,-7.137911,-0.142338,7.139330,11|110|112|113|114|115,0.5641
6738.533685,-0.372183,-17.241617,-0.012273,16.764546,0.023511,-0.003613,-7.156367,-0.141454,7.157765,11|110|112|113|114|115,0.5629
6738.550351,-0.377329,-17.248733,-0.011504,16.764546,0.023511,-0.003613,-7.152501,-0.144252,7.153955,11|110|112|113|114|115,0.5634
6738.567018,-0.377293,-17.243359,-0.011505,16.779046,0.023865,-0.003553,-7.169921,-0.144585,7.171379,11|110|112|113|114|115,0.5646
6738.583685,-0.377126,-17.265364,-0.011244,16.785956,0.024027,-0.003484,-7.164872,-0.144661,7.166332,11|110|112|113|114|115,0.5653
6738.600351,-0.374744,-17.272561,-0.010982,16.785956,0.024027,-0.003484,-7.160960,-0.143368,7.162395,11|110|112|113|114|115,0.5655
6738.617018,-0.372412,-17.290842,-0.010882,16.792996,0.024169,-0.003398,-7.158064,-0.142247,7.159477,11|110|112|113|114|115,0.5638
6738.633685,-0.372430,-17.293697,-0.010880,16.806935,0.024331,-0.003374,-7.170452,-0.142419,7.171866,11|110|112|113|114|115,0.5617
6738.650351,-0.370284,-17.310073,-0.010462,16.806935,0.024331,-0.003374,-7.161551,-0.141256,7.162944,11|110|112|113|114|115,0.5622
6738.667018,-0.367541,-17.329427,-0.011511,16.814042,0.024276,-0.003384,-7.158139,-0.139715,7.159502,11|110|112|113|114|115,0.5628
6738.683685,-0.368123,-17.348429,-0.011072,16.828213,0.024086,-0.003454,-7.161983,-0.139845,7.163349,11|110|112|113|114|115,0.5625
6738.700351,-0.369090,-17.365125,-0.011340,16.828213,0.024086,-0.003454,-7.152910,-0.140374,7.154287,11|110|112|113|114|115,0.5626
6738.717018,-0.370244,-17.372146,-0.011566,16.842082,0.023135,-0.003233,-7.162962,-0.140053,7.164331,11|110|112|113|114|115,0.5614
6738.750351,-0.370173,-17.361545,-0.011563,16.849211,0.022981,-0.003168,-7.175854,-0.139857,7.177216,11|110|112|113|114|115,0.5622
6738.767018,-0.388029,-17.813510,-0.011874,16.856316,0.022840,-0.003125,-6.937329,-0.149520,6.938940,11|110|112|113|114|115|116,0.5623
6738.783685,-0.387959,-17.804906,-0.011844,16.870074,0.022926,-0.003348,-6.955763,-0.149566,6.957371,11|110|112|113|114|115|116,0.5611
6738.800351,-0.386516,-17.390658,-0.010426,16.877293,0.023078,-0.003402,-7.188117,-0.148843,7.189657,11|112|113|114|115|116,0.5639
6738.817018,-0.384076,-17.412218,-0.010364,16.877293,0.023078,-0.003402,-7.176399,-0.147522,7.177915,11|112|113|114|115|116,0.5628
6738.850351,-0.382064,-17.428414,-0.010051,16.898882,0.022973,-0.003301,-7.189185,-0.146326,7.190674,11|112|113|114|115|116,0.5627
6738.867018,-0.382308,-17.442535,-0.010135,16.898882,0.022973,-0.003301,-7.181511,-0.146462,7.183004,11|112|113|114|115|116,0.5622
6738.883685,-0.382606,-17.447818,-0.010098,16.906018,0.023061,-0.003288,-7.185775,-0.146714,7.187273,11|112|113|114|115|116,0.5613
6738.900351,-0.380989,-17.443007,-0.010446,16.912901,0.022710,-0.003258,-7.195273,-0.145483,7.196744,11|112|113|114|115|116,0.5604
6738.933685,-0.386647,-17.483081,-0.010765,16.926978,0.022550,-0.003271,-7.187571,-0.148406,7.189103,11|112|113|114|115|116,0.5634
6738.950351,-0.387169,-17.486443,-0.010709,16.933899,0.022502,-0.003340,-7.192666,-0.148643,7.194202,11|112|113|114|115|116,0.5648
6738.967018,-0.387150,-17.483737,-0.010707,16.947785,0.022486,-0.003189,-7.208022,-0.148616,7.209554,11|112|113|114|115|116,0.5658
6738.983685,-0.388593,-17.494898,-0.010858,16.947785,0.022486,-0.003189,-7.201957,-0.149403,7.203506,11|112|113|114|115|116,0.5659
6739.000351,-0.388643,-17.502209,-0.010858,16.962121,0.022927,-0.003163,-7.212319,-0.149872,7.213876,11|112|113|114|115|116,0.5641
6739.017018,-0.387627,-17.506220,-0.010295,16.969145,0.022844,-0.003213,-7.217164,-0.149238,7.218706,11|112|113|114|115|116,0.5639
6739.033685,-0.381339,-17.531356,-0.010337,16.969145,0.022844,-0.003213,-7.203502,-0.145826,7.204977,11|112|113|114|115|116,0.5643
6739.050351,-0.382143,-17.547140,-0.010657,16.976224,0.022899,-0.003281,-7.202001,-0.146321,7.203488,11|112|113|114|115|116,0.5646
6739.067018,-0.382080,-17.537851,-0.010655,16.990374,0.022647,-0.003235,-7.221200,-0.146033,7.222677,11|112|113|114|115|116,0.5650
6739.083685,-0.380580,-17.562454,-0.010634,16.997592,0.022403,-0.003264,-7.215046,-0.144980,7.216503,11|112|113|114|115|116,0.5643
6739.100351,-0.384852,-17.565051,-0.010295,17.004660,0.022385,-0.003260,-7.220705,-0.147284,7.222207,11|112|113|114|115|116,0.5628
6739.133685,-0.387998,-17.578378,-0.011092,17.018580,0.022285,-0.003344,-7.227382,-0.148897,7.228916,11|112|113|114|115|116,0.5642
6739.150351,-0.387942,-17.570155,-0.011090,17.018580,0.022285,-0.003344,-7.231851,-0.148865,7.233383,11|112|113|114|115|116,0.5633
6739.167018,-0.388063,-17.574775,-0.010597,17.032845,0.022806,-0.003511,-7.243605,-0.149452,7.245147,11|112|113|114|115|116,0.5635
6739.183685,-0.389313,-17.589186,-0.010599,17.032845,0.022806,-0.003511,-7.235774,-0.150134,7.237331,11|112|113|114|115|116,0.5628
6739.200351,-0.389347,-17.594040,-0.010599,17.046460,0.022354,-0.003543,-7.246750,-0.149702,7.248296,11|112|113|114|115|116,0.5626
6739.217018,-0.384328,-17.609586,-0.011136,17.053248,0.022159,-0.003533,-7.245088,-0.146783,7.246575,11|112|113|114|115|116,0.5626
6739.233685,-0.386550,-17.624622,-0.011036,17.060267,0.021967,-0.003577,-7.243936,-0.147801,7.245444,11|112|113|114|115|116,0.5623
6739.250351,-0.388996,-17.624952,-0.010947,17.060267,0.021967,-0.003577,-7.243757,-0.149131,7.245292,11|112|113|114|115|116,0.5623
6739.267018,-0.389090,-17.638841,-0.010952,17.074046,0.021324,-0.003565,-7.249987,-0.148543,7.251509,11|112|113|114|115|116,0.5621
6739.283685,-0.396848,-18.408756,-0.010584,17.080996,0.021212,-0.003583,-6.838508,-0.152817,6.840215,11|112|113|114|115|116|117|118,0.5609
6739.300351,-0.402243,-18.418479,-0.011545,17.087790,0.021107,-0.003587,-6.840018,-0.155646,6.841789,11|112|113|114|115|116|117|118,0.5642
6739.333685,-0.420006,-20.688991,-0.011906,17.101284,0.020949,-0.003488,-5.619543,-0.165644,5.621984,113|114|115|116|117|118,0.5672
6739.350351,-0.424633,-20.710141,-0.011291,17.101284,0.020949,-0.003488,-5.608049,-0.168163,5.610570,113|114|115|116|117|118,0.5673
6739.367018,-0.424633,-20.710141,-0.011292,17.116425,0.021608,-0.003504,-5.623190,-0.168822,5.625724,113|114|115|116|117|118,0.5665
6739.383685,-0.424710,-20.718367,-0.011549,17.123484,0.021530,-0.003549,-5.625779,-0.168787,5.628310,113|114|115|116|117|118,0.5644
6739.400351,-0.414786,-20.737751,-0.011259,17.130530,0.021518,-0.003546,-5.622287,-0.163387,5.624661,113|114|115|116|117|118,0.5655
6739.417018,-0.416183,-20.758016,-0.011068,17.137673,0.021453,-0.003548,-5.618417,-0.164086,5.620813,113|114|115|116|117|118,0.5665
6739.433685,-0.416003,-20.766915,-0.010932,17.137673,0.021453,-0.003548,-5.613581,-0.163990,5.615976,113|114|115|116|117|118,0.5658
6739.450351,-0.416003,-20.766913,-0.010933,17.151932,0.021351,-0.003509,-5.627841,-0.163888,5.630227,113|114|115|116|117|118,0.5646
6739.467018,-0.419048,-20.782794,-0.010928,17.159176,0.021508,-0.003476,-5.626455,-0.165703,5.628894,113|114|115|116|117|118,0.5642
6739.483685,-0.417469,-20.792488,-0.010574,17.159176,0.021508,-0.003476,-5.621186,-0.164847,5.623603,113|114|115|116|117|118,0.5652
6739.517018,-0.417468,-20.792489,-0.010578,17.180689,0.022322,-0.003513,-5.642699,-0.165660,5.645130,113|114|115|116|117|118,0.5667
6739.533685,-0.410933,-20.806668,-0.010744,17.187968,0.022268,-0.003237,-5.642270,-0.162058,5.644596,113|114|115|116|117|118,0.5657
6739.550351,-0.402939,-20.818284,-0.011228,17.187968,0.022268,-0.003237,-5.635955,-0.157716,5.638161,113|114|115|116|117|118,0.5651
6739.567018,-0.404060,-20.831263,-0.010679,17.202805,0.022408,-0.002565,-5.643739,-0.158468,5.645963,113|114|115|116|117|118,0.5633
6739.583685,-0.404061,-20.831262,-0.010680,17.202805,0.022408,-0.002565,-5.643739,-0.158469,5.645964,113|114|115|116|117|118,0.5646
6739.600351,-0.399989,-20.846413,-0.009812,17.217202,0.022388,-0.002567,-5.649900,-0.156238,5.652060,113|114|115|116|117|118,0.5650
6739.617018,-0.400318,-20.866014,-0.009223,17.217202,0.022388,-0.002567,-5.639248,-0.156422,5.641417,113|114|115|116|117|118,0.5643
6739.633685,-0.400319,-20.866013,-0.009223,17.231171,0.022330,-0.002505,-5.653218,-0.156364,5.655380,113|114|115|116|117|118,0.5634
6739.650352,-0.400829,-20.885172,-0.009225,17.231171,0.022330,-0.002505,-5.642806,-0.156645,5.644979,113|114|115|116|117|118,0.5627
6739.667018,-0.400401,-20.892275,-0.009464,17.245543,0.022251,-0.002293,-5.653317,-0.156336,5.655478,113|114|115|116|117|118,0.5639
6739.683685,-0.400086,-20.900370,-0.009238,17.245543,0.022251,-0.002293,-5.648917,-0.156166,5.651075,113|114|115|116|117|118,0.5649
6739.700352,-0.401889,-20.910043,-0.009770,17.252659,0.022125,-0.002354,-5.650777,-0.157023,5.652958,113|114|115|116|117|118,0.5637
6739.717018,-0.403835,-20.919857,-0.010312,17.267064,0.022527,-0.002041,-5.659848,-0.158484,5.662067,113|114|115|116|117|118,0.5624
6739.733685,-0.404928,-20.928948,-0.009700,17.267064,0.022527,-0.002041,-5.654907,-0.159080,5.657145,113|114|115|116|117|118,0.5609
6739.750352,-0.404929,-20.928949,-0.009700,17.281094,0.022255,-0.002010,-5.668938,-0.158809,5.671162,113|114|115|116|117|118,0.5606
6739.767018,-0.399395,-20.954634,-0.010748,17.281094,0.022255,-0.002010,-5.654977,-0.155807,5.657123,113|114|115|116|117|118|119,0.5579
6739.783685,-0.399386,-20.954651,-0.010772,17.295115,0.021874,-0.002056,-5.668989,-0.155421,5.671119,113|114|115|116|117|118|119,0.5613
6739.800352,-0.403822,-20.970736,-0.011139,17.301680,0.022392,-0.001974,-5.666813,-0.158353,5.669025,113|114|115|116|117|118|119,0.5597
6739.817018,-0.406778,-20.978955,-0.011459,17.308419,0.022227,-0.001763,-5.669086,-0.159797,5.671337,113|114|115|116|117|118|119,0.5544
6739.850352,-0.401736,-20.986755,-0.010811,17.315035,0.021861,-0.001759,-5.671462,-0.156692,5.673626,114|115|116|117|118|119,0.5621
6739.867018,-0.406869,-20.993620,-0.010736,17.328326,0.021088,-0.001727,-5.681022,-0.158711,5.683239,114|115|116|117|118|119,0.5627
6739.883685,-0.406870,-20.993620,-0.010735,17.335312,0.021140,-0.001933,-5.688009,-0.158763,5.690224,114|115|116|117|118|119,0.5633
6739.900352,-0.412233,-21.000359,-0.010816,17.335312,0.021140,-0.001933,-5.684347,-0.161679,5.686646,114|115|116|117|118|119,0.5624
6739.917018,-0.417571,-21.007626,-0.011037,17.342753,0.021750,-0.001849,-5.687840,-0.165192,5.690238,114|115|116|117|118|119,0.5609
6739.933685,-0.407023,-21.037226,-0.011934,17.349385,0.021710,-0.001780,-5.678382,-0.159425,5.680620,114|115|116|117|118|119,0.5596
6739.950352,-0.407192,-21.042836,-0.011836,17.356007,0.021699,-0.001694,-5.681956,-0.159508,5.684194,114|115|116|117|118|119,0.5597
6739.983685,-0.407192,-21.042837,-0.011834,17.376591,0.021106,-0.001328,-5.702540,-0.158915,5.704753,114|115|116|117|118|119,0.5607
6740.000352,-0.414967,-21.065538,-0.010101,17.376591,0.021106,-0.001328,-5.690203,-0.163145,5.692542,114|115|116|117|118|119,0.5611
6740.017018,-0.414776,-21.070220,-0.010192,17.390509,0.021708,-0.001183,-5.701577,-0.163645,5.703925,114|115|116|117|118|119,0.5619
6740.050352,-0.407082,-21.088500,-0.009995,17.404511,0.021047,-0.001176,-5.705643,-0.158806,5.707852,114|115|116|117|118|119,0.5647
6740.067018,-0.411575,-21.097889,-0.010021,17.411635,0.020792,-0.001118,-5.707665,-0.160994,5.709935,114|115|116|117|118|119,0.5648
6740.083685,-0.411574,-21.097888,-0.010021,17.411635,0.020792,-0.001118,-5.707665,-0.160994,5.709935,114|115|116|117|118|119,0.5641
6740.100352,-0.419786,-21.118328,-0.009623,17.425574,0.022042,-0.000653,-5.710497,-0.166712,5.712930,114|115|116|117|118|119,0.5627
6740.117018,-0.412106,-21.133051,-0.009201,17.432282,0.021768,-0.000436,-5.709202,-0.162267,5.711508,114|115|116|117|118|119,0.5629
6740.167018,-0.412103,-21.133056,-0.009201,17.453160,0.021065,-0.000669,-5.730077,-0.161562,5.732354,114|115|116|117|118|119,0.5653
6740.183685,-0.415312,-21.155034,-0.009257,17.460492,0.022128,-0.000518,-5.725465,-0.164375,5.727824,114|115|116|117|118|119,0.5651
6740.200352,-0.414695,-21.166731,-0.009647,17.460492,0.022128,-0.000518,-5.719108,-0.164042,5.721460,114|115|116|117|118|119,0.5630
6740.217018,-0.414696,-21.166730,-0.009644,17.467270,0.021804,-0.000488,-5.725887,-0.163718,5.728227,114|115|116|117|118|119,0.5628
6740.233685,-0.400200,-21.177537,-0.009465,17.481083,0.020984,-0.000470,-5.733824,-0.155022,5.735919,114|115|116|117|118|119,0.5654
6740.250352,-0.404768,-21.185641,-0.009344,17.487994,0.020553,-0.000447,-5.736330,-0.157076,5.738480,114|115|116|117|118|119,0.5650
6740.267018,-0.416390,-21.204633,-0.009482,17.487994,0.020553,-0.000447,-5.726011,-0.163397,5.728342,114|115|116|117|118|119,0.5638
6740.283685,-0.416390,-21.204635,-0.009484,17.502592,0.021422,-0.000207,-5.740609,-0.164266,5.742959,114|115|116|117|118|119,0.5632
6740.300352,-0.422589,-21.214171,-0.009280,17.509057,0.021823,-0.000189,-5.741892,-0.168038,5.744350,114|115|116|117|118|119,0.5631
6740.333685,-0.418705,-21.232920,-0.009122,17.522183,0.020868,0.000169,-5.744828,-0.164976,5.747196,115|116|117|118|119|120|121,0.5609
6740.350352,-0.404501,-21.241559,-0.008672,17.528994,0.020447,0.000216,-5.746941,-0.156837,5.749080,114|115|116|117|118|119|120|121,0.5519
6740.367018,-0.417813,-21.256497,-0.007932,17.535727,0.020915,-0.000178,-5.745558,-0.164543,5.747914,116|117|118|119|120|121,0.5614
6740.383685,-0.423820,-21.260386,-0.007591,17.542834,0.021149,-0.000207,-5.750552,-0.168043,5.753007,116|117|118|119|120|121,0.5619
6740.400352,-0.423820,-21.260384,-0.007588,17.550196,0.020976,-0.000242,-5.757916,-0.167870,5.760362,116|117|118|119|120|121,0.5619
6740.417018,-0.416214,-21.265718,-0.008122,17.557225,0.020588,-0.000225,-5.762044,-0.163350,5.764359,116|117|118|119|120|121,0.5626
6740.433685,-0.412911,-21.276682,-0.007962,17.564139,0.020186,-0.000120,-5.762999,-0.161154,5.765252,116|117|118|119|120|121,0.5652
6740.450352,-0.415435,-21.290279,-0.008064,17.564139,0.020186,-0.000120,-5.755610,-0.162529,5.757904,116|117|118|119|120|121,0.5929
6740.467018,-0.421101,-21.294721,-0.007985,17.578459,0.021439,-0.000193,-5.767517,-0.166863,5.769930,116|117|118|119|120|121,0.5635
6740.483685,-0.427313,-21.310153,-0.007879,17.585385,0.021254,-0.000160,-5.766057,-0.170058,5.768564,116|117|118|119|120|121,0.5632
6740.500352,-0.409765,-21.327872,-0.008242,17.585385,0.021254,-0.000160,-5.756423,-0.160525,5.758661,116|117|118|119|120|121,0.5639
6740.517018,-0.409766,-21.327874,-0.008244,17.599631,0.020223,-0.000181,-5.770668,-0.159493,5.772872,116|117|118|119|120|121,0.5638
6740.533685,-0.413502,-21.334559,-0.008146,17.607023,0.020047,-0.000196,-5.774429,-0.161350,5.776682,116|117|118|119|120|121,0.5638
6740.567018,-0.430527,-21.368615,-0.008431,17.614107,0.021076,0.000202,-5.763008,-0.171639,5.765563,116|117|118|119|120|121,0.5615
6740.583685,-0.430527,-21.368617,-0.008434,17.620762,0.021009,0.000240,-5.769662,-0.171571,5.772212,116|117|118|119|120|121,0.5636
6740.600352,-0.414711,-21.375271,-0.007618,17.627577,0.020675,0.000286,-5.772856,-0.162644,5.775147,116|117|118|119|120|121,0.5647
6740.617018,-0.415565,-21.376570,-0.007410,17.641152,0.019937,0.000196,-5.785725,-0.162370,5.788003,116|117|118|119|120|121,0.5665
6740.633685,-0.425461,-21.383854,-0.007610,17.648760,0.020702,-0.000037,-5.789377,-0.168515,5.791829,116|117|118|119|120|121,0.5674
6740.650352,-0.430726,-21.387591,-0.007764,17.648760,0.020702,-0.000037,-5.787347,-0.171377,5.789884,116|117|118|119|120|121,0.5667
6740.667018,-0.419404,-21.404186,-0.008195,17.656697,0.022160,0.000173,-5.786263,-0.166685,5.788663,116|117|118|119|120|121,0.5658
6740.683685,-0.397728,-21.421430,-0.008029,17.663867,0.022542,0.000222,-5.784056,-0.155291,5.786140,116|117|118|119|120|121,0.5639
6740.700352,-0.392948,-21.432833,-0.007964,17.670815,0.021991,0.000232,-5.784806,-0.152145,5.786806,116|117|118|119|120|121,0.5636
6740.717018,-0.392948,-21.432831,-0.007962,17.677790,0.021550,0.000196,-5.791782,-0.151704,5.793768,116|117|118|119|120|121,0.5644
6740.733685,-0.400646,-21.442250,-0.008039,17.684904,0.021162,0.000270,-5.793779,-0.155502,5.795865,116|117|118|119|120|121,0.5653
6740.750352,-0.407164,-21.451657,-0.008074,17.699040,0.022471,0.000573,-5.802804,-0.160355,5.805019,116|117|118|119|120|121,0.5636
6740.767018,-0.402100,-21.470238,-0.007813,17.699040,0.022471,0.000573,-5.792704,-0.157607,5.794848,116|117|118|119|120|121,0.5636
6740.783685,-0.393846,-21.477301,-0.007732,17.705998,0.022082,0.001090,-5.795822,-0.152733,5.797834,116|117|118|119|120|121,0.5635
6740.800352,-0.401105,-21.485598,-0.007204,17.713133,0.021467,0.001149,-5.798449,-0.156065,5.800549,116|117|118|119|120|121,0.5651
6740.817018,-0.401104,-21.485600,-0.007201,17.728032,0.021213,0.001216,-5.813347,-0.155811,5.815434,116|117|118|119|120|121,0.5651
6740.833685,-0.417038,-21.507715,-0.007532,17.728032,0.021213,0.001216,-5.801331,-0.164475,5.803662,116|117|118|119|120|121|122,0.5584
6740.850352,-0.413838,-21.523979,-0.007583,17.735413,0.021754,0.001774,-5.799873,-0.163281,5.802171,116|117|118|119|120|121|122,0.5592
6740.867018,-0.404783,-21.535736,-0.006499,17.748806,0.021857,0.002038,-5.806874,-0.158466,5.809036,117|118|119|120|121|122,0.5629
6740.883685,-0.400584,-21.542850,-0.006116,17.748806,0.021857,0.002038,-5.803007,-0.156185,5.805109,117|118|119|120|121|122,0.5633
6740.900352,-0.402888,-21.544712,-0.006517,17.755551,0.021503,0.002190,-5.808740,-0.157084,5.810864,117|118|119|120|121|122,0.5637
6740.917018,-0.408402,-21.549752,-0.006541,17.762728,0.021494,0.002212,-5.813179,-0.160072,5.815383,117|118|119|120|121|122,0.5630
6740.933685,-0.408605,-21.558289,-0.006065,17.769694,0.021977,0.002242,-5.815506,-0.160668,5.817725,117|118|119|120|121|122,0.5622
6740.983685,-0.405223,-21.582739,-0.006494,17.790491,0.021126,0.002302,-5.823014,-0.157984,5.825157,117|118|119|120|121|122,0.5631
6741.000352,-0.405222,-21.582740,-0.006492,17.804713,0.020711,0.002237,-5.837235,-0.157568,5.839361,117|118|119|120|121|122,0.5633
6741.017018,-0.415731,-21.592188,-0.006456,17.811680,0.021205,0.003176,-5.839070,-0.163776,5.841366,117|118|119|120|121|122,0.5629
6741.033685,-0.422550,-21.604410,-0.006754,17.811680,0.021205,0.003176,-5.832429,-0.167484,5.834834,117|118|119|120|121|122,0.5631
6741.050352,-0.411446,-21.627138,-0.005430,17.818316,0.021606,0.003410,-5.826710,-0.161856,5.828958,117|118|119|120|121|122,0.5638
6741.067018,-0.405327,-21.629249,-0.004812,17.831684,0.020626,0.004162,-5.838930,-0.157551,5.841055,117|118|119|120|121|122,0.5635
6741.100352,-0.405326,-21.629249,-0.004807,17.845394,0.021202,0.004325,-5.852641,-0.158126,5.854776,117|118|119|120|121|122,0.5625
6741.117018,-0.424669,-21.647993,-0.005497,17.845394,0.021202,0.004325,-5.842458,-0.168643,5.844891,117|118|119|120|121|122,0.5623
6741.133685,-0.414596,-21.657494,-0.004589,17.852452,0.021949,0.004312,-5.844349,-0.163917,5.846647,117|118|119|120|121|122,0.5627
6741.183685,-0.416150,-21.686820,-0.004134,17.881274,0.021010,0.004378,-5.857233,-0.163829,5.859524,117|118|119|120|121|122,0.5624
6741.200352,-0.424200,-21.699168,-0.003988,17.888028,0.021752,0.004464,-5.857278,-0.168949,5.859714,117|118|119|120|121|122,0.5624
6741.217018,-0.419373,-21.710651,-0.004521,17.888028,0.021752,0.004464,-5.851036,-0.166328,5.853400,117|118|119|120|121|122,0.5632
6741.233685,-0.419374,-21.710654,-0.004525,17.894860,0.022359,0.004463,-5.857867,-0.166936,5.860245,117|118|119|120|121|122,0.5627
6741.250352,-0.409490,-21.716515,-0.004583,17.901547,0.022038,0.004455,-5.861366,-0.161244,5.863584,117|118|119|120|121|122,0.5633
6741.267018,-0.401430,-21.724204,-0.004548,17.915543,0.021161,0.004369,-5.871182,-0.155990,5.873254,117|118|119|120|121|122,0.5625
6741.283685,-0.406722,-21.730052,-0.004903,17.922574,0.021829,0.004377,-5.875035,-0.159535,5.877201,117|118|119|120|121|122,0.5628
6741.300352,-0.419933,-21.745622,-0.004798,17.922574,0.021829,0.004377,-5.866576,-0.166718,5.868945,117|118|119|120|121|122,0.5618
6741.333685,-0.401744,-21.766430,-0.005316,17.936375,0.022602,0.004408,-5.869065,-0.157609,5.871181,117|118|119|120|121|122,0.5620
6741.350352,-0.401717,-21.772736,-0.004986,17.943186,0.021821,0.004320,-5.872449,-0.156815,5.874543,117|118|119|120|121|122,0.5620
6741.367018,-0.401714,-21.772737,-0.004985,17.957411,0.021009,0.004384,-5.886674,-0.156002,5.888740,117|118|119|120|121|122,0.5626
6741.417018,-0.412590,-21.784327,-0.004676,17.978451,0.022384,0.004559,-5.901417,-0.163291,5.903676,119|120|121|122|123|124,0.5629
6741.433685,-0.412946,-21.828087,-0.003663,17.978451,0.022384,0.004559,-5.877635,-0.163493,5.879908,119|120|121|122|123|124,0.5626
6741.450352,-0.412947,-21.828087,-0.003663,17.984707,0.022011,0.004084,-5.883891,-0.163121,5.886151,119|120|121|122|123|124,0.5615
6741.467018,-0.413348,-21.835010,-0.004225,17.991162,0.021249,0.003212,-5.886583,-0.162578,5.888827,119|120|121|122|123|124,0.5618
6741.483685,-0.424758,-21.841180,-0.004405,17.996954,0.020919,0.001576,-5.889025,-0.168450,5.891433,119|120|121|122|123|124,0.5625
6741.500352,-0.425205,-21.844160,-0.006603,18.003226,0.021040,0.000005,-5.893677,-0.168816,5.896094,119|120|121|122|123|124,0.5640
6741.517018,-0.425207,-21.844158,-0.006605,18.016756,0.020662,-0.002676,-5.907208,-0.168438,5.909609,119|120|121|122|123|124,0.5643
6741.533685,-0.420672,-21.851205,-0.008187,18.023690,0.020174,-0.003702,-5.910311,-0.165488,5.912627,119|120|121|122|123|124,0.5652
6741.550352,-0.416662,-21.859280,-0.009639,18.030464,0.019766,-0.004547,-5.912696,-0.162902,5.914939,119|120|121|122|123|124,0.5656
6741.567018,-0.429671,-21.881621,-0.012409,18.030464,0.019766,-0.004547,-5.900557,-0.169978,5.903005,119|120|121|122|123|124,0.5651
6741.583685,-0.429670,-21.881620,-0.012414,18.043190,0.020443,-0.006253,-5.913283,-0.170653,5.915745,119|120|121|122|123|124,0.5645
6741.600352,-0.434942,-21.891073,-0.013185,18.050038,0.020546,-0.007089,-5.914994,-0.173623,5.917542,119|120|121|122|123|124,0.5640
6741.633685,-0.421883,-21.916280,-0.016767,18.057009,0.020215,-0.008207,-5.908264,-0.166201,5.910601,119|120|121|122|123|124,0.5638
6741.650352,-0.427305,-21.927552,-0.017075,18.063734,0.020012,-0.009387,-5.908864,-0.168947,5.911279,119|120|121|122|123|124,0.5641
6741.683685,-0.427306,-21.927551,-0.017075,18.083523,0.019550,-0.013016,-5.928653,-0.168486,5.931046,119|120|121|122|123|124,0.5631
6741.700352,-0.430307,-21.946389,-0.020424,18.083523,0.019550,-0.013016,-5.918415,-0.170121,5.920860,119|120|121|122|123|124,0.5634
6741.733685,-0.433132,-21.969114,-0.022346,18.096199,0.019612,-0.015120,-5.918742,-0.171723,5.921233,119|120|121|122|123|124,0.5646
6741.767018,-0.433132,-21.969115,-0.022346,18.115149,0.020212,-0.017883,-5.937691,-0.172324,5.940191,119|120|121|122|123|124,0.5646
6741.783685,-0.416701,-21.981877,-0.025076,18.115149,0.020212,-0.017883,-5.930751,-0.163396,5.933002,119|120|121|122|123|124,0.5642
6741.800352,-0.413115,-21.989667,-0.026257,18.122492,0.019433,-0.018902,-5.933860,-0.160670,5.936035,119|120|121|122|123|124,0.5638
6741.817018,-0.420945,-22.003320,-0.027109,18.129629,0.018799,-0.019787,-5.933579,-0.164294,5.935853,119|120|121|122|123|124,0.5641
6741.833685,-0.420945,-22.003320,-0.027109,18.142445,0.018828,-0.021798,-5.946395,-0.164323,5.948665,119|120|121|122|123|124,0.5636
6741.850352,-0.425472,-22.021592,-0.028224,18.142445,0.018828,-0.021798,-5.936465,-0.166787,5.938808,119|120|121|122|123|124,0.5637
6741.867018,-0.425473,-22.021591,-0.028224,18.156164,0.019016,-0.023151,-5.950185,-0.166976,5.952527,119|120|121|122|123|124,0.5646
6741.900352,-0.415022,-22.049643,-0.031441,18.163202,0.018502,-0.023892,-5.941975,-0.160788,5.944150,119|120|121|122|123|124,0.5642
6741.917018,-0.421829,-22.060472,-0.031570,18.170319,0.017998,-0.023991,-5.943208,-0.163986,5.945470,119|120|121|122|123|124|125,0.5638
6741.933685,-0.421823,-22.060469,-0.031575,18.177305,0.018243,-0.023989,-5.950196,-0.164228,5.952462,119|120|121|122|123|124|125,0.5622
6741.950352,-0.426465,-22.070599,-0.031391,18.191321,0.019163,-0.023911,-5.958707,-0.167673,5.961065,120|121|122|123|124|125,0.5649
6741.967018,-0.408687,-22.088136,-0.031302,18.198469,0.018426,-0.024089,-5.956321,-0.157278,5.958397,120|121|122|123|124|125,0.5648
6741.983685,-0.408688,-22.088136,-0.031302,18.205719,0.017661,-0.024169,-5.963570,-0.156514,5.965624,120|121|122|123|124|125,0.5642
6742.000352,-0.411767,-22.103577,-0.031428,18.213161,0.017404,-0.024234,-5.962622,-0.157934,5.964713,120|121|122|123|124|125,0.5649
6742.017018,-0.420239,-22.113810,-0.031482,18.213161,0.017404,-0.024234,-5.957062,-0.162541,5.959279,120|121|122|123|124|125,0.5646
6742.033685,-0.420237,-22.113808,-0.031483,18.227385,0.017607,-0.023995,-5.971286,-0.162743,5.973504,120|121|122|123|124|125,0.5639
6742.050352,-0.421564,-22.130296,-0.031593,18.233772,0.017281,-0.024002,-5.968714,-0.163141,5.970943,120|121|122|123|124|125,0.5629
6742.067018,-0.413633,-22.145170,-0.031600,18.233772,0.017281,-0.024002,-5.960628,-0.158834,5.962744,120|121|122|123|124|125,0.5637
6742.100352,-0.427597,-22.156185,-0.031767,18.247833,0.015430,-0.023875,-5.968706,-0.164574,5.970974,120|121|122|123|124|125,0.5652
6742.117018,-0.438339,-22.166154,-0.031795,18.254505,0.015687,-0.024274,-5.969962,-0.170671,5.972401,120|121|122|123|124|125,0.5643
6742.133685,-0.431348,-22.172831,-0.032160,18.261257,0.016008,-0.024305,-5.973084,-0.167195,5.975423,120|121|122|123|124|125,0.5640
6742.150352,-0.431348,-22.172831,-0.032160,18.275213,0.015261,-0.024180,-5.987040,-0.166448,5.989353,120|121|122|123|124|125,0.5639
6742.200352,-0.438705,-22.209028,-0.031892,18.289461,0.014430,-0.024245,-5.981617,-0.169623,5.984021,120|121|122|123|124|125,0.5637
6742.217018,-0.438789,-22.224794,-0.032070,18.303404,0.015334,-0.023593,-5.986991,-0.170576,5.989420,120|121|122|123|124|125,0.5636
6742.233685,-0.438790,-22.224794,-0.032070,18.303404,0.015334,-0.023593,-5.986991,-0.170577,5.989421,120|121|122|123|124|125,0.5630
6742.250352,-0.419450,-22.238059,-0.031926,18.316974,0.014025,-0.023377,-5.993348,-0.158760,5.995451,120|121|122|123|124|125,0.5626
6742.267018,-0.419451,-22.238059,-0.031927,18.316974,0.014025,-0.023377,-5.993348,-0.158760,5.995450,120|121|122|123|124|125,0.5631
6742.283685,-0.434743,-22.250883,-0.031276,18.324102,0.013130,-0.023317,-5.993510,-0.166179,5.995813,120|121|122|123|124|125,0.5624
6742.300352,-0.444846,-22.259881,-0.031354,18.330778,0.013105,-0.023749,-5.995297,-0.171647,5.997754,120|121|122|123|124|125,0.5625
6742.317018,-0.441411,-22.263683,-0.031776,18.344921,0.013982,-0.023674,-6.007373,-0.170658,6.009797,120|121|122|123|124|125,0.5624
6742.333685,-0.431971,-22.273902,-0.031731,18.344921,0.013982,-0.023674,-6.001818,-0.165529,6.004100,120|121|122|123|124|125,0.5638
6742.350352,-0.424798,-22.284710,-0.031632,18.351964,0.013263,-0.023660,-6.002986,-0.160914,6.005142,120|121|122|123|124|125,0.5625
6742.367018,-0.432853,-22.294177,-0.031360,18.359086,0.012570,-0.023651,-6.004964,-0.164602,6.007220,120|121|122|123|124|125,0.5633
6742.383685,-0.440637,-22.304368,-0.031420,18.366567,0.012375,-0.023633,-6.006908,-0.168639,6.009275,120|121|122|123|124|125,0.5628
6742.400352,-0.440891,-22.319525,-0.031339,18.373584,0.013128,-0.023648,-6.005688,-0.169533,6.008080,120|121|122|123|124|125,0.5634
6742.417018,-0.427795,-22.326427,-0.031974,18.380262,0.013499,-0.023648,-6.008612,-0.162789,6.010816,120|121|122|123|124|125|126,0.5512
6742.433685,-0.420486,-22.329607,-0.032151,18.386796,0.012842,-0.023186,-6.013416,-0.158160,6.015496,120|121|122|123|124|125|126,0.5559
6742.450352,-0.430333,-22.335803,-0.030584,18.393701,0.011908,-0.023201,-6.016956,-0.162579,6.019152,120|121|122|123|124|125|126|127,0.5603
6742.467018,-0.430372,-22.335838,-0.030541,18.407766,0.011274,-0.023316,-6.031001,-0.161967,6.033176,120|121|122|123|124|125|126|127,0.5632
6742.483685,-0.441292,-22.344573,-0.032578,18.407766,0.011274,-0.023316,-6.026256,-0.167903,6.028595,121|122|123|124|125|126|127,0.5630
6742.500352,-0.445931,-22.362121,-0.032358,18.415078,0.011802,-0.023343,-6.024033,-0.170956,6.026458,122|123|124|125|126|127,0.5645
6742.517018,-0.445932,-22.362121,-0.032357,18.429040,0.012364,-0.023459,-6.037995,-0.171519,6.040431,122|123|124|125|126|127,0.5640
6742.533685,-0.427143,-22.384785,-0.032020,18.435851,0.011424,-0.023556,-6.032484,-0.160372,6.034616,122|123|124|125|126|127,0.5627
6742.550352,-0.425495,-22.389965,-0.031684,18.435851,0.011424,-0.023556,-6.029669,-0.159478,6.031777,122|123|124|125|126|127,0.5629
6742.567018,-0.437213,-22.399702,-0.032069,18.442865,0.010719,-0.023661,-6.031393,-0.165143,6.033654,122|123|124|125|126|127,0.5638
6742.583685,-0.444907,-22.412867,-0.032327,18.450431,0.010520,-0.023659,-6.031806,-0.169129,6.034177,122|123|124|125|126|127,0.5632
6742.600352,-0.445360,-22.429263,-0.032285,18.457418,0.010884,-0.023680,-6.029882,-0.169743,6.032271,122|123|124|125|126|127,0.5620
6742.617018,-0.438323,-22.436391,-0.032315,18.463769,0.010665,-0.023764,-6.032358,-0.165701,6.034633,122|123|124|125|126|127,0.5614
6742.633685,-0.438323,-22.436391,-0.032316,18.470574,0.009804,-0.023723,-6.039163,-0.164839,6.041412,122|123|124|125|126|127,0.5642
6742.667018,-0.439341,-22.435171,-0.032565,18.491435,0.008895,-0.024333,-6.060687,-0.164484,6.062919,122|123|124|125|126|127,0.5640
6742.683685,-0.461997,-22.453513,-0.032718,18.491435,0.008895,-0.024333,-6.050724,-0.176801,6.053306,122|123|124|125|126|127,0.5664
6742.700352,-0.461997,-22.453513,-0.032717,18.505612,0.009055,-0.024430,-6.064901,-0.176961,6.067482,122|123|124|125|126|127,0.5674
6742.717018,-0.446396,-22.470184,-0.033247,18.505612,0.009055,-0.024430,-6.055837,-0.168486,6.058181,122|123|124|125|126|127,0.5674
6742.750352,-0.456402,-22.496461,-0.033168,18.519936,0.007886,-0.024537,-6.055883,-0.172760,6.058346,122|123|124|125|126|127,0.5660
6742.767018,-0.456402,-22.496461,-0.033169,18.534367,0.008853,-0.024493,-6.070314,-0.173727,6.072799,122|123|124|125|126|127,0.5654
6742.800352,-0.460241,-22.503985,-0.033286,18.548367,0.007738,-0.024329,-6.080225,-0.174701,6.082735,122|123|124|125|126|127,0.5646
6742.817018,-0.442391,-22.523985,-0.032993,18.548367,0.007738,-0.024329,-6.069352,-0.165005,6.071594,122|123|124|125|126|127,0.5647
6742.833685,-0.454576,-22.541414,-0.033113,18.555514,0.007037,-0.024277,-6.067029,-0.170929,6.069436,122|123|124|125|126|127,0.5643
6742.850352,-0.454576,-22.541414,-0.033112,18.569617,0.008350,-0.023982,-6.081132,-0.172242,6.083571,122|123|124|125|126|127,0.5627
6742.867018,-0.462301,-22.552002,-0.033307,18.576571,0.009075,-0.024011,-6.082334,-0.177168,6.084913,122|123|124|125|126|127,0.5625
6742.883685,-0.438297,-22.567574,-0.033107,18.583653,0.008685,-0.023954,-6.080947,-0.163735,6.083151,122|123|124|125|126|127,0.5630
6742.900352,-0.425868,-22.573765,-0.032807,18.583653,0.008685,-0.023954,-6.077580,-0.156982,6.079607,122|123|124|125|126|127,0.5619
6742.917018,-0.429722,-22.583814,-0.032855,18.597775,0.007255,-0.023913,-6.086241,-0.157649,6.088283,122|123|124|125|126|127,0.5633
6742.933685,-0.437620,-22.593773,-0.032890,18.597775,0.007255,-0.023913,-6.080830,-0.161943,6.082986,122|123|124|125|126|127,0.5646
6742.950352,-0.445717,-22.603455,-0.032890,18.604457,0.007116,-0.023907,-6.082251,-0.166207,6.084522,122|123|124|125|126|127,0.5648
6742.967018,-0.445717,-22.603456,-0.032890,18.618832,0.008080,-0.023812,-6.096627,-0.167171,6.098918,122|123|124|125|126|127,0.5647
6742.983685,-0.445370,-22.605367,-0.032706,18.625802,0.007363,-0.023942,-6.102558,-0.166266,6.104822,122|123|124|125|126|127,0.5639
6743.000352,-0.434406,-22.618336,-0.032628,18.632819,0.006617,-0.023953,-6.102524,-0.159564,6.104609,122|123|124|125|126|127,0.5554
6743.033685,-0.444134,-22.647370,-0.032613,18.639929,0.006501,-0.023895,-6.093857,-0.164742,6.096084,123|124|125|126|127,0.5656
6743.050352,-0.444134,-22.647370,-0.032612,18.654217,0.007404,-0.023658,-6.108145,-0.165645,6.110391,123|124|125|126|127,0.5656
6743.067018,-0.434707,-22.666584,-0.032612,18.654217,0.007404,-0.023658,-6.097701,-0.160526,6.099814,123|124|125|126|127,0.5652
6743.083685,-0.434707,-22.666583,-0.032610,18.660849,0.007293,-0.023650,-6.104333,-0.160415,6.106440,123|124|125|126|127,0.5641
6743.100352,-0.425712,-22.681071,-0.032225,18.675589,0.005830,-0.023818,-6.111197,-0.154066,6.113139,123|124|125|126|127,0.5637
6743.117018,-0.437425,-22.691014,-0.032081,18.675589,0.005830,-0.023818,-6.105796,-0.160434,6.107903,123|124|125|126|127,0.5637
6743.133685,-0.441830,-22.706958,-0.031818,18.683270,0.005850,-0.023728,-6.104812,-0.162852,6.106984,123|124|125|126|127,0.5635
6743.150352,-0.439019,-22.721505,-0.031540,18.697299,0.005702,-0.023952,-6.110934,-0.161179,6.113059,123|124|125|126|127,0.5629
6743.167018,-0.433520,-22.733017,-0.031960,18.703673,0.005211,-0.023973,-6.111051,-0.157702,6.113086,123|124|125|126|127,0.5623
6743.183685,-0.437421,-22.734603,-0.032378,18.703673,0.005211,-0.023973,-6.110190,-0.159822,6.112280,123|124|125|126|127,0.5631
6743.200352,-0.437422,-22.734603,-0.032380,18.710558,0.004182,-0.023649,-6.117075,-0.158794,6.119136,123|124|125|126|127,0.5637
6743.217018,-0.442289,-22.734794,-0.032651,18.724490,0.004320,-0.023438,-6.130904,-0.161577,6.133033,123|124|125|126|127,0.5632
6743.233685,-0.455833,-22.743616,-0.032075,18.724490,0.004320,-0.023438,-6.126112,-0.168940,6.128441,123|124|125|126|127,0.5644
6743.250352,-0.449262,-22.758365,-0.032182,18.738335,0.004154,-0.023269,-6.131941,-0.165206,6.134166,123|124|125|126|127,0.5645
6743.267018,-0.445931,-22.765061,-0.032190,18.738335,0.004154,-0.023269,-6.128300,-0.163397,6.130478,123|124|125|126|127,0.5637
6743.283685,-0.448352,-22.776725,-0.032246,18.745514,0.003357,-0.023360,-6.129141,-0.163918,6.131333,123|124|125|126|127,0.5634
6743.300352,-0.458114,-22.787610,-0.032140,18.752781,0.003003,-0.023348,-6.130495,-0.168872,6.132820,123|124|125|126|127,0.5628
6743.333685,-0.454086,-22.814901,-0.031956,18.766930,0.003807,-0.022874,-6.129811,-0.167494,6.132099,123|124|125|126|127,0.5637
6743.350352,-0.454086,-22.814901,-0.031956,18.773539,0.004044,-0.022953,-6.136420,-0.167730,6.138712,123|124|125|126|127,0.5625
6743.383685,-0.448418,-22.827746,-0.031608,18.793966,0.001878,-0.022911,-6.149865,-0.162486,6.152011,123|124|125|126|127,0.5636
6743.400352,-0.462216,-22.839432,-0.031754,18.793966,0.001878,-0.022911,-6.143516,-0.169988,6.145868,123|124|125|126|127,0.5641
6743.417018,-0.462217,-22.839433,-0.031755,18.800982,0.002237,-0.022859,-6.150531,-0.170347,6.152890,123|124|125|126|127,0.5637
6743.433685,-0.462582,-22.842940,-0.031742,18.815113,0.002547,-0.022947,-6.162757,-0.170856,6.165125,123|124|125|126|127,0.5638
6743.450352,-0.448105,-22.863651,-0.031501,18.822306,0.001732,-0.022952,-6.158691,-0.162179,6.160826,123|124|125|126|127,0.5635
6743.467018,-0.448105,-22.863651,-0.031501,18.829655,0.001213,-0.023023,-6.166040,-0.161659,6.168158,123|124|125|126|127,0.5636
6743.483685,-0.456834,-22.883271,-0.031692,18.836781,0.001733,-0.023004,-6.162504,-0.166928,6.164765,123|124|125|126|127,0.5631
6743.517018,-0.451571,-22.904612,-0.029795,18.843657,0.002291,-0.023067,-6.157781,-0.164631,6.159981,123|124|125|126|127,0.5452
6743.550352,-0.442556,-22.916144,-0.032078,18.857166,0.001247,-0.023116,-6.165021,-0.158689,6.167063,125|126|127,0.5647
6743.567018,-0.455153,-22.925224,-0.032113,18.863958,0.000281,-0.023187,-6.166881,-0.164572,6.169076,125|126|127,0.5641
6743.583685,-0.467048,-22.932180,-0.032207,18.870848,-0.000027,-0.023391,-6.169993,-0.170729,6.172354,125|126|127,0.5635
6743.617018,-0.460159,-22.951402,-0.033178,18.885111,0.000899,-0.023471,-6.173807,-0.167916,6.176090,125|126|127,0.5647
6743.633685,-0.451422,-22.962619,-0.032609,18.892185,0.001361,-0.023557,-6.174783,-0.163632,6.176951,125|126|127,0.5632
6743.650352,-0.443454,-22.972921,-0.032749,18.905973,-0.000135,-0.023258,-6.182971,-0.157808,6.184985,125|126|127,0.5629
6743.667018,-0.450512,-22.978380,-0.032204,18.905973,-0.000135,-0.023258,-6.180006,-0.161645,6.182120,125|126|127,0.5621
6743.700352,-0.464812,-23.005679,-0.032577,18.920566,-0.000304,-0.023371,-6.179765,-0.169254,6.182083,125|126|127,0.5639
6743.717018,-0.460295,-23.016511,-0.032463,18.927360,-0.000232,-0.023628,-6.180672,-0.166873,6.182924,125|126|127,0.5640
6743.733685,-0.460296,-23.016511,-0.032464,18.934007,-0.000705,-0.023564,-6.187319,-0.166401,6.189556,125|126|127,0.5646
6743.750352,-0.462959,-23.021591,-0.032915,18.941204,-0.001742,-0.023545,-6.191755,-0.166812,6.194002,125|126|127,0.5654
6743.767018,-0.462959,-23.021590,-0.032912,18.954485,-0.002076,-0.023446,-6.205036,-0.166478,6.207269,125|126|127,0.5644
6743.800352,-0.475758,-23.031948,-0.032456,18.968317,-0.001509,-0.023372,-6.213242,-0.174004,6.215678,125|126|127,0.5646
6743.817018,-0.468306,-23.048928,-0.032624,18.968317,-0.001509,-0.023372,-6.204012,-0.169957,6.206339,125|126|127,0.5650
6743.833685,-0.464892,-23.060661,-0.032581,18.975664,-0.002038,-0.023468,-6.204982,-0.167575,6.207244,125|126|127,0.5643
6743.850352,-0.464892,-23.060660,-0.032581,18.989761,-0.002600,-0.023703,-6.219079,-0.167014,6.221321,125|126|127,0.5645
6743.867018,-0.479967,-23.084462,-0.032173,18.989761,-0.002600,-0.023703,-6.206147,-0.175212,6.208619,125|126|127,0.5646
6743.883685,-0.473830,-23.091566,-0.032032,19.004049,-0.002007,-0.023550,-6.216572,-0.172471,6.218964,125|126|127,0.5649
6743.900352,-0.473830,-23.091566,-0.032033,19.011131,-0.002657,-0.023555,-6.223654,-0.171821,6.226026,125|126|127,0.5645
6743.917018,-0.464278,-23.102537,-0.032385,19.011131,-0.002657,-0.023555,-6.217690,-0.166632,6.219922,125|126|127,0.5643
6743.933685,-0.469123,-23.119617,-0.032082,19.018217,-0.003335,-0.023509,-6.215494,-0.168591,6.217780,125|126|127,0.5655
6743.950352,-0.476787,-23.129975,-0.032199,19.025482,-0.003487,-0.023460,-6.217131,-0.172607,6.219527,125|126|127,0.5642
6743.967018,-0.476787,-23.129975,-0.032199,19.039529,-0.001842,-0.023541,-6.231179,-0.174252,6.233615,125|126|127,0.5648
6743.983685,-0.476154,-23.141297,-0.032269,19.046388,-0.001593,-0.023466,-6.231885,-0.174159,6.234318,125|126|127,0.5641
6744.000352,-0.449111,-23.154866,-0.032743,19.046388,-0.001593,-0.023466,-6.224504,-0.159465,6.226547,125|126|127,0.5637
6744.017018,-0.444114,-23.161921,-0.032508,19.053407,-0.002321,-0.023482,-6.227688,-0.156022,6.229642,125|126|127,0.5633
6744.033685,-0.452311,-23.171403,-0.032442,19.060442,-0.003055,-0.023491,-6.229571,-0.159746,6.231618,125|126|127,0.5619
6744.067018,-0.464802,-23.186848,-0.033306,19.074270,-0.003265,-0.023699,-6.235008,-0.166327,6.237226,126|127,0.5647
6744.083685,-0.464802,-23.186848,-0.033308,19.088855,-0.002965,-0.023624,-6.249593,-0.166627,6.251814,126|127,0.5646
6744.100352,-0.447802,-23.208637,-0.033168,19.088855,-0.002965,-0.023624,-6.237747,-0.157393,6.239733,126|127,0.5638
6744.117018,-0.450706,-23.216285,-0.032959,19.096139,-0.003696,-0.023622,-6.240876,-0.158242,6.242882,126|127,0.5647
6744.133685,-0.459022,-23.226324,-0.033157,19.103410,-0.004346,-0.023551,-6.242692,-0.162114,6.244797,126|127,0.5648
6744.150352,-0.465566,-23.234826,-0.033124,19.110746,-0.004059,-0.023959,-6.245409,-0.165959,6.247613,126|127,0.5651
6744.167018,-0.465566,-23.234826,-0.033125,19.124879,-0.003352,-0.023684,-6.259542,-0.166666,6.261761,126|127,0.5654
6744.183685,-0.449355,-23.256584,-0.033775,19.124879,-0.003352,-0.023684,-6.247714,-0.157860,6.249708,126|127,0.5638
6744.200352,-0.444212,-23.264511,-0.033818,19.138997,-0.004820,-0.023553,-6.257523,-0.153599,6.259407,126|127,0.5620
6744.217018,-0.444212,-23.264510,-0.033817,19.146674,-0.004976,-0.023518,-6.265200,-0.153444,6.267079,126|127,0.5621
6744.233685,-0.451424,-23.270655,-0.033338,19.154172,-0.004824,-0.023175,-6.269360,-0.157517,6.271338,126|127,0.5628
6744.250352,-0.460965,-23.282218,-0.032887,19.161184,-0.004928,-0.022923,-6.270089,-0.162600,6.272197,126|127,0.5642
6744.267018,-0.461207,-23.299800,-0.033316,19.161184,-0.004928,-0.022923,-6.260534,-0.162736,6.262648,126|127,0.5641
6744.283685,-0.455195,-23.318663,-0.033300,19.167526,-0.005435,-0.022936,-6.256623,-0.158965,6.258642,126|127,0.5642
6744.300352,-0.455194,-23.318663,-0.033299,19.181110,-0.006628,-0.022590,-6.270207,-0.157772,6.272191,126|127,0.5641
6744.317018,-0.468544,-23.322372,-0.032409,19.188222,-0.006584,-0.022560,-6.275307,-0.165072,6.277477,126|127,0.5636
6744.333685,-0.473582,-23.330870,-0.032603,19.188222,-0.006584,-0.022560,-6.270689,-0.167812,6.272934,126|127,0.5638
6744.350352,-0.473582,-23.330870,-0.032603,19.201793,-0.006343,-0.022276,-6.284260,-0.168053,6.286506,126|127,0.5637
6744.367018,-0.467551,-23.345608,-0.031828,19.201793,-0.006343,-0.022276,-6.276249,-0.164778,6.278411,126|127,0.5628
6744.383685,-0.467551,-23.345608,-0.031829,19.210206,-0.006295,-0.020441,-6.284662,-0.164827,6.286823,126|127,0.5613
6744.400352,-0.461873,-23.365539,-0.031148,19.212087,-0.006352,-0.019715,-6.275709,-0.161688,6.277792,126|127,0.5638
6744.417018,-0.461465,-23.366969,-0.030111,19.212487,-0.006374,-0.019509,-6.275333,-0.161444,6.277409,126|127,0.5628
6744.433685,-0.461465,-23.366969,-0.030111,19.212516,-0.006377,-0.019508,-6.275361,-0.161442,6.277438,126|127,0.5622
6744.450352,-0.461372,-23.369659,-0.029241,19.212516,-0.006377,-0.019508,-6.273899,-0.161392,6.275974,126|127,0.5623
6744.467018,-0.461369,-23.369800,-0.029106,19.212529,-0.006378,-0.019508,-6.273836,-0.161389,6.275911,126|127,0.5615
6744.483685,-0.461369,-23.369800,-0.029106,19.212531,-0.006378,-0.019507,-6.273838,-0.161388,6.275913,126|127,0.5608
6744.500352,-0.461561,-23.370299,-0.029351,19.212531,-0.006378,-0.019507,-6.273566,-0.161493,6.275645,126|127,0.5600
6744.517018,-0.461567,-23.370494,-0.029299,19.212531,-0.006378,-0.019506,-6.273461,-0.161496,6.275539,126|127,0.5594
6744.533685,-0.461567,-23.370494,-0.029298,19.212531,-0.006378,-0.019504,-6.273461,-0.161496,6.275539,126|127,0.5593
6744.567018,-0.461618,-23.370549,-0.029440,19.212533,-0.006378,-0.019502,-6.273432,-0.161524,6.275512,126|127,0.5588
6744.600352,-0.461618,-23.370549,-0.029440,19.212537,-0.006379,-0.019502,-6.273436,-0.161524,6.275515,126|127,0.5584
6744.617018,-0.461709,-23.370851,-0.029470,19.212537,-0.006379,-0.019502,-6.273272,-0.161573,6.275353,126|127,0.5581
6744.650352,-0.461658,-23.370676,-0.029374,19.212539,-0.006379,-0.019502,-6.273370,-0.161545,6.275449,126|127,0.5585
6744.683685,-0.461657,-23.370676,-0.029374,19.212541,-0.006379,-0.019501,-6.273371,-0.161545,6.275451,126|127,0.5587
6744.700352,-0.461832,-23.370753,-0.029672,19.212541,-0.006379,-0.019501,-6.273330,-0.161640,6.275412,126|127,0.5588
6744.717018,-0.461818,-23.370800,-0.029593,19.212541,-0.006378,-0.019502,-6.273304,-0.161633,6.275386,126|127,0.5584
6744.733685,-0.461778,-23.370887,-0.029480,19.212541,-0.006378,-0.019502,-6.273257,-0.161611,6.275338,126|127,0.5582
6744.767018,-0.461727,-23.370879,-0.029382,19.212541,-0.006379,-0.019501,-6.273261,-0.161583,6.275341,126|127,0.5578
6744.783685,-0.461804,-23.370788,-0.029533,19.212541,-0.006379,-0.019500,-6.273311,-0.161625,6.275392,126|127,0.5581
6744.800352,-0.461797,-23.370744,-0.029493,19.212541,-0.006379,-0.019500,-6.273334,-0.161621,6.275416,126|127,0.5583
6744.833685,-0.461723,-23.370783,-0.029404,19.212541,-0.006379,-0.019501,-6.273313,-0.161581,6.275394,126|127,0.5582
6744.850352,-0.461762,-23.370749,-0.029465,19.212541,-0.006379,-0.019500,-6.273332,-0.161602,6.275413,126|127,0.5585
6744.867018,-0.461780,-23.370785,-0.029458,19.212541,-0.006379,-0.019500,-6.273312,-0.161612,6.275393,126|127,0.5584
6744.883685,-0.461723,-23.370975,-0.029326,19.212541,-0.006379,-0.019500,-6.273209,-0.161581,6.275289,126|127,0.5581
6744.900352,-0.461644,-23.370852,-0.029206,19.212541,-0.006379,-0.019500,-6.273275,-0.161538,6.275355,126|127,0.5582
6744.917018,-0.461589,-23.370800,-0.029068,19.212541,-0.006379,-0.019500,-6.273304,-0.161508,6.275382,126|127,0.5582
6744.933685,-0.461589,-23.370800,-0.029068,19.212541,-0.006379,-0.019500,-6.273304,-0.161508,6.275382,126|127,0.5589
6744.950352,-0.461617,-23.370723,-0.029126,19.212539,-0.006379,-0.019500,-6.273344,-0.161523,6.275423,126|127,0.5588
6744.967018,-0.461772,-23.370839,-0.029465,19.212543,-0.006379,-0.019500,-6.273285,-0.161607,6.275366,126|127,0.5585
6744.983685,-0.461749,-23.370889,-0.029382,19.212539,-0.006379,-0.019501,-6.273254,-0.161595,6.275335,126|127,0.5584
6745.000352,-0.461777,-23.370909,-0.029395,19.212539,-0.006379,-0.019501,-6.273243,-0.161610,6.275324,126|127,0.5585
6745.017018,-0.461808,-23.371004,-0.029462,19.212541,-0.006378,-0.019499,-6.273193,-0.161628,6.275275,126|127,0.5583
6745.033685,-0.461774,-23.371070,-0.029383,19.212541,-0.006379,-0.019500,-6.273157,-0.161608,6.275239,126|127,0.5581
6745.050352,-0.461755,-23.371194,-0.029341,19.212539,-0.006379,-0.019500,-6.273088,-0.161598,6.275169,126|127,0.5578
6745.067018,-0.461816,-23.370928,-0.029570,19.212541,-0.006379,-0.019500,-6.273234,-0.161631,6.275316,126|127,0.5580
6745.083685,-0.461667,-23.370798,-0.029343,19.212541,-0.006379,-0.019500,-6.273305,-0.161550,6.275385,126|127,0.5584
6745.100352,-0.461667,-23.370798,-0.029343,19.212541,-0.006379,-0.019499,-6.273305,-0.161551,6.275385,126|127,0.5581
6745.117018,-0.461760,-23.370942,-0.029485,19.212539,-0.006379,-0.019500,-6.273225,-0.161601,6.275306,126|127,0.5578
6745.133685,-0.461710,-23.371025,-0.029347,19.212539,-0.006379,-0.019500,-6.273180,-0.161574,6.275260,126|127,0.5580
6745.150352,-0.461727,-23.371064,-0.029376,19.212539,-0.006379,-0.019500,-6.273159,-0.161583,6.275239,126|127,0.5578
6745.167018,-0.461823,-23.370800,-0.029582,19.212541,-0.006379,-0.019500,-6.273304,-0.161636,6.275386,126|127,0.5583
6745.183685,-0.461723,-23.370791,-0.029402,19.212541,-0.006379,-0.019500,-6.273309,-0.161581,6.275389,126|127,0.5585
6745.200352,-0.461712,-23.370758,-0.029341,19.212541,-0.006379,-0.019500,-6.273327,-0.161575,6.275407,126|127,0.5584
6745.217018,-0.461758,-23.370843,-0.029386,19.212541,-0.006379,-0.019500,-6.273280,-0.161600,6.275361,126|127,0.5586
6745.233685,-0.461787,-23.370908,-0.029456,19.212539,-0.006379,-0.019501,-6.273244,-0.161616,6.275325,126|127,0.5587
6745.267018,-0.461714,-23.370930,-0.029265,19.212539,-0.006379,-0.019500,-6.273232,-0.161576,6.275312,126|127,0.5585
6745.283685,-0.461725,-23.371099,-0.029258,19.212541,-0.006378,-0.019499,-6.273142,-0.161582,6.275222,126|127,0.5581
6745.300352,-0.461725,-23.371099,-0.029258,19.212541,-0.006379,-0.019500,-6.273142,-0.161582,6.275222,126|127,0.5581
6745.317018,-0.461664,-23.371019,-0.029173,19.212541,-0.006379,-0.019500,-6.273185,-0.161549,6.275265,126|127,0.5584
6745.333685,-0.461558,-23.370862,-0.028971,19.212541,-0.006379,-0.019500,-6.273270,-0.161491,6.275349,126|127,0.5585
6745.350352,-0.461533,-23.370819,-0.028948,19.212541,-0.006379,-0.019500,-6.273293,-0.161477,6.275371,126|127,0.5585
6745.383685,-0.461533,-23.370819,-0.028948,19.212541,-0.006379,-0.019500,-6.273293,-0.161478,6.275371,126|127,0.5588
6745.400352,-0.461625,-23.370825,-0.029121,19.212541,-0.006379,-0.019500,-6.273290,-0.161528,6.275369,126|127,0.5587
6745.417018,-0.461653,-23.370973,-0.029135,19.212541,-0.006379,-0.019500,-6.273210,-0.161543,6.275289,126|127,0.5584
6745.433685,-0.461586,-23.370900,-0.029052,19.212541,-0.006379,-0.019500,-6.273250,-0.161507,6.275328,126|127,0.5584
6745.450352,-0.461586,-23.370900,-0.029052,19.212541,-0.006379,-0.019500,-6.273250,-0.161506,6.275328,126|127,0.5585
6745.467018,-0.461630,-23.370692,-0.029154,19.212541,-0.006379,-0.019500,-6.273362,-0.161530,6.275442,126|127,0.5590
6745.500352,-0.461722,-23.370733,-0.029310,19.212541,-0.006379,-0.019500,-6.273340,-0.161580,6.275421,126|127,0.5587
6745.517018,-0.461688,-23.370805,-0.029200,19.212541,-0.006379,-0.019501,-6.273301,-0.161562,6.275381,126|127,0.5585
6745.533685,-0.461688,-23.370805,-0.029200,19.212541,-0.006379,-0.019500,-6.273301,-0.161562,6.275381,126|127,0.5588
6745.550352,-0.461758,-23.370918,-0.029308,19.212541,-0.006379,-0.019501,-6.273240,-0.161600,6.275321,126|127,0.5586
6745.583685,-0.461758,-23.370918,-0.029308,19.212541,-0.006379,-0.019501,-6.273240,-0.161600,6.275321,126|127,0.5582
6745.600352,-0.461677,-23.370767,-0.029202,19.212541,-0.006379,-0.019501,-6.273322,-0.161556,6.275402,126|127,0.5586
6745.617018,-0.461669,-23.370723,-0.029222,19.212541,-0.006379,-0.019501,-6.273346,-0.161552,6.275425,126|127,0.5588
6745.633685,-0.461708,-23.370892,-0.029272,19.212541,-0.006378,-0.019500,-6.273254,-0.161573,6.275334,126|127,0.5585
6745.650352,-0.461673,-23.370955,-0.029138,19.212541,-0.006378,-0.019501,-6.273220,-0.161554,6.275300,126|127,0.5582
6745.667018,-0.461695,-23.371091,-0.029137,19.212541,-0.006378,-0.019501,-6.273146,-0.161566,6.275226,126|127,0.5583
6745.683685,-0.461695,-23.371091,-0.029137,19.212541,-0.006379,-0.019499,-6.273146,-0.161566,6.275226,126|127,0.5581
6745.700352,-0.461803,-23.370936,-0.029443,19.212541,-0.006378,-0.019501,-6.273230,-0.161625,6.275312,126|127,0.5584
6745.717018,-0.461738,-23.370932,-0.029311,19.212541,-0.006378,-0.019500,-6.273232,-0.161589,6.275313,126|127,0.5587
6745.733685,-0.461759,-23.370912,-0.029318,19.212541,-0.006378,-0.019500,-6.273243,-0.161601,6.275324,126|127,0.5586
6745.750352,-0.461759,-23.370912,-0.029318,19.212541,-0.006378,-0.019500,-6.273243,-0.161601,6.275324,126|127,0.5588
6745.767018,-0.461895,-23.370938,-0.029572,19.212541,-0.006378,-0.019500,-6.273229,-0.161675,6.275312,126|127,0.5590
6745.783685,-0.461895,-23.370938,-0.029572,19.212541,-0.006378,-0.019500,-6.273229,-0.161675,6.275312,126|127,0.5589
6745.800352,-0.461753,-23.370982,-0.029303,19.212541,-0.006378,-0.019501,-6.273205,-0.161597,6.275286,126|127,0.5586
6745.817018,-0.461790,-23.371157,-0.029364,19.212541,-0.006378,-0.019500,-6.273110,-0.161618,6.275192,126|127,0.5582
6745.833685,-0.461799,-23.371062,-0.029413,19.212541,-0.006378,-0.019500,-6.273162,-0.161622,6.275243,126|127,0.5582
6745.850352,-0.461824,-23.370969,-0.029503,19.212541,-0.006378,-0.019500,-6.273212,-0.161636,6.275294,126|127,0.5584
6745.867018,-0.461817,-23.370877,-0.029530,19.212541,-0.006378,-0.019500,-6.273262,-0.161632,6.275344,126|127,0.5586
6745.883685,-0.461816,-23.370852,-0.029529,19.212541,-0.006378,-0.019500,-6.273276,-0.161632,6.275358,126|127,0.5585
6745.900352,-0.461806,-23.370902,-0.029524,19.212541,-0.006378,-0.019500,-6.273249,-0.161626,6.275331,126|127,0.5585
6745.933685,-0.461871,-23.370923,-0.029633,19.212539,-0.006378,-0.019500,-6.273235,-0.161662,6.275318,126|127,0.5586
6745.950352,-0.461876,-23.371100,-0.029613,19.212541,-0.006378,-0.019501,-6.273141,-0.161664,6.275224,126|127,0.5583
6745.967018,-0.461805,-23.370988,-0.029553,19.212541,-0.006378,-0.019501,-6.273202,-0.161626,6.275284,126|127,0.5583
6745.983685,-0.461805,-23.370988,-0.029553,19.212541,-0.006378,-0.019500,-6.273202,-0.161626,6.275284,126|127,0.5583
6746.000352,-0.461770,-23.370970,-0.029491,19.212541,-0.006378,-0.019500,-6.273211,-0.161607,6.275293,126|127,0.5588
6746.017018,-0.461846,-23.370932,-0.029610,19.212541,-0.006378,-0.019500,-6.273232,-0.161648,6.275315,126|127,0.5589
6746.033685,-0.461846,-23.370932,-0.029610,19.212541,-0.006378,-0.019500,-6.273232,-0.161648,6.275315,126|127,0.5587
6746.050352,-0.461762,-23.371019,-0.029460,19.212539,-0.006378,-0.019500,-6.273183,-0.161603,6.275264,126|127,0.5586
6746.067019,-0.461733,-23.371002,-0.029400,19.212539,-0.006378,-0.019500,-6.273192,-0.161587,6.275273,126|127,0.5586
6746.083685,-0.461770,-23.371032,-0.029464,19.212541,-0.006378,-0.019500,-6.273178,-0.161607,6.275259,126|127,0.5584
6746.100352,-0.461713,-23.371060,-0.029334,19.212541,-0.006378,-0.019500,-6.273163,-0.161576,6.275243,126|127,0.5583
6746.117019,-0.461687,-23.371130,-0.029272,19.212541,-0.006378,-0.019500,-6.273125,-0.161562,6.275205,126|127,0.5581
6746.133685,-0.461763,-23.370939,-0.029464,19.212541,-0.006378,-0.019501,-6.273229,-0.161603,6.275310,126|127,0.5584
6746.150352,-0.461763,-23.370939,-0.029464,19.212541,-0.006378,-0.019501,-6.273229,-0.161603,6.275310,126|127,0.5586
6746.167019,-0.461735,-23.370938,-0.029408,19.212541,-0.006378,-0.019500,-6.273229,-0.161588,6.275309,126|127,0.5583
6746.183685,-0.461735,-23.370938,-0.029408,19.212541,-0.006378,-0.019500,-6.273229,-0.161588,6.275309,126|127,0.5581
6746.217019,-0.461787,-23.371050,-0.029463,19.212539,-0.006378,-0.019500,-6.273166,-0.161617,6.275248,126|127,0.5580
6746.233685,-0.461823,-23.370878,-0.029570,19.212543,-0.006378,-0.019500,-6.273263,-0.161636,6.275345,126|127,0.5583
6746.267019,-0.461787,-23.370815,-0.029495,19.212541,-0.006378,-0.019500,-6.273296,-0.161616,6.275377,126|127,0.5586
6746.300352,-0.461891,-23.370840,-0.029675,19.212541,-0.006378,-0.019501,-6.273282,-0.161673,6.275365,126|127,0.5589
6746.317019,-0.461860,-23.370806,-0.029619,19.212541,-0.006378,-0.019501,-6.273301,-0.161656,6.275383,126|127,0.5589
6746.350352,-0.461840,-23.370983,-0.029542,19.212539,-0.006378,-0.019500,-6.273203,-0.161645,6.275285,126|127,0.5586
6746.383685,-0.461727,-23.370895,-0.029379,19.212541,-0.006378,-0.019500,-6.273253,-0.161584,6.275333,126|127,0.5588
6746.400352,-0.461760,-23.370889,-0.029461,19.212539,-0.006378,-0.019500,-6.273254,-0.161602,6.275335,126|127,0.5589
6746.417019,-0.461782,-23.370845,-0.029516,19.212543,-0.006378,-0.019500,-6.273282,-0.161614,6.275363,126|127,0.5588
6746.433685,-0.461798,-23.370908,-0.029526,19.212541,-0.006378,-0.019500,-6.273245,-0.161623,6.275327,126|127,0.5588
6746.450352,-0.461809,-23.370950,-0.029540,19.212543,-0.006378,-0.019501,-6.273224,-0.161629,6.275306,126|127,0.5588
6746.467019,-0.461791,-23.371003,-0.029481,19.212541,-0.006378,-0.019501,-6.273193,-0.161619,6.275275,126|127,0.5587
6746.483685,-0.461776,-23.371152,-0.029403,19.212541,-0.006378,-0.019501,-6.273113,-0.161611,6.275194,126|127,0.5584
6746.500352,-0.461753,-23.371126,-0.029402,19.212541,-0.006377,-0.019500,-6.273127,-0.161598,6.275208,126|127,0.5584
6746.517019,-0.461706,-23.371028,-0.029341,19.212541,-0.006378,-0.019500,-6.273180,-0.161573,6.275260,126|127,0.5585
6746.533685,-0.461707,-23.370991,-0.029328,19.212541,-0.006378,-0.019500,-6.273200,-0.161574,6.275280,126|127,0.5588
6746.567019,-0.461795,-23.371003,-0.029501,19.212541,-0.006378,-0.019500,-6.273194,-0.161621,6.275275,126|127,0.5587
6746.583685,-0.461725,-23.370977,-0.029365,19.212541,-0.006378,-0.019500,-6.273208,-0.161583,6.275289,126|127,0.5587
6746.600352,-0.461697,-23.370958,-0.029316,19.212541,-0.006378,-0.019499,-6.273218,-0.161568,6.275298,126|127,0.5588
6746.617019,-0.461697,-23.370958,-0.029316,19.212539,-0.006377,-0.019500,-6.273216,-0.161568,6.275297,126|127,0.5586
6746.633685,-0.461675,-23.371008,-0.029297,19.212541,-0.006378,-0.019500,-6.273191,-0.161556,6.275271,126|127,0.5585
6746.667019,-0.461675,-23.371008,-0.029297,19.212541,-0.006378,-0.019500,-6.273191,-0.161556,6.275271,126|127,0.5586
6746.683685,-0.461638,-23.370821,-0.029297,19.212541,-0.006378,-0.019500,-6.273293,-0.161536,6.275372,126|127,0.5587
6746.700352,-0.461658,-23.370902,-0.029308,19.212539,-0.006378,-0.019501,-6.273247,-0.161547,6.275327,126|127,0.5586
6746.717019,-0.461670,-23.370872,-0.029308,19.212541,-0.006377,-0.019500,-6.273265,-0.161553,6.275344,126|127,0.5585
6746.733685,-0.461705,-23.370913,-0.029349,19.212541,-0.006377,-0.019500,-6.273242,-0.161572,6.275323,126|127,0.5586
6746.750352,-0.461728,-23.371001,-0.029375,19.212539,-0.006378,-0.019501,-6.273193,-0.161585,6.275273,126|127,0.5584
6746.783685,-0.461812,-23.370847,-0.029593,19.212537,-0.006378,-0.019500,-6.273275,-0.161630,6.275357,126|127,0.5588
6746.800352,-0.461812,-23.370847,-0.029593,19.212541,-0.006378,-0.019500,-6.273279,-0.161630,6.275361,126|127,0.5588
6746.817019,-0.461782,-23.370812,-0.029531,19.212541,-0.006378,-0.019501,-6.273297,-0.161614,6.275379,126|127,0.5589
6746.833685,-0.461870,-23.370784,-0.029694,19.212541,-0.006378,-0.019500,-6.273313,-0.161662,6.275396,126|127,0.5590
6746.850352,-0.461852,-23.370760,-0.029680,19.212541,-0.006378,-0.019500,-6.273326,-0.161652,6.275408,126|127,0.5590
6746.867019,-0.461852,-23.370760,-0.029680,19.212541,-0.006378,-0.019500,-6.273326,-0.161652,6.275408,126|127,0.5590
6746.883685,-0.461809,-23.370751,-0.029593,19.212541,-0.006378,-0.019500,-6.273330,-0.161628,6.275412,126|127,0.5589
6746.933685,-0.461839,-23.370741,-0.029622,19.212541,-0.006378,-0.019500,-6.273336,-0.161645,6.275418,126|127,0.5591
6746.967019,-0.461896,-23.370721,-0.029729,19.212541,-0.006378,-0.019500,-6.273347,-0.161676,6.275430,126|127,0.5591
6746.983685,-0.461905,-23.370738,-0.029738,19.212541,-0.006378,-0.019500,-6.273338,-0.161681,6.275421,126|127,0.5592
6747.000352,-0.461896,-23.370733,-0.029726,19.212541,-0.006378,-0.019500,-6.273340,-0.161676,6.275423,126|127,0.5591
6747.017019,-0.461896,-23.370733,-0.029726,19.212541,-0.006378,-0.019500,-6.273340,-0.161676,6.275423,126|127,0.5591
6747.033685,-0.461888,-23.370765,-0.029715,19.212541,-0.006378,-0.019500,-6.273323,-0.161671,6.275406,126|127,0.5591
6747.050352,-0.461888,-23.370765,-0.029715,19.212541,-0.006378,-0.019501,-6.273323,-0.161671,6.275406,126|127,0.5591
6747.067019,-0.461888,-23.370702,-0.029705,19.212541,-0.006378,-0.019500,-6.273357,-0.161672,6.275440,126|127,0.5592
6747.083685,-0.461931,-23.370700,-0.029785,19.212541,-0.006378,-0.019501,-6.273358,-0.161695,6.275442,126|127,0.5592
6747.100352,-0.461956,-23.370709,-0.029848,19.212541,-0.006378,-0.019501,-6.273353,-0.161708,6.275437,126|127,0.5592
6747.117019,-0.461956,-23.370709,-0.029848,19.212541,-0.006378,-0.019500,-6.273353,-0.161708,6.275437,126|127,0.5592
6747.150352,-0.461921,-23.370708,-0.029785,19.212541,-0.006378,-0.019500,-6.273354,-0.161690,6.275437,126|127,0.5593
6747.167019,-0.461931,-23.370736,-0.029800,19.212541,-0.006378,-0.019500,-6.273339,-0.161695,6.275422,126|127,0.5592
6747.183685,-0.461908,-23.370757,-0.029752,19.212541,-0.006378,-0.019501,-6.273328,-0.161682,6.275411,126|127,0.5592
6747.200352,-0.461940,-23.370749,-0.029836,19.212541,-0.006378,-0.019500,-6.273332,-0.161700,6.275416,126|127,0.5592
6747.217019,-0.461948,-23.370712,-0.029861,19.212541,-0.006378,-0.019500,-6.273352,-0.161704,6.275436,126|127,0.5593
6747.233685,-0.461948,-23.370712,-0.029861,19.212541,-0.006378,-0.019500,-6.273352,-0.161704,6.275436,126|127,0.5592
6747.250352,-0.461993,-23.370746,-0.029949,19.212541,-0.006378,-0.019500,-6.273333,-0.161729,6.275418,126|127,0.5592
6747.267019,-0.461993,-23.370746,-0.029949,19.212541,-0.006378,-0.019500,-6.273333,-0.161729,6.275418,126|127,0.5592
6747.283685,-0.462002,-23.370777,-0.029951,19.212541,-0.006378,-0.019501,-6.273317,-0.161734,6.275401,126|127,0.5592
6747.300352,-0.461968,-23.370742,-0.029896,19.212541,-0.006377,-0.019500,-6.273336,-0.161715,6.275420,126|127,0.5592
6747.317019,-0.461968,-23.370742,-0.029896,19.212541,-0.006378,-0.019501,-6.273336,-0.161715,6.275420,126|127,0.5593
6747.350352,-0.461994,-23.370708,-0.029940,19.212541,-0.006378,-0.019500,-6.273354,-0.161729,6.275438,126|127,0.5594
6747.367019,-0.461999,-23.370712,-0.029953,19.212541,-0.006378,-0.019500,-6.273352,-0.161732,6.275436,126|127,0.5594
6747.383685,-0.461986,-23.370706,-0.029932,19.212541,-0.006378,-0.019500,-6.273355,-0.161725,6.275440,126|127,0.5594
6747.400352,-0.461989,-23.370698,-0.029932,19.212541,-0.006378,-0.019500,-6.273359,-0.161727,6.275444,126|127,0.5594
6747.417019,-0.462024,-23.370721,-0.029987,19.212541,-0.006377,-0.019500,-6.273347,-0.161746,6.275432,126|127,0.5594
6747.433685,-0.462011,-23.370712,-0.029966,19.212541,-0.006378,-0.019500,-6.273352,-0.161738,6.275436,126|127,0.5594
6747.450352,-0.462011,-23.370712,-0.029966,19.212541,-0.006378,-0.019500,-6.273352,-0.161738,6.275436,126|127,0.5594
6747.467019,-0.461993,-23.370693,-0.029922,19.212541,-0.006378,-0.019500,-6.273362,-0.161729,6.275446,126|127,0.5594
6747.483685,-0.461993,-23.370693,-0.029922,19.212541,-0.006378,-0.019500,-6.273362,-0.161729,6.275446,126|127,0.5594
6747.500352,-0.462025,-23.370656,-0.029999,19.212539,-0.006378,-0.019500,-6.273380,-0.161746,6.275465,126|127,0.5595
6747.533685,-0.462028,-23.370640,-0.030000,19.212539,-0.006378,-0.019500,-6.273389,-0.161748,6.275474,126|127,0.5595
6747.550352,-0.462065,-23.370648,-0.030066,19.212539,-0.006378,-0.019500,-6.273385,-0.161768,6.275470,126|127,0.5595
6747.567019,-0.462054,-23.370647,-0.030051,19.212541,-0.006378,-0.019500,-6.273387,-0.161762,6.275472,126|127,0.5595
6747.583685,-0.462054,-23.370647,-0.030050,19.212541,-0.006378,-0.019500,-6.273387,-0.161762,6.275472,126|127,0.5595
6747.600352,-0.462017,-23.370628,-0.029980,19.212541,-0.006378,-0.019500,-6.273397,-0.161741,6.275482,126|127,0.5596
6747.633685,-0.462060,-23.370666,-0.030064,19.212539,-0.006378,-0.019500,-6.273375,-0.161765,6.275460,126|127,0.5595
6747.650352,-0.462002,-23.370688,-0.029937,19.212539,-0.006378,-0.019500,-6.273363,-0.161734,6.275447,126|127,0.5595
6747.667019,-0.462000,-23.370688,-0.029929,19.212541,-0.006378,-0.019499,-6.273365,-0.161733,6.275449,126|127,0.5596
6747.683685,-0.462015,-23.370706,-0.029962,19.212541,-0.006378,-0.019500,-6.273355,-0.161740,6.275440,126|127,0.5595
6747.700352,-0.461978,-23.370713,-0.029903,19.212541,-0.006378,-0.019500,-6.273352,-0.161720,6.275436,126|127,0.5595
6747.750352,-0.461960,-23.370681,-0.029877,19.212541,-0.006378,-0.019499,-6.273369,-0.161711,6.275453,126|127,0.5596
6747.767019,-0.461972,-23.370705,-0.029893,19.212541,-0.006378,-0.019499,-6.273356,-0.161717,6.275440,126|127,0.5595
6747.783685,-0.461985,-23.370697,-0.029904,19.212541,-0.006378,-0.019500,-6.273360,-0.161724,6.275444,126|127,0.5594
6747.800352,-0.461987,-23.370718,-0.029890,19.212541,-0.006378,-0.019500,-6.273349,-0.161725,6.275433,126|127,0.5594
6747.817019,-0.461987,-23.370718,-0.029890,19.212539,-0.006378,-0.019499,-6.273347,-0.161725,6.275431,126|127,0.5594
6747.833685,-0.461993,-23.370707,-0.029892,19.212543,-0.006378,-0.019500,-6.273356,-0.161729,6.275441,126|127,0.5595
6747.850352,-0.461993,-23.370707,-0.029892,19.212539,-0.006378,-0.019500,-6.273353,-0.161729,6.275437,126|127,0.5595
6747.867019,-0.461977,-23.370721,-0.029858,19.212541,-0.006378,-0.019500,-6.273347,-0.161720,6.275431,126|127,0.5595
6747.883685,-0.461988,-23.370703,-0.029878,19.212541,-0.006378,-0.019500,-6.273357,-0.161726,6.275441,126|127,0.5595
6747.900352,-0.462010,-23.370722,-0.029923,19.212541,-0.006378,-0.019500,-6.273346,-0.161738,6.275431,126|127,0.5596
6747.917019,-0.462010,-23.370722,-0.029923,19.212541,-0.006378,-0.019500,-6.273346,-0.161738,6.275431,126|127,0.5595
6747.933685,-0.462000,-23.370753,-0.029895,19.212541,-0.006378,-0.019500,-6.273330,-0.161733,6.275414,126|127,0.5595
6747.983685,-0.462026,-23.370751,-0.029974,19.212541,-0.006378,-0.019500,-6.273330,-0.161746,6.275415,126|127,0.5595
6748.000352,-0.462026,-23.370751,-0.029974,19.212541,-0.006378,-0.019500,-6.273330,-0.161746,6.275415,126|127,0.5595
6748.017019,-0.462012,-23.370755,-0.029924,19.212541,-0.006378,-0.019500,-6.273328,-0.161739,6.275413,126|127,0.5595
6748.033685,-0.462042,-23.370715,-0.029996,19.212541,-0.006378,-0.019500,-6.273350,-0.161755,6.275435,126|127,0.5595
6748.050352,-0.462042,-23.370715,-0.029996,19.212543,-0.006378,-0.019500,-6.273352,-0.161755,6.275437,126|127,0.5595
6748.067019,-0.462009,-23.370751,-0.029927,19.212541,-0.006378,-0.019500,-6.273331,-0.161737,6.275415,126|127,0.5595
6748.083685,-0.462009,-23.370751,-0.029927,19.212539,-0.006378,-0.019501,-6.273329,-0.161737,6.275413,126|127,0.5595
6748.100352,-0.462010,-23.370784,-0.029925,19.212543,-0.006377,-0.019500,-6.273315,-0.161738,6.275399,126|127,0.5594
6748.117019,-0.462005,-23.370798,-0.029912,19.212541,-0.006377,-0.019500,-6.273305,-0.161735,6.275390,126|127,0.5594
6748.133685,-0.462002,-23.370760,-0.029934,19.212539,-0.006377,-0.019500,-6.273324,-0.161734,6.275408,126|127,0.5595
6748.150352,-0.462051,-23.370713,-0.030023,19.212539,-0.006377,-0.019500,-6.273349,-0.161761,6.275434,126|127,0.5595
6748.167019,-0.462054,-23.370729,-0.030040,19.212543,-0.006378,-0.019500,-6.273344,-0.161762,6.275430,126|127,0.5595
6748.183685,-0.462021,-23.370762,-0.029970,19.212541,-0.006377,-0.019500,-6.273324,-0.161744,6.275409,126|127,0.5594
6748.200352,-0.462021,-23.370762,-0.029970,19.212541,-0.006377,-0.019500,-6.273324,-0.161744,6.275409,126|127,0.5594
6748.217019,-0.462011,-23.370739,-0.029946,19.212541,-0.006377,-0.019500,-6.273337,-0.161739,6.275422,126|127,0.5594
6748.250352,-0.462011,-23.370739,-0.029946,19.212541,-0.006377,-0.019501,-6.273337,-0.161739,6.275422,126|127,0.5594
6748.267019,-0.461935,-23.370719,-0.029820,19.212541,-0.006378,-0.019500,-6.273348,-0.161697,6.275432,126|127,0.5595
6748.283685,-0.461935,-23.370719,-0.029820,19.212541,-0.006377,-0.019500,-6.273348,-0.161697,6.275432,126|127,0.5596
6748.300352,-0.461943,-23.370683,-0.029847,19.212541,-0.006377,-0.019500,-6.273368,-0.161702,6.275452,126|127,0.5595
6748.317019,-0.461921,-23.370743,-0.029782,19.212541,-0.006377,-0.019500,-6.273335,-0.161689,6.275418,126|127,0.5594
6748.333685,-0.461919,-23.370757,-0.029771,19.212541,-0.006377,-0.019500,-6.273327,-0.161688,6.275411,126|127,0.5594
6748.367019,-0.461919,-23.370757,-0.029771,19.212541,-0.006377,-0.019501,-6.273327,-0.161689,6.275411,126|127,0.5595
6748.383685,-0.461965,-23.370712,-0.029873,19.212541,-0.006378,-0.019500,-6.273352,-0.161714,6.275436,126|127,0.5595
6748.400352,-0.461955,-23.370694,-0.029840,19.212539,-0.006378,-0.019500,-6.273360,-0.161708,6.275443,126|127,0.5595
6748.417019,-0.461992,-23.370678,-0.029921,19.212539,-0.006378,-0.019500,-6.273368,-0.161728,6.275452,126|127,0.5596
6748.433685,-0.461992,-23.370678,-0.029921,19.212541,-0.006378,-0.019500,-6.273370,-0.161728,6.275454,126|127,0.5596
6748.467019,-0.461955,-23.370715,-0.029819,19.212541,-0.006378,-0.019500,-6.273350,-0.161708,6.275434,126|127,0.5596
6748.483685,-0.461978,-23.370764,-0.029863,19.212541,-0.006378,-0.019500,-6.273324,-0.161721,6.275408,126|127,0.5595
6748.500352,-0.461967,-23.370759,-0.029852,19.212539,-0.006378,-0.019501,-6.273324,-0.161714,6.275408,126|127,0.5595
6748.517019,-0.461957,-23.370724,-0.029844,19.212539,-0.006378,-0.019501,-6.273344,-0.161709,6.275427,126|127,0.5595
6748.550352,-0.461957,-23.370724,-0.029831,19.212541,-0.006378,-0.019500,-6.273345,-0.161709,6.275429,126|127,0.5595
6748.583685,-0.461957,-23.370724,-0.029831,19.212541,-0.006378,-0.019500,-6.273345,-0.161709,6.275429,126|127,0.5595
6748.600352,-0.461964,-23.370747,-0.029843,19.212541,-0.006378,-0.019500,-6.273333,-0.161713,6.275417,126|127,0.5595
6748.617019,-0.461973,-23.370767,-0.029854,19.212539,-0.006378,-0.019500,-6.273320,-0.161718,6.275404,126|127,0.5594
6748.633685,-0.461980,-23.370758,-0.029876,19.212541,-0.006378,-0.019500,-6.273327,-0.161721,6.275411,126|127,0.5595
6748.650352,-0.461979,-23.370713,-0.029884,19.212541,-0.006378,-0.019500,-6.273351,-0.161721,6.275435,126|127,0.5595
6748.667019,-0.461939,-23.370699,-0.029786,19.212541,-0.006378,-0.019499,-6.273359,-0.161700,6.275442,126|127,0.5595
6748.683685,-0.461988,-23.370692,-0.029879,19.212539,-0.006378,-0.019500,-6.273361,-0.161726,6.275445,126|127,0.5595
6748.700352,-0.461988,-23.370692,-0.029879,19.212539,-0.006378,-0.019500,-6.273361,-0.161726,6.275445,126|127,0.5595
6748.717019,-0.461949,-23.370727,-0.029814,19.212541,-0.006378,-0.019500,-6.273344,-0.161705,6.275428,126|127,0.5594
6748.750352,-0.461964,-23.370730,-0.029809,19.212541,-0.006378,-0.019500,-6.273342,-0.161713,6.275426,126|127,0.5594
6748.767019,-0.461949,-23.370742,-0.029779,19.212541,-0.006378,-0.019500,-6.273335,-0.161704,6.275419,126|127,0.5594
6748.783685,-0.461936,-23.370774,-0.029767,19.212541,-0.006378,-0.019500,-6.273318,-0.161698,6.275402,126|127,0.5593
6748.800352,-0.461945,-23.370723,-0.029786,19.212541,-0.006378,-0.019500,-6.273346,-0.161702,6.275429,126|127,0.5594
6748.817019,-0.461962,-23.370700,-0.029827,19.212541,-0.006378,-0.019500,-6.273358,-0.161712,6.275442,126|127,0.5594
6748.850352,-0.461979,-23.370724,-0.029847,19.212541,-0.006378,-0.019501,-6.273345,-0.161721,6.275430,126|127,0.5593
6748.867019,-0.461979,-23.370724,-0.029847,19.212541,-0.006377,-0.019500,-6.273345,-0.161721,6.275430,126|127,0.5594
6748.883685,-0.461968,-23.370762,-0.029813,19.212541,-0.006378,-0.019500,-6.273325,-0.161715,6.275409,126|127,0.5593
6748.900352,-0.461975,-23.370755,-0.029831,19.212539,-0.006378,-0.019500,-6.273327,-0.161719,6.275411,126|127,0.5593
6748.917019,-0.461971,-23.370738,-0.029821,19.212539,-0.006378,-0.019500,-6.273336,-0.161717,6.275420,126|127,0.5594
6748.933685,-0.461971,-23.370738,-0.029821,19.212539,-0.006378,-0.019500,-6.273336,-0.161717,6.275420,126|127,0.5594
6748.950352,-0.461951,-23.370725,-0.029788,19.212541,-0.006377,-0.019500,-6.273345,-0.161706,6.275429,126|127,0.5594
6748.967019,-0.461999,-23.370732,-0.029861,19.212541,-0.006378,-0.019501,-6.273341,-0.161732,6.275425,126|127,0.5595
6749.000352,-0.461999,-23.370732,-0.029861,19.212541,-0.006377,-0.019500,-6.273341,-0.161732,6.275426,126|127,0.5594
6749.017019,-0.461976,-23.370810,-0.029770,19.212541,-0.006377,-0.019500,-6.273298,-0.161720,6.275382,126|127,0.5593
6749.033685,-0.461993,-23.370809,-0.029825,19.212541,-0.006378,-0.019500,-6.273299,-0.161729,6.275383,126|127,0.5593
6749.050352,-0.461962,-23.370809,-0.029766,19.212541,-0.006378,-0.019500,-6.273299,-0.161712,6.275383,126|127,0.5594
6749.067019,-0.461985,-23.370809,-0.029816,19.212541,-0.006378,-0.019500,-6.273299,-0.161724,6.275383,126|127,0.5594
6749.083685,-0.462001,-23.370802,-0.029858,19.212541,-0.006378,-0.019500,-6.273303,-0.161733,6.275387,126|127,0.5594
6749.100352,-0.462028,-23.370805,-0.029926,19.212541,-0.006378,-0.019501,-6.273302,-0.161748,6.275386,126|127,0.5594
6749.117019,-0.461976,-23.370815,-0.029812,19.212541,-0.006378,-0.019501,-6.273296,-0.161719,6.275380,126|127,0.5595
6749.133685,-0.461962,-23.370835,-0.029785,19.212541,-0.006378,-0.019500,-6.273285,-0.161712,6.275369,126|127,0.5594
6749.150352,-0.461964,-23.370861,-0.029794,19.212541,-0.006377,-0.019500,-6.273271,-0.161713,6.275355,126|127,0.5594
6749.167019,-0.461964,-23.370861,-0.029794,19.212541,-0.006378,-0.019500,-6.273271,-0.161713,6.275355,126|127,0.5594
6749.183685,-0.461973,-23.370822,-0.029820,19.212541,-0.006378,-0.019500,-6.273292,-0.161718,6.275376,126|127,0.5594
6749.217019,-0.461973,-23.370822,-0.029820,19.212541,-0.006378,-0.019500,-6.273292,-0.161718,6.275376,126|127,0.5594
6749.233685,-0.461974,-23.370845,-0.029818,19.212539,-0.006378,-0.019501,-6.273277,-0.161719,6.275362,126|127,0.5594
6749.250352,-0.461968,-23.370828,-0.029814,19.212541,-0.006377,-0.019500,-6.273289,-0.161715,6.275373,126|127,0.5594
6749.267019,-0.462012,-23.370842,-0.029894,19.212541,-0.006378,-0.019500,-6.273281,-0.161739,6.275366,126|127,0.5594
6749.283685,-0.462039,-23.370819,-0.029951,19.212541,-0.006378,-0.019500,-6.273294,-0.161754,6.275379,126|127,0.5594
6749.300352,-0.462029,-23.370840,-0.029924,19.212541,-0.006378,-0.019500,-6.273282,-0.161748,6.275367,126|127,0.5594
6749.317019,-0.462035,-23.370853,-0.029936,19.212541,-0.006378,-0.019500,-6.273275,-0.161752,6.275360,126|127,0.5593
6749.333685,-0.462008,-23.370820,-0.029891,19.212541,-0.006377,-0.019500,-6.273293,-0.161737,6.275378,126|127,0.5594
6749.350352,-0.462008,-23.370820,-0.029891,19.212541,-0.006378,-0.019500,-6.273293,-0.161737,6.275378,126|127,0.5594
6749.367019,-0.462038,-23.370795,-0.029955,19.212541,-0.006378,-0.019500,-6.273307,-0.161753,6.275392,126|127,0.5594
6749.383685,-0.462048,-23.370806,-0.029980,19.212541,-0.006378,-0.019500,-6.273301,-0.161759,6.275386,126|127,0.5593
6749.400352,-0.462055,-23.370799,-0.029989,19.212541,-0.006378,-0.019500,-6.273305,-0.161762,6.275390,126|127,0.5593
6749.417019,-0.462111,-23.370828,-0.030084,19.212541,-0.006378,-0.019500,-6.273289,-0.161793,6.275375,126|127,0.5593
6749.433685,-0.462082,-23.370811,-0.030039,19.212541,-0.006378,-0.019500,-6.273298,-0.161777,6.275384,126|127,0.5594
6749.450352,-0.462113,-23.370818,-0.030103,19.212541,-0.006378,-0.019500,-6.273294,-0.161794,6.275380,126|127,0.5594
6749.467019,-0.462113,-23.370818,-0.030103,19.212541,-0.006378,-0.019500,-6.273294,-0.161794,6.275380,126|127,0.5594
6749.483685,-0.462137,-23.370821,-0.030145,19.212541,-0.006378,-0.019500,-6.273292,-0.161807,6.275379,126|127,0.5594
6749.500352,-0.462127,-23.370837,-0.030133,19.212541,-0.006378,-0.019500,-6.273284,-0.161801,6.275370,126|127,0.5594
6749.517019,-0.462097,-23.370846,-0.030074,19.212541,-0.006378,-0.019500,-6.273279,-0.161785,6.275365,126|127,0.5594
6749.533685,-0.462084,-23.370862,-0.030050,19.212539,-0.006378,-0.019500,-6.273268,-0.161778,6.275354,126|127,0.5593
6749.567019,-0.462132,-23.370874,-0.030163,19.212541,-0.006378,-0.019500,-6.273264,-0.161804,6.275350,126|127,0.5593
6749.583685,-0.462138,-23.370876,-0.030164,19.212541,-0.006378,-0.019500,-6.273263,-0.161807,6.275349,126|127,0.5593
6749.600352,-0.462101,-23.370885,-0.030089,19.212541,-0.006378,-0.019501,-6.273258,-0.161787,6.275344,126|127,0.5593
6749.617019,-0.462155,-23.370864,-0.030190,19.212541,-0.006378,-0.019501,-6.273269,-0.161817,6.275356,126|127,0.5593
6749.633685,-0.462152,-23.370876,-0.030181,19.212541,-0.006378,-0.019500,-6.273262,-0.161815,6.275349,126|127,0.5593
6749.650352,-0.462140,-23.370905,-0.030145,19.212541,-0.006377,-0.019499,-6.273247,-0.161809,6.275333,126|127,0.5593
6749.667019,-0.462163,-23.370906,-0.030184,19.212543,-0.006377,-0.019497,-6.273248,-0.161822,6.275335,126|127,0.5593
6749.683685,-0.462158,-23.370940,-0.030172,19.212541,-0.006377,-0.019498,-6.273228,-0.161819,6.275315,126|127,0.5593
6749.700352,-0.462158,-23.370940,-0.030172,19.212541,-0.006377,-0.019497,-6.273228,-0.161819,6.275315,126|127,0.5592
6749.717019,-0.462108,-23.370907,-0.030096,19.212541,-0.006377,-0.019497,-6.273246,-0.161792,6.275332,126|127,0.5593
6749.733685,-0.462093,-23.370902,-0.030060,19.212541,-0.006377,-0.019497,-6.273248,-0.161784,6.275334,126|127,0.5593
6749.750352,-0.462127,-23.370912,-0.030126,19.212541,-0.006377,-0.019497,-6.273243,-0.161802,6.275330,126|127,0.5593
6749.783685,-0.462115,-23.370930,-0.030109,19.212541,-0.006377,-0.019497,-6.273234,-0.161795,6.275320,126|127,0.5593
6749.800352,-0.462134,-23.370949,-0.030127,19.212541,-0.006377,-0.019497,-6.273223,-0.161806,6.275309,126|127,0.5593
6749.817019,-0.462134,-23.370949,-0.030126,19.212541,-0.006377,-0.019497,-6.273223,-0.161805,6.275309,126|127,0.5592
6749.833685,-0.462130,-23.370954,-0.030130,19.212541,-0.006377,-0.019497,-6.273221,-0.161803,6.275307,126|127,0.5592
