t,x,y,yaw,odom_x,odom_y,odom_yaw,error_x,error_y,error_dist,tags_used,quality
6936.517028,-0.162165,0.437467,0.000348,-0.000000,0.000000,0.000000,0.000000,0.000000,0.000000,0|1,0.5587
6936.533695,-0.162105,0.437386,0.000272,-0.000000,0.000000,0.000000,0.000044,0.000033,0.000055,0|1,0.5588
6936.550362,-0.162105,0.437386,0.000271,0.000011,0.000000,-0.000000,0.000033,0.000033,0.000047,0|1,0.5576
6936.583695,-0.162043,0.437747,0.000156,0.004248,0.000087,0.000017,-0.004400,-0.000020,0.004400,0|1,0.5590
6936.600362,-0.160970,0.440424,0.000447,0.008222,0.000310,0.000435,-0.009829,0.000341,0.009834,0|1,0.5651
6936.617028,-0.160980,0.438884,0.000686,0.014683,0.000239,-0.000022,-0.015453,0.000406,0.015458,0|1,0.5628
6936.633695,-0.156147,0.427135,0.001116,0.014683,0.000239,-0.000022,-0.009067,0.003030,0.009560,0|1,0.5588
6936.650362,-0.156148,0.427136,0.001118,0.028458,-0.000219,-0.000009,-0.022842,0.003487,0.023107,0|1,0.5607
6936.683695,-0.165040,0.401510,0.000211,0.035492,-0.000508,-0.000022,-0.015950,-0.001061,0.015986,0|1,0.5580
6936.700362,-0.168798,0.392910,-0.000010,0.049524,-0.000184,0.000782,-0.025310,-0.003429,0.025541,0|1,0.5574
6936.717028,-0.168799,0.392910,-0.000009,0.049524,-0.000184,0.000782,-0.025310,-0.003429,0.025541,0|1,0.5554
6936.733695,-0.163956,0.375474,0.002033,0.056478,-0.000376,0.001320,-0.022786,-0.000608,0.022795,0|1,0.5576
6936.750362,-0.167674,0.366333,0.002544,0.063561,-0.000656,0.001652,-0.024902,-0.002350,0.025013,0|1,0.5595
6936.767028,-0.172057,0.356683,0.002773,0.077511,-0.001035,0.001652,-0.033608,-0.004356,0.033890,0|1,0.5624
6936.783695,-0.177114,0.347583,0.002663,0.077511,-0.001035,0.001652,-0.028664,-0.007107,0.029532,0|1,0.5630
6936.800362,-0.177120,0.339483,0.002476,0.084441,0.000014,0.001623,-0.031192,-0.008160,0.032242,0|1,0.5635
6936.817028,-0.162889,0.331313,0.002936,0.091082,0.000244,0.001758,-0.033389,-0.000657,0.033396,0|1,0.5616
6936.833695,-0.160669,0.322436,0.002656,0.104260,-0.000548,0.001715,-0.041743,0.001340,0.041764,0|1,0.5636
6936.850362,-0.166025,0.314019,0.002350,0.104260,-0.000548,0.001715,-0.037169,-0.001573,0.037202,0|1,0.5655
6936.867028,-0.172288,0.305511,0.003018,0.110963,-0.001002,0.001740,-0.039249,-0.004525,0.039509,0|1,0.5664
6936.883695,-0.178804,0.296955,0.002840,0.117953,-0.001488,0.001817,-0.041591,-0.007581,0.042276,0|1,0.5669
6936.900362,-0.178802,0.296955,0.002839,0.124917,-0.000862,0.001896,-0.048555,-0.008206,0.049243,0|1,0.5656
6936.933695,-0.164989,0.270871,0.004782,0.145273,-0.000356,0.002417,-0.054732,-0.001210,0.054745,0|1|2,0.5641
6936.950362,-0.165952,0.262809,0.005375,0.145273,-0.000356,0.002417,-0.050351,-0.001735,0.050381,0|1|2,0.5642
6936.967028,-0.172865,0.254428,0.005500,0.152106,-0.000876,0.002890,-0.052630,-0.004973,0.052865,0|1|2,0.5624
6936.983695,-0.172865,0.254428,0.005499,0.159149,-0.000547,0.003027,-0.059673,-0.005303,0.059909,0|1|2,0.5616
6937.000362,-0.180182,0.245727,0.005093,0.173140,-0.000099,0.003319,-0.068937,-0.009729,0.069620,0|1|2,0.5629
6937.017028,-0.175469,0.237869,0.005327,0.179973,-0.000706,0.003338,-0.071498,-0.006562,0.071798,0|1|2,0.5621
6937.033695,-0.169924,0.220102,0.005398,0.179973,-0.000706,0.003338,-0.061841,-0.003551,0.061943,0|1|2,0.5616
6937.050362,-0.178929,0.211639,0.005315,0.186660,-0.001337,0.003397,-0.063930,-0.007816,0.064406,0|1|2,0.5610
6937.067028,-0.178930,0.211642,0.005318,0.200748,-0.001246,0.003387,-0.078020,-0.007908,0.078420,0|1|2,0.5606
6937.083695,-0.196385,0.195658,0.005675,0.200748,-0.001246,0.003387,-0.069336,-0.017397,0.071486,0|1|2,0.5602
6937.100362,-0.196386,0.195658,0.005675,0.214795,-0.000393,0.003463,-0.083383,-0.018251,0.085357,0|1|2,0.5596
6937.117028,-0.172996,0.176263,0.003730,0.221626,-0.000873,0.003437,-0.079669,-0.005063,0.079830,0|1|2,0.5610
6937.133695,-0.174209,0.167505,0.004243,0.221626,-0.000873,0.003437,-0.074909,-0.005724,0.075128,0|1|2,0.5621
6937.150362,-0.181426,0.158744,0.004000,0.228330,-0.001394,0.003488,-0.076854,-0.009127,0.077394,0|1|2,0.5626
6937.167028,-0.189147,0.149851,0.003743,0.235081,-0.001200,0.003556,-0.078773,-0.013518,0.079925,0|1|2,0.5638
6937.183695,-0.185938,0.142265,0.003231,0.241952,-0.000504,0.003709,-0.081520,-0.012472,0.082469,0|1|2,0.5633
6937.200362,-0.176474,0.133174,0.003067,0.248846,-0.000280,0.003879,-0.083472,-0.007554,0.083813,0|1|2,0.5626
6937.217028,-0.174180,0.124125,0.002616,0.255786,-0.000758,0.003908,-0.085493,-0.005831,0.085692,0|1|2,0.5627
6937.233695,-0.174180,0.124125,0.002620,0.269753,-0.001836,0.003959,-0.099461,-0.004753,0.099575,0|1|2,0.5639
6937.250362,-0.181320,0.115381,0.003276,0.276765,-0.001069,0.004037,-0.101721,-0.009402,0.102155,0|1|2,0.5634
6937.283695,-0.188990,0.106669,0.003780,0.283793,-0.000184,0.004065,-0.104016,-0.014457,0.105016,0|1|2,0.5631
6937.300362,-0.174163,0.080828,0.004874,0.297408,-0.000090,0.004742,-0.103585,-0.006498,0.103788,0|1|2,0.5630
6937.333695,-0.175331,0.063605,0.005349,0.304315,-0.000867,0.005219,-0.101131,-0.006360,0.101331,0|1|2,0.5609
6937.350362,-0.185950,0.055773,0.005877,0.311639,-0.000493,0.004750,-0.104201,-0.012506,0.104949,0|1|2,0.5616
6937.383695,-0.171116,0.037401,0.005060,0.332164,0.000877,0.005203,-0.114739,-0.005817,0.114886,0|1|2,0.5618
6937.400362,-0.165041,0.028805,0.005063,0.332164,0.000877,0.005203,-0.110066,-0.002517,0.110094,0|1|2,0.5621
6937.417028,-0.159781,0.020148,0.005055,0.338890,0.000069,0.005552,-0.112086,0.001148,0.112092,0|1|2,0.5607
6937.433695,-0.173806,0.010916,0.007754,0.345869,-0.000381,0.005702,-0.114050,-0.006026,0.114209,0|1|2|4,0.5470
6937.450362,-0.172362,0.010069,0.004889,0.352994,0.000023,0.006019,-0.120714,-0.005646,0.120846,0|1|2|3|4,0.5616
6937.467028,-0.179155,0.003893,0.006643,0.360063,0.000395,0.006263,-0.124428,-0.009711,0.124807,0|1|2|3|4,0.5631
6937.483695,-0.168340,-0.014728,0.006957,0.373468,0.000973,0.006848,-0.127712,-0.004414,0.127788,0|1|2|3|4,0.5632
6937.500362,-0.164551,-0.023407,0.007156,0.373468,0.000973,0.006848,-0.122994,-0.002357,0.123016,0|1|2|3|4,0.5612
6937.533695,-0.171225,-0.039822,0.008147,0.387135,0.000767,0.007004,-0.127740,-0.005781,0.127871,0|1|2|3|4,0.5589
6937.550362,-0.166030,-0.047265,0.008078,0.394230,0.001373,0.007239,-0.130789,-0.003565,0.130838,0|1|2|3|4,0.5601
6937.567028,-0.157342,-0.056841,0.006076,0.407866,0.002373,0.007475,-0.139219,0.000155,0.139219,0|1|2|3|4,0.5614
6937.617028,-0.147580,-0.082833,0.006980,0.428405,0.001377,0.008520,-0.145631,0.006451,0.145774,0|1|2|3|4,0.5617
6937.633695,-0.161246,-0.090517,0.007880,0.428405,0.001377,0.008520,-0.141457,-0.000977,0.141460,0|1|2|3|4,0.5621
6937.667028,-0.158981,-0.109204,0.009126,0.442630,0.001507,0.009240,-0.145525,0.000121,0.145525,0|1|2|3|4,0.5633
6937.683695,-0.158980,-0.109203,0.009127,0.449566,0.001550,0.009731,-0.152462,0.000078,0.152462,0|1|2|3|4,0.5626
6937.700362,-0.159089,-0.117933,0.009425,0.463379,0.001756,0.010639,-0.161531,-0.000189,0.161531,0|1|2|3|4,0.5626
6937.717028,-0.158907,-0.134994,0.009024,0.470308,0.001872,0.010930,-0.159187,-0.000210,0.159187,0|1|2|3|4,0.5627
6937.733695,-0.158907,-0.134994,0.009024,0.470308,0.001872,0.010930,-0.159187,-0.000210,0.159187,0|1|2|3|4,0.5637
6937.750362,-0.158188,-0.143849,0.009803,0.484123,0.001838,0.011009,-0.168190,0.000214,0.168190,0|1|2|3|4,0.5633
6937.767028,-0.159106,-0.161407,0.011260,0.484123,0.001838,0.011009,-0.158647,-0.000289,0.158647,0|1|2|3|4,0.5637
6937.783695,-0.160763,-0.170057,0.012135,0.491184,0.001773,0.011209,-0.161008,-0.001126,0.161012,0|1|2|3|4,0.5625
6937.800362,-0.162671,-0.178791,0.012698,0.498232,0.002252,0.011513,-0.163309,-0.002643,0.163331,0|1|2|3|4,0.5604
6937.817029,-0.156695,-0.187793,0.013011,0.505088,0.002026,0.011907,-0.165271,0.000829,0.165273,0|1|2|3|4,0.5596
6937.850362,-0.167507,-0.205378,0.014581,0.526026,0.001054,0.012361,-0.176655,-0.004079,0.176702,0|1|2|3|4,0.5610
6937.867029,-0.173818,-0.214191,0.014767,0.532705,0.002053,0.012504,-0.178545,-0.008509,0.178748,0|1|2|3|4,0.5622
6937.883695,-0.179193,-0.222402,0.014846,0.532705,0.002053,0.012504,-0.174084,-0.011432,0.174459,0|1|2|3|4,0.5613
6937.900362,-0.179193,-0.222401,0.014847,0.539294,0.003070,0.012545,-0.180673,-0.012449,0.181102,0|1|2|3|4,0.5621
6937.917029,-0.152657,-0.239061,0.014847,0.552347,0.002732,0.012401,-0.184667,0.002307,0.184681,0|1|2|3|4,0.5610
6937.933695,-0.152657,-0.239061,0.014847,0.559018,0.002480,0.012386,-0.191338,0.002560,0.191355,0|1|2|3|4,0.5622
6937.950362,-0.160181,-0.255522,0.014710,0.565937,0.002201,0.012504,-0.189313,-0.001254,0.189317,0|1|2|3|4,0.5629
6937.967029,-0.164340,-0.264905,0.013408,0.565937,0.002201,0.012504,-0.184214,-0.003516,0.184247,0|1|2|3|4|5,0.5530
6937.983695,-0.164282,-0.265006,0.013258,0.579663,0.003182,0.012895,-0.197885,-0.004466,0.197935,0|1|2|3|4|5,0.5617
6938.000362,-0.162876,-0.280820,0.014481,0.586363,0.002899,0.012978,-0.195990,-0.003421,0.196019,0|1|2|3|4|5,0.5624
6938.033695,-0.162876,-0.280820,0.014485,0.599839,0.002220,0.013407,-0.209466,-0.002742,0.209484,0|1|2|3|4|5,0.5640
6938.050362,-0.169940,-0.306532,0.013380,0.606881,0.002515,0.013535,-0.202535,-0.006881,0.202652,0|1|2|3|4|5,0.5644
6938.067029,-0.169942,-0.306531,0.013383,0.614000,0.003345,0.013612,-0.209655,-0.007712,0.209796,0|1|2|3|4|5,0.5640
6938.100362,-0.162097,-0.332281,0.012964,0.621010,0.004127,0.013685,-0.202669,-0.004235,0.202713,0|1|2|3|4|5,0.5639
6938.133695,-0.154421,-0.349442,0.013547,0.634326,0.003538,0.013846,-0.206657,0.000522,0.206658,0|1|2|3|4|5,0.5619
6938.150362,-0.164830,-0.357852,0.014159,0.648188,0.003447,0.014220,-0.215950,-0.005046,0.216009,0|1|2|3|4|5,0.5624
6938.167029,-0.175661,-0.366507,0.014527,0.648188,0.003447,0.014220,-0.211248,-0.010934,0.211531,0|1|2|3|4|5,0.5619
6938.183695,-0.175661,-0.366507,0.014528,0.655277,0.004215,0.014294,-0.218337,-0.011701,0.218650,0|1|2|3|4|5,0.5626
6938.200362,-0.159142,-0.383746,0.015432,0.668984,0.003750,0.014346,-0.222672,-0.002263,0.222684,0|1|2|3|4|5,0.5620
6938.217029,-0.160103,-0.392862,0.016715,0.675679,0.003242,0.014387,-0.224412,-0.002279,0.224424,0|1|2|3|4|5,0.5627
6938.233695,-0.160103,-0.392863,0.016715,0.682371,0.003172,0.014488,-0.231105,-0.002208,0.231115,0|1|2|3|4|5,0.5642
6938.250362,-0.177056,-0.409871,0.015623,0.682371,0.003172,0.014488,-0.221864,-0.011425,0.222158,0|1|2|3|4|5,0.5648
6938.267029,-0.178718,-0.417799,0.015385,0.689245,0.003836,0.014516,-0.224429,-0.012994,0.224805,0|1|2|3|4|5,0.5636
6938.283695,-0.178718,-0.417799,0.015387,0.696194,0.004519,0.014512,-0.231378,-0.013677,0.231782,0|1|2|3|4|5,0.5642
6938.300362,-0.161928,-0.435585,0.015906,0.703190,0.004266,0.014440,-0.228706,-0.004302,0.228746,0|1|2|3|4|5,0.5632
6938.317029,-0.167411,-0.444744,0.017700,0.710233,0.003640,0.014409,-0.230771,-0.006658,0.230867,0|1|2|3|4|5,0.5631
6938.333695,-0.177613,-0.453659,0.015717,0.724292,0.003350,0.014407,-0.239987,-0.011914,0.240282,0|1|2|3|4|5,0.5634
6938.350362,-0.187810,-0.462877,0.016087,0.724292,0.003350,0.014407,-0.234979,-0.017457,0.235627,0|1|2|3|4|5,0.5625
6938.367029,-0.183914,-0.471031,0.017020,0.731454,0.004201,0.014405,-0.237709,-0.016193,0.238260,0|1|2|3|4|5,0.5626
6938.383695,-0.173088,-0.479984,0.016168,0.745795,0.003969,0.014512,-0.247182,-0.010079,0.247387,0|1|2|3|4|5,0.5615
6938.400362,-0.174732,-0.489446,0.015810,0.753011,0.003736,0.014562,-0.249256,-0.010741,0.249487,0|1|2|3|4|5,0.5614
6938.417029,-0.179469,-0.498413,0.015567,0.753011,0.003736,0.014562,-0.244384,-0.013317,0.244746,0|1|2|3|4|5,0.5617
6938.433695,-0.179468,-0.498414,0.015569,0.767226,0.005633,0.014540,-0.258598,-0.015214,0.259045,0|1|2|3|4|5,0.5617
6938.450362,-0.175394,-0.515301,0.014598,0.767226,0.005633,0.014540,-0.249419,-0.013003,0.249758,0|1|2|3|4|5,0.5623
6938.467029,-0.175395,-0.515301,0.014599,0.774220,0.006746,0.014572,-0.256413,-0.014117,0.256802,0|1|2|3|4|5,0.5620
6938.483695,-0.160424,-0.524298,0.014840,0.788271,0.005785,0.014558,-0.265572,-0.005020,0.265619,0|1|2|3|4|5,0.5611
6938.500362,-0.149899,-0.543561,0.013254,0.788271,0.005785,0.014558,-0.255101,0.000696,0.255102,0|1|2|3|4|5|6|7,0.5498
6938.517029,-0.149837,-0.543636,0.013131,0.802376,0.005744,0.014395,-0.269166,0.000770,0.269167,0|1|2|3|4|5|6|7,0.5630
6938.533695,-0.172336,-0.559886,0.013813,0.809549,0.006464,0.014388,-0.267512,-0.012180,0.267789,0|1|2|3|4|5|6|7,0.5607
6938.550362,-0.164314,-0.569493,0.014018,0.816607,0.006912,0.014424,-0.269346,-0.008270,0.269473,2|3|4|5|6|7,0.5650
6938.567029,-0.155550,-0.578531,0.013670,0.816607,0.006912,0.014424,-0.264433,-0.003509,0.264456,2|3|4|5|6|7,0.5636
6938.583695,-0.155552,-0.578531,0.013673,0.830653,0.005560,0.014465,-0.278478,-0.002158,0.278487,2|3|4|5|6|7,0.5628
6938.600362,-0.161459,-0.596414,0.013089,0.830653,0.005560,0.014465,-0.268760,-0.005372,0.268814,2|3|4|5|6|7,0.5625
6938.633695,-0.161458,-0.596414,0.013087,0.851667,0.007879,0.014560,-0.289775,-0.007690,0.289877,2|3|4|5|6|7,0.5620
6938.650362,-0.157685,-0.621642,0.012544,0.858617,0.008518,0.014592,-0.283014,-0.006284,0.283084,2|3|4|5|6|7,0.5621
6938.667029,-0.157685,-0.621643,0.012545,0.858617,0.008518,0.014592,-0.283013,-0.006284,0.283083,2|3|4|5|6|7,0.5615
6938.683695,-0.135838,-0.639640,0.013014,0.865678,0.008207,0.014541,-0.280288,0.005897,0.280350,2|3|4|5|6|7,0.5603
6938.717029,-0.135837,-0.639640,0.013013,0.879883,0.008134,0.014454,-0.294494,0.005971,0.294554,2|3|4|5|6|7,0.5622
6938.733695,-0.144877,-0.665776,0.014013,0.894225,0.009216,0.014681,-0.294633,-0.000029,0.294633,2|3|4|5|6|7,0.5628
6938.750362,-0.135376,-0.674935,0.014220,0.901220,0.008483,0.014677,-0.296649,0.005866,0.296707,2|3|4|5|6|7,0.5623
6938.767029,-0.133207,-0.684439,0.013592,0.901220,0.008483,0.014677,-0.291483,0.007043,0.291568,2|3|4|5|6|7,0.5616
6938.783695,-0.145078,-0.693342,0.013553,0.908254,0.007761,0.014841,-0.293681,0.001312,0.293684,2|3|4|5|6|7,0.5634
6938.800362,-0.156745,-0.702182,0.013291,0.922327,0.008450,0.015083,-0.302951,-0.005720,0.303005,2|3|4|5|6|7,0.5635
6938.817029,-0.156745,-0.702182,0.013291,0.929252,0.009000,0.015165,-0.309877,-0.006270,0.309940,2|3|4|5|6|7,0.5643
6938.850362,-0.156301,-0.710318,0.013703,0.943122,0.008323,0.015173,-0.319325,-0.005354,0.319370,2|3|4|5|6|7,0.5634
6938.867029,-0.144647,-0.736887,0.014162,0.943122,0.008323,0.015173,-0.304883,0.000975,0.304885,2|3|4|5|6|7,0.5624
6938.883695,-0.155667,-0.745576,0.014400,0.950242,0.007694,0.015203,-0.307282,-0.004386,0.307314,2|3|4|5|6|7,0.5622
6938.917029,-0.155667,-0.745576,0.014401,0.971844,0.009368,0.015409,-0.328884,-0.006061,0.328940,2|3|4|5|6|7,0.5628
6938.933695,-0.159358,-0.762923,0.014412,0.978944,0.008578,0.015415,-0.326558,-0.007279,0.326639,2|3|4|5|6|7,0.5623
6938.950362,-0.146647,-0.780838,0.014440,0.978944,0.008578,0.015415,-0.316819,-0.000375,0.316819,2|3|4|5|6|7,0.5609
6938.983695,-0.146646,-0.780838,0.014436,0.999849,0.009181,0.015400,-0.337724,-0.000978,0.337725,2|3|4|5|6|7,0.5605
6939.000362,-0.160178,-0.807060,0.014683,1.006815,0.009691,0.015439,-0.330441,-0.008847,0.330559,2|3|4|5|6|7,0.5618
6939.017029,-0.154108,-0.817197,0.014313,1.006815,0.009691,0.015439,-0.324931,-0.005549,0.324978,2|3|4|5|6|7|8,0.5549
6939.033695,-0.148216,-0.825252,0.014478,1.013875,0.010073,0.015425,-0.327612,-0.002731,0.327623,2|3|4|5|6|7|8,0.5611
6939.050362,-0.144479,-0.834220,0.014531,1.020965,0.009392,0.015402,-0.329828,-0.000021,0.329828,2|3|4|5|6|7|8,0.5587
6939.067029,-0.155794,-0.842669,0.014385,1.028024,0.008696,0.015356,-0.332297,-0.005476,0.332342,2|3|4|5|6|7|8,0.5542
6939.100362,-0.155695,-0.843329,0.014484,1.049011,0.010592,0.015300,-0.352925,-0.007318,0.353001,3|4|5|6|7|8,0.5605
6939.117029,-0.152124,-0.869047,0.014062,1.049011,0.010592,0.015300,-0.338947,-0.005382,0.338990,3|4|5|6|7|8,0.5602
6939.133695,-0.143600,-0.878336,0.014097,1.063056,0.009288,0.015402,-0.347942,0.000552,0.347942,3|4|5|6|7|8,0.5605
6939.150362,-0.154737,-0.887227,0.014104,1.063056,0.009288,0.015402,-0.343112,-0.005502,0.343156,3|4|5|6|7|8,0.5619
6939.167029,-0.165731,-0.895962,0.014331,1.070011,0.009422,0.015427,-0.345322,-0.011612,0.345518,3|4|5|6|7|8,0.5624
6939.183695,-0.165731,-0.895962,0.014332,1.077080,0.009962,0.015462,-0.352391,-0.012153,0.352601,3|4|5|6|7|8,0.5632
6939.200362,-0.164994,-0.903815,0.014359,1.091031,0.010996,0.015435,-0.362074,-0.012788,0.362299,3|4|5|6|7|8,0.5635
6939.217029,-0.152738,-0.922056,0.015177,1.091031,0.010996,0.015435,-0.352158,-0.006130,0.352211,3|4|5|6|7|8,0.5626
6939.233695,-0.146792,-0.931112,0.014798,1.104886,0.010039,0.015507,-0.361091,-0.001943,0.361096,3|4|5|6|7|8,0.5607
6939.250362,-0.146792,-0.931111,0.014798,1.104886,0.010039,0.015507,-0.361091,-0.001943,0.361096,3|4|5|6|7|8,0.5602
6939.283695,-0.150378,-0.939754,0.014742,1.126276,0.011586,0.015524,-0.377784,-0.005441,0.377823,3|4|5|6|7|8,0.5626
6939.300362,-0.153275,-0.965467,0.014502,1.133539,0.011128,0.015513,-0.371074,-0.006562,0.371132,3|4|5|6|7|8,0.5631
6939.317029,-0.146804,-0.974767,0.014575,1.133539,0.011128,0.015513,-0.366018,-0.003047,0.366031,3|4|5|6|7|8,0.5631
6939.333695,-0.146804,-0.974766,0.014575,1.140772,0.010445,0.015507,-0.373251,-0.002364,0.373259,3|4|5|6|7|8,0.5633
6939.350362,-0.154985,-0.984252,0.014380,1.154638,0.010750,0.015353,-0.381963,-0.007117,0.382030,3|4|5|6|7|8,0.5629
6939.367029,-0.170504,-1.001078,0.014475,1.154638,0.010750,0.015353,-0.372822,-0.015554,0.373146,3|4|5|6|7|8,0.5630
6939.383695,-0.163817,-1.010023,0.014655,1.161563,0.011322,0.015344,-0.374884,-0.012494,0.375092,3|4|5|6|7|8,0.5633
6939.400362,-0.157017,-1.019033,0.015085,1.168562,0.011666,0.015253,-0.376985,-0.009144,0.377096,3|4|5|6|7|8,0.5628
6939.417029,-0.157017,-1.019033,0.015086,1.182816,0.010202,0.015181,-0.391239,-0.007680,0.391314,3|4|5|6|7|8,0.5620
6939.433695,-0.154140,-1.028081,0.014784,1.189712,0.010309,0.015176,-0.393217,-0.006225,0.393267,3|4|5|6|7|8,0.5623
6939.450362,-0.165952,-1.037240,0.014806,1.196903,0.011054,0.015181,-0.395433,-0.013391,0.395659,3|4|5|6|7|8,0.5624
6939.467029,-0.177274,-1.053827,0.014737,1.196903,0.011054,0.015181,-0.386421,-0.019548,0.386915,3|4|5|6|7|8,0.5627
6939.483695,-0.177274,-1.053827,0.014737,1.204157,0.011506,0.015204,-0.393675,-0.020000,0.394182,3|4|5|6|7|8,0.5616
6939.500362,-0.163218,-1.072580,0.013823,1.211387,0.011148,0.015247,-0.390709,-0.012005,0.390894,3|4|5|6|7|8,0.5624
6939.533695,-0.175602,-1.091178,0.014715,1.232507,0.012387,0.015284,-0.401724,-0.019979,0.402221,3|4|5|6|7|8|10,0.5542
6939.567029,-0.175619,-1.091215,0.014730,1.246521,0.013889,0.015278,-0.415718,-0.021490,0.416273,3|4|5|6|7|8|10,0.5619
6939.583695,-0.142348,-1.115854,0.014830,1.246521,0.013889,0.015278,-0.402321,-0.003412,0.402335,3|5|6|7|8|9|10,0.5555
6939.600362,-0.138311,-1.125980,0.013733,1.260747,0.012469,0.015259,-0.411043,0.000199,0.411043,5|6|7|8|9|10,0.5617
6939.617029,-0.150407,-1.135193,0.013717,1.260747,0.012469,0.015259,-0.406038,-0.006377,0.406088,5|6|7|8|9|10,0.5628
6939.633695,-0.150409,-1.135194,0.013721,1.267669,0.012730,0.015198,-0.412960,-0.006638,0.413013,5|6|7|8|9|10,0.5626
6939.650362,-0.158682,-1.151837,0.013896,1.274722,0.013435,0.015214,-0.410969,-0.011842,0.411139,5|6|7|8|9|10,0.5635
6939.667029,-0.150022,-1.161052,0.014216,1.281861,0.014144,0.015220,-0.413099,-0.007847,0.413173,5|6|7|8|9|10,0.5630
6939.683695,-0.141464,-1.169945,0.014104,1.296166,0.013002,0.015197,-0.422569,-0.002055,0.422574,5|6|7|8|9|10,0.5626
6939.700362,-0.149840,-1.179338,0.013590,1.302892,0.012496,0.014986,-0.424191,-0.006103,0.424235,5|6|7|8|9|10,0.5627
6939.717029,-0.160758,-1.188347,0.013555,1.302892,0.012496,0.014986,-0.419297,-0.012039,0.419470,5|6|7|8|9|10,0.5616
6939.733695,-0.160759,-1.188347,0.013558,1.316454,0.014715,0.014906,-0.432859,-0.014258,0.433094,5|6|7|8|9|10,0.5618
6939.750362,-0.155459,-1.200987,0.013275,1.323561,0.015747,0.014891,-0.433096,-0.012412,0.433274,5|6|7|8|9|10,0.5631
6939.767029,-0.155458,-1.200987,0.013274,1.330751,0.015485,0.014830,-0.440286,-0.012150,0.440453,5|6|7|8|9|10,0.5631
6939.783695,-0.140189,-1.212274,0.012266,1.338046,0.015271,0.014807,-0.441444,-0.003640,0.441459,5|6|7|8|9|10,0.5625
6939.800362,-0.132003,-1.230916,0.014340,1.345319,0.015042,0.014781,-0.438584,0.001035,0.438585,5|6|7|8|9|10,0.5630
6939.833695,-0.141071,-1.250304,0.013936,1.352208,0.015792,0.014644,-0.434938,-0.004647,0.434963,5|6|7|8|9|10,0.5624
6939.867029,-0.141071,-1.250303,0.013936,1.366230,0.015793,0.014516,-0.448960,-0.004648,0.448984,5|6|7|8|9|10,0.5633
6939.883695,-0.124666,-1.266919,0.013244,1.380066,0.014701,0.014479,-0.453762,0.005356,0.453794,5|6|7|8|9|10,0.5637
6939.900362,-0.143248,-1.284789,0.012608,1.386730,0.015146,0.014474,-0.450718,-0.005191,0.450748,5|6|7|8|9|10,0.5629
6939.917029,-0.143248,-1.284789,0.012608,1.386730,0.015146,0.014474,-0.450718,-0.005191,0.450748,5|6|7|8|9|10,0.5622
6939.933695,-0.152332,-1.294036,0.012516,1.400773,0.016221,0.014511,-0.459737,-0.011204,0.459873,5|6|7|8|9|10,0.5630
6939.950362,-0.136076,-1.309369,0.012506,1.400773,0.016221,0.014511,-0.451400,-0.002372,0.451407,5|6|7|8|9|10,0.5624
6939.967029,-0.134728,-1.318772,0.012488,1.407531,0.015829,0.014295,-0.453048,-0.001250,0.453050,5|6|7|8|9|10,0.5629
6939.983695,-0.141996,-1.327730,0.012062,1.414236,0.015421,0.014288,-0.454886,-0.004793,0.454911,5|6|7|8|9|10,0.5628
6940.000362,-0.141996,-1.327730,0.012063,1.428235,0.015823,0.014468,-0.468885,-0.005195,0.468914,5|6|7|8|9|10,0.5623
6940.017029,-0.149074,-1.336790,0.011789,1.428235,0.015823,0.014468,-0.463963,-0.009044,0.464051,5|6|7|8|9|10,0.5621
6940.033695,-0.146077,-1.352658,0.012387,1.442654,0.016043,0.014511,-0.469757,-0.007638,0.469819,5|6|7|8|9|10,0.5607
6940.050362,-0.146076,-1.352658,0.012386,1.449719,0.015440,0.014481,-0.476822,-0.007035,0.476874,5|6|7|8|9|10,0.5607
6940.067029,-0.145832,-1.371810,0.012661,1.449719,0.015440,0.014481,-0.466413,-0.006905,0.466464,5|6|7|8|9|10|11,0.5581
6940.083695,-0.155704,-1.380416,0.012711,1.463123,0.015784,0.014461,-0.475142,-0.012616,0.475309,5|6|7|8|9|10|11,0.5621
6940.100362,-0.163312,-1.386987,0.012461,1.463123,0.015784,0.014461,-0.471572,-0.016752,0.471870,5|6|7|8|9|10|11,0.5587
6940.117029,-0.152528,-1.395794,0.012884,1.477114,0.017176,0.014396,-0.480775,-0.012286,0.480932,6|7|8|9|10|11,0.5624
6940.133695,-0.152528,-1.395793,0.012882,1.484211,0.016812,0.014393,-0.487872,-0.011922,0.488018,6|7|8|9|10|11,0.5616
6940.167029,-0.141538,-1.404707,0.013309,1.498295,0.016121,0.014387,-0.497110,-0.005259,0.497137,6|7|8|9|10|11,0.5628
6940.183695,-0.141980,-1.423207,0.014139,1.505111,0.016493,0.014382,-0.493871,-0.005875,0.493906,6|7|8|9|10|11,0.5628
6940.200362,-0.147993,-1.432080,0.014463,1.512074,0.017385,0.014360,-0.496013,-0.010037,0.496114,6|7|8|9|10|11,0.5616
6940.217029,-0.149928,-1.448165,0.014714,1.519073,0.017007,0.014376,-0.494271,-0.010714,0.494387,6|7|8|9|10|11,0.5614
6940.233695,-0.149928,-1.448164,0.014713,1.526096,0.016668,0.014399,-0.501295,-0.010374,0.501402,6|7|8|9|10|11,0.5621
6940.250362,-0.146180,-1.466586,0.014382,1.533126,0.016344,0.014450,-0.498311,-0.008017,0.498376,6|7|8|9|10|11,0.5628
6940.267029,-0.152314,-1.475775,0.014248,1.533126,0.016344,0.014450,-0.493318,-0.011352,0.493449,6|7|8|9|10|11,0.5631
6940.283695,-0.158100,-1.484454,0.013660,1.547107,0.017326,0.014510,-0.502584,-0.015481,0.502822,6|7|8|9|10|11,0.5630
6940.300362,-0.157772,-1.491974,0.013842,1.554081,0.018203,0.014516,-0.505471,-0.016181,0.505730,6|7|8|9|10|11,0.5625
6940.317029,-0.146432,-1.501154,0.013540,1.554081,0.018203,0.014516,-0.500480,-0.010019,0.500580,6|7|8|9|10|11,0.5617
6940.333695,-0.135049,-1.510186,0.013100,1.560942,0.018166,0.014525,-0.502430,-0.003798,0.502445,6|7|8|9|10|11,0.5605
6940.350362,-0.135049,-1.510186,0.013101,1.574699,0.017070,0.014586,-0.516186,-0.002702,0.516194,6|7|8|9|10|11,0.5606
6940.367029,-0.147158,-1.527923,0.012548,1.581575,0.017350,0.014597,-0.513425,-0.009565,0.513515,6|7|8|9|10|11,0.5616
6940.383695,-0.156513,-1.536730,0.012346,1.588823,0.018268,0.014585,-0.515889,-0.015570,0.516124,6|7|8|9|10|11,0.5617
6940.400362,-0.153630,-1.543777,0.012946,1.588823,0.018268,0.014585,-0.512058,-0.014004,0.512250,6|7|8|9|10|11,0.5624
6940.417029,-0.153630,-1.543777,0.012944,1.603296,0.017686,0.014499,-0.526531,-0.013423,0.526702,6|7|8|9|10|11,0.5626
6940.433695,-0.147566,-1.563420,0.013304,1.603296,0.017686,0.014499,-0.515854,-0.010131,0.515954,6|7|8|9|10|11,0.5637
6940.450362,-0.147566,-1.563420,0.013304,1.617241,0.017125,0.014672,-0.529799,-0.009569,0.529886,6|7|8|9|10|11,0.5643
6940.467029,-0.153563,-1.572523,0.013841,1.623999,0.017965,0.014396,-0.531612,-0.013670,0.531788,6|7|8|9|10|11,0.5635
6940.483695,-0.159320,-1.581620,0.013243,1.623999,0.017965,0.014396,-0.526669,-0.016801,0.526937,6|7|8|9|10|11,0.5622
6940.500362,-0.151850,-1.597292,0.013561,1.631075,0.018489,0.014288,-0.525226,-0.013268,0.525393,6|7|8|9|10|11,0.5630
6940.533695,-0.153371,-1.616235,0.013880,1.652352,0.017422,0.014058,-0.536208,-0.013032,0.536366,6|7|8|9|10|11,0.5632
6940.550362,-0.153372,-1.616236,0.013880,1.652352,0.017422,0.014058,-0.536207,-0.013032,0.536366,6|7|8|9|10|11,0.5635
6940.567029,-0.159515,-1.624877,0.012800,1.659275,0.017339,0.013814,-0.538436,-0.016289,0.538682,6|7|8|9|10|11,0.5630
6940.583695,-0.165705,-1.633846,0.012655,1.673642,0.017947,0.013750,-0.547929,-0.020263,0.548304,6|7|8|9|10|11,0.5617
6940.600362,-0.167044,-1.642122,0.011424,1.680820,0.017979,0.013807,-0.550609,-0.021025,0.551011,6|7|8|9|10|11|13,0.5624
6940.617029,-0.161531,-1.660525,0.010829,1.680820,0.017979,0.013807,-0.540606,-0.018032,0.540907,6|7|8|9|10|11|12|13,0.5613
6940.650362,-0.162723,-1.679218,0.011328,1.695067,0.018423,0.013847,-0.544695,-0.019126,0.545031,8|9|10|11|12|13,0.5635
6940.667029,-0.158316,-1.686318,0.011018,1.702212,0.019896,0.013872,-0.547980,-0.018206,0.548282,8|9|10|11|12|13,0.5631
6940.683695,-0.158317,-1.686317,0.011011,1.716436,0.020030,0.013884,-0.562205,-0.018341,0.562504,8|9|10|11|12|13,0.5631
6940.700362,-0.138547,-1.695724,0.010948,1.723506,0.019695,0.013854,-0.564159,-0.007263,0.564205,8|9|10|11|12|13,0.5633
6940.717029,-0.132691,-1.705561,0.010671,1.730580,0.019377,0.013823,-0.565885,-0.003764,0.565898,8|9|10|11|12|13,0.5638
6940.733695,-0.146114,-1.723255,0.009800,1.730580,0.019377,0.013823,-0.556271,-0.011063,0.556381,8|9|10|11|12|13,0.5638
6940.750362,-0.151885,-1.731912,0.009215,1.744802,0.020748,0.013786,-0.565790,-0.015572,0.566004,8|9|10|11|12|13,0.5633
6940.767029,-0.151884,-1.731912,0.009211,1.751959,0.020514,0.013621,-0.572946,-0.015337,0.573152,8|9|10|11|12|13,0.5626
6940.783695,-0.134476,-1.749109,0.010003,1.759101,0.020149,0.013637,-0.570739,-0.005515,0.570766,8|9|10|11|12|13,0.5629
6940.800362,-0.139948,-1.758430,0.009895,1.759101,0.020149,0.013637,-0.565675,-0.008490,0.565738,8|9|10|11|12|13,0.5626
6940.817029,-0.139948,-1.758430,0.009894,1.766238,0.019811,0.013681,-0.572812,-0.008152,0.572870,8|9|10|11|12|13,0.5625
6940.833695,-0.146628,-1.767702,0.010487,1.779961,0.020807,0.013655,-0.581496,-0.012780,0.581637,8|9|10|11|12|13,0.5623
6940.850362,-0.158110,-1.785897,0.010417,1.779961,0.020807,0.013655,-0.571610,-0.019024,0.571926,8|9|10|11|12|13,0.5611
6940.867029,-0.140903,-1.791122,0.010152,1.794339,0.022087,0.013732,-0.583146,-0.010953,0.583249,8|9|10|11|12|13,0.5621
6940.883695,-0.124551,-1.802695,0.010505,1.794339,0.022087,0.013732,-0.576853,-0.002068,0.576857,8|9|10|11|12|13,0.5628
6940.900362,-0.125799,-1.811000,0.010836,1.801586,0.022141,0.013715,-0.579586,-0.002803,0.579593,8|9|10|11|12|13,0.5638
6940.917029,-0.125799,-1.811000,0.010839,1.816150,0.022219,0.013646,-0.594150,-0.002881,0.594157,8|9|10|11|12|13,0.5643
6940.933695,-0.127123,-1.829476,0.010432,1.816150,0.022219,0.013646,-0.584109,-0.003604,0.584120,8|9|10|11|12|13,0.5634
6940.950362,-0.127123,-1.829475,0.010435,1.830299,0.022549,0.014072,-0.598258,-0.003934,0.598271,8|9|10|11|12|13,0.5616
6940.967029,-0.127541,-1.838420,0.010331,1.837478,0.022235,0.014099,-0.600576,-0.003849,0.600589,8|9|10|11|12|13,0.5622
6940.983695,-0.126343,-1.855703,0.011359,1.837478,0.022235,0.014099,-0.591183,-0.003200,0.591191,8|9|10|11|12|13,0.5630
6941.000362,-0.131973,-1.865152,0.011317,1.844633,0.021919,0.014116,-0.593204,-0.005946,0.593234,8|9|10|11|12|13,0.5627
6941.017029,-0.137928,-1.874222,0.011348,1.858604,0.022552,0.014324,-0.602247,-0.009817,0.602327,8|9|10|11|12|13,0.5623
6941.050362,-0.137929,-1.874222,0.011347,1.865707,0.023006,0.014474,-0.609350,-0.010272,0.609437,8|9|10|11|12|13,0.5631
6941.083695,-0.131766,-1.909524,0.011740,1.886722,0.022199,0.014614,-0.611178,-0.006122,0.611209,8|9|10|11|12|13,0.5631
6941.117029,-0.131765,-1.909525,0.011743,1.901098,0.023362,0.014678,-0.625553,-0.007285,0.625595,8|9|10|11|12|13,0.5618
6941.133695,-0.142647,-1.927040,0.011326,1.901098,0.023362,0.014678,-0.616036,-0.013202,0.616177,8|9|10|11|12|13|14,0.5605
6941.150362,-0.140828,-1.935134,0.010866,1.915411,0.022436,0.014807,-0.625949,-0.011289,0.626051,9|10|11|12|13|14,0.5615
6941.167029,-0.128770,-1.944773,0.010896,1.915411,0.022436,0.014807,-0.620709,-0.004738,0.620727,9|10|11|12|13|14,0.5617
6941.183695,-0.145328,-1.963314,0.011398,1.922439,0.021901,0.014735,-0.617664,-0.013205,0.617805,9|10|11|12|13|14,0.5617
6941.233695,-0.145331,-1.963314,0.011395,1.943206,0.024026,0.014656,-0.638431,-0.015332,0.638615,9|10|11|12|13|14,0.5617
6941.250362,-0.127581,-1.998220,0.011740,1.957432,0.023401,0.014646,-0.633683,-0.005066,0.633703,9|10|11|12|13|14,0.5618
6941.267029,-0.133244,-2.007072,0.011743,1.964477,0.023090,0.014635,-0.635918,-0.007835,0.635966,9|10|11|12|13|14,0.5622
6941.283695,-0.133243,-2.007072,0.011744,1.971205,0.023063,0.014609,-0.642646,-0.007808,0.642693,9|10|11|12|13|14,0.5616
6941.300362,-0.138690,-2.016280,0.011170,1.977874,0.024041,0.014648,-0.644311,-0.011747,0.644418,9|10|11|12|13|14,0.5607
6941.317029,-0.146343,-2.031493,0.010851,1.977874,0.024041,0.014648,-0.636045,-0.015909,0.636243,9|10|11|12|13|14,0.5594
6941.333695,-0.133742,-2.040183,0.010707,1.991743,0.023510,0.014600,-0.645188,-0.008532,0.645245,9|10|11|12|13|14,0.5593
6941.350362,-0.133742,-2.040183,0.010705,1.998809,0.023243,0.014663,-0.652255,-0.008265,0.652307,9|10|11|12|13|14,0.5597
6941.367029,-0.139006,-2.049291,0.010607,2.005874,0.023000,0.014741,-0.654371,-0.010884,0.654462,9|10|11|12|13|14,0.5602
6941.383695,-0.144194,-2.058622,0.010181,2.012738,0.023864,0.014754,-0.656165,-0.014570,0.656327,9|10|11|12|13|14,0.5602
6941.400362,-0.153751,-2.076151,0.010296,2.019739,0.024845,0.014750,-0.653641,-0.020748,0.653970,9|10|11|12|13|14,0.5613
6941.417029,-0.142678,-2.083633,0.010358,2.019739,0.024845,0.014750,-0.649572,-0.014732,0.649739,9|10|11|12|13|14,0.5608
6941.450362,-0.129559,-2.102081,0.010260,2.033533,0.024595,0.014718,-0.653337,-0.007355,0.653379,9|10|11|12|13|14,0.5606
6941.467029,-0.137646,-2.110725,0.010464,2.040440,0.024141,0.014770,-0.655548,-0.011298,0.655645,9|10|11|12|13|14,0.5620
6941.483695,-0.137645,-2.110724,0.010463,2.047463,0.023811,0.014652,-0.662572,-0.010967,0.662663,9|10|11|12|13|14,0.5621
6941.500362,-0.151294,-2.126639,0.010490,2.061801,0.024620,0.014091,-0.668264,-0.019197,0.668539,9|10|11|12|13|14,0.5618
6941.517029,-0.151295,-2.126638,0.010490,2.061801,0.024620,0.014091,-0.668264,-0.019198,0.668540,9|10|11|12|13|14,0.5627
6941.533695,-0.141162,-2.146008,0.010410,2.076108,0.024177,0.014091,-0.672041,-0.013251,0.672172,9|10|11|12|13|14,0.5638
6941.550362,-0.145979,-2.155140,0.010789,2.083049,0.023979,0.014190,-0.674020,-0.015674,0.674202,9|10|11|12|13|14,0.5641
6941.567029,-0.145978,-2.155141,0.010790,2.089794,0.024321,0.014056,-0.680765,-0.016014,0.680954,9|10|11|12|13|14,0.5640
6941.583695,-0.150162,-2.164532,0.010096,2.089794,0.024321,0.014056,-0.675662,-0.018290,0.675910,9|10|11|12|13|14,0.5634
6941.600362,-0.150118,-2.179724,0.010170,2.096856,0.025097,0.013897,-0.674468,-0.019045,0.674737,9|10|11|12|13|14,0.5634
6941.617029,-0.141056,-2.189843,0.009917,2.103841,0.024830,0.013665,-0.675951,-0.013855,0.676093,9|10|11|12|13|14,0.5633
6941.633695,-0.145882,-2.199710,0.008385,2.117954,0.024412,0.013324,-0.684702,-0.016062,0.684891,9|10|11|12|13|14|15|16,0.5562
6941.667029,-0.145869,-2.199809,0.008219,2.132059,0.024336,0.013097,-0.698754,-0.015978,0.698936,9|10|11|12|13|14|15|16,0.5550
6941.683695,-0.160730,-2.228424,0.008511,2.132059,0.024336,0.013097,-0.683205,-0.024060,0.683628,11|12|13|14|15|16,0.5626
6941.700362,-0.159694,-2.234022,0.008096,2.146409,0.024691,0.013055,-0.694513,-0.023853,0.694922,11|12|13|14|15|16,0.5628
6941.717029,-0.159694,-2.234021,0.008096,2.153576,0.024895,0.013112,-0.701680,-0.024058,0.702093,11|12|13|14|15|16,0.5641
6941.733695,-0.156987,-2.253211,0.008250,2.160754,0.025110,0.013118,-0.698428,-0.022806,0.698800,11|12|13|14|15|16,0.5640
6941.750362,-0.156987,-2.253212,0.008250,2.160754,0.025110,0.013118,-0.698428,-0.022805,0.698800,11|12|13|14|15|16,0.5630
6941.767029,-0.153727,-2.271496,0.008021,2.167618,0.026027,0.013137,-0.695353,-0.021953,0.695700,11|12|13|14|15|16,0.5612
6941.783695,-0.142088,-2.277988,0.007903,2.174829,0.026880,0.013122,-0.699035,-0.016483,0.699229,11|12|13|14|15|16,0.5621
6941.800362,-0.142089,-2.277988,0.007904,2.181809,0.026671,0.013034,-0.706015,-0.016274,0.706203,11|12|13|14|15|16,0.5627
6941.817029,-0.135915,-2.297374,0.007568,2.195812,0.026411,0.012918,-0.709480,-0.012662,0.709593,11|12|13|14|15|16,0.5634
6941.833695,-0.135914,-2.297374,0.007569,2.195812,0.026411,0.012918,-0.709480,-0.012662,0.709593,11|12|13|14|15|16,0.5633
6941.850362,-0.142349,-2.315102,0.005700,2.202826,0.026305,0.012873,-0.706861,-0.016056,0.707044,11|12|13|14|15|16,0.5632
6941.867029,-0.144944,-2.324009,0.006751,2.217059,0.027027,0.012727,-0.716253,-0.018191,0.716484,11|12|13|14|15|16,0.5624
6941.883695,-0.135785,-2.331079,0.006597,2.217059,0.027027,0.012727,-0.712409,-0.013214,0.712532,11|12|13|14|15|16,0.5613
6941.900362,-0.135786,-2.331078,0.006597,2.231291,0.026790,0.012775,-0.726642,-0.012978,0.726758,11|12|13|14|15|16,0.5625
6941.917029,-0.140283,-2.350568,0.007683,2.231291,0.026790,0.012775,-0.716051,-0.015426,0.716217,11|12|13|14|15|16,0.5628
6941.933695,-0.142737,-2.360048,0.007972,2.238383,0.026678,0.012825,-0.717991,-0.016649,0.718184,11|12|13|14|15|16,0.5626
6941.950362,-0.145772,-2.369645,0.007874,2.245249,0.026750,0.012799,-0.719642,-0.018372,0.719876,11|12|13|14|15|16,0.5619
6941.967029,-0.145704,-2.376278,0.007947,2.252002,0.028090,0.013072,-0.722789,-0.019676,0.723057,11|12|13|14|15|16,0.5610
6942.017029,-0.145705,-2.376279,0.007946,2.281461,0.029197,0.013043,-0.752248,-0.020784,0.752535,11|12|13|14|15|16,0.5635
6942.033695,-0.122558,-2.403817,0.008436,2.288522,0.029063,0.013123,-0.744339,-0.008075,0.744382,11|12|13|14|15|16,0.5623
6942.050362,-0.118585,-2.422649,0.009016,2.288522,0.029063,0.013123,-0.734103,-0.005920,0.734127,11|12|13|14|15|16,0.5617
6942.067029,-0.121791,-2.430001,0.009053,2.295585,0.028903,0.013111,-0.737171,-0.007503,0.737209,11|12|13|14|15|16,0.5615
6942.083695,-0.125241,-2.438611,0.008762,2.309814,0.028725,0.013223,-0.746721,-0.009202,0.746778,11|12|13|14|15|16,0.5631
6942.100362,-0.127617,-2.448081,0.009262,2.309814,0.028725,0.013223,-0.741575,-0.010495,0.741649,11|12|13|14|15|16,0.5644
6942.117029,-0.129935,-2.457274,0.009275,2.316815,0.028623,0.013234,-0.743580,-0.011654,0.743672,11|12|13|14|15|16,0.5643
6942.133695,-0.129935,-2.457274,0.009276,2.323821,0.028657,0.013326,-0.750586,-0.011688,0.750677,11|12|13|14|15|16,0.5637
6942.150362,-0.132727,-2.466674,0.009310,2.337670,0.029207,0.013571,-0.759326,-0.013758,0.759451,11|12|13|14|15|16,0.5626
6942.167029,-0.132977,-2.475008,0.008848,2.344638,0.029204,0.013641,-0.761766,-0.013892,0.761892,11|12|13|14|15|16|17,0.5640
6942.183695,-0.128664,-2.491594,0.008402,2.351414,0.029187,0.013624,-0.759527,-0.011534,0.759614,11|12|13|14|15|16|17,0.5570
6942.217029,-0.131307,-2.510626,0.008539,2.358334,0.029190,0.013637,-0.756104,-0.012977,0.756215,12|13|14|15|16|17,0.5634
6942.233695,-0.131307,-2.510625,0.008538,2.372422,0.029303,0.013621,-0.770192,-0.013091,0.770304,12|13|14|15|16|17,0.5619
6942.250362,-0.128698,-2.526468,0.008920,2.372422,0.029303,0.013621,-0.761582,-0.011676,0.761671,12|13|14|15|16|17,0.5606
6942.267029,-0.133737,-2.535908,0.008278,2.386816,0.028838,0.013608,-0.770846,-0.013951,0.770972,12|13|14|15|16|17,0.5618
6942.283695,-0.133737,-2.535909,0.008278,2.393761,0.028585,0.013504,-0.777790,-0.013698,0.777911,12|13|14|15|16|17,0.5625
6942.300362,-0.142994,-2.554538,0.008334,2.393761,0.028585,0.013504,-0.767667,-0.018732,0.767896,12|13|14|15|16|17,0.5621
6942.317029,-0.147725,-2.563725,0.008345,2.400419,0.029020,0.013371,-0.769334,-0.021740,0.769641,12|13|14|15|16|17,0.5613
6942.333695,-0.142179,-2.569480,0.008522,2.407561,0.029982,0.013344,-0.773347,-0.019689,0.773598,12|13|14|15|16|17,0.5612
6942.367029,-0.131513,-2.588436,0.008063,2.421830,0.030010,0.013348,-0.777312,-0.013924,0.777437,12|13|14|15|16|17,0.5635
6942.383695,-0.132106,-2.597952,0.008359,2.435851,0.030042,0.013253,-0.786161,-0.014280,0.786291,12|13|14|15|16|17,0.5637
6942.400362,-0.132105,-2.597953,0.008360,2.442663,0.029874,0.013150,-0.792973,-0.014112,0.793098,12|13|14|15|16|17,0.5633
6942.417029,-0.132862,-2.607230,0.008127,2.449468,0.029569,0.013053,-0.794736,-0.014220,0.794863,12|13|14|15|16|17,0.5619
6942.433695,-0.133713,-2.617044,0.008147,2.456463,0.029635,0.013028,-0.796398,-0.014750,0.796534,12|13|14|15|16|17,0.5615
6942.450362,-0.142768,-2.631279,0.008083,2.456463,0.029635,0.013028,-0.788663,-0.019674,0.788908,12|13|14|15|16|17,0.5630
6942.467029,-0.142887,-2.640713,0.008123,2.463453,0.029715,0.013066,-0.790526,-0.019820,0.790774,12|13|14|15|16|17,0.5631
6942.483695,-0.143083,-2.650028,0.008340,2.470444,0.029796,0.013081,-0.792454,-0.020010,0.792707,12|13|14|15|16|17,0.5628
6942.517029,-0.143083,-2.650029,0.008342,2.491166,0.031064,0.013150,-0.813176,-0.021278,0.813454,12|13|14|15|16|17,0.5607
6942.533695,-0.132606,-2.674722,0.007990,2.491166,0.031064,0.013150,-0.799754,-0.015589,0.799906,12|13|14|15|16|17,0.5607
6942.550362,-0.132607,-2.674721,0.007989,2.504822,0.030768,0.013022,-0.813410,-0.015293,0.813554,12|13|14|15|16|17,0.5625
6942.567029,-0.129601,-2.684262,0.008075,2.504822,0.030768,0.013022,-0.808224,-0.013661,0.808339,12|13|14|15|16|17,0.5624
6942.583695,-0.132875,-2.693343,0.007716,2.519164,0.030508,0.012811,-0.817631,-0.015182,0.817772,12|13|14|15|16|17,0.5619
6942.617029,-0.142742,-2.719675,0.007320,2.526128,0.030136,0.012565,-0.810286,-0.020178,0.810538,12|13|14|15|16|17,0.5603
6942.633695,-0.148445,-2.727090,0.007087,2.533310,0.030294,0.012516,-0.813440,-0.023436,0.813777,12|13|14|15|16|17,0.5618
6942.650362,-0.148445,-2.727089,0.007087,2.547240,0.030678,0.012545,-0.827369,-0.023821,0.827712,12|13|14|15|16|17,0.5642
6942.667029,-0.147585,-2.736577,0.006705,2.554168,0.030859,0.012516,-0.829141,-0.023536,0.829475,12|13|14|15|16|17,0.5648
6942.683695,-0.145718,-2.748147,0.006889,2.554168,0.030859,0.012516,-0.822852,-0.022523,0.823160,12|13|14|15|16|17|18|19,0.5647
6942.733695,-0.143991,-2.757132,0.008183,2.582300,0.031000,0.011969,-0.846101,-0.021728,0.846380,14|15|16|17|18|19,0.5645
6942.750362,-0.147328,-2.782455,0.009197,2.589561,0.031192,0.011849,-0.839601,-0.023738,0.839937,14|15|16|17|18|19,0.5648
6942.767029,-0.145233,-2.801373,0.008225,2.589561,0.031192,0.011849,-0.829319,-0.022603,0.829627,14|15|16|17|18|19,0.5641
6942.800362,-0.151137,-2.818576,0.008620,2.610501,0.030468,0.011302,-0.840910,-0.025091,0.841284,14|15|16|17|18|19,0.5625
6942.817029,-0.163015,-2.826160,0.008479,2.610501,0.030468,0.011302,-0.836791,-0.031548,0.837385,14|15|16|17|18|19,0.5627
6942.833695,-0.156734,-2.835175,0.007044,2.624258,0.031577,0.011384,-0.845647,-0.029245,0.846153,14|15|16|17|18|19,0.5630
6942.850362,-0.150072,-2.844375,0.006662,2.624258,0.031577,0.011384,-0.840646,-0.025626,0.841036,14|15|16|17|18|19,0.5625
6942.867029,-0.150072,-2.844374,0.006661,2.631304,0.032141,0.011421,-0.847693,-0.026190,0.848097,14|15|16|17|18|19,0.5611
6942.883695,-0.135863,-2.862775,0.006997,2.638270,0.031768,0.011404,-0.844655,-0.018098,0.844849,14|15|16|17|18|19,0.5599
6942.933695,-0.137820,-2.887271,0.005421,2.658949,0.032526,0.011318,-0.852022,-0.019924,0.852255,14|15|16|17|18|19,0.5627
6942.950362,-0.134877,-2.896273,0.005686,2.665900,0.032808,0.011235,-0.854080,-0.018609,0.854282,14|15|16|17|18|19,0.5626
6942.967029,-0.134877,-2.896273,0.005687,2.680061,0.032091,0.011108,-0.868241,-0.017892,0.868425,14|15|16|17|18|19,0.5619
6942.983695,-0.131596,-2.905561,0.006025,2.687093,0.032400,0.011097,-0.870224,-0.016420,0.870379,14|15|16|17|18|19,0.5613
6943.017029,-0.139897,-2.930637,0.006343,2.694137,0.032728,0.011122,-0.863642,-0.021264,0.863904,14|15|16|17|18|19,0.5628
6943.033695,-0.136226,-2.940113,0.006923,2.701173,0.033069,0.011182,-0.865526,-0.019611,0.865749,14|15|16|17|18|19,0.5626
6943.050362,-0.132220,-2.949594,0.006882,2.708213,0.033420,0.011196,-0.867413,-0.017787,0.867595,14|15|16|17|18|19,0.5619
6943.067029,-0.132221,-2.949594,0.006882,2.715158,0.033327,0.011161,-0.874359,-0.017694,0.874538,14|15|16|17|18|19,0.5602
6943.083695,-0.130837,-2.966093,0.006818,2.721982,0.032982,0.010824,-0.872215,-0.016601,0.872373,14|15|16|17|18|19,0.5603
6943.117029,-0.127477,-2.982796,0.006794,2.743594,0.034956,0.010641,-0.884749,-0.016751,0.884908,14|15|16|17|18|19,0.5627
6943.133695,-0.127477,-2.982795,0.006795,2.743594,0.034956,0.010641,-0.884749,-0.016751,0.884908,14|15|16|17|18|19,0.5635
6943.150362,-0.110712,-3.001797,0.006334,2.757591,0.034135,0.010598,-0.888416,-0.006822,0.888442,14|15|16|17|18|19,0.5633
6943.167029,-0.112496,-3.009670,0.005838,2.764648,0.033735,0.010538,-0.891195,-0.007393,0.891226,14|15|16|17|18|19,0.5631
6943.183695,-0.112495,-3.009670,0.005839,2.764648,0.033735,0.010538,-0.891195,-0.007393,0.891226,14|15|16|17|18|19,0.5626
6943.217029,-0.125047,-3.018966,0.005382,2.785868,0.034812,0.010653,-0.907365,-0.015294,0.907494,14|15|16|17|18|19,0.5634
6943.233695,-0.122880,-3.046004,0.006113,2.792776,0.034300,0.010710,-0.899578,-0.013609,0.899681,14|15|16|17|18|19|20,0.5580
6943.250362,-0.122540,-3.046806,0.006701,2.792776,0.034300,0.010710,-0.899142,-0.013425,0.899243,15|16|17|18|19|20,0.5622
6943.267029,-0.118363,-3.056158,0.006260,2.806816,0.034342,0.010776,-0.908099,-0.011198,0.908168,15|16|17|18|19|20,0.5619
6943.283695,-0.132813,-3.071597,0.006342,2.806816,0.034342,0.010776,-0.899711,-0.019054,0.899912,15|16|17|18|19|20,0.5629
6943.300362,-0.132813,-3.071598,0.006342,2.820672,0.035238,0.010734,-0.913566,-0.019951,0.913784,15|16|17|18|19|20,0.5633
6943.317029,-0.127716,-3.081068,0.005686,2.827523,0.035367,0.010650,-0.915270,-0.017310,0.915433,15|16|17|18|19|20,0.5632
6943.333695,-0.122542,-3.090551,0.004813,2.834553,0.034252,0.010454,-0.917145,-0.013385,0.917242,15|16|17|18|19|20,0.5619
6943.350362,-0.116894,-3.106445,0.005500,2.841520,0.033990,0.010455,-0.915472,-0.010057,0.915527,15|16|17|18|19|20,0.5616
6943.367029,-0.116893,-3.106447,0.005503,2.841520,0.033990,0.010455,-0.915472,-0.010056,0.915527,15|16|17|18|19|20,0.5609
6943.383695,-0.133107,-3.115933,0.005074,2.855537,0.034341,0.010496,-0.924336,-0.019221,0.924536,15|16|17|18|19|20,0.5624
6943.400362,-0.137228,-3.124690,0.005287,2.862530,0.034545,0.010399,-0.926571,-0.021666,0.926824,15|16|17|18|19|20,0.5630
6943.417029,-0.134279,-3.143362,0.004978,2.869425,0.034231,0.010205,-0.923318,-0.019754,0.923529,15|16|17|18|19|20,0.5626
6943.450362,-0.134279,-3.143362,0.004979,2.883380,0.034764,0.009868,-0.937272,-0.020287,0.937492,15|16|17|18|19|20,0.5605
6943.467029,-0.138317,-3.159819,0.005901,2.890478,0.035224,0.009862,-0.935427,-0.022944,0.935708,15|16|17|18|19|20,0.5620
6943.483695,-0.131878,-3.176659,0.004914,2.897578,0.035700,0.009857,-0.933373,-0.019924,0.933585,15|16|17|18|19|20,0.5626
6943.500362,-0.131877,-3.176659,0.004914,2.897578,0.035700,0.009857,-0.933373,-0.019923,0.933585,15|16|17|18|19|20,0.5622
6943.517029,-0.120162,-3.195677,0.005601,2.904428,0.035617,0.009773,-0.929885,-0.013477,0.929983,15|16|17|18|19|20,0.5612
6943.533695,-0.120164,-3.195676,0.005601,2.918156,0.033890,0.009485,-0.943614,-0.011751,0.943687,15|16|17|18|19|20,0.5612
6943.550362,-0.138082,-3.212135,0.004901,2.918156,0.033890,0.009485,-0.934673,-0.021492,0.934920,15|16|17|18|19|20,0.5608
6943.567029,-0.138082,-3.212135,0.004904,2.931470,0.034816,0.009393,-0.947986,-0.022418,0.948251,15|16|17|18|19|20,0.5611
6943.583695,-0.144552,-3.228306,0.004256,2.938129,0.035329,0.009428,-0.945858,-0.026451,0.946227,15|16|17|18|19|20,0.5623
6943.600362,-0.138193,-3.237342,0.004577,2.938129,0.035329,0.009428,-0.940946,-0.022996,0.941227,15|16|17|18|19|20,0.5628
6943.617029,-0.131761,-3.246158,0.004471,2.944883,0.035873,0.009458,-0.942908,-0.020047,0.943121,15|16|17|18|19|20,0.5624
6943.633695,-0.131762,-3.246157,0.004471,2.951592,0.035124,0.009450,-0.949617,-0.019298,0.949813,15|16|17|18|19|20,0.5609
6943.650362,-0.136920,-3.262034,0.005274,2.958426,0.035156,0.009367,-0.947823,-0.022136,0.948081,15|16|17|18|19|20,0.5619
6943.667029,-0.136921,-3.262034,0.005273,2.972156,0.035830,0.009001,-0.961553,-0.022811,0.961823,15|16|17|18|19|20,0.5629
6943.683695,-0.133087,-3.279324,0.005393,2.972156,0.035830,0.009001,-0.952156,-0.020730,0.952381,15|16|17|18|19|20,0.5626
6943.700362,-0.133087,-3.279324,0.005392,2.986504,0.034987,0.008768,-0.966504,-0.019887,0.966708,15|16|17|18|19|20,0.5616
6943.750362,-0.129007,-3.288678,0.005390,3.000363,0.034489,0.008720,-0.975278,-0.017174,0.975429,15|16|17|18|19|20,0.5588
6943.767029,-0.151124,-3.322916,0.006701,3.007273,0.035171,0.008753,-0.963584,-0.029883,0.964047,15|17|18|19|20|21|22,0.5564
6943.783695,-0.142964,-3.332934,0.006343,3.014257,0.035881,0.008754,-0.965123,-0.026160,0.965477,17|18|19|20|21|22,0.5635
6943.800362,-0.142962,-3.332933,0.006341,3.021326,0.035713,0.008657,-0.972192,-0.025991,0.972539,17|18|19|20|21|22,0.5631
6943.817029,-0.133705,-3.342188,0.006297,3.035646,0.034707,0.008551,-0.981481,-0.019956,0.981684,17|18|19|20|21|22,0.5636
6943.833695,-0.145956,-3.359894,0.004182,3.035646,0.034707,0.008551,-0.971860,-0.026617,0.972225,17|18|19|20|21|22,0.5633
6943.850362,-0.152983,-3.368348,0.004175,3.042383,0.035231,0.008068,-0.974004,-0.030962,0.974496,17|18|19|20|21|22,0.5633
6943.867029,-0.144558,-3.376850,0.002734,3.049431,0.035934,0.007750,-0.976430,-0.027087,0.976806,17|18|19|20|21|22,0.5653
6943.883695,-0.134970,-3.386196,0.001766,3.056484,0.035725,0.007535,-0.978401,-0.021669,0.978641,17|18|19|20|21|22,0.5647
6943.900362,-0.134970,-3.386196,0.001766,3.070768,0.034936,0.007582,-0.992685,-0.020880,0.992905,17|18|19|20|21|22,0.5650
6943.917029,-0.145963,-3.404057,0.002140,3.070768,0.034936,0.007582,-0.982980,-0.026858,0.983347,17|18|19|20|21|22,0.5643
6943.933695,-0.152278,-3.413805,0.002685,3.084131,0.035709,0.007358,-0.991046,-0.031064,0.991533,17|18|19|20|21|22,0.5637
6943.950362,-0.152276,-3.413805,0.002687,3.091195,0.036794,0.007329,-0.998111,-0.032148,0.998628,17|18|19|20|21|22,0.5617
6943.967029,-0.141876,-3.428853,0.002139,3.098390,0.036280,0.007290,-0.997125,-0.025986,0.997464,17|18|19|20|21|22,0.5628
6943.983695,-0.127113,-3.438090,0.001521,3.098390,0.036280,0.007290,-0.992102,-0.017964,0.992265,17|18|19|20|21|22,0.5603
6944.000362,-0.135372,-3.447175,0.001665,3.105568,0.035726,0.007295,-0.994345,-0.021900,0.994586,17|18|19|20|21|22,0.5607
6944.017029,-0.143804,-3.456573,0.002940,3.119335,0.036040,0.007235,-1.003006,-0.026798,1.003364,17|18|19|20|21|22,0.5603
6944.033695,-0.151155,-3.464905,0.003524,3.126332,0.036951,0.007110,-1.005475,-0.031706,1.005975,17|18|19|20|21|22,0.5604
6944.050362,-0.141290,-3.472257,0.003145,3.133458,0.037289,0.007002,-1.008604,-0.026684,1.008957,17|18|19|20|21|22,0.5617
6944.067029,-0.128738,-3.481920,0.004046,3.133458,0.037289,0.007002,-1.003350,-0.019864,1.003547,17|18|19|20|21|22,0.5613
6944.083695,-0.128739,-3.481920,0.004045,3.147964,0.036403,0.007031,-1.017856,-0.018978,1.018033,17|18|19|20|21|22,0.5610
6944.117029,-0.138667,-3.509675,0.003249,3.155066,0.036117,0.006954,-1.009876,-0.024094,1.010163,17|18|19|20|21|22,0.5607
6944.133695,-0.138666,-3.509675,0.003249,3.168986,0.037922,0.006696,-1.023796,-0.025898,1.024123,17|18|19|20|21|22,0.5617
6944.150362,-0.131937,-3.525810,0.002540,3.168986,0.037922,0.006696,-1.015026,-0.022244,1.015269,17|18|19|20|21|22,0.5631
6944.167029,-0.118327,-3.535472,0.002657,3.183302,0.037475,0.006428,-1.024087,-0.014402,1.024189,17|18|19|20|21|22,0.5626
6944.183695,-0.118326,-3.535473,0.002658,3.190491,0.037005,0.006102,-1.031276,-0.013931,1.031370,17|18|19|20|21|22,0.5619
6944.200362,-0.126889,-3.554238,0.002545,3.190491,0.037005,0.006102,-1.021080,-0.018588,1.021249,17|18|19|20|21|22,0.5621
6944.217029,-0.134424,-3.564641,0.002153,3.196975,0.037085,0.005904,-1.021911,-0.022766,1.022164,17|18|19|20|21|22,0.5613
6944.233696,-0.133015,-3.568563,0.002206,3.203900,0.038278,0.005873,-1.026704,-0.023194,1.026966,17|18|19|20|21|22,0.5605
6944.250362,-0.116529,-3.578563,0.002569,3.210938,0.038321,0.005849,-1.028304,-0.014279,1.028404,17|18|19|20|21|22|23,0.5542
6944.283696,-0.120538,-3.596541,0.003040,3.225048,0.037879,0.005839,-1.032644,-0.016019,1.032769,17|18|19|20|21|22|23,0.5547
6944.300362,-0.123683,-3.606178,0.003857,3.232131,0.037696,0.005836,-1.034490,-0.017548,1.034639,18|19|20|21|22|23,0.5624
6944.317029,-0.123683,-3.606178,0.003856,3.239048,0.037696,0.005876,-1.041408,-0.017547,1.041556,18|19|20|21|22|23,0.5619
6944.333696,-0.127099,-3.622137,0.003919,3.253175,0.038349,0.005944,-1.046862,-0.020059,1.047054,18|19|20|21|22|23,0.5617
6944.350362,-0.114673,-3.631993,0.003042,3.253175,0.038349,0.005944,-1.041503,-0.013308,1.041588,18|19|20|21|22|23,0.5616
6944.367029,-0.119082,-3.641297,0.002706,3.260236,0.038093,0.005963,-1.043508,-0.015451,1.043622,18|19|20|21|22|23,0.5626
6944.383696,-0.119082,-3.641297,0.002705,3.274220,0.037758,0.006018,-1.057493,-0.015116,1.057601,18|19|20|21|22|23,0.5620
6944.400362,-0.123217,-3.650444,0.002779,3.281112,0.038785,0.005934,-1.059414,-0.018391,1.059574,18|19|20|21|22|23,0.5621
6944.417029,-0.127380,-3.659762,0.002625,3.288214,0.038976,0.005920,-1.061453,-0.020847,1.061658,18|19|20|21|22|23,0.5617
6944.433696,-0.128859,-3.666270,0.002914,3.295386,0.038515,0.005922,-1.065088,-0.021190,1.065299,18|19|20|21|22|23,0.5619
6944.483696,-0.127501,-3.703493,0.002953,3.315916,0.037626,0.005850,-1.065387,-0.019571,1.065567,18|19|20|21|22|23,0.5620
6944.517029,-0.133919,-3.719065,0.002116,3.323034,0.038407,0.005852,-1.064044,-0.023843,1.064311,18|19|20|21|22|23,0.5611
6944.533696,-0.133919,-3.719065,0.002116,3.337338,0.037790,0.005838,-1.078348,-0.023226,1.078598,18|19|20|21|22|23,0.5609
6944.567029,-0.133540,-3.746901,0.003693,3.344357,0.037389,0.005657,-1.070239,-0.022624,1.070478,18|19|20|21|22|23,0.5611
6944.583696,-0.133540,-3.746899,0.003690,3.357778,0.038753,0.005561,-1.083660,-0.023988,1.083926,18|19|20|21|22|23,0.5596
6944.600362,-0.139846,-3.756052,0.003164,3.364675,0.038693,0.005528,-1.085585,-0.027357,1.085930,18|19|20|21|22|23,0.5595
6944.617029,-0.120345,-3.771359,0.003326,3.364675,0.038693,0.005528,-1.077262,-0.016761,1.077392,18|19|20|21|22|23,0.5596
6944.633696,-0.122296,-3.780692,0.003333,3.371697,0.038326,0.005492,-1.079212,-0.017457,1.079353,18|19|20|21|22|23,0.5614
6944.650362,-0.122297,-3.780693,0.003332,3.385602,0.037596,0.005494,-1.093116,-0.016727,1.093244,18|19|20|21|22|23,0.5625
6944.667029,-0.133724,-3.798838,0.003333,3.385602,0.037596,0.005494,-1.083256,-0.022941,1.083499,18|19|20|21|22|23,0.5618
6944.683696,-0.139343,-3.808211,0.002961,3.392503,0.037228,0.005443,-1.085065,-0.025628,1.085368,18|19|20|21|22|23,0.5605
6944.700362,-0.139342,-3.808211,0.002962,3.398896,0.038111,0.005460,-1.091458,-0.026512,1.091779,18|19|20|21|22|23,0.5589
6944.717029,-0.133105,-3.822924,0.002398,3.405656,0.038852,0.005418,-1.090221,-0.023865,1.090482,18|19|20|21|22|23,0.5595
6944.733696,-0.123985,-3.832222,0.002466,3.412525,0.038533,0.005408,-1.092035,-0.018591,1.092193,18|19|20|21|22|23,0.5608
6944.767029,-0.133636,-3.851098,0.003202,3.433581,0.038296,0.005210,-1.102834,-0.023603,1.103087,18|19|20|21|22|23|24|25,0.5486
6944.800362,-0.133699,-3.866521,0.003018,3.447939,0.038132,0.004863,-1.108809,-0.023476,1.109058,18|19|20|21|22|23|24|25,0.5615
6944.833696,-0.133680,-3.866777,0.003315,3.461936,0.037605,0.004616,-1.122668,-0.022938,1.122902,20|21|22|23|24|25,0.5634
6944.850362,-0.137383,-3.886083,0.002051,3.461936,0.037605,0.004616,-1.112176,-0.024955,1.112456,20|21|22|23|24|25,0.5634
6944.867029,-0.147248,-3.904699,0.002710,3.468906,0.037317,0.004603,-1.109031,-0.030032,1.109437,20|21|22|23|24|25,0.5637
6944.883696,-0.147248,-3.904699,0.002708,3.482684,0.038073,0.004627,-1.122809,-0.030788,1.123231,20|21|22|23|24|25,0.5625
6944.900362,-0.140725,-3.918735,0.003042,3.489898,0.038065,0.004609,-1.122393,-0.027237,1.122724,20|21|22|23|24|25,0.5627
6944.917029,-0.140726,-3.918734,0.003040,3.497116,0.038072,0.004599,-1.129611,-0.027245,1.129940,20|21|22|23|24|25,0.5643
6944.933696,-0.142245,-3.938184,0.003471,3.504373,0.038073,0.004547,-1.126299,-0.028076,1.126649,20|21|22|23|24|25,0.5657
6944.967029,-0.143061,-3.957659,0.003811,3.511498,0.038030,0.004466,-1.122839,-0.028479,1.123200,20|21|22|23|24|25,0.5646
6944.983696,-0.143060,-3.957661,0.003817,3.525339,0.038184,0.004143,-1.136678,-0.028633,1.137039,20|21|22|23|24|25,0.5634
6945.000362,-0.143961,-3.965196,0.003095,3.525339,0.038184,0.004143,-1.132584,-0.029123,1.132958,20|21|22|23|24|25,0.5641
6945.017029,-0.142054,-3.982246,0.002172,3.538901,0.038515,0.004042,-1.136879,-0.028423,1.137234,20|21|22|23|24|25,0.5631
6945.033696,-0.142054,-3.982247,0.002172,3.545821,0.038692,0.003978,-1.143799,-0.028598,1.144157,20|21|22|23|24|25,0.5620
6945.050362,-0.140173,-3.991430,0.002199,3.552646,0.038518,0.003798,-1.145633,-0.027405,1.145960,20|21|22|23|24|25,0.5605
6945.067029,-0.136085,-4.010154,0.001469,3.552646,0.038518,0.003798,-1.135456,-0.025186,1.135735,20|21|22|23|24|25,0.5587
6945.100362,-0.141425,-4.024020,0.000560,3.573285,0.038287,0.003243,-1.148560,-0.027860,1.148898,20|21|22|23|24|25,0.5606
6945.117029,-0.141924,-4.033543,0.000524,3.580273,0.038309,0.003229,-1.150373,-0.028155,1.150717,20|21|22|23|24|25,0.5615
6945.133696,-0.141922,-4.033544,0.000527,3.587314,0.038457,0.003175,-1.157413,-0.028302,1.157759,20|21|22|23|24|25,0.5605
6945.150362,-0.142319,-4.052192,0.000582,3.594211,0.038774,0.003127,-1.154175,-0.028838,1.154535,20|21|22|23|24|25,0.5594
6945.167029,-0.142318,-4.052192,0.000581,3.594211,0.038774,0.003127,-1.154175,-0.028838,1.154535,20|21|22|23|24|25,0.5596
6945.183696,-0.136525,-4.067116,0.000754,3.601246,0.038893,0.002989,-1.153098,-0.025811,1.153387,20|21|22|23|24|25,0.5612
6945.200362,-0.134995,-4.076750,0.000889,3.614978,0.039189,0.002818,-1.161594,-0.025278,1.161869,20|21|22|23|24|25,0.5618
6945.217029,-0.133007,-4.086459,0.001130,3.621895,0.039343,0.002803,-1.163234,-0.024353,1.163489,20|21|22|23|24|25,0.5617
6945.233696,-0.131310,-4.095716,0.001184,3.621895,0.039343,0.002803,-1.158203,-0.023432,1.158440,20|21|22|23|24|25,0.5609
6945.250362,-0.129310,-4.105241,0.001050,3.628901,0.039692,0.002814,-1.160032,-0.022696,1.160254,20|21|22|23|24|25,0.5600
6945.267029,-0.129311,-4.105241,0.001049,3.643153,0.039814,0.002628,-1.174284,-0.022818,1.174506,20|21|22|23|24|25,0.5600
6945.300362,-0.124389,-4.112077,0.001284,3.657526,0.039954,0.002523,-1.184941,-0.020284,1.185115,20|21|22|23|24|25,0.5628
6945.317029,-0.123163,-4.130677,0.000708,3.664499,0.039861,0.002332,-1.181805,-0.019529,1.181966,20|21|22|23|24|25|26,0.5624
6945.333696,-0.122238,-4.139897,0.000558,3.671213,0.038944,0.002017,-1.183508,-0.018111,1.183647,20|21|22|23|24|25|26,0.5582
6945.350362,-0.123349,-4.156669,0.000963,3.678254,0.039241,0.002000,-1.181433,-0.019015,1.181586,21|22|23|24|25|26,0.5612
6945.367029,-0.123348,-4.156667,0.000959,3.685315,0.039561,0.002028,-1.188496,-0.019335,1.188653,21|22|23|24|25|26,0.5623
6945.383696,-0.131308,-4.172820,0.000381,3.685315,0.039561,0.002028,-1.179718,-0.023664,1.179956,21|22|23|24|25|26,0.5633
6945.400362,-0.126938,-4.182358,0.000576,3.692349,0.039889,0.002089,-1.181568,-0.021619,1.181766,21|22|23|24|25|26,0.5641
6945.417029,-0.126937,-4.182357,0.000578,3.706336,0.040240,0.002168,-1.195555,-0.021969,1.195757,21|22|23|24|25|26,0.5641
6945.433696,-0.122282,-4.192115,0.000301,3.706336,0.040240,0.002168,-1.190251,-0.019441,1.190410,21|22|23|24|25|26,0.5637
6945.450362,-0.118522,-4.208704,0.001017,3.720371,0.039819,0.002165,-1.195270,-0.016979,1.195390,21|22|23|24|25|26,0.5629
6945.467029,-0.118523,-4.208704,0.001014,3.720371,0.039819,0.002165,-1.195270,-0.016980,1.195390,21|22|23|24|25|26,0.5637
6945.483696,-0.127271,-4.216808,0.000719,3.727511,0.040067,0.002196,-1.198008,-0.021983,1.198209,21|22|23|24|25|26,0.5638
6945.500362,-0.120710,-4.236339,0.000614,3.741709,0.040600,0.002203,-1.201589,-0.018955,1.201739,21|22|23|24|25|26,0.5635
6945.517029,-0.120710,-4.236338,0.000614,3.748527,0.039922,0.002161,-1.208408,-0.018277,1.208546,21|22|23|24|25|26,0.5623
6945.533696,-0.117085,-4.246044,0.000598,3.755721,0.039940,0.002160,-1.210326,-0.016327,1.210436,21|22|23|24|25|26,0.5604
6945.550362,-0.123595,-4.260488,0.000307,3.755721,0.039940,0.002160,-1.202477,-0.019868,1.202641,21|22|23|24|25|26,0.5618
6945.567029,-0.123745,-4.270238,0.000627,3.762916,0.039976,0.002161,-1.204374,-0.019987,1.204540,21|22|23|24|25|26,0.5619
6945.583696,-0.123369,-4.280075,0.000342,3.770113,0.040023,0.002156,-1.206224,-0.019832,1.206387,21|22|23|24|25|26,0.5625
6945.600362,-0.122981,-4.289727,0.000449,3.784024,0.040015,0.001884,-1.214890,-0.019614,1.215048,21|22|23|24|25|26,0.5627
6945.617029,-0.122551,-4.299438,0.000314,3.784024,0.040015,0.001884,-1.209612,-0.019383,1.209767,21|22|23|24|25|26,0.5622
6945.633696,-0.124276,-4.306748,0.000692,3.790953,0.039451,0.001703,-1.212568,-0.019757,1.212729,21|22|23|24|25|26,0.5602
6945.650362,-0.124278,-4.306748,0.000690,3.798112,0.039501,0.001689,-1.219727,-0.019808,1.219888,21|22|23|24|25|26,0.5602
6945.683696,-0.131879,-4.314031,0.000128,3.819128,0.039611,0.001544,-1.236786,-0.024051,1.237020,21|22|23|24|25|26,0.5632
6945.700362,-0.129844,-4.343019,-0.000302,3.819128,0.039611,0.001544,-1.221031,-0.022950,1.221247,21|22|23|24|25|26,0.5624
6945.733696,-0.136333,-4.356479,-0.000773,3.832773,0.039268,0.001212,-1.227363,-0.026137,1.227641,21|22|23|24|25|26,0.5619
6945.783696,-0.136332,-4.356479,-0.000769,3.860816,0.039828,0.001234,-1.255406,-0.026696,1.255690,21|22|23|24|25|26,0.5634
6945.800362,-0.131520,-4.385227,0.000632,3.860816,0.039828,0.001234,-1.239781,-0.024086,1.240015,21|22|23|24|25|26,0.5622
6945.817029,-0.129344,-4.394910,0.000816,3.874271,0.039200,0.001033,-1.247974,-0.022277,1.248173,21|22|23|24|25|26,0.5599
6945.833696,-0.135854,-4.410322,0.000043,3.874271,0.039200,0.001033,-1.239599,-0.025818,1.239868,21|22|23|24|25|26|27|28,0.5606
6945.867029,-0.134673,-4.428444,0.000612,3.888398,0.039505,0.000938,-1.243876,-0.025485,1.244137,23|24|25|26|27|28,0.5629
6945.883696,-0.132623,-4.438171,0.000862,3.902719,0.038851,0.000789,-1.252911,-0.023718,1.253135,23|24|25|26|27|28,0.5633
6945.900362,-0.130708,-4.447677,0.000807,3.902719,0.038851,0.000789,-1.247744,-0.022680,1.247950,23|24|25|26|27|28,0.5620
6945.917029,-0.142284,-4.455081,0.000496,3.909754,0.038469,0.000579,-1.250757,-0.028590,1.251084,23|24|25|26|27|28,0.5627
6945.933696,-0.147228,-4.463795,0.000508,3.916799,0.038675,0.000480,-1.253067,-0.031486,1.253462,23|24|25|26|27|28,0.5640
6945.950362,-0.144041,-4.473067,0.000246,3.923628,0.038939,0.000460,-1.254856,-0.030018,1.255215,23|24|25|26|27|28,0.5636
6945.967029,-0.140258,-4.482601,-0.000054,3.937454,0.039148,0.000346,-1.263500,-0.028173,1.263814,23|24|25|26|27|28,0.5627
6945.983696,-0.140258,-4.482600,-0.000053,3.937454,0.039148,0.000346,-1.263500,-0.028173,1.263814,23|24|25|26|27|28,0.5614
6946.000362,-0.137914,-4.497984,-0.000013,3.944614,0.038142,0.000308,-1.262299,-0.025897,1.262564,23|24|25|26|27|28,0.5629
6946.033696,-0.153334,-4.515183,-0.000284,3.958502,0.038553,0.000158,-1.266843,-0.034691,1.267318,23|24|25|26|27|28,0.5625
6946.067029,-0.137792,-4.534561,-0.000375,3.972951,0.039235,0.000082,-1.270757,-0.026930,1.271042,23|24|25|26|27|28,0.5633
6946.083696,-0.137794,-4.534562,-0.000380,3.980215,0.038664,0.000107,-1.278021,-0.026360,1.278293,23|24|25|26|27|28,0.5634
6946.100362,-0.136051,-4.542828,-0.000473,3.993968,0.038576,-0.000430,-1.287281,-0.025327,1.287530,23|24|25|26|27|28,0.5640
6946.117029,-0.151055,-4.561530,-0.000021,3.993968,0.038576,-0.000430,-1.277119,-0.033485,1.277558,23|24|25|26|27|28,0.5628
6946.133696,-0.151056,-4.561529,-0.000024,4.007571,0.040035,-0.000617,-1.290723,-0.034944,1.291196,23|24|25|26|27|28,0.5623
6946.150362,-0.133665,-4.578037,-0.000502,4.014535,0.039909,-0.000681,-1.288712,-0.025370,1.288962,23|24|25|26|27|28,0.5613
6946.167029,-0.123170,-4.587481,-0.000713,4.021710,0.038873,-0.000665,-1.290753,-0.018631,1.290887,23|24|25|26|27|28,0.5607
6946.183696,-0.125394,-4.594088,-0.000847,4.021710,0.038873,-0.000665,-1.287162,-0.019841,1.287315,23|24|25|26|27|28,0.5616
6946.200362,-0.140011,-4.603805,-0.000963,4.028591,0.037890,-0.000819,-1.288766,-0.026804,1.289044,23|24|25|26|27|28,0.5613
6946.217029,-0.140011,-4.603804,-0.000964,4.042247,0.038804,-0.000836,-1.302422,-0.027718,1.302717,23|24|25|26|27|28,0.5617
6946.233696,-0.147822,-4.620084,-0.001413,4.042247,0.038804,-0.000836,-1.293575,-0.031967,1.293970,23|24|25|26|27|28,0.5623
6946.250362,-0.140036,-4.630078,-0.001159,4.049413,0.039318,-0.000847,-1.295308,-0.028251,1.295616,23|24|25|26|27|28,0.5628
6946.300362,-0.150078,-4.656912,-0.000428,4.077660,0.039284,-0.000832,-1.308973,-0.033680,1.309407,23|24|25|26|27|28,0.5623
6946.317029,-0.150078,-4.656912,-0.000425,4.084605,0.040014,-0.000876,-1.315919,-0.034409,1.316368,23|24|25|26|27|28,0.5626
6946.333696,-0.132809,-4.674142,-0.000776,4.091551,0.040437,-0.000852,-1.313497,-0.025451,1.313744,23|24|25|26|27|28,0.5633
6946.350362,-0.133244,-4.674357,-0.000867,4.098764,0.039764,-0.000963,-1.320593,-0.025014,1.320830,23|24|25|26|27|28|28,0.5606
6946.367029,-0.122344,-4.684029,-0.001158,4.105940,0.039219,-0.000993,-1.322511,-0.018547,1.322641,23|24|25|26|27|28|28,0.5616
6946.383696,-0.156511,-4.611213,-0.001481,4.113053,0.039762,-0.001096,-1.369204,-0.037645,1.369721,23|24|25|26|27|28|28,0.5540
6946.400362,-0.126498,-4.701025,-0.001675,4.113053,0.039762,-0.001096,-1.320388,-0.021351,1.320560,24|25|26|27|28|28,0.5610
6946.417029,-0.180069,-4.616867,-0.001626,4.127137,0.040463,-0.001056,-1.380220,-0.051150,1.381167,24|25|26|27|28|28,0.5620
6946.433696,-0.163448,-4.637050,-0.002095,4.127137,0.040463,-0.001056,-1.369248,-0.042121,1.369895,24|25|26|27|28|28,0.5623
6946.450362,-0.116404,-4.735463,-0.002723,4.141178,0.038602,-0.001071,-1.329794,-0.014711,1.329876,24|25|26|27|28|28,0.5622
6946.467029,-0.129556,-4.744593,-0.002441,4.147922,0.038489,-0.001089,-1.331580,-0.021748,1.331757,24|25|26|27|28|28,0.5618
6946.483696,-0.188823,-4.662518,-0.002043,4.147922,0.038489,-0.001089,-1.376197,-0.053943,1.377253,24|25|26|27|28|28,0.5616
6946.500362,-0.188869,-4.662435,-0.002048,4.154950,0.039323,-0.000978,-1.383270,-0.054801,1.384355,24|25|26|27|28|28,0.5619
6946.517029,-0.177471,-4.677764,-0.002476,4.161980,0.040165,-0.000947,-1.381966,-0.049452,1.382850,24|25|26|27|28|28,0.5638
6946.533696,-0.177397,-4.677912,-0.002475,4.176040,0.039978,-0.000881,-1.395946,-0.049224,1.396814,24|25|26|27|28|28,0.5641
6946.550362,-0.163426,-4.696555,-0.002145,4.176040,0.039978,-0.000881,-1.385812,-0.041635,1.386437,24|25|26|27|28|28,0.5637
6946.567029,-0.163462,-4.696484,-0.002145,4.190099,0.039649,-0.000912,-1.399908,-0.041326,1.400518,24|25|26|27|28|28,0.5628
6946.583696,-0.169581,-4.705731,-0.002208,4.197297,0.040385,-0.000879,-1.402083,-0.045389,1.402817,24|25|26|27|28|28,0.5623
6946.600362,-0.175385,-4.715441,-0.002047,4.204498,0.041012,-0.000882,-1.404008,-0.049173,1.404868,24|25|26|27|28|28,0.5621
6946.617029,-0.162721,-4.732406,-0.001969,4.204498,0.041012,-0.000882,-1.394785,-0.042293,1.395426,24|25|26|27|28|28,0.5621
6946.633696,-0.162583,-4.732679,-0.001967,4.218767,0.039453,-0.000715,-1.408906,-0.040659,1.409492,24|25|26|27|28|28,0.5621
6946.650362,-0.118896,-4.841307,-0.001440,4.218767,0.039453,-0.000715,-1.349860,-0.016937,1.349967,24|25|26|27|28|28,0.5620
6946.667029,-0.118898,-4.841308,-0.001442,4.225756,0.039309,-0.000723,-1.356849,-0.016793,1.356953,24|25|26|27|28|28,0.5623
6946.683696,-0.177827,-4.766730,-0.001957,4.232799,0.039788,-0.000665,-1.404434,-0.049285,1.405299,24|25|26|27|28|28,0.5626
6946.700362,-0.125045,-4.868615,-0.002535,4.239871,0.040294,-0.000650,-1.356124,-0.021124,1.356289,24|25|26|27|28|28,0.5638
6946.717029,-0.117843,-4.878552,-0.002631,4.246871,0.040423,-0.000674,-1.357722,-0.017341,1.357833,24|25|26|27|28|28,0.5630
6946.733696,-0.116336,-4.885843,-0.002462,4.253897,0.039692,-0.000986,-1.360785,-0.015792,1.360877,24|25|26|27|28|28,0.5621
6946.783696,-0.178616,-4.820442,-0.003712,4.274887,0.039655,-0.001179,-1.417331,-0.049592,1.418198,24|25|26|27|28|28,0.5617
6946.800362,-0.178634,-4.820408,-0.003712,4.288807,0.038978,-0.001257,-1.431270,-0.048923,1.432106,24|25|26|27|28|28,0.5614
6946.817029,-0.169553,-4.837019,-0.003062,4.288807,0.038978,-0.001257,-1.422240,-0.043991,1.422920,24|25|26|27|28|28,0.5605
6946.833696,-0.181876,-4.846408,-0.002680,4.295685,0.038100,-0.001407,-1.424018,-0.049813,1.424889,24|25|26|27|28|28,0.5608
6946.850362,-0.194243,-4.855755,-0.003067,4.302053,0.038324,-0.001921,-1.425308,-0.056759,1.426437,24|25|26|27|28|28,0.5609
6946.867029,-0.194413,-4.855415,-0.003070,4.308662,0.038852,-0.001958,-1.432102,-0.057380,1.433251,24|25|26|27|28|28,0.5625
6946.883696,-0.171093,-4.894211,-0.003541,4.315267,0.039408,-0.001952,-1.417618,-0.045270,1.418341,24|25|26|27|28|28|30|31,0.5636
6946.900362,-0.163001,-4.901751,-0.004222,4.328446,0.039535,-0.002088,-1.426697,-0.041000,1.427286,24|25|26|27|28|28|30|31,0.5542
6946.917029,-0.119762,-4.980807,-0.004548,4.335353,0.038728,-0.002211,-1.390630,-0.016708,1.390731,24|25|26|27|28|28|30|31,0.5508
6946.933696,-0.120669,-4.982232,-0.005426,4.342112,0.038097,-0.002282,-1.396616,-0.016571,1.396714,26|27|28|28|30|31,0.5617
6946.950362,-0.139584,-4.998045,-0.004654,4.342112,0.038097,-0.002282,-1.388025,-0.026854,1.388285,26|27|28|28|30|31,0.5610
6946.967029,-0.139584,-4.998045,-0.004655,4.356012,0.039105,-0.002724,-1.401926,-0.027862,1.402202,26|27|28|28|30|31,0.5606
6946.983696,-0.185840,-4.922113,-0.004707,4.363268,0.038491,-0.002728,-1.450457,-0.052373,1.451403,26|27|28|28|30|31,0.5608
6947.000362,-0.179082,-4.930774,-0.004605,4.363268,0.038491,-0.002728,-1.445749,-0.048702,1.446569,26|27|28|28|30|31,0.5615
6947.017029,-0.178997,-4.930947,-0.004603,4.370507,0.037910,-0.002666,-1.452894,-0.048074,1.453689,26|27|28|28|30|31,0.5614
6947.033696,-0.141806,-5.032339,-0.004157,4.384417,0.037838,-0.002789,-1.411693,-0.027809,1.411966,26|27|28|28|30|31,0.5618
6947.050362,-0.156976,-5.050763,-0.003718,4.391404,0.038519,-0.002771,-1.408670,-0.036738,1.409149,26|27|28|28|30|31,0.5603
6947.083696,-0.139711,-5.067936,-0.004481,4.398391,0.038606,-0.002923,-1.406320,-0.027446,1.406587,26|27|28|28|30|31,0.5619
6947.100362,-0.139201,-5.076005,-0.004685,4.412757,0.037418,-0.002944,-1.416300,-0.025982,1.416539,26|27|28|28|30|31,0.5632
6947.117029,-0.192477,-4.994104,-0.005281,4.412757,0.037418,-0.002944,-1.460822,-0.054920,1.461854,26|27|28|28|30|31,0.5638
6947.133696,-0.192562,-4.993932,-0.005284,4.426757,0.037757,-0.003555,-1.474915,-0.055306,1.475952,26|27|28|28|30|31,0.5636
6947.150362,-0.160749,-5.101986,-0.003502,4.426757,0.037757,-0.003555,-1.416184,-0.038036,1.416695,26|27|28|28|30|31,0.5632
6947.167029,-0.148258,-5.109663,-0.003532,4.434105,0.038062,-0.003575,-1.419358,-0.031554,1.419708,26|27|28|28|30|31,0.5625
6947.200362,-0.146056,-5.130356,-0.003129,4.448661,0.037723,-0.003532,-1.422667,-0.030022,1.422983,26|27|28|28|30|31,0.5632
6947.217029,-0.147767,-5.139889,-0.003191,4.455939,0.037576,-0.003522,-1.424764,-0.030807,1.425098,26|27|28|28|30|31,0.5627
6947.233696,-0.195407,-5.058411,-0.004333,4.462811,0.037941,-0.003721,-1.475927,-0.057048,1.477029,26|27|28|28|30|31,0.5618
6947.283696,-0.195142,-5.058943,-0.004321,4.491024,0.037749,-0.004031,-1.503851,-0.056712,1.504920,26|27|28|28|30|31,0.5619
6947.300362,-0.128677,-5.174335,-0.004968,4.491024,0.037749,-0.004031,-1.441125,-0.020611,1.441273,26|27|28|28|30|31,0.5627
6947.317029,-0.137483,-5.183797,-0.005899,4.504693,0.037290,-0.004212,-1.449654,-0.024940,1.449868,26|27|28|28|30|31,0.5629
6947.333696,-0.145459,-5.192637,-0.005763,4.504693,0.037290,-0.004212,-1.444851,-0.029277,1.445147,26|27|28|28|30|31,0.5616
6947.350362,-0.196074,-5.116299,-0.006312,4.519087,0.037642,-0.004203,-1.500742,-0.057123,1.501829,26|27|28|28|30|31,0.5616
6947.367029,-0.140549,-5.217624,-0.005858,4.526262,0.037334,-0.004153,-1.452839,-0.026657,1.453084,26|27|28|28|30|31,0.5629
6947.383696,-0.144957,-5.226999,-0.005756,4.526262,0.037334,-0.004153,-1.447745,-0.029054,1.448036,26|27|28|28|30|31,0.5633
6947.417029,-0.191963,-5.167572,-0.006628,4.540157,0.037368,-0.004115,-1.493946,-0.054624,1.494944,26|27|28|28|30|31|32,0.5600
6947.433696,-0.187143,-5.171614,-0.006791,4.547274,0.038522,-0.004094,-1.498866,-0.053159,1.499808,26|27|28|28|30|31|32,0.5549
6947.450362,-0.176803,-5.170675,-0.007063,4.561641,0.038776,-0.004157,-1.513740,-0.047793,1.514494,27|28|28|30|31|32,0.5615
6947.483696,-0.173070,-5.190040,-0.007171,4.568914,0.038474,-0.004200,-1.510489,-0.045466,1.511173,27|28|28|30|31|32,0.5611
6947.500362,-0.177197,-5.199635,-0.006805,4.576187,0.038135,-0.004261,-1.512548,-0.047372,1.513289,27|28|28|30|31|32,0.5616
6947.533696,-0.177205,-5.199619,-0.006805,4.590123,0.038858,-0.004237,-1.526492,-0.048099,1.527250,27|28|28|30|31|32,0.5614
6947.550362,-0.170795,-5.224033,-0.007140,4.597175,0.038341,-0.004240,-1.520275,-0.044103,1.520915,27|28|28|30|31|32,0.5614
6947.567029,-0.170867,-5.223887,-0.007138,4.604240,0.037827,-0.004207,-1.527419,-0.043628,1.528042,27|28|28|30|31|32,0.5616
6947.583696,-0.132223,-5.325346,-0.007578,4.618085,0.037016,-0.004222,-1.486116,-0.021834,1.486276,27|28|28|30|31|32,0.5610
6947.600362,-0.191800,-5.252811,-0.006228,4.624870,0.038053,-0.004301,-1.532333,-0.055236,1.533328,27|28|28|30|31|32,0.5602
6947.617029,-0.191836,-5.252737,-0.006229,4.632136,0.038529,-0.004106,-1.539640,-0.055732,1.540648,27|28|28|30|31|32,0.5601
6947.633696,-0.180258,-5.264350,-0.006768,4.639311,0.038474,-0.004039,-1.540501,-0.049387,1.541292,27|28|28|30|31|32,0.5614
6947.650362,-0.180423,-5.264015,-0.006767,4.639311,0.038474,-0.004039,-1.540683,-0.049477,1.541477,27|28|28|30|31|32,0.5616
6947.667029,-0.129714,-5.378349,-0.007372,4.653664,0.038423,-0.003997,-1.492889,-0.021887,1.493049,27|28|28|30|31|32,0.5618
6947.683696,-0.129713,-5.378350,-0.007371,4.660819,0.038538,-0.003980,-1.500043,-0.022003,1.500205,27|28|28|30|31|32,0.5622
6947.700362,-0.129534,-5.397782,-0.006934,4.660819,0.038538,-0.003980,-1.489483,-0.021909,1.489644,27|28|28|30|31|32,0.5619
6947.717029,-0.129533,-5.397782,-0.006933,4.675074,0.038756,-0.003966,-1.503737,-0.022126,1.503900,27|28|28|30|31|32,0.5608
6947.733696,-0.172852,-5.313473,-0.006756,4.682207,0.038358,-0.003980,-1.556698,-0.045255,1.557356,27|28|28|30|31|32,0.5611
6947.750362,-0.124053,-5.423546,-0.006920,4.682207,0.038358,-0.003980,-1.496867,-0.018754,1.496984,27|28|28|30|31|32,0.5617
6947.767029,-0.124053,-5.423546,-0.006921,4.696251,0.037682,-0.003866,-1.510911,-0.018078,1.511019,27|28|28|30|31|32,0.5620
6947.783696,-0.174837,-5.340793,-0.006463,4.703097,0.038374,-0.004216,-1.562741,-0.046355,1.563428,27|28|28|30|31|32,0.5622
6947.800362,-0.137992,-5.449428,-0.006681,4.703097,0.038374,-0.004216,-1.503693,-0.026352,1.503924,27|28|28|30|31|32,0.5620
6947.817029,-0.137992,-5.449427,-0.006680,4.717442,0.038303,-0.004253,-1.518039,-0.026280,1.518266,27|28|28|30|31|32,0.5635
6947.833696,-0.172121,-5.364968,-0.006848,4.724467,0.037974,-0.004510,-1.570972,-0.044483,1.571602,27|28|28|30|31|32,0.5634
6947.850362,-0.172199,-5.384315,-0.006349,4.724467,0.037974,-0.004510,-1.560457,-0.044529,1.561092,27|28|28|30|31|32,0.5640
6947.867029,-0.172068,-5.384577,-0.006347,4.738290,0.037643,-0.004579,-1.574137,-0.044128,1.574756,27|28|28|30|31|32,0.5649
6947.900362,-0.131722,-5.485305,-0.008106,4.752343,0.037337,-0.004486,-1.533440,-0.021913,1.533597,27|28|28|30|31|32,0.5625
6947.917029,-0.180510,-5.408662,-0.007315,4.752343,0.037337,-0.004486,-1.575103,-0.048414,1.575847,27|28|28|30|31|32,0.5622
6947.933696,-0.208119,-5.381984,-0.008244,4.759399,0.036810,-0.004463,-1.596663,-0.062888,1.597901,27|28|28|30|31|32|33|34,0.5621
6947.950362,-0.186743,-5.448283,-0.008032,4.766338,0.036283,-0.004477,-1.567566,-0.050755,1.568387,28|28|30|31|32|33|34,0.5541
6947.967029,-0.222743,-5.400654,-0.007619,4.772925,0.036382,-0.004552,-1.600045,-0.070411,1.601593,28|30|31|32|33|34,0.5604
6947.983696,-0.220064,-5.405885,-0.007495,4.786543,0.038215,-0.004493,-1.610819,-0.070788,1.612374,28|30|31|32|33|34,0.5624
6948.000362,-0.206437,-5.415810,-0.007284,4.786543,0.038215,-0.004493,-1.605422,-0.063384,1.606673,28|30|31|32|33|34,0.5626
6948.017029,-0.206309,-5.416061,-0.007282,4.793310,0.037795,-0.004545,-1.612053,-0.062895,1.613280,28|30|31|32|33|34,0.5626
6948.033696,-0.192237,-5.425872,-0.007146,4.807237,0.036807,-0.004598,-1.620646,-0.054261,1.621554,28|30|31|32|33|34,0.5642
6948.050362,-0.205363,-5.443549,-0.007197,4.807237,0.036807,-0.004598,-1.611041,-0.061398,1.612211,28|30|31|32|33|34,0.5633
6948.067029,-0.205347,-5.443578,-0.007194,4.821036,0.036576,-0.004898,-1.624824,-0.061158,1.625975,28|30|31|32|33|34,0.5621
6948.083696,-0.218528,-5.461996,-0.007487,4.821036,0.036576,-0.004898,-1.614817,-0.068325,1.616262,28|30|31|32|33|34,0.5615
6948.100362,-0.214022,-5.467593,-0.007505,4.835517,0.036053,-0.004874,-1.626255,-0.065354,1.627568,28|30|31|32|33|34,0.5624
6948.117029,-0.214066,-5.467506,-0.007506,4.842563,0.035794,-0.004769,-1.633349,-0.065119,1.634646,28|30|31|32|33|34,0.5640
6948.167029,-0.217552,-5.477449,-0.007621,4.863446,0.036331,-0.004841,-1.648829,-0.067553,1.650212,28|30|31|32|33|34,0.5626
6948.200362,-0.215560,-5.521177,-0.008202,4.870490,0.036059,-0.005054,-1.632107,-0.066207,1.633449,28|30|31|32|33|34,0.5632
6948.217029,-0.215649,-5.520999,-0.008199,4.884790,0.035605,-0.005133,-1.646503,-0.065800,1.647817,28|30|31|32|33|34,0.5634
6948.233696,-0.221847,-5.539694,-0.007974,4.884790,0.035605,-0.005133,-1.636344,-0.069172,1.637806,28|30|31|32|33|34,0.5641
6948.250362,-0.224716,-5.549367,-0.008009,4.898932,0.035441,-0.005222,-1.645230,-0.070569,1.646743,28|30|31|32|33|34,0.5633
6948.267029,-0.224689,-5.549422,-0.008010,4.906005,0.035597,-0.005278,-1.652273,-0.070711,1.653785,28|30|31|32|33|34,0.5618
6948.283696,-0.225951,-5.564236,-0.008316,4.906005,0.035597,-0.005278,-1.644222,-0.071400,1.645771,28|30|31|32|33|34,0.5635
6948.300362,-0.223498,-5.573794,-0.008397,4.913112,0.035808,-0.005283,-1.646134,-0.070279,1.647634,28|30|31|32|33|34,0.5640
6948.317029,-0.223472,-5.573846,-0.008398,4.927324,0.036231,-0.005363,-1.660318,-0.070688,1.661822,28|30|31|32|33|34,0.5644
6948.333696,-0.216341,-5.593710,-0.008199,4.934271,0.036756,-0.005381,-1.656467,-0.067342,1.657836,28|30|31|32|33|34,0.5626
6948.350362,-0.213123,-5.603762,-0.008236,4.934271,0.036756,-0.005381,-1.651004,-0.065595,1.652307,28|30|31|32|33|34,0.5617
6948.367029,-0.205274,-5.609388,-0.008502,4.947712,0.036392,-0.005969,-1.661386,-0.060965,1.662504,28|30|31|32|33|34,0.5613
6948.383696,-0.207283,-5.618896,-0.008022,4.947712,0.036392,-0.005969,-1.656219,-0.062059,1.657381,28|30|31|32|33|34,0.5619
6948.417029,-0.217574,-5.630028,-0.009197,4.957138,0.036142,-0.006824,-1.659597,-0.067405,1.660965,28|30|31|32|33|34|35,0.5582
6948.433696,-0.217567,-5.630219,-0.009495,4.960042,0.036070,-0.007107,-1.662397,-0.067329,1.663760,28|30|31|32|33|34|35,0.5582
6948.450362,-0.217112,-5.625882,-0.009699,4.961098,0.036046,-0.007202,-1.665810,-0.067057,1.667160,28|30|31|32|33|34|35,0.5541
6948.467029,-0.217336,-5.626849,-0.010475,4.961098,0.036046,-0.007202,-1.665285,-0.067179,1.666640,28|30|31|32|33|34|35,0.5554
6948.483696,-0.217338,-5.626845,-0.010477,4.961056,0.036022,-0.007202,-1.665244,-0.067156,1.666598,28|30|31|32|33|34|35,0.5544
6948.500362,-0.217822,-5.626596,-0.010481,4.961056,0.036022,-0.007202,-1.665380,-0.067419,1.666744,28|30|31|32|33|34|35,0.5544
6948.517029,-0.217705,-5.626419,-0.010956,4.961039,0.036017,-0.007202,-1.665460,-0.067350,1.666821,28|30|31|32|33|34|35,0.5539
6948.533696,-0.217721,-5.626249,-0.011637,4.961036,0.036023,-0.007201,-1.665549,-0.067364,1.666911,28|30|31|32|33|34|35,0.5516
6948.567029,-0.217710,-5.626272,-0.011637,4.961006,0.036020,-0.007202,-1.665506,-0.067355,1.666867,28|30|31|32|33|34|35,0.5517
6948.600362,-0.217825,-5.626109,-0.012160,4.960995,0.036019,-0.007202,-1.665584,-0.067417,1.666948,28|30|31|32|33|34|35,0.5506
6948.617029,-0.217802,-5.626111,-0.012361,4.960978,0.036019,-0.007203,-1.665566,-0.067405,1.666930,28|30|31|32|33|34|35,0.5512
6948.633696,-0.217786,-5.626143,-0.012238,4.960978,0.036019,-0.007203,-1.665549,-0.067396,1.666912,28|30|31|32|33|34|35,0.5515
6948.667029,-0.217607,-5.626201,-0.012220,4.960961,0.036020,-0.007201,-1.665500,-0.067300,1.666859,28|30|31|32|33|34|35,0.5501
6948.683696,-0.217645,-5.626126,-0.012222,4.960951,0.036029,-0.007203,-1.665531,-0.067329,1.666891,28|30|31|32|33|34|35,0.5501
6948.700362,-0.217744,-5.626087,-0.012283,4.960934,0.036022,-0.007201,-1.665535,-0.067376,1.666898,28|30|31|32|33|34|35,0.5506
6948.717029,-0.217569,-5.626176,-0.012331,4.960926,0.036022,-0.007202,-1.665478,-0.067281,1.666837,28|30|31|32|33|34|35,0.5511
6948.733696,-0.217758,-5.626093,-0.012448,4.960926,0.036022,-0.007202,-1.665524,-0.067384,1.666886,28|30|31|32|33|34|35,0.5502
6948.750362,-0.217787,-5.626182,-0.012355,4.960909,0.036023,-0.007202,-1.665458,-0.067400,1.666821,28|30|31|32|33|34|35,0.5508
6948.767029,-0.217677,-5.626120,-0.012252,4.960899,0.036024,-0.007202,-1.665482,-0.067341,1.666843,28|30|31|32|33|34|35,0.5515
6948.783696,-0.217698,-5.626105,-0.012706,4.960899,0.036024,-0.007202,-1.665490,-0.067352,1.666851,28|30|31|32|33|34|35,0.5506
6948.800362,-0.217791,-5.626095,-0.012465,4.960883,0.036025,-0.007202,-1.665480,-0.067405,1.666843,28|30|31|32|33|34|35,0.5495
6948.817029,-0.217693,-5.626184,-0.012289,4.960883,0.036025,-0.007202,-1.665431,-0.067352,1.666793,28|30|31|32|33|34|35,0.5498
6948.833696,-0.217865,-5.626057,-0.012567,4.960872,0.036025,-0.007202,-1.665489,-0.067445,1.666854,28|30|31|32|33|34|35,0.5498
6948.850362,-0.217836,-5.626127,-0.012558,4.960854,0.036026,-0.007202,-1.665434,-0.067430,1.666798,28|30|31|32|33|34|35,0.5499
6948.867029,-0.217684,-5.626056,-0.012423,4.960854,0.036026,-0.007202,-1.665472,-0.067348,1.666833,28|30|31|32|33|34|35,0.5501
6948.883696,-0.217712,-5.625998,-0.012869,4.960839,0.036029,-0.007202,-1.665488,-0.067365,1.666850,28|30|31|32|33|34|35,0.5506
6948.900362,-0.217710,-5.626001,-0.012870,4.960839,0.036029,-0.007202,-1.665486,-0.067364,1.666848,28|30|31|32|33|34|35,0.5513
6948.917029,-0.217617,-5.626082,-0.012605,4.960826,0.036034,-0.007202,-1.665429,-0.067319,1.666789,28|30|31|32|33|34|35,0.5507
6948.933696,-0.217534,-5.625983,-0.012525,4.960810,0.036028,-0.007202,-1.665468,-0.067268,1.666826,28|30|31|32|33|34|35,0.5499
6948.950362,-0.217449,-5.625974,-0.012153,4.960810,0.036037,-0.007201,-1.665471,-0.067231,1.666828,28|30|31|32|33|34|35,0.5500
6948.967029,-0.217434,-5.626003,-0.012152,4.960793,0.036031,-0.007202,-1.665440,-0.067216,1.666796,28|30|31|32|33|34|35,0.5503
6948.983696,-0.217492,-5.625900,-0.012285,4.960782,0.036030,-0.007202,-1.665484,-0.067247,1.666841,28|30|31|32|33|34|35,0.5504
6949.000362,-0.217581,-5.625924,-0.012118,4.960780,0.036036,-0.007201,-1.665469,-0.067301,1.666829,28|30|31|32|33|34|35,0.5503
6949.017029,-0.217598,-5.625835,-0.011976,4.960765,0.036031,-0.007202,-1.665502,-0.067306,1.666862,28|30|31|32|33|34|35,0.5508
6949.033696,-0.217569,-5.625899,-0.012192,4.960765,0.036031,-0.007202,-1.665468,-0.067290,1.666827,28|30|31|32|33|34|35,0.5511
6949.050362,-0.217458,-5.625787,-0.012076,4.960748,0.036033,-0.007202,-1.665512,-0.067232,1.666869,28|30|31|32|33|34|35,0.5499
6949.067029,-0.217363,-5.625816,-0.012396,4.963210,0.035837,-0.007546,-1.667958,-0.066983,1.669303,28|30|31|32|33|34|35,0.5498
6949.083696,-0.217349,-5.625842,-0.012396,4.966397,0.035594,-0.007914,-1.671131,-0.066734,1.672463,28|30|31|32|33|34|35,0.5499
6949.100362,-0.220558,-5.624794,-0.012162,4.970415,0.035327,-0.008330,-1.675719,-0.068211,1.677107,28|30|31|32|33|34|35,0.5550
6949.133696,-0.227461,-5.637237,-0.012808,4.975766,0.035087,-0.008376,-1.674309,-0.071724,1.675845,28|30|31|32|33|34|35,0.5632
6949.150362,-0.226969,-5.638228,-0.012820,4.982430,0.034814,-0.008430,-1.680435,-0.071184,1.681942,28|30|31|32|33|34|35,0.5580
6949.167029,-0.223525,-5.668696,-0.012367,4.989517,0.034710,-0.008650,-1.670962,-0.069214,1.672395,30|31|32|33|34|35,0.5625
6949.183696,-0.223691,-5.678712,-0.012835,4.996663,0.034678,-0.008659,-1.672664,-0.069274,1.674098,30|31|32|33|34|35,0.5629
6949.200362,-0.223696,-5.678699,-0.012834,5.010926,0.034619,-0.008415,-1.686934,-0.069218,1.688354,30|31|32|33|34|35,0.5631
6949.217029,-0.223530,-5.698738,-0.012718,5.010926,0.034619,-0.008415,-1.676044,-0.069131,1.677469,30|31|32|33|34|35,0.5628
6949.233696,-0.223055,-5.708612,-0.012303,5.017692,0.035017,-0.008291,-1.677444,-0.069273,1.678873,30|31|32|33|34|35,0.5624
6949.250362,-0.223166,-5.708394,-0.012306,5.031978,0.035793,-0.008394,-1.691848,-0.070110,1.693300,30|31|32|33|34|35,0.5613
6949.267029,-0.204380,-5.722819,-0.011982,5.031978,0.035793,-0.008394,-1.684005,-0.059903,1.685070,30|31|32|33|34|35,0.5628
6949.283696,-0.204338,-5.722899,-0.011980,5.046358,0.035698,-0.008714,-1.698341,-0.059785,1.699393,30|31|32|33|34|35,0.5636
6949.317029,-0.203768,-5.753384,-0.012569,5.053509,0.035632,-0.008777,-1.688924,-0.059414,1.689968,30|31|32|33|34|35,0.5620
6949.333696,-0.204106,-5.763648,-0.012133,5.060186,0.035402,-0.008774,-1.690023,-0.059369,1.691066,30|31|32|33|34|35,0.5604
6949.350362,-0.204222,-5.763419,-0.012135,5.067360,0.035144,-0.008661,-1.697322,-0.059176,1.698353,30|31|32|33|34|35,0.5620
6949.367029,-0.209784,-5.776429,-0.011755,5.074555,0.034897,-0.008613,-1.697447,-0.061953,1.698577,30|31|32|33|34|35,0.5639
6949.383696,-0.209721,-5.776550,-0.011753,5.081746,0.034643,-0.008568,-1.704572,-0.061665,1.705687,30|31|32|33|34|35,0.5644
6949.400362,-0.215638,-5.796006,-0.012210,5.088779,0.034339,-0.008531,-1.701033,-0.064580,1.702258,30|31|32|33|34|35,0.5635
6949.417029,-0.218790,-5.806260,-0.012256,5.102359,0.034636,-0.008172,-1.709040,-0.066592,1.710337,30|31|32|33|34|35,0.5622
6949.433696,-0.218009,-5.812207,-0.012317,5.102359,0.034636,-0.008172,-1.705807,-0.066169,1.707090,30|31|32|33|34|35,0.5621
6949.450362,-0.218065,-5.812094,-0.012318,5.116594,0.035100,-0.007976,-1.720104,-0.066664,1.721395,30|31|32|33|34|35,0.5631
6949.467029,-0.209827,-5.828131,-0.012036,5.116594,0.035100,-0.007976,-1.711387,-0.062190,1.712517,30|31|32|33|34|35,0.5637
6949.483696,-0.206099,-5.838605,-0.012223,5.123714,0.035324,-0.007972,-1.712814,-0.060390,1.713878,30|31|32|33|34|35,0.5636
6949.500362,-0.206043,-5.838716,-0.012222,5.130839,0.035547,-0.007984,-1.719878,-0.060582,1.720945,30|31|32|33|34|35,0.5634
6949.517029,-0.198558,-5.859746,-0.011798,5.137719,0.035439,-0.007955,-1.715328,-0.056410,1.716255,30|31|32|33|34|35,0.5623
6949.533696,-0.198639,-5.859585,-0.011800,5.144892,0.035230,-0.007985,-1.722587,-0.056245,1.723505,30|31|32|33|34|35,0.5622
6949.550362,-0.200901,-5.873290,-0.010991,5.152160,0.035026,-0.007984,-1.722409,-0.057273,1.723361,30|31|32|33|34|35,0.5628
6949.567029,-0.200864,-5.873363,-0.010993,5.166537,0.034575,-0.007870,-1.736746,-0.056803,1.737674,30|31|32|33|34|35,0.5641
6949.583696,-0.203048,-5.883386,-0.010756,5.173477,0.034642,-0.007735,-1.738239,-0.058058,1.739209,30|31|32|33|34|35,0.5645
6949.617029,-0.206449,-5.909554,-0.010835,5.180446,0.035053,-0.007660,-1.730987,-0.060322,1.732038,30|31|32|33|34|35,0.5614
6949.633696,-0.208701,-5.900521,-0.011924,5.194755,0.034707,-0.007669,-1.750206,-0.061198,1.751275,30|31|32|33|34|35|36,0.5550
6949.650362,-0.218136,-5.884837,-0.010614,5.201778,0.034503,-0.007725,-1.765754,-0.066119,1.766991,30|31|32|33|34|35|36|37,0.5643
6949.667029,-0.221834,-5.902147,-0.010914,5.201778,0.034503,-0.007725,-1.756347,-0.068132,1.757668,30|31|32|33|34|35|36|37,0.5603
6949.683696,-0.238373,-5.885837,-0.012867,5.208940,0.034299,-0.007707,-1.772376,-0.076914,1.774045,31|32|33|34|35|36|37,0.5553
6949.700362,-0.255303,-5.866779,-0.012709,5.215711,0.034195,-0.007711,-1.789508,-0.086006,1.791574,32|33|34|35|36|37,0.5609
6949.717029,-0.256410,-5.869984,-0.012794,5.230136,0.033369,-0.007482,-1.802191,-0.085783,1.804232,32|33|34|35|36|37,0.5629
6949.733696,-0.261590,-5.879680,-0.012331,5.230136,0.033369,-0.007482,-1.796923,-0.088600,1.799106,32|33|34|35|36|37,0.5640
6949.750362,-0.266839,-5.889668,-0.011953,5.237295,0.032960,-0.007484,-1.798655,-0.091046,1.800958,32|33|34|35|36|37,0.5649
6949.767029,-0.266835,-5.889673,-0.011956,5.250702,0.033230,-0.007610,-1.812059,-0.091314,1.814359,32|33|34|35|36|37,0.5640
6949.783696,-0.272115,-5.899629,-0.012864,5.257409,0.034259,-0.007616,-1.813356,-0.095215,1.815854,32|33|34|35|36|37,0.5615
6949.817029,-0.250979,-5.922892,-0.014592,5.264125,0.034131,-0.007713,-1.807425,-0.083604,1.809357,32|33|34|35|36|37,0.5621
6949.833696,-0.253016,-5.931186,-0.014935,5.271113,0.033742,-0.007760,-1.809906,-0.084323,1.811869,32|33|34|35|36|37,0.5632
6949.850362,-0.258088,-5.940836,-0.014177,5.285250,0.032932,-0.007967,-1.818800,-0.086272,1.820845,32|33|34|35|36|37,0.5639
6949.867029,-0.262966,-5.950623,-0.014543,5.285250,0.032932,-0.007967,-1.813482,-0.088925,1.815661,32|33|34|35|36|37,0.5630
6949.883696,-0.267916,-5.960344,-0.014487,5.291980,0.032603,-0.008082,-1.814929,-0.091288,1.817223,32|33|34|35|36|37,0.5625
6949.900362,-0.271920,-5.964305,-0.014806,5.299157,0.032352,-0.008317,-1.819954,-0.093214,1.822340,32|33|34|35|36|37,0.5617
6949.917029,-0.274194,-5.974302,-0.014745,5.306374,0.032193,-0.008293,-1.821739,-0.094292,1.824177,32|33|34|35|36|37,0.5628
6949.933696,-0.275880,-5.984694,-0.014926,5.313435,0.032032,-0.008189,-1.823151,-0.095049,1.825627,32|33|34|35|36|37,0.5628
6949.950362,-0.277380,-5.994722,-0.014745,5.320490,0.031889,-0.008183,-1.824757,-0.095723,1.827266,32|33|34|35|36|37,0.5629
6949.967029,-0.278609,-6.004931,-0.014229,5.334355,0.032206,-0.008055,-1.833074,-0.096710,1.835624,32|33|34|35|36|37,0.5630
6949.983696,-0.276357,-6.011299,-0.014363,5.334355,0.032206,-0.008055,-1.829613,-0.095488,1.832103,32|33|34|35|36|37,0.5629
6950.000362,-0.272995,-6.018797,-0.014331,5.341489,0.032034,-0.008146,-1.832671,-0.093490,1.835054,32|33|34|35|36|37,0.5624
6950.017029,-0.274928,-6.028977,-0.014943,5.348539,0.031874,-0.008330,-1.834189,-0.094383,1.836616,32|33|34|35|36|37,0.5633
6950.033696,-0.274857,-6.029121,-0.014944,5.362992,0.031606,-0.008423,-1.848564,-0.094076,1.850956,32|33|34|35|36|37,0.5636
6950.050362,-0.277613,-6.048495,-0.015660,5.369811,0.031152,-0.008418,-1.844853,-0.095123,1.847304,32|33|34|35|36|37,0.5641
6950.067029,-0.278267,-6.058470,-0.014726,5.369811,0.031152,-0.008418,-1.839433,-0.095481,1.841909,32|33|34|35|36|37,0.5639
6950.083696,-0.278322,-6.058358,-0.014728,5.384238,0.031583,-0.008417,-1.853920,-0.095942,1.856401,32|33|34|35|36|37,0.5638
6950.100362,-0.280884,-6.071350,-0.014450,5.384238,0.031583,-0.008417,-1.846860,-0.097337,1.849423,32|33|34|35|36|37,0.5634
6950.117029,-0.276786,-6.082374,-0.014805,5.391504,0.031866,-0.008399,-1.848134,-0.095394,1.850594,32|33|34|35|36|37,0.5633
6950.133696,-0.276755,-6.082437,-0.014804,5.398769,0.032154,-0.008434,-1.855365,-0.095666,1.857830,32|33|34|35|36|37,0.5633
6950.150362,-0.270186,-6.098419,-0.014106,5.406021,0.032503,-0.008448,-1.853930,-0.092447,1.856233,32|33|34|35|36|37|38,0.5542
6950.167029,-0.270450,-6.097967,-0.014064,5.419975,0.032078,-0.008409,-1.868129,-0.092166,1.870402,32|33|34|35|36|37|38,0.5598
6950.183696,-0.264713,-6.106419,-0.014381,5.419975,0.032078,-0.008409,-1.863535,-0.089050,1.865661,32|33|34|35|36|37|38,0.5625
6950.217029,-0.286874,-6.070823,-0.014252,5.433987,0.031680,-0.008515,-1.896897,-0.100689,1.899568,33|34|35|36|37|38,0.5626
6950.233696,-0.291056,-6.090652,-0.014959,5.447962,0.031015,-0.008690,-1.900095,-0.102300,1.902847,33|34|35|36|37|38,0.5616
6950.250362,-0.293014,-6.100102,-0.014903,5.447962,0.031015,-0.008690,-1.894960,-0.103366,1.897777,33|34|35|36|37|38,0.5604
6950.267029,-0.301243,-6.115558,-0.014871,5.454840,0.030885,-0.008869,-1.893440,-0.107711,1.896501,33|34|35|36|37|38,0.5609
6950.300362,-0.300922,-6.133895,-0.016264,5.476173,0.030943,-0.008576,-1.904807,-0.107598,1.907844,33|34|35|36|37|38,0.5630
6950.317029,-0.300043,-6.144290,-0.015995,5.476173,0.030943,-0.008576,-1.899157,-0.107123,1.902176,33|34|35|36|37|38,0.5629
6950.333696,-0.300043,-6.144290,-0.015995,5.483126,0.031189,-0.008335,-1.906111,-0.107369,1.909132,33|34|35|36|37|38,0.5628
6950.350362,-0.294349,-6.160270,-0.015178,5.497141,0.032038,-0.008090,-1.911439,-0.105127,1.914328,33|34|35|36|37|38,0.5627
6950.367029,-0.282833,-6.166879,-0.014086,5.497141,0.032038,-0.008090,-1.907845,-0.098869,1.910405,33|34|35|36|37|38,0.5634
6950.383696,-0.281519,-6.177189,-0.014529,5.504347,0.032037,-0.008165,-1.909447,-0.098155,1.911969,33|34|35|36|37|38,0.5636
6950.400362,-0.281519,-6.177190,-0.014530,5.518764,0.031996,-0.008315,-1.923865,-0.098115,1.926365,33|34|35|36|37|38,0.5641
6950.417029,-0.280436,-6.198121,-0.014592,5.525392,0.031677,-0.008320,-1.919117,-0.097211,1.921578,33|34|35|36|37|38,0.5636
6950.450362,-0.280434,-6.198122,-0.014594,5.539676,0.031247,-0.008133,-1.933401,-0.096780,1.935821,33|34|35|36|37|38,0.5617
6950.467029,-0.286391,-6.220752,-0.014150,5.546821,0.031019,-0.008081,-1.928247,-0.099794,1.930828,33|34|35|36|37|38,0.5629
6950.483696,-0.286389,-6.220752,-0.014149,5.553836,0.030753,-0.008062,-1.935262,-0.099527,1.937820,33|34|35|36|37|38,0.5638
6950.500362,-0.288911,-6.230746,-0.013851,5.560884,0.030524,-0.008004,-1.936880,-0.100671,1.939494,33|34|35|36|37|38,0.5642
6950.517029,-0.294845,-6.250982,-0.013873,5.567271,0.030861,-0.007524,-1.932269,-0.104236,1.935079,33|34|35|36|37|38,0.5630
6950.533696,-0.296694,-6.260509,-0.013642,5.567271,0.030861,-0.007524,-1.927092,-0.105243,1.929964,33|34|35|36|37|38,0.5611
6950.550362,-0.292806,-6.262178,-0.013015,5.574309,0.031196,-0.007062,-1.933223,-0.103465,1.935990,33|34|35|36|37|38,0.5616
6950.583696,-0.284569,-6.283266,-0.013348,5.588453,0.031709,-0.006867,-1.935904,-0.099505,1.938460,33|34|35|36|37|38,0.5639
6950.600363,-0.280512,-6.293736,-0.013162,5.595528,0.031954,-0.006873,-1.937288,-0.097548,1.939743,33|34|35|36|37|38,0.5642
6950.617029,-0.276407,-6.304154,-0.013663,5.602577,0.031945,-0.006920,-1.938674,-0.095310,1.941016,33|34|35|36|37|38,0.5635
6950.633696,-0.276299,-6.310692,-0.013728,5.616810,0.031519,-0.007034,-1.949354,-0.094826,1.951659,33|34|35|36|37|38,0.5632
6950.650363,-0.278777,-6.317386,-0.013304,5.616810,0.031519,-0.007034,-1.945716,-0.096174,1.948091,33|34|35|36|37|38,0.5651
6950.667029,-0.280609,-6.327750,-0.013630,5.624114,0.031328,-0.007033,-1.947388,-0.096981,1.949801,33|34|35|36|37|38,0.5644
6950.683696,-0.282999,-6.338578,-0.012227,5.631199,0.031098,-0.006918,-1.948589,-0.098052,1.951054,33|34|35|36|37|38|39|40,0.5561
6950.700363,-0.285266,-6.348790,-0.012142,5.638264,0.031030,-0.006719,-1.950105,-0.099218,1.952627,33|34|35|36|37|38|39|40,0.5622
6950.717029,-0.285265,-6.348825,-0.012150,5.645044,0.031541,-0.006638,-1.956865,-0.099729,1.959405,33|34|35|36|37|38|39|40,0.5523
6950.733696,-0.277591,-6.363089,-0.011821,5.652208,0.031395,-0.006629,-1.956276,-0.095414,1.958601,35|36|37|38|39|40,0.5619
6950.750363,-0.279108,-6.373011,-0.012299,5.666383,0.031037,-0.006727,-1.965058,-0.095882,1.967396,35|36|37|38|39|40,0.5639
6950.767029,-0.279108,-6.373011,-0.012299,5.673529,0.030848,-0.006727,-1.972204,-0.095694,1.974525,35|36|37|38|39|40,0.5642
6950.817029,-0.285798,-6.406755,-0.011453,5.687438,0.030398,-0.006640,-1.967776,-0.098886,1.970259,35|36|37|38|39|40,0.5627
6950.867029,-0.300699,-6.436221,-0.011465,5.715617,0.029510,-0.006601,-1.979943,-0.106102,1.982784,35|36|37|38|39|40,0.5620
6950.883696,-0.300701,-6.436221,-0.011464,5.722519,0.030528,-0.006594,-1.986845,-0.107121,1.989731,35|36|37|38|39|40,0.5603
6950.900363,-0.300365,-6.449405,-0.011544,5.722519,0.030528,-0.006594,-1.979680,-0.106941,1.982566,35|36|37|38|39|40,0.5617
6950.917029,-0.284716,-6.459761,-0.011731,5.729328,0.030805,-0.006603,-1.980858,-0.098715,1.983316,35|36|37|38|39|40,0.5620
6950.933696,-0.281244,-6.468434,-0.012269,5.743171,0.030022,-0.006679,-1.989987,-0.096047,1.992303,35|36|37|38|39|40,0.5624
6950.950363,-0.281245,-6.468434,-0.012270,5.743171,0.030022,-0.006679,-1.989987,-0.096047,1.992304,35|36|37|38|39|40,0.5641
6950.967029,-0.291521,-6.487789,-0.011984,5.750359,0.029614,-0.006765,-1.986658,-0.101228,1.989235,35|36|37|38|39|40,0.5635
6950.983696,-0.297057,-6.497671,-0.012178,5.757322,0.029396,-0.006956,-1.988251,-0.104020,1.990970,35|36|37|38|39|40,0.5618
6951.000363,-0.300009,-6.503295,-0.011906,5.764169,0.029009,-0.007631,-1.992043,-0.105238,1.994821,35|36|37|38|39|40,0.5613
6951.017029,-0.303208,-6.511406,-0.013374,5.771338,0.028829,-0.007668,-1.994804,-0.106798,1.997661,35|36|37|38|39|40,0.5628
6951.033696,-0.305330,-6.521662,-0.013081,5.778373,0.028648,-0.007587,-1.996265,-0.107773,1.999172,35|36|37|38|39|40,0.5638
6951.050363,-0.305329,-6.521661,-0.013086,5.785430,0.028476,-0.007549,-2.003322,-0.107601,2.006210,35|36|37|38|39|40,0.5640
6951.067029,-0.308896,-6.541470,-0.013131,5.799446,0.028953,-0.007393,-2.006573,-0.110020,2.009587,35|36|37|38|39|40,0.5625
6951.083696,-0.308896,-6.541471,-0.013130,5.806589,0.028741,-0.007406,-2.013716,-0.109807,2.016708,35|36|37|38|39|40,0.5629
6951.100363,-0.308287,-6.549113,-0.012942,5.813682,0.028541,-0.007483,-2.016656,-0.109278,2.019614,35|36|37|38|39|40,0.5642
6951.117029,-0.303356,-6.565547,-0.012717,5.813682,0.028541,-0.007483,-2.007723,-0.106601,2.010551,35|36|37|38|39|40,0.5658
6951.150363,-0.303357,-6.565546,-0.012719,5.834871,0.027937,-0.007552,-2.028912,-0.105998,2.031679,35|36|37|38|39|40,0.5640
6951.167029,-0.310596,-6.595541,-0.013485,5.834871,0.027937,-0.007552,-2.012612,-0.109938,2.015612,35|36|37|38|39|40,0.5628
6951.183696,-0.310595,-6.595542,-0.013484,5.849329,0.028191,-0.007534,-2.027070,-0.110192,2.030063,35|36|37|38|39|40,0.5619
6951.200363,-0.310524,-6.609255,-0.013875,5.849329,0.028191,-0.007534,-2.019617,-0.110155,2.022619,35|36|37|38|39|40|41,0.5542
6951.217029,-0.310515,-6.609322,-0.013824,5.856624,0.028389,-0.007513,-2.026876,-0.110348,2.029877,35|36|37|38|39|40|41,0.5620
6951.233696,-0.306943,-6.619272,-0.014308,5.871189,0.028845,-0.007561,-2.036032,-0.108864,2.038940,35|36|37|38|39|40|41,0.5585
6951.250363,-0.299992,-6.641078,-0.013573,5.877930,0.029195,-0.007549,-2.030921,-0.105442,2.033657,36|37|38|39|40|41,0.5607
6951.283696,-0.290441,-6.653500,-0.013149,5.892086,0.028614,-0.007594,-2.038324,-0.099672,2.040759,36|37|38|39|40|41,0.5612
6951.300363,-0.290441,-6.653500,-0.013148,5.899132,0.028322,-0.007640,-2.045369,-0.099380,2.047782,36|37|38|39|40|41,0.5619
6951.317029,-0.297384,-6.673427,-0.013076,5.906188,0.028022,-0.007686,-2.041597,-0.102857,2.044186,36|37|38|39|40|41,0.5629
6951.333696,-0.300832,-6.683388,-0.012966,5.906188,0.028022,-0.007686,-2.036184,-0.104732,2.038876,36|37|38|39|40|41,0.5626
6951.350363,-0.300832,-6.683388,-0.012967,5.919910,0.027767,-0.007789,-2.049907,-0.104477,2.052567,36|37|38|39|40|41,0.5609
6951.367029,-0.305652,-6.701451,-0.012674,5.919910,0.027767,-0.007789,-2.040091,-0.107101,2.042900,36|37|38|39|40|41,0.5607
6951.383696,-0.305652,-6.701452,-0.012671,5.934388,0.027620,-0.007713,-2.054568,-0.106954,2.057350,36|37|38|39|40|41,0.5618
6951.417029,-0.306842,-6.706466,-0.013151,5.941668,0.027559,-0.007657,-2.059123,-0.107540,2.061929,36|37|38|39|40|41,0.5623
6951.433696,-0.307311,-6.727322,-0.014551,5.955480,0.028779,-0.007432,-2.061601,-0.109019,2.064481,36|37|38|39|40|41,0.5613
6951.467029,-0.307882,-6.737803,-0.011810,5.969959,0.028786,-0.007592,-2.070384,-0.109339,2.073269,36|37|38|39|40|41,0.5610
6951.483696,-0.288662,-6.750101,-0.013020,5.977129,0.028675,-0.007718,-2.070866,-0.098784,2.073220,36|37|38|39|40|41,0.5614
6951.500363,-0.287515,-6.771873,-0.013134,5.977129,0.028675,-0.007718,-2.059033,-0.098165,2.061372,36|37|38|39|40|41,0.5623
6951.517029,-0.288404,-6.782379,-0.013280,5.984306,0.028554,-0.007792,-2.060501,-0.098529,2.062855,36|37|38|39|40|41,0.5620
6951.533696,-0.289751,-6.792960,-0.012982,5.998049,0.028368,-0.007727,-2.068493,-0.099077,2.070865,36|37|38|39|40|41,0.5606
6951.550363,-0.289747,-6.792962,-0.012976,6.005143,0.028077,-0.007647,-2.075587,-0.098784,2.077936,36|37|38|39|40|41,0.5616
6951.567029,-0.290559,-6.804240,-0.012862,6.005143,0.028077,-0.007647,-2.069458,-0.099227,2.071835,36|37|38|39|40|41,0.5621
6951.583696,-0.294170,-6.814304,-0.012341,6.012254,0.027785,-0.007586,-2.071100,-0.100900,2.073556,36|37|38|39|40|41,0.5631
6951.600363,-0.297932,-6.824574,-0.012698,6.019300,0.027465,-0.007563,-2.072564,-0.102626,2.075103,36|37|38|39|40|41,0.5624
6951.617029,-0.297933,-6.824574,-0.012699,6.032689,0.027664,-0.007318,-2.085953,-0.102826,2.088486,36|37|38|39|40|41,0.5616
6951.633696,-0.305171,-6.844291,-0.013073,6.039623,0.027917,-0.007043,-2.082173,-0.107016,2.084921,36|37|38|39|40|41,0.5611
6951.667029,-0.305169,-6.844293,-0.013072,6.046604,0.028115,-0.006958,-2.089153,-0.107213,2.091902,36|37|38|39|40|41,0.5621
6951.683696,-0.294616,-6.855773,-0.012075,6.060576,0.028487,-0.006924,-2.096884,-0.101853,2.099356,36|37|38|39|40|41,0.5626
6951.700363,-0.291187,-6.866359,-0.011601,6.067678,0.028743,-0.006910,-2.098232,-0.100247,2.100625,36|37|38|39|40|41,0.5622
6951.717029,-0.284809,-6.888482,-0.010377,6.074429,0.028529,-0.006769,-2.092958,-0.096570,2.095185,36|37|38|39|40|41|42|43,0.5515
6951.733696,-0.284826,-6.888544,-0.010243,6.074429,0.028529,-0.006769,-2.092925,-0.096579,2.095152,36|37|38|39|40|41|42|43,0.5630
6951.750363,-0.279996,-6.896306,-0.011224,6.081689,0.028291,-0.006797,-2.095965,-0.093718,2.098060,36|37|38|39|40|41|42|43,0.5638
6951.767029,-0.285024,-6.911622,-0.010174,6.088959,0.028050,-0.006797,-2.094912,-0.096213,2.097120,38|39|40|41|42|43,0.5661
6951.783696,-0.287737,-6.921930,-0.009901,6.096224,0.027801,-0.006803,-2.096576,-0.097440,2.098839,38|39|40|41|42|43,0.5662
6951.800363,-0.287735,-6.921931,-0.009905,6.110072,0.028272,-0.006762,-2.110423,-0.097910,2.112693,38|39|40|41|42|43,0.5639
6951.817029,-0.291636,-6.940523,-0.009917,6.117314,0.028173,-0.006878,-2.107562,-0.099935,2.109930,38|39|40|41|42|43,0.5627
6951.833696,-0.291634,-6.940523,-0.009919,6.124564,0.027980,-0.006903,-2.114812,-0.099740,2.117162,38|39|40|41|42|43,0.5636
6951.850363,-0.282005,-6.945337,-0.009287,6.131619,0.027751,-0.007019,-2.119249,-0.094279,2.121345,38|39|40|41|42|43,0.5636
6951.867029,-0.286057,-6.965745,-0.009346,6.131619,0.027751,-0.007019,-2.108158,-0.096485,2.110365,38|39|40|41|42|43,0.5630
6951.917029,-0.286057,-6.965746,-0.009345,6.159723,0.026924,-0.006193,-2.136261,-0.095658,2.138402,38|39|40|41|42|43,0.5594
6951.933696,-0.289653,-6.991014,-0.009537,6.166897,0.026509,-0.006001,-2.129704,-0.097203,2.131921,38|39|40|41|42|43,0.5607
6951.950363,-0.299395,-7.008410,-0.010910,6.166897,0.026509,-0.006001,-2.120252,-0.102501,2.122728,38|39|40|41|42|43,0.5620
6951.967029,-0.304959,-7.018437,-0.010219,6.180676,0.026220,-0.006069,-2.128581,-0.105237,2.131181,38|39|40|41|42|43,0.5624
6951.983696,-0.310894,-7.028559,-0.010417,6.187340,0.027184,-0.006176,-2.129746,-0.109429,2.132556,38|39|40|41|42|43,0.5620
6952.000363,-0.307670,-7.031053,-0.010358,6.187340,0.027184,-0.006176,-2.128390,-0.107677,2.131112,38|39|40|41|42|43,0.5632
6952.017029,-0.292871,-7.041563,-0.010572,6.194026,0.027857,-0.006224,-2.129361,-0.100309,2.131722,38|39|40|41|42|43,0.5618
6952.033696,-0.284116,-7.050310,-0.010598,6.207669,0.026986,-0.006349,-2.138248,-0.094681,2.140344,38|39|40|41|42|43,0.5615
6952.050363,-0.290171,-7.059905,-0.010356,6.207669,0.026986,-0.006349,-2.133035,-0.097974,2.135284,38|39|40|41|42|43,0.5621
6952.067029,-0.296070,-7.069590,-0.010313,6.221791,0.026250,-0.006450,-2.141894,-0.100446,2.144248,38|39|40|41|42|43,0.5611
6952.100363,-0.305544,-7.086913,-0.009777,6.228599,0.026238,-0.006514,-2.139290,-0.105586,2.141894,38|39|40|41|42|43,0.5604
6952.133696,-0.305544,-7.086912,-0.009776,6.249878,0.025507,-0.006131,-2.160569,-0.104855,2.163112,38|39|40|41|42|43,0.5644
6952.150363,-0.311326,-7.113417,-0.010236,6.249878,0.025507,-0.006131,-2.146165,-0.108003,2.148881,38|39|40|41|42|43,0.5653
6952.167029,-0.311326,-7.113416,-0.010236,6.263830,0.026000,-0.006120,-2.160118,-0.108496,2.162841,38|39|40|41|42|43,0.5649
6952.183696,-0.314413,-7.123277,-0.010431,6.263830,0.026000,-0.006120,-2.154759,-0.110176,2.157574,38|39|40|41|42|43,0.5647
6952.200363,-0.314909,-7.130918,-0.010296,6.270996,0.025976,-0.006117,-2.157772,-0.110422,2.160596,38|39|40|41|42|43,0.5648
6952.217029,-0.305236,-7.136603,-0.010000,6.278077,0.025689,-0.006156,-2.161762,-0.104880,2.164305,38|39|40|41|42|43,0.5643
6952.233696,-0.308903,-7.157071,-0.009784,6.285174,0.025400,-0.006160,-2.157736,-0.106587,2.160367,38|39|40|41|42|43,0.5639
6952.250363,-0.308902,-7.157071,-0.009786,6.299228,0.025164,-0.006218,-2.171790,-0.106350,2.174392,38|39|40|41|42|43,0.5634
6952.267029,-0.312261,-7.167395,-0.010002,6.306195,0.025280,-0.005995,-2.173146,-0.108294,2.175843,38|39|40|41|42|43|44,0.5617
6952.283696,-0.314300,-7.181333,-0.010046,6.313421,0.025403,-0.005927,-2.172798,-0.109528,2.175557,38|39|40|41|42|43|44,0.5563
6952.300363,-0.312971,-7.190093,-0.009810,6.320645,0.025517,-0.005891,-2.175261,-0.108921,2.177986,39|40|41|42|43|44,0.5637
6952.317029,-0.310937,-7.201157,-0.009613,6.320645,0.025517,-0.005891,-2.169247,-0.107817,2.171925,39|40|41|42|43|44,0.5627
6952.333696,-0.310937,-7.201157,-0.009614,6.335058,0.025745,-0.005930,-2.183660,-0.108045,2.186332,39|40|41|42|43|44,0.5631
6952.350363,-0.307419,-7.222971,-0.011388,6.335058,0.025745,-0.005930,-2.171804,-0.106138,2.174396,39|40|41|42|43|44,0.5624
6952.367029,-0.307419,-7.222971,-0.011389,6.348976,0.026363,-0.006060,-2.185723,-0.106756,2.188328,39|40|41|42|43|44,0.5614
6952.400363,-0.293939,-7.244584,-0.010207,6.363103,0.025553,-0.006118,-2.188100,-0.098623,2.190322,39|40|41|42|43|44,0.5636
6952.417029,-0.299161,-7.254658,-0.010541,6.363103,0.025553,-0.006118,-2.182626,-0.101463,2.184983,39|40|41|42|43|44,0.5645
6952.433696,-0.299161,-7.254657,-0.010542,6.370167,0.025134,-0.006168,-2.189691,-0.101045,2.192021,39|40|41|42|43|44,0.5635
6952.450363,-0.310107,-7.274838,-0.011651,6.377145,0.024869,-0.006174,-2.185703,-0.106732,2.188307,39|40|41|42|43|44,0.5624
6952.467029,-0.310107,-7.274838,-0.011651,6.383828,0.025290,-0.006172,-2.192386,-0.107154,2.195003,39|40|41|42|43|44,0.5623
6952.483696,-0.306700,-7.287667,-0.010816,6.390953,0.025105,-0.006171,-2.192538,-0.105119,2.195056,39|40|41|42|43|44,0.5619
6952.500363,-0.308985,-7.298084,-0.011830,6.398066,0.024918,-0.006114,-2.193990,-0.106176,2.196558,39|40|41|42|43|44,0.5625
6952.517029,-0.308986,-7.298084,-0.011830,6.412352,0.024779,-0.005925,-2.208276,-0.106037,2.210821,39|40|41|42|43|44,0.5623
6952.533696,-0.313275,-7.318487,-0.010920,6.419213,0.025640,-0.005973,-2.204050,-0.109234,2.206755,39|40|41|42|43|44,0.5622
6952.550363,-0.313274,-7.318487,-0.010922,6.426392,0.026453,-0.005918,-2.211228,-0.110046,2.213965,39|40|41|42|43|44,0.5629
6952.567029,-0.312083,-7.324882,-0.010119,6.433531,0.026232,-0.005989,-2.214892,-0.109179,2.217581,39|40|41|42|43|44,0.5613
6952.617029,-0.293082,-7.362904,-0.009104,6.454760,0.025925,-0.006096,-2.215453,-0.098553,2.217644,39|40|41|42|43|44,0.5628
6952.633696,-0.293083,-7.362904,-0.009104,6.461761,0.026350,-0.005807,-2.222453,-0.098978,2.224656,39|40|41|42|43|44,0.5611
6952.650363,-0.296510,-7.373737,-0.009989,6.468873,0.025916,-0.005627,-2.223679,-0.100409,2.225945,39|40|41|42|43|44,0.5618
6952.683696,-0.293114,-7.394951,-0.009507,6.475923,0.025455,-0.005540,-2.219199,-0.098106,2.221367,39|40|41|42|43|44,0.5627
6952.700363,-0.299418,-7.404614,-0.009298,6.482969,0.024968,-0.005479,-2.220994,-0.101047,2.223291,39|40|41|42|43|44,0.5635
6952.717029,-0.305849,-7.414591,-0.009295,6.496324,0.024955,-0.005558,-2.228929,-0.104531,2.231378,39|40|41|42|43|44,0.5638
6952.733696,-0.312213,-7.424072,-0.009456,6.496324,0.024955,-0.005558,-2.223777,-0.107992,2.226398,39|40|41|42|43|44,0.5625
6952.750363,-0.312212,-7.424072,-0.009455,6.510537,0.025793,-0.005406,-2.237991,-0.108828,2.240635,39|40|41|42|43|44,0.5625
6952.767029,-0.303979,-7.425071,-0.009627,6.517585,0.025717,-0.005359,-2.244493,-0.104279,2.246914,39|40|41|42|43|44,0.5627
6952.783696,-0.291636,-7.439142,-0.009692,6.524630,0.025677,-0.005360,-2.243888,-0.097533,2.246007,39|40|41|42|43|44|45|46,0.5645
6952.800363,-0.292397,-7.447901,-0.009647,6.531755,0.025699,-0.005320,-2.246253,-0.097970,2.248389,39|40|41|42|43|44|45|46,0.5560
6952.817029,-0.292414,-7.458679,-0.009666,6.538652,0.026305,-0.005405,-2.247293,-0.098587,2.249455,41|42|43|44|45|46,0.5633
6952.850363,-0.282376,-7.481992,-0.009550,6.552914,0.025728,-0.005343,-2.248883,-0.092560,2.250787,41|42|43|44|45|46,0.5627
6952.867029,-0.282377,-7.481993,-0.009550,6.560168,0.025238,-0.005355,-2.256136,-0.092070,2.258014,41|42|43|44|45|46,0.5638
6952.883696,-0.289836,-7.501468,-0.009722,6.560168,0.025238,-0.005355,-2.245554,-0.096127,2.247610,41|42|43|44|45|46,0.5654
6952.900363,-0.296338,-7.511764,-0.009038,6.567410,0.024837,-0.005315,-2.247202,-0.099263,2.249393,41|42|43|44|45|46,0.5650
6952.917029,-0.301265,-7.520200,-0.008691,6.581444,0.026026,-0.005477,-2.256651,-0.103130,2.259006,41|42|43|44|45|46,0.5653
6952.933696,-0.293944,-7.526637,-0.008959,6.581444,0.026026,-0.005477,-2.253151,-0.099153,2.255332,41|42|43|44|45|46,0.5651
6952.950363,-0.293944,-7.526636,-0.008959,6.595339,0.025260,-0.005344,-2.267047,-0.098387,2.269181,41|42|43|44|45|46,0.5628
6952.967029,-0.283257,-7.537117,-0.009684,6.602467,0.024776,-0.005347,-2.268477,-0.092097,2.270346,41|42|43|44|45|46,0.5644
6952.983696,-0.293673,-7.555566,-0.009324,6.602467,0.024776,-0.005347,-2.258452,-0.097762,2.260567,41|42|43|44|45|46,0.5649
6953.000363,-0.300073,-7.565368,-0.009854,6.609530,0.024611,-0.005332,-2.260189,-0.101076,2.262448,41|42|43|44|45|46,0.5630
6953.017029,-0.301835,-7.570945,-0.009698,6.623746,0.024956,-0.004997,-2.271374,-0.102380,2.273681,41|42|43|44|45|46,0.5616
6953.050363,-0.296601,-7.588330,-0.009926,6.630886,0.024253,-0.004764,-2.269066,-0.098836,2.271217,41|42|43|44|45|46,0.5628
6953.067029,-0.306503,-7.598586,-0.009386,6.637939,0.023520,-0.004760,-2.270547,-0.103486,2.272904,41|42|43|44|45|46,0.5640
6953.083696,-0.306502,-7.598586,-0.009387,6.644568,0.023517,-0.004842,-2.277176,-0.103483,2.279526,41|42|43|44|45|46,0.5636
6953.100363,-0.315451,-7.612198,-0.009887,6.651517,0.024205,-0.004781,-2.276728,-0.109036,2.279338,41|42|43|44|45|46,0.5641
6953.117029,-0.304700,-7.623080,-0.009583,6.665363,0.025407,-0.004852,-2.284658,-0.104398,2.287042,41|42|43|44|45|46,0.5633
6953.133696,-0.304700,-7.623079,-0.009578,6.672168,0.024832,-0.004497,-2.291464,-0.103823,2.293815,41|42|43|44|45|46,0.5612
6953.150363,-0.294098,-7.633993,-0.008923,6.679115,0.024096,-0.004484,-2.292477,-0.097327,2.294542,41|42|43|44|45|46,0.5610
6953.183696,-0.306963,-7.660240,-0.009682,6.686032,0.023579,-0.004501,-2.285132,-0.103807,2.287489,41|42|43|44|45|46,0.5620
6953.200363,-0.306963,-7.660240,-0.009684,6.700019,0.024114,-0.005115,-2.299119,-0.104342,2.301485,41|42|43|44|45|46,0.5626
6953.217029,-0.313919,-7.666911,-0.009669,6.700019,0.024114,-0.005115,-2.295494,-0.108124,2.298039,41|42|43|44|45|46,0.5620
6953.233696,-0.304242,-7.684027,-0.010410,6.707223,0.023587,-0.005117,-2.293395,-0.102341,2.295677,41|42|43|44|45|46,0.5629
6953.250363,-0.304242,-7.684027,-0.010409,6.714325,0.023062,-0.005031,-2.300497,-0.101816,2.302749,41|42|43|44|45|46,0.5634
6953.267029,-0.318631,-7.703920,-0.009056,6.721311,0.022687,-0.004911,-2.296674,-0.109265,2.299272,41|42|43|44|45|46,0.5641
6953.283696,-0.323068,-7.711802,-0.009355,6.728199,0.023133,-0.004926,-2.299279,-0.112123,2.302011,41|42|43|44|45|46|47,0.5499
6953.300363,-0.316474,-7.718594,-0.009586,6.742331,0.023665,-0.005009,-2.309719,-0.109073,2.312293,41|42|43|44|45|46|47,0.5635
6953.317029,-0.316467,-7.718595,-0.009577,6.749448,0.023082,-0.005028,-2.316835,-0.108486,2.319374,41|42|43|44|45|46|47,0.5598
6953.350363,-0.305468,-7.730246,-0.009615,6.763423,0.022326,-0.005072,-2.324476,-0.101755,2.326702,42|43|44|45|46|47,0.5651
6953.367029,-0.316480,-7.747675,-0.009666,6.770479,0.023110,-0.005271,-2.322062,-0.108527,2.324597,42|43|44|45|46|47,0.5651
6953.383696,-0.326241,-7.761648,-0.010357,6.770479,0.023110,-0.005271,-2.314470,-0.113834,2.317267,42|43|44|45|46|47,0.5645
6953.400363,-0.313778,-7.770110,-0.011013,6.777859,0.023246,-0.005215,-2.317248,-0.107199,2.319727,42|43|44|45|46|47,0.5647
6953.417029,-0.311495,-7.782479,-0.011520,6.792380,0.022872,-0.005177,-2.325047,-0.105586,2.327443,42|43|44|45|46|47,0.5640
6953.433696,-0.311495,-7.782479,-0.011520,6.799619,0.022746,-0.005177,-2.332286,-0.105460,2.334669,42|43|44|45|46|47,0.5638
6953.450363,-0.316333,-7.803198,-0.009796,6.799619,0.022746,-0.005177,-2.321026,-0.108093,2.323542,42|43|44|45|46|47,0.5634
6953.467029,-0.316331,-7.803197,-0.009795,6.813682,0.024285,-0.005510,-2.335089,-0.109631,2.337661,42|43|44|45|46|47,0.5624
6953.483696,-0.308616,-7.816646,-0.010763,6.820636,0.024011,-0.005517,-2.334734,-0.105167,2.337101,42|43|44|45|46|47,0.5639
6953.500363,-0.292893,-7.827977,-0.010969,6.827742,0.023283,-0.005535,-2.335678,-0.095896,2.337646,42|43|44|45|46|47,0.5631
6953.517029,-0.296680,-7.835497,-0.010703,6.834853,0.022576,-0.005560,-2.338702,-0.097249,2.340723,42|43|44|45|46|47,0.5627
6953.533696,-0.306431,-7.845310,-0.010899,6.841824,0.022057,-0.005597,-2.340342,-0.102031,2.342565,42|43|44|45|46|47,0.5628
6953.550363,-0.316336,-7.855168,-0.011568,6.841824,0.022057,-0.005597,-2.334986,-0.107416,2.337456,42|43|44|45|46|47,0.5615
6953.567029,-0.316336,-7.855168,-0.011567,6.855653,0.023139,-0.005726,-2.348815,-0.108498,2.351320,42|43|44|45|46|47,0.5610
6953.583696,-0.316154,-7.869187,-0.012364,6.855653,0.023139,-0.005726,-2.341196,-0.108402,2.343704,42|43|44|45|46|47,0.5606
6953.600363,-0.316154,-7.869187,-0.012362,6.862629,0.022684,-0.005744,-2.348173,-0.107946,2.350653,42|43|44|45|46|47,0.5604
6953.617029,-0.312766,-7.888869,-0.012214,6.869862,0.022227,-0.005632,-2.344708,-0.105652,2.347087,42|43|44|45|46|47,0.5609
6953.633696,-0.312765,-7.888869,-0.012214,6.883842,0.022638,-0.005694,-2.358688,-0.106063,2.361072,42|43|44|45|46|47,0.5606
6953.667029,-0.318886,-7.898902,-0.011097,6.897902,0.024196,-0.005580,-2.367297,-0.110948,2.369895,42|43|44|45|46|47,0.5607
6953.683696,-0.298342,-7.924167,-0.011948,6.904944,0.023722,-0.005717,-2.360604,-0.099315,2.362692,42|43|44|45|46|47,0.5602
6953.700363,-0.298342,-7.924167,-0.011949,6.912058,0.023201,-0.005776,-2.367717,-0.098793,2.369777,42|43|44|45|46|47,0.5598
6953.717029,-0.296052,-7.942978,-0.011632,6.912058,0.023201,-0.005776,-2.357494,-0.097552,2.359511,42|43|44|45|46|47,0.5612
6953.750363,-0.305469,-7.956281,-0.012308,6.933213,0.024158,-0.005567,-2.371421,-0.103630,2.373684,42|43|44|45|46|47,0.5612
6953.783696,-0.288507,-7.976171,-0.011523,6.943632,0.023640,-0.007914,-2.371027,-0.093897,2.372886,42|43|44|45|46|47,0.5623
6953.800363,-0.288505,-7.976171,-0.011520,6.947116,0.023649,-0.009617,-2.374511,-0.093905,2.376367,42|43|44|45|46|47,0.5637
6953.850363,-0.294777,-8.000271,-0.015508,6.949161,0.023629,-0.010937,-2.363460,-0.097299,2.365461,42|43|44|45|46|47|48|49,0.5631
6953.867029,-0.294778,-8.000271,-0.015506,6.949141,0.023645,-0.010936,-2.363439,-0.097315,2.365441,42|43|44|45|46|47|48|49,0.5628
6953.883696,-0.294676,-8.000469,-0.015349,6.949118,0.023662,-0.010937,-2.363309,-0.097277,2.365310,42|43|44|45|46|47|48|49,0.5611
6953.900363,-0.294674,-8.000468,-0.015349,6.949090,0.023686,-0.010936,-2.363281,-0.097300,2.365284,42|43|44|45|46|47|48|49,0.5603
6953.917029,-0.294337,-7.999841,-0.015797,6.949090,0.023686,-0.010936,-2.363622,-0.097116,2.365616,42|43|44|45|46|47|48|49,0.5602
6953.933696,-0.294338,-7.999841,-0.015799,6.949012,0.023755,-0.010933,-2.363544,-0.097186,2.365542,42|43|44|45|46|47|48|49,0.5606
6953.950363,-0.293483,-7.998929,-0.016097,6.949012,0.023755,-0.010933,-2.364040,-0.096721,2.366018,42|43|44|45|46|47|48|49,0.5618
6953.967029,-0.293061,-7.998411,-0.015926,6.948964,0.023801,-0.010933,-2.364273,-0.096537,2.366243,42|43|44|45|46|47|48|49,0.5624
6953.983696,-0.293060,-7.998410,-0.015925,6.948860,0.023894,-0.010931,-2.364169,-0.096630,2.366143,42|43|44|45|46|47|48|49,0.5629
6954.000363,-0.291540,-7.997128,-0.015619,6.948854,0.023895,-0.010932,-2.364860,-0.095805,2.366800,42|43|44|45|46|47|48|49,0.5626
6954.017029,-0.290926,-7.996712,-0.016074,6.948848,0.023895,-0.010932,-2.365080,-0.095471,2.367006,42|43|44|45|46|47|48|49,0.5625
6954.033696,-0.290927,-7.996712,-0.016078,6.948843,0.023896,-0.010933,-2.365075,-0.095472,2.367001,42|43|44|45|46|47|48|49,0.5617
6954.050363,-0.290782,-7.996662,-0.016287,6.948837,0.023897,-0.010933,-2.365096,-0.095394,2.367019,42|43|44|45|46|47|48|49,0.5610
6954.067029,-0.290754,-7.996528,-0.015588,6.948837,0.023897,-0.010933,-2.365169,-0.095379,2.367091,42|43|44|45|46|47|48|49,0.5602
6954.083696,-0.290822,-7.996516,-0.015701,6.948832,0.023897,-0.010933,-2.365170,-0.095416,2.367094,42|43|44|45|46|47|48|49,0.5598
6954.100363,-0.290822,-7.996517,-0.015701,6.948827,0.023896,-0.010933,-2.365165,-0.095416,2.367089,42|43|44|45|46|47|48|49,0.5596
6954.117029,-0.290698,-7.996512,-0.015502,6.948821,0.023897,-0.010934,-2.365161,-0.095349,2.367082,42|43|44|45|46|47|48|49,0.5591
6954.133696,-0.290697,-7.996512,-0.015503,6.948815,0.023898,-0.010934,-2.365155,-0.095349,2.367076,42|43|44|45|46|47|48|49,0.5585
6954.150363,-0.290766,-7.996424,-0.015390,6.948804,0.023898,-0.010934,-2.365192,-0.095387,2.367115,42|43|44|45|46|47|48|49,0.5580
6954.167029,-0.290787,-7.996436,-0.015352,6.948799,0.023899,-0.010933,-2.365181,-0.095399,2.367104,42|43|44|45|46|47|48|49,0.5578
6954.183696,-0.290633,-7.996401,-0.015311,6.948799,0.023899,-0.010933,-2.365200,-0.095315,2.367120,42|43|44|45|46|47|48|49,0.5580
6954.217029,-0.290577,-7.996338,-0.015212,6.948788,0.023900,-0.010934,-2.365223,-0.095286,2.367142,42|43|44|45|46|47|48|49,0.5581
6954.233696,-0.290578,-7.996338,-0.015214,6.948784,0.023900,-0.010934,-2.365218,-0.095286,2.367137,42|43|44|45|46|47|48|49,0.5579
6954.250363,-0.290578,-7.996355,-0.015287,6.948777,0.023900,-0.010934,-2.365203,-0.095287,2.367122,42|43|44|45|46|47|48|49,0.5583
6954.267029,-0.290558,-7.996412,-0.015062,6.948766,0.023901,-0.010934,-2.365161,-0.095277,2.367079,42|43|44|45|46|47|48|49,0.5580
6954.300363,-0.290474,-7.996380,-0.015016,6.948754,0.023902,-0.010935,-2.365167,-0.095232,2.367083,42|43|44|45|46|47|48|49,0.5576
6954.317029,-0.290626,-7.996335,-0.015228,6.948749,0.023903,-0.010935,-2.365185,-0.095315,2.367105,42|43|44|45|46|47|48|49,0.5577
6954.333696,-0.290627,-7.996335,-0.015229,6.948749,0.023903,-0.010935,-2.365185,-0.095316,2.367105,42|43|44|45|46|47|48|49,0.5581
6954.367029,-0.290522,-7.996243,-0.015208,6.948737,0.023903,-0.010934,-2.365224,-0.095259,2.367141,42|43|44|45|46|47|48|49,0.5578
6954.383696,-0.290522,-7.996243,-0.015209,6.948725,0.023904,-0.010935,-2.365212,-0.095260,2.367129,42|43|44|45|46|47|48|49,0.5576
6954.400363,-0.290471,-7.996231,-0.015108,6.948721,0.023904,-0.010935,-2.365214,-0.095233,2.367130,42|43|44|45|46|47|48|49,0.5578
6954.417029,-0.290409,-7.996279,-0.015088,6.948715,0.023904,-0.010935,-2.365182,-0.095199,2.367097,42|43|44|45|46|47|48|49,0.5575
6954.433696,-0.290494,-7.996325,-0.015229,6.948709,0.023905,-0.010935,-2.365151,-0.095246,2.367068,42|43|44|45|46|47|48|49,0.5573
6954.450363,-0.290494,-7.996325,-0.015228,6.948704,0.023905,-0.010934,-2.365146,-0.095246,2.367063,42|43|44|45|46|47|48|49,0.5572
6954.467029,-0.290584,-7.996301,-0.015167,6.948704,0.023905,-0.010934,-2.365159,-0.095295,2.367078,42|43|44|45|46|47|48|49,0.5576
6954.483696,-0.290511,-7.996297,-0.015202,6.954043,0.022628,-0.012349,-2.370500,-0.093978,2.372362,42|43|44|45|46|47|48|49,0.5580
6954.500363,-0.290595,-7.996366,-0.015330,6.957978,0.021862,-0.012766,-2.374398,-0.093258,2.376229,42|43|44|45|46|47|48|49,0.5576
6954.517029,-0.300859,-7.995320,-0.015105,6.957978,0.021862,-0.012766,-2.374968,-0.098836,2.377024,42|43|44|45|46|47|48|49,0.5628
6954.550363,-0.318075,-8.007144,-0.016498,6.970676,0.023150,-0.011694,-2.381243,-0.109483,2.383759,42|43|44|45|46|47|48|49,0.5579
6954.567029,-0.304692,-8.017795,-0.016783,6.978008,0.023854,-0.011416,-2.382784,-0.102915,2.385005,44|45|46|47|48|49,0.5657
6954.583696,-0.304691,-8.017793,-0.016784,6.985196,0.023486,-0.011402,-2.389973,-0.102546,2.392172,44|45|46|47|48|49,0.5644
6954.600363,-0.294891,-8.033490,-0.016431,6.999581,0.022786,-0.011381,-2.395825,-0.096523,2.397769,44|45|46|47|48|49,0.5647
6954.617029,-0.298872,-8.043525,-0.017410,6.999581,0.022786,-0.011381,-2.390372,-0.098689,2.392408,44|45|46|47|48|49,0.5648
6954.633696,-0.306423,-8.061917,-0.018448,7.014114,0.023781,-0.011628,-2.394911,-0.103792,2.397159,44|45|46|47|48|49,0.5645
6954.650363,-0.300700,-8.068197,-0.017649,7.021009,0.023574,-0.011516,-2.398392,-0.100475,2.400496,44|45|46|47|48|49,0.5643
6954.667029,-0.300700,-8.068197,-0.017648,7.028166,0.022752,-0.011545,-2.405549,-0.099653,2.407612,44|45|46|47|48|49,0.5631
6954.683696,-0.289419,-8.080763,-0.016838,7.028166,0.022752,-0.011545,-2.398718,-0.093525,2.400540,44|45|46|47|48|49,0.5638
6954.700363,-0.291582,-8.087037,-0.017451,7.042370,0.022090,-0.011940,-2.409513,-0.094039,2.411347,44|45|46|47|48|49,0.5642
6954.717029,-0.311100,-8.104549,-0.015792,7.042370,0.022090,-0.011940,-2.399999,-0.104650,2.402280,44|45|46|47|48|49,0.5649
6954.733696,-0.311100,-8.104549,-0.015792,7.049457,0.022549,-0.011930,-2.407086,-0.105110,2.409379,44|45|46|47|48|49,0.5641
6954.750363,-0.300103,-8.124548,-0.018260,7.063114,0.022470,-0.011966,-2.409871,-0.099058,2.411906,44|45|46|47|48|49,0.5641
6954.767029,-0.300102,-8.124547,-0.018262,7.063114,0.022470,-0.011966,-2.409871,-0.099057,2.411906,44|45|46|47|48|49,0.5629
6954.783696,-0.299599,-8.140549,-0.018351,7.070241,0.021654,-0.011989,-2.408302,-0.097970,2.410294,44|45|46|47|48|49,0.5638
6954.817029,-0.316156,-8.156376,-0.019617,7.084552,0.021509,-0.011813,-2.414015,-0.106827,2.416377,44|45|46|47|48|49,0.5624
6954.833696,-0.309865,-8.168392,-0.018300,7.091981,0.021867,-0.011800,-2.414912,-0.103768,2.417140,44|45|46|47|48|49,0.5624
6954.850363,-0.303817,-8.180874,-0.018192,7.105590,0.020426,-0.011529,-2.421736,-0.099042,2.423760,44|45|46|47|48|49,0.5612
6954.867029,-0.303817,-8.180876,-0.018191,7.105590,0.020426,-0.011529,-2.421735,-0.099043,2.423759,44|45|46|47|48|49,0.5620
6954.900363,-0.325024,-8.196493,-0.018237,7.119129,0.020525,-0.011511,-2.426791,-0.110671,2.429313,44|45|46|47|48|49,0.5634
6954.917029,-0.318728,-8.208352,-0.017792,7.126111,0.020886,-0.011494,-2.427326,-0.107611,2.429711,44|45|46|47|48|49,0.5643
6954.933696,-0.312547,-8.220249,-0.017357,7.133096,0.021241,-0.011560,-2.427845,-0.104610,2.430097,44|45|46|47|48|49,0.5646
6954.950363,-0.312547,-8.220247,-0.017357,7.146554,0.020760,-0.011553,-2.441303,-0.104128,2.443522,44|45|46|47|48|49,0.5632
6954.967029,-0.304232,-8.240732,-0.017191,7.146554,0.020760,-0.011553,-2.430169,-0.099613,2.432209,44|45|46|47|48|49,0.5623
6954.983696,-0.313336,-8.244484,-0.017094,7.160036,0.020060,-0.011503,-2.441613,-0.103862,2.443822,44|45|46|47|48|49,0.5616
6955.000363,-0.313336,-8.244485,-0.017095,7.167255,0.020340,-0.011578,-2.448832,-0.104141,2.451045,44|45|46|47|48|49,0.5617
6955.017029,-0.320560,-8.259014,-0.016930,7.174374,0.020412,-0.011608,-2.448056,-0.108143,2.450443,44|45|46|47|48|49,0.5618
6955.033696,-0.320559,-8.259012,-0.016931,7.181257,0.019696,-0.011405,-2.454940,-0.107426,2.457290,44|45|46|47|48|49,0.5607
6955.050363,-0.313405,-8.280259,-0.017166,7.188238,0.018971,-0.011339,-2.450372,-0.102818,2.452528,44|45|46|47|48|49|50,0.5605
6955.067029,-0.323223,-8.287782,-0.016811,7.188238,0.018971,-0.011339,-2.446285,-0.108155,2.448675,45|46|47|48|49|50,0.5627
6955.083696,-0.323223,-8.287783,-0.016812,7.202320,0.019397,-0.011007,-2.460368,-0.108581,2.462762,45|46|47|48|49|50,0.5630
6955.100363,-0.332203,-8.294611,-0.016753,7.202320,0.019397,-0.011007,-2.456658,-0.113462,2.459277,45|46|47|48|49|50,0.5638
6955.117029,-0.329638,-8.303547,-0.017673,7.216380,0.019541,-0.011049,-2.465861,-0.112214,2.468413,45|46|47|48|49|50,0.5631
6955.133696,-0.324123,-8.316019,-0.017959,7.223264,0.018660,-0.010900,-2.465965,-0.108338,2.468344,45|46|47|48|49|50,0.5621
6955.150363,-0.320371,-8.332607,-0.017281,7.223264,0.018660,-0.010900,-2.456949,-0.106302,2.459248,45|46|47|48|49|50,0.5632
6955.167029,-0.332714,-8.340953,-0.016655,7.230002,0.018070,-0.010874,-2.459154,-0.112422,2.461722,45|46|47|48|49|50,0.5636
6955.183696,-0.332715,-8.340956,-0.016655,7.244448,0.019047,-0.010863,-2.473599,-0.113400,2.476197,45|46|47|48|49|50,0.5647
6955.200363,-0.331925,-8.355068,-0.016644,7.244448,0.019047,-0.010863,-2.465929,-0.112973,2.468516,45|46|47|48|49|50,0.5647
6955.217029,-0.323683,-8.368047,-0.016479,7.258488,0.018662,-0.010817,-2.472914,-0.108111,2.475276,45|46|47|48|49|50,0.5630
6955.233696,-0.319564,-8.376127,-0.016963,7.258488,0.018662,-0.010817,-2.468522,-0.105874,2.470791,45|46|47|48|49|50,0.5637
6955.283696,-0.330689,-8.399975,-0.017451,7.279475,0.018753,-0.011260,-2.476550,-0.112016,2.479081,45|46|47|48|49|50,0.5640
6955.300363,-0.330689,-8.399974,-0.017453,7.293553,0.019449,-0.011241,-2.490628,-0.112712,2.493177,45|46|47|48|49|50,0.5629
6955.317029,-0.321552,-8.412499,-0.017156,7.293553,0.019449,-0.011241,-2.483819,-0.107749,2.486155,45|46|47|48|49|50,0.5618
6955.333696,-0.309676,-8.430397,-0.016528,7.300261,0.018526,-0.010984,-2.480797,-0.100375,2.482827,45|46|47|48|49|50,0.5616
6955.350363,-0.309676,-8.430399,-0.016528,7.313989,0.017607,-0.010949,-2.494525,-0.099455,2.496507,45|46|47|48|49|50,0.5620
6955.367029,-0.334715,-8.442825,-0.016994,7.321164,0.017907,-0.010910,-2.494951,-0.113366,2.497525,45|46|47|48|49|50,0.5692
6955.383696,-0.330669,-8.451780,-0.018405,7.328391,0.018163,-0.010858,-2.497310,-0.111424,2.499795,45|46|47|48|49|50,0.5682
6955.400363,-0.330658,-8.451780,-0.018414,7.335150,0.018038,-0.010678,-2.504070,-0.111293,2.506542,45|46|47|48|49|50,0.5669
6955.417029,-0.321915,-8.476146,-0.014926,7.335150,0.018038,-0.010678,-2.490826,-0.106547,2.493104,45|46|47|48|49|50,0.5654
6955.433696,-0.322936,-8.480045,-0.015060,7.341980,0.017400,-0.010628,-2.495537,-0.106464,2.497807,45|46|47|48|49|50,0.5635
6955.450363,-0.331166,-8.484829,-0.014750,7.349090,0.017643,-0.010656,-2.500049,-0.111181,2.502520,45|46|47|48|49|50,0.5641
6955.467029,-0.327206,-8.494194,-0.015239,7.356391,0.018039,-0.010690,-2.502259,-0.109427,2.504651,45|46|47|48|49|50,0.5649
6955.483696,-0.320692,-8.507338,-0.016099,7.370551,0.018654,-0.010598,-2.509275,-0.106503,2.511534,45|46|47|48|49|50,0.5637
6955.500363,-0.314177,-8.520061,-0.016453,7.370551,0.018654,-0.010598,-2.502358,-0.102965,2.504476,45|46|47|48|49|50,0.5628
6955.517029,-0.309902,-8.531096,-0.016383,7.383742,0.018089,-0.010556,-2.509551,-0.100079,2.511546,45|46|47|48|49|50,0.5615
6955.567029,-0.312281,-8.551087,-0.016666,7.398431,0.018504,-0.010536,-2.513376,-0.101790,2.515437,45|46|47|48|49|50|51|52,0.5628
6955.583696,-0.312302,-8.551116,-0.016696,7.405704,0.018552,-0.010531,-2.520633,-0.101851,2.522690,45|46|47|48|49|50|51|52,0.5516
6955.600363,-0.307715,-8.576136,-0.017163,7.412376,0.018082,-0.010462,-2.513706,-0.098891,2.515651,47|48|49|50|51|52,0.5599
6955.617029,-0.313530,-8.580992,-0.017053,7.425652,0.017133,-0.010368,-2.524345,-0.101104,2.526368,47|48|49|50|51|52,0.5607
6955.633696,-0.325150,-8.583345,-0.016506,7.425652,0.017133,-0.010368,-2.523068,-0.107420,2.525354,47|48|49|50|51|52,0.5626
6955.650363,-0.324732,-8.587737,-0.016527,7.433068,0.017567,-0.010185,-2.528097,-0.107627,2.530386,47|48|49|50|51|52,0.5648
6955.683696,-0.324732,-8.587731,-0.016533,7.448197,0.018199,-0.007667,-2.543229,-0.108260,2.545532,47|48|49|50|51|52,0.5637
6955.700363,-0.312882,-8.632442,-0.015492,7.448197,0.018199,-0.007667,-2.518927,-0.101828,2.520984,47|48|49|50|51|52,0.5633
6955.717029,-0.312668,-8.633026,-0.014211,7.451410,0.018250,-0.006180,-2.521823,-0.101763,2.523875,47|48|49|50|51|52,0.5635
6955.783696,-0.312668,-8.633029,-0.014210,7.451408,0.018236,-0.006179,-2.521820,-0.101749,2.523871,47|48|49|50|51|52,0.5617
6955.833696,-0.312474,-8.629222,-0.011168,7.451376,0.018207,-0.006179,-2.523856,-0.101614,2.525900,47|48|49|50|51|52,0.5601
6955.850363,-0.312474,-8.629072,-0.011435,7.451376,0.018207,-0.006179,-2.523937,-0.101613,2.525982,47|48|49|50|51|52,0.5608
6955.867029,-0.312464,-8.628972,-0.011757,7.451361,0.018195,-0.006180,-2.523977,-0.101596,2.526021,47|48|49|50|51|52,0.5608
6955.883696,-0.312667,-8.628818,-0.011683,7.453370,0.018151,-0.006103,-2.526070,-0.101663,2.528115,47|48|49|50|51|52,0.5597
6955.900363,-0.312806,-8.628677,-0.011776,7.456223,0.018441,-0.006117,-2.529000,-0.102028,2.531057,47|48|49|50|51|52,0.5596
6955.917029,-0.312806,-8.628678,-0.011776,7.460163,0.018624,-0.006942,-2.532940,-0.102210,2.535001,47|48|49|50|51|52,0.5628
6955.933696,-0.311108,-8.624668,-0.011797,7.460163,0.018624,-0.006942,-2.535119,-0.101287,2.537141,47|48|49|50|51|52,0.5638
6955.950363,-0.304756,-8.638586,-0.012441,7.472790,0.017980,-0.007392,-2.540180,-0.097193,2.542039,47|48|49|50|51|52,0.5637
6955.983696,-0.313564,-8.652175,-0.012767,7.480138,0.018223,-0.007040,-2.540144,-0.102226,2.542200,47|48|49|50|51|52,0.5648
6956.000363,-0.309838,-8.666377,-0.011987,7.487499,0.018354,-0.006985,-2.539786,-0.100335,2.541767,47|48|49|50|51|52,0.5647
6956.017029,-0.307411,-8.678220,-0.012393,7.501114,0.018165,-0.006796,-2.546963,-0.098829,2.548880,47|48|49|50|51|52,0.5639
6956.033696,-0.305496,-8.689615,-0.012942,7.508191,0.017988,-0.006744,-2.547848,-0.097614,2.549717,47|48|49|50|51|52,0.5615
6956.050363,-0.309427,-8.686924,-0.012623,7.515513,0.017918,-0.006725,-2.556633,-0.099680,2.558575,47|48|49|50|51|52,0.5640
6956.067029,-0.309427,-8.686923,-0.012624,7.522763,0.017810,-0.006748,-2.563883,-0.099572,2.565816,47|48|49|50|51|52,0.5651
6956.100363,-0.312737,-8.720253,-0.013043,7.536851,0.017546,-0.006202,-2.559858,-0.101112,2.561854,47|48|49|50|51|52,0.5649
6956.117029,-0.312738,-8.720251,-0.013043,7.536851,0.017546,-0.006202,-2.559859,-0.101112,2.561855,47|48|49|50|51|52,0.5635
6956.133696,-0.314426,-8.731112,-0.013103,7.550713,0.017259,-0.005548,-2.567818,-0.101746,2.569833,47|48|49|50|51|52,0.5632
6956.167029,-0.318985,-8.752940,-0.012082,7.558034,0.017146,-0.005543,-2.563278,-0.104115,2.565391,47|48|49|50|51|52,0.5640
6956.200363,-0.321535,-8.773706,-0.011454,7.578784,0.017440,-0.005460,-2.572742,-0.105799,2.574916,47|48|49|50|51|52,0.5630
6956.250363,-0.318530,-8.793927,-0.012546,7.592554,0.016983,-0.005503,-2.575521,-0.103711,2.577609,47|48|49|50|51|52,0.5637
6956.267029,-0.320692,-8.805590,-0.012717,7.599491,0.016800,-0.005438,-2.576121,-0.104706,2.578248,47|48|49|50|51|52,0.5630
6956.283696,-0.320692,-8.805589,-0.012718,7.613480,0.016427,-0.005447,-2.590110,-0.104333,2.592210,47|48|49|50|51|52,0.5624
6956.300363,-0.322840,-8.816863,-0.011513,7.620040,0.016904,-0.005430,-2.590543,-0.105980,2.592710,47|48|49|50|51|52|53,0.5624
6956.317029,-0.324903,-8.826357,-0.011943,7.626815,0.016985,-0.005205,-2.592159,-0.107184,2.594374,47|48|49|50|51|52|53,0.5577
6956.333696,-0.319771,-8.836381,-0.011701,7.626815,0.016985,-0.005205,-2.586710,-0.104397,2.588816,47|48|49|50|51|52|53,0.5586
6956.350363,-0.319858,-8.836902,-0.011915,7.633770,0.016766,-0.005168,-2.593382,-0.104224,2.595476,48|49|50|51|52|53,0.5631
6956.367029,-0.321894,-8.857670,-0.010735,7.640720,0.016538,-0.005091,-2.589046,-0.105108,2.591179,48|49|50|51|52|53,0.5646
6956.383696,-0.321892,-8.857667,-0.010738,7.654685,0.016699,-0.004971,-2.603012,-0.105267,2.605139,48|49|50|51|52|53,0.5636
6956.400363,-0.324633,-8.868186,-0.010392,7.654685,0.016699,-0.004971,-2.597296,-0.106759,2.599489,48|49|50|51|52|53,0.5626
6956.417029,-0.327150,-8.878270,-0.010506,7.661558,0.016315,-0.004898,-2.598689,-0.107744,2.600922,48|49|50|51|52|53,0.5629
6956.433696,-0.326581,-8.888425,-0.010089,7.668792,0.016088,-0.004869,-2.600404,-0.107211,2.602613,48|49|50|51|52|53,0.5634
6956.467029,-0.332784,-8.911134,-0.011030,7.689590,0.015482,-0.004670,-2.608861,-0.109980,2.611178,48|49|50|51|52|53,0.5643
6956.483696,-0.332784,-8.911132,-0.011032,7.696181,0.015769,-0.004672,-2.615454,-0.110267,2.617777,48|49|50|51|52|53,0.5632
6956.517029,-0.332432,-8.929756,-0.011027,7.710484,0.015652,-0.004555,-2.619634,-0.109962,2.621941,48|49|50|51|52|53,0.5634
6956.533696,-0.332432,-8.929756,-0.011028,7.710484,0.015652,-0.004555,-2.619634,-0.109962,2.621941,48|49|50|51|52|53,0.5639
6956.567029,-0.333862,-8.964727,-0.010698,7.724761,0.015499,-0.004667,-2.614905,-0.110594,2.617243,48|49|50|51|52|53,0.5630
6956.583696,-0.333862,-8.964726,-0.010698,7.738321,0.015584,-0.004577,-2.628467,-0.110678,2.630796,48|49|50|51|52|53,0.5624
6956.600363,-0.331096,-8.977118,-0.010691,7.738321,0.015584,-0.004577,-2.621731,-0.109177,2.624003,48|49|50|51|52|53,0.5633
6956.617029,-0.331096,-8.977119,-0.010691,7.752541,0.015529,-0.004492,-2.635950,-0.109122,2.638208,48|49|50|51|52|53,0.5631
6956.650363,-0.332856,-8.986533,-0.010744,7.766786,0.015570,-0.004429,-2.645079,-0.110121,2.647371,48|49|50|51|52|53,0.5632
6956.667029,-0.332956,-9.009417,-0.011438,7.773010,0.016093,-0.004373,-2.638866,-0.110703,2.641187,48|49|50|51|52|53,0.5624
6956.683696,-0.333409,-9.021247,-0.011690,7.779964,0.015732,-0.004354,-2.639391,-0.110590,2.641707,48|49|50|51|52|53,0.5612
6956.700363,-0.331179,-9.030679,-0.011813,7.787062,0.015509,-0.004360,-2.641362,-0.109158,2.643617,48|49|50|51|52|53,0.5613
6956.733696,-0.331597,-9.048653,-0.010851,7.794148,0.015319,-0.004358,-2.638680,-0.109198,2.640939,48|49|50|51|52|53,0.5630
6956.750363,-0.333853,-9.058558,-0.010587,7.807955,0.015478,-0.004082,-2.647105,-0.110585,2.649414,48|49|50|51|52|53,0.5629
6956.767029,-0.335784,-9.068420,-0.010236,7.807955,0.015478,-0.004082,-2.641746,-0.111636,2.644103,48|49|50|51|52|53,0.5611
6956.800363,-0.320618,-9.079515,-0.009562,7.822242,0.016047,-0.003870,-2.649999,-0.103965,2.652038,48|49|50|51|52|53,0.5623
6956.817029,-0.322720,-9.093589,-0.008870,7.829456,0.015886,-0.003883,-2.649565,-0.104949,2.651643,48|49|50|51|52|53|54|55,0.5499
6956.833696,-0.322743,-9.093701,-0.008835,7.843772,0.015659,-0.003777,-2.663820,-0.104735,2.665878,48|49|50|51|52|53|54|55,0.5630
6956.850363,-0.326279,-9.113763,-0.008328,7.843772,0.015659,-0.003777,-2.652917,-0.106660,2.655060,48|49|50|51|52|53|54|55,0.5542
6956.867029,-0.326586,-9.114669,-0.008475,7.857637,0.016796,-0.003727,-2.666290,-0.107964,2.668475,50|51|52|53|54|55,0.5606
6956.900363,-0.309086,-9.136432,-0.009798,7.864748,0.016522,-0.003717,-2.661570,-0.098183,2.663380,50|51|52|53|54|55,0.5622
6956.917029,-0.309086,-9.136432,-0.009798,7.879048,0.015867,-0.003738,-2.675871,-0.097528,2.677647,50|51|52|53|54|55,0.5616
6956.933696,-0.312742,-9.146933,-0.010242,7.885698,0.016144,-0.003687,-2.676814,-0.099795,2.678673,50|51|52|53|54|55,0.5608
6956.950363,-0.317057,-9.157802,-0.009730,7.885698,0.016144,-0.003687,-2.670907,-0.102142,2.672860,50|51|52|53|54|55,0.5603
6956.967029,-0.317017,-9.169812,-0.009680,7.892361,0.016588,-0.003380,-2.671044,-0.102566,2.673012,50|51|52|53|54|55,0.5622
6957.000363,-0.312259,-9.187603,-0.008274,7.906706,0.016413,-0.003129,-2.675718,-0.099809,2.677579,50|51|52|53|54|55,0.5645
6957.017030,-0.314245,-9.199464,-0.007877,7.913840,0.016267,-0.003121,-2.676407,-0.100744,2.678303,50|51|52|53|54|55,0.5646
6957.050363,-0.314244,-9.199464,-0.007880,7.934507,0.016746,-0.002329,-2.697074,-0.101222,2.698973,50|51|52|53|54|55,0.5630
6957.067030,-0.313330,-9.223931,-0.008375,7.934507,0.016746,-0.002329,-2.683777,-0.100730,2.685667,50|51|52|53|54|55,0.5628
6957.083696,-0.308305,-9.232203,-0.008210,7.941793,0.016539,-0.002076,-2.686565,-0.097794,2.688345,50|51|52|53|54|55,0.5633
6957.100363,-0.311735,-9.242893,-0.007722,7.956366,0.015957,-0.002002,-2.695329,-0.099078,2.697150,50|51|52|53|54|55,0.5630
6957.117030,-0.311736,-9.242893,-0.007725,7.963286,0.016186,-0.001907,-2.702249,-0.099307,2.704073,50|51|52|53|54|55,0.5625
6957.133696,-0.319774,-9.264327,-0.007536,7.970386,0.016927,-0.002064,-2.697702,-0.104421,2.699722,50|51|52|53|54|55,0.5620
6957.150363,-0.316107,-9.267033,-0.007576,7.970386,0.016927,-0.002064,-2.696231,-0.102428,2.698176,50|51|52|53|54|55,0.5630
6957.167030,-0.316105,-9.267033,-0.007574,7.984438,0.016365,-0.002063,-2.710283,-0.101865,2.712196,50|51|52|53|54|55,0.5627
6957.183696,-0.304743,-9.277347,-0.007940,7.991550,0.015789,-0.002128,-2.711787,-0.095116,2.713455,50|51|52|53|54|55,0.5634
6957.200363,-0.312912,-9.295931,-0.007344,7.998806,0.015262,-0.002068,-2.708945,-0.099033,2.710754,50|51|52|53|54|55,0.5638
6957.233696,-0.312911,-9.295931,-0.007344,8.013035,0.016030,-0.001697,-2.723174,-0.099800,2.725002,50|51|52|53|54|55,0.5623
6957.300363,-0.328156,-9.315874,-0.007202,8.040205,0.015408,-0.000697,-2.739507,-0.107467,2.741615,50|51|52|53|54|55,0.5615
6957.317030,-0.328354,-9.350140,-0.006308,8.040205,0.015408,-0.000697,-2.720885,-0.107581,2.723011,50|51|52|53|54|55,0.5622
6957.333696,-0.324999,-9.360446,-0.005561,8.053316,0.016545,-0.000282,-2.728394,-0.106896,2.730487,50|51|52|53|54|55,0.5620
6957.350363,-0.324998,-9.360444,-0.005562,8.059131,0.016087,-0.000203,-2.734211,-0.106439,2.736282,50|51|52|53|54|55,0.5617
6957.367030,-0.313984,-9.374248,-0.005863,8.065342,0.015334,0.000006,-2.732917,-0.099702,2.734735,50|51|52|53|54|55|56,0.5631
6957.383696,-0.316219,-9.387422,-0.005767,8.065342,0.015334,0.000006,-2.725758,-0.100920,2.727625,50|51|52|53|54|55|56,0.5569
6957.417030,-0.337174,-9.405400,-0.005319,8.078354,0.014463,0.001018,-2.729002,-0.111440,2.731277,51|52|53|54|55|56,0.5631
6957.433696,-0.337174,-9.405403,-0.005320,8.092203,0.015564,0.001536,-2.742851,-0.112541,2.745158,51|52|53|54|55|56,0.5631
6957.450363,-0.337417,-9.409129,-0.004758,8.099041,0.015847,0.002226,-2.747663,-0.112957,2.749984,51|52|53|54|55|56,0.5624
6957.467030,-0.322778,-9.435808,-0.004812,8.105236,0.015527,0.003265,-2.739356,-0.104687,2.741356,51|52|53|54|55|56,0.5618
6957.500363,-0.322777,-9.435811,-0.004812,8.118109,0.015691,0.004520,-2.752228,-0.104850,2.754224,51|52|53|54|55|56,0.5621
6957.517030,-0.321403,-9.454978,-0.002594,8.118109,0.015691,0.004520,-2.741811,-0.104107,2.743787,51|52|53|54|55|56,0.5622
6957.533696,-0.321403,-9.454977,-0.002594,8.132274,0.015806,0.004518,-2.755976,-0.104221,2.757946,51|52|53|54|55|56,0.5631
6957.550363,-0.322007,-9.474884,-0.001912,8.138994,0.015369,0.004486,-2.751877,-0.104116,2.753846,51|52|53|54|55|56,0.5620
6957.567030,-0.322008,-9.474883,-0.001914,8.145853,0.014511,0.004497,-2.758736,-0.103259,2.760668,51|52|53|54|55|56,0.5613
6957.583696,-0.328237,-9.488613,-0.002303,8.145853,0.014511,0.004497,-2.751276,-0.106647,2.753342,51|52|53|54|55|56,0.5631
6957.600363,-0.341091,-9.493517,-0.001951,8.152798,0.014593,0.004528,-2.755559,-0.113716,2.757904,51|52|53|54|55|56,0.5635
6957.617030,-0.340095,-9.500856,-0.001882,8.167130,0.015386,0.004811,-2.765902,-0.113968,2.768249,51|52|53|54|55|56,0.5653
6957.633696,-0.340096,-9.500854,-0.001884,8.167130,0.015386,0.004811,-2.765902,-0.113969,2.768250,51|52|53|54|55|56,0.5651
6957.650363,-0.331216,-9.528623,-0.002313,8.180893,0.015287,0.004725,-2.764571,-0.109050,2.766721,51|52|53|54|55|56,0.5628
6957.667030,-0.331217,-9.528623,-0.002312,8.187639,0.014905,0.004676,-2.771318,-0.108668,2.773447,51|52|53|54|55|56,0.5618
6957.683696,-0.334351,-9.541063,-0.000619,8.187639,0.014905,0.004676,-2.764558,-0.110373,2.766760,51|52|53|54|55|56,0.5630
6957.700363,-0.334351,-9.541063,-0.000618,8.202161,0.015388,0.004676,-2.779080,-0.110857,2.781290,51|52|53|54|55|56,0.5637
6957.717030,-0.336716,-9.559687,-0.000760,8.202161,0.015388,0.004676,-2.768959,-0.112146,2.771229,51|52|53|54|55|56,0.5636
6957.733696,-0.333863,-9.572272,-0.001165,8.216257,0.015138,0.004650,-2.776214,-0.110347,2.778406,51|52|53|54|55|56,0.5641
6957.750363,-0.332243,-9.583838,-0.001255,8.216257,0.015138,0.004650,-2.769928,-0.109469,2.772090,51|52|53|54|55|56,0.5638
6957.767030,-0.332242,-9.583841,-0.001246,8.229931,0.014425,0.004310,-2.783600,-0.108755,2.785723,51|52|53|54|55|56,0.5650
6957.783696,-0.337689,-9.587155,-0.001431,8.237177,0.014982,0.004307,-2.789047,-0.112274,2.791306,51|52|53|54|55|56,0.5648
6957.800363,-0.347516,-9.599397,-0.002140,8.237177,0.014982,0.004307,-2.782395,-0.117617,2.784880,51|52|53|54|55|56,0.5649
6957.817030,-0.340057,-9.612701,-0.002490,8.244663,0.015520,0.004387,-2.782649,-0.114103,2.784987,51|52|53|54|55|56,0.5641
6957.833696,-0.340058,-9.612699,-0.002488,8.252174,0.016022,0.004434,-2.790161,-0.114607,2.792514,51|52|53|54|55|56,0.5620
6957.850363,-0.325854,-9.638337,-0.002554,8.258453,0.016281,0.005178,-2.782504,-0.107150,2.784566,51|52|53|54|55|56,0.5604
6957.867030,-0.324855,-9.636816,-0.001010,8.272565,0.016218,0.005217,-2.797443,-0.106544,2.799471,51|52|53|54|55|56,0.5611
6957.883696,-0.325216,-9.637783,-0.000513,8.279838,0.016439,0.005183,-2.804190,-0.106962,2.806229,51|52|53|54|55|56|58,0.5563
6957.900363,-0.326659,-9.646174,-0.001166,8.287036,0.016576,0.005161,-2.806827,-0.107885,2.808900,51|52|53|54|55|56|57|58,0.5641
6957.917030,-0.326714,-9.655910,-0.000563,8.287036,0.016576,0.005161,-2.801536,-0.107916,2.803614,51|52|53|54|55|56|57|58,0.5527
6957.933696,-0.322328,-9.680723,-0.001678,8.300508,0.016217,0.005185,-2.801522,-0.105178,2.803496,53|54|55|56|57|58,0.5633
6957.967030,-0.322326,-9.680726,-0.001680,8.315185,0.016480,0.005169,-2.816198,-0.105440,2.818171,53|54|55|56|57|58,0.5647
6958.000363,-0.325400,-9.713472,-0.001593,8.329822,0.016635,0.005268,-2.813039,-0.107272,2.815083,53|54|55|56|57|58,0.5642
6958.017030,-0.324409,-9.725358,-0.001009,8.329822,0.016635,0.005268,-2.806579,-0.106735,2.808608,53|54|55|56|57|58,0.5639
6958.033696,-0.324412,-9.725355,-0.001004,8.342674,0.016879,0.005812,-2.819432,-0.106981,2.821461,53|54|55|56|57|58,0.5609
6958.050363,-0.316402,-9.738421,-0.000793,8.349945,0.017364,0.005792,-2.819600,-0.103116,2.821485,53|54|55|56|57|58,0.5617
6958.067030,-0.316401,-9.738424,-0.000795,8.357425,0.017860,0.005792,-2.827079,-0.103611,2.828977,53|54|55|56|57|58,0.5647
6958.083696,-0.315009,-9.748587,-0.000906,8.364835,0.018334,0.005759,-2.828966,-0.103330,2.830852,53|54|55|56|57|58,0.5649
6958.133696,-0.302115,-9.785291,-0.000899,8.378336,0.017904,0.005912,-2.822516,-0.095900,2.824144,53|54|55|56|57|58,0.5638
6958.150363,-0.310357,-9.788309,0.000547,8.385350,0.017544,0.006106,-2.827891,-0.100019,2.829659,53|54|55|56|57|58,0.5632
6958.183696,-0.314758,-9.809812,-0.000034,8.400236,0.017694,0.006314,-2.831092,-0.102566,2.832949,53|54|55|56|57|58,0.5649
6958.200363,-0.315154,-9.821799,0.000108,8.414020,0.017837,0.006961,-2.838362,-0.102926,2.840227,53|54|55|56|57|58,0.5649
6958.217030,-0.315908,-9.833650,-0.000079,8.414020,0.017837,0.006961,-2.831921,-0.103339,2.833805,53|54|55|56|57|58,0.5642
6958.233696,-0.315908,-9.833653,-0.000078,8.428016,0.017741,0.007217,-2.845915,-0.103242,2.847787,53|54|55|56|57|58,0.5645
6958.250363,-0.312380,-9.832768,0.000315,8.435214,0.017812,0.007297,-2.853593,-0.101396,2.855394,53|54|55|56|57|58,0.5655
6958.267030,-0.316486,-9.839575,0.000816,8.442293,0.017846,0.007282,-2.856973,-0.103663,2.858853,53|54|55|56|57|58,0.5660
6958.283696,-0.315139,-9.853293,0.001027,8.449537,0.017965,0.007499,-2.856762,-0.103052,2.858620,53|54|55|56|57|58,0.5655
6958.300363,-0.315087,-9.865212,0.000632,8.455795,0.017864,0.008153,-2.856542,-0.102925,2.858396,53|54|55|56|57|58,0.5647
6958.317030,-0.315299,-9.876981,0.000502,8.463115,0.017664,0.008162,-2.857466,-0.102842,2.859316,53|54|55|56|57|58,0.5628
6958.333696,-0.317538,-9.884461,0.000635,8.470472,0.017512,0.008161,-2.860758,-0.103908,2.862645,53|54|55|56|57|58,0.5636
6958.350363,-0.321285,-9.895507,0.000720,8.470472,0.017512,0.008161,-2.854756,-0.105947,2.856721,53|54|55|56|57|58,0.5634
6958.383696,-0.321286,-9.895506,0.000722,8.491310,0.017883,0.008409,-2.875594,-0.106319,2.877559,53|54|55|56|57|58,0.5627
6958.400363,-0.327619,-9.925708,0.001465,8.491310,0.017883,0.008409,-2.859181,-0.109766,2.861287,53|54|55|56|57|58|59,0.5613
6958.417030,-0.320897,-9.927378,0.001311,8.498224,0.018168,0.008290,-2.865186,-0.106398,2.867161,53|54|55|56|57|58|59,0.5619
6958.433696,-0.317367,-9.936702,0.001816,8.505558,0.018243,0.008243,-2.867452,-0.104556,2.869358,53|54|55|56|57|58|59,0.5609
6958.467030,-0.317353,-9.936894,0.001625,8.527488,0.018197,0.008112,-2.889278,-0.104503,2.891167,54|55|56|57|58|59,0.5633
6958.483696,-0.318529,-9.974193,0.001478,8.533689,0.017930,0.008099,-2.875208,-0.104882,2.877121,54|55|56|57|58|59,0.5625
6958.533696,-0.318528,-9.974199,0.001477,8.554954,0.017687,0.007730,-2.896470,-0.104639,2.898359,54|55|56|57|58|59,0.5638
6958.550363,-0.328897,-10.003093,0.001480,8.554954,0.017687,0.007730,-2.880769,-0.110279,2.882879,54|55|56|57|58|59,0.5630
6958.567030,-0.329735,-10.015009,0.001341,8.562219,0.017693,0.007757,-2.881558,-0.110743,2.883685,54|55|56|57|58|59,0.5637
6958.583696,-0.330407,-10.026584,0.001059,8.569010,0.018312,0.007820,-2.882058,-0.111730,2.884223,54|55|56|57|58|59,0.5629
6958.600363,-0.322293,-10.029790,0.001922,8.575729,0.018936,0.007812,-2.887033,-0.107945,2.889050,54|55|56|57|58|59,0.5631
6958.617030,-0.314099,-10.033563,0.001895,8.582834,0.018874,0.007886,-2.892086,-0.103429,2.893935,54|55|56|57|58|59,0.5616
6958.633696,-0.316197,-10.045355,0.001469,8.589887,0.018699,0.007883,-2.892731,-0.104397,2.894614,54|55|56|57|58|59,0.5628
6958.650363,-0.316197,-10.045354,0.001470,8.604435,0.018342,0.007799,-2.907279,-0.104040,2.909140,54|55|56|57|58|59,0.5620
6958.683696,-0.326133,-10.077342,0.001117,8.611063,0.018305,0.007774,-2.896524,-0.109410,2.898590,54|55|56|57|58|59,0.5595
6958.700363,-0.327596,-10.078253,0.002590,8.618241,0.018008,0.007729,-2.903207,-0.109907,2.905287,54|55|56|57|58|59,0.5607
6958.733696,-0.327596,-10.078253,0.002590,8.639782,0.017977,0.007459,-2.924748,-0.109877,2.926811,54|55|56|57|58|59,0.5638
6958.750363,-0.333544,-10.112405,0.001205,8.646585,0.018526,0.007466,-2.912992,-0.113664,2.915208,54|55|56|57|58|59,0.5630
6958.767030,-0.333544,-10.112404,0.001205,8.653227,0.018466,0.007422,-2.919634,-0.113604,2.921843,54|55|56|57|58|59,0.5616
6958.783696,-0.335091,-10.125078,0.001250,8.660366,0.018302,0.007348,-2.919885,-0.114284,2.922121,54|55|56|57|58|59,0.5614
6958.800363,-0.329377,-10.132784,0.001600,8.667574,0.018280,0.007285,-2.922904,-0.111157,2.925017,54|55|56|57|58|59,0.5619
6958.817030,-0.329377,-10.132784,0.001601,8.674833,0.018257,0.007219,-2.930163,-0.111134,2.932270,54|55|56|57|58|59,0.5622
6958.833696,-0.333367,-10.154968,0.001440,8.674833,0.018257,0.007219,-2.918107,-0.113307,2.920306,54|55|56|57|58|59,0.5638
6958.850363,-0.334143,-10.166216,0.001374,8.682121,0.018133,0.007181,-2.919283,-0.113607,2.921492,54|55|56|57|58|59,0.5640
6958.867030,-0.334143,-10.166216,0.001374,8.695417,0.017588,0.006892,-2.932579,-0.113062,2.934758,54|55|56|57|58|59,0.5628
6958.883696,-0.336563,-10.176114,0.001556,8.695417,0.017588,0.006892,-2.927200,-0.114379,2.929434,54|55|56|57|58|59,0.5625
6958.900363,-0.343226,-10.176605,0.001303,8.702697,0.017951,0.006878,-2.934215,-0.118363,2.936601,54|55|56|57|58|59,0.5636
6958.917030,-0.340361,-10.198290,0.000016,8.717555,0.018670,0.007005,-2.937286,-0.117530,2.939636,54|55|56|57|58|59|60|61,0.5525
6958.950363,-0.340325,-10.198410,-0.000070,8.731084,0.019736,0.006965,-2.950751,-0.118577,2.953132,54|55|56|57|58|59|60|61,0.5486
6958.967030,-0.319468,-10.222827,0.000770,8.731084,0.019736,0.006965,-2.937476,-0.107245,2.939434,54|55|56|57|58|59|60|61,0.5471
6958.983696,-0.319269,-10.224235,0.000989,8.745271,0.019449,0.006862,-2.950898,-0.106850,2.952832,56|57|58|59|60|61,0.5628
6959.000363,-0.321508,-10.241359,0.000273,8.745271,0.019449,0.006862,-2.941592,-0.108070,2.943577,56|57|58|59|60|61,0.5635
6959.033696,-0.321508,-10.241357,0.000276,8.759595,0.019473,0.006901,-2.955916,-0.108094,2.957892,56|57|58|59|60|61,0.5635
6959.067030,-0.324723,-10.264149,0.000044,8.780733,0.019619,0.007173,-2.964668,-0.109992,2.966708,56|57|58|59|60|61,0.5633
6959.083696,-0.323412,-10.283485,-0.000058,8.780733,0.019619,0.007173,-2.954159,-0.109283,2.956180,56|57|58|59|60|61,0.5645
6959.133696,-0.327666,-10.320823,0.000620,8.801955,0.020073,0.007389,-2.955090,-0.112056,2.957214,56|57|58|59|60|61,0.5615
6959.183696,-0.327668,-10.320825,0.000617,8.830373,0.021370,0.007334,-2.983507,-0.113355,2.985660,56|57|58|59|60|61,0.5654
6959.200363,-0.312424,-10.332997,0.001035,8.830373,0.021370,0.007334,-2.976889,-0.105073,2.978743,56|57|58|59|60|61,0.5644
6959.217030,-0.308129,-10.346874,0.001231,8.844295,0.021305,0.007457,-2.983268,-0.102676,2.985035,56|57|58|59|60|61,0.5639
6959.233696,-0.301784,-10.373681,0.001000,8.844295,0.021305,0.007457,-2.968698,-0.099232,2.970356,56|57|58|59|60|61,0.5610
6959.267030,-0.310808,-10.379991,0.001333,8.858511,0.021057,0.007835,-2.979486,-0.103889,2.981297,56|57|58|59|60|61,0.5648
6959.283696,-0.310807,-10.379990,0.001335,8.873010,0.020927,0.007928,-2.993986,-0.103760,2.995784,56|57|58|59|60|61,0.5647
6959.317030,-0.315582,-10.415173,0.001139,8.879885,0.021274,0.008112,-2.981741,-0.106708,2.983650,56|57|58|59|60|61,0.5620
6959.333696,-0.310783,-10.420392,0.001663,8.893657,0.021291,0.008388,-2.992675,-0.104118,2.994486,56|57|58|59|60|61,0.5626
6959.350363,-0.310621,-10.425291,0.001980,8.900751,0.021304,0.008430,-2.997106,-0.104044,2.998912,56|57|58|59|60|61,0.5634
6959.367030,-0.313009,-10.436353,0.001698,8.907758,0.021307,0.008410,-2.998102,-0.105346,2.999953,56|57|58|59|60|61,0.5636
6959.400363,-0.314551,-10.458418,0.001778,8.914919,0.021321,0.008424,-2.993271,-0.106203,2.995154,56|57|58|59|60|61,0.5620
6959.417030,-0.314551,-10.458418,0.001777,8.928613,0.021273,0.008752,-3.006966,-0.106154,3.008839,56|57|58|59|60|61,0.5616
6959.433696,-0.315264,-10.468958,0.001684,8.935983,0.021015,0.008779,-3.008608,-0.106286,3.010485,56|57|58|59|60|61,0.5608
6959.450363,-0.317384,-10.477680,0.002257,8.935983,0.021015,0.008779,-3.003868,-0.107440,3.005788,56|57|58|59|60|61|62,0.5617
6959.467030,-0.322023,-10.488991,0.002002,8.943367,0.020748,0.008782,-3.005105,-0.109697,3.007106,56|57|58|59|60|61|62,0.5610
6959.483696,-0.322082,-10.489155,0.001961,8.950459,0.020616,0.008858,-3.012108,-0.109596,3.014101,57|58|59|60|61|62,0.5627
6959.517030,-0.324047,-10.510615,0.001583,8.963669,0.021753,0.008464,-3.013655,-0.111805,3.015728,57|58|59|60|61|62,0.5631
6959.533696,-0.313692,-10.519934,0.001481,8.971264,0.021670,0.008475,-3.016183,-0.106097,3.018049,57|58|59|60|61|62,0.5626
6959.550363,-0.315606,-10.533342,0.001435,8.978765,0.021550,0.008455,-3.016398,-0.107020,3.018296,57|58|59|60|61|62,0.5635
6959.583696,-0.321024,-10.558436,0.000881,8.999597,0.021660,0.008441,-3.023593,-0.110078,3.025596,57|58|59|60|61|62,0.5630
6959.600363,-0.321025,-10.558436,0.000881,9.006298,0.021375,0.008543,-3.030294,-0.109794,3.032282,57|58|59|60|61|62,0.5607
6959.617030,-0.319600,-10.564310,0.001106,9.006298,0.021375,0.008543,-3.027101,-0.109021,3.029064,57|58|59|60|61|62,0.5617
6959.633696,-0.319599,-10.564310,0.001105,9.020636,0.021252,0.008635,-3.041440,-0.108897,3.043389,57|58|59|60|61|62,0.5632
6959.667030,-0.328272,-10.596332,0.001037,9.027807,0.021206,0.008664,-3.031209,-0.113570,3.033336,57|58|59|60|61|62,0.5633
6959.683696,-0.329879,-10.607156,0.001753,9.034723,0.021553,0.008733,-3.032242,-0.114793,3.034414,57|58|59|60|61|62,0.5621
6959.700363,-0.325946,-10.612292,0.002506,9.041411,0.022051,0.008741,-3.036139,-0.113155,3.038247,57|58|59|60|61|62,0.5621
6959.717030,-0.325948,-10.612292,0.002513,9.055566,0.022378,0.008785,-3.050294,-0.113483,3.052404,57|58|59|60|61|62,0.5617
6959.733696,-0.319403,-10.616240,0.002268,9.062660,0.022082,0.008828,-3.055240,-0.109631,3.057207,57|58|59|60|61|62,0.5615
6959.750363,-0.311835,-10.626876,0.002988,9.069992,0.021808,0.008779,-3.056790,-0.105245,3.058602,57|58|59|60|61|62,0.5624
6959.767030,-0.321715,-10.649031,0.002338,9.076791,0.022083,0.008752,-3.051552,-0.110895,3.053566,57|58|59|60|61|62,0.5620
6959.783696,-0.321715,-10.649030,0.002338,9.076791,0.022083,0.008752,-3.051552,-0.110895,3.053566,57|58|59|60|61|62,0.5612
6959.800363,-0.323673,-10.662866,0.002031,9.083720,0.021865,0.008792,-3.050961,-0.111743,3.053007,57|58|59|60|61|62,0.5623
6959.817030,-0.327631,-10.669362,0.001880,9.091093,0.021763,0.008678,-3.054804,-0.113793,3.056923,57|58|59|60|61|62,0.5635
6959.850363,-0.331662,-10.694795,0.001130,9.105457,0.021599,0.008751,-3.055347,-0.115825,3.057542,57|58|59|60|61|62,0.5647
6959.867030,-0.333557,-10.706973,0.001266,9.112415,0.021951,0.008767,-3.055687,-0.117210,3.057934,57|58|59|60|61|62,0.5643
6959.883696,-0.329368,-10.712154,0.001428,9.126236,0.022079,0.008518,-3.066691,-0.115061,3.068849,57|58|59|60|61|62,0.5642
6959.900363,-0.329368,-10.712156,0.001427,9.126236,0.022079,0.008518,-3.066690,-0.115062,3.068848,57|58|59|60|61|62,0.5633
6959.917030,-0.329468,-10.726395,0.000848,9.133417,0.021986,0.008394,-3.066133,-0.115025,3.068289,57|58|59|60|61|62,0.5637
6959.950363,-0.329468,-10.726393,0.000849,9.147966,0.021851,0.008126,-3.080683,-0.114890,3.082824,57|58|59|60|61|62,0.5634
6959.967030,-0.333410,-10.749234,0.001172,9.154665,0.021636,0.007777,-3.074969,-0.116822,3.077187,57|58|59|60|61|62|63|64,0.5607
6959.983696,-0.340120,-10.760774,0.001353,9.161354,0.021373,0.007659,-3.075387,-0.120208,3.077735,57|58|59|60|61|62|63|64,0.5615
6960.000363,-0.343904,-10.766283,0.000960,9.168593,0.021659,0.007578,-3.079634,-0.122552,3.082071,57|58|59|60|61|62|63|64,0.5524
6960.017030,-0.343763,-10.767213,0.001363,9.183446,0.022233,0.007698,-3.093980,-0.123049,3.096426,59|60|61|62|63|64,0.5636
6960.033696,-0.340032,-10.780747,0.000126,9.190101,0.023122,0.007666,-3.093280,-0.121913,3.095681,59|60|61|62|63|64,0.5629
6960.050363,-0.336669,-10.794822,0.000044,9.196796,0.023626,0.007607,-3.092325,-0.120592,3.094675,59|60|61|62|63|64,0.5616
6960.067030,-0.321505,-10.808412,0.000349,9.196796,0.023626,0.007607,-3.084936,-0.112353,3.086981,59|60|61|62|63|64,0.5636
6960.100363,-0.319860,-10.822880,0.000646,9.211151,0.023236,0.007402,-3.091427,-0.111072,3.093422,59|60|61|62|63|64,0.5651
6960.117030,-0.322251,-10.835671,0.001348,9.218359,0.023122,0.007322,-3.091684,-0.112260,3.093721,59|60|61|62|63|64,0.5641
6960.133696,-0.324552,-10.848148,0.000842,9.225622,0.023103,0.007413,-3.092167,-0.113494,3.094249,59|60|61|62|63|64,0.5635
6960.167030,-0.317846,-10.859807,0.000269,9.246560,0.023450,0.007553,-3.106767,-0.110198,3.108720,59|60|61|62|63|64,0.5629
6960.183696,-0.320206,-10.866877,-0.000243,9.246560,0.023450,0.007553,-3.102925,-0.111482,3.104927,59|60|61|62|63|64,0.5650
6960.200363,-0.320207,-10.866877,-0.000242,9.261305,0.023275,0.007647,-3.117670,-0.111308,3.119656,59|60|61|62|63|64,0.5645
6960.217030,-0.322551,-10.879521,0.000358,9.261305,0.023275,0.007647,-3.110798,-0.112584,3.112835,59|60|61|62|63|64,0.5634
6960.233696,-0.324617,-10.891784,0.000519,9.274553,0.024464,0.007844,-3.117382,-0.114898,3.119499,59|60|61|62|63|64,0.5627
6960.250363,-0.327006,-10.904103,0.000092,9.274553,0.024464,0.007844,-3.110688,-0.116199,3.112857,59|60|61|62|63|64,0.5628
6960.267030,-0.310814,-10.908926,0.001237,9.281435,0.024535,0.007889,-3.114945,-0.107470,3.116799,59|60|61|62|63|64,0.5640
6960.283696,-0.310813,-10.908926,0.001238,9.296434,0.025089,0.007702,-3.129945,-0.108025,3.131808,59|60|61|62|63|64,0.5642
6960.300363,-0.307314,-10.929877,0.000873,9.296434,0.025089,0.007702,-3.118558,-0.106127,3.120363,59|60|61|62|63|64,0.5639
6960.317030,-0.304010,-10.944236,0.001184,9.303920,0.025268,0.007618,-3.118240,-0.104513,3.119991,59|60|61|62|63|64,0.5627
6960.333696,-0.302645,-10.957508,0.000469,9.317184,0.024983,0.008105,-3.124290,-0.103488,3.126004,59|60|61|62|63|64,0.5630
6960.350363,-0.302643,-10.957508,0.000468,9.324588,0.024906,0.008173,-3.131694,-0.103411,3.133401,59|60|61|62|63|64,0.5626
6960.367030,-0.302764,-10.957676,0.000496,9.324588,0.024906,0.008173,-3.131603,-0.103477,3.133312,59|60|61|62|63|64,0.5638
6960.383696,-0.310033,-10.975385,0.000655,9.331962,0.024834,0.008213,-3.129353,-0.107357,3.131194,59|60|61|62|63|64,0.5641
6960.417030,-0.314405,-10.997896,0.000832,9.346099,0.024925,0.008383,-3.131256,-0.109829,3.133182,59|60|61|62|63|64,0.5639
6960.433696,-0.311874,-11.005047,0.001303,9.352743,0.025255,0.008559,-3.134014,-0.108786,3.135901,59|60|61|62|63|64,0.5636
6960.450363,-0.311874,-11.005048,0.001304,9.366952,0.025111,0.008690,-3.148222,-0.108641,3.150096,59|60|61|62|63|64,0.5643
6960.500363,-0.308630,-11.008089,0.000825,9.388067,0.025413,0.008730,-3.167684,-0.107181,3.169497,59|60|61|62|63|64,0.5591
6960.517030,-0.315549,-11.053057,0.001862,9.388067,0.025413,0.008730,-3.143246,-0.110950,3.145204,60|61|62|63|64|65,0.5619
6960.550363,-0.314924,-11.060419,0.002155,9.402098,0.024905,0.008800,-3.153277,-0.110104,3.155198,60|61|62|63|64|65,0.5633
6960.567030,-0.314924,-11.060419,0.002156,9.416622,0.024380,0.008905,-3.167800,-0.109579,3.169695,60|61|62|63|64|65,0.5635
6960.583696,-0.319904,-11.072225,0.002166,9.416622,0.024380,0.008905,-3.161385,-0.112287,3.163378,60|61|62|63|64|65,0.5636
6960.600363,-0.325206,-11.083866,0.002224,9.429842,0.025353,0.008697,-3.168279,-0.116144,3.170407,60|61|62|63|64|65,0.5627
6960.617030,-0.323993,-11.095834,0.002598,9.429842,0.025353,0.008697,-3.161774,-0.115487,3.163883,60|61|62|63|64|65,0.5640
6960.633696,-0.323994,-11.095832,0.002600,9.444431,0.025475,0.008494,-3.176365,-0.115610,3.178468,60|61|62|63|64|65,0.5633
6960.650363,-0.313975,-11.115771,0.001791,9.444431,0.025475,0.008494,-3.165526,-0.110168,3.167443,60|61|62|63|64|65,0.5644
6960.667030,-0.313975,-11.115771,0.001792,9.451662,0.025419,0.008437,-3.172757,-0.110112,3.174667,60|61|62|63|64|65,0.5635
6960.683696,-0.316886,-11.138869,0.001773,9.458875,0.025356,0.008379,-3.167418,-0.111635,3.169385,60|61|62|63|64|65,0.5623
6960.700363,-0.318453,-11.150602,0.001522,9.465465,0.025459,0.008159,-3.167632,-0.112592,3.169632,60|61|62|63|64|65,0.5615
6960.717030,-0.318260,-11.150625,0.000908,9.471792,0.025071,0.008057,-3.173946,-0.112099,3.175925,60|61|62|63|64|65,0.5600
6960.733696,-0.324484,-11.153846,0.001045,9.479098,0.025028,0.007968,-3.179503,-0.115440,3.181598,60|61|62|63|64|65,0.5620
6960.750363,-0.326012,-11.168390,0.000707,9.493377,0.025012,0.008193,-3.185878,-0.116257,3.187998,60|61|62|63|64|65,0.5621
6960.767030,-0.326012,-11.168391,0.000706,9.493377,0.025012,0.008193,-3.185877,-0.116257,3.187998,60|61|62|63|64|65,0.5625
6960.783696,-0.327033,-11.179765,0.001290,9.507047,0.025779,0.008261,-3.193366,-0.117580,3.195530,60|61|62|63|64|65,0.5631
6960.800363,-0.328121,-11.190974,0.001131,9.513917,0.026373,0.008366,-3.194144,-0.118769,3.196351,60|61|62|63|64|65,0.5631
6960.817030,-0.318692,-11.201258,0.001128,9.521002,0.026133,0.008364,-3.195637,-0.113406,3.197649,60|61|62|63|64|65,0.5634
6960.833696,-0.318692,-11.201258,0.001128,9.521002,0.026133,0.008364,-3.195638,-0.113406,3.197649,60|61|62|63|64|65,0.5637
6960.850363,-0.315395,-11.220402,0.001964,9.535307,0.025665,0.008233,-3.199537,-0.111150,3.201467,60|61|62|63|64|65,0.5639
6960.867030,-0.315393,-11.220402,0.001968,9.542261,0.025853,0.008108,-3.206492,-0.111337,3.208424,60|61|62|63|64|65,0.5638
6960.883696,-0.323783,-11.243310,0.001470,9.548767,0.025412,0.008089,-3.200549,-0.115460,3.202631,60|61|62|63|64|65,0.5623
6960.900363,-0.322308,-11.248783,0.001171,9.548767,0.025412,0.008089,-3.197575,-0.114660,3.199630,60|61|62|63|64|65,0.5619
6960.917030,-0.329164,-11.249194,0.001630,9.556213,0.025338,0.007630,-3.204799,-0.118311,3.206982,60|61|62|63|64|65,0.5624
6960.950363,-0.331259,-11.277381,0.002036,9.577876,0.025522,0.007632,-3.211143,-0.119639,3.213371,60|61|62|63|64|65,0.5632
6960.967030,-0.333029,-11.290898,0.002097,9.584534,0.025947,0.007234,-3.210456,-0.121029,3.212736,60|61|62|63|64|65,0.5625
6961.000363,-0.325520,-11.298975,0.000476,9.591420,0.025615,0.006887,-3.212950,-0.116617,3.215065,60|61|62|63|64|65|66|67,0.5506
6961.017030,-0.329917,-11.308835,-0.000029,9.598760,0.025554,0.006811,-3.214933,-0.118948,3.217132,60|61|62|63|64|65|66|67,0.5642
6961.033696,-0.329906,-11.308855,-0.000045,9.613500,0.025426,0.006505,-3.229662,-0.118814,3.231846,60|61|62|63|64|65|66|67,0.5527
6961.050363,-0.331299,-11.321196,-0.000541,9.620495,0.025116,0.006212,-3.229949,-0.119264,3.232151,62|63|64|65|66|67,0.5616
6961.083696,-0.333229,-11.333818,-0.000750,9.626783,0.024875,0.006168,-3.229378,-0.120073,3.231610,62|63|64|65|66|67,0.5604
6961.100363,-0.340449,-11.350420,-0.001338,9.641144,0.025392,0.005690,-3.234717,-0.124518,3.237113,62|63|64|65|66|67,0.5626
6961.117030,-0.344478,-11.348780,-0.001783,9.648564,0.025740,0.005712,-3.243030,-0.127055,3.245518,62|63|64|65|66|67,0.5640
6961.133696,-0.341840,-11.359511,-0.001989,9.655426,0.026579,0.005741,-3.244059,-0.126462,3.246523,62|63|64|65|66|67,0.5615
6961.150363,-0.336870,-11.375703,-0.001725,9.661890,0.027028,0.005752,-3.241722,-0.124214,3.244101,62|63|64|65|66|67,0.5611
6961.167030,-0.332663,-11.389641,-0.001022,9.661890,0.027028,0.005752,-3.234146,-0.121930,3.236444,62|63|64|65|66|67,0.5618
6961.183696,-0.321418,-11.394555,-0.000731,9.676215,0.026640,0.005337,-3.245799,-0.115431,3.247851,62|63|64|65|66|67,0.5635
6961.200363,-0.316104,-11.394238,-0.001487,9.683344,0.026575,0.005293,-3.253098,-0.112478,3.255042,62|63|64|65|66|67,0.5638
6961.217030,-0.321110,-11.403370,-0.001753,9.690613,0.026546,0.005211,-3.255406,-0.115171,3.257442,62|63|64|65|66|67,0.5646
6961.233696,-0.322057,-11.416921,-0.002000,9.697347,0.027055,0.005215,-3.254776,-0.116197,3.256849,62|63|64|65|66|67,0.5628
6961.267030,-0.323403,-11.429972,-0.001755,9.711203,0.026614,0.004698,-3.261539,-0.116490,3.263619,62|63|64|65|66|67,0.5622
6961.283696,-0.323983,-11.444663,-0.004072,9.711203,0.026614,0.004698,-3.253555,-0.116808,3.255651,62|63|64|65|66|67,0.5636
6961.300363,-0.323930,-11.459480,-0.002673,9.718639,0.026607,0.004726,-3.252938,-0.116776,3.255034,62|63|64|65|66|67,0.5635
6961.317030,-0.323932,-11.459479,-0.002668,9.733140,0.026827,0.004747,-3.267439,-0.116997,3.269533,62|63|64|65|66|67,0.5639
6961.333696,-0.325387,-11.486136,-0.002663,9.733140,0.026827,0.004747,-3.252952,-0.117792,3.255084,62|63|64|65|66|67,0.5635
6961.367030,-0.325389,-11.486138,-0.002668,9.753285,0.027531,0.004001,-3.273096,-0.118497,3.275240,62|63|64|65|66|67,0.5625
6961.383696,-0.310209,-11.495089,-0.002175,9.753285,0.027531,0.004001,-3.268229,-0.110249,3.270088,62|63|64|65|66|67,0.5643
6961.400363,-0.317154,-11.492934,-0.002767,9.760864,0.027895,0.003797,-3.276980,-0.114387,3.278976,62|63|64|65|66|67,0.5640
6961.417030,-0.306818,-11.522597,-0.004680,9.768449,0.028304,0.003722,-3.268441,-0.109184,3.270265,62|63|64|65|66|67,0.5631
6961.433696,-0.306818,-11.522596,-0.004677,9.775369,0.028073,0.003699,-3.275363,-0.108953,3.277175,62|63|64|65|66|67,0.5616
6961.450363,-0.301494,-11.537831,-0.004628,9.781909,0.027704,0.003723,-3.273621,-0.105694,3.275327,62|63|64|65|66|67,0.5607
6961.467030,-0.305212,-11.543412,-0.004157,9.788908,0.027421,0.003516,-3.277588,-0.107432,3.279348,62|63|64|65|66|67,0.5621
6961.483696,-0.310711,-11.544601,-0.004273,9.803650,0.027498,0.003597,-3.291685,-0.110499,3.293539,62|63|64|65|66|67,0.5629
6961.500363,-0.314424,-11.554429,-0.003971,9.810932,0.027607,0.003799,-3.293626,-0.112627,3.295551,62|63|64|65|66|67,0.5627
6961.517030,-0.314313,-11.581538,-0.004040,9.817268,0.027729,0.004274,-3.285229,-0.112695,3.287162,62|63|64|65|66|67|68,0.5621
6961.550363,-0.312668,-11.589499,-0.003693,9.824306,0.027636,0.004343,-3.287940,-0.111709,3.289837,62|63|64|65|66|67|68,0.5602
6961.567030,-0.314727,-11.600718,-0.003735,9.831435,0.027632,0.004382,-3.288972,-0.112826,3.290907,63|64|65|66|67|68,0.5634
6961.583696,-0.315265,-11.613214,-0.002925,9.845771,0.027737,0.004387,-3.296517,-0.113226,3.298461,63|64|65|66|67|68,0.5637
6961.600363,-0.315019,-11.626003,-0.003030,9.845771,0.027737,0.004387,-3.289566,-0.113094,3.291510,63|64|65|66|67|68,0.5623
6961.617030,-0.314922,-11.639053,-0.002955,9.852672,0.027721,0.004317,-3.289375,-0.113028,3.291317,63|64|65|66|67|68,0.5610
6961.633696,-0.315751,-11.642920,-0.003198,9.866329,0.027272,0.004309,-3.300931,-0.113031,3.302865,63|64|65|66|67|68,0.5611
6961.650363,-0.315752,-11.642921,-0.003199,9.873676,0.027147,0.004317,-3.308277,-0.112905,3.310203,63|64|65|66|67|68,0.5630
6961.667030,-0.320808,-11.641798,-0.003006,9.873676,0.027147,0.004317,-3.308889,-0.115653,3.310909,63|64|65|66|67|68,0.5636
6961.683696,-0.325255,-11.665271,-0.002899,9.887813,0.027254,0.004582,-3.310269,-0.118182,3.312378,63|64|65|66|67|68,0.5638
6961.717030,-0.324041,-11.683612,-0.002512,9.894438,0.027799,0.004590,-3.306926,-0.118070,3.309033,63|64|65|66|67|68,0.5628
6961.733696,-0.316767,-11.686327,-0.002812,9.901437,0.027686,0.004608,-3.312449,-0.114005,3.314410,63|64|65|66|67|68,0.5624
6961.750363,-0.318761,-11.695402,-0.002887,9.908787,0.027680,0.004242,-3.314866,-0.115084,3.316863,63|64|65|66|67|68,0.5627
6961.767030,-0.318400,-11.709355,-0.003373,9.916185,0.027705,0.004136,-3.314681,-0.114916,3.316673,63|64|65|66|67|68,0.5636
6961.783696,-0.318399,-11.709357,-0.003368,9.923534,0.027706,0.004069,-3.322029,-0.114916,3.324016,63|64|65|66|67|68,0.5625
6961.800363,-0.319087,-11.736567,-0.004073,9.930525,0.027272,0.003824,-3.314232,-0.114861,3.316222,63|64|65|66|67|68,0.5611
6961.817030,-0.319088,-11.736569,-0.004075,9.936510,0.027139,0.003780,-3.320216,-0.114728,3.322198,63|64|65|66|67|68,0.5603
6961.833696,-0.326133,-11.743421,-0.003392,9.950405,0.026888,0.003073,-3.330388,-0.118307,3.332489,63|64|65|66|67|68,0.5614
6961.850363,-0.328483,-11.737554,-0.003261,9.957614,0.026971,0.003067,-3.340786,-0.119667,3.342929,63|64|65|66|67|68,0.5624
6961.867030,-0.332408,-11.744895,-0.003443,9.964865,0.027142,0.003260,-3.344049,-0.121972,3.346273,63|64|65|66|67|68,0.5630
6961.883696,-0.331013,-11.760707,-0.003822,9.971647,0.027791,0.003232,-3.342237,-0.121866,3.344458,63|64|65|66|67|68,0.5630
6961.917030,-0.330599,-11.773981,-0.003827,9.985295,0.027711,0.003143,-3.348671,-0.121563,3.350877,63|64|65|66|67|68,0.5606
6961.933696,-0.317717,-11.790411,-0.005147,9.992427,0.027585,0.003121,-3.346870,-0.114440,3.348826,63|64|65|66|67|68,0.5609
6961.950363,-0.320635,-11.802303,-0.005270,9.992427,0.027585,0.003121,-3.340408,-0.116028,3.342423,63|64|65|66|67|68,0.5623
6961.967030,-0.322557,-11.814654,-0.004929,9.999830,0.027507,0.003063,-3.341099,-0.116997,3.343147,63|64|65|66|67|68,0.5626
6962.000363,-0.329818,-11.834831,-0.005050,10.013529,0.026810,0.002906,-3.343833,-0.120250,3.345995,63|64|65|66|67|68,0.5620
6962.017030,-0.329819,-11.834834,-0.005052,10.020492,0.026487,0.002574,-3.350796,-0.119927,3.352941,63|64|65|66|67|68,0.5613
6962.033696,-0.335109,-11.832722,-0.004884,10.035370,0.026869,0.002405,-3.366822,-0.123184,3.369075,63|64|65|66|67|68,0.5618
6962.050363,-0.336075,-11.857003,-0.006120,10.035370,0.026869,0.002405,-3.353626,-0.123714,3.355907,63|64|65|66|67|68|69|70,0.5593
6962.067030,-0.334499,-11.871316,-0.005072,10.042749,0.026969,0.002337,-3.353226,-0.122959,3.355480,63|64|65|66|67|68|69|70,0.5559
6962.083696,-0.333704,-11.886040,-0.005508,10.049433,0.027038,0.002077,-3.351908,-0.122599,3.354150,65|66|67|68|69|70,0.5637
6962.100363,-0.333706,-11.886046,-0.005505,10.056003,0.026643,0.002024,-3.358475,-0.122205,3.360697,65|66|67|68|69|70,0.5643
6962.117030,-0.339089,-11.886961,-0.006330,10.070739,0.026865,0.001767,-3.372714,-0.125353,3.375043,65|66|67|68|69|70,0.5653
6962.133696,-0.337220,-11.901916,-0.006469,10.070739,0.026865,0.001767,-3.364586,-0.124340,3.366882,65|66|67|68|69|70,0.5646
6962.183696,-0.342726,-11.935488,-0.007142,10.092035,0.026152,0.001263,-3.367637,-0.126626,3.370017,65|66|67|68|69|70,0.5611
6962.217030,-0.342726,-11.935490,-0.007140,10.105754,0.026371,0.001210,-3.381355,-0.126844,3.383734,65|66|67|68|69|70,0.5633
6962.233696,-0.343911,-11.954580,-0.006651,10.113311,0.026860,0.001412,-3.378538,-0.127982,3.380961,65|66|67|68|69|70,0.5630
6962.250363,-0.336690,-11.970140,-0.006408,10.120792,0.027595,0.001497,-3.377561,-0.124795,3.379865,65|66|67|68|69|70,0.5621
6962.267030,-0.326291,-11.982591,-0.006470,10.126924,0.027899,0.001557,-3.376924,-0.119450,3.379036,65|66|67|68|69|70,0.5610
6962.283696,-0.322808,-11.976380,-0.006376,10.141101,0.027431,0.001532,-3.394475,-0.117088,3.396494,65|66|67|68|69|70,0.5625
6962.300363,-0.322808,-11.976381,-0.006375,10.148609,0.027657,0.001463,-3.401983,-0.117313,3.404005,65|66|67|68|69|70,0.5631
6962.317030,-0.328161,-11.985902,-0.006695,10.148609,0.027657,0.001463,-3.396810,-0.120224,3.398936,65|66|67|68|69|70,0.5643
6962.333696,-0.327161,-12.011772,-0.006789,10.156098,0.027781,0.001393,-3.390239,-0.119810,3.392355,65|66|67|68|69|70,0.5645
6962.350363,-0.325866,-12.025047,-0.007063,10.163303,0.027662,0.001478,-3.390229,-0.118990,3.392317,65|66|67|68|69|70,0.5633
6962.367030,-0.325865,-12.025047,-0.007064,10.169695,0.027568,0.001496,-3.396620,-0.118895,3.398701,65|66|67|68|69|70,0.5621
6962.383696,-0.328781,-12.031199,-0.006759,10.176649,0.027297,0.001304,-3.400232,-0.120210,3.402356,65|66|67|68|69|70,0.5625
6962.400363,-0.332267,-12.039506,-0.006893,10.191536,0.027643,0.001379,-3.410605,-0.122453,3.412802,65|66|67|68|69|70,0.5639
6962.417030,-0.332268,-12.039504,-0.006894,10.198894,0.027715,0.001368,-3.417964,-0.122525,3.420160,65|66|67|68|69|70,0.5635
6962.433696,-0.327891,-12.069711,-0.006594,10.198894,0.027715,0.001368,-3.401547,-0.120152,3.403668,65|66|67|68|69|70,0.5625
6962.450363,-0.327052,-12.084038,-0.006436,10.205198,0.028189,0.001394,-3.400064,-0.120173,3.402187,65|66|67|68|69|70,0.5625
6962.467030,-0.327051,-12.084043,-0.006435,10.218340,0.028064,0.001198,-3.413203,-0.120047,3.415313,65|66|67|68|69|70,0.5626
6962.500363,-0.320312,-12.080708,-0.006411,10.225905,0.028548,0.000912,-3.422579,-0.116867,3.424574,65|66|67|68|69|70,0.5652
6962.517030,-0.313905,-12.100382,-0.006530,10.233605,0.029101,0.000837,-3.419586,-0.113943,3.421483,65|66|67|68|69|70,0.5636
6962.533696,-0.306512,-12.118879,-0.006700,10.240574,0.029019,0.000845,-3.416500,-0.109847,3.418266,65|66|67|68|69|70,0.5626
6962.550363,-0.308186,-12.126573,-0.007296,10.247101,0.028665,0.000834,-3.418846,-0.110404,3.420628,65|66|67|68|69|70|71,0.5563
6962.567030,-0.313326,-12.129292,-0.006919,10.253872,0.028059,0.000982,-3.424140,-0.112591,3.425991,65|66|67|68|69|70|71,0.5589
6962.600363,-0.319948,-12.150841,-0.006660,10.276077,0.028354,0.001428,-3.434635,-0.116490,3.436610,66|67|68|69|70|71,0.5661
6962.617030,-0.318976,-12.165479,-0.006599,10.276077,0.028354,0.001428,-3.426680,-0.115964,3.428642,66|67|68|69|70|71,0.5648
6962.633696,-0.318419,-12.178948,-0.006779,10.282612,0.028235,0.001779,-3.425894,-0.115545,3.427842,66|67|68|69|70|71,0.5627
6962.650363,-0.318417,-12.178952,-0.006778,10.296327,0.028115,0.002045,-3.439608,-0.115424,3.441544,66|67|68|69|70|71,0.5642
6962.667030,-0.324245,-12.178544,-0.006144,10.296327,0.028115,0.002045,-3.439831,-0.118591,3.441874,66|67|68|69|70|71,0.5645
6962.683696,-0.324245,-12.178542,-0.006144,10.310838,0.028423,0.002146,-3.454343,-0.118899,3.456388,66|67|68|69|70|71,0.5649
6962.700363,-0.321166,-12.193776,-0.006079,10.317926,0.028244,0.002033,-3.453151,-0.117049,3.455134,66|67|68|69|70|71,0.5632
6962.717030,-0.317254,-12.221644,-0.006343,10.324384,0.027896,0.002010,-3.444463,-0.114580,3.446368,66|67|68|69|70|71,0.5609
6962.733696,-0.317255,-12.221644,-0.006344,10.324384,0.027896,0.002010,-3.444463,-0.114581,3.446368,66|67|68|69|70|71,0.5612
6962.750363,-0.325363,-12.227598,-0.006395,10.331413,0.027719,0.002063,-3.448257,-0.118812,3.450303,66|67|68|69|70|71,0.5625
6962.767030,-0.325362,-12.227598,-0.006395,10.346131,0.027586,0.002284,-3.462975,-0.118679,3.465008,66|67|68|69|70|71,0.5640
6962.783696,-0.328226,-12.236212,-0.006350,10.353203,0.027724,0.002421,-3.465365,-0.120375,3.467455,66|67|68|69|70|71,0.5648
6962.800363,-0.329606,-12.248473,-0.006066,10.353203,0.027724,0.002421,-3.458702,-0.121127,3.460822,66|67|68|69|70|71,0.5638
6962.833696,-0.321184,-12.272263,-0.006216,10.366344,0.027895,0.002293,-3.458913,-0.116725,3.460882,66|67|68|69|70|71,0.5626
6962.850363,-0.326668,-12.274521,-0.006460,10.381187,0.028062,0.001565,-3.472529,-0.119873,3.474598,66|67|68|69|70|71,0.5635
6962.867030,-0.326669,-12.274520,-0.006463,10.381187,0.028062,0.001565,-3.472530,-0.119874,3.474599,66|67|68|69|70|71,0.5642
6962.883696,-0.323202,-12.304951,-0.006318,10.388612,0.028124,0.001518,-3.463416,-0.118057,3.465428,66|67|68|69|70|71,0.5635
6962.900363,-0.323202,-12.304949,-0.006319,10.402073,0.027382,0.001418,-3.476877,-0.117315,3.478856,66|67|68|69|70|71,0.5627
6962.917030,-0.328890,-12.326529,-0.006743,10.408457,0.026957,0.001257,-3.471534,-0.119985,3.473607,66|67|68|69|70|71,0.5619
6962.933696,-0.333541,-12.324470,-0.006756,10.408457,0.026957,0.001257,-3.472654,-0.122512,3.474814,66|67|68|69|70|71,0.5626
6962.950363,-0.339392,-12.327130,-0.006843,10.423071,0.027207,0.000963,-3.485824,-0.125943,3.488098,66|67|68|69|70|71,0.5623
6962.967030,-0.337515,-12.342777,-0.007134,10.430401,0.027311,0.001008,-3.484649,-0.125030,3.486892,66|67|68|69|70|71,0.5629
6962.983696,-0.337517,-12.342777,-0.007136,10.437250,0.028031,0.001006,-3.491499,-0.125751,3.493763,66|67|68|69|70|71,0.5623
6963.000363,-0.334245,-12.370869,-0.006864,10.437250,0.028031,0.001006,-3.476231,-0.123978,3.478441,66|67|68|69|70|71,0.5611
6963.017030,-0.324161,-12.374260,-0.006712,10.443659,0.028147,0.000994,-3.480795,-0.118614,3.482815,66|67|68|69|70|71,0.5618
6963.033696,-0.324162,-12.374262,-0.006711,10.450775,0.027904,0.001006,-3.487910,-0.118372,3.489918,66|67|68|69|70|71,0.5618
6963.050363,-0.322792,-12.373454,-0.006858,10.458053,0.027790,0.000982,-3.495627,-0.117513,3.497601,66|67|68|69|70|71,0.5621
6963.083696,-0.326259,-12.385476,-0.006560,10.472639,0.027343,0.000554,-3.503679,-0.118953,3.505698,66|67|68|69|70|71,0.5606
6963.100363,-0.330209,-12.412059,-0.006227,10.479120,0.027062,0.000428,-3.495714,-0.120823,3.497802,66|67|68|69|70|71|72|73,0.5546
6963.117030,-0.335176,-12.420820,-0.006816,10.493263,0.026789,0.000409,-3.505096,-0.123251,3.507263,66|67|68|69|70|71|72|73,0.5563
6963.133696,-0.346210,-12.421490,-0.006949,10.493263,0.026789,0.000409,-3.504734,-0.129248,3.507117,66|67|68|69|70|71|72|73,0.5516
6963.150363,-0.346018,-12.422219,-0.006424,10.500686,0.027055,0.000434,-3.511762,-0.129410,3.514145,68|69|70|71|72|73,0.5626
6963.167030,-0.339835,-12.454854,-0.007205,10.514946,0.027190,0.000053,-3.508283,-0.126191,3.510552,68|69|70|71|72|73,0.5616
6963.183696,-0.338519,-12.469170,-0.007167,10.521454,0.026929,-0.000001,-3.507011,-0.125218,3.509245,68|69|70|71|72|73,0.5605
6963.200363,-0.339357,-12.470691,-0.007047,10.528465,0.026738,-0.000581,-3.513195,-0.125482,3.515436,68|69|70|71|72|73,0.5625
6963.233696,-0.339357,-12.470691,-0.007042,10.543464,0.027035,-0.000928,-3.528195,-0.125779,3.530437,68|69|70|71|72|73,0.5653
6963.250363,-0.342170,-12.498616,-0.008356,10.543464,0.027035,-0.000928,-3.513019,-0.127313,3.515325,68|69|70|71|72|73,0.5633
6963.267030,-0.342170,-12.498615,-0.008355,10.557752,0.026170,-0.001021,-3.527307,-0.126448,3.529573,68|69|70|71|72|73,0.5622
6963.283696,-0.345927,-12.518480,-0.009033,10.557752,0.026170,-0.001021,-3.516512,-0.128494,3.518859,68|69|70|71|72|73,0.5621
6963.300363,-0.352469,-12.523663,-0.008896,10.571466,0.026170,-0.001298,-3.527410,-0.132051,3.529881,68|69|70|71|72|73,0.5622
6963.317030,-0.354152,-12.526127,-0.008744,10.579069,0.026702,-0.001162,-3.533674,-0.133498,3.536195,68|69|70|71|72|73,0.5629
6963.333696,-0.351052,-12.536575,-0.009051,10.579069,0.026702,-0.001162,-3.527995,-0.131815,3.530457,68|69|70|71|72|73,0.5628
6963.350363,-0.351051,-12.536574,-0.009052,10.586717,0.027363,-0.001071,-3.535644,-0.132476,3.538125,68|69|70|71|72|73,0.5612
6963.367030,-0.343244,-12.553154,-0.008873,10.599704,0.027061,-0.000985,-3.539619,-0.127933,3.541930,68|69|70|71|72|73,0.5578
6963.400363,-0.338315,-12.565209,-0.008543,10.614509,0.027353,-0.001088,-3.547871,-0.125549,3.550092,68|69|70|71|72|73,0.5607
6963.417030,-0.338314,-12.565209,-0.008544,10.621891,0.027538,-0.001129,-3.555253,-0.125733,3.557476,68|69|70|71|72|73,0.5615
6963.433697,-0.337905,-12.576462,-0.008480,10.629106,0.027406,-0.001166,-3.556352,-0.125381,3.558562,68|69|70|71|72|73,0.5620
6963.450363,-0.331501,-12.609360,-0.008739,10.629106,0.027406,-0.001166,-3.538472,-0.121907,3.540571,68|69|70|71|72|73,0.5620
6963.467030,-0.331503,-12.609360,-0.008740,10.642275,0.026953,-0.001203,-3.551640,-0.121455,3.553716,68|69|70|71|72|73,0.5619
6963.483697,-0.333276,-12.619259,-0.008927,10.642275,0.026953,-0.001203,-3.546261,-0.122420,3.548373,68|69|70|71|72|73,0.5627
6963.500363,-0.339599,-12.621836,-0.008891,10.649582,0.027213,-0.001211,-3.552168,-0.126117,3.554407,68|69|70|71|72|73,0.5634
6963.517030,-0.339599,-12.621836,-0.008891,10.664346,0.027547,-0.001104,-3.566933,-0.126451,3.569174,68|69|70|71|72|73,0.5631
6963.550363,-0.331441,-12.666878,-0.009778,10.677009,0.027684,-0.000782,-3.555115,-0.122164,3.557214,68|69|70|71|72|73,0.5618
6963.567030,-0.326476,-12.667230,-0.009458,10.677009,0.027684,-0.000782,-3.554923,-0.119466,3.556930,68|69|70|71|72|73,0.5610
6963.583697,-0.329071,-12.662513,-0.009386,10.683737,0.027570,-0.000980,-3.564214,-0.120761,3.566260,68|69|70|71|72|73,0.5633
6963.600363,-0.329989,-12.666697,-0.009456,10.699095,0.028653,-0.001255,-3.577298,-0.122343,3.579390,68|69|70|71|72|73,0.5649
6963.617030,-0.329988,-12.666699,-0.009455,10.706268,0.028701,-0.001195,-3.584471,-0.122391,3.586560,68|69|70|71|72|73,0.5643
6963.633697,-0.313956,-12.701548,-0.009264,10.706268,0.028701,-0.001195,-3.565528,-0.113684,3.567340,68|69|70|71|72|73|74,0.5572
6963.650363,-0.313845,-12.702354,-0.009132,10.719665,0.027770,-0.001056,-3.578487,-0.112693,3.580261,69|70|71|72|73|74,0.5629
6963.667030,-0.313045,-12.711671,-0.009242,10.719665,0.027770,-0.001056,-3.573424,-0.112260,3.575187,69|70|71|72|73|74,0.5644
6963.683697,-0.317805,-12.714561,-0.009250,10.726865,0.027740,-0.000951,-3.579054,-0.114818,3.580895,69|70|71|72|73|74,0.5648
6963.700363,-0.326607,-12.732139,-0.008541,10.741823,0.028012,-0.000699,-3.584460,-0.119876,3.586464,69|70|71|72|73|74,0.5655
6963.717030,-0.324467,-12.748097,-0.008556,10.741823,0.028012,-0.000699,-3.575787,-0.118716,3.577757,69|70|71|72|73|74,0.5642
6963.733697,-0.324469,-12.748099,-0.008558,10.755056,0.027575,-0.000365,-3.589019,-0.118280,3.590967,69|70|71|72|73|74,0.5625
6963.750363,-0.322853,-12.761750,-0.008211,10.762163,0.027587,-0.000315,-3.588706,-0.117417,3.590627,69|70|71|72|73|74,0.5619
6963.767030,-0.325136,-12.763073,-0.008445,10.769666,0.027837,-0.000234,-3.595491,-0.118908,3.597457,69|70|71|72|73|74,0.5629
6963.783697,-0.328805,-12.763820,-0.008281,10.777109,0.028072,-0.000255,-3.602528,-0.121137,3.604565,69|70|71|72|73|74,0.5637
6963.800363,-0.325097,-12.792825,-0.007956,10.784265,0.028033,-0.000424,-3.593921,-0.119088,3.595893,69|70|71|72|73|74,0.5630
6963.817030,-0.325097,-12.792825,-0.007958,10.784265,0.028033,-0.000424,-3.593921,-0.119088,3.595893,69|70|71|72|73|74,0.5617
6963.833697,-0.323230,-12.814441,-0.008030,10.790886,0.027457,-0.000445,-3.588793,-0.117502,3.590716,69|70|71|72|73|74,0.5603
6963.850363,-0.323230,-12.814442,-0.008031,10.805116,0.027137,-0.000442,-3.603023,-0.117182,3.604928,69|70|71|72|73|74,0.5615
6963.867030,-0.334728,-12.820803,-0.008262,10.805116,0.027137,-0.000442,-3.599568,-0.123432,3.601684,69|70|71|72|73|74,0.5613
6963.883697,-0.334727,-12.820802,-0.008261,10.819624,0.027138,-0.000071,-3.614076,-0.123432,3.616183,69|70|71|72|73|74,0.5615
6963.917030,-0.335387,-12.856223,-0.007410,10.826282,0.027738,-0.000043,-3.601484,-0.124398,3.603632,69|70|71|72|73|74,0.5606
6963.933697,-0.335388,-12.856224,-0.007409,10.839622,0.027243,-0.000758,-3.614824,-0.123903,3.616946,69|70|71|72|73|74,0.5634
6963.950363,-0.327157,-12.859345,-0.007415,10.846945,0.027353,-0.001168,-3.620448,-0.119540,3.622421,69|70|71|72|73|74,0.5646
6963.967030,-0.332335,-12.859075,-0.007201,10.846945,0.027353,-0.001168,-3.620596,-0.122354,3.622663,69|70|71|72|73|74,0.5652
6964.000363,-0.331833,-12.871540,-0.007763,10.867658,0.026668,-0.001265,-3.634535,-0.121399,3.636562,69|70|71|72|73|74,0.5630
6964.017030,-0.331803,-12.909468,-0.008206,10.867658,0.026668,-0.001265,-3.613922,-0.121390,3.615960,69|70|71|72|73|74,0.5627
6964.050363,-0.345868,-12.909362,-0.008509,10.880892,0.026270,-0.001555,-3.627215,-0.128636,3.629496,69|70|71|72|73|74,0.5639
6964.083697,-0.345869,-12.909361,-0.008509,10.895445,0.026614,-0.001532,-3.641769,-0.128981,3.644052,69|70|71|72|73|74,0.5641
6964.100363,-0.341958,-12.939660,-0.009054,10.908987,0.027473,-0.001513,-3.638843,-0.127720,3.641084,69|70|71|72|73|74,0.5637
6964.117030,-0.330796,-12.958744,-0.009269,10.915800,0.027231,-0.001163,-3.635283,-0.121415,3.637310,69|70|71|72|73|74|75|76,0.5625
6964.133697,-0.330797,-12.958745,-0.009264,10.923158,0.027195,-0.001062,-3.642641,-0.121379,3.644662,69|70|71|72|73|74|75|76,0.5588
6964.150363,-0.327698,-12.957605,-0.009911,10.930412,0.027111,-0.001267,-3.650513,-0.119612,3.652472,69|70|71|72|73|74|75|76,0.5635
6964.167030,-0.333260,-12.981057,-0.009318,10.930412,0.027111,-0.001267,-3.637768,-0.122639,3.639835,71|72|73|74|75|76,0.5625
6964.183697,-0.334477,-12.993354,-0.009249,10.937788,0.026930,-0.001408,-3.638462,-0.123121,3.640544,71|72|73|74|75|76,0.5615
6964.200363,-0.337289,-13.003559,-0.009400,10.944545,0.026422,-0.001542,-3.639674,-0.124143,3.641790,71|72|73|74|75|76,0.5617
6964.217030,-0.344569,-13.004184,-0.009557,10.951021,0.025834,-0.001543,-3.645811,-0.127512,3.648040,71|72|73|74|75|76,0.5627
6964.250363,-0.344569,-13.004181,-0.009556,10.973587,0.026228,-0.002074,-3.668378,-0.127906,3.670607,71|72|73|74|75|76,0.5658
6964.267030,-0.350436,-13.016377,-0.009610,10.980535,0.026390,-0.002368,-3.668700,-0.131259,3.671047,71|72|73|74|75|76,0.5637
6964.283697,-0.346104,-13.053674,-0.010002,10.987035,0.026224,-0.002419,-3.654929,-0.128746,3.657196,71|72|73|74|75|76,0.5626
6964.300363,-0.344669,-13.055974,-0.010852,10.987035,0.026224,-0.002419,-3.653678,-0.127966,3.655919,71|72|73|74|75|76,0.5628
6964.317030,-0.347037,-13.055953,-0.010419,10.993879,0.025827,-0.002866,-3.660534,-0.128856,3.662801,71|72|73|74|75|76,0.5643
6964.333697,-0.350869,-13.065169,-0.010657,11.001405,0.025955,-0.003166,-3.663052,-0.131068,3.665397,71|72|73|74|75|76,0.5640
6964.350363,-0.348484,-13.081735,-0.010963,11.016159,0.025680,-0.003462,-3.668802,-0.129500,3.671087,71|72|73|74|75|76,0.5633
6964.367030,-0.347618,-13.096245,-0.010152,11.016159,0.025680,-0.003462,-3.660916,-0.129032,3.663189,71|72|73|74|75|76,0.5624
6964.383697,-0.352607,-13.104187,-0.010024,11.023260,0.025172,-0.003535,-3.663701,-0.131238,3.666051,71|72|73|74|75|76,0.5635
6964.400363,-0.352609,-13.104190,-0.010026,11.029537,0.025031,-0.003573,-3.669977,-0.131097,3.672318,71|72|73|74|75|76,0.5634
6964.417030,-0.361023,-13.109550,-0.010352,11.043825,0.025641,-0.003435,-3.681354,-0.136281,3.683875,71|72|73|74|75|76,0.5640
6964.450363,-0.361022,-13.109548,-0.010353,11.057951,0.026811,-0.003119,-3.695480,-0.137451,3.698036,71|72|73|74|75|76,0.5628
6964.467030,-0.351773,-13.135510,-0.010869,11.057951,0.026811,-0.003119,-3.681369,-0.132429,3.683750,71|72|73|74|75|76,0.5616
6964.483697,-0.342542,-13.151151,-0.010294,11.071573,0.026029,-0.003141,-3.686489,-0.126634,3.688663,71|72|73|74|75|76,0.5624
6964.500363,-0.334711,-13.147005,-0.010127,11.079282,0.026294,-0.003122,-3.696450,-0.122641,3.698484,71|72|73|74|75|76,0.5638
6964.517030,-0.345199,-13.157164,-0.010476,11.086769,0.026428,-0.003188,-3.698417,-0.128478,3.700648,71|72|73|74|75|76,0.5648
6964.533697,-0.341320,-13.176255,-0.010538,11.086769,0.026428,-0.003188,-3.688041,-0.126373,3.690206,71|72|73|74|75|76,0.5647
6964.550363,-0.339276,-13.191910,-0.010800,11.094076,0.026436,-0.003075,-3.686840,-0.125273,3.688967,71|72|73|74|75|76,0.5633
6964.567030,-0.339275,-13.191910,-0.010800,11.107078,0.025897,-0.002864,-3.699842,-0.124733,3.701944,71|72|73|74|75|76,0.5622
6964.583697,-0.338545,-13.203092,-0.010450,11.114446,0.026039,-0.002802,-3.701133,-0.124481,3.703225,71|72|73|74|75|76,0.5633
6964.600363,-0.345192,-13.203304,-0.011055,11.114446,0.026039,-0.002802,-3.701019,-0.128093,3.703235,71|72|73|74|75|76,0.5645
6964.617030,-0.345192,-13.203304,-0.011053,11.122131,0.026310,-0.002667,-3.708704,-0.128364,3.710924,71|72|73|74|75|76,0.5651
6964.633697,-0.339970,-13.234831,-0.011661,11.136242,0.026805,-0.002266,-3.705679,-0.126028,3.707821,71|72|73|74|75|76|77,0.5593
6964.650363,-0.337957,-13.247826,-0.012005,11.142265,0.026868,-0.002011,-3.704639,-0.124998,3.706748,71|72|73|74|75|76|77,0.5591
6964.667030,-0.337953,-13.247828,-0.012000,11.148761,0.026406,-0.001974,-3.711135,-0.124534,3.713224,71|72|73|74|75|76|77,0.5567
6964.683697,-0.330948,-13.247473,-0.010886,11.156254,0.026783,-0.002614,-3.718818,-0.121104,3.720790,71|72|73|74|75|76|77,0.5588
6964.700363,-0.337186,-13.248419,-0.010793,11.156254,0.026783,-0.002614,-3.718306,-0.124495,3.720389,71|72|73|74|75|76|77,0.5589
6964.717030,-0.337177,-13.248923,-0.010944,11.163841,0.027266,-0.002747,-3.725619,-0.124972,3.727715,72|73|74|75|76|77,0.5645
6964.750363,-0.330105,-13.266519,-0.011572,11.177784,0.027090,-0.002744,-3.729998,-0.120957,3.731958,72|73|74|75|76|77,0.5617
6964.767030,-0.319795,-13.296669,-0.010756,11.191469,0.026498,-0.002483,-3.727295,-0.114767,3.729061,72|73|74|75|76|77,0.5629
6964.783697,-0.324932,-13.299886,-0.010419,11.199016,0.026585,-0.002237,-3.733095,-0.117647,3.734948,72|73|74|75|76|77,0.5643
6964.800363,-0.330233,-13.302756,-0.009705,11.206417,0.026630,-0.002091,-3.738937,-0.120573,3.740880,72|73|74|75|76|77,0.5648
6964.817030,-0.331705,-13.329758,-0.008995,11.206417,0.026630,-0.002091,-3.724262,-0.121378,3.726239,72|73|74|75|76|77,0.5641
6964.833697,-0.330898,-13.343492,-0.008742,11.219696,0.026419,-0.001473,-3.730077,-0.120731,3.732030,72|73|74|75|76|77,0.5640
6964.850363,-0.329260,-13.346345,-0.008678,11.219696,0.026419,-0.001473,-3.728526,-0.119841,3.730451,72|73|74|75|76|77,0.5636
6964.867030,-0.329261,-13.346348,-0.008678,11.234268,0.026435,-0.001266,-3.743096,-0.119859,3.745015,72|73|74|75|76|77,0.5649
6964.917030,-0.330317,-13.386582,-0.008862,11.248874,0.026692,-0.001251,-3.735837,-0.120697,3.737786,72|73|74|75|76|77,0.5652
6964.933697,-0.330317,-13.386584,-0.008863,11.261909,0.025923,-0.001275,-3.748870,-0.119928,3.750788,72|73|74|75|76|77,0.5624
6964.950363,-0.335307,-13.399363,-0.008852,11.269365,0.025806,-0.001236,-3.749382,-0.122525,3.751383,72|73|74|75|76|77,0.5631
6964.967030,-0.335309,-13.399364,-0.008852,11.276855,0.025684,-0.001226,-3.756872,-0.122404,3.758865,72|73|74|75|76|77,0.5635
6964.983697,-0.341176,-13.413188,-0.008528,11.284153,0.025594,-0.001149,-3.756657,-0.125505,3.758753,72|73|74|75|76|77,0.5631
6965.000363,-0.341176,-13.413189,-0.008528,11.290830,0.026130,-0.001012,-3.763334,-0.126041,3.765445,72|73|74|75|76|77,0.5623
6965.017030,-0.343869,-13.437830,-0.008404,11.297413,0.026392,-0.000875,-3.756525,-0.127772,3.758698,72|73|74|75|76|77,0.5624
6965.033697,-0.343869,-13.437829,-0.008405,11.297413,0.026392,-0.000875,-3.756526,-0.127772,3.758698,72|73|74|75|76|77,0.5620
6965.050363,-0.333132,-13.444642,-0.008443,11.304535,0.026104,-0.000981,-3.759943,-0.121649,3.761911,72|73|74|75|76|77,0.5622
6965.067030,-0.336823,-13.455461,-0.008476,11.319317,0.026155,-0.001076,-3.768846,-0.123709,3.770875,72|73|74|75|76|77,0.5611
6965.100363,-0.335979,-13.483944,-0.009040,11.326675,0.026123,-0.001169,-3.760724,-0.123223,3.762742,72|73|74|75|76|77,0.5617
6965.117030,-0.335979,-13.483945,-0.009041,11.339418,0.025305,-0.001229,-3.773467,-0.122405,3.775451,72|73|74|75|76|77,0.5609
6965.133697,-0.342844,-13.495700,-0.008575,11.346380,0.025124,-0.001558,-3.774041,-0.125957,3.776142,72|73|74|75|76|77,0.5614
6965.150363,-0.342844,-13.495701,-0.008574,11.353698,0.025214,-0.001621,-3.781359,-0.126048,3.783459,72|73|74|75|76|77,0.5615
6965.167030,-0.348255,-13.493391,-0.008160,11.360965,0.025331,-0.001558,-3.789882,-0.129105,3.792081,72|73|74|75|76|77,0.5613
6965.183697,-0.350018,-13.506099,-0.008657,11.368063,0.025789,-0.001463,-3.790074,-0.130523,3.792320,72|73|74|75|76|77|78|79,0.5589
6965.217030,-0.340385,-13.542536,-0.009458,11.374922,0.026382,-0.001524,-3.777128,-0.125888,3.779225,74|75|76|77|78|79,0.5598
6965.233697,-0.332080,-13.547986,-0.009664,11.381376,0.026079,-0.001353,-3.780619,-0.121073,3.782557,74|75|76|77|78|79,0.5612
6965.250363,-0.332080,-13.547989,-0.009658,11.388651,0.025950,-0.001339,-3.787892,-0.120944,3.789822,74|75|76|77|78|79,0.5627
6965.283697,-0.339966,-13.575641,-0.008925,11.403381,0.025675,-0.001558,-3.787596,-0.124960,3.789656,74|75|76|77|78|79,0.5617
6965.317030,-0.347149,-13.588386,-0.009536,11.423813,0.024631,-0.002009,-3.801102,-0.127822,3.803250,74|75|76|77|78|79,0.5605
6965.333697,-0.347148,-13.588388,-0.009535,11.431484,0.024764,-0.002137,-3.808772,-0.127955,3.810921,74|75|76|77|78|79,0.5640
6965.350363,-0.355141,-13.599498,-0.010715,11.439193,0.024716,-0.002227,-3.810445,-0.132252,3.812740,74|75|76|77|78|79,0.5649
6965.367030,-0.355143,-13.599494,-0.010716,11.446344,0.025271,-0.002419,-3.817598,-0.132808,3.819907,74|75|76|77|78|79,0.5644
6965.383697,-0.353213,-13.618426,-0.011144,11.452709,0.025116,-0.002597,-3.813673,-0.131608,3.815943,74|75|76|77|78|79,0.5633
6965.400363,-0.347122,-13.641342,-0.010437,11.459495,0.024570,-0.003079,-3.808004,-0.127756,3.810147,74|75|76|77|78|79,0.5627
6965.417030,-0.349764,-13.638667,-0.010765,11.459495,0.024570,-0.003079,-3.809458,-0.129191,3.811648,74|75|76|77|78|79,0.5644
6965.433697,-0.355849,-13.648223,-0.010694,11.467048,0.024598,-0.003145,-3.811819,-0.132528,3.814122,74|75|76|77|78|79,0.5658
6965.450363,-0.355847,-13.648221,-0.010695,11.481954,0.024363,-0.003404,-3.826726,-0.132292,3.829012,74|75|76|77|78|79,0.5654
6965.483697,-0.358465,-13.690688,-0.012164,11.495195,0.023796,-0.003586,-3.816888,-0.133157,3.819210,74|75|76|77|78|79,0.5637
6965.500363,-0.363671,-13.693349,-0.012067,11.502025,0.023623,-0.003813,-3.822272,-0.135813,3.824685,74|75|76|77|78|79,0.5641
6965.567030,-0.352135,-13.734181,-0.011666,11.524246,0.025641,-0.003631,-3.822300,-0.131569,3.824564,74|75|76|77|78|79,0.5628
6965.617030,-0.348669,-13.739901,-0.011334,11.544920,0.025001,-0.003471,-3.839864,-0.129046,3.842032,74|75|76|77|78|79,0.5645
6965.633697,-0.348670,-13.739899,-0.011332,11.559833,0.025076,-0.003370,-3.854779,-0.129122,3.856941,74|75|76|77|78|79,0.5639
6965.650363,-0.346645,-13.759504,-0.011720,11.566253,0.025302,-0.003282,-3.850544,-0.128251,3.852679,74|75|76|77|78|79,0.5630
6965.683697,-0.347122,-13.775044,-0.011097,11.580356,0.024688,-0.003265,-3.856201,-0.127899,3.858322,74|75|76|77|78|79,0.5621
6965.700363,-0.340548,-13.784124,-0.011622,11.580356,0.024688,-0.003265,-3.851265,-0.124329,3.853272,74|75|76|77|78|79|80,0.5591
6965.717030,-0.348986,-13.787818,-0.011133,11.595329,0.024789,-0.003149,-3.864231,-0.129015,3.866385,74|75|76|77|78|79|80,0.5563
6965.733697,-0.347075,-13.818261,-0.011433,11.602220,0.025294,-0.002860,-3.854578,-0.128488,3.856719,75|76|77|78|79|80,0.5632
6965.750363,-0.347019,-13.832557,-0.011260,11.608549,0.025754,-0.002735,-3.853136,-0.128920,3.855292,75|76|77|78|79|80,0.5618
6965.767030,-0.338791,-13.839066,-0.010998,11.608549,0.025754,-0.002735,-3.849597,-0.124449,3.851608,75|76|77|78|79|80,0.5618
6965.783697,-0.331451,-13.837146,-0.011443,11.621935,0.025306,-0.002953,-3.864025,-0.120012,3.865889,75|76|77|78|79|80,0.5622
6965.800363,-0.338711,-13.836408,-0.011399,11.621935,0.025306,-0.002953,-3.864427,-0.123958,3.866415,75|76|77|78|79|80,0.5641
6965.817030,-0.336659,-13.845842,-0.011305,11.629566,0.025645,-0.003311,-3.866932,-0.123184,3.868893,75|76|77|78|79|80,0.5649
6965.833697,-0.336660,-13.845839,-0.011304,11.644104,0.025608,-0.002933,-3.881471,-0.123147,3.883424,75|76|77|78|79|80,0.5643
6965.850363,-0.330756,-13.863693,-0.011926,11.644104,0.025608,-0.002933,-3.871766,-0.119941,3.873624,75|76|77|78|79|80,0.5618
6965.867030,-0.330174,-13.886717,-0.011320,11.657522,0.025050,-0.002430,-3.872671,-0.119071,3.874501,75|76|77|78|79|80,0.5645
6965.883697,-0.330174,-13.886720,-0.011319,11.665125,0.025080,-0.002288,-3.880272,-0.119101,3.882100,75|76|77|78|79|80,0.5643
6965.900363,-0.337661,-13.897457,-0.010852,11.672580,0.025072,-0.002089,-3.881895,-0.123165,3.883848,75|76|77|78|79|80,0.5650
6965.917030,-0.337665,-13.912658,-0.010365,11.672580,0.025072,-0.002089,-3.873633,-0.123170,3.875591,75|76|77|78|79|80,0.5652
6965.933697,-0.337817,-13.926321,-0.009449,11.679783,0.025382,-0.001683,-3.873409,-0.123565,3.875380,75|76|77|78|79|80,0.5639
6965.950363,-0.332130,-13.934488,-0.008651,11.686207,0.025224,-0.001369,-3.875394,-0.120318,3.877261,75|76|77|78|79|80,0.5635
6965.967030,-0.332131,-13.934492,-0.008654,11.693075,0.025004,-0.000786,-3.882260,-0.120098,3.884117,75|76|77|78|79|80,0.5636
6965.983697,-0.334272,-13.931199,-0.008762,11.707929,0.025193,-0.000382,-3.898905,-0.121450,3.900796,75|76|77|78|79|80,0.5655
6966.000363,-0.338332,-13.956510,-0.008663,11.715131,0.025215,-0.000401,-3.892352,-0.123683,3.894316,75|76|77|78|79|80,0.5653
6966.017030,-0.338332,-13.956508,-0.008661,11.715131,0.025215,-0.000401,-3.892353,-0.123683,3.894317,75|76|77|78|79|80,0.5647
6966.033697,-0.337823,-13.969725,-0.008574,11.721801,0.025178,-0.000292,-3.891839,-0.123373,3.893794,75|76|77|78|79|80,0.5634
6966.050363,-0.337748,-13.983237,-0.008642,11.735405,0.024756,-0.000041,-3.898099,-0.122912,3.900037,75|76|77|78|79|80,0.5625
6966.067030,-0.343015,-13.984160,-0.008547,11.742878,0.024565,0.000098,-3.905071,-0.125584,3.907090,75|76|77|78|79|80,0.5628
6966.100363,-0.343018,-13.984154,-0.008550,11.756851,0.024709,0.000270,-3.919048,-0.125730,3.921064,75|76|77|78|79|80,0.5633
6966.117030,-0.350507,-14.020390,-0.007902,11.763466,0.025113,0.000285,-3.905971,-0.130211,3.908141,75|76|77|78|79|80,0.5623
6966.133697,-0.350505,-14.020393,-0.007902,11.770229,0.025041,0.000338,-3.912733,-0.130137,3.914896,75|76|77|78|79|80,0.5644
6966.150363,-0.338995,-14.029912,-0.007480,11.770229,0.025041,0.000338,-3.907557,-0.123884,3.909520,75|76|77|78|79|80,0.5644
6966.167030,-0.340256,-14.037224,-0.006998,11.785036,0.024883,0.000293,-3.918390,-0.124412,3.920365,75|76|77|78|79|80,0.5648
6966.200363,-0.342508,-14.067171,-0.007633,11.792438,0.024795,0.000237,-3.909517,-0.125554,3.911533,75|76|77|78|79|80|81|82,0.5636
6966.217030,-0.342507,-14.067250,-0.007645,11.805097,0.024493,0.000257,-3.922133,-0.125251,3.924133,75|76|77|78|79|80|81|82,0.5525
6966.233697,-0.343292,-14.079640,-0.008089,11.812050,0.024180,-0.000009,-3.922352,-0.125367,3.924355,75|76|77|78|79|80|81|82,0.5547
6966.267030,-0.342935,-14.081300,-0.007681,11.819429,0.024163,-0.000059,-3.928830,-0.125157,3.930823,77|78|79|80|81|82,0.5653
6966.300363,-0.352408,-14.117426,-0.007638,11.833900,0.024462,0.000054,-3.923669,-0.130611,3.925842,77|78|79|80|81|82,0.5630
6966.317030,-0.348702,-14.126197,-0.008268,11.840765,0.024931,-0.000006,-3.925765,-0.129068,3.927887,77|78|79|80|81|82,0.5635
6966.367030,-0.340273,-14.143701,-0.008008,11.861355,0.024938,0.000242,-3.936841,-0.124497,3.938809,77|78|79|80|81|82,0.5638
6966.383697,-0.340274,-14.143695,-0.008007,11.875967,0.024785,0.000099,-3.951456,-0.124345,3.953412,77|78|79|80|81|82,0.5624
6966.417030,-0.347128,-14.176487,-0.008090,11.882253,0.024315,0.000131,-3.939923,-0.127605,3.941989,77|78|79|80|81|82,0.5625
6966.433697,-0.347129,-14.176491,-0.008090,11.897072,0.023996,-0.000184,-3.954739,-0.127287,3.956786,77|78|79|80|81|82,0.5643
6966.467030,-0.357277,-14.201482,-0.008179,11.904470,0.024017,0.000080,-3.948557,-0.132828,3.950791,77|78|79|80|81|82,0.5629
6966.483697,-0.357781,-14.215497,-0.007961,11.911760,0.024263,0.000177,-3.948230,-0.133351,3.950482,77|78|79|80|81|82,0.5624
6966.517030,-0.350862,-14.228265,-0.008020,11.925079,0.024165,-0.000260,-3.954609,-0.129494,3.956728,77|78|79|80|81|82,0.5627
6966.533697,-0.356564,-14.230857,-0.008530,11.939855,0.023979,-0.000398,-3.967977,-0.132408,3.970186,77|78|79|80|81|82,0.5621
6966.550363,-0.358206,-14.245302,-0.009046,11.939855,0.023979,-0.000398,-3.960127,-0.133303,3.962370,77|78|79|80|81|82,0.5624
6966.567030,-0.359830,-14.259300,-0.009254,11.954351,0.023653,-0.000683,-3.967016,-0.133863,3.969274,77|78|79|80|81|82,0.5630
6966.583697,-0.359830,-14.259298,-0.009256,11.960621,0.023488,-0.000662,-3.973286,-0.133698,3.975535,77|78|79|80|81|82,0.5623
6966.617030,-0.360897,-14.272871,-0.009173,11.967483,0.023174,-0.000830,-3.972772,-0.133967,3.975030,77|78|79|80|81|82,0.5634
6966.633697,-0.370941,-14.283423,-0.009950,11.975143,0.023487,-0.000780,-3.974699,-0.139740,3.977155,77|78|79|80|81|82,0.5640
6966.650363,-0.370941,-14.283422,-0.009951,11.989702,0.024863,-0.000697,-3.989259,-0.141116,3.991754,77|78|79|80|81|82,0.5630
6966.667030,-0.367107,-14.303293,-0.009993,11.989702,0.024863,-0.000697,-3.978459,-0.139036,3.980887,77|78|79|80|81|82,0.5622
6966.683697,-0.347500,-14.324008,-0.009395,11.996401,0.025518,-0.000834,-3.973895,-0.129039,3.975990,77|78|79|80|81|82,0.5624
6966.700363,-0.338999,-14.325697,-0.009202,12.010364,0.024817,-0.000812,-3.986939,-0.123718,3.988858,77|78|79|80|81|82,0.5628
6966.717030,-0.339000,-14.325698,-0.009204,12.010364,0.024817,-0.000812,-3.986939,-0.123718,3.988858,77|78|79|80|81|82,0.5637
6966.733697,-0.348660,-14.341511,-0.009387,12.024982,0.024722,-0.000919,-3.992964,-0.128877,3.995044,77|78|79|80|81|82|83,0.5639
6966.750363,-0.349252,-14.354252,-0.009719,12.031995,0.025141,-0.000929,-3.993054,-0.129619,3.995157,77|78|79|80|81|82|83,0.5598
6966.767030,-0.349750,-14.367786,-0.009841,12.031995,0.025141,-0.000929,-3.985698,-0.129893,3.987814,78|79|80|81|82|83,0.5617
6966.783697,-0.343804,-14.374190,-0.009830,12.038492,0.024972,-0.000844,-3.988713,-0.126494,3.990718,78|79|80|81|82|83,0.5617
6966.800363,-0.346532,-14.372563,-0.010140,12.052957,0.024721,-0.000479,-4.004063,-0.127725,4.006100,78|79|80|81|82|83,0.5639
6966.817030,-0.350260,-14.385278,-0.009505,12.052957,0.024721,-0.000479,-3.997154,-0.129753,3.999259,78|79|80|81|82|83,0.5627
6966.833697,-0.350568,-14.398382,-0.009413,12.060354,0.024720,-0.000399,-3.997428,-0.129923,3.999539,78|79|80|81|82|83,0.5622
6966.850363,-0.350665,-14.411754,-0.009433,12.067548,0.024981,-0.000342,-3.997356,-0.130238,3.999477,78|79|80|81|82|83,0.5610
6966.867030,-0.350667,-14.411754,-0.009433,12.080661,0.026027,-0.000134,-4.010469,-0.131286,4.012617,78|79|80|81|82|83,0.5606
6966.883697,-0.337068,-14.424424,-0.009356,12.087846,0.025827,-0.000162,-4.010765,-0.123698,4.012672,78|79|80|81|82|83,0.5621
6966.900363,-0.337068,-14.424423,-0.009355,12.095167,0.025744,-0.000450,-4.018086,-0.123614,4.019987,78|79|80|81|82|83,0.5625
6966.933697,-0.335865,-14.451395,-0.009398,12.102792,0.025926,-0.000509,-4.011053,-0.123148,4.012943,78|79|80|81|82|83,0.5632
6966.950363,-0.335864,-14.451393,-0.009397,12.109523,0.026274,-0.000251,-4.017785,-0.123495,4.019683,78|79|80|81|82|83,0.5628
6966.967030,-0.328120,-14.469257,-0.009122,12.115646,0.026194,-0.000141,-4.014198,-0.119210,4.015967,78|79|80|81|82|83,0.5634
6966.983697,-0.329912,-14.466810,-0.009088,12.122825,0.025560,0.000120,-4.022707,-0.119549,4.024483,78|79|80|81|82|83,0.5651
6967.000363,-0.339461,-14.480308,-0.008649,12.130420,0.025394,0.000201,-4.022968,-0.124575,4.024896,78|79|80|81|82|83,0.5647
6967.017030,-0.342321,-14.495773,-0.008670,12.137979,0.025240,0.000397,-4.022123,-0.125979,4.024095,78|79|80|81|82|83,0.5657
6967.033697,-0.345124,-14.511000,-0.008585,12.145124,0.025586,0.000878,-4.020992,-0.127851,4.023024,78|79|80|81|82|83,0.5653
6967.067030,-0.336000,-14.521212,-0.007778,12.165727,0.025547,0.001497,-4.036044,-0.122856,4.037913,78|79|80|81|82|83,0.5637
6967.083697,-0.341023,-14.523860,-0.007666,12.173040,0.025543,0.001618,-4.041919,-0.125582,4.043869,78|79|80|81|82|83,0.5647
6967.100363,-0.341024,-14.523860,-0.007667,12.180177,0.025508,0.001601,-4.049056,-0.125547,4.051002,78|79|80|81|82|83,0.5648
6967.117030,-0.341859,-14.551187,-0.006966,12.187334,0.025800,0.001731,-4.041361,-0.126299,4.043334,78|79|80|81|82|83,0.5655
6967.150363,-0.338075,-14.573155,-0.007004,12.200748,0.025349,0.001664,-4.042835,-0.123794,4.044730,78|79|80|81|82|83,0.5626
6967.167030,-0.345081,-14.567886,-0.007117,12.200748,0.025349,0.001664,-4.045700,-0.127601,4.047712,78|79|80|81|82|83,0.5617
6967.183697,-0.345827,-14.576095,-0.007430,12.208265,0.025064,0.001671,-4.048755,-0.127723,4.050770,78|79|80|81|82|83,0.5642
6967.217030,-0.354307,-14.603637,-0.007141,12.222809,0.025029,0.001754,-4.048332,-0.132302,4.050494,78|79|80|81|82|83,0.5627
6967.233697,-0.350484,-14.610469,-0.007200,12.229580,0.025389,0.001899,-4.051390,-0.130585,4.053494,78|79|80|81|82|83|84|85,0.5429
6967.250363,-0.350532,-14.610582,-0.007060,12.243850,0.025508,0.001869,-4.065599,-0.130731,4.067700,78|79|80|81|82|83|84|85,0.5611
6967.267030,-0.342723,-14.621363,-0.007287,12.251327,0.025390,0.001855,-4.067215,-0.126371,4.069178,78|79|80|81|82|83|84|85,0.5626
6967.283697,-0.342595,-14.622117,-0.007607,12.251327,0.025390,0.001855,-4.066805,-0.126301,4.068766,80|81|82|83|84|85,0.5617
6967.300363,-0.347272,-14.651829,-0.006028,12.258791,0.025261,0.001801,-4.058122,-0.128720,4.060163,80|81|82|83|84|85,0.5597
6967.317030,-0.347272,-14.651829,-0.006029,12.265594,0.025646,0.001738,-4.064925,-0.129105,4.066975,80|81|82|83|84|85,0.5572
6967.333697,-0.344417,-14.668540,-0.006548,12.278499,0.024881,0.001579,-4.068748,-0.126791,4.070723,80|81|82|83|84|85,0.5578
6967.367030,-0.354942,-14.673358,-0.007458,12.293413,0.024685,0.001682,-4.081045,-0.132317,4.083190,80|81|82|83|84|85,0.5620
6967.383697,-0.356621,-14.688877,-0.007627,12.293413,0.024685,0.001682,-4.072611,-0.133232,4.074790,80|81|82|83|84|85,0.5623
6967.400363,-0.356620,-14.688877,-0.007628,12.300502,0.025060,0.001774,-4.079701,-0.133606,4.081888,80|81|82|83|84|85,0.5612
6967.417030,-0.352879,-14.711544,-0.007963,12.307398,0.025497,0.001737,-4.074276,-0.132015,4.076414,80|81|82|83|84|85,0.5616
6967.433697,-0.352879,-14.711544,-0.007962,12.320730,0.025926,0.001656,-4.087608,-0.132444,4.089753,80|81|82|83|84|85,0.5613
6967.450363,-0.347222,-14.717878,-0.007196,12.327942,0.025665,0.001670,-4.091377,-0.129110,4.093413,80|81|82|83|84|85,0.5600
6967.467030,-0.342254,-14.727070,-0.007209,12.335392,0.025411,0.001592,-4.093830,-0.126157,4.095773,80|81|82|83|84|85,0.5617
6967.483697,-0.342255,-14.727070,-0.007209,12.342672,0.025429,0.001573,-4.101110,-0.126175,4.103051,80|81|82|83|84|85,0.5615
6967.500363,-0.346266,-14.740293,-0.007156,12.342672,0.025429,0.001573,-4.093925,-0.128358,4.095937,80|81|82|83|84|85,0.5620
6967.517030,-0.350334,-14.762978,-0.008034,12.349239,0.025274,0.001584,-4.088164,-0.130419,4.090243,80|81|82|83|84|85,0.5612
6967.533697,-0.352800,-14.760885,-0.007775,12.356188,0.024726,0.001344,-4.096250,-0.131210,4.098351,80|81|82|83|84|85,0.5631
6967.550363,-0.360011,-14.768033,-0.007826,12.371040,0.024625,0.001385,-4.107219,-0.135029,4.109438,80|81|82|83|84|85,0.5633
6967.567030,-0.360665,-14.785760,-0.007994,12.371040,0.024625,0.001385,-4.097585,-0.135388,4.099821,80|81|82|83|84|85,0.5643
6967.583697,-0.362149,-14.800424,-0.008456,12.384865,0.025268,0.001517,-4.103440,-0.136841,4.105721,80|81|82|83|84|85,0.5640
6967.600363,-0.358543,-14.810090,-0.008361,12.391096,0.024846,0.001368,-4.104417,-0.134461,4.106619,80|81|82|83|84|85,0.5623
6967.617030,-0.358545,-14.810090,-0.008360,12.391096,0.024846,0.001368,-4.104418,-0.134462,4.106620,80|81|82|83|84|85,0.5626
6967.633697,-0.359044,-14.814208,-0.008191,12.398554,0.024699,0.001336,-4.109637,-0.134586,4.111841,80|81|82|83|84|85,0.5637
6967.650363,-0.359046,-14.814206,-0.008187,12.413543,0.024418,0.001090,-4.124628,-0.134307,4.126814,80|81|82|83|84|85,0.5646
6967.667030,-0.363873,-14.844064,-0.008222,12.413543,0.024418,0.001090,-4.108402,-0.136936,4.110684,80|81|82|83|84|85,0.5639
6967.683697,-0.363873,-14.844067,-0.008223,12.426929,0.024348,0.000819,-4.121786,-0.136865,4.124058,80|81|82|83|84|85,0.5624
6967.700363,-0.366878,-14.863101,-0.008498,12.433647,0.023851,0.000715,-4.118160,-0.138005,4.120472,80|81|82|83|84|85,0.5618
6967.733697,-0.366874,-14.863101,-0.008499,12.448911,0.024580,0.000902,-4.133424,-0.138732,4.135752,80|81|82|83|84|85,0.5640
6967.750363,-0.371147,-14.887508,-0.007938,12.448911,0.024580,0.000902,-4.120161,-0.141059,4.122575,80|81|82|83|84|85|86,0.5582
6967.767030,-0.365604,-14.900643,-0.007929,12.455967,0.025536,0.000895,-4.120076,-0.139005,4.122420,80|81|82|83|84|85|86,0.5602
6967.783697,-0.352283,-14.908222,-0.007911,12.462883,0.026389,0.000756,-4.122871,-0.132620,4.125003,80|81|82|83|84|85|86,0.5558
6967.800363,-0.340958,-14.914149,-0.007354,12.476289,0.025636,0.000710,-4.133054,-0.125713,4.134965,81|82|83|84|85|86,0.5628
6967.817030,-0.340957,-14.914154,-0.007354,12.483772,0.025570,0.000640,-4.140534,-0.125647,4.142440,81|82|83|84|85|86,0.5635
6967.833697,-0.351730,-14.922683,-0.007277,12.491182,0.025502,0.000591,-4.143311,-0.131435,4.145395,81|82|83|84|85|86,0.5641
6967.850363,-0.352507,-14.938414,-0.007251,12.498254,0.025896,0.000579,-4.141834,-0.132254,4.143945,81|82|83|84|85|86,0.5651
6967.867030,-0.353556,-14.952100,-0.007276,12.498254,0.025896,0.000579,-4.134396,-0.132826,4.136529,81|82|83|84|85|86,0.5648
6967.883697,-0.348094,-14.958982,-0.007396,12.504951,0.025917,0.000551,-4.137351,-0.129881,4.139390,81|82|83|84|85|86,0.5643
6967.900363,-0.348095,-14.958983,-0.007397,12.519521,0.025489,0.000364,-4.151921,-0.129453,4.153939,81|82|83|84|85|86,0.5631
6967.917030,-0.348556,-14.959324,-0.007636,12.527075,0.025433,0.000413,-4.159289,-0.129648,4.161309,81|82|83|84|85|86,0.5661
6967.933697,-0.353931,-14.981979,-0.008056,12.534300,0.025686,0.000468,-4.154203,-0.132826,4.156326,81|82|83|84|85|86,0.5656
6967.950363,-0.353931,-14.981982,-0.008056,12.540966,0.026374,0.000552,-4.160867,-0.133514,4.163009,81|82|83|84|85|86,0.5650
6967.967030,-0.351178,-15.005868,-0.008267,12.540966,0.026374,0.000552,-4.147885,-0.132023,4.149986,81|82|83|84|85|86,0.5630
6967.983697,-0.351179,-15.005868,-0.008268,12.554382,0.026308,0.000456,-4.161301,-0.131957,4.163393,81|82|83|84|85|86,0.5629
6968.017030,-0.341797,-15.010009,-0.008053,12.561777,0.026406,-0.000117,-4.166444,-0.126958,4.168378,81|82|83|84|85|86,0.5645
6968.033697,-0.342924,-15.016533,-0.007666,12.576721,0.027026,-0.000125,-4.177843,-0.128191,4.179809,81|82|83|84|85|86,0.5634
6968.067030,-0.330943,-15.058510,-0.008301,12.583021,0.026703,-0.000014,-4.161326,-0.121364,4.163096,81|82|83|84|85|86,0.5623
6968.083697,-0.330942,-15.058510,-0.008301,12.597379,0.026113,0.000141,-4.175685,-0.120774,4.177431,81|82|83|84|85|86,0.5635
6968.100363,-0.342457,-15.063974,-0.008308,12.604875,0.026043,0.000333,-4.180213,-0.126964,4.182141,81|82|83|84|85|86,0.5634
6968.117030,-0.344359,-15.078261,-0.008390,12.612255,0.026137,0.000583,-4.179829,-0.128094,4.181791,81|82|83|84|85|86,0.5633
6968.133697,-0.344359,-15.078261,-0.008392,12.619234,0.026490,0.000710,-4.186808,-0.128447,4.188778,81|82|83|84|85|86,0.5635
6968.150363,-0.343850,-15.103148,-0.008213,12.619234,0.026490,0.000710,-4.173282,-0.128175,4.175250,81|82|83|84|85|86,0.5629
6968.167030,-0.343849,-15.103149,-0.008213,12.632976,0.026048,0.000937,-4.187024,-0.127733,4.188972,81|82|83|84|85|86,0.5635
6968.183697,-0.345114,-15.108240,-0.007732,12.632976,0.026048,0.000937,-4.184258,-0.128421,4.186228,81|82|83|84|85|86,0.5640
6968.200363,-0.345116,-15.108238,-0.007733,12.647749,0.025986,0.001063,-4.199031,-0.128359,4.200992,81|82|83|84|85|86,0.5643
6968.217030,-0.345648,-15.122898,-0.007389,12.655060,0.026262,0.001213,-4.198374,-0.128927,4.200354,81|82|83|84|85|86,0.5639
6968.233697,-0.346613,-15.150856,-0.006954,12.655060,0.026262,0.001213,-4.183180,-0.129457,4.185183,81|82|83|84|85|86,0.5638
6968.250363,-0.346613,-15.150856,-0.006954,12.661495,0.025839,0.001329,-4.189615,-0.129034,4.191602,81|82|83|84|85|86,0.5632
6968.267030,-0.348814,-15.158445,-0.007161,12.675743,0.025510,0.001190,-4.199739,-0.129903,4.201748,81|82|83|84|85|86|87|88,0.5501
6968.283697,-0.349321,-15.162802,-0.006949,12.675743,0.025510,0.001190,-4.197372,-0.130180,4.199390,81|82|83|84|85|86|87|88,0.5509
6968.300363,-0.353256,-15.175923,-0.007271,12.683229,0.025230,0.001175,-4.197728,-0.132040,4.199804,81|82|83|84|85|86|87|88,0.5628
6968.317030,-0.353000,-15.176228,-0.007277,12.697124,0.025767,0.001372,-4.211457,-0.132439,4.213539,83|84|85|86|87|88,0.5636
6968.333697,-0.354042,-15.196661,-0.007774,12.703966,0.026053,0.001305,-4.207194,-0.133295,4.209305,83|84|85|86|87|88,0.5636
6968.350363,-0.349835,-15.202405,-0.007491,12.703966,0.026053,0.001305,-4.204071,-0.131009,4.206112,83|84|85|86|87|88,0.5635
6968.367030,-0.346578,-15.207351,-0.007479,12.710975,0.025938,0.001222,-4.208392,-0.129125,4.210373,83|84|85|86|87|88,0.5640
6968.383697,-0.347843,-15.220279,-0.007601,12.725561,0.025915,0.001120,-4.215952,-0.129792,4.217949,83|84|85|86|87|88,0.5637
6968.400363,-0.347844,-15.220281,-0.007602,12.732797,0.026044,0.001159,-4.223188,-0.129922,4.225186,83|84|85|86|87|88,0.5633
6968.417030,-0.348693,-15.247246,-0.007736,12.732797,0.026044,0.001159,-4.208533,-0.130389,4.210552,83|84|85|86|87|88,0.5616
6968.433697,-0.347017,-15.255961,-0.007927,12.738868,0.025722,0.001032,-4.209867,-0.129157,4.211848,83|84|85|86|87|88,0.5592
6968.450363,-0.351658,-15.250022,-0.008171,12.745434,0.025172,0.000992,-4.219661,-0.131128,4.221698,83|84|85|86|87|88,0.5622
6968.467030,-0.359593,-15.255971,-0.008174,12.760198,0.025109,0.001075,-4.231194,-0.135378,4.233359,83|84|85|86|87|88,0.5636
6968.483697,-0.359593,-15.255970,-0.008173,12.767446,0.025315,0.001193,-4.238442,-0.135585,4.240611,83|84|85|86|87|88,0.5632
6968.500363,-0.360757,-15.286187,-0.007688,12.774358,0.025731,0.001159,-4.228932,-0.136638,4.231139,83|84|85|86|87|88,0.5631
6968.533697,-0.360756,-15.286187,-0.007687,12.787660,0.026189,0.001039,-4.242234,-0.137096,4.244449,83|84|85|86|87|88,0.5624
6968.550363,-0.346650,-15.310542,-0.007305,12.794851,0.025999,0.001260,-4.236186,-0.129245,4.238157,83|84|85|86|87|88,0.5624
6968.567030,-0.346473,-15.311993,-0.007278,12.794851,0.025999,0.001260,-4.235397,-0.129149,4.237366,83|84|85|86|87|88,0.5637
6968.583697,-0.346476,-15.311993,-0.007275,12.802126,0.025736,0.001077,-4.242672,-0.128887,4.244629,83|84|85|86|87|88,0.5629
6968.600363,-0.349841,-15.324818,-0.007155,12.816114,0.025572,0.001071,-4.249691,-0.130554,4.251696,83|84|85|86|87|88,0.5628
6968.617030,-0.354444,-15.348519,-0.007249,12.816114,0.025572,0.001071,-4.236811,-0.133060,4.238900,83|84|85|86|87|88,0.5637
6968.633697,-0.356402,-15.347199,-0.006459,12.830520,0.024880,0.000790,-4.251935,-0.133432,4.254028,83|84|85|86|87|88,0.5634
6968.650363,-0.365292,-15.350536,-0.006631,12.830520,0.024880,0.000790,-4.250123,-0.138265,4.252371,83|84|85|86|87|88,0.5642
6968.667030,-0.365896,-15.369239,-0.006320,12.837808,0.024807,0.000807,-4.247246,-0.138523,4.249504,83|84|85|86|87|88,0.5656
6968.700363,-0.365894,-15.369235,-0.006334,12.858171,0.025214,0.000691,-4.267611,-0.138929,4.269872,83|84|85|86|87|88,0.5642
6968.717030,-0.363335,-15.394676,-0.007108,12.865307,0.024925,0.000587,-4.260920,-0.137254,4.263130,83|84|85|86|87|88,0.5647
6968.733697,-0.362799,-15.398120,-0.006421,12.865307,0.024925,0.000587,-4.259048,-0.136964,4.261250,83|84|85|86|87|88,0.5653
6968.750363,-0.362796,-15.398122,-0.006417,12.880115,0.024708,0.000395,-4.273855,-0.136745,4.276042,83|84|85|86|87|88,0.5629
6968.767030,-0.368189,-15.427565,-0.006772,12.880115,0.024708,0.000395,-4.257855,-0.139681,4.260145,83|84|85|86|87|88,0.5626
6968.783697,-0.370008,-15.442824,-0.006354,12.887285,0.024682,0.000051,-4.256732,-0.140647,4.259055,83|84|85|86|87|88|89,0.5630
6968.800363,-0.370001,-15.442823,-0.006349,12.900470,0.024092,-0.000027,-4.269918,-0.140054,4.272214,83|84|85|86|87|88|89,0.5616
6968.833697,-0.371339,-15.449873,-0.006869,12.915537,0.024606,-0.000160,-4.281153,-0.141296,4.283484,83|84|85|86|87|88|89,0.5630
6968.850363,-0.376220,-15.466133,-0.007550,12.915537,0.024606,-0.000160,-4.272317,-0.143952,4.274741,84|85|86|87|88|89,0.5637
6968.867030,-0.370741,-15.485634,-0.007426,12.923027,0.025311,-0.000212,-4.269207,-0.141682,4.271558,84|85|86|87|88|89,0.5618
6968.883697,-0.360338,-15.491341,-0.007462,12.929945,0.026151,-0.000415,-4.273022,-0.136870,4.275214,84|85|86|87|88|89,0.5613
6968.900363,-0.349117,-15.497092,-0.007637,12.936224,0.026110,-0.000305,-4.276173,-0.130732,4.278171,84|85|86|87|88|89,0.5610
6968.933697,-0.357391,-15.509436,-0.007765,12.951177,0.025419,-0.000357,-4.284420,-0.134540,4.286532,84|85|86|87|88|89,0.5633
6968.950363,-0.360289,-15.526084,-0.007787,12.958751,0.025310,-0.000322,-4.282947,-0.136009,4.285106,84|85|86|87|88|89,0.5633
6968.967030,-0.360289,-15.526081,-0.007787,12.972290,0.025945,-0.000185,-4.296486,-0.136645,4.298659,84|85|86|87|88|89,0.5633
6968.983697,-0.361315,-15.540899,-0.008057,12.979027,0.025487,-0.000310,-4.295170,-0.136746,4.297346,84|85|86|87|88|89,0.5631
6969.000363,-0.352612,-15.545311,-0.007933,12.979027,0.025487,-0.000310,-4.292770,-0.132017,4.294800,84|85|86|87|88|89,0.5625
6969.017030,-0.352676,-15.545895,-0.007837,12.994270,0.025471,-0.000254,-4.307697,-0.132036,4.309720,84|85|86|87|88|89,0.5625
6969.050363,-0.358849,-15.581271,-0.008111,13.001592,0.025612,-0.000129,-4.295794,-0.135539,4.297932,84|85|86|87|88|89,0.5621
6969.083697,-0.346706,-15.596978,-0.008190,13.014915,0.026867,-0.000057,-4.300578,-0.130197,4.302549,84|85|86|87|88|89,0.5630
6969.100363,-0.339220,-15.599772,-0.008235,13.028537,0.026296,-0.000388,-4.312681,-0.125559,4.314508,84|85|86|87|88|89,0.5619
6969.117030,-0.339220,-15.599773,-0.008234,13.036241,0.026502,-0.000995,-4.320384,-0.125765,4.322214,84|85|86|87|88|89,0.5636
6969.133697,-0.349255,-15.599273,-0.008131,13.043915,0.027092,-0.000937,-4.328331,-0.131808,4.330338,84|85|86|87|88|89,0.5641
6969.150363,-0.346108,-15.612392,-0.008625,13.050136,0.026626,-0.000876,-4.327422,-0.129634,4.329364,84|85|86|87|88|89,0.5637
6969.167030,-0.341324,-15.631976,-0.009207,13.056652,0.026149,-0.000704,-4.323293,-0.126561,4.325145,84|85|86|87|88|89,0.5653
6969.183697,-0.339284,-15.643593,-0.008844,13.056652,0.026149,-0.000704,-4.316979,-0.125454,4.318802,84|85|86|87|88|89,0.5658
6969.200363,-0.339284,-15.643594,-0.008845,13.071623,0.026016,-0.000683,-4.331950,-0.125322,4.333762,84|85|86|87|88|89,0.5647
6969.217030,-0.347586,-15.661658,-0.008305,13.079017,0.025990,-0.000574,-4.329529,-0.129811,4.331474,84|85|86|87|88|89,0.5656
6969.233697,-0.347586,-15.661656,-0.008304,13.086109,0.026374,-0.000328,-4.336621,-0.130195,4.338575,84|85|86|87|88|89,0.5657
6969.250363,-0.348453,-15.688184,-0.007741,13.086109,0.026374,-0.000328,-4.322204,-0.130671,4.324179,84|85|86|87|88|89,0.5636
6969.267030,-0.342914,-15.695742,-0.007707,13.092653,0.026096,-0.000184,-4.324639,-0.127384,4.326515,84|85|86|87|88|89,0.5634
6969.283697,-0.347773,-15.693507,-0.007808,13.107027,0.026068,0.000367,-4.340228,-0.129996,4.342175,84|85|86|87|88|89,0.5628
6969.317030,-0.347772,-15.693504,-0.007809,13.121666,0.026125,0.000622,-4.354869,-0.130053,4.356811,84|85|86|87|88|89,0.5622
6969.333697,-0.349566,-15.720403,-0.006912,13.128296,0.025930,0.000664,-4.346881,-0.130838,4.348849,84|85|86|87|88|89|90|91,0.5520
6969.350363,-0.348529,-15.745474,-0.006415,13.134796,0.025869,0.000621,-4.339755,-0.130218,4.341708,86|87|88|89|90|91,0.5605
6969.367030,-0.351721,-15.744804,-0.006860,13.134796,0.025869,0.000621,-4.340120,-0.131952,4.342125,86|87|88|89|90|91,0.5618
6969.383697,-0.351720,-15.744805,-0.006858,13.149772,0.025374,0.000926,-4.355096,-0.131457,4.357079,86|87|88|89|90|91,0.5639
6969.400363,-0.352614,-15.745752,-0.006633,13.149772,0.025374,0.000926,-4.354581,-0.131944,4.356580,86|87|88|89|90|91,0.5639
6969.417030,-0.356722,-15.759277,-0.006455,13.163830,0.025794,0.001165,-4.361288,-0.134598,4.363365,86|87|88|89|90|91,0.5622
6969.433697,-0.360526,-15.773131,-0.006378,13.170679,0.026098,0.001172,-4.360609,-0.136973,4.362760,86|87|88|89|90|91,0.5624
6969.483697,-0.359177,-15.781247,-0.006490,13.192644,0.025991,0.001140,-4.378163,-0.136134,4.380279,86|87|88|89|90|91,0.5642
6969.500363,-0.352216,-15.817751,-0.006094,13.192644,0.025991,0.001140,-4.358323,-0.132358,4.360332,86|87|88|89|90|91,0.5632
6969.517030,-0.352217,-15.817748,-0.006093,13.199987,0.026101,0.001205,-4.365668,-0.132468,4.367677,86|87|88|89|90|91,0.5618
6969.550363,-0.352917,-15.831158,-0.006030,13.219974,0.025330,0.001468,-4.378367,-0.132080,4.380359,86|87|88|89|90|91,0.5610
6969.567030,-0.355152,-15.838780,-0.005550,13.227110,0.025335,0.001503,-4.381360,-0.133302,4.383388,86|87|88|89|90|91,0.5629
6969.583697,-0.363376,-15.840445,-0.004830,13.234314,0.025447,0.001601,-4.387661,-0.137884,4.389827,86|87|88|89|90|91,0.5630
6969.600363,-0.363979,-15.856728,-0.005339,13.234314,0.025447,0.001601,-4.378812,-0.138214,4.380993,86|87|88|89|90|91,0.5627
6969.617030,-0.364383,-15.870068,-0.005497,13.247968,0.026215,0.001430,-4.385217,-0.139204,4.387426,86|87|88|89|90|91,0.5619
6969.633697,-0.362843,-15.881345,-0.005691,13.254577,0.026317,0.001427,-4.385696,-0.138471,4.387882,86|87|88|89|90|91,0.5621
6969.667030,-0.357690,-15.887963,-0.005496,13.268839,0.026081,0.001755,-4.396360,-0.135436,4.398446,86|87|88|89|90|91,0.5624
6969.683697,-0.352755,-15.908808,-0.005051,13.268839,0.026081,0.001755,-4.385030,-0.132757,4.387039,86|87|88|89|90|91,0.5628
6969.700363,-0.352756,-15.908804,-0.005054,13.283016,0.025980,0.001702,-4.399210,-0.132657,4.401209,86|87|88|89|90|91,0.5622
6969.717030,-0.356466,-15.922040,-0.005220,13.289421,0.025260,0.001747,-4.398421,-0.133957,4.400461,86|87|88|89|90|91,0.5619
6969.733697,-0.358721,-15.934894,-0.005141,13.289421,0.025260,0.001747,-4.391436,-0.135184,4.393516,86|87|88|89|90|91,0.5627
6969.750364,-0.358722,-15.934896,-0.005142,13.304706,0.024992,0.001321,-4.406721,-0.134917,4.408785,86|87|88|89|90|91,0.5641
6969.767030,-0.369272,-15.933813,-0.005286,13.304706,0.024992,0.001321,-4.407311,-0.140650,4.409555,86|87|88|89|90|91,0.5638
6969.783697,-0.369331,-15.952489,-0.006029,13.312011,0.025178,0.001492,-4.404467,-0.140872,4.406719,86|87|88|89|90|91,0.5644
6969.800364,-0.368690,-15.980617,-0.005931,13.325544,0.025546,0.001049,-4.402712,-0.140897,4.404966,86|87|88|89|90|91,0.5636
6969.817030,-0.368688,-15.980618,-0.005929,13.325544,0.025546,0.001049,-4.402711,-0.140896,4.404965,86|87|88|89|90|91,0.5635
6969.833697,-0.365394,-15.987552,-0.006535,13.332470,0.025125,0.000358,-4.405868,-0.138685,4.408050,86|87|88|89|90|91|92,0.5570
6969.850364,-0.369634,-15.997110,-0.006988,13.339843,0.025094,0.000238,-4.408048,-0.140961,4.410301,86|87|88|89|90|91|92,0.5654
6969.867030,-0.370121,-16.011039,-0.006903,13.347223,0.025060,0.000059,-4.407858,-0.141194,4.410118,87|88|89|90|91|92,0.5657
6969.883697,-0.370121,-16.011032,-0.006904,13.354660,0.024924,-0.000029,-4.415298,-0.141059,4.417551,87|88|89|90|91|92,0.5636
6969.900364,-0.372733,-16.036248,-0.007279,13.361431,0.024666,-0.000134,-4.408365,-0.142225,4.410659,87|88|89|90|91|92,0.5632
6969.917030,-0.372733,-16.036252,-0.007278,13.375217,0.024168,-0.000442,-4.422150,-0.141727,4.424420,87|88|89|90|91|92,0.5632
6969.933697,-0.381903,-16.039119,-0.007304,13.382938,0.024506,-0.000448,-4.428314,-0.147048,4.430755,87|88|89|90|91|92,0.5637
6969.950364,-0.381903,-16.039119,-0.007302,13.390178,0.025381,-0.000484,-4.435554,-0.147924,4.438020,87|88|89|90|91|92,0.5618
6969.967030,-0.377491,-16.071664,-0.008305,13.397176,0.026279,-0.000614,-4.424864,-0.146430,4.427286,87|88|89|90|91|92,0.5603
6969.983697,-0.365127,-16.078754,-0.008324,13.403461,0.026403,-0.000706,-4.427293,-0.139837,4.429501,87|88|89|90|91|92,0.5599
6970.000364,-0.365126,-16.078756,-0.008325,13.403461,0.026403,-0.000706,-4.427292,-0.139836,4.429500,87|88|89|90|91|92,0.5595
6970.017030,-0.351096,-16.082244,-0.008788,13.410433,0.025626,-0.000822,-4.432365,-0.131433,4.434313,87|88|89|90|91|92,0.5611
6970.050364,-0.361645,-16.107319,-0.008368,13.425398,0.025633,-0.000966,-4.433705,-0.137179,4.435826,87|88|89|90|91|92,0.5626
6970.067030,-0.361646,-16.107318,-0.008368,13.439588,0.026045,-0.000937,-4.447896,-0.137591,4.450023,87|88|89|90|91|92,0.5628
6970.083697,-0.358099,-16.131172,-0.007865,13.446031,0.025448,-0.001160,-4.441374,-0.135071,4.443427,87|88|89|90|91|92,0.5625
6970.100364,-0.358098,-16.131177,-0.007860,13.453720,0.025379,-0.001312,-4.449059,-0.135002,4.451107,87|88|89|90|91|92,0.5617
6970.117030,-0.363582,-16.136136,-0.008265,13.453720,0.025379,-0.001312,-4.446365,-0.137984,4.448506,87|88|89|90|91|92,0.5625
6970.133697,-0.364068,-16.152602,-0.008648,13.468725,0.025458,-0.001088,-4.452422,-0.138329,4.454570,87|88|89|90|91|92,0.5621
6970.150364,-0.364069,-16.152601,-0.008649,13.468725,0.025458,-0.001088,-4.452422,-0.138330,4.454571,87|88|89|90|91|92,0.5617
6970.167030,-0.362063,-16.178985,-0.008333,13.475406,0.026162,-0.000932,-4.444765,-0.137949,4.446905,87|88|89|90|91|92,0.5623
6970.183697,-0.352342,-16.184033,-0.008050,13.488428,0.026263,-0.000867,-4.455041,-0.132767,4.457019,87|88|89|90|91|92,0.5629
6970.200364,-0.343358,-16.188113,-0.008041,13.488428,0.026263,-0.000867,-4.452821,-0.127885,4.454657,87|88|89|90|91|92,0.5618
6970.217030,-0.351631,-16.186242,-0.007825,13.503313,0.026341,-0.001841,-4.468725,-0.132460,4.470687,87|88|89|90|91|92,0.5627
6970.267030,-0.351636,-16.186235,-0.007834,13.524044,0.026372,-0.001384,-4.489459,-0.132494,4.491414,87|88|89|90|91|92,0.5619
6970.283697,-0.338296,-16.233040,-0.009074,13.531545,0.025867,-0.001237,-4.471521,-0.124747,4.473261,87|88|89|90|91|92,0.5625
6970.300364,-0.340012,-16.231957,-0.008442,13.539337,0.025601,-0.001174,-4.479902,-0.125414,4.481657,87|88|89|90|91|92,0.5630
6970.317030,-0.355113,-16.249518,-0.007999,13.539337,0.025601,-0.001174,-4.470360,-0.133624,4.472357,87|88|89|90|91|92,0.5640
6970.333697,-0.355113,-16.249515,-0.007997,13.553573,0.026397,-0.000506,-4.484598,-0.134420,4.486612,87|88|89|90|91|92,0.5637
6970.350364,-0.353064,-16.276703,-0.007828,13.560035,0.026166,-0.000560,-4.476284,-0.133081,4.478262,87|88|89|90|91|92|93|94,0.5621
6970.367030,-0.353005,-16.276750,-0.007748,13.566963,0.025934,-0.000349,-4.483186,-0.132816,4.485153,87|89|90|91|92|93|94,0.5602
6970.383697,-0.349778,-16.282270,-0.007072,13.566963,0.025934,-0.000349,-4.480185,-0.131063,4.482102,87|89|90|91|92|93|94,0.5605
6970.400364,-0.353718,-16.292753,-0.007405,13.574293,0.025982,-0.000209,-4.481819,-0.133255,4.483799,89|90|91|92|93|94,0.5651
6970.417030,-0.353558,-16.306747,-0.007301,13.588979,0.026024,0.000051,-4.488900,-0.133212,4.490876,89|90|91|92|93|94,0.5642
6970.433697,-0.353524,-16.320611,-0.007286,13.588979,0.026024,0.000051,-4.481365,-0.133197,4.483344,89|90|91|92|93|94,0.5628
6970.450364,-0.353019,-16.333453,-0.006816,13.602770,0.025442,0.000741,-4.488175,-0.132343,4.490126,89|90|91|92|93|94,0.5611
6970.467030,-0.353018,-16.333456,-0.006815,13.609884,0.025539,0.000971,-4.495289,-0.132439,4.497239,89|90|91|92|93|94,0.5608
6970.483697,-0.359935,-16.336482,-0.006217,13.609884,0.025539,0.000971,-4.493645,-0.136199,4.495709,89|90|91|92|93|94,0.5615
6970.500364,-0.359936,-16.336482,-0.006220,13.617426,0.025302,0.001055,-4.501187,-0.135963,4.503240,89|90|91|92|93|94,0.5620
6970.517030,-0.363341,-16.359667,-0.005888,13.624784,0.025329,0.001102,-4.495946,-0.137844,4.498058,89|90|91|92|93|94,0.5614
6970.533697,-0.362982,-16.369329,-0.005774,13.631592,0.025656,0.001314,-4.497502,-0.137978,4.499618,89|90|91|92|93|94,0.5626
6970.550364,-0.362984,-16.369328,-0.005778,13.645336,0.025902,0.001349,-4.511247,-0.138226,4.513364,89|90|91|92|93|94,0.5638
6970.567030,-0.355259,-16.382490,-0.005387,13.652784,0.025893,0.001348,-4.511540,-0.134021,4.513530,89|90|91|92|93|94,0.5632
6970.583697,-0.356436,-16.389984,-0.005730,13.660230,0.025887,0.001337,-4.514914,-0.134655,4.516922,89|90|91|92|93|94,0.5635
6970.600364,-0.356742,-16.403769,-0.005830,13.660230,0.025887,0.001337,-4.507422,-0.134824,4.509438,89|90|91|92|93|94,0.5630
6970.617030,-0.356743,-16.403767,-0.005831,13.667625,0.025941,0.001374,-4.514818,-0.134879,4.516832,89|90|91|92|93|94,0.5619
6970.633697,-0.356293,-16.430424,-0.005642,13.674234,0.025853,0.001578,-4.506939,-0.134551,4.508947,89|90|91|92|93|94,0.5599
6970.650364,-0.358406,-16.428409,-0.005363,13.680418,0.025369,0.001622,-4.514219,-0.135216,4.516243,89|90|91|92|93|94,0.5609
6970.667030,-0.358405,-16.428409,-0.005363,13.694788,0.025103,0.001513,-4.528589,-0.134949,4.530599,89|90|91|92|93|94,0.5614
6970.683697,-0.365952,-16.427327,-0.004850,13.702093,0.025227,0.001640,-4.536483,-0.139174,4.538617,89|90|91|92|93|94,0.5634
6970.717030,-0.367634,-16.468583,-0.005548,13.709032,0.025622,0.001554,-4.521001,-0.140491,4.523183,89|90|91|92|93|94,0.5631
6970.733697,-0.362710,-16.475909,-0.005277,13.715841,0.026032,0.001427,-4.523827,-0.138226,4.525938,89|90|91|92|93|94,0.5623
6970.750364,-0.357417,-16.483356,-0.005199,13.722419,0.026011,0.001402,-4.526358,-0.135330,4.528380,89|90|91|92|93|94,0.5612
6970.767030,-0.357518,-16.485255,-0.005571,13.729301,0.026159,0.001727,-4.532207,-0.135533,4.534233,89|90|91|92|93|94,0.5606
6970.783697,-0.356861,-16.494158,-0.005558,13.736496,0.025978,0.001830,-4.534563,-0.134998,4.536572,89|90|91|92|93|94,0.5628
6970.800364,-0.356859,-16.494160,-0.005556,13.750782,0.025907,0.001761,-4.548848,-0.134925,4.550849,89|90|91|92|93|94,0.5630
6970.817030,-0.362702,-16.521577,-0.005998,13.757162,0.025341,0.001818,-4.540329,-0.137540,4.542411,89|90|91|92|93|94,0.5624
6970.833697,-0.362080,-16.524038,-0.005863,13.757162,0.025341,0.001818,-4.538991,-0.137203,4.541064,89|90|91|92|93|94,0.5633
6970.850364,-0.362077,-16.524043,-0.005861,13.772049,0.025099,0.001753,-4.553875,-0.136958,4.555934,89|90|91|92|93|94,0.5636
6970.867030,-0.373936,-16.534227,-0.005931,13.772049,0.025099,0.001753,-4.548343,-0.143405,4.550603,89|90|91|92|93|94,0.5632
6970.883697,-0.373378,-16.553309,-0.006446,13.786407,0.025515,0.001670,-4.552330,-0.143521,4.554592,89|90|91|92|93|94|95,0.5645
6970.900364,-0.372811,-16.567875,-0.006441,13.793201,0.025644,0.001254,-4.551208,-0.143346,4.553465,90|91|92|93|94|95,0.5644
6970.917030,-0.367944,-16.573904,-0.006268,13.793201,0.025644,0.001254,-4.547930,-0.140702,4.550106,90|91|92|93|94|95,0.5646
6970.933697,-0.367944,-16.573905,-0.006269,13.799823,0.025183,0.000788,-4.554552,-0.140240,4.556710,90|91|92|93|94|95,0.5646
6970.950364,-0.373116,-16.581839,-0.006898,13.814584,0.025143,0.000515,-4.565002,-0.143014,4.567242,90|91|92|93|94|95,0.5643
6970.967030,-0.373440,-16.595484,-0.006776,13.814584,0.025143,0.000515,-4.557586,-0.143192,4.559835,90|91|92|93|94|95,0.5639
6970.983697,-0.373402,-16.609751,-0.006911,13.828857,0.024837,0.000231,-4.564105,-0.142867,4.566341,90|91|92|93|94|95,0.5634
6971.000364,-0.373403,-16.609752,-0.006910,13.828857,0.024837,0.000231,-4.564105,-0.142868,4.566340,90|91|92|93|94|95,0.5632
6971.017030,-0.374275,-16.623598,-0.006710,13.842449,0.024236,0.000134,-4.570172,-0.142744,4.572400,90|91|92|93|94|95,0.5643
6971.033697,-0.382485,-16.626764,-0.006624,13.842449,0.024236,0.000134,-4.568452,-0.147207,4.570824,90|91|92|93|94|95,0.5647
6971.067030,-0.381906,-16.656832,-0.006702,13.864130,0.026162,0.000156,-4.573792,-0.148824,4.576212,90|91|92|93|94|95,0.5630
6971.083697,-0.371107,-16.664022,-0.006574,13.864130,0.026162,0.000156,-4.569882,-0.142956,4.572118,90|91|92|93|94|95,0.5629
6971.117030,-0.355068,-16.671764,-0.006943,13.877329,0.025855,-0.000070,-4.578871,-0.133933,4.580829,90|91|92|93|94|95,0.5627
6971.133697,-0.365636,-16.674107,-0.006980,13.885030,0.025889,-0.000096,-4.585301,-0.139711,4.587429,90|91|92|93|94|95,0.5635
6971.150364,-0.365637,-16.674106,-0.006981,13.899776,0.026093,-0.000171,-4.600047,-0.139916,4.602175,90|91|92|93|94|95,0.5638
6971.183697,-0.362492,-16.717813,-0.007364,13.913164,0.025872,-0.000091,-4.589680,-0.137994,4.591754,90|91|92|93|94|95,0.5649
6971.200364,-0.362491,-16.717814,-0.007366,13.920580,0.025672,-0.000290,-4.597096,-0.137794,4.599161,90|91|92|93|94|95,0.5655
6971.217030,-0.365763,-16.721513,-0.007159,13.920580,0.025672,-0.000290,-4.595086,-0.139572,4.597205,90|91|92|93|94|95,0.5659
6971.233697,-0.365762,-16.721511,-0.007159,13.928222,0.025656,-0.000253,-4.602730,-0.139555,4.604845,90|91|92|93|94|95,0.5660
6971.250364,-0.367800,-16.736199,-0.007327,13.935686,0.025691,-0.000028,-4.602211,-0.140701,4.604362,90|91|92|93|94|95,0.5652
6971.267030,-0.366688,-16.764654,-0.007111,13.942627,0.026406,0.000016,-4.593687,-0.140817,4.595845,90|91|92|93|94|95,0.5629
6971.283697,-0.366687,-16.764654,-0.007113,13.955953,0.027107,0.000136,-4.607014,-0.141518,4.609187,90|91|92|93|94|95,0.5645
6971.300364,-0.347146,-16.774561,-0.007044,13.955953,0.027107,0.000136,-4.601626,-0.130899,4.603487,90|91|92|93|94|95,0.5636
6971.317030,-0.347148,-16.774564,-0.007047,13.970880,0.026792,-0.000003,-4.616551,-0.130586,4.618398,90|91|92|93|94|95,0.5632
6971.350364,-0.347643,-16.777572,-0.007028,13.984968,0.027354,0.000266,-4.629004,-0.131417,4.630869,90|91|92|93|94|95,0.5626
6971.400364,-0.351707,-16.806704,-0.007313,14.006227,0.026315,0.000579,-4.634432,-0.132593,4.636328,90|91|92|93|94|95,0.5631
6971.417030,-0.346422,-16.817854,-0.006575,14.013790,0.026413,0.000968,-4.635934,-0.129820,4.637751,90|91|92|93|94|95|96|97,0.5554
6971.433697,-0.360180,-16.850099,-0.006560,14.013790,0.026413,0.000968,-4.618412,-0.137304,4.620452,92|93|94|95|96|97,0.5645
6971.467030,-0.350213,-16.870314,-0.006645,14.034010,0.026526,0.001394,-4.627643,-0.132003,4.629525,92|93|94|95|96|97,0.5647
6971.500364,-0.358653,-16.876524,-0.006451,14.049051,0.026631,0.001655,-4.639311,-0.136697,4.641325,92|93|94|95|96|97,0.5656
6971.517030,-0.358357,-16.891705,-0.006228,14.056442,0.026698,0.001838,-4.638452,-0.136606,4.640463,92|93|94|95|96|97,0.5650
6971.533697,-0.358356,-16.891703,-0.006227,14.056442,0.026698,0.001838,-4.638453,-0.136605,4.640464,92|93|94|95|96|97,0.5641
6971.550364,-0.356734,-16.920053,-0.006435,14.069425,0.026582,0.002113,-4.636028,-0.135613,4.638011,92|93|94|95|96|97,0.5625
6971.567030,-0.356083,-16.921316,-0.006355,14.069425,0.026582,0.002113,-4.635342,-0.135260,4.637315,92|93|94|95|96|97,0.5638
6971.583697,-0.356083,-16.921321,-0.006352,14.076639,0.026214,0.001997,-4.642552,-0.134892,4.644511,92|93|94|95|96|97,0.5640
6971.600364,-0.358354,-16.916719,-0.005856,14.091613,0.025992,0.002080,-4.660028,-0.135903,4.662010,92|93|94|95|96|97,0.5642
6971.617030,-0.366518,-16.943848,-0.005989,14.091613,0.025992,0.002080,-4.645286,-0.140345,4.647406,92|93|94|95|96|97,0.5642
6971.633697,-0.366799,-16.954909,-0.005632,14.098716,0.026294,0.002074,-4.646377,-0.140801,4.648510,92|93|94|95|96|97,0.5634
6971.683697,-0.366797,-16.954910,-0.005638,14.127741,0.026566,0.002036,-4.675401,-0.141073,4.677529,92|93|94|95|96|97,0.5629
6971.700364,-0.361987,-16.973945,-0.006131,14.135397,0.026646,0.002017,-4.672711,-0.138542,4.674765,92|93|94|95|96|97,0.5630
6971.717030,-0.360145,-17.003159,-0.006662,14.142029,0.026482,0.001997,-4.663465,-0.137382,4.665488,92|93|94|95|96|97,0.5628
6971.733697,-0.359215,-17.017562,-0.006521,14.148395,0.026089,0.002003,-4.662005,-0.136487,4.664002,92|93|94|95|96|97,0.5604
6971.750364,-0.361655,-17.018296,-0.006513,14.148395,0.026089,0.002003,-4.661606,-0.137813,4.663643,92|93|94|95|96|97,0.5609
6971.767030,-0.367702,-17.017572,-0.005625,14.162742,0.025616,0.001785,-4.676347,-0.140627,4.678461,92|93|94|95|96|97,0.5630
6971.783697,-0.374011,-17.025973,-0.005839,14.162742,0.025616,0.001785,-4.671783,-0.144057,4.674004,92|93|94|95|96|97,0.5636
6971.800364,-0.374226,-17.043166,-0.005798,14.170177,0.025808,0.001957,-4.669874,-0.144368,4.672105,92|93|94|95|96|97,0.5623
6971.817030,-0.371676,-17.055845,-0.006020,14.177229,0.026265,0.001916,-4.670034,-0.143443,4.672236,92|93|94|95|96|97,0.5619
6971.833697,-0.365375,-17.064380,-0.006646,14.190681,0.026696,0.001508,-4.678847,-0.140450,4.680954,92|93|94|95|96|97,0.5630
6971.850364,-0.359269,-17.072511,-0.006914,14.190681,0.026696,0.001508,-4.674426,-0.137134,4.676438,92|93|94|95|96|97,0.5637
6971.867030,-0.359270,-17.072512,-0.006915,14.197471,0.026817,0.001607,-4.681216,-0.137256,4.683228,92|93|94|95|96|97,0.5627
6971.883697,-0.361060,-17.080308,-0.007119,14.204784,0.026685,0.001640,-4.684292,-0.138097,4.686327,92|93|94|95|96|97,0.5631
6971.917030,-0.361060,-17.080313,-0.007125,14.219137,0.026554,0.001329,-4.698643,-0.137967,4.700668,92|93|94|95|96|97,0.5605
6971.933697,-0.365947,-17.108212,-0.006533,14.225509,0.026141,0.001374,-4.689854,-0.140215,4.691949,92|93|94|95|96|97|98,0.5544
6971.950364,-0.371871,-17.109064,-0.005234,14.240308,0.025609,0.001095,-4.704191,-0.142902,4.706361,92|93|94|95|96|97|98,0.5581
6971.967030,-0.372081,-17.109991,-0.005469,14.247717,0.025739,0.001236,-4.711095,-0.143147,4.713269,93|94|95|96|97|98,0.5639
6972.000364,-0.377950,-17.154247,-0.006093,14.254883,0.026236,0.001267,-4.694210,-0.146842,4.696506,93|94|95|96|97|98,0.5625
6972.017030,-0.370949,-17.162999,-0.006252,14.261686,0.026316,0.000921,-4.696255,-0.143118,4.698436,93|94|95|96|97|98,0.5624
6972.033697,-0.371628,-17.164583,-0.006887,14.268181,0.025769,0.000958,-4.701889,-0.142941,4.704061,93|94|95|96|97|98,0.5633
6972.050364,-0.379655,-17.166475,-0.007092,14.283191,0.025595,0.000691,-4.715873,-0.147129,4.718168,93|94|95|96|97|98,0.5640
6972.067030,-0.379655,-17.166474,-0.007094,14.283191,0.025595,0.000691,-4.715874,-0.147130,4.718168,93|94|95|96|97|98,0.5644
6972.083697,-0.381754,-17.201054,-0.007098,14.297542,0.025612,0.000586,-4.711432,-0.148294,4.713765,93|94|95|96|97|98,0.5631
6972.100364,-0.381753,-17.201055,-0.007097,14.297542,0.025612,0.000586,-4.711431,-0.148294,4.713764,93|94|95|96|97|98,0.5623
6972.117030,-0.381660,-17.215790,-0.007371,14.311243,0.024906,0.000725,-4.717124,-0.147540,4.719430,93|94|95|96|97|98,0.5637
6972.133697,-0.383791,-17.215473,-0.007070,14.318721,0.025154,0.000406,-4.724775,-0.148946,4.727122,93|94|95|96|97|98,0.5641
6972.150364,-0.392507,-17.222145,-0.007145,14.318721,0.025154,0.000406,-4.721150,-0.153684,4.723651,93|94|95|96|97|98,0.5649
6972.167030,-0.387598,-17.238899,-0.007187,14.326208,0.025914,0.000476,-4.719530,-0.151779,4.721970,93|94|95|96|97|98,0.5639
6972.183697,-0.387598,-17.238900,-0.007186,14.333294,0.026863,0.000408,-4.726616,-0.152728,4.729082,93|94|95|96|97|98,0.5628
6972.217030,-0.358393,-17.261677,-0.008071,14.346258,0.026532,0.000431,-4.727195,-0.136529,4.729167,93|94|95|96|97|98,0.5639
6972.233697,-0.369997,-17.261332,-0.007872,14.361572,0.026305,-0.000111,-4.742699,-0.142608,4.744843,93|94|95|96|97|98,0.5637
6972.250364,-0.372830,-17.276861,-0.008099,14.368932,0.026691,-0.000083,-4.741621,-0.144538,4.743823,93|94|95|96|97|98,0.5639
6972.267030,-0.371973,-17.296059,-0.008124,14.368932,0.026691,-0.000083,-4.731187,-0.144076,4.733380,93|94|95|96|97|98,0.5641
6972.283697,-0.371975,-17.296061,-0.008125,14.382366,0.026718,-0.000130,-4.744619,-0.144103,4.746807,93|94|95|96|97|98,0.5625
6972.300364,-0.361994,-17.313241,-0.007971,14.382366,0.026718,-0.000130,-4.735280,-0.138682,4.737311,93|94|95|96|97|98,0.5627
6972.333697,-0.361992,-17.313242,-0.007967,14.404745,0.026326,-0.000292,-4.757658,-0.138289,4.759668,93|94|95|96|97|98,0.5618
6972.350364,-0.371915,-17.338874,-0.008047,14.404745,0.026326,-0.000292,-4.743730,-0.143686,4.745906,93|94|95|96|97|98,0.5620
6972.367030,-0.371391,-17.354540,-0.007990,14.418588,0.027751,0.000051,-4.749059,-0.144830,4.751267,93|94|95|96|97|98,0.5631
6972.383697,-0.361063,-17.360079,-0.007691,14.425039,0.027677,0.000280,-4.752498,-0.139144,4.754535,93|94|95|96|97|98,0.5636
6972.417030,-0.360377,-17.360859,-0.009024,14.439554,0.027191,-0.000249,-4.766589,-0.138285,4.768594,93|94|95|96|97|98|99,0.5534
6972.433697,-0.358966,-17.373364,-0.007940,14.447416,0.027849,-0.000319,-4.767654,-0.138179,4.769656,93|94|95|96|97|98|99,0.5608
6972.450364,-0.358859,-17.372992,-0.006240,14.447416,0.027849,-0.000319,-4.767856,-0.138121,4.769856,93|95|96|97|98|99|100,0.5559
6972.467030,-0.348694,-17.406556,-0.008213,14.454235,0.027985,-0.000136,-4.756432,-0.132738,4.758284,95|96|97|98|99|100,0.5640
6972.500364,-0.349353,-17.407357,-0.007774,14.467401,0.027011,0.000287,-4.769163,-0.132123,4.770993,95|96|97|98|99|100,0.5659
6972.517030,-0.362116,-17.416497,-0.007235,14.482761,0.026989,0.000439,-4.779558,-0.139039,4.781580,95|96|97|98|99|100,0.5658
6972.533697,-0.362263,-17.434561,-0.007222,14.482761,0.026989,0.000439,-4.769741,-0.139122,4.771769,95|96|97|98|99|100,0.5641
6972.550364,-0.362663,-17.450786,-0.007104,14.489830,0.027474,0.000748,-4.767991,-0.139828,4.770041,95|96|97|98|99|100,0.5627
6972.583697,-0.362664,-17.450787,-0.007104,14.502914,0.026879,0.000981,-4.781075,-0.139234,4.783102,95|96|97|98|99|100,0.5636
6972.600364,-0.364702,-17.461885,-0.007069,14.510492,0.027042,0.001205,-4.782622,-0.140505,4.784685,95|96|97|98|99|100,0.5642
6972.617030,-0.363269,-17.479039,-0.006599,14.517980,0.027147,0.001284,-4.780787,-0.139835,4.782832,95|96|97|98|99|100,0.5636
6972.633697,-0.362288,-17.493991,-0.005914,14.525511,0.027245,0.001356,-4.780191,-0.139404,4.782223,95|96|97|98|99|100,0.5624
6972.650364,-0.362289,-17.493992,-0.005915,14.539079,0.026654,0.001518,-4.793760,-0.138813,4.795769,95|96|97|98|99|100,0.5614
6972.667030,-0.361297,-17.508950,-0.006033,14.545952,0.026437,0.001493,-4.792502,-0.138059,4.794490,95|96|97|98|99|100,0.5619
6972.700364,-0.372042,-17.521750,-0.006618,14.553154,0.026621,0.001520,-4.792750,-0.144085,4.794915,95|96|97|98|99|100,0.5623
6972.717030,-0.372041,-17.521750,-0.006618,14.560522,0.026522,0.001692,-4.800118,-0.143986,4.802277,95|96|97|98|99|100,0.5619
6972.733697,-0.369897,-17.530722,-0.005530,14.567732,0.026745,0.001692,-4.802451,-0.143045,4.804581,95|96|97|98|99|100,0.5622
6972.750364,-0.371088,-17.543221,-0.005062,14.574571,0.027034,0.001906,-4.802498,-0.143984,4.804656,95|96|97|98|99|100,0.5637
6972.767030,-0.364792,-17.555973,-0.005365,14.581247,0.026995,0.002008,-4.802243,-0.140526,4.804298,95|96|97|98|99|100,0.5631
6972.783697,-0.364794,-17.555974,-0.005363,14.588192,0.026963,0.001827,-4.809187,-0.140495,4.811238,95|96|97|98|99|100,0.5632
6972.817030,-0.365854,-17.588845,-0.005943,14.602283,0.027018,0.001713,-4.805414,-0.141132,4.807486,95|96|97|98|99|100,0.5617
6972.833697,-0.365853,-17.588845,-0.005944,14.615102,0.026877,0.001801,-4.818233,-0.140991,4.820295,95|96|97|98|99|100,0.5601
6972.850364,-0.364069,-17.604983,-0.006034,14.615102,0.026877,0.001801,-4.809462,-0.140024,4.811500,95|96|97|98|99|100,0.5603
6972.867030,-0.364069,-17.604984,-0.006030,14.629162,0.026296,0.002101,-4.823520,-0.139443,4.825535,95|96|97|98|99|100,0.5601
6972.883697,-0.377167,-17.608768,-0.004719,14.629162,0.026296,0.002101,-4.821466,-0.146562,4.823693,95|96|97|98|99|100,0.5603
6972.900364,-0.377164,-17.608768,-0.004720,14.636583,0.026355,0.002184,-4.828888,-0.146619,4.831113,95|96|97|98|99|100,0.5604
6972.917030,-0.377057,-17.625033,-0.004971,14.643753,0.026816,0.002236,-4.827218,-0.147025,4.829457,95|96|97|98|99|100,0.5628
6972.933697,-0.370545,-17.649396,-0.005077,14.650820,0.027290,0.002158,-4.821043,-0.143965,4.823192,95|96|97|98|99|100|101,0.5656
6972.950364,-0.363868,-17.659912,-0.005039,14.657604,0.027388,0.001997,-4.822111,-0.140437,4.824155,96|97|98|99|100|101,0.5649
6972.967030,-0.364873,-17.658252,-0.005509,14.671108,0.027447,0.002456,-4.836517,-0.141041,4.838573,95|96|97|98|99|100|101,0.5571
6972.983697,-0.365297,-17.665077,-0.005686,14.671108,0.027447,0.002456,-4.832808,-0.141273,4.834872,95|96|97|98|99|100|101,0.5567
6973.017030,-0.365154,-17.666202,-0.005321,14.685764,0.027327,0.002377,-4.846853,-0.141075,4.848905,96|97|98|99|100|101,0.5643
6973.033697,-0.367202,-17.700207,-0.005352,14.692409,0.027028,0.002481,-4.835017,-0.141895,4.837099,96|97|98|99|100|101,0.5644
6973.050364,-0.371895,-17.698704,-0.005157,14.699094,0.026364,0.002219,-4.842520,-0.143782,4.844654,96|97|98|99|100|101,0.5657
6973.067030,-0.371894,-17.698704,-0.005162,14.714166,0.026297,0.002409,-4.857592,-0.143715,4.859718,96|97|98|99|100|101,0.5664
6973.100364,-0.380829,-17.703332,-0.005508,14.728103,0.027099,0.002544,-4.869015,-0.149373,4.871306,96|97|98|99|100|101,0.5652
6973.117030,-0.382741,-17.738414,-0.005162,14.734501,0.026580,0.002559,-4.856347,-0.149900,4.858660,96|97|98|99|100|101,0.5654
6973.150364,-0.379269,-17.750984,-0.005200,14.748911,0.026465,0.002170,-4.863925,-0.147901,4.866173,96|97|98|99|100|101,0.5638
6973.183697,-0.380427,-17.777625,-0.005214,14.756332,0.026436,0.002051,-4.856867,-0.148506,4.859137,96|97|98|99|100|101,0.5642
6973.200364,-0.381071,-17.792244,-0.005256,14.763559,0.026272,0.002049,-4.856149,-0.148695,4.858425,96|97|98|99|100|101,0.5637
6973.217030,-0.383561,-17.799985,-0.005158,14.770227,0.026045,0.002068,-4.858611,-0.149823,4.860920,96|97|98|99|100|101,0.5634
6973.233697,-0.386940,-17.800471,-0.005423,14.777038,0.025521,0.002118,-4.865159,-0.151135,4.867506,96|97|98|99|100|101,0.5635
6973.283697,-0.382649,-17.835089,-0.005939,14.806156,0.027973,0.001770,-4.875461,-0.151261,4.877807,96|97|98|99|100|101,0.5637
6973.300364,-0.371690,-17.844462,-0.005606,14.806156,0.027973,0.001770,-4.870365,-0.145307,4.872532,96|97|98|99|100|101,0.5637
6973.317030,-0.371690,-17.844462,-0.005606,14.812294,0.027844,0.001919,-4.876503,-0.145178,4.878664,96|97|98|99|100|101,0.5617
6973.333697,-0.362853,-17.849143,-0.005794,14.819204,0.027331,0.001922,-4.880868,-0.139864,4.882871,96|97|98|99|100|101,0.5631
6973.350364,-0.370308,-17.856709,-0.005857,14.826719,0.027306,0.001915,-4.884272,-0.143892,4.886391,96|97|98|99|100|101,0.5624
6973.367030,-0.370899,-17.872713,-0.005449,14.834034,0.027261,0.001890,-4.882889,-0.144171,4.885017,96|97|98|99|100|101,0.5635
6973.383697,-0.370899,-17.872712,-0.005450,14.848264,0.027585,0.002104,-4.897120,-0.144495,4.899251,96|97|98|99|100|101,0.5633
6973.400364,-0.366070,-17.897769,-0.005228,14.848264,0.027585,0.002104,-4.883501,-0.141875,4.885562,96|97|98|99|100|101,0.5633
6973.417030,-0.366071,-17.897771,-0.005226,14.862224,0.027241,0.002024,-4.897460,-0.141532,4.899505,96|97|98|99|100|101,0.5630
6973.433697,-0.371129,-17.902061,-0.005231,14.869796,0.027215,0.002102,-4.902702,-0.144255,4.904823,96|97|98|99|100|101,0.5631
6973.450364,-0.372452,-17.918460,-0.005684,14.869796,0.027215,0.002102,-4.893790,-0.144977,4.895937,96|97|98|99|100|101|102|103,0.5508
6973.467030,-0.372474,-17.918610,-0.005747,14.884294,0.028069,0.002258,-4.908206,-0.145843,4.910372,96|97|98|99|100|101|102|103,0.5639
6973.483697,-0.373261,-17.932289,-0.005839,14.891170,0.028668,0.002350,-4.907648,-0.146872,4.909845,96|97|98|99|100|101|102|103,0.5562
6973.500364,-0.369160,-17.941968,-0.005853,14.897886,0.028463,0.002414,-4.909102,-0.144440,4.911227,98|99|100|101|102|103,0.5644
6973.517030,-0.362316,-17.948546,-0.005675,14.905430,0.028218,0.002374,-4.913070,-0.140478,4.915078,98|99|100|101|102|103,0.5643
6973.533697,-0.354484,-17.955321,-0.005735,14.905430,0.028218,0.002374,-4.909386,-0.136222,4.911276,98|99|100|101|102|103,0.5636
6973.550364,-0.357777,-17.960206,-0.005988,14.913032,0.028627,0.002431,-4.914334,-0.138421,4.916283,98|99|100|101|102|103,0.5627
6973.567030,-0.361306,-17.975468,-0.006139,14.920416,0.029142,0.002392,-4.913424,-0.140858,4.915442,98|99|100|101|102|103,0.5616
6973.583697,-0.348513,-17.998210,-0.005959,14.933361,0.028522,0.002649,-4.914007,-0.133289,4.915815,98|99|100|101|102|103,0.5617
6973.600364,-0.353063,-17.997619,-0.005823,14.933361,0.028522,0.002649,-4.914329,-0.135761,4.916204,98|99|100|101|102|103,0.5639
6973.617030,-0.358739,-17.999193,-0.005033,14.948721,0.027897,0.003074,-4.928834,-0.138222,4.930772,98|99|100|101|102|103,0.5639
6973.633697,-0.364570,-18.017615,-0.004951,14.948721,0.027897,0.003074,-4.918824,-0.141394,4.920856,98|99|100|101|102|103,0.5643
6973.650364,-0.367770,-18.034294,-0.004766,14.955835,0.028323,0.003455,-4.916874,-0.143562,4.918969,98|99|100|101|102|103,0.5635
6973.667030,-0.367769,-18.034294,-0.004771,14.969389,0.028301,0.003425,-4.930428,-0.143540,4.932517,98|99|100|101|102|103,0.5638
6973.700364,-0.364607,-18.049205,-0.004823,14.976261,0.028469,0.003541,-4.929195,-0.141993,4.931240,98|99|100|101|102|103,0.5629
6973.717030,-0.364608,-18.049206,-0.004821,14.983648,0.028470,0.003697,-4.936582,-0.141994,4.938624,98|99|100|101|102|103,0.5626
6973.767030,-0.362829,-18.057815,-0.005135,15.011818,0.028003,0.003925,-4.960072,-0.140562,4.962064,98|99|100|101|102|103,0.5609
6973.783697,-0.362968,-18.099919,-0.004802,15.018774,0.028238,0.004069,-4.944146,-0.140881,4.946153,98|99|100|101|102|103,0.5617
6973.800364,-0.371342,-18.103993,-0.004518,15.018774,0.028238,0.004069,-4.941933,-0.145433,4.944073,98|99|100|101|102|103,0.5625
6973.817030,-0.369078,-18.110505,-0.004218,15.026203,0.028060,0.004608,-4.945823,-0.144025,4.947919,98|99|100|101|102|103,0.5642
6973.850364,-0.369078,-18.110505,-0.004222,15.046669,0.028249,0.003638,-4.966289,-0.144214,4.968383,98|99|100|101|102|103,0.5644
6973.867030,-0.370342,-18.140061,-0.004675,15.046669,0.028249,0.003638,-4.950226,-0.144907,4.952347,98|99|100|101|102|103,0.5631
6973.883697,-0.368990,-18.147344,-0.004545,15.053627,0.028478,0.003631,-4.953226,-0.144403,4.955330,98|99|100|101|102|103,0.5614
6973.900364,-0.368991,-18.147345,-0.004545,15.061008,0.028482,0.003581,-4.960607,-0.144407,4.962708,98|99|100|101|102|103,0.5621
6973.917030,-0.367131,-18.168334,-0.004692,15.068487,0.028437,0.003560,-4.956678,-0.143355,4.958751,98|99|100|101|102|103,0.5633
6973.933697,-0.367131,-18.168334,-0.004692,15.082473,0.028417,0.003710,-4.970665,-0.143335,4.972731,98|99|100|101|102|103,0.5626
6973.950364,-0.368117,-18.183122,-0.004653,15.088646,0.027924,0.003667,-4.968800,-0.143380,4.970868,98|99|100|101|102|103,0.5619
6973.967030,-0.365685,-18.195070,-0.004852,15.095793,0.027771,0.003525,-4.969453,-0.141908,4.971479,98|99|100|101|102|103|104,0.5570
6973.983697,-0.377151,-18.192243,-0.004313,15.095793,0.027771,0.003525,-4.970991,-0.148139,4.973198,98|99|100|101|102|103,0.5621
6974.000364,-0.376334,-18.193526,-0.004342,15.110079,0.028068,0.003621,-4.984580,-0.147992,4.986776,98|99|100|101|102|103|104,0.5632
6974.017030,-0.379545,-18.208201,-0.004411,15.116987,0.028401,0.003520,-4.983513,-0.150073,4.985772,98|99|100|101|102|103|104,0.5553
6974.033697,-0.376343,-18.232687,-0.004424,15.116987,0.028401,0.003520,-4.970205,-0.148338,4.972418,99|100|101|102|103|104,0.5636
6974.050364,-0.372229,-18.241553,-0.004460,15.123886,0.028718,0.003487,-4.972285,-0.146420,4.974440,99|100|101|102|103|104,0.5622
6974.067030,-0.372229,-18.241552,-0.004459,15.137312,0.028791,0.003491,-4.985711,-0.146493,4.987863,99|100|101|102|103|104,0.5615
6974.083697,-0.370926,-18.253533,-0.004386,15.137312,0.028791,0.003491,-4.979199,-0.145787,4.981333,99|100|101|102|103|104,0.5622
6974.100364,-0.367772,-18.259824,-0.003924,15.144506,0.028609,0.003416,-4.982974,-0.143893,4.985052,99|100|101|102|103|104,0.5635
6974.117030,-0.370537,-18.273197,-0.004477,15.151834,0.028556,0.003414,-4.983035,-0.145345,4.985154,99|100|101|102|103|104,0.5634
6974.133697,-0.370536,-18.273196,-0.004476,15.158777,0.028554,0.003219,-4.989978,-0.145343,4.992095,99|100|101|102|103|104,0.5634
6974.150364,-0.372476,-18.288594,-0.004780,15.165146,0.027873,0.003218,-4.987979,-0.145719,4.990107,99|100|101|102|103|104,0.5635
6974.167030,-0.372479,-18.288597,-0.004787,15.180097,0.027684,0.002906,-5.002929,-0.145531,5.005045,99|100|101|102|103|104,0.5646
6974.183697,-0.382535,-18.286146,-0.004875,15.187322,0.027948,0.002909,-5.011488,-0.151260,5.013770,99|100|101|102|103|104,0.5652
6974.200364,-0.385237,-18.301404,-0.005236,15.194317,0.028332,0.002870,-5.010190,-0.153115,5.012529,99|100|101|102|103|104,0.5636
6974.217030,-0.381764,-18.330874,-0.005042,15.200968,0.028187,0.002326,-5.000824,-0.151088,5.003106,99|100|101|102|103|104,0.5635
6974.233697,-0.376859,-18.340188,-0.005493,15.207636,0.027874,0.001936,-5.002430,-0.148111,5.004622,99|100|101|102|103|104,0.5628
6974.267030,-0.376860,-18.340190,-0.005495,15.222433,0.027812,0.001397,-5.017226,-0.148050,5.019410,99|100|101|102|103|104,0.5639
6974.283697,-0.384907,-18.345955,-0.006370,15.229822,0.027724,0.001208,-5.021483,-0.152336,5.023793,99|100|101|102|103|104,0.5640
6974.300364,-0.385254,-18.375895,-0.006655,15.229822,0.027724,0.001208,-5.005211,-0.152530,5.007535,99|100|101|102|103|104,0.5630
6974.317030,-0.385254,-18.375895,-0.006656,15.236749,0.027496,0.001178,-5.012139,-0.152302,5.014452,99|100|101|102|103|104,0.5623
6974.333697,-0.390478,-18.390250,-0.006194,15.250713,0.026841,0.000935,-5.018302,-0.154490,5.020679,99|100|101|102|103|104,0.5630
6974.350364,-0.390476,-18.390249,-0.006192,15.258358,0.027481,0.001010,-5.025947,-0.155129,5.028341,99|100|101|102|103|104,0.5633
6974.383697,-0.390206,-18.420111,-0.006695,15.265501,0.028330,0.000971,-5.016861,-0.155836,5.019281,99|100|101|102|103|104,0.5645
6974.417030,-0.366824,-18.438510,-0.006841,15.278949,0.029249,0.000698,-5.020306,-0.144052,5.022372,99|100|101|102|103|104,0.5640
6974.433697,-0.366827,-18.438512,-0.006844,15.293359,0.028439,0.000500,-5.034714,-0.143243,5.036752,99|100|101|102|103|104,0.5636
6974.450364,-0.366704,-18.435422,-0.006926,15.300766,0.028488,0.000429,-5.043800,-0.143225,5.045833,99|100|101|102|103|104,0.5639
6974.467030,-0.377788,-18.457191,-0.007232,15.300766,0.028488,0.000429,-5.031971,-0.149253,5.034184,99|100|101|102|103|104,0.5631
6974.500364,-0.377789,-18.457194,-0.007235,15.321459,0.028527,0.000434,-5.052663,-0.149292,5.054868,99|100|101|102|103|104,0.5630
6974.517030,-0.371669,-18.486979,-0.009149,15.329097,0.028044,0.000615,-5.044113,-0.145489,5.046211,99|100|101|102|103|104|105|106,0.5591
6974.533697,-0.371681,-18.486969,-0.009172,15.336946,0.027824,0.000598,-5.051967,-0.145274,5.054055,99|100|101|102|103|104|105|106,0.5597
6974.550364,-0.377903,-18.487601,-0.009313,15.343607,0.028807,0.000651,-5.058285,-0.149640,5.060498,101|102|103|104|105|106,0.5621
6974.567030,-0.385290,-18.507210,-0.009190,15.350445,0.029441,0.000645,-5.054467,-0.154292,5.056822,101|102|103|104|105|106,0.5597
6974.583697,-0.374333,-18.528681,-0.009605,15.357284,0.030007,0.000492,-5.049636,-0.148907,5.051831,101|102|103|104|105|106,0.5604
6974.600364,-0.365361,-18.535290,-0.009848,15.357284,0.030007,0.000492,-5.046042,-0.144033,5.048097,101|102|103|104|105|106,0.5618
6974.633697,-0.365187,-18.538658,-0.009995,15.370596,0.029075,0.000295,-5.057523,-0.143007,5.059544,101|102|103|104|105|106,0.5614
6974.650364,-0.365187,-18.538658,-0.009996,15.386314,0.030259,-0.000252,-5.073242,-0.144190,5.075290,101|102|103|104|105|106,0.5607
6974.667030,-0.370460,-18.547947,-0.010314,15.386314,0.030259,-0.000252,-5.068195,-0.147058,5.070328,101|102|103|104|105|106,0.5608
6974.683697,-0.352755,-18.584341,-0.010911,15.393015,0.030108,-0.000064,-5.055112,-0.137291,5.056976,101|102|103|104|105|106,0.5616
6974.717030,-0.352760,-18.584345,-0.010924,15.406435,0.029084,0.000050,-5.068530,-0.136270,5.070362,101|102|103|104|105|106,0.5635
6974.733697,-0.370083,-18.595366,-0.010503,15.414179,0.029083,0.000008,-5.070288,-0.145687,5.072380,101|102|103|104|105|106,0.5622
6974.750364,-0.370120,-18.612868,-0.010409,15.421736,0.029223,0.000170,-5.068332,-0.145850,5.070430,101|102|103|104|105|106,0.5622
6974.767030,-0.367874,-18.625803,-0.010355,15.428903,0.029638,0.000327,-5.068470,-0.145047,5.070545,101|102|103|104|105|106,0.5625
6974.783697,-0.362420,-18.635987,-0.010383,15.435377,0.029148,0.000209,-5.069408,-0.141594,5.071385,101|102|103|104|105|106,0.5623
6974.800364,-0.369385,-18.633397,-0.010328,15.442278,0.028921,0.000350,-5.077718,-0.145152,5.079792,101|102|103|104|105|106,0.5631
6974.817030,-0.369383,-18.633395,-0.010329,15.457222,0.029164,0.000543,-5.092662,-0.145394,5.094737,101|102|103|104|105|106,0.5632
6974.833697,-0.371464,-18.656732,-0.009830,15.464796,0.029298,0.000689,-5.087554,-0.146664,5.089668,101|102|103|104|105|106,0.5633
6974.850364,-0.371462,-18.656731,-0.009828,15.464796,0.029298,0.000689,-5.087555,-0.146663,5.089668,101|102|103|104|105|106,0.5628
6974.867030,-0.367584,-18.685842,-0.009335,15.477970,0.028595,0.000636,-5.084907,-0.143857,5.086941,101|102|103|104|105|106,0.5611
6974.883697,-0.367584,-18.685842,-0.009333,15.484920,0.028661,0.000602,-5.091857,-0.143923,5.093891,101|102|103|104|105|106,0.5626
6974.900364,-0.371960,-18.687302,-0.009748,15.492557,0.028486,0.000633,-5.098701,-0.146126,5.100795,101|102|103|104|105|106,0.5633
6974.917030,-0.377188,-18.694363,-0.009634,15.492557,0.028486,0.000633,-5.094865,-0.148969,5.097042,101|102|103|104|105|106,0.5631
6974.933697,-0.379874,-18.709677,-0.009524,15.500002,0.028635,0.000718,-5.093987,-0.150581,5.096212,101|102|103|104|105|106,0.5630
6974.950364,-0.377864,-18.720079,-0.009233,15.507011,0.028946,0.000994,-5.095343,-0.149801,5.097545,101|102|103|104|105|106,0.5630
6974.967030,-0.373764,-18.729188,-0.008935,15.520559,0.028855,0.000491,-5.103939,-0.147484,5.106070,101|102|103|104|105|106,0.5623
6974.983697,-0.372389,-18.735578,-0.009374,15.520559,0.028855,0.000491,-5.100466,-0.146738,5.102577,101|102|103|104|105|106,0.5612
6975.000364,-0.375501,-18.739363,-0.009341,15.527963,0.028911,0.000308,-5.105814,-0.148486,5.107973,101|102|103|104|105|106,0.5602
6975.017030,-0.375498,-18.739362,-0.009340,15.542812,0.029141,0.000322,-5.120663,-0.148714,5.122822,101|102|103|104|105|106,0.5616
6975.033697,-0.374057,-18.768563,-0.009816,15.542812,0.029141,0.000322,-5.104793,-0.147937,5.106936,101|102|103|104|105|106|107,0.5571
6975.050364,-0.371603,-18.782093,-0.010414,15.555637,0.028509,0.000411,-5.110265,-0.145973,5.112349,102|103|104|105|106|107,0.5608
6975.067030,-0.371603,-18.782095,-0.010419,15.562704,0.028026,0.000301,-5.117330,-0.145491,5.119397,102|103|104|105|106|107,0.5627
6975.083697,-0.381028,-18.780002,-0.010463,15.562704,0.028026,0.000301,-5.118469,-0.150612,5.120685,102|103|104|105|106|107,0.5631
6975.100364,-0.387766,-18.792238,-0.010515,15.570120,0.028087,0.000358,-5.119236,-0.154338,5.121562,102|103|104|105|106|107,0.5638
6975.117030,-0.387766,-18.792237,-0.010515,15.584518,0.028724,0.000311,-5.133635,-0.154975,5.135974,102|103|104|105|106|107,0.5644
6975.133697,-0.383751,-18.818903,-0.010173,15.584518,0.028724,0.000311,-5.119142,-0.152798,5.121422,102|103|104|105|106|107,0.5645
6975.167030,-0.383749,-18.818903,-0.010167,15.604946,0.028922,0.000343,-5.139570,-0.152994,5.141847,102|103|104|105|106|107,0.5624
6975.183697,-0.373716,-18.838459,-0.010177,15.612146,0.028892,0.000592,-5.136140,-0.147516,5.138258,102|103|104|105|106|107,0.5618
6975.200364,-0.379392,-18.838653,-0.010274,15.619526,0.028814,0.000602,-5.143415,-0.150522,5.145617,102|103|104|105|106|107,0.5620
6975.217030,-0.377224,-18.858822,-0.010363,15.626497,0.028789,0.000461,-5.139425,-0.149323,5.141594,102|103|104|105|106|107,0.5635
6975.233697,-0.378229,-18.871650,-0.010279,15.626497,0.028789,0.000461,-5.132453,-0.149871,5.134641,102|103|104|105|106|107,0.5626
6975.250364,-0.379371,-18.875245,-0.010171,15.632913,0.028310,0.000494,-5.136916,-0.150014,5.139106,102|103|104|105|106|107,0.5626
6975.267030,-0.379371,-18.875244,-0.010175,15.647880,0.027683,0.000642,-5.151883,-0.149387,5.154049,102|103|104|105|106|107,0.5620
6975.283697,-0.386241,-18.872711,-0.010287,15.655079,0.028139,0.000736,-5.160459,-0.153576,5.162744,102|103|104|105|106|107,0.5624
6975.300364,-0.393694,-18.888271,-0.010401,15.662201,0.028549,0.000694,-5.159127,-0.158040,5.161547,102|103|104|105|106|107,0.5616
6975.317030,-0.395335,-18.906485,-0.010197,15.662201,0.028549,0.000694,-5.149228,-0.158935,5.151680,102|103|104|105|106|107,0.5636
6975.333697,-0.383614,-18.927041,-0.010322,15.668915,0.028409,0.000192,-5.144768,-0.152429,5.147026,102|103|104|105|106|107,0.5626
6975.350364,-0.383614,-18.927041,-0.010323,15.682783,0.027954,-0.000232,-5.158636,-0.151974,5.160874,102|103|104|105|106|107,0.5623
6975.367030,-0.393264,-18.931346,-0.010700,15.682783,0.027954,-0.000232,-5.156298,-0.157219,5.158695,102|103|104|105|106|107,0.5617
6975.383697,-0.393264,-18.931345,-0.010700,15.697767,0.027965,-0.000500,-5.171283,-0.157230,5.173673,102|103|104|105|106|107,0.5627
6975.400364,-0.392325,-18.961342,-0.011780,15.704651,0.027684,-0.000522,-5.161864,-0.156444,5.164234,102|103|104|105|106|107,0.5631
6975.417030,-0.393661,-18.974857,-0.011930,15.704651,0.027684,-0.000522,-5.154519,-0.157173,5.156915,102|103|104|105|106|107,0.5634
6975.433697,-0.393660,-18.974858,-0.011929,15.718456,0.026901,-0.000679,-5.168324,-0.156390,5.170689,102|103|104|105|106|107,0.5628
6975.450364,-0.397467,-18.978074,-0.011916,15.718456,0.026901,-0.000679,-5.166577,-0.158459,5.169006,102|103|104|105|106|107,0.5626
6975.467030,-0.408036,-18.989168,-0.011632,15.733085,0.028234,-0.000603,-5.175179,-0.165539,5.177825,102|103|104|105|106|107,0.5617
6975.483697,-0.408037,-18.989168,-0.011632,15.733085,0.028234,-0.000603,-5.175179,-0.165539,5.177826,102|103|104|105|106|107,0.5628
6975.517030,-0.378368,-19.022905,-0.011570,15.746738,0.029299,-0.000884,-5.170491,-0.150486,5.172680,102|103|104|105|106|107|108|109,0.5529
6975.533697,-0.374940,-19.023810,-0.011684,15.761066,0.028511,-0.000886,-5.184326,-0.147835,5.186434,102|103|104|105|106|107|108|109,0.5514
6975.550364,-0.375103,-19.022522,-0.011464,15.768528,0.028611,-0.000946,-5.192488,-0.148024,5.194597,102|103|104|105|106|107,0.5623
6975.567030,-0.384414,-19.025327,-0.011900,15.775852,0.028988,-0.000931,-5.198289,-0.153461,5.200554,102|103|104|105|106|107|108|109,0.5512
6975.583697,-0.385102,-19.059061,-0.012284,15.775852,0.028988,-0.000931,-5.179956,-0.153842,5.182240,104|105|106|107|108|109,0.5641
6975.600364,-0.379527,-19.069910,-0.012493,15.789356,0.028778,-0.001008,-5.187562,-0.150603,5.189748,104|105|106|107|108|109,0.5622
6975.617030,-0.377877,-19.075181,-0.012432,15.789356,0.028778,-0.001008,-5.184698,-0.149707,5.186858,104|105|106|107|108|109,0.5619
6975.633697,-0.382756,-19.074339,-0.012778,15.796692,0.028301,-0.001304,-5.192491,-0.151882,5.194712,104|105|106|107|108|109,0.5640
6975.667030,-0.386918,-19.103429,-0.013192,15.811798,0.028731,-0.001234,-5.191789,-0.154580,5.194090,104|105|106|107|108|109,0.5635
6975.700364,-0.386917,-19.103430,-0.013194,15.832170,0.029591,-0.001128,-5.212161,-0.155439,5.214478,104|105|106|107|108|109,0.5623
6975.733697,-0.372735,-19.122752,-0.013344,15.847040,0.029326,-0.001600,-5.216526,-0.147470,5.218611,104|105|106|107|108|109,0.5641
6975.750364,-0.379436,-19.133607,-0.013870,15.854860,0.030199,-0.001644,-5.218448,-0.151988,5.220661,104|105|106|107|108|109,0.5642
6975.767030,-0.379438,-19.133607,-0.013864,15.854860,0.030199,-0.001644,-5.218449,-0.151988,5.220662,104|105|106|107|108|109,0.5633
6975.783697,-0.360698,-19.171169,-0.014449,15.861639,0.030131,-0.001437,-5.204809,-0.141743,5.206739,104|105|106|107|108|109,0.5632
6975.800364,-0.362099,-19.173064,-0.013965,15.867922,0.029785,-0.001327,-5.210063,-0.142158,5.212002,104|105|106|107|108|109,0.5639
6975.833697,-0.377811,-19.181274,-0.013231,15.882589,0.029029,-0.001110,-5.220272,-0.149944,5.222425,104|105|106|107|108|109,0.5644
6975.850364,-0.377930,-19.199540,-0.012949,15.890182,0.029192,-0.000889,-5.217937,-0.150174,5.220098,104|105|106|107|108|109,0.5629
6975.867030,-0.377929,-19.199539,-0.012952,15.897373,0.029620,-0.000704,-5.225128,-0.150602,5.227298,104|105|106|107|108|109,0.5627
6975.883697,-0.374964,-19.212828,-0.012555,15.910587,0.028880,-0.000537,-5.231120,-0.148253,5.233220,104|105|106|107|108|109,0.5624
6975.900364,-0.374123,-19.223490,-0.012004,15.910587,0.028880,-0.000537,-5.225325,-0.147798,5.227415,104|105|106|107|108|109,0.5628
6975.917030,-0.380593,-19.228193,-0.012055,15.917995,0.028994,-0.000592,-5.230178,-0.151428,5.232370,104|105|106|107|108|109,0.5642
6975.933697,-0.380595,-19.228192,-0.012056,15.925449,0.029123,-0.000567,-5.237633,-0.151559,5.239825,104|105|106|107|108|109,0.5639
6975.950364,-0.378968,-19.243455,-0.012150,15.939895,0.029007,-0.000319,-5.243784,-0.150562,5.245945,104|105|106|107|108|109,0.5639
6975.967030,-0.375044,-19.273205,-0.011485,15.939895,0.029007,-0.000319,-5.227614,-0.148435,5.229721,104|105|106|107|108|109,0.5610
6976.000364,-0.375040,-19.273212,-0.011491,15.960422,0.028507,0.000059,-5.248137,-0.147932,5.250222,104|105|106|107|108|109,0.5613
6976.017030,-0.386955,-19.283251,-0.011902,15.960422,0.028507,0.000059,-5.242684,-0.154409,5.244957,104|105|106|107|108|109,0.5612
6976.033697,-0.386572,-19.296830,-0.011868,15.967748,0.028619,0.000234,-5.242630,-0.154316,5.244901,104|105|106|107|108|109|110,0.5539
6976.050364,-0.384613,-19.307237,-0.011565,15.974972,0.028885,0.000280,-5.244197,-0.153519,5.246444,104|105|106|107|108|109|110,0.5614
6976.067030,-0.380999,-19.315892,-0.012175,15.982029,0.029128,0.000201,-5.246550,-0.151800,5.248745,104|105|106|107|108|109|110,0.5580
6976.083697,-0.381063,-19.316567,-0.012601,15.988502,0.028643,-0.000048,-5.252656,-0.151351,5.254836,105|106|107|108|109|110,0.5614
6976.150364,-0.378313,-19.323794,-0.012702,16.024002,0.028562,-0.000103,-5.284228,-0.149776,5.286350,105|106|107|108|109|110,0.5620
6976.183697,-0.386194,-19.368676,-0.012750,16.038299,0.027843,-0.000130,-5.274134,-0.153348,5.276363,105|106|107|108|109|110,0.5648
6976.200364,-0.386192,-19.368681,-0.012750,16.045595,0.028236,-0.000088,-5.281427,-0.153740,5.283664,105|106|107|108|109|110,0.5629
6976.217031,-0.397208,-19.376517,-0.012032,16.052698,0.028655,-0.000120,-5.284274,-0.160148,5.286700,105|106|107|108|109|110,0.5634
6976.233697,-0.391451,-19.405519,-0.012383,16.052698,0.028655,-0.000120,-5.268510,-0.157025,5.270850,105|106|107|108|109|110,0.5623
6976.250364,-0.385914,-19.415911,-0.012456,16.059694,0.029095,-0.000248,-5.269858,-0.154458,5.272121,105|106|107|108|109|110,0.5618
6976.267031,-0.385912,-19.415912,-0.012455,16.066095,0.028772,-0.000628,-5.276258,-0.154133,5.278509,105|106|107|108|109|110,0.5618
6976.283697,-0.380069,-19.426656,-0.012615,16.072796,0.028930,-0.000632,-5.277119,-0.151118,5.279282,105|106|107|108|109|110,0.5607
6976.300364,-0.387122,-19.425310,-0.012796,16.080042,0.028969,-0.000365,-5.285097,-0.154990,5.287370,105|106|107|108|109|110,0.5621
6976.333697,-0.384933,-19.431566,-0.013470,16.101036,0.028542,-0.000312,-5.302691,-0.153374,5.304909,105|106|107|108|109|110,0.5622
6976.350364,-0.385857,-19.459312,-0.013340,16.101036,0.028542,-0.000312,-5.287612,-0.153882,5.289851,105|106|107|108|109|110,0.5623
6976.367031,-0.391143,-19.461458,-0.013338,16.108080,0.027626,-0.000398,-5.293490,-0.155839,5.295784,105|106|107|108|109|110,0.5645
6976.383697,-0.403881,-19.470040,-0.013544,16.115877,0.027744,-0.000430,-5.296626,-0.162882,5.299130,105|106|107|108|109|110,0.5641
6976.400364,-0.403881,-19.470039,-0.013545,16.130224,0.028539,-0.000353,-5.310974,-0.163677,5.313495,105|106|107|108|109|110,0.5632
6976.417031,-0.397662,-19.503414,-0.013739,16.130224,0.028539,-0.000353,-5.292834,-0.160303,5.295261,105|106|107|108|109|110,0.5643
6976.433697,-0.391072,-19.514041,-0.013252,16.143518,0.028232,-0.000892,-5.300351,-0.156416,5.302658,105|106|107|108|109|110,0.5656
6976.450364,-0.394164,-19.515082,-0.013792,16.143518,0.028232,-0.000892,-5.299786,-0.158096,5.302144,105|106|107|108|109|110,0.5658
6976.467031,-0.394164,-19.515084,-0.013792,16.158790,0.027371,-0.001202,-5.315057,-0.157236,5.317383,105|106|107|108|109|110,0.5651
6976.483697,-0.397797,-19.517075,-0.013618,16.166074,0.027914,-0.001367,-5.321260,-0.159753,5.323657,105|106|107|108|109|110,0.5664
6976.500364,-0.409907,-19.557138,-0.014551,16.166074,0.027914,-0.001367,-5.299489,-0.166342,5.302099,105|106|107|108|109|110,0.5662
6976.517031,-0.402693,-19.566166,-0.014760,16.172800,0.027806,-0.001711,-5.301306,-0.162316,5.303791,105|106|107|108|109|110,0.5654
6976.533697,-0.404582,-19.566627,-0.015016,16.179645,0.027682,-0.001741,-5.307901,-0.163218,5.310410,105|106|107|108|109|110,0.5640
6976.550364,-0.404581,-19.566628,-0.015014,16.194017,0.027268,-0.001626,-5.322273,-0.162804,5.324763,105|106|107|108|109|110,0.5630
6976.567031,-0.399769,-17.352629,-0.013901,16.194017,0.027268,-0.001626,-6.525532,-0.159769,6.527488,11|105|106|107|108|109|110|112,0.5599
6976.583697,-0.399441,-17.302530,-0.013867,16.207567,0.028263,-0.001666,-6.566310,-0.160577,6.568273,11|105|106|107|108|109|110|112,0.5596
6976.600364,-0.390306,-17.266836,-0.012605,16.207567,0.028263,-0.001666,-6.585707,-0.155605,6.587545,11|105|106|107|108|109|110|112,0.5510
6976.650364,-0.385755,-16.553958,-0.012587,16.237018,0.028384,-0.001483,-7.002591,-0.153118,7.004265,11|107|108|109|110|112,0.5647
6976.667031,-0.378236,-16.594893,-0.012247,16.237018,0.028384,-0.001483,-6.980342,-0.149039,6.981933,11|107|108|109|110|112,0.5639
6976.700364,-0.378222,-16.592618,-0.012244,16.257866,0.028894,-0.001506,-7.002426,-0.149541,7.004023,11|107|108|109|110|112,0.5634
6976.717031,-0.368182,-16.608288,-0.011890,16.264950,0.028197,-0.001602,-7.000992,-0.143390,7.002460,11|107|108|109|110|112,0.5644
6976.733697,-0.365260,-16.617677,-0.012198,16.264950,0.028197,-0.001602,-6.995889,-0.141804,6.997326,11|107|108|109|110|112,0.5643
6976.750364,-0.378713,-16.630828,-0.012048,16.272712,0.028270,-0.001791,-6.996506,-0.149191,6.998097,11|107|108|109|110|112,0.5629
6976.767031,-0.378834,-16.650466,-0.012059,16.280174,0.028651,-0.001729,-6.993295,-0.149642,6.994896,11|107|108|109|110|112,0.5617
6976.800364,-0.361235,-16.684718,-0.011982,16.300504,0.029702,-0.001659,-6.995008,-0.141135,6.996431,11|107|108|109|110|112,0.5624
6976.817031,-0.353174,-16.704359,-0.012417,16.300504,0.029702,-0.001659,-6.984331,-0.136758,6.985670,11|107|108|109|110|112,0.5626
6976.833697,-0.353088,-16.690589,-0.012417,16.314958,0.029192,-0.001789,-7.006269,-0.136198,7.007592,11|107|108|109|110|112,0.5631
6976.850364,-0.370060,-16.671914,-0.012119,16.322839,0.029990,-0.001823,-7.024303,-0.146216,7.025824,11|107|108|109|110|112,0.5637
6976.867031,-0.370182,-16.690927,-0.012126,16.322839,0.029990,-0.001823,-7.013970,-0.146286,7.015495,11|107|108|109|110|112,0.5630
6976.883697,-0.352228,-16.725027,-0.012045,16.329799,0.030148,-0.001646,-7.002394,-0.136694,7.003728,11|107|108|109|110|112,0.5635
6976.900364,-0.350554,-16.735817,-0.012202,16.336143,0.029934,-0.001561,-7.002873,-0.135571,7.004185,11|107|108|109|110|112,0.5641
6976.917031,-0.350452,-16.719829,-0.012192,16.350610,0.028927,-0.001204,-7.026029,-0.134506,7.027317,11|107|108|109|110|112,0.5656
6976.933697,-0.362060,-16.723060,-0.012025,16.350610,0.028927,-0.001204,-7.024276,-0.140816,7.025687,11|107|108|109|110|112,0.5650
6976.950364,-0.368739,-16.759578,-0.011760,16.358196,0.029196,-0.000570,-7.012016,-0.144721,7.013509,11|107|108|109|110|112,0.5640
6976.983697,-0.356229,-16.787858,-0.010991,16.372011,0.029405,-0.000363,-7.010458,-0.138137,7.011819,11|107|108|109|110|112,0.5640
6977.000364,-0.361126,-16.793589,-0.010809,16.378576,0.029063,-0.000182,-7.013910,-0.140457,7.015316,11|107|108|109|110|112,0.5645
6977.017031,-0.366688,-16.793941,-0.010610,16.386205,0.028700,0.000199,-7.021349,-0.143117,7.022807,11|107|108|109|110|112,0.5636
6977.033697,-0.372575,-16.816645,-0.010286,16.401554,0.029232,0.000815,-7.024359,-0.146853,7.025894,11|107|108|109|110|112,0.5642
6977.050364,-0.376057,-17.270601,-0.009677,16.408283,0.029311,0.000712,-6.784374,-0.148910,6.786008,11|107|108|109|110|112|113,0.5642
6977.067031,-0.376025,-17.265666,-0.009675,16.414537,0.029157,0.000678,-6.793310,-0.148737,6.794938,11|107|108|109|110|112|113,0.5632
6977.083697,-0.366118,-17.263438,-0.009937,16.421192,0.028642,0.000741,-6.801174,-0.142838,6.802674,11|107|108|109|110|112|113,0.5628
6977.100364,-0.367805,-17.243707,-0.009850,16.421192,0.028642,0.000741,-6.811898,-0.143750,6.813414,11|107|108|109|110|112|113,0.5642
6977.117031,-0.367758,-17.236574,-0.009844,16.436460,0.028582,0.000665,-6.831042,-0.143664,6.832553,11|107|108|109|110|112|113,0.5638
6977.133697,-0.372441,-16.811202,-0.009601,16.436460,0.028582,0.000665,-7.062224,-0.146129,7.063736,11|108|109|110|112|113,0.5650
6977.150364,-0.372686,-16.835652,-0.009129,16.443893,0.028860,0.000671,-7.056369,-0.146544,7.057890,11|108|109|110|112|113,0.5653
6977.167031,-0.369051,-16.840434,-0.009234,16.451006,0.029185,0.000801,-7.060882,-0.144895,7.062368,11|108|109|110|112|113,0.5649
6977.183697,-0.364906,-16.856989,-0.009421,16.464615,0.028671,0.000497,-7.065493,-0.142132,7.066922,11|108|109|110|112|113,0.5649
6977.200364,-0.364982,-16.868310,-0.009423,16.471849,0.028699,0.000492,-7.066574,-0.142203,7.068005,11|108|109|110|112|113,0.5643
6977.217031,-0.373425,-16.887497,-0.009458,16.479036,0.029066,0.000846,-7.063335,-0.147162,7.064868,11|108|109|110|112|113,0.5649
6977.233697,-0.373488,-16.897372,-0.009474,16.485620,0.029090,0.000540,-7.064552,-0.147222,7.066086,11|108|109|110|112|113,0.5640
6977.267031,-0.368154,-16.919437,-0.009679,16.498462,0.028210,0.000780,-7.065402,-0.143448,7.066858,11|108|109|110|112|113,0.5646
6977.283697,-0.371274,-16.909361,-0.009724,16.498462,0.028210,0.000780,-7.070879,-0.145141,7.072368,11|108|109|110|112|113,0.5650
6977.300364,-0.371261,-16.907274,-0.009718,16.513469,0.028367,0.001248,-7.087020,-0.145291,7.088509,11|108|109|110|112|113,0.5633
6977.317031,-0.382221,-16.911991,-0.009202,16.520675,0.028878,0.001253,-7.091664,-0.151759,7.093288,11|108|109|110|112|113,0.5631
6977.333697,-0.378252,-16.942427,-0.008223,16.520675,0.028878,0.001253,-7.075122,-0.149607,7.076704,11|108|109|110|112|113,0.5641
6977.350364,-0.371242,-16.952041,-0.008340,16.527797,0.029404,0.001143,-7.077018,-0.146326,7.078530,11|108|109|110|112|113,0.5639
6977.367031,-0.364239,-16.977484,-0.008696,16.540746,0.028920,0.000780,-7.076138,-0.142040,7.077563,11|108|109|110|112|113,0.5638
6977.383697,-0.371589,-16.967197,-0.009047,16.540746,0.028920,0.000780,-7.081730,-0.146033,7.083236,11|108|109|110|112|113,0.5634
6977.400364,-0.373454,-16.963244,-0.008680,16.547847,0.029140,0.001078,-7.090980,-0.147266,7.092509,11|108|109|110|112|113,0.5629
6977.417031,-0.373450,-16.962593,-0.008680,16.555313,0.029073,0.000962,-7.098799,-0.147197,7.100325,11|108|109|110|112|113,0.5630
6977.433697,-0.372416,-16.994336,-0.008954,16.562452,0.029053,0.001222,-7.088686,-0.146621,7.090202,11|108|109|110|112|113,0.5637
6977.450364,-0.372378,-16.997368,-0.008712,16.569044,0.028746,0.001286,-7.093631,-0.146294,7.095139,11|108|109|110|112|113,0.5641
6977.467031,-0.372331,-16.989914,-0.008705,16.583828,0.027648,0.000779,-7.112465,-0.145169,7.113947,11|108|109|110|112|113,0.5637
6977.483697,-0.389031,-16.999243,-0.008055,16.583828,0.027648,0.000779,-7.107398,-0.154247,7.109072,11|108|109|110|112|113,0.5633
6977.500364,-0.391043,-17.014270,-0.008502,16.598598,0.028729,0.000797,-7.114002,-0.156424,7.115722,11|108|109|110|112|113,0.5642
6977.517031,-0.384484,-17.029888,-0.008820,16.598598,0.028729,0.000797,-7.105513,-0.152862,7.107157,11|108|109|110|112|113,0.5640
6977.550364,-0.378872,-17.040442,-0.009496,16.611883,0.028446,0.000150,-7.113061,-0.149531,7.114633,11|108|109|110|112|113,0.5649
6977.567031,-0.382826,-17.042638,-0.009809,16.619093,0.027838,-0.000255,-7.119078,-0.151072,7.120681,11|108|109|110|112|113,0.5633
6977.600364,-0.394973,-17.841493,-0.009836,16.634424,0.027989,-0.000755,-6.700251,-0.157976,6.702114,11|108|109|110|112|113|114|115,0.5636
6977.633697,-0.390616,-17.089807,-0.010465,16.648031,0.027679,-0.001109,-7.122382,-0.155156,7.124072,11|110|112|113|114|115,0.5650
6977.650364,-0.392990,-17.109038,-0.010322,16.654892,0.027440,-0.001123,-7.118792,-0.156211,7.120505,11|110|112|113|114|115,0.5650
6977.667031,-0.396623,-17.143392,-0.010739,16.668880,0.027743,-0.001071,-7.114110,-0.158495,7.115876,11|110|112|113|114|115,0.5631
6977.683697,-0.396578,-17.136209,-0.010735,16.675663,0.028368,-0.001088,-7.124797,-0.159095,7.126573,11|110|112|113|114|115,0.5635
6977.700364,-0.392016,-17.144132,-0.009878,16.675663,0.028368,-0.001088,-7.120490,-0.156617,7.122212,11|110|112|113|114|115,0.5633
6977.717031,-0.392021,-17.145101,-0.009878,16.689071,0.028877,-0.001170,-7.133372,-0.157128,7.135102,11|110|112|113|114|115,0.5641
6977.733697,-0.374850,-17.170739,-0.009528,16.689071,0.028877,-0.001170,-7.119435,-0.147801,7.120969,11|110|112|113|114|115,0.5624
6977.750364,-0.376802,-17.177171,-0.009815,16.696579,0.028291,-0.001253,-7.123447,-0.148277,7.124990,11|110|112|113|114|115,0.5618
6977.767031,-0.376760,-17.170747,-0.009813,16.704422,0.028304,-0.001324,-7.134781,-0.148265,7.136321,11|110|112|113|114|115,0.5630
6977.783697,-0.385093,-17.177504,-0.009423,16.711645,0.028925,-0.001342,-7.138334,-0.153417,7.139982,11|110|112|113|114|115,0.5630
6977.800364,-0.375826,-17.201943,-0.008903,16.718828,0.029274,-0.001361,-7.132233,-0.148735,7.133784,11|110|112|113|114|115,0.5629
6977.817031,-0.370969,-17.231773,-0.009459,16.732305,0.028515,-0.001242,-7.129497,-0.145341,7.130979,11|110|112|113|114|115,0.5637
6977.833697,-0.371016,-17.238904,-0.009460,16.740118,0.028047,-0.001309,-7.133435,-0.144900,7.134906,11|110|112|113|114|115,0.5642
6977.867031,-0.387803,-17.245290,-0.009751,16.754617,0.029405,-0.001043,-7.144467,-0.155383,7.146156,11|110|112|113|114|115,0.5636
6977.900364,-0.387788,-17.242899,-0.009751,16.761543,0.030053,-0.001192,-7.152692,-0.156022,7.154393,11|110|112|113|114|115,0.5635
6977.933697,-0.367169,-17.262206,-0.009758,16.781492,0.028978,-0.001343,-7.162144,-0.143744,7.163586,11|110|112|113|114|115,0.5645
6977.950364,-0.373400,-17.272808,-0.009505,16.789394,0.029687,-0.001348,-7.164285,-0.147843,7.165810,11|110|112|113|114|115,0.5654
6977.967031,-0.373464,-17.282263,-0.009509,16.796615,0.030167,-0.001180,-7.166368,-0.148359,7.167904,11|110|112|113|114|115,0.5649
6977.983697,-0.374045,-17.285184,-0.009565,16.796615,0.030167,-0.001180,-7.164780,-0.148675,7.166323,11|110|112|113|114|115,0.5650
6978.000364,-0.357969,-17.304938,-0.009181,16.803026,0.030112,-0.001008,-7.160452,-0.139886,7.161818,11|110|112|113|114|115,0.5663
6978.017031,-0.357906,-17.295818,-0.009175,16.817144,0.028971,-0.000711,-7.179527,-0.138711,7.180867,11|110|112|113|114|115,0.5660
6978.050364,-0.374386,-17.303171,-0.008449,16.824789,0.029187,-0.000234,-7.183179,-0.147884,7.184701,11|110|112|113|114|115,0.5643
6978.067031,-0.369963,-17.334852,-0.008245,16.832189,0.029665,-0.000163,-7.173360,-0.145964,7.174845,11|110|112|113|114|115,0.5642
6978.083697,-0.370050,-17.347976,-0.008248,16.845663,0.029361,0.000073,-7.179701,-0.145710,7.181180,11|110|112|113|114|115,0.5638
6978.100364,-0.363618,-17.364962,-0.008213,16.852819,0.029017,0.000643,-7.177625,-0.141874,7.179027,11|110|112|113|114|115,0.5637
6978.117031,-0.368622,-17.777314,-0.007920,16.860368,0.029285,0.000683,-6.961071,-0.144939,6.962579,11|110|112|113|114|115|116,0.5576
6978.150364,-0.371291,-17.401561,-0.006795,16.875118,0.029481,0.000897,-7.180034,-0.146514,7.181529,11|112|113|114|115|116,0.5631
6978.167031,-0.371246,-17.395002,-0.006792,16.881826,0.028930,0.000869,-7.190307,-0.145938,7.191788,11|112|113|114|115|116,0.5623
6978.183697,-0.368697,-17.426885,-0.006359,16.881826,0.028930,0.000869,-7.172979,-0.144558,7.174436,11|112|113|114|115|116,0.5633
6978.200364,-0.376432,-17.415947,-0.006138,16.888567,0.028375,0.000896,-7.185665,-0.148205,7.187194,11|112|113|114|115|116,0.5633
6978.217031,-0.384143,-17.416792,-0.006311,16.895660,0.028378,0.000890,-7.192301,-0.152399,7.193916,11|112|113|114|115|116,0.5630
6978.233697,-0.384045,-17.419354,-0.006403,16.902725,0.028824,0.000944,-7.197974,-0.152793,7.199595,11|112|113|114|115|116,0.5632
6978.250364,-0.377867,-17.431973,-0.006539,16.916933,0.029414,0.001053,-7.205322,-0.150027,7.206884,11|112|113|114|115|116,0.5638
6978.283697,-0.369984,-17.441937,-0.006455,16.923563,0.029210,0.000660,-7.206535,-0.145541,7.208004,11|112|113|114|115|116,0.5622
6978.300364,-0.374427,-17.443887,-0.006145,16.930578,0.028834,-0.000236,-7.212492,-0.147580,7.214001,11|112|113|114|115|116,0.5621
6978.317031,-0.377079,-17.454954,-0.007144,16.945348,0.029146,-0.000582,-7.221248,-0.149336,7.222792,11|112|113|114|115|116,0.5640
6978.333697,-0.374555,-17.462701,-0.007264,16.952293,0.029116,-0.000572,-7.223982,-0.147935,7.225496,11|112|113|114|115|116,0.5653
6978.350364,-0.372340,-17.501526,-0.007585,16.952293,0.029116,-0.000572,-7.202881,-0.146738,7.204375,11|112|113|114|115|116,0.5634
6978.367031,-0.372359,-17.504312,-0.007587,16.965711,0.028137,-0.000583,-7.214785,-0.145770,7.216257,11|112|113|114|115|116,0.5634
6978.383697,-0.379529,-17.506497,-0.007758,16.965711,0.028137,-0.000583,-7.213599,-0.149668,7.215151,11|112|113|114|115|116,0.5632
6978.400364,-0.386547,-17.501673,-0.007795,16.972574,0.027875,-0.000665,-7.223084,-0.153219,7.224709,11|112|113|114|115|116,0.5620
6978.417031,-0.390100,-17.500414,-0.007849,16.987062,0.028577,-0.000634,-7.238258,-0.155851,7.239935,11|112|113|114|115|116,0.5619
6978.450364,-0.380634,-17.528790,-0.007689,16.994053,0.029002,-0.000752,-7.229824,-0.151137,7.231404,11|112|113|114|115|116,0.5627
6978.467031,-0.374953,-17.539149,-0.007762,17.000871,0.029114,-0.001088,-7.231012,-0.148163,7.232530,11|112|113|114|115|116,0.5634
6978.483697,-0.375013,-17.548070,-0.007763,17.007175,0.028795,-0.001101,-7.232467,-0.147880,7.233979,11|112|113|114|115|116,0.5624
6978.500364,-0.375455,-17.555147,-0.008394,17.021684,0.028947,-0.000973,-7.243131,-0.148273,7.244648,11|112|113|114|115|116,0.5628
6978.517031,-0.379491,-17.550399,-0.008120,17.029016,0.029067,-0.001162,-7.253044,-0.150585,7.254607,11|112|113|114|115|116,0.5635
6978.533697,-0.377199,-17.550483,-0.008176,17.035595,0.028794,-0.001173,-7.259576,-0.149066,7.261107,11|112|113|114|115|116,0.5650
6978.550364,-0.376430,-17.576515,-0.008798,17.035595,0.028794,-0.001173,-7.245428,-0.148654,7.246953,11|112|113|114|115|116,0.5662
6978.567031,-0.380350,-17.603733,-0.009024,17.042343,0.028307,-0.001097,-7.237385,-0.150302,7.238945,11|112|113|114|115|116,0.5645
6978.617031,-0.380306,-17.597182,-0.009025,17.064695,0.028544,-0.001684,-7.263297,-0.150515,7.264856,11|112|113|114|115|116,0.5649
6978.633697,-0.387121,-18.418883,-0.008935,17.071632,0.028691,-0.002312,-6.823659,-0.154520,6.825408,11|112|113|114|115|116|117|118,0.5652
6978.650364,-0.387720,-18.468360,-0.009431,17.084997,0.027890,-0.002333,-6.810134,-0.154055,6.811876,11|112|113|114|115|116|117|118,0.5610
6978.667031,-0.392059,-18.451281,-0.009836,17.084997,0.027890,-0.002333,-6.819417,-0.156410,6.821210,11|112|113|114|115|116|117|118,0.5624
6978.683697,-0.414818,-20.701471,-0.009949,17.092626,0.027491,-0.002620,-5.604122,-0.168806,5.606663,113|114|115|116|117|118,0.5662
6978.700364,-0.419359,-20.722880,-0.010459,17.100330,0.027696,-0.002526,-5.600191,-0.171482,5.602816,113|114|115|116|117|118,0.5646
6978.717031,-0.419360,-20.722873,-0.010461,17.113567,0.028130,-0.002659,-5.613432,-0.171917,5.616064,113|114|115|116|117|118,0.5620
6978.733697,-0.412479,-20.739409,-0.010901,17.113567,0.028130,-0.002659,-5.604444,-0.168181,5.606966,113|114|115|116|117|118,0.5635
6978.750364,-0.412478,-20.739411,-0.010900,17.127947,0.026859,-0.002287,-5.618822,-0.166909,5.621300,113|114|115|116|117|118,0.5659
6978.767031,-0.409697,-20.739177,-0.010510,17.127947,0.026859,-0.002287,-5.618949,-0.165398,5.621382,113|114|115|116|117|118,0.5657
6978.783697,-0.428297,-20.758697,-0.010229,17.134937,0.027331,-0.002204,-5.615334,-0.175982,5.618091,113|114|115|116|117|118,0.5646
6978.817031,-0.413416,-20.771230,-0.009705,17.148594,0.028462,-0.002249,-5.622176,-0.169027,5.624717,113|114|115|116|117|118,0.5648
6978.833697,-0.413415,-20.771230,-0.009704,17.155349,0.028939,-0.002123,-5.628932,-0.169504,5.631483,113|114|115|116|117|118,0.5646
6978.850364,-0.398349,-20.782214,-0.009247,17.170637,0.028147,-0.001746,-5.638247,-0.160527,5.640532,113|114|115|116|117|118,0.5639
6978.867031,-0.410442,-20.793324,-0.009039,17.170637,0.028147,-0.001746,-5.632211,-0.167101,5.634689,113|114|115|116|117|118,0.5640
6978.883697,-0.410690,-20.816472,-0.008908,17.185413,0.029321,-0.001713,-5.634407,-0.168414,5.636923,113|114|115|116|117|118,0.5641
6978.900364,-0.401609,-20.827134,-0.009246,17.192074,0.029082,-0.001761,-5.635271,-0.163242,5.637635,113|114|115|116|117|118,0.5627
6978.933697,-0.401609,-20.827134,-0.009246,17.206032,0.028165,-0.001591,-5.649229,-0.162324,5.651561,113|114|115|116|117|118,0.5634
6978.967031,-0.397133,-20.839255,-0.009165,17.220693,0.029168,-0.001362,-5.657303,-0.160897,5.659590,113|114|115|116|117|118,0.5632
6978.983697,-0.406949,-20.874470,-0.009233,17.220693,0.029168,-0.001362,-5.638166,-0.166238,5.640616,113|114|115|116|117|118,0.5627
6979.000364,-0.406950,-20.874468,-0.009234,17.227743,0.029874,-0.001283,-5.645216,-0.166946,5.647684,113|114|115|116|117|118,0.5636
6979.017031,-0.385670,-20.890290,-0.009115,17.234335,0.030030,-0.001383,-5.643206,-0.155539,5.645349,113|114|115|116|117|118,0.5645
6979.050364,-0.391951,-20.891189,-0.009684,17.255590,0.029420,-0.001638,-5.663973,-0.158343,5.666186,113|114|115|116|117|118,0.5641
6979.067031,-0.391950,-20.891191,-0.009684,17.255590,0.029420,-0.001638,-5.663972,-0.158342,5.666185,113|114|115|116|117|118,0.5647
6979.083697,-0.400624,-20.899300,-0.010420,17.269813,0.030016,-0.001485,-5.673790,-0.163654,5.676150,113|114|115|116|117|118,0.5638
6979.100364,-0.391701,-20.918105,-0.011463,17.276401,0.029963,-0.001483,-5.670156,-0.158754,5.672378,113|114|115|116|117|118,0.5635
6979.133697,-0.383493,-20.936392,-0.010725,17.283514,0.029170,-0.001112,-5.667329,-0.153505,5.669407,113|114|115|116|117|118,0.5645
6979.150364,-0.383494,-20.936392,-0.010725,17.298774,0.029416,-0.000829,-5.682589,-0.153751,5.684669,113|114|115|116|117|118,0.5652
6979.167031,-0.395923,-20.948157,-0.010547,17.305914,0.029665,-0.000715,-5.683337,-0.160757,5.685610,113|114|115|116|117|118,0.5633
6979.183697,-0.397153,-20.968113,-0.010431,17.312526,0.029330,-0.000706,-5.679104,-0.161094,5.681389,113|114|115|116|117|118|119,0.5570
6979.200364,-0.387981,-20.987461,-0.010242,17.319259,0.028956,-0.000277,-5.675320,-0.155740,5.677457,114|115|116|117|118|119,0.5629
6979.217031,-0.392647,-20.988981,-0.010056,17.319259,0.028956,-0.000277,-5.674495,-0.158275,5.676702,114|115|116|117|118|119,0.5641
6979.233697,-0.392645,-20.988982,-0.010059,17.334755,0.029038,0.000671,-5.689990,-0.158356,5.692193,114|115|116|117|118|119,0.5643
6979.250364,-0.401266,-21.016764,-0.009037,17.334755,0.029038,0.000671,-5.674892,-0.163047,5.677234,114|115|116|117|118|119,0.5642
6979.283697,-0.389676,-21.042602,-0.007855,17.355148,0.028774,0.000659,-5.681241,-0.156489,5.683396,114|115|116|117|118|119,0.5622
6979.300364,-0.396042,-21.043820,-0.008016,17.355148,0.028774,0.000659,-5.680581,-0.159949,5.682832,114|115|116|117|118|119,0.5633
6979.317031,-0.396041,-21.043822,-0.008019,17.369211,0.028788,0.001125,-5.694642,-0.159963,5.696889,114|115|116|117|118|119,0.5636
6979.333697,-0.403206,-21.049282,-0.008144,17.369211,0.028788,0.001125,-5.691676,-0.163858,5.694034,114|115|116|117|118|119,0.5630
6979.350364,-0.403206,-21.049283,-0.008144,17.383247,0.029055,0.000530,-5.705712,-0.164125,5.708072,114|115|116|117|118|119,0.5638
6979.367031,-0.400900,-21.072275,-0.007656,17.383247,0.029055,0.000530,-5.693216,-0.162876,5.695545,114|115|116|117|118|119,0.5647
6979.400364,-0.400901,-21.072274,-0.007658,17.396766,0.028850,0.000067,-5.706736,-0.162671,5.709054,114|115|116|117|118|119,0.5638
6979.417031,-0.401289,-21.089824,-0.008401,17.411688,0.029116,-0.000079,-5.712119,-0.163151,5.714448,114|115|116|117|118|119,0.5636
6979.433697,-0.399771,-21.105675,-0.008708,17.411688,0.029116,-0.000079,-5.703504,-0.162329,5.705814,114|115|116|117|118|119,0.5636
6979.450364,-0.399772,-21.105674,-0.008707,17.425699,0.029044,-0.000003,-5.717516,-0.162258,5.719818,114|115|116|117|118|119,0.5626
6979.467031,-0.393816,-21.134513,-0.008363,17.425699,0.029044,-0.000003,-5.701841,-0.159027,5.704058,114|115|116|117|118|119,0.5627
6979.483697,-0.393815,-21.134516,-0.008361,17.438774,0.028089,0.000128,-5.714915,-0.158071,5.717100,114|115|116|117|118|119,0.5624
6979.500364,-0.404220,-21.134916,-0.008299,17.438774,0.028089,0.000128,-5.714699,-0.163726,5.717044,114|115|116|117|118|119,0.5623
6979.517031,-0.413250,-21.141522,-0.008190,17.453592,0.028616,0.000180,-5.725929,-0.169161,5.728427,114|115|116|117|118|119,0.5624
6979.533697,-0.413250,-21.141521,-0.008188,17.453592,0.028616,0.000180,-5.725929,-0.169162,5.728428,114|115|116|117|118|119,0.5632
6979.550364,-0.410989,-21.157626,-0.008364,17.460767,0.028980,0.000156,-5.724352,-0.168299,5.726825,114|115|116|117|118|119,0.5636
6979.567031,-0.405840,-21.170222,-0.008407,17.474281,0.028645,0.000171,-5.731019,-0.165169,5.733398,114|115|116|117|118|119,0.5635
6979.583697,-0.400794,-21.182460,-0.008335,17.474281,0.028645,0.000171,-5.724367,-0.162428,5.726671,114|115|116|117|118|119,0.5629
6979.617031,-0.396039,-21.194369,-0.008279,17.494980,0.028982,0.000836,-5.738592,-0.160184,5.740827,114|115|116|117|118|119,0.5639
6979.633697,-0.400596,-21.209701,-0.007882,17.494980,0.028982,0.000836,-5.730260,-0.162664,5.732568,114|115|116|117|118|119,0.5637
6979.667031,-0.400595,-21.209707,-0.007885,17.515524,0.027702,0.000394,-5.750801,-0.161383,5.753065,114|115|116|117|118|119,0.5632
6979.683697,-0.408700,-21.228792,-0.008071,17.523161,0.027736,0.000424,-5.748067,-0.165825,5.750459,114|115|116|117|118|119|120|121,0.5516
6979.700364,-0.408656,-21.228872,-0.008074,17.530344,0.028108,0.000418,-5.755207,-0.166174,5.757605,114|115|116|117|118|119|120|121,0.5649
6979.717031,-0.417261,-21.255752,-0.007803,17.530344,0.028108,0.000418,-5.740600,-0.170855,5.743142,116|117|118|119|120|121,0.5648
6979.733697,-0.417260,-21.255751,-0.007797,17.544245,0.028194,0.000272,-5.754501,-0.170941,5.757039,116|117|118|119|120|121,0.5657
6979.750364,-0.407610,-21.279230,-0.007826,17.544245,0.028194,0.000272,-5.741739,-0.165700,5.744129,116|117|118|119|120|121,0.5646
6979.767031,-0.411561,-21.281475,-0.008285,17.551017,0.027955,0.000315,-5.747293,-0.167610,5.749736,116|117|118|119|120|121,0.5647
6979.783697,-0.411561,-21.281474,-0.008280,17.565901,0.027856,-0.000233,-5.762176,-0.167510,5.764611,116|117|118|119|120|121,0.5652
6979.817031,-0.415493,-21.314387,-0.008742,17.573406,0.027862,-0.000369,-5.751795,-0.169659,5.754297,116|117|118|119|120|121,0.5642
6979.850364,-0.420051,-21.333222,-0.009095,17.594610,0.026793,-0.000400,-5.762763,-0.171072,5.765302,116|117|118|119|120|121,0.5646
6979.867031,-0.420051,-21.333222,-0.009096,17.601440,0.027028,-0.000581,-5.769593,-0.171306,5.772136,116|117|118|119|120|121,0.5642
6979.883697,-0.424635,-21.338352,-0.008556,17.608366,0.027465,-0.000584,-5.773732,-0.174236,5.776360,116|117|118|119|120|121,0.5644
6979.900364,-0.430581,-21.344761,-0.009300,17.615175,0.027918,-0.000634,-5.777059,-0.177921,5.779798,116|117|118|119|120|121,0.5657
6979.950364,-0.408620,-21.369174,-0.009189,17.636963,0.028094,-0.000371,-5.785575,-0.166166,5.787960,116|117|118|119|120|121,0.5647
6979.967031,-0.410042,-21.377591,-0.008850,17.644455,0.028529,-0.000345,-5.788493,-0.167376,5.790912,116|117|118|119|120|121,0.5643
6979.983697,-0.412609,-21.398402,-0.008355,17.651726,0.028912,-0.000287,-5.784453,-0.169157,5.786926,116|117|118|119|120|121,0.5646
6980.000364,-0.406213,-21.410356,-0.007771,17.651726,0.028912,-0.000287,-5.777956,-0.165684,5.780331,116|117|118|119|120|121,0.5649
6980.017031,-0.406212,-21.410355,-0.007770,17.658840,0.028999,-0.000332,-5.785070,-0.165771,5.787445,116|117|118|119|120|121,0.5638
6980.033697,-0.399985,-21.430184,-0.007884,17.665344,0.028568,-0.000319,-5.780797,-0.161959,5.783065,116|117|118|119|120|121,0.5640
6980.050364,-0.405799,-21.430686,-0.007897,17.679836,0.028417,-0.000333,-5.795017,-0.164968,5.797365,116|117|118|119|120|121,0.5640
6980.067031,-0.405797,-21.430692,-0.007899,17.687328,0.028814,-0.000249,-5.802506,-0.165364,5.804862,116|117|118|119|120|121,0.5648
6980.083697,-0.407654,-21.453489,-0.007945,17.694677,0.029385,-0.000238,-5.797466,-0.166948,5.799869,116|117|118|119|120|121,0.5650
6980.100364,-0.407656,-21.453487,-0.007944,17.701692,0.029994,-0.000053,-5.804482,-0.167559,5.806900,116|117|118|119|120|121,0.5654
6980.117031,-0.394318,-21.473994,-0.008136,17.708061,0.029765,-0.000181,-5.799703,-0.160084,5.801912,116|117|118|119|120|121,0.5660
6980.167031,-0.400839,-21.487111,-0.008222,17.730026,0.030201,-0.000003,-5.814541,-0.164068,5.816855,116|117|118|119|120|121,0.5643
6980.183697,-0.400844,-21.487109,-0.008227,17.737108,0.030299,0.000204,-5.821623,-0.164168,5.823938,116|117|118|119|120|121,0.5655
6980.200364,-0.392601,-21.505611,-0.008784,17.743406,0.029854,0.000328,-5.817864,-0.159247,5.820043,116|117|118|119|120|121|122,0.5641
6980.217031,-0.382858,-21.527694,-0.008909,17.743406,0.029854,0.000328,-5.805861,-0.153955,5.807902,117|118|119|120|121|122,0.5645
6980.250364,-0.392435,-21.530112,-0.008784,17.757181,0.029456,0.000825,-5.818324,-0.158763,5.820489,117|118|119|120|121|122,0.5645
6980.267031,-0.392435,-21.530110,-0.008784,17.771923,0.029678,0.001096,-5.833067,-0.158985,5.835233,117|118|119|120|121|122,0.5649
6980.283697,-0.395501,-21.560931,-0.008113,17.771923,0.029678,0.001096,-5.816317,-0.160657,5.818535,117|118|119|120|121|122,0.5642
6980.300364,-0.395503,-21.560929,-0.008117,17.785520,0.029007,0.001004,-5.829915,-0.159987,5.832110,117|118|119|120|121|122,0.5642
6980.317031,-0.396214,-21.578898,-0.008712,17.785520,0.029007,0.001004,-5.820149,-0.160377,5.822359,117|118|119|120|121|122,0.5625
6980.333697,-0.396210,-21.578901,-0.008711,17.799894,0.029514,0.001156,-5.834522,-0.160881,5.836739,117|118|119|120|121|122,0.5621
6980.350364,-0.403318,-21.581139,-0.008578,17.799894,0.029514,0.001156,-5.833307,-0.164745,5.835632,117|118|119|120|121|122,0.5625
6980.367031,-0.399807,-21.591965,-0.008469,17.807258,0.029526,0.001247,-5.834787,-0.162851,5.837059,117|118|119|120|121|122,0.5637
6980.383697,-0.397650,-21.621541,-0.008131,17.814541,0.029461,0.001085,-5.825994,-0.161619,5.828236,117|118|119|120|121|122,0.5630
6980.400364,-0.399130,-21.633173,-0.007588,17.821317,0.028705,0.001068,-5.826450,-0.161669,5.828693,117|118|119|120|121|122,0.5621
6980.417031,-0.399131,-21.633170,-0.007587,17.828033,0.028487,0.001051,-5.833167,-0.161452,5.835401,117|118|119|120|121|122,0.5620
6980.433697,-0.412182,-21.639699,-0.007286,17.834942,0.028913,0.001072,-5.836530,-0.168972,5.838975,117|118|119|120|121|122,0.5647
6980.450364,-0.412178,-21.639700,-0.007283,17.841884,0.029082,0.001168,-5.843472,-0.169139,5.845919,117|118|119|120|121|122,0.5653
6980.467031,-0.406571,-21.644666,-0.007435,17.855705,0.029087,0.001264,-5.854593,-0.166098,5.856949,117|118|119|120|121|122,0.5656
6980.483697,-0.405035,-21.653047,-0.007667,17.855705,0.029087,0.001264,-5.850038,-0.165264,5.852372,117|118|119|120|121|122,0.5649
6980.500364,-0.405291,-21.662356,-0.007991,17.869613,0.029197,0.001309,-5.858887,-0.165516,5.861224,117|118|119|120|121|122,0.5640
6980.517031,-0.408008,-21.679240,-0.007728,17.869613,0.029197,0.001309,-5.849711,-0.166996,5.852094,117|118|119|120|121|122,0.5627
6980.550364,-0.408011,-21.679240,-0.007730,17.891254,0.029655,0.001319,-5.871352,-0.167455,5.873740,117|118|119|120|121|122,0.5636
6980.567031,-0.400394,-21.714095,-0.007840,17.891254,0.029655,0.001319,-5.852407,-0.163322,5.854686,117|118|119|120|121|122,0.5621
6980.583697,-0.398232,-21.724288,-0.007976,17.904106,0.028573,0.001388,-5.859719,-0.161067,5.861933,117|118|119|120|121|122,0.5625
6980.600364,-0.398232,-21.724288,-0.007977,17.904106,0.028573,0.001388,-5.859719,-0.161067,5.861933,117|118|119|120|121|122,0.5620
6980.633697,-0.409693,-21.734427,-0.008102,17.918262,0.028848,0.001563,-5.868367,-0.167573,5.870759,117|118|119|120|121|122,0.5632
6980.650364,-0.409694,-21.734426,-0.008105,17.925361,0.028890,0.001573,-5.875467,-0.167615,5.877858,117|118|119|120|121|122,0.5647
6980.667031,-0.409999,-21.759296,-0.007778,17.932466,0.028921,0.001632,-5.869056,-0.167817,5.871455,117|118|119|120|121|122,0.5645
6980.683697,-0.409956,-21.770399,-0.007822,17.946644,0.028898,0.001701,-5.877199,-0.167773,5.879593,117|118|119|120|121|122,0.5632
6980.717031,-0.410743,-21.792051,-0.007448,17.953596,0.029078,0.001799,-5.872384,-0.168385,5.874798,117|118|119|120|121|122|123|124,0.5626
6980.733697,-0.410590,-21.792648,-0.007431,17.967077,0.029385,0.001858,-5.885540,-0.168608,5.887955,118|119|120|121|122|123|124,0.5596
6980.750364,-0.407936,-21.800036,-0.007930,17.974083,0.029151,0.001650,-5.888530,-0.166934,5.890896,119|120|121|122|123|124,0.5642
6980.767031,-0.403800,-21.805244,-0.008195,17.980608,0.028564,0.001501,-5.892224,-0.164099,5.894509,119|120|121|122|123|124,0.5644
6980.783697,-0.408622,-21.820228,-0.008302,17.987667,0.028867,0.001573,-5.891141,-0.167026,5.893508,119|120|121|122|123|124,0.5644
6980.800364,-0.408621,-21.820231,-0.008300,17.995111,0.028790,0.001566,-5.898584,-0.166949,5.900946,119|120|121|122|123|124,0.5648
6980.817031,-0.416411,-21.821624,-0.008435,17.995111,0.028790,0.001566,-5.897828,-0.171182,5.900312,119|120|121|122|123|124,0.5661
6980.833697,-0.412572,-21.830892,-0.007796,18.009481,0.028970,0.001527,-5.907160,-0.169278,5.909585,119|120|121|122|123|124,0.5655
6980.867031,-0.412251,-21.873114,-0.007639,18.016163,0.028386,0.001119,-5.890895,-0.168528,5.893305,119|120|121|122|123|124,0.5635
6980.883697,-0.421633,-21.874873,-0.008240,18.023145,0.028355,0.001033,-5.896923,-0.173596,5.899478,119|120|121|122|123|124,0.5628
6980.900364,-0.421800,-21.883980,-0.008460,18.037418,0.028691,0.000937,-5.906247,-0.174023,5.908810,119|120|121|122|123|124,0.5632
6980.917031,-0.421793,-21.883979,-0.008458,18.044710,0.028716,0.000908,-5.913539,-0.174045,5.916100,119|120|121|122|123|124,0.5628
6980.933697,-0.417752,-21.905296,-0.008688,18.051632,0.028263,0.000697,-5.908875,-0.171400,5.911360,119|120|121|122|123|124,0.5627
6980.950364,-0.417753,-21.905293,-0.008691,18.051632,0.028263,0.000697,-5.908876,-0.171400,5.911362,119|120|121|122|123|124,0.5611
6980.967031,-0.424909,-21.919740,-0.008883,18.058315,0.027827,0.000760,-5.907709,-0.174856,5.910297,119|120|121|122|123|124,0.5615
6981.000364,-0.424905,-21.919741,-0.008881,18.078937,0.028463,0.000841,-5.928331,-0.175490,5.930928,119|120|121|122|123|124,0.5626
6981.017031,-0.424801,-21.936612,-0.008882,18.078937,0.028463,0.000841,-5.919162,-0.175436,5.921762,119|120|121|122|123|124,0.5635
6981.033697,-0.422866,-21.944164,-0.008987,18.085893,0.028635,0.000826,-5.922013,-0.174559,5.924586,119|120|121|122|123|124,0.5631
6981.050364,-0.422863,-21.944164,-0.008987,18.092958,0.028849,0.000803,-5.929078,-0.174772,5.931654,119|120|121|122|123|124,0.5633
6981.067031,-0.417455,-21.960182,-0.009183,18.107433,0.029774,0.000789,-5.934847,-0.172760,5.937360,119|120|121|122|123|124,0.5630
6981.083697,-0.406820,-21.971948,-0.008997,18.107433,0.029774,0.000789,-5.928450,-0.166983,5.930802,119|120|121|122|123|124,0.5628
6981.100364,-0.404646,-21.983211,-0.008879,18.122337,0.029683,0.000799,-5.937233,-0.165712,5.939545,119|120|121|122|123|124,0.5640
6981.117031,-0.406749,-21.998780,-0.008885,18.122337,0.029683,0.000799,-5.928772,-0.166858,5.931119,119|120|121|122|123|124,0.5637
6981.150364,-0.406739,-21.998780,-0.008881,18.143507,0.029128,0.000519,-5.949941,-0.166297,5.952265,119|120|121|122|123|124,0.5629
6981.167031,-0.408963,-22.019897,-0.008397,18.150608,0.029626,0.000541,-5.945566,-0.168008,5.947940,119|120|121|122|123|124,0.5622
6981.183697,-0.416658,-22.023901,-0.008551,18.150608,0.029626,0.000541,-5.943391,-0.172191,5.945885,119|120|121|122|123|124,0.5637
6981.217031,-0.403312,-22.050777,-0.008135,18.164980,0.030160,0.000615,-5.943155,-0.165477,5.945458,119|120|121|122|123|124,0.5640
6981.250364,-0.395239,-22.068353,-0.007859,18.178537,0.030280,0.000435,-5.947158,-0.161212,5.949342,119|120|121|122|123|124|125,0.5639
6981.267031,-0.395232,-22.068357,-0.007860,18.185686,0.030481,0.000424,-5.954305,-0.161410,5.956492,119|120|121|122|123|124|125,0.5618
6981.283697,-0.395768,-22.081308,-0.007988,18.193111,0.030693,0.000441,-5.954691,-0.161916,5.956892,120|121|122|123|124|125,0.5638
6981.300364,-0.395768,-22.081307,-0.007980,18.200550,0.030885,0.000415,-5.962131,-0.162107,5.964334,120|121|122|123|124|125,0.5654
6981.317031,-0.390055,-22.105906,-0.007813,18.214136,0.030396,0.000567,-5.962347,-0.158519,5.964454,120|121|122|123|124|125,0.5652
6981.333697,-0.390346,-22.115149,-0.008014,18.214136,0.030396,0.000567,-5.957323,-0.158679,5.959436,120|121|122|123|124|125,0.5641
6981.367031,-0.396447,-22.124871,-0.007978,18.235708,0.030523,0.001322,-5.973613,-0.162123,5.975813,120|121|122|123|124|125,0.5647
6981.383697,-0.395909,-22.137107,-0.008076,18.242983,0.030600,0.001313,-5.974237,-0.161910,5.976431,120|121|122|123|124|125,0.5646
6981.400364,-0.397467,-22.151998,-0.008457,18.242983,0.030600,0.001313,-5.966145,-0.162760,5.968364,120|121|122|123|124|125,0.5634
6981.433697,-0.397471,-22.151998,-0.008458,18.264061,0.030153,0.001346,-5.987223,-0.162314,5.989422,120|121|122|123|124|125,0.5625
6981.450364,-0.406807,-22.177824,-0.008256,18.264061,0.030153,0.001346,-5.973189,-0.167393,5.975534,120|121|122|123|124|125,0.5640
6981.467031,-0.404463,-22.189023,-0.008369,18.271356,0.030358,0.001398,-5.974398,-0.166326,5.976712,120|121|122|123|124|125,0.5636
6981.483697,-0.404461,-22.189023,-0.008367,18.285743,0.029846,0.001342,-5.988785,-0.165814,5.991080,120|121|122|123|124|125,0.5633
6981.500364,-0.401771,-22.199531,-0.008324,18.292066,0.029666,0.001206,-5.989396,-0.164174,5.991646,120|121|122|123|124|125,0.5624
6981.517031,-0.402510,-22.213441,-0.008420,18.298908,0.029993,0.001281,-5.988678,-0.164905,5.990948,120|121|122|123|124|125,0.5619
6981.533697,-0.409710,-22.223073,-0.008231,18.305887,0.030121,0.001547,-5.990424,-0.168948,5.992806,120|121|122|123|124|125,0.5625
6981.550364,-0.411910,-22.220025,-0.008211,18.305887,0.030121,0.001547,-5.992081,-0.170143,5.994496,120|121|122|123|124|125,0.5632
6981.567031,-0.407703,-22.224773,-0.007577,18.313078,0.029894,0.001482,-5.996690,-0.167631,5.999033,120|121|122|123|124|125,0.5638
6981.583697,-0.406877,-22.233113,-0.006729,18.320236,0.029683,0.001425,-5.999316,-0.166971,6.001639,120|121|122|123|124|125,0.5638
6981.600364,-0.413333,-22.251758,-0.007034,18.327244,0.029524,0.001410,-5.996191,-0.170325,5.998610,120|121|122|123|124|125,0.5632
6981.617031,-0.415392,-22.262080,-0.007258,18.334659,0.029931,0.001352,-5.997998,-0.171853,6.000459,120|121|122|123|124|125,0.5620
6981.633697,-0.410252,-22.276139,-0.007572,18.341881,0.030087,0.001337,-5.997577,-0.169219,5.999964,120|121|122|123|124|125,0.5618
6981.650364,-0.408462,-22.286798,-0.007815,18.349096,0.030247,0.001331,-5.998999,-0.168408,6.001363,120|121|122|123|124|125,0.5617
6981.683697,-0.402926,-22.306715,-0.008196,18.363231,0.030336,0.001194,-6.002309,-0.165492,6.004590,120|121|122|123|124|125,0.5618
6981.700364,-0.406598,-22.312310,-0.008020,18.369575,0.029591,0.001189,-6.005613,-0.166743,6.007927,120|121|122|123|124|125,0.5610
6981.717031,-0.406596,-22.312312,-0.008019,18.383373,0.029978,0.001215,-6.019410,-0.167129,6.021730,120|121|122|123|124|125,0.5615
6981.733697,-0.417155,-22.311822,-0.007781,18.383373,0.029978,0.001215,-6.019678,-0.172868,6.022160,120|121|122|123|124|125,0.5621
6981.750364,-0.413375,-22.318850,-0.007836,18.397714,0.030032,0.001244,-6.030199,-0.170868,6.032620,120|121|122|123|124|125,0.5629
6981.767031,-0.412160,-22.331098,-0.007858,18.397714,0.030032,0.001244,-6.023543,-0.170210,6.025947,120|121|122|123|124|125|126|127,0.5635
6981.783697,-0.412240,-22.342819,-0.007961,18.411922,0.029933,0.001279,-6.031380,-0.170157,6.033780,120|121|122|123|124|125|126|127,0.5498
6981.800364,-0.412349,-22.355473,-0.008677,18.418712,0.030153,0.001307,-6.031293,-0.170439,6.033701,122|123|124|125|126|127,0.5616
6981.817031,-0.412123,-22.368003,-0.008825,18.425405,0.030378,0.001296,-6.031176,-0.170544,6.033587,122|123|124|125|126|127,0.5605
6981.850364,-0.407779,-22.386905,-0.009147,18.432199,0.030454,0.001366,-6.027696,-0.168262,6.030045,122|123|124|125|126|127,0.5635
6981.867031,-0.407433,-22.394689,-0.008647,18.439148,0.030255,0.001346,-6.030414,-0.167877,6.032750,122|123|124|125|126|127,0.5645
6981.883697,-0.407433,-22.394689,-0.008648,18.445781,0.029509,0.001259,-6.037048,-0.167131,6.039361,122|123|124|125|126|127,0.5640
6981.900364,-0.410225,-22.403244,-0.008533,18.452963,0.029660,0.001255,-6.039581,-0.168800,6.041939,122|123|124|125|126|127,0.5639
6981.917031,-0.419169,-22.414754,-0.008964,18.460115,0.029855,0.001255,-6.040479,-0.173859,6.042981,122|123|124|125|126|127,0.5639
6981.933697,-0.416752,-22.426135,-0.009116,18.467479,0.029828,0.001107,-6.041658,-0.172520,6.044121,122|123|124|125|126|127,0.5645
6981.983697,-0.422765,-22.459005,-0.009413,18.495924,0.029452,0.000491,-6.052239,-0.175418,6.054781,122|123|124|125|126|127,0.5631
6982.000364,-0.422768,-22.459005,-0.009415,18.495924,0.029452,0.000491,-6.052239,-0.175419,6.054781,122|123|124|125|126|127,0.5632
6982.017031,-0.426567,-22.465658,-0.009521,18.510374,0.029729,0.000296,-6.063074,-0.177763,6.065680,122|123|124|125|126|127,0.5638
6982.033697,-0.422147,-22.487964,-0.009386,18.510374,0.029729,0.000296,-6.050950,-0.175365,6.053491,122|123|124|125|126|127,0.5628
6982.050364,-0.421015,-22.500429,-0.009465,18.517349,0.029415,0.000161,-6.051151,-0.174438,6.053665,122|123|124|125|126|127,0.5625
6982.067031,-0.426013,-22.503970,-0.009417,18.524233,0.029012,0.000162,-6.056111,-0.176752,6.058690,122|123|124|125|126|127,0.5635
6982.083697,-0.426013,-22.503972,-0.009418,18.537876,0.029157,0.000055,-6.069753,-0.176898,6.072331,122|123|124|125|126|127,0.5636
6982.100364,-0.433029,-22.511123,-0.009229,18.537876,0.029157,0.000055,-6.065868,-0.180712,6.068559,122|123|124|125|126|127,0.5650
6982.117031,-0.433030,-22.511124,-0.009233,18.544689,0.029410,0.000034,-6.072681,-0.180966,6.075377,122|123|124|125|126|127,0.5680
6982.150364,-0.423627,-22.535587,-0.010386,18.558408,0.029898,-0.000006,-6.073103,-0.176348,6.075663,122|123|124|125|126|127,0.5666
6982.167031,-0.420261,-22.544112,-0.010654,18.565508,0.030377,0.000012,-6.075569,-0.174998,6.078089,122|123|124|125|126|127,0.5646
6982.183697,-0.420262,-22.544110,-0.010656,18.572717,0.030705,0.000169,-6.082779,-0.175327,6.085306,122|123|124|125|126|127,0.5653
6982.200364,-0.413614,-22.553771,-0.010357,18.580253,0.030622,0.000155,-6.085063,-0.171633,6.087483,122|123|124|125|126|127,0.5654
6982.217031,-0.409864,-22.564557,-0.010041,18.595070,0.030725,0.000139,-6.094017,-0.169700,6.096379,122|123|124|125|126|127,0.5662
6982.233697,-0.411110,-22.580376,-0.009886,18.601631,0.030013,0.000155,-6.091981,-0.169668,6.094344,122|123|124|125|126|127,0.5648
6982.250364,-0.409871,-22.604839,-0.009584,18.601631,0.030013,0.000155,-6.078686,-0.169000,6.081035,122|123|124|125|126|127,0.5634
6982.267031,-0.419731,-22.606023,-0.009325,18.608724,0.030030,0.000159,-6.085138,-0.174376,6.087636,122|123|124|125|126|127,0.5650
6982.300364,-0.411789,-22.622755,-0.009509,18.623043,0.030869,0.000246,-6.090361,-0.170901,6.092759,122|123|124|125|126|127,0.5598
6982.333697,-0.411332,-22.623809,-0.008933,18.643923,0.031440,0.000040,-6.110668,-0.171224,6.113067,123|124|125|126|127,0.5650
6982.350364,-0.398999,-22.651908,-0.008805,18.643923,0.031440,0.000040,-6.095395,-0.164526,6.097615,123|124|125|126|127,0.5661
6982.367031,-0.400388,-22.655971,-0.008955,18.658182,0.031637,0.000030,-6.107446,-0.165480,6.109687,123|124|125|126|127,0.5637
6982.383697,-0.401275,-22.660901,-0.009017,18.658182,0.031637,0.000030,-6.104767,-0.165962,6.107022,123|124|125|126|127,0.5643
6982.400364,-0.401274,-22.660901,-0.009013,18.673057,0.032010,0.000045,-6.119642,-0.166335,6.121903,123|124|125|126|127,0.5637
6982.450364,-0.399345,-22.701827,-0.008775,18.686289,0.031356,-0.000075,-6.110631,-0.164641,6.112848,123|124|125|126|127,0.5645
6982.467031,-0.399345,-22.701828,-0.008776,18.693414,0.031607,0.000275,-6.117756,-0.164891,6.119978,123|124|125|126|127,0.5653
6982.483697,-0.402850,-22.706769,-0.008870,18.708179,0.031570,0.000471,-6.129836,-0.166760,6.132104,123|124|125|126|127,0.5660
6982.500364,-0.400359,-22.717878,-0.008380,18.715080,0.031109,0.000344,-6.130699,-0.164947,6.132918,123|124|125|126|127,0.5655
6982.517031,-0.401707,-22.733591,-0.007943,18.721952,0.030829,0.000360,-6.129032,-0.165403,6.131263,123|124|125|126|127,0.5657
6982.533698,-0.408427,-22.751971,-0.008424,18.721952,0.030829,0.000360,-6.119044,-0.169059,6.121379,123|124|125|126|127,0.5641
6982.550364,-0.412151,-22.759278,-0.008055,18.729202,0.031062,0.000426,-6.122324,-0.171317,6.124720,123|124|125|126|127,0.5627
6982.567031,-0.412151,-22.759278,-0.008056,18.743725,0.031414,0.000578,-6.136846,-0.171669,6.139247,123|124|125|126|127,0.5644
6982.583698,-0.406017,-22.781041,-0.008109,18.743725,0.031414,0.000578,-6.125017,-0.168339,6.127330,123|124|125|126|127,0.5636
6982.600364,-0.406017,-22.781041,-0.008109,18.757461,0.030594,0.000261,-6.138754,-0.167519,6.141039,123|124|125|126|127,0.5655
6982.617031,-0.409951,-22.806480,-0.007949,18.763597,0.031207,0.000210,-6.131065,-0.170275,6.133429,123|124|125|126|127,0.5645
6982.633698,-0.416841,-22.806358,-0.008019,18.763597,0.031207,0.000210,-6.131132,-0.174019,6.133601,123|124|125|126|127,0.5633
6982.650364,-0.416843,-22.806361,-0.008021,18.777881,0.030873,0.000730,-6.145415,-0.173687,6.147869,123|124|125|126|127,0.5655
6982.667031,-0.408219,-22.801772,-0.008406,18.784910,0.030659,0.000619,-6.154936,-0.168785,6.157250,123|124|125|126|127,0.5662
6982.700364,-0.418171,-22.830570,-0.008317,18.799181,0.030854,0.000532,-6.153558,-0.174393,6.156029,123|124|125|126|127,0.5648
6982.717031,-0.421223,-22.839693,-0.008149,18.799181,0.030854,0.000532,-6.148600,-0.176054,6.151120,123|124|125|126|127,0.5634
6982.733698,-0.421223,-22.839694,-0.008150,18.813890,0.031312,0.000492,-6.163309,-0.176513,6.165836,123|124|125|126|127,0.5634
6982.750364,-0.415470,-22.854959,-0.008165,18.821228,0.031491,0.000493,-6.162349,-0.173568,6.164793,123|124|125|126|127,0.5630
6982.767031,-0.412523,-22.865821,-0.008446,18.828417,0.031507,0.000355,-6.163634,-0.171984,6.166033,123|124|125|126|127,0.5615
6982.783698,-0.409267,-22.877122,-0.008540,18.834779,0.030838,0.000348,-6.163855,-0.169548,6.166186,123|124|125|126|127,0.5632
6982.800364,-0.407321,-22.888720,-0.009175,18.841303,0.030565,0.000357,-6.164074,-0.168220,6.166369,123|124|125|126|127,0.5621
6982.817031,-0.417354,-22.896895,-0.009037,18.841303,0.030565,0.000357,-6.159633,-0.173674,6.162081,123|124|125|126|127,0.5596
6982.833698,-0.421266,-22.899254,-0.009305,18.855558,0.030930,0.000426,-6.172607,-0.176166,6.175121,123|124|125|126|127,0.5464
6982.850364,-0.418348,-22.910886,-0.010229,18.855558,0.030930,0.000426,-6.166285,-0.174582,6.168756,125|126|127,0.5629
6982.867031,-0.418347,-22.910884,-0.010224,18.862755,0.031030,0.000478,-6.173482,-0.174681,6.175953,125|126|127,0.5638
6982.883698,-0.415724,-22.937394,-0.009655,18.876878,0.030701,0.000387,-6.173198,-0.172931,6.175620,125|126|127,0.5644
6982.917031,-0.415723,-22.937395,-0.009654,18.890575,0.031088,0.000826,-6.186895,-0.173318,6.189322,125|126|127,0.5634
6982.933698,-0.418208,-22.963809,-0.009645,18.890575,0.031088,0.000826,-6.172539,-0.174673,6.175010,125|126|127,0.5648
6982.950364,-0.414430,-22.970555,-0.009410,18.904438,0.031174,0.000838,-6.182735,-0.172708,6.185147,125|126|127,0.5645
6982.967031,-0.411453,-22.977719,-0.009071,18.911237,0.030601,0.000744,-6.185641,-0.170517,6.187991,125|126|127,0.5645
6982.983698,-0.413187,-22.986583,-0.008515,18.918028,0.030247,0.000651,-6.187614,-0.171108,6.189979,125|126|127,0.5632
6983.000364,-0.413188,-22.986582,-0.008515,18.925337,0.030439,0.000650,-6.194923,-0.171301,6.197291,125|126|127,0.5618
6983.017031,-0.421481,-22.988842,-0.009103,18.932783,0.030528,0.000552,-6.201143,-0.175897,6.203637,125|126|127,0.5600
6983.033698,-0.426319,-22.994105,-0.009455,18.939979,0.030681,0.000524,-6.205480,-0.178680,6.208052,125|126|127,0.5616
6983.050364,-0.423230,-23.021060,-0.010228,18.939979,0.030681,0.000524,-6.190830,-0.177006,6.193360,125|126|127,0.5664
6983.067031,-0.421333,-23.034593,-0.009877,18.947170,0.030632,0.000087,-6.190666,-0.175929,6.193165,125|126|127,0.5658
6983.083698,-0.423703,-23.042841,-0.009403,18.961044,0.030187,-0.000084,-6.200057,-0.176774,6.202577,125|126|127,0.5645
6983.100364,-0.423702,-23.042843,-0.009402,18.968261,0.030429,-0.000150,-6.207274,-0.177015,6.209797,125|126|127,0.5630
6983.117031,-0.430719,-23.046551,-0.009611,18.968261,0.030429,-0.000150,-6.205260,-0.180830,6.207894,125|126|127,0.5648
6983.133698,-0.429577,-23.056648,-0.009242,18.982908,0.030181,-0.000301,-6.214418,-0.179963,6.217024,125|126|127,0.5637
6983.150364,-0.426260,-23.068603,-0.010139,18.990087,0.029615,-0.000312,-6.215100,-0.177596,6.217637,125|126|127,0.5647
6983.183698,-0.437892,-23.096766,-0.010612,18.996559,0.029625,-0.000317,-6.206268,-0.183933,6.208993,125|126|127,0.5654
6983.200364,-0.437981,-23.096059,-0.010585,19.003237,0.029661,-0.000429,-6.213330,-0.184018,6.216054,125|126|127,0.5622
6983.217031,-0.437434,-23.100622,-0.010987,19.010202,0.029985,-0.000427,-6.217816,-0.184045,6.220539,125|126|127,0.5642
6983.233698,-0.433492,-23.108876,-0.011367,19.017177,0.030305,-0.000451,-6.220304,-0.182225,6.222973,125|126|127,0.5648
6983.250364,-0.429085,-23.117851,-0.011323,19.024246,0.030622,-0.000447,-6.222494,-0.180148,6.225101,125|126|127,0.5642
6983.267031,-0.429085,-23.117855,-0.011328,19.038370,0.031154,-0.000492,-6.236616,-0.180679,6.239232,125|126|127,0.5637
6983.283698,-0.421464,-23.133883,-0.010472,19.038370,0.031154,-0.000492,-6.227903,-0.176541,6.230405,125|126|127,0.5639
6983.300364,-0.416620,-23.144820,-0.010517,19.045910,0.031138,-0.000537,-6.229498,-0.173895,6.231925,125|126|127,0.5638
6983.317031,-0.416620,-23.144821,-0.010518,19.053375,0.031272,-0.000546,-6.236963,-0.174029,6.239391,125|126|127,0.5631
6983.333698,-0.415135,-23.174621,-0.010817,19.067697,0.030819,-0.000616,-6.235089,-0.172774,6.237483,125|126|127,0.5581
6983.350364,-0.415213,-23.175705,-0.011265,19.074638,0.030479,-0.000723,-6.241441,-0.172477,6.243824,126|127,0.5626
6983.367031,-0.422134,-23.190978,-0.011903,19.081920,0.030889,-0.000677,-6.240424,-0.176651,6.242924,126|127,0.5635
6983.400364,-0.420023,-23.207564,-0.011317,19.089037,0.031327,-0.000596,-6.238526,-0.175944,6.241006,126|127,0.5627
6983.417031,-0.414466,-23.217051,-0.011745,19.096189,0.031697,-0.000529,-6.240522,-0.173297,6.242927,126|127,0.5640
6983.433698,-0.409020,-23.227705,-0.011097,19.110233,0.032046,-0.000716,-6.248774,-0.170688,6.251105,126|127,0.5617
6983.450364,-0.403594,-23.237376,-0.010928,19.116585,0.031518,-0.000785,-6.249868,-0.167213,6.252105,126|127,0.5634
6983.467031,-0.403594,-23.237376,-0.010928,19.124101,0.031852,-0.000783,-6.257385,-0.167547,6.259628,126|127,0.5619
6983.483698,-0.411979,-23.241051,-0.011512,19.131698,0.032172,-0.000791,-6.262986,-0.172425,6.265360,126|127,0.5602
6983.500364,-0.406912,-23.254666,-0.010820,19.139263,0.032488,-0.000803,-6.263151,-0.169989,6.265457,126|127,0.5627
6983.517031,-0.406915,-23.254668,-0.010826,19.146023,0.032116,-0.000715,-6.269909,-0.169619,6.272203,126|127,0.5647
6983.533698,-0.398754,-23.282634,-0.011279,19.146023,0.032116,-0.000715,-6.254709,-0.165189,6.256890,126|127,0.5642
6983.550364,-0.398752,-23.282634,-0.011275,19.159830,0.031793,-0.000685,-6.268516,-0.164864,6.270684,126|127,0.5646
6983.567031,-0.403174,-23.286492,-0.010454,19.167400,0.031788,-0.000549,-6.273990,-0.167264,6.276220,126|127,0.5642
6983.583698,-0.407878,-23.300267,-0.010442,19.174623,0.031954,-0.000638,-6.273728,-0.169989,6.276030,126|127,0.5659
6983.600364,-0.407878,-23.300267,-0.010442,19.181602,0.031633,-0.000869,-6.280707,-0.169668,6.282998,126|127,0.5671
6983.617031,-0.405908,-23.329585,-0.010251,19.181602,0.031633,-0.000869,-6.264773,-0.168603,6.267041,126|127,0.5686
6983.633698,-0.405901,-23.329584,-0.010242,19.191416,0.030539,-0.001221,-6.274587,-0.167504,6.276822,126|127,0.5654
6983.667031,-0.414032,-23.351189,-0.010219,19.194143,0.030250,-0.001240,-6.265574,-0.171639,6.267924,126|127,0.5667
6983.683698,-0.414033,-23.351190,-0.010220,19.195324,0.030123,-0.001206,-6.266754,-0.171513,6.269101,126|127,0.5663
6983.700364,-0.414712,-23.354479,-0.010796,19.195366,0.030124,-0.001206,-6.265009,-0.171884,6.267366,126|127,0.5655
6983.717031,-0.414797,-23.354569,-0.010891,19.195366,0.030124,-0.001206,-6.264960,-0.171930,6.267318,126|127,0.5654
6983.733698,-0.414669,-23.354776,-0.010767,19.195371,0.030127,-0.001205,-6.264853,-0.171863,6.267210,126|127,0.5634
6983.750364,-0.415068,-23.354990,-0.011300,19.195371,0.030127,-0.001205,-6.264737,-0.172080,6.267100,126|127,0.5626
6983.767031,-0.415068,-23.354989,-0.011299,19.195387,0.030124,-0.001205,-6.264753,-0.172077,6.267115,126|127,0.5617
6983.783698,-0.414989,-23.355457,-0.011088,19.195392,0.030122,-0.001205,-6.264504,-0.172032,6.266866,126|127,0.5620
6983.800364,-0.414778,-23.355358,-0.010675,19.195392,0.030122,-0.001205,-6.264558,-0.171918,6.266916,126|127,0.5616
6983.817031,-0.414838,-23.355185,-0.010686,19.195400,0.030121,-0.001205,-6.264660,-0.171949,6.267019,126|127,0.5622
6983.833698,-0.415155,-23.355733,-0.011296,19.195408,0.030119,-0.001205,-6.264370,-0.172119,6.266734,126|127,0.5609
6983.850364,-0.415155,-23.355733,-0.011296,19.195413,0.030117,-0.001205,-6.264375,-0.172117,6.266739,126|127,0.5611
6983.867031,-0.415089,-23.355455,-0.011158,19.195429,0.030113,-0.001205,-6.264541,-0.172078,6.266904,126|127,0.5621
6983.900364,-0.415243,-23.356004,-0.011339,19.195434,0.030112,-0.001206,-6.264249,-0.172160,6.266614,126|127,0.5603
6983.917031,-0.415345,-23.355874,-0.011388,19.195440,0.030110,-0.001206,-6.264325,-0.172214,6.266692,126|127,0.5609
6983.933698,-0.415346,-23.355785,-0.011321,19.195455,0.030106,-0.001206,-6.264389,-0.172210,6.266755,126|127,0.5608
6983.950364,-0.415732,-23.356130,-0.011662,19.195455,0.030106,-0.001206,-6.264202,-0.172420,6.266574,126|127,0.5606
6983.967031,-0.415732,-23.356129,-0.011662,19.195469,0.030103,-0.001206,-6.264215,-0.172417,6.266588,126|127,0.5597
6983.983698,-0.415758,-23.356307,-0.011594,19.195469,0.030103,-0.001206,-6.264119,-0.172431,6.266491,126|127,0.5600
6984.000364,-0.415702,-23.356199,-0.011491,19.195471,0.030107,-0.001207,-6.264179,-0.172405,6.266551,126|127,0.5606
6984.017031,-0.415833,-23.356673,-0.011659,19.195474,0.030110,-0.001206,-6.263925,-0.172478,6.266299,126|127,0.5597
6984.033698,-0.415659,-23.356714,-0.011430,19.195480,0.030110,-0.001207,-6.263909,-0.172384,6.266280,126|127,0.5590
6984.050364,-0.415659,-23.356714,-0.011430,19.195488,0.030109,-0.001206,-6.263916,-0.172383,6.266288,126|127,0.5601
6984.067031,-0.415606,-23.356247,-0.011467,19.195495,0.030106,-0.001206,-6.264178,-0.172352,6.266548,126|127,0.5603
6984.083698,-0.415940,-23.356469,-0.011734,19.195501,0.030104,-0.001206,-6.264063,-0.172531,6.266438,126|127,0.5597
6984.100364,-0.415940,-23.356469,-0.011733,19.195511,0.030102,-0.001206,-6.264072,-0.172529,6.266448,126|127,0.5598
6984.117031,-0.415796,-23.356786,-0.011324,19.195524,0.030097,-0.001206,-6.263913,-0.172446,6.266287,126|127,0.5596
6984.133698,-0.415796,-23.356786,-0.011324,19.195534,0.030094,-0.001206,-6.263923,-0.172443,6.266296,126|127,0.5597
6984.150364,-0.415927,-23.357098,-0.011591,19.195534,0.030094,-0.001206,-6.263754,-0.172515,6.266129,126|127,0.5591
6984.167031,-0.415881,-23.357234,-0.011646,19.195537,0.030094,-0.001207,-6.263683,-0.172488,6.266058,126|127,0.5592
6984.183698,-0.416309,-23.357115,-0.012298,19.195537,0.030102,-0.001206,-6.263748,-0.172730,6.266129,126|127,0.5589
6984.200364,-0.416270,-23.356674,-0.012309,19.195537,0.030106,-0.001206,-6.263988,-0.172712,6.266368,126|127,0.5602
6984.217031,-0.416406,-23.356906,-0.012494,19.195547,0.030107,-0.001205,-6.263871,-0.172787,6.266254,126|127,0.5593
6984.250364,-0.415962,-23.356853,-0.011692,19.195562,0.030104,-0.001206,-6.263915,-0.172543,6.266291,126|127,0.5593
6984.267031,-0.415962,-23.356853,-0.011693,19.195572,0.030101,-0.001205,-6.263925,-0.172540,6.266301,126|127,0.5588
6984.283698,-0.415900,-23.356930,-0.011437,19.195577,0.030099,-0.001207,-6.263889,-0.172505,6.266264,126|127,0.5584
6984.300364,-0.415799,-23.357165,-0.011315,19.195587,0.030097,-0.001207,-6.263770,-0.172447,6.266144,126|127,0.5582
6984.317031,-0.415687,-23.356911,-0.011136,19.195587,0.030097,-0.001207,-6.263909,-0.172387,6.266280,126|127,0.5590
6984.350364,-0.416008,-23.356533,-0.011321,19.195600,0.030092,-0.001206,-6.264127,-0.172556,6.266503,126|127,0.5594
6984.367031,-0.415909,-23.356858,-0.011206,19.195608,0.030090,-0.001207,-6.263959,-0.172500,6.266333,126|127,0.5594
6984.383698,-0.415910,-23.356742,-0.011028,19.195616,0.030087,-0.001207,-6.264029,-0.172497,6.266404,126|127,0.5594
6984.400364,-0.415913,-23.356587,-0.010961,19.195623,0.030085,-0.001206,-6.264121,-0.172497,6.266495,126|127,0.5607
6984.417031,-0.415626,-23.357084,-0.010501,19.195633,0.030083,-0.001206,-6.263860,-0.172339,6.266231,126|127,0.5588
6984.433698,-0.415531,-23.356798,-0.010285,19.195640,0.030081,-0.001206,-6.264023,-0.172286,6.266392,126|127,0.5594
6984.450364,-0.415895,-23.356721,-0.010580,19.195648,0.030079,-0.001207,-6.264073,-0.172482,6.266447,126|127,0.5600
6984.467031,-0.415896,-23.356721,-0.010582,19.195656,0.030084,-0.001207,-6.264080,-0.172487,6.266455,126|127,0.5597
6984.483698,-0.415982,-23.356562,-0.010550,19.195657,0.030085,-0.001207,-6.264169,-0.172535,6.266544,126|127,0.5599
6984.500364,-0.415959,-23.356761,-0.010639,19.195657,0.030085,-0.001207,-6.264060,-0.172523,6.266436,126|127,0.5592
6984.517031,-0.415573,-23.357105,-0.010456,19.195671,0.030083,-0.001206,-6.263887,-0.172311,6.266257,126|127,0.5594
6984.550364,-0.415588,-23.356868,-0.010582,19.195688,0.030078,-0.001208,-6.264033,-0.172314,6.266403,126|127,0.5598
6984.567031,-0.415760,-23.357191,-0.011045,19.195698,0.030075,-0.001208,-6.263867,-0.172405,6.266239,126|127,0.5588
6984.583698,-0.416465,-23.357314,-0.012144,19.195698,0.030075,-0.001208,-6.263800,-0.172788,6.266183,126|127,0.5593
6984.617031,-0.416686,-23.357237,-0.012381,19.195717,0.030076,-0.001208,-6.263861,-0.172908,6.266247,126|127,0.5595
6984.633698,-0.416366,-23.357460,-0.011955,19.195720,0.030077,-0.001208,-6.263744,-0.172736,6.266125,126|127,0.5597
6984.667031,-0.416366,-23.357460,-0.011954,19.195726,0.030076,-0.001208,-6.263750,-0.172735,6.266131,126|127,0.5594
6984.683698,-0.415978,-23.357554,-0.011467,19.195734,0.030074,-0.001208,-6.263706,-0.172522,6.266082,126|127,0.5589
6984.700364,-0.415908,-23.357196,-0.011278,19.195743,0.030071,-0.001208,-6.263910,-0.172481,6.266284,126|127,0.5599
6984.733698,-0.416413,-23.356756,-0.011477,19.195768,0.030063,-0.001209,-6.264174,-0.172747,6.266555,126|127,0.5607
6984.750364,-0.416654,-23.356985,-0.012158,19.195766,0.030070,-0.001209,-6.264048,-0.172885,6.266433,126|127,0.5608
6984.767031,-0.416735,-23.357399,-0.012578,19.195766,0.030070,-0.001209,-6.263823,-0.172930,6.266209,126|127,0.5594
6984.783698,-0.416660,-23.357376,-0.012500,19.195774,0.030073,-0.001208,-6.263843,-0.172891,6.266228,126|127,0.5598
