t,x,y,yaw,odom_x,odom_y,odom_yaw,error_x,error_y,error_dist,tags_used,quality
6987.450364,-0.175167,0.238175,0.003662,0|1|2,0.5649
6987.467031,-0.166463,0.229037,0.003251,0|1|2,0.5650
6987.483698,-0.168570,0.220098,0.003403,0|1|2,0.5659
6987.500364,-0.177222,0.211178,0.003417,0|1|2,0.5668
6987.517031,-0.177223,0.211177,0.003420,0|1|2,0.5669
6987.533698,-0.194888,0.194282,0.003703,0|1|2,0.5659
6987.550364,-0.184802,0.185635,0.003832,0|1|2,0.5645
6987.567031,-0.173201,0.176277,0.003788,0|1|2,0.5642
6987.583698,-0.173201,0.176278,0.003788,-0.000000,0.000000,0.000000,0.000000,-0.000000,0.000000,0|1|2,0.5627
6987.600364,-0.180710,0.159890,0.002642,0.006730,0.000097,0.000090,0.002161,-0.004212,0.004734,0|1|2,0.5631
6987.617031,-0.188492,0.151383,0.003010,0.006730,0.000097,0.000090,0.006769,-0.008459,0.010833,0|1|2,0.5641
6987.633698,-0.188490,0.151384,0.003006,0.020419,0.001065,0.000491,-0.006921,-0.009425,0.011694,0|1|2,0.5634
6987.650364,-0.177351,0.134387,0.004989,0.027238,0.000562,0.000523,-0.004480,-0.002904,0.005339,0|1|2,0.5628
6987.667031,-0.177352,0.134387,0.004990,0.034064,0.000013,0.000549,-0.011306,-0.002355,0.011549,0|1|2,0.5621
6987.683698,-0.173852,0.125853,0.005149,0.041040,-0.000583,0.000621,-0.013636,0.000126,0.013637,0|1|2,0.5628
6987.700364,-0.180888,0.117448,0.004881,0.048058,0.000072,0.000703,-0.016101,-0.004371,0.016684,0|1|2,0.5642
6987.717031,-0.188441,0.108643,0.005362,0.055092,0.000921,0.000727,-0.018366,-0.009343,0.020606,0|1|2,0.5635
6987.733698,-0.186865,0.092093,0.004556,0.055092,0.000921,0.000727,-0.009368,-0.008520,0.012663,0|1|2,0.5621
6987.767031,-0.186869,0.092092,0.004569,0.068608,0.000990,0.000915,-0.022884,-0.008591,0.024443,0|1|2,0.5575
6987.783698,-0.174256,0.065661,0.004324,0.075467,0.000141,0.001356,-0.015352,-0.000942,0.015381,0|1|2,0.5583
6987.800364,-0.174254,0.065661,0.004317,0.089840,0.000983,0.001002,-0.029725,-0.001783,0.029779,0|1|2,0.5614
6987.817031,-0.179240,0.048466,0.004572,0.089840,0.000983,0.001002,-0.020390,-0.004528,0.020887,0|1|2,0.5613
6987.833698,-0.172110,0.038932,0.005141,0.096669,0.001409,0.001132,-0.022022,-0.001099,0.022049,0|1|2,0.5614
6987.850364,-0.172110,0.038932,0.005142,0.103392,0.001815,0.001151,-0.028746,-0.001505,0.028786,0|1|2,0.5616
6987.867031,-0.160398,0.021963,0.004619,0.117106,0.000450,0.001391,-0.033213,0.006190,0.033785,0|1|2,0.5612
6987.883698,-0.172375,0.013084,0.004913,0.124218,0.000841,0.001653,-0.035524,-0.000728,0.035532,0|1|2,0.5630
6987.900364,-0.179073,0.003595,0.003343,0.124218,0.000841,0.001653,-0.030381,-0.004388,0.030696,0|1|2|3|4,0.5560
6987.917031,-0.179008,0.003543,0.003245,0.131305,0.001190,0.001835,-0.037440,-0.004701,0.037734,0|1|2|3|4,0.5644
6987.933698,-0.169314,-0.014520,0.004719,0.144748,0.001711,0.002344,-0.041046,0.000009,0.041046,0|1|2|3|4,0.5639
6987.950364,-0.169313,-0.014517,0.004715,0.144748,0.001711,0.002344,-0.041048,0.000009,0.041048,0|1|2|3|4,0.5629
6987.967031,-0.162229,-0.031975,0.005311,0.158434,0.001363,0.002484,-0.045232,0.004171,0.045424,0|1|2|3|4,0.5619
6987.983698,-0.162229,-0.031976,0.005313,0.165520,0.001940,0.002719,-0.052317,0.003594,0.052441,0|1|2|3|4,0.5620
6988.000364,-0.171233,-0.039776,0.005390,0.172401,0.002465,0.002940,-0.054977,-0.001841,0.055008,0|1|2|3|4,0.5635
6988.017031,-0.158905,-0.056935,0.006106,0.172401,0.002465,0.002940,-0.045626,0.004824,0.045881,0|1|2|3|4,0.5639
6988.033698,-0.151836,-0.065775,0.006456,0.179127,0.002895,0.003044,-0.047533,0.008218,0.048238,0|1|2|3|4,0.5637
6988.050364,-0.145816,-0.074302,0.006691,0.185726,0.002815,0.003346,-0.049486,0.011552,0.050816,0|1|2|3|4,0.5642
6988.067031,-0.148121,-0.082670,0.006788,0.192453,0.001832,0.003782,-0.051669,0.011266,0.052883,0|1|2|3|4,0.5639
6988.083698,-0.148119,-0.082670,0.006788,0.206668,0.001847,0.004702,-0.065885,0.011251,0.066839,0|1|2|3|4,0.5650
6988.100364,-0.161817,-0.091004,0.007497,0.213712,0.001903,0.005067,-0.068428,0.003734,0.068529,0|1|2|3|4,0.5652
6988.117031,-0.159933,-0.108630,0.009826,0.213712,0.001903,0.005067,-0.058844,0.004721,0.059033,0|1|2|3|4,0.5649
6988.133698,-0.159852,-0.117284,0.009693,0.220609,0.001911,0.005600,-0.061038,0.004739,0.061222,0|1|2|3|4,0.5646
6988.150364,-0.160495,-0.125750,0.010793,0.234384,0.002063,0.006571,-0.070213,0.004221,0.070340,0|1|2|3|4,0.5638
6988.167031,-0.160495,-0.125750,0.010794,0.241263,0.002138,0.006917,-0.077092,0.004146,0.077203,0|1|2|3|4,0.5626
6988.183698,-0.159899,-0.134119,0.011667,0.241263,0.002138,0.006917,-0.072543,0.004453,0.072679,0|1|2|3|4,0.5638
6988.200364,-0.158978,-0.151553,0.012390,0.254988,0.002062,0.007166,-0.076790,0.004993,0.076953,0|1|2|3|4,0.5640
6988.217031,-0.158980,-0.151553,0.012392,0.254988,0.002062,0.007166,-0.076790,0.004992,0.076952,0|1|2|3|4,0.5642
6988.233698,-0.161567,-0.168564,0.012403,0.261973,0.001956,0.007508,-0.074536,0.003657,0.074626,0|1|2|3|4,0.5629
6988.250364,-0.161568,-0.168564,0.012405,0.269090,0.002461,0.007954,-0.081653,0.003152,0.081714,0|1|2|3|4,0.5607
6988.267031,-0.156243,-0.186103,0.013301,0.275976,0.002164,0.008294,-0.078996,0.006306,0.079248,0|1|2|3|4,0.5594
6988.283698,-0.161877,-0.194933,0.013623,0.283055,0.001826,0.008621,-0.081288,0.003564,0.081366,0|1|2|3|4,0.5611
6988.300364,-0.167942,-0.203919,0.013454,0.297124,0.001018,0.008561,-0.090485,0.001058,0.090492,0|1|2|3|4,0.5618
6988.317031,-0.174344,-0.212807,0.012947,0.297124,0.001018,0.008561,-0.085668,-0.002440,0.085703,0|1|2|3|4,0.5615
6988.333698,-0.174344,-0.212807,0.012948,0.303765,0.001943,0.008730,-0.092309,-0.003365,0.092370,0|1|2|3|4,0.5612
6988.350364,-0.167730,-0.229406,0.011859,0.310418,0.002949,0.008742,-0.089927,-0.000811,0.089931,0|1|2|3|4,0.5614
6988.367031,-0.154265,-0.237842,0.011434,0.317090,0.002827,0.008738,-0.091988,0.006612,0.092225,0|1|2|3|4,0.5614
6988.383698,-0.157136,-0.246214,0.011466,0.323809,0.002594,0.008712,-0.094163,0.005268,0.094310,0|1|2|3|4,0.5625
6988.417031,-0.165797,-0.263092,0.010524,0.344432,0.002454,0.008747,-0.105631,0.000665,0.105633,0|1|2|3|4,0.5630
6988.433698,-0.170699,-0.272017,0.010270,0.351226,0.002873,0.008997,-0.107584,-0.002436,0.107612,0|1|2|3|4|5,0.5612
6988.450364,-0.164611,-0.280189,0.010336,0.357898,0.002589,0.009058,-0.109803,0.001140,0.109808,0|1|2|3|4|5,0.5612
6988.483698,-0.164611,-0.280190,0.010335,0.364527,0.002253,0.009071,-0.116431,0.001475,0.116440,0|1|2|3|4|5,0.5635
6988.500364,-0.170585,-0.305752,0.011743,0.371344,0.001900,0.009436,-0.109367,-0.001471,0.109377,0|1|2|3|4|5,0.5635
6988.517031,-0.170584,-0.305752,0.011744,0.385505,0.002914,0.009687,-0.123529,-0.002484,0.123554,0|1|2|3|4|5,0.5631
6988.533698,-0.176317,-0.314223,0.012746,0.392520,0.003672,0.009746,-0.125952,-0.006375,0.126113,0|1|2|3|4|5,0.5633
6988.550364,-0.173986,-0.322460,0.013591,0.399186,0.003704,0.009979,-0.128137,-0.005158,0.128240,0|1|2|3|4|5,0.5622
6988.567031,-0.152912,-0.340384,0.013673,0.405769,0.003065,0.009965,-0.124935,0.006898,0.125125,0|1|2|3|4|5,0.5618
6988.583698,-0.152912,-0.340384,0.013674,0.405769,0.003065,0.009965,-0.124935,0.006898,0.125125,0|1|2|3|4|5,0.5615
6988.600364,-0.164580,-0.357121,0.013437,0.419612,0.002842,0.010366,-0.129706,0.000745,0.129708,0|1|2|3|4|5,0.5624
6988.617031,-0.164581,-0.357121,0.013435,0.426687,0.003585,0.010475,-0.136780,0.000002,0.136780,0|1|2|3|4|5,0.5615
6988.633698,-0.175260,-0.365746,0.013185,0.426687,0.003585,0.010475,-0.132115,-0.005820,0.132243,0|1|2|3|4|5,0.5622
6988.650364,-0.159670,-0.383380,0.012980,0.440336,0.003114,0.010555,-0.136149,0.003087,0.136184,0|1|2|3|4|5,0.5619
6988.667031,-0.160437,-0.392141,0.013075,0.440336,0.003114,0.010555,-0.131389,0.002652,0.131416,0|1|2|3|4|5,0.5629
6988.683698,-0.160437,-0.392141,0.013075,0.453692,0.002429,0.010703,-0.144745,0.003338,0.144783,0|1|2|3|4|5,0.5648
6988.700364,-0.176902,-0.409020,0.013013,0.453692,0.002429,0.010703,-0.135605,-0.005645,0.135723,0|1|2|3|4|5,0.5643
6988.717031,-0.179620,-0.416805,0.013662,0.460635,0.003076,0.010715,-0.138323,-0.007786,0.138542,0|1|2|3|4|5,0.5646
6988.733698,-0.179621,-0.416805,0.013663,0.474608,0.003542,0.010637,-0.152295,-0.008252,0.152519,0|1|2|3|4|5,0.5643
6988.767031,-0.171099,-0.425535,0.013460,0.488737,0.002203,0.010621,-0.161663,-0.002299,0.161679,0|1|2|3|4|5,0.5629
6988.783698,-0.177879,-0.452477,0.012112,0.488737,0.002203,0.010621,-0.147035,-0.006040,0.147159,0|1|2|3|4|5,0.5627
6988.800364,-0.177878,-0.452476,0.012112,0.502876,0.003246,0.010614,-0.161174,-0.007082,0.161329,0|1|2|3|4|5,0.5617
6988.817031,-0.188504,-0.461613,0.011500,0.510046,0.003324,0.010662,-0.163400,-0.012954,0.163912,0|1|2|3|4|5,0.5632
6988.833698,-0.175112,-0.479025,0.011327,0.517208,0.003040,0.010722,-0.161072,-0.005427,0.161163,0|1|2|3|4|5,0.5627
6988.850364,-0.175111,-0.479024,0.011329,0.524420,0.002766,0.010778,-0.168284,-0.005153,0.168362,0|1|2|3|4|5,0.5622
6988.867031,-0.180514,-0.497151,0.013189,0.531524,0.003399,0.010783,-0.165548,-0.008760,0.165780,0|1|2|3|4|5,0.5619
6988.883698,-0.180514,-0.497151,0.013188,0.531524,0.003399,0.010783,-0.165548,-0.008760,0.165779,0|1|2|3|4|5,0.5613
6988.900364,-0.185418,-0.506273,0.013172,0.545657,0.005593,0.010781,-0.174733,-0.013638,0.175265,0|1|2|3|4|5,0.5624
6988.933698,-0.177600,-0.514366,0.013328,0.559709,0.004724,0.010767,-0.184370,-0.008536,0.184568,0|1|2|3|4|5,0.5608
6988.950365,-0.147918,-0.532164,0.012968,0.559709,0.004724,0.010767,-0.174637,0.007559,0.174800,0|1|2|3|4|5,0.5614
6988.967031,-0.162393,-0.550590,0.012829,0.566746,0.004023,0.010766,-0.171689,0.000355,0.171690,0|1|2|3|4|5|6|7,0.5620
6989.017031,-0.157367,-0.577136,0.013347,0.588107,0.005803,0.010810,-0.178613,0.001251,0.178618,2|3|4|5|6|7,0.5631
6989.033698,-0.151109,-0.586320,0.013672,0.595166,0.005099,0.010805,-0.180669,0.005337,0.180747,2|3|4|5|6|7,0.5625
6989.050365,-0.151108,-0.586320,0.013669,0.609164,0.004376,0.010825,-0.194667,0.006061,0.194761,2|3|4|5|6|7,0.5628
6989.067031,-0.173156,-0.604171,0.015053,0.609164,0.004376,0.010825,-0.185010,-0.005958,0.185106,2|3|4|5|6|7,0.5627
6989.083698,-0.173156,-0.604171,0.015054,0.623267,0.006550,0.010967,-0.199112,-0.008132,0.199278,2|3|4|5|6|7,0.5632
6989.100365,-0.159492,-0.620879,0.015546,0.623267,0.006550,0.010967,-0.190004,-0.000740,0.190005,2|3|4|5|6|7,0.5625
6989.117031,-0.144941,-0.629620,0.015704,0.630254,0.007211,0.010998,-0.192211,0.006489,0.192321,2|3|4|5|6|7,0.5617
6989.133698,-0.136961,-0.638909,0.014655,0.637362,0.006877,0.010970,-0.194255,0.011141,0.194574,2|3|4|5|6|7,0.5612
6989.167031,-0.148577,-0.657047,0.013924,0.651761,0.006701,0.010889,-0.198819,0.004966,0.198881,2|3|4|5|6|7,0.5613
6989.183698,-0.146735,-0.665290,0.013228,0.658997,0.007460,0.010888,-0.201572,0.005191,0.201639,2|3|4|5|6|7,0.5621
6989.217031,-0.134702,-0.683938,0.014026,0.673086,0.007008,0.011062,-0.205501,0.012144,0.205860,2|3|4|5|6|7,0.5620
6989.233698,-0.146286,-0.692975,0.014429,0.680127,0.006273,0.011195,-0.207655,0.006565,0.207759,2|3|4|5|6|7,0.5632
6989.250365,-0.157613,-0.701762,0.015031,0.687224,0.006276,0.011261,-0.210000,0.000388,0.210000,2|3|4|5|6|7,0.5634
6989.267031,-0.157894,-0.710112,0.015017,0.694207,0.006865,0.011426,-0.212445,-0.000371,0.212445,2|3|4|5|6|7,0.5642
6989.283698,-0.150490,-0.719151,0.015074,0.708026,0.007380,0.011489,-0.221337,0.003120,0.221359,2|3|4|5|6|7,0.5635
6989.300365,-0.143597,-0.727659,0.014976,0.714989,0.006709,0.011496,-0.223662,0.007518,0.223788,2|3|4|5|6|7,0.5635
6989.317031,-0.145752,-0.736658,0.014783,0.714989,0.006709,0.011496,-0.218775,0.006329,0.218867,2|3|4|5|6|7,0.5627
6989.333698,-0.145752,-0.736659,0.014781,0.729303,0.006541,0.011589,-0.233089,0.006498,0.233179,2|3|4|5|6|7,0.5623
6989.350365,-0.166658,-0.754459,0.014887,0.736552,0.007094,0.011613,-0.230707,-0.005455,0.230771,2|3|4|5|6|7,0.5618
6989.383698,-0.153794,-0.772095,0.014202,0.743792,0.007639,0.011642,-0.228335,0.000956,0.228337,2|3|4|5|6|7,0.5615
6989.400365,-0.153794,-0.772095,0.014203,0.757798,0.006261,0.011611,-0.242341,0.002334,0.242353,2|3|4|5|6|7,0.5604
6989.417031,-0.160238,-0.790416,0.013857,0.757798,0.006261,0.011611,-0.232398,-0.001206,0.232401,2|3|4|5|6|7,0.5606
6989.433698,-0.160238,-0.790416,0.013857,0.771797,0.007310,0.011646,-0.246398,-0.002255,0.246408,2|3|4|5|6|7,0.5615
6989.467031,-0.155095,-0.816989,0.014238,0.785732,0.008155,0.011670,-0.245879,-0.000360,0.245880,2|3|4|5|6|7|8,0.5555
6989.483698,-0.155070,-0.817075,0.014173,0.792812,0.007466,0.011651,-0.252913,0.000343,0.252914,2|3|4|5|6|7|8,0.5625
6989.500365,-0.148822,-0.825133,0.014276,0.792812,0.007466,0.011651,-0.248521,0.003722,0.248549,2|3|4|5|6|7|8,0.5608
6989.517031,-0.155887,-0.842777,0.013987,0.799865,0.006758,0.011591,-0.245999,0.000554,0.246000,2|3|4|5|6|7|8,0.5555
6989.533698,-0.167155,-0.852340,0.013235,0.806794,0.007121,0.011528,-0.247754,-0.005953,0.247826,3|4|5|6|7|8,0.5607
6989.550365,-0.167155,-0.852340,0.013234,0.820832,0.008539,0.011542,-0.261792,-0.007370,0.261896,3|4|5|6|7|8,0.5619
6989.567031,-0.152971,-0.869157,0.013388,0.827840,0.007882,0.011556,-0.259631,0.000960,0.259633,3|4|5|6|7|8,0.5614
6989.583698,-0.152971,-0.869157,0.013390,0.834860,0.007206,0.011602,-0.266651,0.001637,0.266656,3|4|5|6|7|8,0.5615
6989.600365,-0.144560,-0.878247,0.013131,0.834860,0.007206,0.011602,-0.261693,0.006189,0.261767,3|4|5|6|7|8,0.5623
6989.617031,-0.166338,-0.895838,0.012566,0.841837,0.007251,0.011627,-0.259155,-0.005728,0.259219,3|4|5|6|7|8,0.5619
6989.633698,-0.166278,-0.904016,0.012437,0.848892,0.007782,0.011665,-0.261765,-0.006244,0.261840,3|4|5|6|7|8,0.5629
6989.650365,-0.166278,-0.904016,0.012438,0.855833,0.008301,0.011646,-0.268707,-0.006763,0.268792,3|4|5|6|7|8,0.5632
6989.667031,-0.153666,-0.921698,0.012669,0.862821,0.008813,0.011649,-0.266058,-0.000457,0.266059,3|4|5|6|7|8,0.5627
6989.700365,-0.151311,-0.939378,0.013346,0.876627,0.007821,0.011667,-0.270252,0.001778,0.270258,3|4|5|6|7|8,0.5606
6989.717031,-0.165294,-0.948143,0.013494,0.883612,0.008109,0.011672,-0.272502,-0.006127,0.272570,3|4|5|6|7|8,0.5610
6989.733698,-0.161909,-0.955985,0.013089,0.890744,0.008669,0.011664,-0.275365,-0.004864,0.275408,3|4|5|6|7|8,0.5623
6989.750365,-0.161909,-0.955985,0.013089,0.897931,0.009225,0.011651,-0.282552,-0.005420,0.282604,3|4|5|6|7|8,0.5629
6989.767031,-0.148310,-0.973893,0.013393,0.912306,0.008075,0.011653,-0.287166,0.003085,0.287183,3|4|5|6|7|8,0.5622
6989.783698,-0.148310,-0.973893,0.013392,0.912306,0.008075,0.011653,-0.287166,0.003085,0.287183,3|4|5|6|7|8,0.5627
6989.800365,-0.166864,-0.992612,0.013316,0.919315,0.007711,0.011556,-0.284040,-0.006673,0.284118,3|4|5|6|7|8,0.5623
6989.817031,-0.166864,-0.992613,0.013314,0.933101,0.008800,0.011558,-0.297825,-0.007762,0.297927,3|4|5|6|7|8,0.5632
6989.833698,-0.165166,-1.009402,0.012471,0.933101,0.008800,0.011558,-0.288697,-0.006874,0.288779,3|4|5|6|7|8,0.5637
6989.850365,-0.158462,-1.018172,0.012544,0.947142,0.008418,0.011393,-0.297959,-0.002866,0.297972,3|4|5|6|7|8,0.5633
6989.883698,-0.158462,-1.018172,0.012542,0.961183,0.007684,0.011397,-0.312000,-0.002133,0.312007,3|4|5|6|7|8,0.5625
6989.900365,-0.178882,-1.045539,0.012561,0.968312,0.008386,0.011436,-0.304298,-0.013989,0.304619,3|4|5|6|7|8,0.5628
6989.917031,-0.178882,-1.045539,0.012560,0.975481,0.008885,0.011462,-0.311467,-0.014488,0.311803,3|4|5|6|7|8,0.5625
6989.933698,-0.178910,-1.053363,0.012401,0.975481,0.008885,0.011462,-0.307214,-0.014519,0.307557,3|4|5|6|7|8,0.5616
6989.950365,-0.164259,-1.071893,0.012057,0.989895,0.008124,0.011566,-0.311527,-0.005834,0.311582,3|4|5|6|7|8,0.5608
6989.967031,-0.164259,-1.071893,0.012057,0.989895,0.008124,0.011566,-0.311527,-0.005833,0.311582,3|4|5|6|7|8,0.5617
6989.983698,-0.170813,-1.080829,0.012590,1.003388,0.009520,0.011535,-0.320177,-0.010811,0.320360,3|4|5|6|7|8,0.5623
6990.000365,-0.172083,-1.097833,0.011607,1.003388,0.009520,0.011535,-0.310939,-0.011536,0.311152,3|4|5|6|7|8|9|10,0.5560
6990.017031,-0.172054,-1.097874,0.011582,1.010139,0.010532,0.011364,-0.317667,-0.012532,0.317914,3|4|5|6|7|8|9|10,0.5628
6990.033698,-0.159313,-1.106311,0.012867,1.024418,0.010357,0.011161,-0.327335,-0.005449,0.327380,3|4|5|6|7|8|9|10,0.5510
6990.050365,-0.145557,-1.114657,0.012371,1.031483,0.009669,0.011134,-0.329836,0.002697,0.329847,3|5|6|7|8|9|10,0.5553
6990.067031,-0.139520,-1.124638,0.011154,1.038270,0.009630,0.010959,-0.331186,0.005996,0.331241,5|6|7|8|9|10,0.5633
6990.100365,-0.151229,-1.133402,0.011013,1.052090,0.011047,0.010688,-0.340267,-0.001802,0.340272,5|6|7|8|9|10,0.5632
6990.117031,-0.153106,-1.158942,0.011220,1.052090,0.011047,0.010688,-0.326391,-0.002875,0.326404,5|6|7|8|9|10,0.5633
6990.133698,-0.144039,-1.167354,0.010360,1.059298,0.010696,0.010609,-0.329008,0.002386,0.329017,5|6|7|8|9|10,0.5623
6990.150365,-0.144040,-1.167354,0.010359,1.073202,0.009500,0.010034,-0.342913,0.003582,0.342932,5|6|7|8|9|10,0.5630
6990.167031,-0.160160,-1.185797,0.009607,1.079729,0.010011,0.009802,-0.339449,-0.005728,0.339498,5|6|7|8|9|10,0.5629
6990.183698,-0.169263,-1.194575,0.010206,1.086585,0.011200,0.009807,-0.341554,-0.011882,0.341760,5|6|7|8|9|10,0.5616
6990.200365,-0.169263,-1.194575,0.010207,1.093686,0.012332,0.009804,-0.348655,-0.013014,0.348898,5|6|7|8|9|10,0.5624
6990.217031,-0.161815,-1.201310,0.008375,1.100890,0.012164,0.009777,-0.352183,-0.008812,0.352293,5|6|7|8|9|10,0.5627
6990.233698,-0.130777,-1.219517,0.009673,1.108147,0.012029,0.009752,-0.349481,0.008154,0.349576,5|6|7|8|9|10,0.5620
6990.267031,-0.130777,-1.219517,0.009675,1.115416,0.011886,0.009716,-0.356750,0.008297,0.356846,5|6|7|8|9|10,0.5631
6990.283698,-0.140054,-1.247045,0.011740,1.129581,0.012887,0.009560,-0.355973,0.002198,0.355980,5|6|7|8|9|10,0.5626
6990.300365,-0.136210,-1.254972,0.011951,1.136544,0.012362,0.009525,-0.358620,0.004795,0.358652,5|6|7|8|9|10,0.5617
6990.317031,-0.136210,-1.254972,0.011948,1.143511,0.011895,0.009533,-0.365587,0.005262,0.365625,5|6|7|8|9|10,0.5624
6990.333698,-0.127679,-1.264541,0.011706,1.143511,0.011895,0.009533,-0.360369,0.009879,0.360505,5|6|7|8|9|10,0.5640
6990.350365,-0.135827,-1.272946,0.011305,1.157259,0.011379,0.009550,-0.369566,0.005949,0.369614,5|6|7|8|9|10,0.5637
6990.367031,-0.150782,-1.290745,0.010638,1.157259,0.011379,0.009550,-0.359923,-0.002216,0.359930,5|6|7|8|9|10,0.5629
6990.383698,-0.150782,-1.290745,0.010640,1.171245,0.012612,0.009588,-0.373909,-0.003448,0.373925,5|6|7|8|9|10,0.5625
6990.400365,-0.151819,-1.298437,0.010817,1.171245,0.012612,0.009588,-0.369731,-0.004028,0.369752,5|6|7|8|9|10,0.5624
6990.417031,-0.140204,-1.307363,0.010601,1.178315,0.012247,0.009638,-0.371926,0.002631,0.371936,5|6|7|8|9|10,0.5620
6990.433698,-0.136893,-1.316649,0.010573,1.191866,0.011556,0.009596,-0.380423,0.005103,0.380457,5|6|7|8|9|10,0.5632
6990.450365,-0.148881,-1.334252,0.010504,1.191866,0.011556,0.009596,-0.370881,-0.001449,0.370884,5|6|7|8|9|10,0.5629
6990.467031,-0.154382,-1.342902,0.010427,1.198877,0.011877,0.009678,-0.373203,-0.004776,0.373234,5|6|7|8|9|10,0.5620
6990.483698,-0.150718,-1.350522,0.010629,1.213288,0.012240,0.009718,-0.383465,-0.003164,0.383478,5|6|7|8|9|10,0.5611
6990.500365,-0.150718,-1.350522,0.010627,1.220387,0.011674,0.009708,-0.390565,-0.002599,0.390573,5|6|7|8|9|10,0.5612
6990.533698,-0.156096,-1.378360,0.011076,1.234193,0.011588,0.009629,-0.389252,-0.005492,0.389291,5|6|7|8|9|10|11,0.5613
6990.550365,-0.156091,-1.378361,0.011085,1.234193,0.011588,0.009629,-0.389251,-0.005489,0.389290,5|6|7|8|9|10|11,0.5588
6990.567031,-0.164614,-1.387214,0.011431,1.241135,0.012488,0.009649,-0.391400,-0.011041,0.391555,6|7|8|9|10|11,0.5619
6990.583698,-0.145914,-1.403530,0.012234,1.255292,0.012787,0.009645,-0.396651,-0.001210,0.396653,6|7|8|9|10|11,0.5629
6990.600365,-0.137930,-1.412936,0.012043,1.255292,0.012787,0.009645,-0.391523,0.003110,0.391535,6|7|8|9|10|11,0.5627
6990.617031,-0.137930,-1.412936,0.012043,1.269454,0.012126,0.009615,-0.405685,0.003771,0.405702,6|7|8|9|10|11,0.5633
6990.633698,-0.148804,-1.430916,0.011768,1.269454,0.012126,0.009615,-0.395935,-0.002176,0.395941,6|7|8|9|10|11,0.5620
6990.650365,-0.148804,-1.430916,0.011768,1.283263,0.013108,0.009608,-0.409744,-0.003158,0.409756,6|7|8|9|10|11,0.5608
6990.667031,-0.154654,-1.447539,0.011736,1.290259,0.012793,0.009654,-0.407718,-0.006056,0.407763,6|7|8|9|10|11,0.5603
6990.700365,-0.148301,-1.466019,0.010778,1.297251,0.012461,0.009684,-0.404653,-0.002310,0.404660,6|7|8|9|10|11,0.5620
6990.717031,-0.148301,-1.466020,0.010779,1.311329,0.011939,0.009789,-0.418731,-0.001788,0.418735,6|7|8|9|10|11,0.5621
6990.733698,-0.159489,-1.483587,0.010811,1.311329,0.011939,0.009789,-0.409207,-0.007904,0.409283,6|7|8|9|10|11,0.5616
6990.750365,-0.159489,-1.483587,0.010811,1.325466,0.013746,0.009846,-0.423344,-0.009711,0.423455,6|7|8|9|10|11,0.5610
6990.783698,-0.139182,-1.509144,0.011376,1.332390,0.013842,0.009872,-0.416337,0.001177,0.416338,6|7|8|9|10|11,0.5615
6990.800365,-0.139784,-1.518219,0.011713,1.339286,0.013298,0.009858,-0.418301,0.001375,0.418303,6|7|8|9|10|11,0.5617
6990.817031,-0.148434,-1.527021,0.011878,1.346180,0.012745,0.009909,-0.420430,-0.002792,0.420439,6|7|8|9|10|11,0.5624
6990.900365,-0.155503,-1.571514,0.011768,1.388734,0.012462,0.009955,-0.438818,-0.006441,0.438865,6|7|8|9|10|11,0.5631
6990.917031,-0.155503,-1.571514,0.011768,1.395510,0.013197,0.009926,-0.445593,-0.007177,0.445651,6|7|8|9|10|11,0.5625
6990.933698,-0.166336,-1.589765,0.011704,1.395510,0.013197,0.009926,-0.435697,-0.013102,0.435893,6|7|8|9|10|11,0.5617
6990.950365,-0.166336,-1.589764,0.011704,1.402542,0.013838,0.009843,-0.442729,-0.013743,0.442942,6|7|8|9|10|11,0.5622
6990.967031,-0.148498,-1.606113,0.011574,1.409549,0.013460,0.009716,-0.440815,-0.003704,0.440831,6|7|8|9|10|11,0.5622
6990.983698,-0.155005,-1.614874,0.011000,1.416691,0.013089,0.009680,-0.443208,-0.006888,0.443262,6|7|8|9|10|11,0.5638
6991.033698,-0.155004,-1.614875,0.011002,1.445164,0.013091,0.009370,-0.471681,-0.006889,0.471731,6|7|8|9|10|11,0.5624
6991.050365,-0.163156,-1.650518,0.009798,1.452407,0.013101,0.009406,-0.459569,-0.011403,0.459711,6|7|8|9|10|11|12|13,0.5623
6991.067031,-0.164101,-1.659506,0.009778,1.452407,0.013101,0.009406,-0.454687,-0.011935,0.454843,6|7|8|9|10|11|12|13,0.5628
6991.083698,-0.164104,-1.659528,0.009754,1.466802,0.013270,0.009462,-0.469070,-0.012106,0.469226,6|7|8|9|10|11|12|13,0.5526
6991.117031,-0.164704,-1.668961,0.008605,1.480987,0.015457,0.009490,-0.478130,-0.014637,0.478354,8|9|10|11|12|13,0.5633
6991.133698,-0.144637,-1.694858,0.008972,1.480987,0.015457,0.009490,-0.464014,-0.003785,0.464030,8|9|10|11|12|13,0.5630
6991.150365,-0.144638,-1.694858,0.008971,1.494959,0.014734,0.009343,-0.477986,-0.003063,0.477996,8|9|10|11|12|13,0.5633
6991.167031,-0.135800,-1.704490,0.008821,1.494959,0.014734,0.009343,-0.472733,0.001720,0.472737,8|9|10|11|12|13,0.5638
6991.183698,-0.148081,-1.721788,0.008404,1.501977,0.014410,0.009305,-0.470375,-0.004665,0.470398,8|9|10|11|12|13,0.5637
6991.217031,-0.148080,-1.721788,0.008404,1.523303,0.015331,0.009373,-0.491701,-0.005586,0.491733,8|9|10|11|12|13,0.5630
6991.233698,-0.139255,-1.747909,0.008498,1.523303,0.015331,0.009373,-0.477487,-0.000843,0.477488,8|9|10|11|12|13,0.5622
6991.250365,-0.142595,-1.757362,0.009126,1.530444,0.015004,0.009407,-0.479497,-0.002352,0.479503,8|9|10|11|12|13,0.5621
6991.283698,-0.153599,-1.775298,0.008939,1.551677,0.015244,0.009524,-0.491005,-0.008608,0.491080,8|9|10|11|12|13,0.5620
6991.300365,-0.153599,-1.775298,0.008941,1.551677,0.015244,0.009524,-0.491005,-0.008608,0.491080,8|9|10|11|12|13,0.5608
6991.317031,-0.159519,-1.784361,0.009106,1.565611,0.016866,0.009707,-0.500026,-0.013466,0.500207,8|9|10|11|12|13,0.5606
6991.333698,-0.127486,-1.801736,0.009308,1.565611,0.016866,0.009707,-0.490518,0.003907,0.490533,8|9|10|11|12|13,0.5621
6991.350365,-0.127988,-1.810189,0.009153,1.572677,0.016853,0.009679,-0.492990,0.003630,0.493003,8|9|10|11|12|13,0.5640
6991.367031,-0.128976,-1.819063,0.009460,1.579810,0.016841,0.009632,-0.495302,0.003086,0.495312,8|9|10|11|12|13,0.5639
6991.383698,-0.129921,-1.828039,0.009547,1.586939,0.016809,0.009583,-0.497554,0.002587,0.497561,8|9|10|11|12|13,0.5634
6991.400365,-0.129920,-1.828040,0.009550,1.601008,0.017228,0.009702,-0.511623,0.002168,0.511628,8|9|10|11|12|13,0.5615
6991.417031,-0.119596,-1.845046,0.010029,1.601008,0.017228,0.009702,-0.502359,0.007744,0.502419,8|9|10|11|12|13,0.5625
6991.433698,-0.119596,-1.845047,0.010029,1.615108,0.016449,0.009916,-0.516459,0.008523,0.516530,8|9|10|11|12|13,0.5634
6991.450365,-0.133199,-1.863346,0.010248,1.615108,0.016449,0.009916,-0.506543,0.001092,0.506544,8|9|10|11|12|13,0.5639
6991.467031,-0.133198,-1.863346,0.010246,1.629245,0.016825,0.010035,-0.520679,0.000716,0.520679,8|9|10|11|12|13,0.5636
6991.483698,-0.146579,-1.881299,0.010630,1.636328,0.017516,0.010129,-0.518032,-0.007284,0.518084,8|9|10|11|12|13,0.5625
6991.533698,-0.146582,-1.881299,0.010626,1.657300,0.016499,0.010225,-0.539005,-0.006269,0.539042,8|9|10|11|12|13,0.5633
6991.550365,-0.139912,-1.916185,0.009903,1.657300,0.016499,0.010225,-0.520032,-0.002716,0.520039,8|9|10|11|12|13,0.5633
6991.567031,-0.145304,-1.925379,0.009303,1.671618,0.017401,0.010297,-0.529364,-0.006566,0.529404,8|9|10|11|12|13|14,0.5614
6991.583698,-0.145301,-1.925387,0.009290,1.678801,0.017257,0.010390,-0.536542,-0.006421,0.536581,8|9|10|11|12|13|14,0.5625
6991.600365,-0.134381,-1.941801,0.009532,1.678801,0.017257,0.010390,-0.527599,-0.000520,0.527600,8|9|10|11|12|13|14,0.5541
6991.617031,-0.137433,-1.951992,0.010365,1.685995,0.016681,0.010389,-0.529262,-0.001623,0.529264,9|10|11|12|13|14,0.5611
6991.633698,-0.137433,-1.951992,0.010365,1.699906,0.016306,0.010276,-0.543172,-0.001248,0.543173,9|10|11|12|13|14,0.5610
6991.650365,-0.155645,-1.970317,0.010148,1.699906,0.016306,0.010276,-0.533251,-0.011184,0.533368,9|10|11|12|13|14,0.5608
6991.667031,-0.152826,-1.977534,0.010394,1.706826,0.017179,0.010306,-0.536243,-0.010540,0.536347,9|10|11|12|13|14,0.5617
6991.683698,-0.152827,-1.977533,0.010393,1.721013,0.017784,0.010259,-0.550430,-0.011145,0.550543,9|10|11|12|13|14,0.5620
6991.733698,-0.141330,-1.986463,0.010623,1.741944,0.016861,0.010031,-0.566485,-0.003993,0.566499,9|10|11|12|13|14,0.5616
6991.750365,-0.140857,-2.013853,0.010470,1.748452,0.017873,0.010016,-0.558105,-0.004804,0.558126,9|10|11|12|13|14,0.5609
6991.800365,-0.146959,-2.023027,0.009955,1.769424,0.017112,0.010003,-0.574104,-0.007378,0.574151,9|10|11|12|13|14,0.5621
6991.817031,-0.140210,-2.047995,0.009432,1.776473,0.016817,0.010063,-0.567570,-0.003467,0.567580,9|10|11|12|13|14,0.5629
6991.833698,-0.146059,-2.056591,0.009346,1.783350,0.017486,0.010088,-0.569787,-0.007332,0.569834,9|10|11|12|13|14,0.5623
6991.867031,-0.151449,-2.065443,0.009095,1.790349,0.018415,0.010098,-0.571986,-0.011208,0.572096,9|10|11|12|13|14,0.5612
6991.883698,-0.147776,-2.081985,0.009098,1.804141,0.018372,0.010031,-0.576780,-0.009203,0.576854,9|10|11|12|13|14,0.5614
6991.900365,-0.135359,-2.090998,0.009066,1.811070,0.017868,0.010079,-0.578786,-0.001969,0.578789,9|10|11|12|13|14,0.5610
6991.917031,-0.139014,-2.108697,0.009473,1.811070,0.017868,0.010079,-0.569174,-0.003992,0.569188,9|10|11|12|13|14,0.5628
6991.950365,-0.155137,-2.126425,0.009708,1.825270,0.018177,0.009741,-0.573773,-0.013100,0.573923,9|10|11|12|13|14,0.5619
6991.967031,-0.144078,-2.133940,0.009672,1.832573,0.018326,0.009724,-0.576968,-0.007254,0.577014,9|10|11|12|13|14,0.5624
6991.983698,-0.143181,-2.144236,0.009834,1.839794,0.018033,0.009695,-0.578592,-0.006495,0.578628,9|10|11|12|13|14,0.5640
6992.000365,-0.148267,-2.153117,0.010042,1.846902,0.017779,0.009724,-0.580885,-0.009024,0.580955,9|10|11|12|13|14,0.5641
6992.017031,-0.152899,-2.162338,0.009549,1.853851,0.017508,0.009821,-0.582831,-0.011289,0.582940,9|10|11|12|13|14,0.5641
6992.033698,-0.152897,-2.162338,0.009550,1.867677,0.018654,0.009667,-0.596658,-0.012434,0.596787,9|10|11|12|13|14,0.5636
6992.050365,-0.154626,-2.178405,0.009498,1.874717,0.018369,0.009424,-0.594969,-0.013121,0.595114,9|10|11|12|13|14,0.5632
6992.067031,-0.142126,-2.188193,0.008866,1.881740,0.018070,0.009219,-0.596647,-0.006049,0.596678,9|10|11|12|13|14,0.5635
6992.083698,-0.142125,-2.188193,0.008866,1.888810,0.017783,0.009169,-0.603716,-0.005762,0.603744,9|10|11|12|13|14,0.5641
6992.100365,-0.153535,-2.206671,0.008938,1.888810,0.017783,0.009169,-0.593697,-0.012001,0.593819,9|10|11|12|13|14|15|16,0.5644
6992.133698,-0.153544,-2.207048,0.008893,1.910100,0.017896,0.008991,-0.614783,-0.012119,0.614903,9|11|12|13|14|15|16,0.5546
6992.167031,-0.164603,-2.225207,0.007734,1.923081,0.018002,0.009310,-0.617918,-0.018274,0.618188,11|12|13|14|15|16,0.5627
6992.183698,-0.160309,-2.241927,0.006773,1.927707,0.017982,0.009908,-0.613448,-0.015954,0.613655,11|12|13|14|15|16,0.5623
6992.200365,-0.160157,-2.251336,0.007593,1.931185,0.017917,0.010807,-0.611813,-0.015826,0.612017,11|12|13|14|15|16,0.5611
6992.217031,-0.159962,-2.273835,0.007976,1.932967,0.017884,0.011488,-0.601366,-0.015733,0.601572,11|12|13|14|15|16,0.5621
6992.233698,-0.160014,-2.271591,0.008239,1.932967,0.017884,0.011488,-0.602585,-0.015756,0.602791,11|12|13|14|15|16,0.5628
6992.250365,-0.160014,-2.271593,0.008239,1.933256,0.017873,0.011632,-0.602874,-0.015746,0.603079,11|12|13|14|15|16,0.5627
6992.283698,-0.159782,-2.271560,0.009529,1.933268,0.017873,0.011633,-0.602903,-0.015619,0.603106,11|12|13|14|15|16,0.5614
6992.300365,-0.159841,-2.271604,0.009741,1.933272,0.017873,0.011634,-0.602884,-0.015652,0.603087,11|12|13|14|15|16,0.5605
6992.317031,-0.159704,-2.271529,0.010293,1.933275,0.017873,0.011634,-0.602927,-0.015577,0.603128,11|12|13|14|15|16,0.5598
6992.333698,-0.159723,-2.271487,0.010018,1.933278,0.017873,0.011634,-0.602953,-0.015588,0.603154,11|12|13|14|15|16,0.5595
6992.350365,-0.159737,-2.271406,0.009628,1.933281,0.017873,0.011634,-0.603000,-0.015595,0.603202,11|12|13|14|15|16,0.5594
6992.367031,-0.159780,-2.271412,0.009909,1.933284,0.017873,0.011634,-0.603000,-0.015619,0.603202,11|12|13|14|15|16,0.5594
6992.383698,-0.159637,-2.271386,0.009487,1.933292,0.017873,0.011635,-0.603021,-0.015541,0.603221,11|12|13|14|15|16,0.5594
6992.400365,-0.159525,-2.271420,0.009829,1.933292,0.017873,0.011635,-0.603002,-0.015480,0.603201,11|12|13|14|15|16,0.5592
6992.417031,-0.159620,-2.271313,0.009863,1.935127,0.017903,0.011379,-0.604896,-0.015561,0.605097,11|12|13|14|15|16,0.5597
6992.433698,-0.159620,-2.271313,0.009863,1.937667,0.017916,0.011196,-0.607436,-0.015574,0.607636,11|12|13|14|15|16,0.5593
6992.450365,-0.159530,-2.267631,0.009561,1.937667,0.017916,0.011196,-0.609437,-0.015518,0.609634,11|12|13|14|15|16,0.5605
6992.467031,-0.159530,-2.267631,0.009560,1.947323,0.019624,0.012226,-0.619093,-0.017226,0.619332,11|12|13|14|15|16,0.5604
6992.483698,-0.159160,-2.269624,0.009221,1.947323,0.019624,0.012226,-0.618009,-0.017029,0.618244,11|12|13|14|15|16,0.5603
6992.500365,-0.132250,-2.287715,0.011432,1.961369,0.019244,0.011491,-0.622168,-0.002061,0.622172,11|12|13|14|15|16,0.5613
6992.517031,-0.137000,-2.297033,0.011933,1.961369,0.019244,0.011491,-0.617114,-0.004662,0.617131,11|12|13|14|15|16,0.5623
6992.533698,-0.137000,-2.297034,0.011933,1.968396,0.019010,0.011424,-0.624139,-0.004427,0.624155,11|12|13|14|15|16,0.5629
6992.550365,-0.146058,-2.315527,0.011054,1.975433,0.018763,0.011383,-0.621145,-0.009142,0.621212,11|12|13|14|15|16,0.5627
6992.567031,-0.150324,-2.324822,0.010584,1.982377,0.019579,0.011356,-0.623046,-0.012295,0.623168,11|12|13|14|15|16,0.5620
6992.600365,-0.137708,-2.341350,0.010523,2.004019,0.019359,0.011411,-0.635680,-0.005253,0.635702,11|12|13|14|15|16,0.5622
6992.617031,-0.141964,-2.350759,0.010249,2.011165,0.019125,0.011417,-0.637721,-0.007351,0.637763,11|12|13|14|15|16,0.5633
6992.633698,-0.141964,-2.350759,0.010248,2.017866,0.019214,0.011396,-0.644422,-0.007440,0.644465,11|12|13|14|15|16,0.5637
6992.650365,-0.150705,-2.369589,0.010453,2.017866,0.019214,0.011396,-0.634206,-0.012229,0.634324,11|12|13|14|15|16,0.5626
6992.667031,-0.150705,-2.369590,0.010453,2.032143,0.021141,0.011437,-0.648482,-0.014157,0.648637,11|12|13|14|15|16,0.5616
6992.683698,-0.129216,-2.383992,0.010212,2.032143,0.021141,0.011437,-0.640611,-0.002508,0.640616,11|12|13|14|15|16,0.5618
6992.717031,-0.125209,-2.403639,0.010528,2.046601,0.021378,0.011383,-0.644383,-0.000608,0.644383,11|12|13|14|15|16,0.5621
6992.733698,-0.124357,-2.413329,0.010565,2.053832,0.021491,0.011302,-0.646347,-0.000277,0.646347,11|12|13|14|15|16,0.5626
6992.750365,-0.124357,-2.413328,0.010565,2.067921,0.021648,0.011631,-0.660436,-0.000434,0.660436,11|12|13|14|15|16,0.5621
6992.767031,-0.120312,-2.429039,0.010080,2.067921,0.021648,0.011631,-0.651889,0.001732,0.651891,11|12|13|14|15|16,0.5611
6992.783698,-0.124838,-2.438674,0.011000,2.075016,0.021431,0.011720,-0.653757,-0.000530,0.653757,11|12|13|14|15|16,0.5632
6992.800365,-0.124838,-2.438674,0.010999,2.089181,0.021032,0.011774,-0.667922,-0.000131,0.667922,11|12|13|14|15|16,0.5640
6992.817031,-0.128874,-2.448130,0.010536,2.096098,0.021058,0.011831,-0.669709,-0.002370,0.669713,11|12|13|14|15|16,0.5634
6992.833698,-0.132690,-2.457273,0.010429,2.103098,0.021929,0.011873,-0.671747,-0.005334,0.671768,11|12|13|14|15|16,0.5627
6992.850365,-0.136697,-2.466480,0.010642,2.110195,0.021777,0.011954,-0.673849,-0.007378,0.673889,11|12|13|14|15|16,0.5631
6992.883698,-0.130051,-2.492055,0.009771,2.117290,0.021655,0.012024,-0.667031,-0.003698,0.667041,11|12|13|14|15|16|17,0.5559
6992.900365,-0.130151,-2.492901,0.009710,2.131099,0.021347,0.011977,-0.680380,-0.003445,0.680388,12|13|14|15|16|17,0.5637
6992.917031,-0.136393,-2.511637,0.010360,2.137898,0.021872,0.012010,-0.677009,-0.007401,0.677050,12|13|14|15|16|17,0.5628
6992.950365,-0.133008,-2.526930,0.010127,2.145048,0.021878,0.012009,-0.675841,-0.005599,0.675864,12|13|14|15|16|17,0.5618
6992.967031,-0.133008,-2.526929,0.010126,2.159270,0.021157,0.011966,-0.690063,-0.004878,0.690081,12|13|14|15|16|17,0.5620
6992.983698,-0.134349,-2.536180,0.010001,2.166162,0.020794,0.011895,-0.691931,-0.005263,0.691951,12|13|14|15|16|17,0.5628
6993.000365,-0.140391,-2.545507,0.010192,2.172767,0.021387,0.011774,-0.693479,-0.009159,0.693539,12|13|14|15|16|17,0.5625
6993.017031,-0.152868,-2.564079,0.010000,2.179867,0.022499,0.011759,-0.690511,-0.017091,0.690722,12|13|14|15|16|17,0.5616
6993.033698,-0.144571,-2.569434,0.009608,2.179867,0.022499,0.011759,-0.687583,-0.012592,0.687699,12|13|14|15|16|17,0.5622
6993.050365,-0.144572,-2.569434,0.009609,2.194113,0.022365,0.011639,-0.701830,-0.012459,0.701941,12|13|14|15|16|17,0.5619
6993.067031,-0.132265,-2.588800,0.009183,2.194113,0.022365,0.011639,-0.691280,-0.005810,0.691304,12|13|14|15|16|17,0.5631
6993.083698,-0.134606,-2.598148,0.009176,2.201158,0.022277,0.011592,-0.693249,-0.007014,0.693284,12|13|14|15|16|17,0.5628
6993.100365,-0.136911,-2.607537,0.009235,2.214880,0.022297,0.011505,-0.701872,-0.008305,0.701922,12|13|14|15|16|17,0.5626
6993.117031,-0.139410,-2.617279,0.009396,2.214880,0.022297,0.011505,-0.696583,-0.009684,0.696651,12|13|14|15|16|17,0.5615
6993.133698,-0.138795,-2.623566,0.009192,2.221488,0.022046,0.011139,-0.699774,-0.009111,0.699833,12|13|14|15|16|17,0.5605
6993.150365,-0.142237,-2.631036,0.008581,2.228502,0.021964,0.011000,-0.702735,-0.010915,0.702819,12|13|14|15|16|17,0.5612
6993.167031,-0.144115,-2.640612,0.008279,2.235548,0.021910,0.011029,-0.704581,-0.011902,0.704681,12|13|14|15|16|17,0.5619
6993.183698,-0.145826,-2.649933,0.008597,2.249641,0.021849,0.011102,-0.713612,-0.012790,0.713727,12|13|14|15|16|17,0.5615
6993.200365,-0.145826,-2.649933,0.008597,2.256396,0.022769,0.011134,-0.720367,-0.013710,0.720497,12|13|14|15|16|17,0.5603
6993.217031,-0.148613,-2.668730,0.009445,2.263381,0.023395,0.011144,-0.717141,-0.015889,0.717317,12|13|14|15|16|17,0.5594
6993.233698,-0.136411,-2.674432,0.008922,2.263381,0.023395,0.011144,-0.714017,-0.009269,0.714077,12|13|14|15|16|17,0.5604
6993.250365,-0.129669,-2.683889,0.008839,2.270250,0.023137,0.011139,-0.715732,-0.005367,0.715752,12|13|14|15|16|17,0.5616
6993.267031,-0.129670,-2.683889,0.008838,2.284310,0.022682,0.011144,-0.729793,-0.004913,0.729810,12|13|14|15|16|17,0.5624
6993.283698,-0.139058,-2.701882,0.009747,2.284310,0.022682,0.011144,-0.720034,-0.010052,0.720104,12|13|14|15|16|17,0.5627
6993.300365,-0.139058,-2.701881,0.009746,2.291524,0.022489,0.011038,-0.727248,-0.009859,0.727315,12|13|14|15|16|17,0.5618
6993.317031,-0.143172,-2.710970,0.009251,2.305667,0.022529,0.010904,-0.736460,-0.012153,0.736561,12|13|14|15|16|17,0.5606
6993.333698,-0.146575,-2.720184,0.009567,2.312785,0.022583,0.010905,-0.738577,-0.014075,0.738711,12|13|14|15|16|17,0.5626
6993.367031,-0.147145,-2.726972,0.009047,2.326655,0.022659,0.010919,-0.748759,-0.014476,0.748899,12|13|14|15|16|17,0.5649
6993.383698,-0.147266,-2.748688,0.008769,2.333521,0.022941,0.010912,-0.743823,-0.014868,0.743972,12|13|14|15|16|17|18|19,0.5644
6993.400365,-0.149026,-2.766243,0.009650,2.333521,0.022941,0.010912,-0.734286,-0.015861,0.734457,12|13|14|15|16|17|18|19,0.5583
6993.417031,-0.145257,-2.771981,0.010789,2.340578,0.022872,0.010769,-0.738217,-0.013755,0.738345,12|14|15|16|17|18|19,0.5549
6993.433698,-0.147015,-2.782271,0.010121,2.347673,0.022870,0.010539,-0.739723,-0.014730,0.739869,14|15|16|17|18|19,0.5630
6993.450365,-0.147016,-2.782270,0.010121,2.361859,0.022937,0.010223,-0.753910,-0.014797,0.754056,14|15|16|17|18|19,0.5642
6993.467031,-0.148852,-2.801538,0.010000,2.361859,0.022937,0.010223,-0.743443,-0.015835,0.743611,14|15|16|17|18|19,0.5645
6993.483698,-0.148852,-2.801539,0.010001,2.375806,0.022066,0.009983,-0.757389,-0.014963,0.757537,14|15|16|17|18|19,0.5636
6993.517031,-0.162154,-2.825734,0.010005,2.382776,0.022458,0.009936,-0.751237,-0.022634,0.751577,14|15|16|17|18|19,0.5629
6993.533698,-0.162154,-2.825734,0.010006,2.396763,0.023312,0.010032,-0.765223,-0.023489,0.765584,14|15|16|17|18|19,0.5640
6993.550365,-0.152721,-2.844892,0.010236,2.403860,0.023757,0.010071,-0.761890,-0.018846,0.762123,14|15|16|17|18|19,0.5640
6993.567031,-0.147564,-2.854448,0.009293,2.403860,0.023757,0.010071,-0.756686,-0.016063,0.756856,14|15|16|17|18|19,0.5628
6993.583698,-0.142217,-2.863739,0.009009,2.410709,0.024046,0.010067,-0.758474,-0.013465,0.758593,14|15|16|17|18|19,0.5611
6993.600365,-0.142216,-2.863740,0.009011,2.424688,0.024223,0.009944,-0.772452,-0.013642,0.772573,14|15|16|17|18|19,0.5618
6993.617031,-0.139028,-2.869434,0.008989,2.431541,0.024356,0.009863,-0.776204,-0.012054,0.776298,14|15|16|17|18|19,0.5628
6993.650365,-0.138959,-2.878512,0.009115,2.445642,0.024684,0.009749,-0.785371,-0.012363,0.785469,14|15|16|17|18|19,0.5640
6993.667031,-0.135953,-2.906640,0.008048,2.445642,0.024684,0.009749,-0.770078,-0.010788,0.770154,14|15|16|17|18|19,0.5629
6993.683698,-0.135953,-2.906642,0.008046,2.459730,0.024444,0.009681,-0.784166,-0.010548,0.784237,14|15|16|17|18|19,0.5616
6993.700365,-0.134480,-2.916133,0.008202,2.466880,0.024610,0.009700,-0.786154,-0.009933,0.786217,14|15|16|17|18|19,0.5624
6993.717031,-0.140834,-2.921814,0.007882,2.466880,0.024610,0.009700,-0.783080,-0.013398,0.783195,14|15|16|17|18|19,0.5639
6993.733698,-0.139594,-2.931337,0.008254,2.481106,0.024953,0.009733,-0.792128,-0.013087,0.792236,14|15|16|17|18|19,0.5640
6993.750365,-0.138043,-2.940873,0.008666,2.481106,0.024953,0.009733,-0.786942,-0.012264,0.787037,14|15|16|17|18|19,0.5633
6993.800365,-0.133087,-2.973600,0.007273,2.502192,0.025662,0.009344,-0.790231,-0.010346,0.790299,14|15|16|17|18|19,0.5621
6993.817031,-0.127133,-2.983417,0.007531,2.509477,0.026166,0.009326,-0.792169,-0.007634,0.792206,14|15|16|17|18|19,0.5635
6993.833698,-0.127134,-2.983417,0.007531,2.523782,0.026923,0.009299,-0.806474,-0.008392,0.806518,14|15|16|17|18|19,0.5643
6993.867031,-0.112142,-3.010249,0.007935,2.530799,0.025954,0.009252,-0.798877,0.000670,0.798877,14|15|16|17|18|19,0.5634
6993.883698,-0.126767,-3.019878,0.008192,2.537800,0.025788,0.009223,-0.800676,-0.007133,0.800708,14|15|16|17|18|19,0.5627
6993.900365,-0.129185,-3.029162,0.008381,2.544935,0.025967,0.009243,-0.802769,-0.008645,0.802816,14|15|16|17|18|19|20,0.5619
6993.917031,-0.129182,-3.029178,0.008376,2.559098,0.026334,0.009299,-0.816924,-0.009010,0.816974,14|15|16|17|18|19|20,0.5637
6993.933698,-0.125894,-3.047682,0.008367,2.559098,0.026334,0.009299,-0.806860,-0.007262,0.806893,14|15|16|17|18|19|20,0.5570
6993.950365,-0.125794,-3.048523,0.008571,2.572967,0.025925,0.009351,-0.820273,-0.006800,0.820301,15|16|17|18|19|20,0.5625
6993.967031,-0.123933,-3.057877,0.008189,2.580036,0.026182,0.009405,-0.822254,-0.006065,0.822276,15|16|17|18|19|20,0.5618
6993.983698,-0.131508,-3.072453,0.008077,2.587104,0.026450,0.009481,-0.821416,-0.010479,0.821483,15|16|17|18|19|20,0.5630
6994.000365,-0.131508,-3.072453,0.008076,2.593928,0.026745,0.009455,-0.828240,-0.010774,0.828310,15|16|17|18|19|20,0.5646
6994.017031,-0.125677,-3.091974,0.008610,2.593928,0.026745,0.009455,-0.817619,-0.007645,0.817654,15|16|17|18|19|20,0.5650
6994.050365,-0.125679,-3.091974,0.008609,2.607692,0.025953,0.009384,-0.831383,-0.006855,0.831411,15|16|17|18|19|20,0.5624
6994.083698,-0.136651,-3.125938,0.007401,2.621972,0.025925,0.009338,-0.827226,-0.012859,0.827326,15|16|17|18|19|20,0.5632
6994.100365,-0.137349,-3.135448,0.007310,2.629095,0.025948,0.009344,-0.829183,-0.013281,0.829289,15|16|17|18|19|20,0.5634
6994.117031,-0.137970,-3.144930,0.007700,2.636106,0.025959,0.009290,-0.831042,-0.013650,0.831154,15|16|17|18|19|20,0.5625
6994.150365,-0.136245,-3.160050,0.007959,2.649805,0.026325,0.008978,-0.836520,-0.013110,0.836623,15|16|17|18|19|20,0.5612
6994.167031,-0.136244,-3.160051,0.007959,2.656933,0.026586,0.008934,-0.843648,-0.013370,0.843754,15|16|17|18|19|20,0.5620
6994.183698,-0.134285,-3.168791,0.008024,2.664075,0.026867,0.008924,-0.846036,-0.012604,0.846130,15|16|17|18|19|20,0.5629
6994.200365,-0.131251,-3.178536,0.007235,2.678036,0.027317,0.008661,-0.854695,-0.011425,0.854771,15|16|17|18|19|20,0.5633
6994.250365,-0.140386,-3.212701,0.007211,2.691705,0.025811,0.008530,-0.849814,-0.014954,0.849946,15|16|17|18|19|20,0.5622
6994.267031,-0.140385,-3.212702,0.007213,2.705613,0.026426,0.008617,-0.863721,-0.015569,0.863862,15|16|17|18|19|20,0.5630
6994.283698,-0.143536,-3.230568,0.007734,2.712566,0.026763,0.008654,-0.860971,-0.017654,0.861152,15|16|17|18|19|20,0.5629
6994.300365,-0.139688,-3.240195,0.007760,2.719542,0.027121,0.008676,-0.862708,-0.015941,0.862855,15|16|17|18|19|20,0.5623
6994.317031,-0.135556,-3.249652,0.007874,2.726311,0.026981,0.008664,-0.864329,-0.013575,0.864435,15|16|17|18|19|20,0.5615
6994.333698,-0.131164,-3.259176,0.007678,2.726311,0.026981,0.008664,-0.859143,-0.011208,0.859217,15|16|17|18|19|20,0.5604
6994.350365,-0.134037,-3.264374,0.007560,2.740122,0.027183,0.008643,-0.870136,-0.012982,0.870233,15|16|17|18|19|20,0.5605
6994.367031,-0.133699,-3.273731,0.007433,2.747044,0.027324,0.008264,-0.871971,-0.012958,0.872067,15|16|17|18|19|20,0.5615
6994.383698,-0.132949,-3.282836,0.007574,2.747044,0.027324,0.008264,-0.867021,-0.012569,0.867112,15|16|17|18|19|20,0.5626
6994.400365,-0.131883,-3.292203,0.007654,2.754228,0.027420,0.008120,-0.869112,-0.012106,0.869196,15|16|17|18|19|20,0.5623
6994.450365,-0.131876,-3.292222,0.007655,2.775298,0.026296,0.007772,-0.890173,-0.010978,0.890240,15|16|17|18|19|20,0.5580
6994.467031,-0.148786,-3.327453,0.007981,2.789151,0.027215,0.007778,-0.884913,-0.021160,0.885166,17|18|19|20|21|22,0.5639
6994.483698,-0.143104,-3.336547,0.007315,2.789151,0.027215,0.007778,-0.879959,-0.018090,0.880145,17|18|19|20|21|22,0.5631
6994.500365,-0.143104,-3.336546,0.007314,2.803319,0.026535,0.007637,-0.894127,-0.017410,0.894296,17|18|19|20|21|22,0.5626
6994.517031,-0.137214,-3.345960,0.007412,2.803319,0.026535,0.007637,-0.888999,-0.014229,0.889112,17|18|19|20|21|22,0.5629
6994.533698,-0.149507,-3.362709,0.006936,2.810327,0.026461,0.007303,-0.886930,-0.020870,0.887175,17|18|19|20|21|22,0.5630
6994.550365,-0.149507,-3.362710,0.006937,2.817314,0.026901,0.007218,-0.893916,-0.021310,0.894170,17|18|19|20|21|22,0.5654
6994.583698,-0.138921,-3.389791,0.006096,2.831435,0.027355,0.006887,-0.893297,-0.016067,0.893441,17|18|19|20|21|22,0.5638
6994.600365,-0.139941,-3.397479,0.005730,2.838683,0.026684,0.006905,-0.896369,-0.015965,0.896511,17|18|19|20|21|22,0.5634
6994.617031,-0.150100,-3.407441,0.006231,2.845723,0.025980,0.006745,-0.898016,-0.020803,0.898257,17|18|19|20|21|22,0.5643
6994.633698,-0.160819,-3.417996,0.005515,2.852320,0.026415,0.006716,-0.898899,-0.027086,0.899307,17|18|19|20|21|22,0.5632
6994.650365,-0.154628,-3.423654,0.005883,2.859206,0.027222,0.006794,-0.902697,-0.024540,0.903030,17|18|19|20|21|22,0.5632
6994.683698,-0.154630,-3.423654,0.005880,2.880365,0.027168,0.006780,-0.923856,-0.024487,0.924180,17|18|19|20|21|22,0.5614
6994.717031,-0.131897,-3.442339,0.005704,2.894054,0.027818,0.006777,-0.927343,-0.012820,0.927432,17|18|19|20|21|22,0.5620
6994.733698,-0.146067,-3.466527,0.005633,2.894054,0.027818,0.006777,-0.914227,-0.020571,0.914458,17|18|19|20|21|22,0.5623
6994.750365,-0.138184,-3.475764,0.005422,2.900932,0.028447,0.006602,-0.916068,-0.016935,0.916225,17|18|19|20|21|22,0.5629
6994.767031,-0.129798,-3.484973,0.004781,2.908046,0.029023,0.006522,-0.918161,-0.012972,0.918253,17|18|19|20|21|22,0.5631
6994.783698,-0.122691,-3.493052,0.004266,2.915107,0.028397,0.006666,-0.920816,-0.008501,0.920856,17|18|19|20|21|22,0.5629
6994.800365,-0.132312,-3.501323,0.004668,2.922365,0.027710,0.006702,-0.923599,-0.013059,0.923691,17|18|19|20|21|22,0.5636
6994.817031,-0.132314,-3.501321,0.004668,2.936205,0.028519,0.006611,-0.937440,-0.013869,0.937543,17|18|19|20|21|22,0.5621
6994.833698,-0.142794,-3.512145,0.005192,2.943212,0.029236,0.006629,-0.938586,-0.020304,0.938805,17|18|19|20|21|22,0.5620
6994.850365,-0.131755,-3.529408,0.004587,2.943212,0.029236,0.006629,-0.929181,-0.014340,0.929291,17|18|19|20|21|22,0.5618
6994.867031,-0.131756,-3.529408,0.004587,2.950178,0.029540,0.006632,-0.936147,-0.014645,0.936261,17|18|19|20|21|22,0.5615
6994.883698,-0.122194,-3.538705,0.005511,2.957398,0.028799,0.006384,-0.938295,-0.008726,0.938335,17|18|19|20|21|22,0.5605
6994.900365,-0.118795,-3.546040,0.005364,2.970996,0.028956,0.006142,-0.947900,-0.007051,0.947926,17|18|19|20|21|22,0.5601
6994.917031,-0.130060,-3.556990,0.005499,2.977994,0.029944,0.006143,-0.948969,-0.014184,0.949075,17|18|19|20|21|22,0.5612
6994.933698,-0.128617,-3.570363,0.005909,2.977994,0.029944,0.006143,-0.941698,-0.013427,0.941794,17|18|19|20|21|22,0.5629
6994.950365,-0.128617,-3.570363,0.005908,2.992008,0.029887,0.006095,-0.955713,-0.013371,0.955806,17|18|19|20|21|22,0.5633
6994.967031,-0.110572,-3.588827,0.005518,2.992008,0.029887,0.006095,-0.945641,-0.003601,0.945648,17|18|19|20|21|22|23,0.5641
6994.983698,-0.117344,-3.598713,0.006138,2.999077,0.029439,0.006082,-0.947351,-0.006855,0.947376,18|19|20|21|22|23,0.5640
6995.000365,-0.124247,-3.608344,0.006615,3.012996,0.029434,0.006088,-0.956050,-0.010620,0.956109,18|19|20|21|22|23,0.5638
6995.033698,-0.125142,-3.624698,0.006226,3.020084,0.030170,0.006096,-0.954252,-0.011877,0.954326,18|19|20|21|22|23,0.5634
6995.067031,-0.125143,-3.624699,0.006229,3.041112,0.029082,0.006192,-0.975280,-0.010789,0.975339,18|19|20|21|22|23,0.5643
6995.083698,-0.124889,-3.651996,0.005752,3.041112,0.029082,0.006192,-0.960444,-0.010707,0.960503,18|19|20|21|22|23,0.5651
6995.100365,-0.124889,-3.651996,0.005751,3.054828,0.030326,0.006231,-0.974160,-0.011951,0.974233,18|19|20|21|22|23,0.5642
6995.117031,-0.132528,-3.661917,0.005843,3.061874,0.030905,0.006274,-0.975829,-0.016703,0.975972,18|19|20|21|22|23,0.5647
6995.133698,-0.126570,-3.668201,0.005580,3.068791,0.030244,0.005824,-0.979319,-0.012816,0.979403,18|19|20|21|22|23,0.5641
6995.150365,-0.115550,-3.677893,0.005076,3.068791,0.030244,0.005824,-0.974029,-0.006847,0.974053,18|19|20|21|22|23,0.5639
6995.167031,-0.108583,-3.685421,0.005488,3.082508,0.028871,0.005658,-0.983641,-0.001703,0.983642,18|19|20|21|22|23,0.5640
6995.183698,-0.129359,-3.704045,0.004686,3.082508,0.028871,0.005658,-0.973562,-0.013033,0.973649,18|19|20|21|22|23,0.5629
6995.217031,-0.133288,-3.720845,0.005211,3.096354,0.029861,0.005723,-0.978285,-0.016193,0.978419,18|19|20|21|22|23,0.5608
6995.233698,-0.125577,-3.730708,0.005474,3.110458,0.029300,0.005450,-0.987013,-0.011462,0.987080,18|19|20|21|22|23,0.5611
6995.250365,-0.126153,-3.738225,0.005037,3.117343,0.028835,0.005135,-0.989814,-0.011325,0.989879,18|19|20|21|22|23,0.5613
6995.267031,-0.126153,-3.738225,0.005038,3.123782,0.029338,0.004459,-0.996253,-0.011828,0.996324,18|19|20|21|22|23,0.5611
6995.283698,-0.135000,-3.747782,0.005056,3.130370,0.030131,0.004251,-0.997665,-0.017448,0.997818,18|19|20|21|22|23,0.5615
6995.300365,-0.132797,-3.762614,0.003717,3.130370,0.030131,0.004251,-0.989600,-0.016282,0.989734,18|19|20|21|22|23,0.5620
6995.317031,-0.121338,-3.771705,0.003500,3.144095,0.029873,0.004034,-0.998361,-0.009815,0.998409,18|19|20|21|22|23,0.5619
6995.333698,-0.121338,-3.771705,0.003499,3.151069,0.029309,0.004021,-1.005334,-0.009251,1.005377,18|19|20|21|22|23,0.5631
6995.350365,-0.118585,-3.779557,0.002922,3.158000,0.028754,0.004037,-1.007993,-0.007216,1.008019,18|19|20|21|22|23,0.5635
6995.367032,-0.127160,-3.788936,0.002966,3.158000,0.028754,0.004037,-1.002913,-0.011895,1.002984,18|19|20|21|22|23,0.5643
6995.383698,-0.135532,-3.798262,0.003109,3.171129,0.029447,0.004114,-1.010991,-0.017157,1.011137,18|19|20|21|22|23,0.5639
6995.400365,-0.143891,-3.807775,0.003136,3.177701,0.030342,0.004131,-1.012410,-0.022615,1.012663,18|19|20|21|22|23,0.5627
6995.417032,-0.133796,-3.822330,0.003291,3.184361,0.029958,0.004030,-1.011138,-0.016775,1.011278,18|19|20|21|22|23,0.5621
6995.433698,-0.121181,-3.831408,0.002864,3.184361,0.029958,0.004030,-1.006179,-0.009938,1.006228,18|19|20|21|22|23,0.5615
6995.467032,-0.121180,-3.831408,0.002864,3.205272,0.029504,0.003392,-1.027090,-0.009483,1.027134,18|19|20|21|22|23,0.5611
6995.483698,-0.134658,-3.850138,0.004394,3.205272,0.029504,0.003392,-1.016939,-0.016847,1.017078,18|19|20|21|22|23|24|25,0.5607
6995.500365,-0.140758,-3.857526,0.004727,3.219571,0.029444,0.002880,-1.027235,-0.020117,1.027432,18|19|20|21|22|23|24|25,0.5613
6995.517032,-0.133144,-3.865022,0.004659,3.226740,0.028982,0.002879,-1.030315,-0.015533,1.030432,18|19|20|21|22|23|24|25,0.5480
6995.533698,-0.128090,-3.874575,0.003645,3.226740,0.028982,0.002879,-1.025112,-0.012806,1.025192,20|21|22|23|24|25,0.5634
6995.550365,-0.142702,-3.893674,0.003870,3.240724,0.028253,0.002980,-1.028747,-0.020057,1.028942,20|21|22|23|24|25,0.5628
6995.567032,-0.149711,-3.903446,0.004060,3.240724,0.028253,0.002980,-1.023451,-0.023887,1.023730,20|21|22|23|24|25,0.5625
6995.583698,-0.153459,-3.910049,0.004262,3.247649,0.029139,0.002543,-1.026795,-0.026823,1.027145,20|21|22|23|24|25,0.5615
6995.600365,-0.140093,-3.917361,0.003427,3.254901,0.029371,0.002466,-1.030045,-0.019806,1.030235,20|21|22|23|24|25,0.5628
6995.617032,-0.140093,-3.917360,0.003424,3.269326,0.028967,0.002435,-1.044471,-0.019402,1.044651,20|21|22|23|24|25,0.5632
6995.633698,-0.137786,-3.928218,0.003396,3.276549,0.028770,0.002390,-1.045787,-0.017973,1.045942,20|21|22|23|24|25,0.5630
6995.650365,-0.143928,-3.947858,0.003250,3.283499,0.029065,0.002101,-1.042077,-0.021647,1.042301,20|21|22|23|24|25,0.5641
6995.667032,-0.147013,-3.957625,0.003367,3.290696,0.029233,0.002025,-1.043971,-0.023511,1.044236,20|21|22|23|24|25,0.5643
6995.683698,-0.142363,-3.963358,0.003216,3.290696,0.029233,0.002025,-1.040846,-0.020996,1.041058,20|21|22|23|24|25,0.5637
6995.717032,-0.142365,-3.963355,0.003205,3.311530,0.028953,0.001704,-1.061682,-0.020717,1.061884,20|21|22|23|24|25,0.5634
6995.733698,-0.142089,-3.982686,0.003380,3.318425,0.028894,0.001671,-1.058070,-0.020548,1.058269,20|21|22|23|24|25,0.5636
6995.750365,-0.144106,-4.002480,0.002994,3.318425,0.028894,0.001671,-1.047317,-0.021685,1.047541,20|21|22|23|24|25,0.5628
6995.767032,-0.144921,-4.012176,0.002828,3.324965,0.029646,0.001568,-1.048590,-0.022900,1.048840,20|21|22|23|24|25,0.5611
6995.800365,-0.144924,-4.012174,0.002821,3.339348,0.029242,0.001566,-1.062973,-0.022497,1.063211,20|21|22|23|24|25,0.5616
6995.817032,-0.140006,-4.034544,0.002743,3.346506,0.029020,0.001579,-1.057963,-0.019649,1.058146,20|21|22|23|24|25,0.5617
6995.833698,-0.140006,-4.034544,0.002743,3.360402,0.029278,0.001499,-1.071860,-0.019907,1.072045,20|21|22|23|24|25,0.5622
6995.867032,-0.139985,-4.058828,0.002963,3.367655,0.030051,0.001502,-1.065915,-0.020719,1.066116,20|21|22|23|24|25,0.5608
6995.883698,-0.139984,-4.058829,0.002970,3.381802,0.029788,0.001233,-1.080061,-0.020455,1.080255,20|21|22|23|24|25,0.5606
6995.900365,-0.129276,-4.069297,0.003161,3.388898,0.029689,0.001234,-1.081446,-0.014558,1.081544,20|21|22|23|24|25,0.5617
6995.917032,-0.131528,-4.078527,0.002854,3.395949,0.029577,0.001235,-1.083486,-0.015689,1.083599,20|21|22|23|24|25,0.5622
6995.933698,-0.134648,-4.098088,0.002595,3.395949,0.029577,0.001235,-1.072862,-0.017425,1.073003,20|21|22|23|24|25,0.5619
6995.950365,-0.136144,-4.108257,0.002165,3.402616,0.030291,0.001177,-1.074005,-0.018972,1.074173,20|21|22|23|24|25,0.5615
6995.967032,-0.125684,-4.112325,0.002172,3.409815,0.030719,0.001163,-1.078971,-0.013724,1.079059,20|21|22|23|24|25,0.5612
6995.983698,-0.120252,-4.122608,0.001040,3.417010,0.030554,0.001018,-1.080567,-0.010628,1.080620,20|21|22|23|24|25,0.5614
6996.000365,-0.120255,-4.122608,0.001034,3.431348,0.030233,0.000814,-1.094904,-0.010309,1.094953,20|21|22|23|24|25,0.5622
6996.017032,-0.124890,-4.142591,0.000632,3.431348,0.030233,0.000814,-1.084054,-0.012869,1.084130,20|21|22|23|24|25|26,0.5618
6996.033698,-0.126970,-4.151976,0.000989,3.444721,0.030261,0.000903,-1.092331,-0.014046,1.092421,20|21|22|23|24|25|26,0.5552
6996.050365,-0.126624,-4.152764,0.001589,3.451789,0.030361,0.000906,-1.098970,-0.013960,1.099059,21|22|23|24|25|26,0.5596
6996.067032,-0.126586,-4.164371,0.001655,3.451789,0.030361,0.000906,-1.092662,-0.013963,1.092751,21|22|23|24|25|26,0.5613
6996.083698,-0.125306,-4.173946,0.002671,3.458863,0.030469,0.000933,-1.094529,-0.013395,1.094611,21|22|23|24|25|26,0.5632
6996.100365,-0.125308,-4.173944,0.002668,3.472970,0.030700,0.000952,-1.108637,-0.013627,1.108721,21|22|23|24|25|26,0.5640
6996.117032,-0.122531,-4.193709,0.002369,3.472970,0.030700,0.000952,-1.097890,-0.012159,1.097957,21|22|23|24|25|26,0.5642
6996.133698,-0.122531,-4.193708,0.002370,3.486850,0.030607,0.000897,-1.111771,-0.012066,1.111836,21|22|23|24|25|26,0.5640
6996.150365,-0.121010,-4.203310,0.002620,3.493964,0.030635,0.000916,-1.113663,-0.011288,1.113720,21|22|23|24|25|26,0.5633
6996.167032,-0.122581,-4.217957,0.003478,3.493964,0.030635,0.000916,-1.105706,-0.012171,1.105773,21|22|23|24|25|26,0.5638
6996.183698,-0.122134,-4.228022,0.002742,3.501077,0.030669,0.000932,-1.107348,-0.011983,1.107413,21|22|23|24|25|26,0.5642
6996.200365,-0.122134,-4.228022,0.002744,3.515254,0.030737,0.000955,-1.121525,-0.012051,1.121590,21|22|23|24|25|26,0.5637
6996.217032,-0.121839,-4.238056,0.002488,3.515254,0.030737,0.000955,-1.116071,-0.011911,1.116135,21|22|23|24|25|26,0.5630
6996.233698,-0.121376,-4.247705,0.002671,3.529052,0.030876,0.001028,-1.124624,-0.011819,1.124686,21|22|23|24|25|26,0.5623
6996.250365,-0.116780,-4.261974,0.001991,3.529052,0.030876,0.001028,-1.116859,-0.009350,1.116898,21|22|23|24|25|26,0.5629
6996.283698,-0.121922,-4.281071,0.002592,3.542930,0.030471,0.000861,-1.120370,-0.011779,1.120432,21|22|23|24|25|26,0.5649
6996.300365,-0.125051,-4.290703,0.002902,3.549826,0.030276,0.000808,-1.122037,-0.013304,1.122116,21|22|23|24|25|26,0.5649
6996.317032,-0.127832,-4.300563,0.003011,3.563657,0.030294,0.000728,-1.130515,-0.014855,1.130613,21|22|23|24|25|26,0.5638
6996.333698,-0.126821,-4.307388,0.002969,3.563657,0.030294,0.000728,-1.126804,-0.014319,1.126895,21|22|23|24|25|26,0.5624
6996.350365,-0.127542,-4.314717,0.003442,3.578131,0.030029,0.000739,-1.137296,-0.014461,1.137388,21|22|23|24|25|26,0.5624
6996.367032,-0.127543,-4.314715,0.003439,3.578131,0.030029,0.000739,-1.137297,-0.014462,1.137389,21|22|23|24|25|26,0.5623
6996.383698,-0.131128,-4.334398,0.002375,3.585113,0.029857,0.000626,-1.133590,-0.016278,1.133707,21|22|23|24|25|26,0.5621
6996.400365,-0.133256,-4.344685,0.002349,3.591681,0.030072,0.000628,-1.134571,-0.017670,1.134708,21|22|23|24|25|26,0.5603
6996.433698,-0.127935,-4.357390,0.002199,3.605308,0.030119,0.000536,-1.141283,-0.014852,1.141379,21|22|23|24|25|26,0.5612
6996.467032,-0.131321,-4.376539,0.002109,3.626351,0.029864,0.000562,-1.151926,-0.016476,1.152044,21|22|23|24|25|26,0.5633
6996.483698,-0.131321,-4.376539,0.002108,3.626351,0.029864,0.000562,-1.151926,-0.016476,1.152044,21|22|23|24|25|26,0.5635
6996.500365,-0.132428,-4.385964,0.002048,3.639763,0.030070,0.000469,-1.160218,-0.017304,1.160347,21|22|23|24|25|26,0.5628
6996.517032,-0.133452,-4.395710,0.002157,3.646570,0.029987,0.000442,-1.161730,-0.017797,1.161866,21|22|23|24|25|26,0.5610
6996.533698,-0.130256,-4.409181,0.001038,3.646570,0.029987,0.000442,-1.154402,-0.016088,1.154514,21|22|23|24|25|26|27|28,0.5593
6996.550365,-0.130254,-4.409181,0.001040,3.660780,0.029924,0.000401,-1.168613,-0.016024,1.168722,21|22|23|24|25|26|27|28,0.5604
6996.567032,-0.131214,-4.418473,0.002230,3.660780,0.029924,0.000401,-1.163565,-0.016565,1.163682,23|24|25|26|27|28,0.5625
6996.583698,-0.132060,-4.428154,0.002612,3.674975,0.029377,0.000308,-1.172499,-0.016497,1.172615,23|24|25|26|27|28,0.5623
6996.600365,-0.132725,-4.448213,0.002887,3.674975,0.029377,0.000308,-1.161599,-0.016900,1.161722,23|24|25|26|27|28,0.5616
6996.617032,-0.140069,-4.453491,0.002705,3.682022,0.029340,0.000192,-1.165793,-0.020866,1.165980,23|24|25|26|27|28,0.5617
6996.633698,-0.140568,-4.462882,0.002899,3.689070,0.029338,0.000014,-1.167738,-0.021154,1.167930,23|24|25|26|27|28,0.5627
6996.650365,-0.140722,-4.472732,0.003381,3.695851,0.029385,-0.000050,-1.169166,-0.021305,1.169360,23|24|25|26|27|28,0.5627
6996.667032,-0.140433,-4.482345,0.003495,3.702715,0.029430,-0.000103,-1.170806,-0.021212,1.170998,23|24|25|26|27|28,0.5624
6996.683698,-0.140433,-4.482345,0.003495,3.709733,0.029417,-0.000179,-1.177823,-0.021199,1.178014,23|24|25|26|27|28,0.5620
6996.700365,-0.140136,-4.499714,0.002844,3.723605,0.028797,-0.000569,-1.182255,-0.020454,1.182432,23|24|25|26|27|28,0.5612
6996.717032,-0.151438,-4.504673,0.002920,3.730755,0.029104,-0.000623,-1.186733,-0.026914,1.187039,23|24|25|26|27|28,0.5627
6996.733698,-0.151437,-4.504673,0.002920,3.730755,0.029104,-0.000623,-1.186733,-0.026914,1.187038,23|24|25|26|27|28,0.5637
6996.750365,-0.147270,-4.514691,0.001633,3.745274,0.029654,-0.000656,-1.195800,-0.025220,1.196066,23|24|25|26|27|28,0.5649
6996.767032,-0.143030,-4.524676,0.001265,3.752404,0.028957,-0.000602,-1.197494,-0.022238,1.197700,23|24|25|26|27|28,0.5640
6996.783698,-0.135170,-4.543041,0.001696,3.752404,0.028957,-0.000602,-1.187497,-0.018004,1.187633,23|24|25|26|27|28,0.5629
6996.800365,-0.135172,-4.543042,0.001693,3.766323,0.029132,-0.000921,-1.201415,-0.018181,1.201553,23|24|25|26|27|28,0.5628
6996.817032,-0.148328,-4.559368,0.001490,3.766323,0.029132,-0.000921,-1.192570,-0.025364,1.192839,23|24|25|26|27|28,0.5624
6996.833698,-0.141563,-4.569080,0.001727,3.780034,0.030128,-0.001009,-1.200988,-0.022704,1.201202,23|24|25|26|27|28,0.5628
6996.850365,-0.134282,-4.578794,0.001426,3.780034,0.030128,-0.001009,-1.195694,-0.018767,1.195841,23|24|25|26|27|28,0.5616
6996.867032,-0.134281,-4.578794,0.001428,3.794129,0.029150,-0.001152,-1.209789,-0.017788,1.209920,23|24|25|26|27|28,0.5603
6996.883698,-0.126972,-4.588365,0.000982,3.800896,0.028594,-0.001318,-1.211340,-0.013280,1.211413,23|24|25|26|27|28,0.5596
6996.900365,-0.141044,-4.603689,0.000650,3.807787,0.028885,-0.001333,-1.209931,-0.021249,1.210117,23|24|25|26|27|28,0.5602
6996.917032,-0.141045,-4.603691,0.000646,3.814736,0.029201,-0.001314,-1.216879,-0.021566,1.217070,23|24|25|26|27|28,0.5608
6996.933698,-0.143660,-4.621493,-0.000274,3.821886,0.029530,-0.001326,-1.214360,-0.023353,1.214585,23|24|25|26|27|28,0.5613
6996.950365,-0.138949,-4.631148,-0.000383,3.821886,0.029530,-0.001326,-1.209103,-0.020813,1.209282,23|24|25|26|27|28,0.5620
6996.967032,-0.133952,-4.641104,-0.000316,3.828826,0.029094,-0.001341,-1.210622,-0.017682,1.210751,23|24|25|26|27|28,0.5610
6996.983698,-0.139946,-4.647141,-0.000376,3.835696,0.028702,-0.001435,-1.214223,-0.020559,1.214397,23|24|25|26|27|28,0.5611
6997.000365,-0.145240,-4.654465,0.000208,3.842655,0.029180,-0.001432,-1.217213,-0.023930,1.217448,23|24|25|26|27|28,0.5609
6997.033698,-0.145241,-4.654466,0.000209,3.856369,0.030192,-0.001457,-1.230926,-0.024942,1.231179,23|24|25|26|27|28,0.5619
6997.050365,-0.131166,-4.673902,0.000093,3.870448,0.030063,-0.001508,-1.234413,-0.017204,1.234533,23|24|25|26|27|28|28,0.5576
6997.067032,-0.116951,-4.692489,0.000478,3.877477,0.029707,-0.001753,-1.231311,-0.009161,1.231345,23|24|25|26|27|28|28,0.5596
6997.083698,-0.165884,-4.618790,0.000490,3.884657,0.030108,-0.001956,-1.278645,-0.036003,1.279152,23|24|25|26|27|28|28,0.5530
6997.100365,-0.171844,-4.607887,0.000762,3.891756,0.030542,-0.001981,-1.291682,-0.039654,1.292290,24|25|26|27|28|28,0.5601
6997.117032,-0.130187,-4.707691,-0.000235,3.898765,0.030845,-0.002100,-1.244364,-0.017523,1.244488,24|25|26|27|28|28,0.5617
6997.133698,-0.124275,-4.717655,-0.000434,3.898765,0.030845,-0.002100,-1.238937,-0.014331,1.239020,24|25|26|27|28|28,0.5626
6997.150365,-0.113701,-4.734906,-0.000544,3.905631,0.029920,-0.002012,-1.236406,-0.007695,1.236430,24|25|26|27|28|28,0.5618
6997.183698,-0.142618,-4.752800,-0.000369,3.919215,0.028926,-0.002079,-1.240324,-0.022453,1.240528,24|25|26|27|28|28,0.5624
6997.200365,-0.140498,-4.758737,-0.000734,3.926171,0.029612,-0.002060,-1.244050,-0.021999,1.244244,24|25|26|27|28|28,0.5627
6997.217032,-0.140499,-4.758738,-0.000735,3.940162,0.030793,-0.001991,-1.258040,-0.023180,1.258253,24|25|26|27|28|28,0.5639
6997.233698,-0.119820,-4.778293,-0.000134,3.947140,0.030272,-0.002003,-1.254348,-0.011461,1.254400,24|25|26|27|28|28,0.5632
6997.250365,-0.114020,-4.786196,0.000119,3.954119,0.029748,-0.002004,-1.257020,-0.007802,1.257044,24|25|26|27|28|28,0.5635
6997.267032,-0.114024,-4.786196,0.000113,3.961049,0.029857,-0.002019,-1.263950,-0.007912,1.263974,24|25|26|27|28|28,0.5627
6997.283698,-0.121146,-4.796089,-0.000363,3.961049,0.029857,-0.002019,-1.258588,-0.011803,1.258643,24|25|26|27|28|28,0.5620
6997.300365,-0.126111,-4.812715,-0.000376,3.968209,0.030483,-0.001969,-1.256723,-0.015162,1.256814,24|25|26|27|28|28,0.5630
6997.317032,-0.126110,-4.812716,-0.000374,3.975438,0.031126,-0.001973,-1.263951,-0.015804,1.264050,24|25|26|27|28|28,0.5627
6997.333698,-0.152717,-4.740811,-0.000496,3.982391,0.030581,-0.001997,-1.310037,-0.029572,1.310371,24|25|26|27|28|28,0.5617
6997.350365,-0.152811,-4.740632,-0.000503,3.996470,0.029497,-0.002066,-1.324214,-0.028538,1.324521,24|25|26|27|28|28,0.5626
6997.383698,-0.115141,-4.839190,-0.000467,4.010604,0.030307,-0.002029,-1.284706,-0.009078,1.284738,24|25|26|27|28|28,0.5622
6997.400365,-0.129206,-4.856906,-0.001448,4.010604,0.030307,-0.002029,-1.275107,-0.016759,1.275217,24|25|26|27|28|28,0.5633
6997.417032,-0.169410,-4.774961,-0.000108,4.024417,0.029880,-0.002619,-1.333538,-0.038013,1.334080,24|25|26|27|28|28,0.5632
6997.433698,-0.117567,-4.876816,-0.001496,4.031525,0.029034,-0.002699,-1.285183,-0.009202,1.285216,24|25|26|27|28|28,0.5625
6997.450365,-0.113526,-4.884802,-0.001770,4.038478,0.029262,-0.002685,-1.287788,-0.007250,1.287808,24|25|26|27|28|28,0.5626
6997.467032,-0.169483,-4.800633,-0.000805,4.038478,0.029262,-0.002685,-1.333647,-0.037488,1.334173,24|25|26|27|28|28,0.5614
6997.483698,-0.135453,-4.902733,-0.001972,4.052776,0.029964,-0.002702,-1.292387,-0.019906,1.292540,24|25|26|27|28|28,0.5621
6997.500365,-0.171745,-4.828318,-0.001167,4.059655,0.029212,-0.002391,-1.339782,-0.038724,1.340341,24|25|26|27|28|28,0.5623
6997.517032,-0.171707,-4.828393,-0.001167,4.066533,0.028351,-0.002534,-1.346620,-0.037842,1.347151,24|25|26|27|28|28,0.5625
6997.533698,-0.178867,-4.844069,-0.001150,4.066533,0.028351,-0.002534,-1.338115,-0.041766,1.338767,24|25|26|27|28|28,0.5617
6997.550365,-0.191031,-4.851710,-0.001312,4.073100,0.028553,-0.003184,-1.340554,-0.048595,1.341434,24|25|26|27|28|28,0.5619
6997.567032,-0.191118,-4.851539,-0.001314,4.079805,0.028959,-0.003259,-1.347352,-0.049048,1.348245,24|25|26|27|28|28,0.5630
6997.583698,-0.134328,-4.962410,-0.001689,4.086503,0.029387,-0.003274,-1.293677,-0.018840,1.293814,24|25|26|27|28|28|30|31,0.5653
6997.600365,-0.134345,-4.962424,-0.001704,4.099802,0.029722,-0.003412,-1.306969,-0.019185,1.307110,24|25|26|27|28|28|30|31,0.5632
6997.617032,-0.156163,-4.910413,-0.002210,4.099802,0.029722,-0.003412,-1.335281,-0.030935,1.335639,24|25|26|27|28|28|30|31,0.5528
6997.633698,-0.125118,-4.986928,-0.002628,4.106707,0.028763,-0.003464,-1.300538,-0.013262,1.300606,26|27|28|28|30|31,0.5635
6997.650365,-0.138358,-4.996223,-0.002812,4.120663,0.028736,-0.003600,-1.309469,-0.020448,1.309629,26|27|28|28|30|31,0.5624
6997.667032,-0.138359,-4.996222,-0.002812,4.127981,0.029183,-0.003610,-1.316788,-0.020897,1.316953,26|27|28|28|30|31,0.5624
6997.683698,-0.189578,-4.911516,-0.002261,4.135086,0.028706,-0.003634,-1.370034,-0.048081,1.370878,26|27|28|28|30|31,0.5632
6997.700365,-0.176320,-4.931864,-0.002136,4.135086,0.028706,-0.003634,-1.358948,-0.040918,1.359564,26|27|28|28|30|31,0.5624
6997.717032,-0.176334,-4.931841,-0.002136,4.149368,0.027473,-0.003617,-1.373243,-0.039693,1.373816,26|27|28|28|30|31,0.5633
6997.733698,-0.137419,-5.031329,-0.002598,4.156321,0.027976,-0.003539,-1.326047,-0.019251,1.326186,26|27|28|28|30|31,0.5645
6997.750365,-0.199444,-4.956778,-0.001933,4.163263,0.028514,-0.003523,-1.373632,-0.053345,1.374668,26|27|28|28|30|31,0.5637
6997.767032,-0.199521,-4.956623,-0.001931,4.170118,0.028876,-0.003682,-1.380572,-0.053748,1.381618,26|27|28|28|30|31,0.5635
6997.783698,-0.146708,-5.057882,-0.002117,4.177272,0.028134,-0.003774,-1.332586,-0.024511,1.332811,26|27|28|28|30|31,0.5633
6997.800365,-0.179357,-4.982643,-0.002479,4.177272,0.028134,-0.003774,-1.373543,-0.042100,1.374188,26|27|28|28|30|31,0.5640
6997.817032,-0.189780,-4.992783,-0.003086,4.184507,0.027401,-0.003771,-1.375289,-0.047054,1.376093,26|27|28|28|30|31,0.5643
6997.833698,-0.154650,-5.094135,-0.002749,4.191356,0.027081,-0.003916,-1.326984,-0.027850,1.327276,26|27|28|28|30|31,0.5635
6997.850365,-0.203709,-5.008376,-0.002771,4.198548,0.027886,-0.004004,-1.380884,-0.055141,1.381985,26|27|28|28|30|31,0.5630
6997.867032,-0.203804,-5.008186,-0.002771,4.213067,0.028083,-0.003988,-1.395506,-0.055389,1.396605,26|27|28|28|30|31,0.5641
6997.883698,-0.146158,-5.110023,-0.002708,4.220331,0.027777,-0.003971,-1.347306,-0.023964,1.347520,26|27|28|28|30|31,0.5632
6997.900365,-0.139166,-5.119690,-0.002942,4.227595,0.027482,-0.003950,-1.349302,-0.019888,1.349449,26|27|28|28|30|31,0.5643
6997.917032,-0.188898,-5.038023,-0.002481,4.234334,0.027994,-0.004147,-1.400527,-0.047260,1.401324,26|27|28|28|30|31,0.5629
6997.950365,-0.142075,-5.155093,-0.002442,4.241323,0.028977,-0.004158,-1.343795,-0.023037,1.343993,26|27|28|28|30|31,0.5630
6997.967032,-0.142076,-5.155093,-0.002441,4.248320,0.029295,-0.004244,-1.350792,-0.023355,1.350994,26|27|28|28|30|31,0.5632
6997.983698,-0.127711,-5.165031,-0.003071,4.255480,0.028525,-0.004239,-1.352521,-0.014799,1.352602,26|27|28|28|30|31,0.5633
6998.000365,-0.134201,-5.182096,-0.003390,4.262657,0.027783,-0.004241,-1.350437,-0.017619,1.350552,26|27|28|28|30|31,0.5632
6998.017032,-0.144207,-5.191762,-0.003483,4.269573,0.027008,-0.004288,-1.352121,-0.022302,1.352305,26|27|28|28|30|31,0.5634
6998.050365,-0.144207,-5.191761,-0.003489,4.283345,0.028176,-0.004436,-1.365894,-0.023471,1.366096,26|27|28|28|30|31,0.5615
6998.100365,-0.185419,-5.157006,-0.004079,4.304864,0.027021,-0.004368,-1.406386,-0.044641,1.407094,26|27|28|28|30|31|32,0.5613
6998.117032,-0.185206,-5.157442,-0.004095,4.318537,0.028504,-0.004346,-1.419821,-0.046010,1.420567,26|27|28|28|30|31|32,0.5618
6998.150365,-0.129679,-5.260558,-0.002887,4.325564,0.029376,-0.004410,-1.370694,-0.016916,1.370798,27|28|28|30|31|32,0.5623
6998.167032,-0.117806,-5.269550,-0.002929,4.332900,0.028925,-0.004423,-1.373118,-0.010032,1.373154,27|28|28|30|31|32,0.5625
6998.183698,-0.123772,-5.279955,-0.002684,4.340262,0.028475,-0.004443,-1.374838,-0.012845,1.374898,27|28|28|30|31|32,0.5632
6998.200365,-0.123772,-5.279956,-0.002683,4.354157,0.028669,-0.004642,-1.388732,-0.013040,1.388793,27|28|28|30|31|32,0.5631
6998.217032,-0.129901,-5.291053,-0.003033,4.361146,0.029167,-0.004644,-1.389702,-0.016890,1.389805,27|28|28|30|31|32,0.5611
6998.233698,-0.179772,-5.208583,-0.003128,4.361146,0.029167,-0.004644,-1.434625,-0.043825,1.435294,27|28|28|30|31|32,0.5619
6998.250365,-0.118493,-5.313568,-0.003268,4.368190,0.028552,-0.004651,-1.384487,-0.010122,1.384524,27|28|28|30|31|32,0.5618
6998.267032,-0.118493,-5.313567,-0.003271,4.382274,0.027330,-0.004591,-1.398571,-0.008900,1.398600,27|28|28|30|31|32,0.5629
6998.300365,-0.172238,-5.231770,-0.003535,4.388938,0.027021,-0.004662,-1.449801,-0.037632,1.450289,27|28|28|30|31|32,0.5634
6998.317032,-0.147341,-5.348517,-0.002960,4.395596,0.027918,-0.004833,-1.392958,-0.025238,1.393186,27|28|28|30|31|32,0.5615
6998.333698,-0.147343,-5.348519,-0.002959,4.409934,0.028481,-0.004702,-1.407295,-0.025803,1.407532,27|28|28|30|31|32,0.5629
6998.350365,-0.170463,-5.274368,-0.003172,4.409934,0.028481,-0.004702,-1.447642,-0.038215,1.448146,27|28|28|30|31|32,0.5632
6998.367032,-0.170406,-5.274484,-0.003170,4.417093,0.028404,-0.004653,-1.454739,-0.038107,1.455238,27|28|28|30|31|32,0.5646
6998.383698,-0.172112,-5.294256,-0.003494,4.424252,0.028340,-0.004657,-1.451155,-0.039011,1.451679,27|28|28|30|31|32,0.5646
6998.400365,-0.172191,-5.294095,-0.003496,4.438382,0.029213,-0.004803,-1.465372,-0.039927,1.465916,27|28|28|30|31|32,0.5643
6998.417032,-0.126868,-5.395823,-0.003083,4.445731,0.029125,-0.003625,-1.417342,-0.015416,1.417426,27|28|28|30|31|32,0.5633
6998.433698,-0.170880,-5.311739,-0.002995,4.452876,0.028708,-0.003594,-1.470275,-0.038745,1.470785,27|28|28|30|31|32,0.5634
6998.450365,-0.163425,-5.328421,-0.002878,4.452876,0.028708,-0.003594,-1.461193,-0.034728,1.461606,27|28|28|30|31|32,0.5637
6998.467032,-0.123260,-5.430184,-0.002218,4.459974,0.028275,-0.003599,-1.412903,-0.012676,1.412960,27|28|28|30|31|32,0.5640
6998.483698,-0.175109,-5.347859,-0.003009,4.466977,0.027920,-0.003495,-1.464754,-0.040330,1.465309,27|28|28|30|31|32,0.5642
6998.500365,-0.175080,-5.347918,-0.003009,4.473755,0.028472,-0.003798,-1.471500,-0.040867,1.472067,27|28|28|30|31|32,0.5634
6998.533698,-0.133891,-5.448591,-0.003281,4.495086,0.028310,-0.004141,-1.438033,-0.018527,1.438152,27|28|28|30|31|32,0.5629
6998.567032,-0.172670,-5.391500,-0.003571,4.502072,0.027891,-0.004298,-1.476126,-0.039066,1.476643,27|28|28|30|31|32,0.5642
6998.583698,-0.178175,-5.401584,-0.003994,4.508914,0.027838,-0.004269,-1.477499,-0.042026,1.478097,27|28|28|30|31|32,0.5625
6998.600365,-0.178058,-5.401817,-0.003993,4.515786,0.028296,-0.004196,-1.484244,-0.042420,1.484850,27|28|28|30|31|32,0.5607
6998.617032,-0.178121,-5.407393,-0.003706,4.529892,0.027186,-0.004141,-1.495320,-0.041356,1.495892,27|28|28|30|31|32,0.5605
6998.633698,-0.194869,-5.369602,-0.003806,4.536828,0.026637,-0.004148,-1.522829,-0.049832,1.523644,27|28|28|30|31|32|33|34,0.5629
6998.650365,-0.168503,-5.446450,-0.004138,4.543392,0.026495,-0.004174,-1.487574,-0.035518,1.487998,27|28|28|30|31|32|33|34,0.5512
6998.667032,-0.216831,-5.398390,-0.005172,4.549852,0.027364,-0.004120,-1.520253,-0.062553,1.521539,28|30|31|32|33|34,0.5613
6998.683698,-0.217957,-5.402747,-0.005088,4.549852,0.027364,-0.004120,-1.517887,-0.063174,1.519201,28|30|31|32|33|34,0.5619
6998.700365,-0.217856,-5.402951,-0.005083,4.556357,0.028267,-0.004124,-1.524281,-0.064022,1.525625,28|30|31|32|33|34,0.5621
6998.717032,-0.204775,-5.412259,-0.005454,4.569943,0.027718,-0.004359,-1.532782,-0.056383,1.533818,28|30|31|32|33|34,0.5614
6998.733698,-0.191087,-5.421917,-0.005462,4.576905,0.027207,-0.004365,-1.534466,-0.048454,1.535231,28|30|31|32|33|34,0.5625
6998.767032,-0.206283,-5.448508,-0.005632,4.583949,0.026680,-0.004621,-1.527090,-0.056239,1.528125,28|30|31|32|33|34,0.5620
6998.783698,-0.213159,-5.458359,-0.005938,4.590647,0.026913,-0.004953,-1.528449,-0.060229,1.529635,28|30|31|32|33|34,0.5612
6998.800365,-0.208835,-5.463001,-0.006171,4.597912,0.026645,-0.005018,-1.533182,-0.057621,1.534264,28|30|31|32|33|34,0.5623
6998.817032,-0.208901,-5.462871,-0.006175,4.605126,0.026394,-0.004981,-1.540467,-0.057406,1.541536,28|30|31|32|33|34,0.5623
6998.833698,-0.212215,-5.473222,-0.006379,4.612216,0.026149,-0.004895,-1.541938,-0.058983,1.543066,28|30|31|32|33|34,0.5631
6998.850365,-0.218407,-5.493024,-0.006155,4.625970,0.026150,-0.004857,-1.544943,-0.062390,1.546202,28|30|31|32|33|34,0.5632
6998.867032,-0.221215,-5.503101,-0.006406,4.625970,0.026150,-0.004857,-1.539472,-0.063937,1.540799,28|30|31|32|33|34,0.5621
6998.883698,-0.217453,-5.506918,-0.005976,4.633067,0.026621,-0.004981,-1.544486,-0.062372,1.545745,28|30|31|32|33|34,0.5616
6998.900365,-0.210631,-5.517299,-0.006038,4.647132,0.026146,-0.005474,-1.552896,-0.058210,1.553987,28|30|31|32|33|34,0.5625
6998.917032,-0.213749,-5.526937,-0.005813,4.654244,0.025937,-0.005551,-1.554776,-0.059716,1.555922,28|30|31|32|33|34,0.5635
6998.933698,-0.216828,-5.536340,-0.006098,4.654244,0.025937,-0.005551,-1.549672,-0.061408,1.550888,28|30|31|32|33|34,0.5643
6998.950365,-0.216765,-5.536460,-0.006093,4.668315,0.025596,-0.005694,-1.563678,-0.061033,1.564869,28|30|31|32|33|34,0.5630
6998.967032,-0.221061,-5.555764,-0.006435,4.668315,0.025596,-0.005694,-1.553196,-0.063408,1.554490,28|30|31|32|33|34,0.5616
6998.983698,-0.220885,-5.556117,-0.006432,4.682551,0.025946,-0.005872,-1.567240,-0.063663,1.568532,28|30|31|32|33|34,0.5613
6999.000365,-0.222572,-5.560269,-0.006209,4.682551,0.025946,-0.005872,-1.564986,-0.064589,1.566319,28|30|31|32|33|34,0.5629
6999.017032,-0.219702,-5.570205,-0.005955,4.696846,0.026459,-0.005885,-1.573876,-0.063562,1.575159,28|30|31|32|33|34,0.5627
6999.033698,-0.212181,-5.590688,-0.005665,4.703958,0.026816,-0.005887,-1.569840,-0.059874,1.570981,28|30|31|32|33|34,0.5629
6999.050365,-0.207791,-5.601076,-0.005460,4.703958,0.026816,-0.005887,-1.564185,-0.057509,1.565242,28|30|31|32|33|34,0.5625
6999.067032,-0.207908,-5.600840,-0.005460,4.710765,0.026746,-0.005911,-1.571121,-0.057503,1.572173,28|30|31|32|33|34,0.5604
6999.083698,-0.202091,-5.609403,-0.005348,4.724652,0.026274,-0.006071,-1.580342,-0.053886,1.581261,28|30|31|32|33|34,0.5618
6999.100365,-0.205396,-5.624155,-0.005828,4.724652,0.026274,-0.006071,-1.572332,-0.055713,1.573319,28|30|31|32|33|34,0.5636
6999.133698,-0.218777,-5.627594,-0.006824,4.738490,0.025928,-0.006208,-1.584329,-0.062647,1.585567,28|30|31|32|33|34|35,0.5489
6999.167032,-0.220204,-5.624951,-0.006849,4.759428,0.025376,-0.006690,-1.606706,-0.062864,1.607935,28|30|31|32|33|34|35,0.5596
6999.183698,-0.226288,-5.640571,-0.006525,4.766570,0.025437,-0.006650,-1.605371,-0.066264,1.606738,28|30|31|32|33|34|35,0.5541
6999.200365,-0.218080,-5.676966,-0.006291,4.773769,0.025494,-0.006609,-1.592773,-0.061935,1.593977,30|31|32|33|34|35,0.5625
6999.217032,-0.216804,-5.687236,-0.006676,4.780797,0.025724,-0.006477,-1.594217,-0.061493,1.595403,30|31|32|33|34|35,0.5618
6999.233698,-0.215435,-5.696787,-0.007200,4.780797,0.025724,-0.006477,-1.589024,-0.060769,1.590186,30|31|32|33|34|35,0.5611
6999.250365,-0.211390,-5.703987,-0.007231,4.787651,0.026475,-0.006337,-1.591956,-0.059337,1.593061,30|31|32|33|34|35,0.5597
6999.267032,-0.211259,-5.704245,-0.007229,4.794833,0.026547,-0.006438,-1.598998,-0.059338,1.600099,30|31|32|33|34|35,0.5606
6999.283698,-0.198812,-5.720611,-0.006807,4.801967,0.026596,-0.006731,-1.597212,-0.052655,1.598079,30|31|32|33|34|35,0.5619
6999.300365,-0.198684,-5.720861,-0.006804,4.809103,0.026650,-0.006865,-1.604211,-0.052640,1.605075,30|31|32|33|34|35,0.5623
6999.317032,-0.195847,-5.740888,-0.007262,4.816239,0.026679,-0.006953,-1.600458,-0.051169,1.601276,30|31|32|33|34|35,0.5626
6999.333698,-0.195877,-5.740830,-0.007261,4.830071,0.025937,-0.006934,-1.614321,-0.050443,1.615109,30|31|32|33|34|35,0.5618
6999.350365,-0.195120,-5.750812,-0.007920,4.837248,0.025772,-0.006911,-1.616072,-0.049887,1.616842,30|31|32|33|34|35,0.5611
6999.383698,-0.205706,-5.774335,-0.008039,4.844423,0.025613,-0.006870,-1.610484,-0.055531,1.611441,30|31|32|33|34|35,0.5621
6999.400365,-0.207651,-5.784397,-0.007835,4.851499,0.025423,-0.006851,-1.612096,-0.056417,1.613082,30|31|32|33|34|35,0.5622
6999.417032,-0.209574,-5.794939,-0.007539,4.865060,0.025148,-0.006852,-1.619931,-0.057210,1.620941,30|31|32|33|34|35,0.5611
6999.450365,-0.209813,-5.794470,-0.007544,4.879158,0.025804,-0.006734,-1.634285,-0.057994,1.635314,30|31|32|33|34|35,0.5611
6999.467032,-0.212124,-5.805808,-0.007778,4.886218,0.026143,-0.006704,-1.635188,-0.059613,1.636274,30|31|32|33|34|35,0.5623
6999.483698,-0.201378,-5.826032,-0.007527,4.893283,0.026503,-0.006716,-1.631240,-0.054174,1.632139,30|31|32|33|34|35,0.5626
6999.500365,-0.196158,-5.836176,-0.007337,4.893283,0.026503,-0.006716,-1.625716,-0.051358,1.626527,30|31|32|33|34|35,0.5625
6999.517032,-0.190306,-5.846671,-0.007246,4.907342,0.025876,-0.006848,-1.634059,-0.047572,1.634751,30|31|32|33|34|35,0.5616
6999.533698,-0.189452,-5.851776,-0.006966,4.907342,0.025876,-0.006848,-1.631283,-0.047119,1.631963,30|31|32|33|34|35,0.5621
6999.550365,-0.197806,-5.860558,-0.007244,4.921825,0.025737,-0.006872,-1.641010,-0.051537,1.641819,30|31|32|33|34|35,0.5630
6999.567032,-0.197688,-5.860786,-0.007240,4.921825,0.025737,-0.006872,-1.640886,-0.051474,1.641693,30|31|32|33|34|35,0.5640
6999.583698,-0.197881,-5.870715,-0.006932,4.936004,0.025565,-0.006833,-1.649669,-0.051428,1.650470,30|31|32|33|34|35,0.5637
6999.600365,-0.197922,-5.881469,-0.007076,4.942700,0.025684,-0.006841,-1.650521,-0.051591,1.651327,30|31|32|33|34|35,0.5635
6999.617032,-0.198686,-5.901625,-0.006375,4.949879,0.025664,-0.006847,-1.646747,-0.052028,1.647569,30|31|32|33|34|35,0.5626
6999.633698,-0.196530,-5.904425,-0.006777,4.949879,0.025664,-0.006847,-1.645221,-0.050862,1.646007,30|31|32|33|34|35,0.5626
6999.650365,-0.196500,-5.904486,-0.006776,4.957077,0.025643,-0.006856,-1.652385,-0.050825,1.653167,30|31|32|33|34|35,0.5640
6999.667032,-0.196471,-5.914427,-0.006595,4.971156,0.025580,-0.006945,-1.661062,-0.050767,1.661838,30|31|32|33|34|35,0.5644
6999.683698,-0.215913,-5.890310,-0.005518,4.977874,0.025075,-0.007018,-1.680927,-0.060777,1.682025,30|31|32|33|34|35|36|37,0.5610
6999.700365,-0.215343,-5.897727,-0.008836,4.984965,0.024523,-0.006973,-1.683986,-0.059932,1.685052,30|31|32|33|34|35|36|37,0.5507
6999.717032,-0.233744,-5.886515,-0.008880,4.992113,0.024283,-0.006967,-1.697265,-0.069669,1.698694,30|32|33|34|35|36|37,0.5547
6999.750365,-0.259213,-5.877558,-0.010354,5.006325,0.023833,-0.007023,-1.716397,-0.083042,1.718405,32|33|34|35|36|37,0.5634
6999.767032,-0.261903,-5.887050,-0.010212,5.006325,0.023833,-0.007023,-1.711244,-0.084524,1.713330,32|33|34|35|36|37,0.5629
6999.783698,-0.264416,-5.896818,-0.010302,5.019548,0.024771,-0.007370,-1.719163,-0.086847,1.721356,32|33|34|35|36|37,0.5618
6999.800365,-0.263532,-5.903020,-0.010263,5.019548,0.024771,-0.007370,-1.715791,-0.086380,1.717964,32|33|34|35|36|37,0.5617
6999.817032,-0.263499,-5.903091,-0.010261,5.026325,0.024814,-0.007477,-1.722530,-0.086405,1.724695,32|33|34|35|36|37,0.5614
6999.850365,-0.250696,-5.928763,-0.010964,5.040305,0.024385,-0.007483,-1.722532,-0.079071,1.724346,32|33|34|35|36|37,0.5623
6999.867032,-0.253219,-5.938475,-0.010564,5.054420,0.023711,-0.007905,-1.731373,-0.079788,1.733210,32|33|34|35|36|37,0.5625
6999.883698,-0.255495,-5.948510,-0.010909,5.054420,0.023711,-0.007905,-1.725924,-0.081045,1.727826,32|33|34|35|36|37,0.5617
6999.900365,-0.261794,-5.954123,-0.010889,5.061332,0.022819,-0.008374,-1.729799,-0.083588,1.731817,32|33|34|35|36|37,0.5620
6999.917032,-0.261811,-5.954090,-0.010890,5.075606,0.022875,-0.008505,-1.744091,-0.083654,1.746096,32|33|34|35|36|37,0.5620
6999.933698,-0.271499,-5.972032,-0.011981,5.075606,0.022875,-0.008505,-1.734359,-0.088956,1.736639,32|33|34|35|36|37,0.5632
6999.950365,-0.270044,-5.982253,-0.012305,5.082687,0.022924,-0.008488,-1.735883,-0.088235,1.738124,32|33|34|35|36|37,0.5632
6999.967032,-0.268596,-5.992040,-0.012396,5.089784,0.022975,-0.008496,-1.737657,-0.087520,1.739860,32|33|34|35|36|37,0.5621
6999.983698,-0.268522,-5.992192,-0.012394,5.096576,0.022668,-0.008483,-1.744367,-0.087172,1.746543,32|33|34|35|36|37,0.5612
7000.000365,-0.270437,-6.005850,-0.011725,5.110838,0.022670,-0.008632,-1.751210,-0.088244,1.753432,32|33|34|35|36|37,0.5610
7000.017032,-0.270351,-6.015413,-0.011890,5.110838,0.022670,-0.008632,-1.746013,-0.088216,1.748240,32|33|34|35|36|37,0.5625
7000.033698,-0.270282,-6.015551,-0.011891,5.125332,0.022741,-0.008736,-1.760432,-0.088250,1.762642,32|33|34|35|36|37,0.5636
7000.050365,-0.268908,-6.025948,-0.012293,5.132320,0.022087,-0.008651,-1.761766,-0.086870,1.763907,32|33|34|35|36|37,0.5639
7000.067032,-0.267631,-6.036445,-0.011875,5.132320,0.022087,-0.008651,-1.756059,-0.086198,1.758173,32|33|34|35|36|37,0.5617
7000.083698,-0.275233,-6.051516,-0.012444,5.139245,0.021613,-0.008737,-1.754809,-0.089887,1.757110,32|33|34|35|36|37,0.5608
7000.117032,-0.275265,-6.051449,-0.012445,5.160541,0.023085,-0.008660,-1.776141,-0.091377,1.778490,32|33|34|35|36|37,0.5623
7000.133698,-0.273318,-6.068741,-0.011179,5.160541,0.023085,-0.008660,-1.766739,-0.090354,1.769048,32|33|34|35|36|37,0.5636
7000.150365,-0.257757,-6.089245,-0.011432,5.167683,0.023594,-0.008690,-1.762706,-0.082448,1.764633,32|33|34|35|36|37,0.5630
7000.167032,-0.250166,-6.099109,-0.011197,5.174564,0.022784,-0.008484,-1.764211,-0.077532,1.765914,32|33|34|35|36|37,0.5618
7000.183698,-0.264507,-6.098459,-0.010388,5.188665,0.022564,-0.008734,-1.778694,-0.085105,1.780729,32|33|34|35|36|37|38,0.5554
7000.200365,-0.266805,-6.106256,-0.010443,5.188665,0.022564,-0.008734,-1.774461,-0.086370,1.776562,32|33|34|35|36|37|38,0.5620
7000.217032,-0.266544,-6.113130,-0.011270,5.202630,0.022670,-0.008797,-1.784690,-0.086348,1.786777,32|33|34|35|36|37|38,0.5576
7000.233698,-0.283158,-6.087408,-0.011596,5.202630,0.022670,-0.008797,-1.798703,-0.095324,1.801227,33|34|35|36|37|38,0.5638
7000.250365,-0.283157,-6.087410,-0.011594,5.209572,0.022410,-0.008812,-1.805644,-0.095065,1.808145,33|34|35|36|37|38,0.5641
7000.267032,-0.284389,-6.102248,-0.011267,5.216622,0.021209,-0.008886,-1.804633,-0.094563,1.807109,33|34|35|36|37|38,0.5648
7000.283698,-0.284389,-6.102248,-0.011267,5.230451,0.021413,-0.009672,-1.818462,-0.094767,1.820930,33|34|35|36|37|38,0.5642
7000.300365,-0.300462,-6.111209,-0.011382,5.237460,0.021711,-0.009598,-1.820634,-0.103819,1.823592,33|34|35|36|37|38,0.5651
7000.350365,-0.298617,-6.118645,-0.011507,5.258528,0.022037,-0.009490,-1.837656,-0.103158,1.840550,33|34|35|36|37|38,0.5632
7000.367032,-0.284259,-6.154510,-0.010670,5.258528,0.022037,-0.009490,-1.818135,-0.095429,1.820638,33|34|35|36|37|38,0.5636
7000.383698,-0.284260,-6.154509,-0.010670,5.265754,0.022315,-0.009634,-1.825363,-0.095706,1.827870,33|34|35|36|37|38,0.5642
7000.400365,-0.276335,-6.172874,-0.011025,5.280114,0.022870,-0.009841,-1.829726,-0.091992,1.832037,33|34|35|36|37|38,0.5643
7000.433698,-0.266563,-6.193697,-0.011827,5.286789,0.022301,-0.009854,-1.825063,-0.086155,1.827096,33|34|35|36|37|38,0.5635
7000.450365,-0.274165,-6.197957,-0.012507,5.293803,0.021231,-0.009914,-1.829777,-0.089226,1.831951,33|34|35|36|37|38,0.5629
7000.467032,-0.287699,-6.206229,-0.012702,5.308295,0.021394,-0.009855,-1.839801,-0.096761,1.842344,33|34|35|36|37|38,0.5628
7000.483698,-0.285686,-6.216831,-0.012506,5.308295,0.021394,-0.009855,-1.834036,-0.095689,1.836530,33|34|35|36|37|38,0.5631
7000.500365,-0.285686,-6.216831,-0.012506,5.315373,0.021514,-0.009817,-1.841114,-0.095809,1.843605,33|34|35|36|37|38,0.5635
7000.517032,-0.281078,-6.237817,-0.013213,5.329156,0.020803,-0.009557,-1.843482,-0.092637,1.845808,33|34|35|36|37|38,0.5624
7000.533698,-0.279921,-6.247077,-0.012566,5.336014,0.020616,-0.009555,-1.845305,-0.091840,1.847589,33|34|35|36|37|38,0.5615
7000.583698,-0.279922,-6.247078,-0.012569,5.357787,0.022315,-0.009516,-1.867078,-0.093539,1.869419,33|34|35|36|37|38,0.5643
7000.600365,-0.274603,-6.279195,-0.013052,5.357787,0.022315,-0.009516,-1.849612,-0.090715,1.851835,33|34|35|36|37|38,0.5642
7000.617032,-0.274603,-6.279194,-0.013051,5.364758,0.022495,-0.009460,-1.856583,-0.090896,1.858807,33|34|35|36|37|38,0.5627
7000.633698,-0.262763,-6.295796,-0.013261,5.371890,0.021505,-0.009551,-1.854668,-0.083505,1.856547,33|34|35|36|37|38,0.5626
7000.650365,-0.275906,-6.305635,-0.013135,5.386338,0.021357,-0.009560,-1.863796,-0.090519,1.865993,33|34|35|36|37|38,0.5627
7000.667032,-0.275905,-6.305636,-0.013137,5.393495,0.021509,-0.009394,-1.870953,-0.090671,1.873149,33|34|35|36|37|38,0.5627
7000.683698,-0.275659,-6.324852,-0.012846,5.393495,0.021509,-0.009394,-1.860509,-0.090577,1.862712,33|34|35|36|37|38,0.5635
7000.700365,-0.275660,-6.324852,-0.012844,5.407424,0.021136,-0.009354,-1.874438,-0.090205,1.876607,33|34|35|36|37|38,0.5632
7000.717032,-0.269826,-6.346122,-0.011987,5.414530,0.020939,-0.009402,-1.869971,-0.086881,1.871989,33|34|35|36|37|38|39|40,0.5628
7000.750365,-0.269810,-6.346670,-0.012323,5.429035,0.021264,-0.009445,-1.884179,-0.087198,1.886196,35|36|37|38|39|40,0.5658
7000.767032,-0.277857,-6.359304,-0.011920,5.429035,0.021264,-0.009445,-1.877330,-0.091597,1.879563,35|36|37|38|39|40,0.5644
7000.783698,-0.274599,-6.369735,-0.011789,5.442717,0.021031,-0.009565,-1.885336,-0.089615,1.887464,35|36|37|38|39|40,0.5643
7000.817032,-0.271374,-6.380285,-0.012146,5.449835,0.019819,-0.009556,-1.886713,-0.086672,1.888703,35|36|37|38|39|40,0.5630
7000.833698,-0.273687,-6.394133,-0.012838,5.464269,0.019653,-0.009470,-1.893626,-0.087792,1.895660,35|36|37|38|39|40,0.5629
7000.850365,-0.290031,-6.403584,-0.012716,5.464269,0.019653,-0.009470,-1.888523,-0.096693,1.890997,35|36|37|38|39|40,0.5629
7000.867032,-0.290723,-6.424069,-0.012700,5.478613,0.019477,-0.009534,-1.891735,-0.096936,1.894217,35|36|37|38|39|40,0.5629
7000.883698,-0.290723,-6.424068,-0.012701,5.485239,0.019975,-0.009507,-1.898363,-0.097434,1.900861,35|36|37|38|39|40,0.5620
7000.900365,-0.291719,-6.444556,-0.012101,5.485239,0.019975,-0.009507,-1.887230,-0.098018,1.889774,35|36|37|38|39|40,0.5612
7000.917032,-0.291718,-6.444559,-0.012096,5.498927,0.019985,-0.009574,-1.900915,-0.098028,1.903441,35|36|37|38|39|40,0.5612
7000.933698,-0.283741,-6.446887,-0.012237,5.505921,0.019899,-0.009528,-1.906628,-0.093611,1.908925,35|36|37|38|39|40,0.5627
7000.967032,-0.282094,-6.476331,-0.012329,5.520136,0.019454,-0.009867,-1.904838,-0.092331,1.907074,35|36|37|38|39|40,0.5622
7000.983698,-0.282094,-6.476331,-0.012332,5.520136,0.019454,-0.009867,-1.904838,-0.092331,1.907074,35|36|37|38|39|40,0.5617
7001.000365,-0.287493,-6.491595,-0.012636,5.527196,0.018196,-0.010018,-1.903613,-0.094039,1.905934,35|36|37|38|39|40,0.5614
7001.017032,-0.304369,-6.500420,-0.012927,5.534231,0.018054,-0.010150,-1.905886,-0.103087,1.908672,35|36|37|38|39|40,0.5611
7001.033698,-0.304780,-6.508924,-0.013033,5.541297,0.018236,-0.010146,-1.908332,-0.103510,1.911137,35|36|37|38|39|40,0.5618
7001.050365,-0.304780,-6.508922,-0.013035,5.555461,0.018604,-0.010095,-1.922497,-0.103877,1.925301,35|36|37|38|39|40,0.5633
7001.067032,-0.298269,-6.529397,-0.012298,5.555461,0.018604,-0.010095,-1.911356,-0.100381,1.913990,35|36|37|38|39|40,0.5627
7001.083698,-0.298269,-6.529397,-0.012297,5.562361,0.018066,-0.010117,-1.918256,-0.099843,1.920853,35|36|37|38|39|40,0.5615
7001.100365,-0.301762,-6.544762,-0.011949,5.569422,0.017841,-0.010150,-1.916973,-0.101548,1.919661,35|36|37|38|39|40,0.5614
7001.117032,-0.303697,-6.553431,-0.011678,5.576593,0.018012,-0.010189,-1.919437,-0.102788,1.922187,35|36|37|38|39|40,0.5616
7001.133698,-0.300146,-6.563570,-0.011169,5.583695,0.018195,-0.010298,-1.921022,-0.101063,1.923679,35|36|37|38|39|40,0.5637
7001.150365,-0.300145,-6.563568,-0.011170,5.598051,0.017777,-0.010245,-1.935378,-0.100644,1.937994,35|36|37|38|39|40,0.5635
7001.183698,-0.301513,-6.589729,-0.011373,5.605275,0.016897,-0.010308,-1.928388,-0.100561,1.931008,35|36|37|38|39|40,0.5629
7001.200365,-0.312812,-6.598625,-0.010948,5.619548,0.017794,-0.010664,-1.937849,-0.107618,1.940835,35|36|37|38|39|40,0.5629
7001.217032,-0.312811,-6.598626,-0.010948,5.619548,0.017794,-0.010664,-1.937849,-0.107617,1.940835,35|36|37|38|39|40,0.5639
7001.233698,-0.306708,-6.605804,-0.012296,5.634082,0.019009,-0.010721,-1.948469,-0.105529,1.951325,35|36|37|38|39|40,0.5642
7001.250365,-0.297289,-6.617027,-0.011767,5.634082,0.019009,-0.010721,-1.942351,-0.100433,1.944946,35|36|37|38|39|40|41,0.5631
7001.267032,-0.278043,-6.637568,-0.011941,5.648090,0.017600,-0.010509,-1.945155,-0.088607,1.947172,35|36|37|38|39|40|41,0.5551
7001.300365,-0.278261,-6.638519,-0.012410,5.662185,0.017899,-0.010593,-1.958734,-0.089027,1.960756,36|37|38|39|40|41,0.5647
7001.333698,-0.296305,-6.652032,-0.011347,5.676147,0.017830,-0.010695,-1.965389,-0.098792,1.967870,36|37|38|39|40|41,0.5632
7001.350365,-0.290290,-6.672575,-0.012242,5.676147,0.017830,-0.010695,-1.954212,-0.095566,1.956547,36|37|38|39|40|41,0.5615
7001.367032,-0.287193,-6.682925,-0.012536,5.690131,0.016380,-0.010586,-1.962565,-0.092453,1.964741,36|37|38|39|40|41,0.5611
7001.383698,-0.304223,-6.696234,-0.012631,5.690131,0.016380,-0.010586,-1.955367,-0.101736,1.958011,36|37|38|39|40|41,0.5605
7001.400365,-0.304224,-6.696234,-0.012633,5.697207,0.016730,-0.010548,-1.962443,-0.102087,1.965097,36|37|38|39|40|41,0.5606
7001.417032,-0.301895,-6.714360,-0.012793,5.711463,0.017477,-0.010351,-1.966843,-0.101606,1.969466,36|37|38|39|40|41,0.5610
7001.433698,-0.301896,-6.714359,-0.012796,5.718292,0.017291,-0.010341,-1.973673,-0.101420,1.976277,36|37|38|39|40|41,0.5613
7001.450365,-0.295719,-6.724722,-0.013724,5.718292,0.017291,-0.010341,-1.968028,-0.098084,1.970471,36|37|38|39|40|41,0.5605
7001.467032,-0.289175,-6.735523,-0.013190,5.725251,0.017191,-0.010340,-1.969104,-0.094450,1.971367,36|37|38|39|40|41,0.5596
7001.483698,-0.291235,-6.747212,-0.013512,5.739567,0.017935,-0.010514,-1.977070,-0.096338,1.979416,36|37|38|39|40|41,0.5613
7001.500365,-0.284960,-6.757765,-0.013930,5.739567,0.017935,-0.010514,-1.971322,-0.092950,1.973512,36|37|38|39|40|41,0.5620
7001.533698,-0.272926,-6.778538,-0.014317,5.760322,0.016661,-0.010627,-1.980763,-0.085177,1.982593,36|37|38|39|40|41,0.5618
7001.550365,-0.272925,-6.778539,-0.014315,5.767362,0.016581,-0.010599,-1.987802,-0.085097,1.989623,36|37|38|39|40|41,0.5632
7001.567032,-0.279029,-6.782897,-0.014047,5.774615,0.016748,-0.010571,-1.992699,-0.088591,1.994668,36|37|38|39|40|41,0.5638
7001.600365,-0.294796,-6.792586,-0.013640,5.788738,0.017077,-0.010549,-2.001589,-0.097508,2.003963,36|37|38|39|40|41,0.5633
7001.617032,-0.291301,-6.811456,-0.013912,5.788738,0.017077,-0.010549,-1.991326,-0.095648,1.993622,36|37|38|39|40|41,0.5627
7001.633698,-0.285337,-6.831422,-0.013546,5.795488,0.016395,-0.010298,-1.987214,-0.091766,1.989331,36|37|38|39|40|41,0.5627
7001.650365,-0.295116,-6.836342,-0.013173,5.809322,0.016327,-0.010148,-1.998394,-0.097022,2.000747,36|37|38|39|40|41,0.5626
7001.667032,-0.303447,-6.842061,-0.012844,5.809322,0.016327,-0.010148,-1.995302,-0.101562,1.997885,36|37|38|39|40|41,0.5625
7001.683698,-0.293406,-6.852553,-0.012871,5.816412,0.016956,-0.010074,-1.996670,-0.096755,1.999013,36|37|38|39|40|41,0.5634
7001.700365,-0.293406,-6.852553,-0.012870,5.823512,0.017595,-0.010073,-2.003770,-0.097394,2.006136,36|37|38|39|40|41,0.5635
7001.717032,-0.283532,-6.863057,-0.012850,5.830457,0.017884,-0.010037,-2.004986,-0.092339,2.007111,36|37|38|39|40|41,0.5638
7001.733699,-0.268821,-6.879232,-0.011233,5.837576,0.016970,-0.010160,-2.003284,-0.083463,2.005022,36|37|38|39|40|41,0.5636
7001.750365,-0.268820,-6.879233,-0.011232,5.852025,0.016589,-0.010194,-2.017733,-0.083082,2.019443,36|37|38|39|40|41,0.5649
7001.767032,-0.281337,-6.890228,-0.009496,5.852025,0.016589,-0.010194,-2.011783,-0.089907,2.013791,36|37|38|39|40|41|42|43,0.5657
7001.783699,-0.287252,-6.898969,-0.009916,5.859212,0.016797,-0.009997,-2.014231,-0.093347,2.016393,37|38|39|40|41|42|43,0.5571
7001.800365,-0.282891,-6.909459,-0.009593,5.866356,0.017032,-0.009978,-2.015665,-0.091234,2.017729,38|39|40|41|42|43,0.5650
7001.817032,-0.274418,-6.930409,-0.009754,5.873152,0.016596,-0.009968,-2.011059,-0.086237,2.012907,38|39|40|41|42|43,0.5618
7001.833699,-0.274417,-6.930409,-0.009754,5.887456,0.016308,-0.010019,-2.025362,-0.085948,2.027185,38|39|40|41|42|43,0.5617
7001.850365,-0.279751,-6.934477,-0.010263,5.894636,0.016537,-0.010038,-2.030343,-0.089084,2.032296,38|39|40|41|42|43,0.5630
7001.867032,-0.281317,-6.953031,-0.010131,5.901650,0.016810,-0.010089,-2.027276,-0.090247,2.029284,38|39|40|41|42|43,0.5637
7001.883699,-0.277204,-6.963575,-0.010233,5.901650,0.016810,-0.010089,-2.021537,-0.088033,2.023453,38|39|40|41|42|43,0.5637
7001.900365,-0.277204,-6.963576,-0.010235,5.915395,0.015224,-0.010034,-2.035281,-0.086447,2.037116,38|39|40|41|42|43,0.5624
7001.933699,-0.294497,-6.987565,-0.011107,5.929847,0.014910,-0.009940,-2.036732,-0.095580,2.038973,38|39|40|41|42|43,0.5628
7001.950365,-0.297005,-6.997098,-0.011216,5.929847,0.014910,-0.009940,-2.031556,-0.096963,2.033869,38|39|40|41|42|43,0.5623
7001.967032,-0.297004,-6.997097,-0.011216,5.944330,0.014843,-0.009991,-2.046040,-0.096896,2.048333,38|39|40|41|42|43,0.5629
7001.983699,-0.296122,-7.018183,-0.010937,5.951120,0.015219,-0.009980,-2.041367,-0.096836,2.043663,38|39|40|41|42|43,0.5623
7002.000365,-0.295688,-7.028399,-0.010796,5.951120,0.015219,-0.009980,-2.035815,-0.096621,2.038106,38|39|40|41|42|43,0.5603
7002.017032,-0.289455,-7.033222,-0.010434,5.957669,0.015208,-0.009982,-2.039731,-0.093233,2.041860,38|39|40|41|42|43,0.5615
7002.033699,-0.289457,-7.033222,-0.010433,5.964592,0.015175,-0.010030,-2.046653,-0.093200,2.048774,38|39|40|41|42|43,0.5631
7002.050365,-0.289143,-7.039683,-0.010320,5.978778,0.015133,-0.010063,-2.057327,-0.093001,2.059428,38|39|40|41|42|43,0.5643
7002.067032,-0.288264,-7.059760,-0.010863,5.978778,0.015133,-0.010063,-2.046414,-0.092564,2.048506,38|39|40|41|42|43,0.5643
7002.083699,-0.287894,-7.069987,-0.011327,5.985804,0.014829,-0.010256,-2.047880,-0.092081,2.049950,38|39|40|41|42|43,0.5633
7002.100365,-0.291812,-7.075962,-0.011143,5.999828,0.013225,-0.010402,-2.058666,-0.092618,2.060748,38|39|40|41|42|43,0.5615
7002.117032,-0.307250,-7.084025,-0.010623,5.999828,0.013225,-0.010402,-2.054316,-0.101025,2.056799,38|39|40|41|42|43,0.5626
7002.133699,-0.307249,-7.084025,-0.010624,6.013755,0.013713,-0.010332,-2.068242,-0.101512,2.070732,38|39|40|41|42|43,0.5632
7002.150365,-0.311796,-7.092154,-0.011165,6.020827,0.013912,-0.010288,-2.070905,-0.104199,2.073525,38|39|40|41|42|43,0.5640
7002.167032,-0.303420,-7.112773,-0.010819,6.027727,0.013519,-0.010273,-2.066583,-0.099297,2.068967,38|39|40|41|42|43,0.5637
7002.183699,-0.299421,-7.122938,-0.010187,6.027727,0.013519,-0.010273,-2.061050,-0.097144,2.063338,38|39|40|41|42|43,0.5632
7002.200365,-0.304621,-7.127594,-0.010252,6.041957,0.013232,-0.010340,-2.072761,-0.099692,2.075157,38|39|40|41|42|43,0.5629
7002.217032,-0.304620,-7.127596,-0.010252,6.049064,0.013447,-0.010419,-2.079866,-0.099907,2.082264,38|39|40|41|42|43,0.5631
7002.233699,-0.310223,-7.135946,-0.010108,6.049064,0.013447,-0.010419,-2.075340,-0.102969,2.077892,38|39|40|41|42|43,0.5631
7002.250365,-0.302785,-7.156723,-0.010977,6.056371,0.013614,-0.010495,-2.071339,-0.099137,2.073710,38|39|40|41|42|43,0.5640
7002.267032,-0.302786,-7.156722,-0.010978,6.070685,0.012259,-0.010369,-2.085654,-0.097783,2.087945,38|39|40|41|42|43,0.5631
7002.283699,-0.304989,-7.172945,-0.010243,6.077580,0.012396,-0.010355,-2.083737,-0.099150,2.086095,38|39|40|41|42|43|44,0.5636
7002.300365,-0.316945,-7.182295,-0.009874,6.077580,0.012396,-0.010355,-2.078680,-0.105667,2.081364,38|39|40|41|42|43|44,0.5563
7002.317032,-0.317155,-7.183166,-0.010162,6.092149,0.013659,-0.010340,-2.092776,-0.107047,2.095512,39|40|41|42|43|44,0.5646
7002.333699,-0.313680,-7.189469,-0.010366,6.092149,0.013659,-0.010340,-2.089343,-0.105171,2.091989,39|40|41|42|43|44,0.5637
7002.350365,-0.303929,-7.199832,-0.010457,6.099434,0.014304,-0.010375,-2.090977,-0.100537,2.093392,39|40|41|42|43|44,0.5636
7002.367032,-0.283898,-7.221230,-0.010222,6.106292,0.013762,-0.010404,-2.086164,-0.089153,2.088068,39|40|41|42|43|44,0.5626
7002.383699,-0.283897,-7.221230,-0.010224,6.120482,0.012942,-0.010517,-2.100354,-0.088332,2.102211,39|40|41|42|43|44,0.5628
7002.417032,-0.299718,-7.244433,-0.011336,6.127522,0.013129,-0.010545,-2.094817,-0.097166,2.097069,39|40|41|42|43|44,0.5632
7002.433699,-0.296333,-7.254609,-0.011283,6.134564,0.013300,-0.010632,-2.096321,-0.095518,2.098496,39|40|41|42|43|44,0.5626
7002.450365,-0.296334,-7.254610,-0.011283,6.148612,0.012200,-0.010477,-2.110369,-0.094419,2.112480,39|40|41|42|43|44,0.5617
7002.467032,-0.292989,-7.270893,-0.011171,6.148612,0.012200,-0.010477,-2.101512,-0.092634,2.103553,39|40|41|42|43|44,0.5618
7002.483699,-0.292987,-7.270894,-0.011174,6.155459,0.011548,-0.010583,-2.108359,-0.091981,2.110365,39|40|41|42|43|44,0.5623
7002.500365,-0.306930,-7.279443,-0.011241,6.169468,0.012314,-0.010467,-2.117750,-0.100343,2.120126,39|40|41|42|43|44,0.5618
7002.517032,-0.308299,-7.296926,-0.010851,6.176523,0.012730,-0.010434,-2.115306,-0.101538,2.117741,39|40|41|42|43|44,0.5636
7002.533699,-0.308301,-7.296925,-0.010851,6.183377,0.012683,-0.010422,-2.122161,-0.101493,2.124587,39|40|41|42|43|44,0.5637
7002.550365,-0.294647,-7.318257,-0.010466,6.183377,0.012683,-0.010422,-2.110540,-0.094116,2.112637,39|40|41|42|43|44,0.5621
7002.567032,-0.294508,-7.322986,-0.009865,6.197580,0.012732,-0.010502,-2.122172,-0.094099,2.124257,39|40|41|42|43|44,0.5606
7002.583699,-0.298190,-7.329960,-0.010089,6.197580,0.012732,-0.010502,-2.118389,-0.096114,2.120569,39|40|41|42|43|44,0.5613
7002.600365,-0.291490,-7.340496,-0.010419,6.211687,0.013526,-0.010703,-2.126756,-0.093289,2.128801,39|40|41|42|43|44,0.5621
7002.617032,-0.291491,-7.340495,-0.010418,6.218393,0.013251,-0.010716,-2.133463,-0.093015,2.135490,39|40|41|42|43|44,0.5627
7002.633699,-0.285037,-7.350678,-0.011422,6.218393,0.013251,-0.010716,-2.127916,-0.089528,2.129798,39|40|41|42|43|44,0.5630
7002.650365,-0.282180,-7.365694,-0.010263,6.232437,0.011743,-0.010788,-2.133792,-0.086498,2.135545,39|40|41|42|43|44,0.5620
7002.667032,-0.282179,-7.365696,-0.010266,6.232437,0.011743,-0.010788,-2.133792,-0.086497,2.135544,39|40|41|42|43|44,0.5627
7002.700365,-0.297085,-7.394244,-0.010817,6.246687,0.012170,-0.010725,-2.132557,-0.095084,2.134676,39|40|41|42|43|44,0.5631
7002.717032,-0.293118,-7.404646,-0.011020,6.253743,0.012385,-0.010703,-2.133952,-0.093165,2.135984,39|40|41|42|43|44,0.5630
7002.733699,-0.289272,-7.414760,-0.012089,6.260489,0.011803,-0.010630,-2.135194,-0.090514,2.137111,39|40|41|42|43|44,0.5618
7002.750365,-0.289272,-7.414760,-0.012089,6.274175,0.011292,-0.010952,-2.148880,-0.090002,2.150764,39|40|41|42|43|44,0.5623
7002.767032,-0.297338,-7.419250,-0.011373,6.281379,0.011980,-0.010956,-2.153659,-0.095083,2.155757,39|40|41|42|43|44,0.5626
7002.783699,-0.309381,-7.426440,-0.012363,6.288505,0.012671,-0.010990,-2.156903,-0.102334,2.159329,39|40|41|42|43|44,0.5626
7002.800365,-0.290979,-7.445457,-0.012202,6.288505,0.012671,-0.010990,-2.146530,-0.092373,2.148517,39|40|41|42|43|44|45|46,0.5629
7002.817032,-0.279632,-7.455803,-0.012280,6.295555,0.013117,-0.010974,-2.147934,-0.086673,2.149682,39|40|41|42|43|44|45|46,0.5539
7002.833699,-0.279402,-7.456202,-0.012750,6.309915,0.011478,-0.010982,-2.162076,-0.084910,2.163743,41|42|43|44|45|46,0.5625
7002.850365,-0.283353,-7.472654,-0.011946,6.309915,0.011478,-0.010982,-2.153143,-0.087091,2.154904,41|42|43|44|45|46,0.5627
7002.867032,-0.283352,-7.472655,-0.011947,6.324389,0.011792,-0.011505,-2.167617,-0.087404,2.169378,41|42|43|44|45|46,0.5633
7002.883699,-0.290391,-7.491311,-0.013021,6.324389,0.011792,-0.011505,-2.157492,-0.091268,2.159422,41|42|43|44|45|46,0.5627
7002.900365,-0.290391,-7.491311,-0.013022,6.331537,0.012090,-0.011376,-2.164640,-0.091566,2.166576,41|42|43|44|45|46,0.5626
7002.933699,-0.282775,-7.517745,-0.012941,6.345336,0.010972,-0.011297,-2.164058,-0.086363,2.165780,41|42|43|44|45|46,0.5632
7002.950365,-0.282775,-7.517744,-0.012938,6.359555,0.011428,-0.011561,-2.178277,-0.086820,2.180006,41|42|43|44|45|46,0.5633
7002.967032,-0.294154,-7.525301,-0.012879,6.366545,0.011732,-0.011599,-2.181184,-0.093323,2.183179,41|42|43|44|45|46,0.5650
7002.983699,-0.289932,-7.534171,-0.012691,6.373243,0.011571,-0.011692,-2.183052,-0.090886,2.184943,41|42|43|44|45|46,0.5649
7003.000365,-0.285013,-7.545934,-0.013167,6.379956,0.010534,-0.011352,-2.183362,-0.087200,2.185103,41|42|43|44|45|46,0.5632
7003.017032,-0.281369,-7.561231,-0.012954,6.379956,0.010534,-0.011352,-2.175041,-0.085251,2.176711,41|42|43|44|45|46,0.5634
7003.033699,-0.296249,-7.569066,-0.013296,6.394371,0.009803,-0.010939,-2.185229,-0.092623,2.187191,41|42|43|44|45|46,0.5631
7003.050365,-0.296249,-7.569065,-0.013295,6.401604,0.009766,-0.010712,-2.192461,-0.092586,2.194415,41|42|43|44|45|46,0.5640
7003.067032,-0.303511,-7.589177,-0.012138,6.401604,0.009766,-0.010712,-2.181546,-0.096574,2.183683,41|42|43|44|45|46,0.5643
7003.083699,-0.303510,-7.589176,-0.012138,6.415824,0.009869,-0.010749,-2.195767,-0.096676,2.197895,41|42|43|44|45|46,0.5641
7003.100365,-0.302280,-7.609637,-0.011894,6.415824,0.009869,-0.010749,-2.184645,-0.096050,2.186755,41|42|43|44|45|46,0.5633
7003.133699,-0.302283,-7.609641,-0.011901,6.435979,0.010028,-0.010750,-2.204797,-0.096211,2.206895,41|42|43|44|45|46,0.5627
7003.150365,-0.295356,-7.630861,-0.012291,6.443180,0.009997,-0.010860,-2.200452,-0.092459,2.202393,41|42|43|44|45|46,0.5635
7003.167032,-0.295040,-7.641042,-0.011867,6.450396,0.009887,-0.011043,-2.202134,-0.092198,2.204063,41|42|43|44|45|46,0.5644
7003.183699,-0.295039,-7.641041,-0.011865,6.457237,0.008956,-0.011090,-2.208975,-0.091266,2.210860,41|42|43|44|45|46,0.5641
7003.200365,-0.294790,-7.651342,-0.012641,6.464212,0.008022,-0.011242,-2.210352,-0.090219,2.212193,41|42|43|44|45|46,0.5631
7003.217032,-0.295809,-7.660300,-0.013266,6.471293,0.008217,-0.011290,-2.212566,-0.090985,2.214436,41|42|43|44|45|46,0.5628
7003.233699,-0.319694,-7.673601,-0.014033,6.471293,0.008217,-0.011290,-2.205387,-0.103994,2.207837,41|42|43|44|45|46,0.5632
7003.250365,-0.316002,-7.683821,-0.013721,6.478245,0.008451,-0.011264,-2.206777,-0.102242,2.209144,41|42|43|44|45|46,0.5635
7003.267032,-0.311815,-7.694288,-0.012817,6.485294,0.008641,-0.011233,-2.208129,-0.100178,2.210400,41|42|43|44|45|46,0.5639
7003.283699,-0.311814,-7.694287,-0.012815,6.499407,0.007771,-0.011278,-2.222242,-0.099308,2.224460,41|42|43|44|45|46,0.5630
7003.300365,-0.307937,-7.709925,-0.012364,6.499407,0.007771,-0.011278,-2.213736,-0.097233,2.215870,41|42|43|44|45|46,0.5626
7003.317032,-0.308073,-7.711013,-0.012822,6.506606,0.007948,-0.011261,-2.220343,-0.097486,2.222482,41|42|43|44|45|46|47,0.5587
7003.333699,-0.314859,-7.727783,-0.013507,6.513730,0.008147,-0.011280,-2.218367,-0.101408,2.220684,41|42|43|44|45|46|47,0.5622
7003.350365,-0.311038,-7.738355,-0.013094,6.520934,0.008301,-0.011349,-2.219818,-0.099507,2.222047,42|43|44|45|46|47,0.5632
7003.367032,-0.307630,-7.748902,-0.013204,6.528059,0.008183,-0.011356,-2.221204,-0.097559,2.223345,42|43|44|45|46|47,0.5624
7003.400365,-0.307633,-7.748903,-0.013209,6.549283,0.007588,-0.010996,-2.242427,-0.096965,2.244523,42|43|44|45|46|47,0.5631
7003.417032,-0.323400,-7.770400,-0.012481,6.556451,0.008186,-0.010976,-2.237944,-0.106176,2.240462,42|43|44|45|46|47,0.5637
7003.433699,-0.314096,-7.781135,-0.012879,6.563618,0.008786,-0.011012,-2.239258,-0.101742,2.241568,42|43|44|45|46|47,0.5632
7003.450365,-0.314094,-7.781135,-0.012875,6.570469,0.008921,-0.010973,-2.246109,-0.101876,2.248418,42|43|44|45|46|47,0.5626
7003.467032,-0.304817,-7.791635,-0.012903,6.577527,0.007768,-0.011074,-2.247442,-0.095703,2.249479,42|43|44|45|46|47,0.5617
7003.483699,-0.292829,-7.806815,-0.013445,6.584556,0.007617,-0.011552,-2.246196,-0.089067,2.247961,42|43|44|45|46|47,0.5619
7003.500365,-0.292829,-7.806815,-0.013449,6.591672,0.007737,-0.011609,-2.253311,-0.089188,2.255076,42|43|44|45|46|47,0.5631
7003.517032,-0.307518,-7.825310,-0.012913,6.591672,0.007737,-0.011609,-2.243290,-0.097209,2.245396,42|43|44|45|46|47,0.5639
7003.533699,-0.304690,-7.835912,-0.013686,6.598748,0.007877,-0.011610,-2.244598,-0.095834,2.246643,42|43|44|45|46|47,0.5636
7003.550365,-0.304686,-7.835910,-0.013683,6.612639,0.007223,-0.011602,-2.258490,-0.095178,2.260495,42|43|44|45|46|47,0.5627
7003.567032,-0.299613,-7.856256,-0.013653,6.612639,0.007223,-0.011602,-2.247422,-0.092463,2.249324,42|43|44|45|46|47,0.5617
7003.583699,-0.299614,-7.856257,-0.013656,6.619586,0.006230,-0.011702,-2.254369,-0.091470,2.256224,42|43|44|45|46|47,0.5615
7003.600365,-0.322283,-7.867444,-0.013729,6.626572,0.006510,-0.011640,-2.255323,-0.104093,2.257723,42|43|44|45|46|47,0.5611
7003.617032,-0.316815,-7.877623,-0.013854,6.633625,0.006839,-0.011563,-2.256832,-0.101471,2.259112,42|43|44|45|46|47,0.5620
7003.650365,-0.316813,-7.877622,-0.013849,6.647735,0.007360,-0.011410,-2.270943,-0.101991,2.273232,42|43|44|45|46|47,0.5604
7003.667032,-0.305465,-7.899410,-0.013840,6.661648,0.007355,-0.011417,-2.272991,-0.095864,2.275012,42|43|44|45|46|47,0.5589
7003.683699,-0.305625,-7.910224,-0.013480,6.661648,0.007355,-0.011417,-2.267114,-0.095973,2.269145,42|43|44|45|46|47,0.5597
7003.700365,-0.299603,-7.921000,-0.013326,6.675995,0.007939,-0.011663,-2.275592,-0.093306,2.277504,42|43|44|45|46|47,0.5616
7003.717032,-0.294111,-7.931557,-0.012971,6.675995,0.007939,-0.011663,-2.269843,-0.090343,2.271640,42|43|44|45|46|47,0.5621
7003.733699,-0.294112,-7.931558,-0.012972,6.689738,0.007175,-0.011514,-2.283586,-0.089580,2.285342,42|43|44|45|46|47,0.5613
7003.750365,-0.286512,-7.950290,-0.013329,6.689738,0.007175,-0.011514,-2.273390,-0.085488,2.274996,42|43|44|45|46|47,0.5614
7003.767032,-0.286513,-7.950291,-0.013331,6.704049,0.006592,-0.011420,-2.287700,-0.084906,2.289275,42|43|44|45|46|47,0.5626
7003.800365,-0.304588,-7.975577,-0.012700,6.711255,0.006680,-0.011347,-2.281201,-0.094868,2.283173,42|43|44|45|46|47,0.5634
7003.817032,-0.304588,-7.975577,-0.012701,6.725206,0.006581,-0.011298,-2.295152,-0.094770,2.297108,42|43|44|45|46|47,0.5633
7003.833699,-0.300436,-7.997760,-0.013011,6.731918,0.005653,-0.011072,-2.289800,-0.091631,2.291633,42|43|44|45|46|47|48|49,0.5628
7003.850365,-0.302170,-8.003378,-0.013044,6.731918,0.005653,-0.011072,-2.286750,-0.092585,2.288624,42|43|44|45|46|47|48|49,0.5612
7003.867032,-0.302258,-8.003411,-0.013150,6.746851,0.005518,-0.014731,-2.301666,-0.092498,2.303524,42|43|44|45|46|47|48|49,0.5501
7003.883699,-0.316137,-8.010229,-0.014252,6.754240,0.005997,-0.014927,-2.305378,-0.100533,2.307569,44|45|46|47|48|49,0.5646
7003.900365,-0.304188,-8.028943,-0.017818,6.761623,0.006512,-0.014959,-2.302565,-0.094593,2.304507,44|45|46|47|48|49,0.5649
7003.917032,-0.304188,-8.028943,-0.017818,6.761623,0.006512,-0.014959,-2.302565,-0.094593,2.304507,44|45|46|47|48|49,0.5635
7003.933699,-0.287047,-8.051572,-0.018324,6.768342,0.006242,-0.014901,-2.296951,-0.085054,2.298526,44|45|46|47|48|49,0.5622
7003.950365,-0.287048,-8.051572,-0.018324,6.775432,0.005236,-0.014878,-2.304041,-0.084048,2.305573,44|45|46|47|48|49,0.5638
7003.983699,-0.289907,-8.056076,-0.017998,6.790074,0.005208,-0.015305,-2.316241,-0.085584,2.317822,44|45|46|47|48|49,0.5643
7004.000365,-0.299350,-8.085756,-0.018496,6.804260,0.005247,-0.015027,-2.314316,-0.090815,2.316097,44|45|46|47|48|49,0.5643
7004.017032,-0.297232,-8.096613,-0.018408,6.804260,0.005247,-0.015027,-2.308411,-0.089687,2.310153,44|45|46|47|48|49,0.5631
7004.033699,-0.297232,-8.096612,-0.018409,6.817921,0.004753,-0.014923,-2.322073,-0.089193,2.323785,44|45|46|47|48|49,0.5620
7004.050365,-0.302805,-8.108007,-0.018130,6.817921,0.004753,-0.014923,-2.315892,-0.092245,2.317728,44|45|46|47|48|49,0.5632
7004.067032,-0.302805,-8.108007,-0.018130,6.832125,0.004887,-0.014998,-2.330095,-0.092379,2.331926,44|45|46|47|48|49,0.5640
7004.083699,-0.300502,-8.118672,-0.018096,6.839156,0.004877,-0.015036,-2.331326,-0.091140,2.333106,44|45|46|47|48|49,0.5636
7004.100365,-0.296421,-8.140228,-0.018378,6.839156,0.004877,-0.015036,-2.319602,-0.088967,2.321307,44|45|46|47|48|49,0.5629
7004.117032,-0.295201,-8.150372,-0.018830,6.852835,0.003494,-0.014768,-2.327765,-0.086941,2.329388,44|45|46|47|48|49,0.5625
7004.150365,-0.312713,-8.162032,-0.018220,6.867181,0.003066,-0.014196,-2.335810,-0.096054,2.337785,44|45|46|47|48|49,0.5638
7004.167032,-0.314618,-8.172261,-0.018607,6.867181,0.003066,-0.014196,-2.330255,-0.097111,2.332278,44|45|46|47|48|49,0.5638
7004.183699,-0.314618,-8.172261,-0.018607,6.881340,0.002758,-0.014205,-2.344414,-0.096803,2.346412,44|45|46|47|48|49,0.5635
7004.200365,-0.316576,-8.182369,-0.018057,6.887858,0.003400,-0.014408,-2.345443,-0.098530,2.347512,44|45|46|47|48|49,0.5627
7004.217032,-0.318665,-8.192594,-0.018473,6.894567,0.003612,-0.014461,-2.346599,-0.099898,2.348725,44|45|46|47|48|49,0.5624
7004.233699,-0.306685,-8.203862,-0.017622,6.894567,0.003612,-0.014461,-2.340450,-0.093410,2.342314,44|45|46|47|48|49,0.5626
7004.250365,-0.303160,-8.213797,-0.017996,6.901388,0.003370,-0.014494,-2.341865,-0.091273,2.343643,44|45|46|47|48|49,0.5630
7004.267032,-0.303160,-8.213797,-0.017995,6.915293,0.002835,-0.014534,-2.355770,-0.090738,2.357517,44|45|46|47|48|49,0.5637
7004.283699,-0.307996,-8.233322,-0.018147,6.922329,0.002353,-0.014598,-2.352205,-0.092924,2.354040,44|45|46|47|48|49,0.5640
7004.300365,-0.310727,-8.243220,-0.017914,6.928991,0.001545,-0.014677,-2.353493,-0.093621,2.355354,44|45|46|47|48|49,0.5639
7004.317032,-0.316360,-8.250497,-0.017487,6.928991,0.001545,-0.014677,-2.349549,-0.096697,2.351538,44|45|46|47|48|49,0.5619
7004.333699,-0.316360,-8.250499,-0.017487,6.943025,0.001471,-0.014643,-2.363583,-0.096623,2.365557,44|45|46|47|48|49,0.5639
7004.350365,-0.326321,-8.254924,-0.017782,6.943025,0.001471,-0.014643,-2.361198,-0.102046,2.363402,44|45|46|47|48|49,0.5643
7004.367032,-0.325892,-8.266627,-0.017897,6.957073,0.001312,-0.014517,-2.368885,-0.101678,2.371066,44|45|46|47|48|49|50,0.5643
7004.383699,-0.325170,-8.276681,-0.018173,6.963875,0.001430,-0.014494,-2.370221,-0.101425,2.372390,44|45|46|47|48|49|50,0.5592
7004.400365,-0.325067,-8.286896,-0.017935,6.963875,0.001430,-0.014494,-2.364670,-0.101390,2.366842,45|46|47|48|49|50,0.5628
7004.417032,-0.321983,-8.300028,-0.018507,6.978166,0.001125,-0.014455,-2.371818,-0.099436,2.373901,45|46|47|48|49|50,0.5638
7004.433699,-0.321983,-8.300028,-0.018506,6.985204,0.000984,-0.014499,-2.378856,-0.099295,2.380927,45|46|47|48|49|50,0.5652
7004.450365,-0.323263,-8.309878,-0.018139,6.992303,0.000832,-0.014545,-2.380604,-0.099858,2.382697,45|46|47|48|49|50,0.5651
7004.467032,-0.323864,-8.320470,-0.018353,6.999282,0.000405,-0.014537,-2.381828,-0.099780,2.383917,45|46|47|48|49|50,0.5651
7004.483699,-0.325433,-8.340589,-0.018008,6.999282,0.000405,-0.014537,-2.370897,-0.100674,2.373033,45|46|47|48|49|50,0.5640
7004.500365,-0.330064,-8.346753,-0.018510,7.013258,0.000323,-0.014471,-2.381532,-0.103122,2.383764,45|46|47|48|49|50,0.5640
7004.533699,-0.328344,-8.362238,-0.018455,7.027696,0.000793,-0.014476,-2.387551,-0.102688,2.389759,45|46|47|48|49|50,0.5650
7004.550365,-0.328344,-8.362238,-0.018453,7.034916,0.001017,-0.014527,-2.394771,-0.102913,2.396981,45|46|47|48|49|50,0.5641
7004.567032,-0.319332,-8.384378,-0.018507,7.034916,0.001017,-0.014527,-2.382720,-0.098060,2.384737,45|46|47|48|49|50,0.5630
7004.583699,-0.319332,-8.384377,-0.018507,7.041646,0.001218,-0.014302,-2.389451,-0.098262,2.391470,45|46|47|48|49|50,0.5615
7004.617032,-0.312618,-8.406378,-0.018578,7.055555,0.000603,-0.014657,-2.391388,-0.094042,2.393237,45|46|47|48|49|50,0.5626
7004.633699,-0.315284,-8.416658,-0.017931,7.062565,0.000320,-0.014670,-2.392817,-0.095230,2.394711,45|46|47|48|49|50,0.5633
7004.650365,-0.315284,-8.416657,-0.017931,7.076608,-0.000295,-0.014751,-2.406861,-0.094615,2.408720,45|46|47|48|49|50,0.5639
7004.667032,-0.317974,-8.426668,-0.017862,7.083119,-0.000526,-0.014732,-2.407936,-0.095867,2.409844,45|46|47|48|49|50,0.5633
7004.683699,-0.322926,-8.447075,-0.012635,7.090155,-0.000654,-0.014718,-2.403892,-0.098472,2.405908,45|46|47|48|49|50,0.5670
7004.700365,-0.324993,-8.448874,-0.018012,7.090155,-0.000654,-0.014718,-2.402919,-0.099599,2.404982,45|46|47|48|49|50,0.5614
7004.717032,-0.326361,-8.459075,-0.019028,7.104439,-0.000846,-0.014576,-2.411661,-0.100172,2.413741,45|46|47|48|49|50,0.5611
7004.733699,-0.326516,-8.469695,-0.019342,7.104439,-0.000846,-0.014576,-2.405890,-0.100277,2.407979,45|46|47|48|49|50,0.5609
7004.750365,-0.326516,-8.469695,-0.019342,7.118165,-0.000537,-0.013985,-2.419616,-0.100586,2.421706,45|46|47|48|49|50,0.5608
7004.783699,-0.318994,-8.491816,-0.017103,7.125159,0.000381,-0.013581,-2.414572,-0.097462,2.416539,45|46|47|48|49|50,0.5619
7004.800365,-0.306011,-8.502194,-0.016598,7.132282,0.000275,-0.013585,-2.416029,-0.090321,2.417716,45|46|47|48|49|50,0.5619
7004.817032,-0.306011,-8.502193,-0.016599,7.139421,0.000121,-0.013621,-2.423168,-0.090168,2.424845,45|46|47|48|49|50,0.5621
7004.833699,-0.307464,-8.523550,-0.016605,7.153696,-0.000144,-0.013623,-2.425839,-0.090736,2.427535,45|46|47|48|49|50,0.5627
7004.850365,-0.309027,-8.534022,-0.016399,7.160235,0.000015,-0.013371,-2.426690,-0.091765,2.428424,45|46|47|48|49|50,0.5626
7004.867032,-0.309096,-8.543408,-0.015839,7.167430,-0.000313,-0.013083,-2.428784,-0.091495,2.430507,45|46|47|48|49|50|51|52,0.5557
7004.883699,-0.309123,-8.543441,-0.015799,7.174585,-0.000698,-0.012996,-2.435921,-0.091125,2.437625,45|46|47|48|49|50|51|52,0.5596
7004.900365,-0.306213,-8.545580,-0.015166,7.181737,-0.001111,-0.012952,-2.441905,-0.089135,2.443531,45|46|47|48|49|50|51|52,0.5616
7004.917032,-0.310370,-8.556397,-0.016148,7.181737,-0.001111,-0.012952,-2.436035,-0.091416,2.437749,47|48|49|50|51|52,0.5640
7004.933699,-0.314841,-8.566933,-0.016112,7.195320,-0.001612,-0.012734,-2.443901,-0.093367,2.445683,47|48|49|50|51|52,0.5637
7004.950365,-0.325273,-8.587559,-0.015569,7.195320,-0.001612,-0.012734,-2.432712,-0.099079,2.434729,47|48|49|50|51|52,0.5616
7004.967032,-0.325273,-8.587562,-0.015566,7.209264,-0.000776,-0.012030,-2.446655,-0.099915,2.448694,47|48|49|50|51|52,0.5619
7004.983699,-0.323682,-8.590558,-0.015731,7.216412,-0.000720,-0.011936,-2.452171,-0.099112,2.454173,47|48|49|50|51|52,0.5627
7005.000365,-0.313372,-8.597717,-0.014351,7.223559,-0.000703,-0.011911,-2.455406,-0.093541,2.457187,47|48|49|50|51|52,0.5633
7005.017032,-0.311233,-8.608688,-0.014383,7.230705,-0.000725,-0.011922,-2.456585,-0.092379,2.458321,47|48|49|50|51|52,0.5624
7005.033699,-0.308326,-8.630875,-0.014050,7.230705,-0.000725,-0.011922,-2.444521,-0.090845,2.446209,47|48|49|50|51|52,0.5620
7005.050365,-0.307549,-8.641648,-0.014594,7.244559,-0.000311,-0.011566,-2.452519,-0.090859,2.454201,47|48|49|50|51|52,0.5624
7005.100365,-0.307549,-8.641649,-0.014593,7.266481,-0.001585,-0.011470,-2.474440,-0.089585,2.476061,47|48|49|50|51|52,0.5640
7005.117032,-0.304736,-8.663426,-0.014682,7.266481,-0.001585,-0.011470,-2.462599,-0.088101,2.464174,47|48|49|50|51|52,0.5636
7005.133699,-0.315143,-8.684391,-0.014714,7.280436,-0.000853,-0.011109,-2.465182,-0.094531,2.466994,47|48|49|50|51|52,0.5626
7005.150365,-0.315143,-8.684391,-0.014715,7.287427,-0.000979,-0.011084,-2.472172,-0.094406,2.473974,47|48|49|50|51|52,0.5629
7005.167032,-0.301207,-8.698887,-0.014423,7.294503,-0.001390,-0.011109,-2.471341,-0.086450,2.472853,47|48|49|50|51|52,0.5624
7005.183699,-0.302442,-8.707483,-0.014106,7.294503,-0.001390,-0.011109,-2.466673,-0.087139,2.468211,47|48|49|50|51|52,0.5637
7005.200365,-0.307462,-8.717842,-0.014469,7.308821,-0.002244,-0.011117,-2.475372,-0.089035,2.476972,47|48|49|50|51|52,0.5640
7005.217032,-0.312972,-8.728109,-0.014269,7.308821,-0.002244,-0.011117,-2.469803,-0.092051,2.471518,47|48|49|50|51|52,0.5631
7005.233699,-0.317397,-8.737853,-0.013514,7.322659,-0.001918,-0.010833,-2.478354,-0.094801,2.480167,47|48|49|50|51|52,0.5619
7005.267032,-0.311772,-8.750192,-0.012515,7.329830,-0.002574,-0.010568,-2.478808,-0.091114,2.480482,47|48|49|50|51|52,0.5628
7005.283699,-0.311772,-8.750192,-0.012515,7.336879,-0.003264,-0.010549,-2.485857,-0.090424,2.487501,47|48|49|50|51|52,0.5637
7005.300365,-0.320199,-8.760400,-0.013155,7.350406,-0.003312,-0.010865,-2.493853,-0.094977,2.495661,47|48|49|50|51|52,0.5636
7005.317032,-0.334175,-8.776950,-0.012331,7.350406,-0.003312,-0.010865,-2.484887,-0.102606,2.487004,47|48|49|50|51|52,0.5634
7005.350365,-0.334176,-8.776950,-0.012332,7.364184,-0.001915,-0.011069,-2.498666,-0.104004,2.500829,47|48|49|50|51|52,0.5622
7005.367032,-0.304439,-8.804572,-0.013062,7.370886,-0.002216,-0.010474,-2.490295,-0.087598,2.491835,47|48|49|50|51|52,0.5624
7005.383699,-0.304438,-8.804572,-0.013062,7.377738,-0.002923,-0.010444,-2.497147,-0.086891,2.498658,47|48|49|50|51|52,0.5629
7005.400365,-0.319631,-8.821283,-0.012603,7.384706,-0.003652,-0.010395,-2.495064,-0.094453,2.496851,47|48|49|50|51|52,0.5637
7005.417032,-0.319630,-8.821289,-0.012600,7.398582,-0.003112,-0.010463,-2.508936,-0.094993,2.510734,47|48|49|50|51|52,0.5620
7005.433699,-0.329519,-8.831545,-0.011538,7.398582,-0.003112,-0.010463,-2.503382,-0.100389,2.505394,47|48|49|50|51|52|53,0.5623
7005.450365,-0.319451,-8.845040,-0.012485,7.405679,-0.003621,-0.010464,-2.503125,-0.094435,2.504906,48|49|50|51|52|53,0.5646
7005.467032,-0.319452,-8.845039,-0.012485,7.412728,-0.004133,-0.010412,-2.510174,-0.093924,2.511931,48|49|50|51|52|53,0.5651
7005.483699,-0.332018,-8.865095,-0.013017,7.419764,-0.004653,-0.010150,-2.506337,-0.100275,2.508342,48|49|50|51|52|53,0.5651
7005.533699,-0.326051,-8.890137,-0.013433,7.447717,-0.004269,-0.009967,-2.520668,-0.097468,2.522551,48|49|50|51|52|53,0.5627
7005.550365,-0.322255,-8.898189,-0.013342,7.447717,-0.004269,-0.009967,-2.516284,-0.095421,2.518092,48|49|50|51|52|53,0.5634
7005.567032,-0.322254,-8.898189,-0.013344,7.461953,-0.005400,-0.010015,-2.530520,-0.094289,2.532276,48|49|50|51|52|53,0.5629
7005.583699,-0.337423,-8.918646,-0.012681,7.468654,-0.005006,-0.010163,-2.526134,-0.102969,2.528231,48|49|50|51|52|53,0.5625
7005.600365,-0.343850,-8.927960,-0.012301,7.468654,-0.005006,-0.010163,-2.521085,-0.106481,2.523333,48|49|50|51|52|53,0.5628
7005.633699,-0.343850,-8.927961,-0.012300,7.490520,-0.004846,-0.010032,-2.542951,-0.106642,2.545186,48|49|50|51|52|53,0.5633
7005.650365,-0.328299,-8.943294,-0.011855,7.497795,-0.005063,-0.010017,-2.541860,-0.098004,2.543749,48|49|50|51|52|53,0.5638
7005.667032,-0.330232,-8.953883,-0.011525,7.504789,-0.004860,-0.010041,-2.543103,-0.099280,2.545040,48|49|50|51|52|53,0.5641
7005.683699,-0.334358,-8.974742,-0.011246,7.504789,-0.004860,-0.010041,-2.531776,-0.101566,2.533812,48|49|50|51|52|53,0.5640
7005.700365,-0.330771,-8.979031,-0.011606,7.511753,-0.004044,-0.010375,-2.536402,-0.100441,2.538390,48|49|50|51|52|53,0.5624
7005.717032,-0.317212,-8.988188,-0.012567,7.518583,-0.003558,-0.010360,-2.538227,-0.093576,2.539951,48|49|50|51|52|53,0.5621
7005.733699,-0.317212,-8.988188,-0.012566,7.525484,-0.004278,-0.010385,-2.545128,-0.092856,2.546822,48|49|50|51|52|53,0.5607
7005.767032,-0.310055,-8.995576,-0.013345,7.539351,-0.005778,-0.010395,-2.554965,-0.087482,2.556463,48|49|50|51|52|53,0.5621
7005.783699,-0.338877,-9.025008,-0.012955,7.546030,-0.005856,-0.010449,-2.545708,-0.103129,2.547796,48|49|50|51|52|53,0.5620
7005.800365,-0.338816,-9.028827,-0.012955,7.553115,-0.005097,-0.010441,-2.550718,-0.103862,2.552831,48|49|50|51|52|53,0.5611
7005.833699,-0.326256,-9.047968,-0.012876,7.567039,-0.005609,-0.010326,-2.554213,-0.096564,2.556037,48|49|50|51|52|53,0.5621
7005.883699,-0.335515,-9.071891,-0.012734,7.588281,-0.004991,-0.009896,-2.562473,-0.102262,2.564512,48|49|50|51|52|53,0.5626
7005.900365,-0.335515,-9.071891,-0.012734,7.595380,-0.004055,-0.009875,-2.569572,-0.103198,2.571643,48|49|50|51|52|53,0.5617
7005.917032,-0.320991,-9.084678,-0.012519,7.608945,-0.004830,-0.009941,-2.576157,-0.094557,2.577892,48|49|50|51|52|53,0.5609
7005.933699,-0.306503,-9.097611,-0.012700,7.616026,-0.005343,-0.009943,-2.576180,-0.086197,2.577621,48|49|50|51|52|53|54|55,0.5627
7005.950365,-0.308302,-9.102298,-0.012800,7.616026,-0.005343,-0.009943,-2.573636,-0.087184,2.575112,48|49|50|51|52|53|54|55,0.5518
7005.967032,-0.322160,-9.120911,-0.012859,7.630251,-0.004387,-0.010004,-2.577774,-0.095710,2.579550,50|51|52|53|54|55,0.5641
7005.983699,-0.316424,-9.127730,-0.013194,7.630251,-0.004387,-0.010004,-2.574056,-0.092607,2.575721,50|51|52|53|54|55,0.5647
7006.017032,-0.308145,-9.145158,-0.013198,7.643725,-0.005412,-0.009856,-2.578042,-0.087118,2.579513,50|51|52|53|54|55,0.5647
7006.033699,-0.308146,-9.145160,-0.013199,7.657220,-0.006716,-0.009878,-2.591536,-0.085814,2.592956,50|51|52|53|54|55,0.5649
7006.050365,-0.332237,-9.164267,-0.012674,7.657220,-0.006716,-0.009878,-2.581201,-0.098946,2.583097,50|51|52|53|54|55,0.5655
7006.067032,-0.332235,-9.164269,-0.012677,7.671126,-0.005008,-0.009242,-2.595106,-0.100654,2.597057,50|51|52|53|54|55,0.5647
7006.083699,-0.336370,-9.166408,-0.012943,7.677952,-0.004772,-0.009070,-2.600778,-0.103142,2.602822,50|51|52|53|54|55,0.5633
7006.100365,-0.310902,-9.188860,-0.012879,7.677952,-0.004772,-0.009070,-2.588523,-0.089347,2.590065,50|51|52|53|54|55,0.5623
7006.117032,-0.307753,-9.197389,-0.012920,7.684827,-0.005215,-0.009043,-2.590756,-0.087210,2.592223,50|51|52|53|54|55,0.5630
7006.133699,-0.307754,-9.197388,-0.012920,7.698718,-0.005726,-0.008972,-2.604648,-0.086699,2.606090,50|51|52|53|54|55,0.5635
7006.150365,-0.313577,-9.207015,-0.012261,7.706093,-0.005110,-0.008791,-2.606803,-0.090500,2.608373,50|51|52|53|54|55,0.5642
7006.167032,-0.319145,-9.222032,-0.011979,7.706093,-0.005110,-0.008791,-2.598653,-0.093556,2.600337,50|51|52|53|54|55,0.5649
7006.183699,-0.309670,-9.233736,-0.012232,7.713386,-0.004518,-0.008643,-2.599566,-0.089024,2.601090,50|51|52|53|54|55,0.5639
7006.200365,-0.309671,-9.233737,-0.012233,7.720072,-0.004873,-0.007774,-2.606251,-0.088669,2.607759,50|51|52|53|54|55,0.5621
7006.217032,-0.300708,-9.245106,-0.011686,7.734284,-0.005966,-0.007433,-2.614265,-0.082728,2.615574,50|51|52|53|54|55,0.5624
7006.233699,-0.307632,-9.249728,-0.009398,7.741565,-0.005634,-0.007437,-2.619049,-0.086832,2.620488,50|51|52|53|54|55,0.5617
7006.250365,-0.320211,-9.259777,-0.009027,7.741565,-0.005634,-0.007437,-2.613614,-0.093689,2.615293,50|51|52|53|54|55,0.5623
7006.267032,-0.322067,-9.266076,-0.008607,7.755422,-0.005155,-0.007225,-2.624051,-0.095190,2.625777,50|51|52|53|54|55,0.5622
7006.300365,-0.308805,-9.298147,-0.009733,7.761928,-0.005670,-0.007035,-2.613101,-0.087533,2.614566,50|51|52|53|54|55,0.5604
7006.317032,-0.308804,-9.298148,-0.009732,7.776238,-0.006393,-0.006710,-2.627410,-0.086810,2.628843,50|51|52|53|54|55,0.5606
7006.333699,-0.316066,-9.302729,-0.009829,7.783634,-0.006165,-0.006590,-2.632330,-0.090994,2.633903,50|51|52|53|54|55,0.5612
7006.350365,-0.324394,-9.320755,-0.009823,7.783634,-0.006165,-0.006590,-2.622551,-0.095557,2.624291,50|51|52|53|54|55,0.5621
7006.367032,-0.320934,-9.332463,-0.009129,7.797417,-0.006492,-0.006390,-2.629964,-0.093374,2.631621,50|51|52|53|54|55,0.5617
7006.383699,-0.317872,-9.343770,-0.008824,7.797417,-0.006492,-0.006390,-2.623813,-0.091733,2.625416,50|51|52|53|54|55,0.5595
7006.400365,-0.317872,-9.343771,-0.008824,7.803932,-0.007166,-0.006358,-2.630328,-0.091060,2.631904,50|51|52|53|54|55,0.5604
7006.417032,-0.333357,-9.350457,-0.009092,7.810794,-0.006934,-0.006312,-2.633587,-0.099721,2.635474,50|51|52|53|54|55,0.5616
7006.433699,-0.333356,-9.350458,-0.009087,7.824505,-0.006544,-0.006200,-2.647298,-0.100110,2.649190,50|51|52|53|54|55,0.5618
7006.450365,-0.329661,-9.361848,-0.009264,7.824505,-0.006544,-0.006200,-2.641100,-0.098126,2.642923,50|51|52|53|54|55,0.5604
7006.467032,-0.326452,-9.373290,-0.008543,7.838267,-0.006334,-0.006289,-2.648638,-0.096615,2.650399,50|51|52|53|54|55|56,0.5600
7006.483699,-0.323477,-9.383995,-0.008674,7.844653,-0.007013,-0.006115,-2.649199,-0.094341,2.650878,50|51|52|53|54|55|56,0.5526
7006.500365,-0.321539,-9.394465,-0.009413,7.851315,-0.007126,-0.006015,-2.650167,-0.093196,2.651805,51|52|53|54|55|56,0.5587
7006.517032,-0.329109,-9.404844,-0.009207,7.858201,-0.007001,-0.005926,-2.651428,-0.097457,2.653218,51|52|53|54|55|56,0.5594
7006.550365,-0.327503,-9.423741,-0.008704,7.865183,-0.006921,-0.005937,-2.648137,-0.096703,2.649902,51|52|53|54|55|56,0.5607
7006.567032,-0.325709,-9.434780,-0.009095,7.872264,-0.006961,-0.005916,-2.649214,-0.095710,2.650943,51|52|53|54|55|56,0.5605
7006.600365,-0.325707,-9.434781,-0.009095,7.893016,-0.007737,-0.005386,-2.669965,-0.094934,2.671652,51|52|53|54|55|56,0.5605
7006.617032,-0.334949,-9.447919,-0.008474,7.899946,-0.007707,-0.005245,-2.669775,-0.100014,2.671647,51|52|53|54|55|56,0.5621
7006.633699,-0.336423,-9.455939,-0.008277,7.899946,-0.007707,-0.005245,-2.665419,-0.100831,2.667326,51|52|53|54|55|56,0.5632
7006.650365,-0.334186,-9.478325,-0.007998,7.906966,-0.007696,-0.005189,-2.660268,-0.099672,2.662135,51|52|53|54|55|56,0.5647
7006.683699,-0.335793,-9.496328,-0.007647,7.920725,-0.008506,-0.005295,-2.664246,-0.099772,2.666114,51|52|53|54|55|56,0.5630
7006.700365,-0.335792,-9.496331,-0.007646,7.927810,-0.008390,-0.005412,-2.671329,-0.099888,2.673196,51|52|53|54|55|56,0.5627
7006.717032,-0.342285,-9.506950,-0.007446,7.942288,-0.007835,-0.005361,-2.680050,-0.103994,2.682067,51|52|53|54|55|56,0.5646
7006.733699,-0.337919,-9.519846,-0.007428,7.949451,-0.007736,-0.005411,-2.680195,-0.101747,2.682126,51|52|53|54|55|56,0.5655
7006.750365,-0.333501,-9.531492,-0.007694,7.956281,-0.008287,-0.005231,-2.680687,-0.098819,2.682508,51|52|53|54|55|56,0.5646
7006.783699,-0.333501,-9.531494,-0.007694,7.963111,-0.008522,-0.005308,-2.687516,-0.098584,2.689323,51|52|53|54|55|56,0.5635
7006.800365,-0.340014,-9.546322,-0.007917,7.977391,-0.007832,-0.005263,-2.693751,-0.102844,2.695713,51|52|53|54|55|56,0.5638
7006.817032,-0.342064,-9.552330,-0.008126,7.977391,-0.007832,-0.005263,-2.690490,-0.103970,2.692498,51|52|53|54|55|56,0.5636
7006.833699,-0.331270,-9.575643,-0.008065,7.991621,-0.007407,-0.005355,-2.692028,-0.098577,2.693832,51|52|53|54|55|56,0.5621
7006.850365,-0.326383,-9.586842,-0.008222,7.991621,-0.007407,-0.005355,-2.685931,-0.095944,2.687644,51|52|53|54|55|56,0.5608
7006.867032,-0.324747,-9.594723,-0.008387,8.005046,-0.008496,-0.005135,-2.695069,-0.093983,2.696707,51|52|53|54|55|56,0.5603
7006.883699,-0.324746,-9.594725,-0.008388,8.005046,-0.008496,-0.005135,-2.695068,-0.093982,2.696706,51|52|53|54|55|56,0.5620
7006.900365,-0.336580,-9.596859,-0.008099,8.019390,-0.008333,-0.005114,-2.708276,-0.100580,2.710143,51|52|53|54|55|56,0.5632
7006.917032,-0.337176,-9.616905,-0.007991,8.026603,-0.008267,-0.004991,-2.704597,-0.101012,2.706483,51|52|53|54|55|56,0.5629
7006.933699,-0.336084,-9.627890,-0.007961,8.033318,-0.008086,-0.004826,-2.705339,-0.100622,2.707210,51|52|53|54|55|56,0.5618
7006.950365,-0.336084,-9.627888,-0.007960,8.040187,-0.008141,-0.004761,-2.712210,-0.100567,2.714074,51|52|53|54|55|56,0.5615
7006.967032,-0.331286,-9.641130,-0.007809,8.047311,-0.008032,-0.004726,-2.712127,-0.098096,2.713901,51|52|53|54|55|56,0.5609
7006.983699,-0.331641,-9.649406,-0.007604,8.047311,-0.008032,-0.004726,-2.707630,-0.098306,2.709414,51|52|53|54|55|56|57|58,0.5613
7007.017032,-0.331603,-9.649430,-0.007569,8.061697,-0.007768,-0.004727,-2.722002,-0.098549,2.723786,51|52|53|54|55|56|57|58,0.5499
7007.033699,-0.325133,-9.683067,-0.006712,8.075204,-0.007277,-0.004502,-2.717216,-0.095593,2.718897,53|54|55|56|57|58,0.5632
7007.050365,-0.325133,-9.683066,-0.006714,8.082208,-0.007378,-0.004408,-2.724220,-0.095492,2.725893,53|54|55|56|57|58,0.5621
7007.067032,-0.324062,-9.693951,-0.007049,8.089465,-0.007379,-0.004374,-2.725559,-0.094931,2.727212,53|54|55|56|57|58,0.5623
7007.083699,-0.317990,-9.704104,-0.006211,8.089465,-0.007379,-0.004374,-2.720029,-0.091652,2.721572,53|54|55|56|57|58,0.5633
7007.100365,-0.317992,-9.704104,-0.006211,8.100032,-0.007421,-0.005229,-2.730596,-0.091611,2.732132,53|54|55|56|57|58,0.5639
7007.117032,-0.318129,-9.732054,-0.006754,8.100032,-0.007421,-0.005229,-2.715406,-0.091743,2.716955,53|54|55|56|57|58,0.5622
7007.133699,-0.318129,-9.732056,-0.006755,8.105277,-0.007345,-0.006536,-2.720650,-0.091819,2.722199,53|54|55|56|57|58,0.5623
7007.150365,-0.318237,-9.738960,-0.006884,8.105340,-0.007344,-0.006547,-2.716961,-0.091893,2.718514,53|54|55|56|57|58,0.5616
7007.167032,-0.318361,-9.735464,-0.007943,8.105340,-0.007344,-0.006547,-2.718861,-0.091954,2.720416,53|54|55|56|57|58,0.5612
7007.183699,-0.318362,-9.735464,-0.007946,8.105353,-0.007344,-0.006547,-2.718875,-0.091954,2.720429,53|54|55|56|57|58,0.5607
7007.200365,-0.318408,-9.735644,-0.008070,8.105359,-0.007344,-0.006547,-2.718783,-0.091979,2.720338,53|54|55|56|57|58,0.5601
7007.217032,-0.318346,-9.735345,-0.008290,8.105359,-0.007344,-0.006547,-2.718945,-0.091944,2.720499,53|54|55|56|57|58,0.5595
7007.233699,-0.318346,-9.735345,-0.008291,8.105373,-0.007345,-0.006548,-2.718958,-0.091944,2.720512,53|54|55|56|57|58,0.5590
7007.250365,-0.318501,-9.735177,-0.008098,8.105373,-0.007345,-0.006548,-2.719050,-0.092028,2.720607,53|54|55|56|57|58,0.5586
7007.267032,-0.318536,-9.735190,-0.008163,8.105385,-0.007345,-0.006548,-2.719055,-0.092047,2.720613,53|54|55|56|57|58,0.5582
7007.300365,-0.318529,-9.735090,-0.008045,8.105390,-0.007345,-0.006548,-2.719114,-0.092043,2.720672,53|54|55|56|57|58,0.5584
7007.317032,-0.318466,-9.735218,-0.008203,8.105397,-0.007345,-0.006548,-2.719052,-0.092009,2.720608,53|54|55|56|57|58,0.5580
7007.333699,-0.318454,-9.735331,-0.008195,8.105401,-0.007345,-0.006548,-2.718995,-0.092003,2.720551,53|54|55|56|57|58,0.5579
7007.350365,-0.318396,-9.735137,-0.008235,8.105407,-0.007345,-0.006548,-2.719106,-0.091971,2.720661,53|54|55|56|57|58,0.5582
7007.367032,-0.318396,-9.735137,-0.008233,8.105413,-0.007345,-0.006548,-2.719111,-0.091971,2.720666,53|54|55|56|57|58,0.5578
7007.383699,-0.318473,-9.735179,-0.008364,8.105420,-0.007345,-0.006548,-2.719097,-0.092013,2.720653,53|54|55|56|57|58,0.5575
7007.400365,-0.318474,-9.735179,-0.008364,8.105432,-0.007346,-0.006548,-2.719108,-0.092012,2.720664,53|54|55|56|57|58,0.5576
7007.417032,-0.318478,-9.735200,-0.008295,8.105439,-0.007346,-0.006548,-2.719104,-0.092015,2.720661,53|54|55|56|57|58,0.5576
7007.467032,-0.318454,-9.735377,-0.008123,8.105451,-0.007346,-0.006549,-2.719019,-0.092002,2.720575,53|54|55|56|57|58,0.5576
7007.500365,-0.318484,-9.735182,-0.008081,8.105462,-0.007346,-0.006549,-2.719137,-0.092018,2.720693,53|54|55|56|57|58,0.5576
7007.517032,-0.318484,-9.735181,-0.008081,8.105476,-0.007347,-0.006549,-2.719151,-0.092017,2.720707,53|54|55|56|57|58,0.5574
7007.533699,-0.318553,-9.735375,-0.008231,8.105481,-0.007347,-0.006549,-2.719051,-0.092055,2.720609,53|54|55|56|57|58,0.5573
7007.550365,-0.318591,-9.735380,-0.008356,8.105481,-0.007347,-0.006549,-2.719049,-0.092076,2.720607,53|54|55|56|57|58,0.5572
7007.567032,-0.318523,-9.735363,-0.008377,8.105489,-0.007347,-0.006550,-2.719066,-0.092039,2.720623,53|54|55|56|57|58,0.5576
7007.583699,-0.318524,-9.735362,-0.008377,8.110282,-0.007234,-0.005640,-2.723859,-0.092152,2.725418,53|54|55|56|57|58,0.5579
7007.600365,-0.317507,-9.732389,-0.009334,8.114055,-0.007225,-0.005379,-2.729246,-0.091602,2.730782,53|54|55|56|57|58,0.5614
7007.617032,-0.317497,-9.734501,-0.008588,8.120640,-0.007770,-0.005170,-2.734683,-0.091056,2.736198,53|54|55|56|57|58,0.5614
7007.633699,-0.318621,-9.740198,-0.008108,8.120640,-0.007770,-0.005170,-2.731589,-0.091679,2.733127,53|54|55|56|57|58,0.5603
7007.650365,-0.326344,-9.746231,-0.008032,8.134870,-0.007325,-0.004859,-2.742556,-0.096333,2.744248,53|54|55|56|57|58,0.5628
7007.667032,-0.322890,-9.758378,-0.008188,8.134870,-0.007325,-0.004859,-2.735947,-0.094481,2.737578,53|54|55|56|57|58,0.5633
7007.683699,-0.322890,-9.758377,-0.008188,8.141930,-0.007156,-0.004818,-2.743007,-0.094650,2.744640,53|54|55|56|57|58,0.5646
7007.700365,-0.317037,-9.782372,-0.007998,8.148966,-0.007055,-0.004795,-2.736991,-0.091620,2.738524,53|54|55|56|57|58,0.5641
7007.717032,-0.317038,-9.782371,-0.007996,8.162452,-0.007262,-0.004088,-2.750478,-0.091413,2.751997,53|54|55|56|57|58,0.5620
7007.733699,-0.316769,-9.796399,-0.006906,8.162452,-0.007262,-0.004088,-2.742854,-0.091296,2.744373,53|54|55|56|57|58,0.5623
7007.750365,-0.316770,-9.796399,-0.006905,8.177082,-0.007208,-0.003725,-2.757483,-0.091351,2.758996,53|54|55|56|57|58,0.5622
7007.767032,-0.317371,-9.815488,-0.006205,8.177082,-0.007208,-0.003725,-2.747110,-0.091717,2.748641,53|54|55|56|57|58,0.5624
7007.783699,-0.317238,-9.826789,-0.006165,8.184414,-0.007227,-0.003706,-2.748300,-0.091648,2.749827,53|54|55|56|57|58,0.5614
7007.817032,-0.311725,-9.843601,-0.006339,8.205389,-0.007085,-0.003314,-2.760127,-0.088828,2.761556,53|54|55|56|57|58,0.5597
7007.833699,-0.311725,-9.843602,-0.006339,8.212532,-0.007324,-0.003335,-2.767269,-0.088589,2.768687,53|54|55|56|57|58,0.5612
7007.867032,-0.317842,-9.868998,-0.005640,8.219569,-0.007603,-0.003403,-2.760517,-0.091688,2.762039,53|54|55|56|57|58,0.5641
7007.883699,-0.321279,-9.879308,-0.005726,8.226602,-0.007895,-0.003287,-2.761953,-0.093285,2.763528,53|54|55|56|57|58,0.5636
7007.917032,-0.321280,-9.879310,-0.005726,8.240461,-0.007708,-0.002806,-2.775811,-0.093472,2.777385,53|54|55|56|57|58,0.5619
7007.933699,-0.321783,-9.894523,-0.005565,8.255105,-0.008239,-0.002782,-2.782189,-0.093245,2.783751,53|54|55|56|57|58,0.5621
7007.950365,-0.325458,-9.912952,-0.005398,8.255105,-0.008239,-0.002782,-2.772180,-0.095281,2.773817,53|54|55|56|57|58,0.5618
7007.967032,-0.325459,-9.912952,-0.005397,8.268728,-0.008010,-0.002814,-2.785804,-0.095510,2.787441,53|54|55|56|57|58,0.5611
7008.000365,-0.329034,-9.924613,-0.005601,8.282443,-0.007803,-0.002900,-2.793188,-0.097685,2.794896,53|54|55|56|57|58|59,0.5623
7008.017032,-0.318075,-9.944649,-0.005766,8.289367,-0.008106,-0.002878,-2.789201,-0.091466,2.790701,54|55|56|57|58|59,0.5628
7008.033699,-0.321706,-9.955142,-0.005870,8.296292,-0.008422,-0.002868,-2.790431,-0.093145,2.791985,54|55|56|57|58|59,0.5640
7008.050365,-0.326091,-9.964984,-0.005985,8.296292,-0.008422,-0.002868,-2.785091,-0.095549,2.786729,54|55|56|57|58|59,0.5634
7008.067032,-0.330246,-9.975452,-0.005936,8.303247,-0.008763,-0.002911,-2.786365,-0.097487,2.788070,54|55|56|57|58|59,0.5634
7008.083699,-0.330245,-9.975451,-0.005940,8.316759,-0.007998,-0.003102,-2.799878,-0.098252,2.801602,54|55|56|57|58|59,0.5631
7008.100366,-0.333249,-9.989965,-0.005735,8.316759,-0.007998,-0.003102,-2.791996,-0.099915,2.793783,54|55|56|57|58|59,0.5633
7008.117032,-0.322144,-9.996420,-0.006132,8.323598,-0.007995,-0.003119,-2.795304,-0.093895,2.796881,54|55|56|57|58|59,0.5612
7008.133699,-0.322818,-10.005933,-0.005915,8.337576,-0.008645,-0.002988,-2.804114,-0.093632,2.805676,54|55|56|57|58|59,0.5625
7008.150366,-0.327219,-10.015749,-0.005987,8.337576,-0.008645,-0.002988,-2.798788,-0.096044,2.800435,54|55|56|57|58|59,0.5637
7008.167032,-0.327219,-10.015749,-0.005988,8.344627,-0.008713,-0.002950,-2.805839,-0.095975,2.807480,54|55|56|57|58|59,0.5636
7008.183699,-0.331992,-10.026225,-0.005619,8.358719,-0.008574,-0.002945,-2.814247,-0.098730,2.815979,54|55|56|57|58|59,0.5627
7008.200366,-0.325962,-10.039103,-0.005565,8.365789,-0.008928,-0.002943,-2.814305,-0.095125,2.815913,54|55|56|57|58|59,0.5633
7008.217032,-0.330670,-10.049330,-0.005586,8.365789,-0.008928,-0.002943,-2.808757,-0.097705,2.810456,54|55|56|57|58|59,0.5643
7008.233699,-0.330671,-10.049329,-0.005584,8.372733,-0.009312,-0.002835,-2.815702,-0.097322,2.817384,54|55|56|57|58|59,0.5642
7008.250366,-0.335400,-10.059540,-0.005460,8.386352,-0.009535,-0.002794,-2.823781,-0.099690,2.825540,54|55|56|57|58|59,0.5643
7008.267032,-0.345369,-10.080189,-0.005682,8.393404,-0.008922,-0.002660,-2.819632,-0.105764,2.821615,54|55|56|57|58|59,0.5627
7008.283699,-0.345370,-10.080191,-0.005687,8.400661,-0.009070,-0.002642,-2.826887,-0.105616,2.828859,54|55|56|57|58|59,0.5627
7008.300366,-0.343024,-10.081910,-0.005914,8.400661,-0.009070,-0.002642,-2.825948,-0.104344,2.827874,54|55|56|57|58|59,0.5629
7008.317032,-0.334437,-10.091398,-0.005693,8.407782,-0.009228,-0.002636,-2.827896,-0.099539,2.829647,54|55|56|57|58|59,0.5644
7008.333699,-0.338242,-10.113623,-0.005750,8.414886,-0.009393,-0.002683,-2.822929,-0.101488,2.824752,54|55|56|57|58|59,0.5641
7008.350366,-0.340203,-10.124178,-0.005751,8.421948,-0.009367,-0.002657,-2.824258,-0.102601,2.826121,54|55|56|57|58|59,0.5635
7008.367032,-0.339477,-10.131393,-0.005760,8.428630,-0.009135,-0.002607,-2.827017,-0.102453,2.828873,54|55|56|57|58|59,0.5624
7008.383699,-0.336060,-10.135831,-0.005668,8.435768,-0.009209,-0.002594,-2.831736,-0.100532,2.833520,54|55|56|57|58|59,0.5631
7008.400366,-0.336895,-10.147316,-0.005578,8.442799,-0.009262,-0.002541,-2.832527,-0.100956,2.834326,54|55|56|57|58|59,0.5646
7008.433699,-0.338425,-10.167995,-0.005392,8.463746,-0.009099,-0.002443,-2.842239,-0.101993,2.844069,54|55|56|57|58|59,0.5640
7008.450366,-0.339605,-10.178588,-0.005429,8.463746,-0.009099,-0.002443,-2.836485,-0.102656,2.838342,54|55|56|57|58|59,0.5630
7008.467032,-0.334286,-10.183820,-0.005379,8.470388,-0.008725,-0.002458,-2.840272,-0.100151,2.842037,54|55|56|57|58|59,0.5609
7008.500366,-0.333614,-10.199316,-0.005238,8.484421,-0.009323,-0.002460,-2.845882,-0.099219,2.847612,54|55|56|57|58|59|60|61,0.5532
7008.517032,-0.337844,-10.209551,-0.005531,8.491631,-0.009613,-0.002246,-2.847539,-0.101248,2.849338,54|55|56|57|58|59|60|61,0.5642
7008.533699,-0.342055,-10.219417,-0.005317,8.505375,-0.008745,-0.002101,-2.855929,-0.104425,2.857838,54|55|56|57|58|59|60|61,0.5534
7008.550366,-0.339931,-10.225036,-0.005176,8.505375,-0.008745,-0.002101,-2.852871,-0.103283,2.854740,56|57|58|59|60|61,0.5634
7008.567032,-0.339932,-10.225038,-0.005177,8.512616,-0.008331,-0.001974,-2.860111,-0.103697,2.861990,56|57|58|59|60|61,0.5636
7008.583699,-0.329036,-10.231703,-0.005242,8.526751,-0.008854,-0.001985,-2.870601,-0.097266,2.872248,56|57|58|59|60|61,0.5629
7008.600366,-0.327069,-10.254200,-0.005094,8.533866,-0.009148,-0.001951,-2.865485,-0.095950,2.867091,56|57|58|59|60|61,0.5639
7008.617032,-0.330509,-10.264214,-0.004911,8.533866,-0.009148,-0.001951,-2.860050,-0.097840,2.861723,56|57|58|59|60|61,0.5639
7008.633699,-0.334711,-10.274282,-0.004692,8.540497,-0.008956,-0.001704,-2.861218,-0.100337,2.862977,56|57|58|59|60|61,0.5626
7008.650366,-0.334713,-10.274286,-0.004693,8.547656,-0.007990,-0.001579,-2.868375,-0.101303,2.870164,56|57|58|59|60|61,0.5625
7008.667032,-0.317123,-10.287247,-0.005037,8.554657,-0.007787,-0.001529,-2.868296,-0.091974,2.869770,56|57|58|59|60|61,0.5626
7008.683699,-0.314364,-10.296884,-0.005160,8.561749,-0.008173,-0.001544,-2.870145,-0.090108,2.871559,56|57|58|59|60|61,0.5632
7008.717032,-0.314363,-10.296878,-0.005152,8.582414,-0.008148,-0.001625,-2.890812,-0.090133,2.892217,56|57|58|59|60|61,0.5614
7008.733699,-0.325644,-10.317076,-0.004852,8.589636,-0.007613,-0.001521,-2.887082,-0.096840,2.888705,56|57|58|59|60|61,0.5617
7008.750366,-0.319093,-10.324375,-0.005137,8.589636,-0.007613,-0.001521,-2.883101,-0.093295,2.884610,56|57|58|59|60|61,0.5625
7008.767032,-0.319093,-10.324373,-0.005137,8.603442,-0.008121,-0.001476,-2.896908,-0.092787,2.898394,56|57|58|59|60|61,0.5627
7008.783699,-0.316165,-10.348723,-0.004984,8.603442,-0.008121,-0.001476,-2.883669,-0.091246,2.885112,56|57|58|59|60|61,0.5635
7008.817032,-0.316164,-10.348721,-0.004984,8.624107,-0.007922,-0.000987,-2.904334,-0.091443,2.905774,56|57|58|59|60|61,0.5630
7008.833699,-0.322354,-10.368997,-0.005410,8.631234,-0.007716,-0.000614,-2.900454,-0.095056,2.902011,56|57|58|59|60|61,0.5628
7008.850366,-0.315182,-10.382585,-0.004943,8.631234,-0.007716,-0.000614,-2.893055,-0.091186,2.894492,56|57|58|59|60|61,0.5625
7008.867032,-0.315182,-10.382585,-0.004942,8.645703,-0.008461,-0.000479,-2.907524,-0.090441,2.908931,56|57|58|59|60|61,0.5623
7008.883699,-0.313440,-10.392188,-0.005043,8.652809,-0.008564,-0.000394,-2.909407,-0.089411,2.910781,56|57|58|59|60|61,0.5628
7008.900366,-0.318966,-10.402502,-0.004968,8.659778,-0.008036,-0.000575,-2.910782,-0.092963,2.912267,56|57|58|59|60|61,0.5621
7008.917032,-0.325543,-10.418786,-0.004623,8.667010,-0.007272,-0.000489,-2.909179,-0.097335,2.910807,56|57|58|59|60|61,0.5630
7008.933699,-0.317260,-10.426637,-0.004716,8.667010,-0.007272,-0.000489,-2.904895,-0.092850,2.906378,56|57|58|59|60|61,0.5634
7008.950366,-0.317260,-10.426634,-0.004714,8.680883,-0.008324,-0.000268,-2.918769,-0.091798,2.920212,56|57|58|59|60|61,0.5617
7008.967032,-0.306452,-10.437412,-0.004272,8.688060,-0.008999,-0.000241,-2.920066,-0.085272,2.921311,56|57|58|59|60|61,0.5628
7008.983699,-0.322069,-10.455191,-0.004188,8.695042,-0.009162,-0.000278,-2.917417,-0.093632,2.918920,56|57|58|59|60|61,0.5634
7009.000366,-0.322069,-10.455189,-0.004189,8.702269,-0.008578,-0.000022,-2.924645,-0.094216,2.926163,56|57|58|59|60|61,0.5630
7009.017032,-0.331716,-10.465484,-0.004492,8.702269,-0.008578,-0.000022,-2.919070,-0.099481,2.920765,56|57|58|59|60|61,0.5628
7009.033699,-0.333655,-10.471805,-0.004177,8.716237,-0.008812,0.000076,-2.929607,-0.100313,2.931324,56|57|58|59|60|61|62,0.5632
7009.050366,-0.322569,-10.490916,-0.003574,8.723285,-0.009323,0.000058,-2.926246,-0.093816,2.927750,56|57|58|59|60|61|62,0.5562
7009.067032,-0.322663,-10.491616,-0.003534,8.723285,-0.009323,0.000058,-2.925866,-0.093869,2.927372,57|58|59|60|61|62,0.5627
7009.083699,-0.329328,-10.499451,-0.003484,8.736681,-0.008498,-0.000444,-2.935018,-0.098332,2.936665,57|58|59|60|61|62,0.5625
7009.100366,-0.336244,-10.507439,-0.004034,8.736681,-0.008498,-0.000444,-2.930691,-0.102107,2.932469,57|58|59|60|61|62,0.5636
7009.117032,-0.333291,-10.511117,-0.004442,8.743510,-0.007824,-0.000526,-2.935514,-0.101184,2.937258,57|58|59|60|61|62,0.5629
7009.133699,-0.322478,-10.522845,-0.003857,8.757256,-0.008866,-0.000114,-2.942864,-0.094290,2.944374,57|58|59|60|61|62,0.5622
7009.150366,-0.313379,-10.532911,-0.004221,8.764278,-0.009556,-0.000090,-2.944396,-0.088675,2.945731,57|58|59|60|61|62,0.5623
7009.183699,-0.339754,-10.560736,-0.003757,8.771052,-0.009814,-0.000043,-2.936103,-0.102809,2.937902,57|58|59|60|61|62,0.5627
7009.200366,-0.343155,-10.564747,-0.003816,8.777891,-0.009292,-0.000246,-2.940769,-0.105188,2.942650,57|58|59|60|61|62,0.5617
7009.217032,-0.343156,-10.564747,-0.003814,8.791829,-0.008311,-0.000327,-2.954707,-0.106169,2.956614,57|58|59|60|61|62,0.5622
7009.233699,-0.324137,-10.586816,-0.003457,8.798881,-0.008971,-0.000187,-2.949726,-0.095218,2.951262,57|58|59|60|61|62,0.5611
7009.250366,-0.320966,-10.592260,-0.003844,8.798881,-0.008971,-0.000187,-2.946761,-0.093506,2.948244,57|58|59|60|61|62,0.5608
7009.267032,-0.330460,-10.602809,-0.003831,8.805750,-0.009362,-0.000096,-2.947916,-0.098296,2.949555,57|58|59|60|61|62,0.5613
7009.283699,-0.335712,-10.608431,-0.003793,8.812824,-0.009076,-0.000309,-2.951946,-0.101449,2.953689,57|58|59|60|61|62,0.5616
7009.300366,-0.335713,-10.608430,-0.003792,8.827137,-0.008877,-0.000654,-2.966259,-0.101648,2.968000,57|58|59|60|61|62,0.5627
7009.317032,-0.324300,-10.630559,-0.004361,8.827137,-0.008877,-0.000654,-2.954209,-0.095491,2.955752,57|58|59|60|61|62,0.5620
7009.333699,-0.328847,-10.636291,-0.004712,8.841558,-0.010323,-0.000540,-2.965524,-0.096528,2.967094,57|58|59|60|61|62,0.5633
7009.350366,-0.328847,-10.636292,-0.004710,8.848187,-0.010489,-0.000419,-2.972153,-0.096361,2.973715,57|58|59|60|61|62,0.5627
7009.367032,-0.349983,-10.657876,-0.003831,8.855300,-0.009802,-0.000653,-2.967579,-0.108580,2.969564,57|58|59|60|61|62,0.5616
7009.383699,-0.351307,-10.659453,-0.003622,8.855300,-0.009802,-0.000653,-2.966724,-0.109303,2.968737,57|58|59|60|61|62,0.5625
7009.400366,-0.351307,-10.659454,-0.003620,8.869932,-0.009264,-0.000012,-2.981356,-0.109841,2.983379,57|58|59|60|61|62,0.5629
7009.417032,-0.340606,-10.668843,-0.003540,8.877221,-0.009755,0.000078,-2.983521,-0.103553,2.985317,57|58|59|60|61|62,0.5619
7009.433699,-0.329842,-10.681367,-0.004157,8.884369,-0.010031,0.000114,-2.983840,-0.097453,2.985431,57|58|59|60|61|62,0.5624
7009.450366,-0.342949,-10.701864,-0.003667,8.884369,-0.010031,0.000114,-2.972727,-0.104619,2.974568,57|58|59|60|61|62,0.5622
7009.467032,-0.342949,-10.701863,-0.003667,8.898420,-0.009114,-0.000345,-2.986778,-0.105536,2.988642,57|58|59|60|61|62,0.5619
7009.500366,-0.332618,-10.726360,-0.003952,8.905539,-0.009498,-0.000462,-2.980563,-0.099587,2.982226,57|58|59|60|61|62,0.5621
7009.517032,-0.332618,-10.726359,-0.003953,8.919842,-0.010255,-0.000411,-2.994867,-0.098831,2.996497,57|58|59|60|61|62,0.5624
7009.533699,-0.338006,-10.736417,-0.003445,8.926661,-0.010178,-0.000357,-2.996230,-0.101856,2.997961,57|58|59|60|61|62,0.5625
7009.550366,-0.348977,-10.757417,-0.002381,8.933409,-0.009520,-0.000512,-2.991588,-0.108520,2.993555,57|58|59|60|61|62|63|64,0.5615
7009.567032,-0.348981,-10.757419,-0.002377,8.940589,-0.008726,-0.000494,-2.998767,-0.109316,3.000759,57|58|59|60|61|62|63|64,0.5619
7009.583699,-0.336985,-10.767647,-0.003566,8.940589,-0.008726,-0.000494,-2.993183,-0.102817,2.994949,57|58|59|60|61|62|63|64,0.5496
7009.600366,-0.337360,-10.768872,-0.004081,8.954909,-0.009865,-0.000468,-3.006839,-0.101886,3.008565,59|60|61|62|63|64,0.5616
7009.617032,-0.334702,-10.788325,-0.004356,8.961739,-0.009995,-0.000462,-3.003091,-0.100351,3.004767,59|60|61|62|63|64,0.5621
7009.633699,-0.342962,-10.798685,-0.004017,8.968724,-0.009461,-0.000581,-3.004462,-0.105396,3.006310,59|60|61|62|63|64,0.5624
7009.650366,-0.342962,-10.798683,-0.004016,8.968724,-0.009461,-0.000581,-3.004463,-0.105396,3.006311,59|60|61|62|63|64,0.5630
7009.667032,-0.344661,-10.802703,-0.004196,8.983038,-0.008538,-0.000641,-3.016596,-0.107250,3.018502,59|60|61|62|63|64,0.5637
7009.683699,-0.336743,-10.810590,-0.004297,8.990176,-0.009054,-0.000648,-3.019432,-0.102447,3.021169,59|60|61|62|63|64,0.5630
7009.700366,-0.323506,-10.832573,-0.004803,8.990176,-0.009054,-0.000648,-3.007457,-0.095298,3.008967,59|60|61|62|63|64,0.5636
7009.717032,-0.330530,-10.842901,-0.004974,9.004128,-0.009622,-0.000666,-3.015810,-0.098569,3.017421,59|60|61|62|63|64,0.5634
7009.733699,-0.338058,-10.853011,-0.004881,9.004128,-0.009622,-0.000666,-3.010331,-0.102681,3.012082,59|60|61|62|63|64,0.5623
7009.750366,-0.338415,-10.855434,-0.004878,9.018608,-0.007974,-0.000419,-3.023495,-0.104528,3.025302,59|60|61|62|63|64,0.5628
7009.767032,-0.338414,-10.855434,-0.004876,9.025308,-0.008187,-0.000346,-3.030195,-0.104315,3.031990,59|60|61|62|63|64,0.5625
7009.783699,-0.326923,-10.868308,-0.004226,9.032465,-0.008810,-0.000379,-3.030332,-0.097473,3.031899,59|60|61|62|63|64,0.5612
7009.800366,-0.318243,-10.886358,-0.003463,9.032465,-0.008810,-0.000379,-3.020505,-0.092792,3.021930,59|60|61|62|63|64,0.5622
7009.817032,-0.318244,-10.886360,-0.003461,9.046056,-0.008768,-0.000571,-3.034095,-0.092835,3.035515,59|60|61|62|63|64,0.5614
7009.850366,-0.325799,-10.904174,-0.002778,9.060485,-0.007702,-0.000450,-3.038857,-0.098043,3.040438,59|60|61|62|63|64,0.5620
7009.867032,-0.311101,-10.918047,-0.002836,9.067408,-0.008144,-0.000436,-3.038210,-0.089642,3.039533,59|60|61|62|63|64,0.5614
7009.883699,-0.311101,-10.918047,-0.002834,9.074344,-0.008593,-0.000461,-3.045146,-0.089193,3.046452,59|60|61|62|63|64,0.5605
7009.900366,-0.317154,-10.939076,-0.002941,9.074344,-0.008593,-0.000461,-3.033730,-0.092526,3.035141,59|60|61|62|63|64,0.5624
7009.917032,-0.323589,-10.949016,-0.003577,9.081370,-0.008869,-0.000416,-3.035368,-0.095768,3.036878,59|60|61|62|63|64,0.5629
7009.933699,-0.323590,-10.949016,-0.003578,9.095696,-0.007868,-0.000127,-3.049693,-0.096770,3.051228,59|60|61|62|63|64,0.5630
7009.950366,-0.327374,-10.955604,-0.003834,9.102486,-0.008021,0.000441,-3.052912,-0.098687,3.054506,59|60|61|62|63|64,0.5628
7009.967032,-0.312979,-10.976607,-0.004293,9.102486,-0.008021,0.000441,-3.041467,-0.090907,3.042825,59|60|61|62|63|64,0.5620
7009.983699,-0.312980,-10.976607,-0.004294,9.116573,-0.008855,0.000847,-3.055553,-0.090074,3.056881,59|60|61|62|63|64,0.5628
7010.000366,-0.325013,-10.992800,-0.003103,9.116573,-0.008855,0.000847,-3.046778,-0.096647,3.048310,59|60|61|62|63|64,0.5635
7010.017032,-0.325012,-10.992800,-0.003102,9.130988,-0.007803,0.000563,-3.061193,-0.097698,3.062752,59|60|61|62|63|64,0.5639
7010.050366,-0.313574,-11.020480,-0.003224,9.137958,-0.007529,0.000635,-3.053096,-0.091812,3.054477,59|60|61|62|63|64,0.5633
7010.067032,-0.309742,-11.028440,-0.003221,9.144748,-0.008159,0.000712,-3.055553,-0.089117,3.056852,59|60|61|62|63|64|65,0.5620
7010.100366,-0.309753,-11.028482,-0.003268,9.158996,-0.009374,0.000688,-3.069778,-0.087907,3.071036,59|60|61|62|63|64|65,0.5556
7010.117032,-0.331594,-11.046061,-0.002636,9.173786,-0.008800,0.001014,-3.075058,-0.100388,3.076696,60|61|62|63|64|65,0.5638
7010.133699,-0.336226,-11.052593,-0.002971,9.180757,-0.008979,0.001006,-3.078489,-0.102739,3.080203,60|61|62|63|64|65,0.5627
7010.150366,-0.328085,-11.078143,-0.002428,9.180757,-0.008979,0.001006,-3.064587,-0.098368,3.066165,60|61|62|63|64|65,0.5608
7010.167032,-0.328086,-11.078143,-0.002428,9.194076,-0.009489,0.000496,-3.077906,-0.097858,3.079461,60|61|62|63|64|65,0.5613
7010.183699,-0.336522,-11.087523,-0.002848,9.194076,-0.009489,0.000496,-3.072825,-0.102462,3.074533,60|61|62|63|64|65,0.5619
7010.200366,-0.336523,-11.087522,-0.002846,9.208306,-0.008547,-0.000379,-3.087055,-0.103405,3.088787,60|61|62|63|64|65,0.5636
7010.217032,-0.328660,-11.104599,-0.004378,9.215293,-0.008329,-0.000559,-3.084746,-0.099385,3.086347,60|61|62|63|64|65,0.5635
7010.233699,-0.328662,-11.104599,-0.004378,9.222041,-0.008991,-0.000407,-3.091494,-0.098724,3.093070,60|61|62|63|64|65,0.5624
7010.267032,-0.320775,-11.117611,-0.004977,9.235871,-0.010333,-0.000375,-3.098236,-0.093121,3.099635,60|61|62|63|64|65,0.5627
7010.283699,-0.327965,-11.131776,-0.005519,9.242752,-0.009982,-0.000627,-3.097434,-0.097410,3.098965,60|61|62|63|64|65,0.5625
7010.300366,-0.340487,-11.142026,-0.005508,9.242752,-0.009982,-0.000627,-3.091889,-0.104237,3.093645,60|61|62|63|64|65,0.5629
7010.317032,-0.346704,-11.145726,-0.004663,9.249814,-0.009435,-0.000671,-3.096953,-0.108170,3.098841,60|61|62|63|64|65,0.5625
7010.333699,-0.332434,-11.169287,-0.005121,9.263724,-0.009213,-0.000590,-3.098028,-0.100685,3.099664,60|61|62|63|64|65,0.5612
7010.350366,-0.324586,-11.182176,-0.005007,9.263724,-0.009213,-0.000590,-3.091007,-0.096446,3.092512,60|61|62|63|64|65,0.5595
7010.367032,-0.329133,-11.183692,-0.004502,9.277559,-0.009585,-0.000571,-3.104028,-0.098549,3.105592,60|61|62|63|64|65,0.5600
7010.383699,-0.337370,-11.188333,-0.003894,9.277559,-0.009585,-0.000571,-3.101522,-0.103035,3.103233,60|61|62|63|64|65,0.5622
7010.400366,-0.337369,-11.188332,-0.003895,9.292150,-0.009148,-0.000832,-3.116113,-0.103471,3.117831,60|61|62|63|64|65,0.5629
7010.433699,-0.334619,-11.198877,-0.004127,9.298946,-0.009675,-0.000827,-3.117173,-0.101471,3.118824,60|61|62|63|64|65,0.5626
7010.450366,-0.336607,-11.227849,-0.004948,9.306097,-0.010591,-0.000815,-3.108582,-0.101695,3.110245,60|61|62|63|64|65,0.5625
7010.467032,-0.349628,-11.237932,-0.004902,9.312774,-0.010965,-0.000794,-3.109807,-0.108419,3.111696,60|61|62|63|64|65,0.5624
7010.483699,-0.349626,-11.237932,-0.004901,9.327254,-0.009808,-0.000710,-3.124286,-0.109575,3.126207,60|61|62|63|64|65,0.5638
7010.517032,-0.354427,-11.239394,-0.004648,9.334450,-0.009503,-0.000812,-3.130698,-0.112492,3.132718,60|61|62|63|64|65,0.5627
7010.583699,-0.337448,-11.265358,-0.004653,9.369677,-0.009776,-0.001104,-3.151779,-0.103045,3.153463,60|61|62|63|64|65,0.5638
7010.600366,-0.347129,-11.298066,-0.006219,9.376612,-0.010283,-0.001070,-3.140958,-0.107866,3.142810,60|61|62|63|64|65|66|67,0.5645
7010.617032,-0.337246,-11.317409,-0.006013,9.376612,-0.010283,-0.001070,-3.130425,-0.102535,3.132104,60|61|62|63|64|65|66|67,0.5526
7010.633699,-0.336753,-11.318565,-0.005843,9.383694,-0.010922,-0.001014,-3.136878,-0.101631,3.138524,62|63|64|65|66|67,0.5642
7010.650366,-0.353203,-11.337183,-0.005175,9.390530,-0.011122,-0.001007,-3.133629,-0.110409,3.135574,62|63|64|65|66|67,0.5628
7010.683699,-0.347475,-11.350303,-0.005794,9.404656,-0.009806,-0.001194,-3.140614,-0.108639,3.142492,62|63|64|65|66|67,0.5641
7010.700366,-0.335448,-11.363916,-0.006010,9.411612,-0.009400,-0.001127,-3.140147,-0.102537,3.141821,62|63|64|65|66|67,0.5615
7010.717032,-0.329665,-11.369773,-0.005894,9.418567,-0.010066,-0.000751,-3.143906,-0.098739,3.145456,62|63|64|65|66|67,0.5609
7010.767032,-0.329665,-11.369774,-0.005896,9.447283,-0.009026,-0.000891,-3.172622,-0.099779,3.174191,62|63|64|65|66|67,0.5647
7010.783699,-0.340921,-11.391124,-0.005676,9.454002,-0.009224,-0.000828,-3.167761,-0.105742,3.169525,62|63|64|65|66|67,0.5642
7010.800366,-0.324878,-11.419633,-0.005262,9.454002,-0.009224,-0.000828,-3.152234,-0.097083,3.153729,62|63|64|65|66|67,0.5630
7010.817032,-0.324878,-11.419636,-0.005264,9.467762,-0.010330,-0.000778,-3.165993,-0.095977,3.167447,62|63|64|65|66|67,0.5640
7010.850366,-0.342844,-11.436193,-0.005079,9.482183,-0.009255,-0.000441,-3.171452,-0.106849,3.173251,62|63|64|65|66|67,0.5637
7010.867032,-0.342844,-11.436192,-0.005078,9.489254,-0.008935,-0.000405,-3.178524,-0.107169,3.180330,62|63|64|65|66|67,0.5637
7010.900366,-0.335307,-11.449480,-0.004641,9.495808,-0.009336,-0.000406,-3.177840,-0.102700,3.179499,62|63|64|65|66|67,0.5614
7010.917032,-0.322856,-11.474547,-0.004717,9.509145,-0.009532,-0.000473,-3.177528,-0.095789,3.178972,62|63|64|65|66|67,0.5611
7010.933699,-0.328601,-11.477755,-0.005158,9.509145,-0.009532,-0.000473,-3.175796,-0.098918,3.177337,62|63|64|65|66|67,0.5623
7010.950366,-0.334436,-11.479401,-0.005022,9.524028,-0.007952,-0.000200,-3.189797,-0.103672,3.191481,62|63|64|65|66|67,0.5622
7010.983699,-0.330902,-11.483024,-0.004633,9.537578,-0.008817,-0.000128,-3.201371,-0.100894,3.202961,62|63|64|65|66|67,0.5622
7011.000366,-0.309249,-11.511921,-0.004591,9.544569,-0.009381,-0.000093,-3.192612,-0.088622,3.193842,62|63|64|65|66|67,0.5637
7011.033699,-0.329474,-11.534077,-0.004759,9.559059,-0.008854,0.000147,-3.195103,-0.100186,3.196673,62|63|64|65|66|67,0.5641
7011.050366,-0.327200,-11.544178,-0.004475,9.566267,-0.008640,0.000345,-3.196817,-0.099185,3.198355,62|63|64|65|66|67,0.5650
7011.067032,-0.327199,-11.544178,-0.004473,9.572900,-0.008974,0.000495,-3.203450,-0.098850,3.204975,62|63|64|65|66|67,0.5639
7011.083699,-0.318723,-11.569698,-0.004482,9.572900,-0.008974,0.000495,-3.189563,-0.094296,3.190956,62|63|64|65|66|67,0.5633
7011.100366,-0.318724,-11.569702,-0.004488,9.578302,-0.009459,0.000721,-3.194963,-0.093812,3.196340,62|63|64|65|66|67,0.5633
7011.117032,-0.330211,-11.586150,-0.002529,9.582202,-0.009675,0.000531,-3.189947,-0.099873,3.191510,62|63|64|65|66|67|68,0.5630
7011.133699,-0.330266,-11.589385,-0.003392,9.584543,-0.009806,0.000554,-3.190530,-0.099778,3.192089,62|63|64|65|66|67|68,0.5612
7011.183699,-0.330708,-11.592764,-0.003944,9.585432,-0.009852,0.000660,-3.189584,-0.099980,3.191150,62|63|64|65|66|67|68,0.5555
7011.200366,-0.330773,-11.592918,-0.003847,9.585453,-0.009858,0.000660,-3.189521,-0.100009,3.191089,63|64|65|66|67|68,0.5611
7011.217032,-0.330695,-11.592470,-0.003742,9.585454,-0.009854,0.000660,-3.189766,-0.099970,3.191332,62|63|64|65|66|67|68,0.5541
7011.233699,-0.330934,-11.592676,-0.003808,9.585454,-0.009854,0.000660,-3.189654,-0.100101,3.191225,62|63|64|65|66|67|68,0.5537
7011.250366,-0.330906,-11.592519,-0.003964,9.585471,-0.009857,0.000660,-3.189756,-0.100081,3.191326,62|63|64|65|66|67|68,0.5532
7011.267032,-0.330906,-11.592518,-0.003963,9.585471,-0.009851,0.000661,-3.189756,-0.100088,3.191326,62|63|64|65|66|67|68,0.5529
7011.283699,-0.330910,-11.592551,-0.003840,9.585478,-0.009852,0.000661,-3.189746,-0.100089,3.191316,62|63|64|65|66|67|68,0.5528
7011.300366,-0.330741,-11.592741,-0.003823,9.585478,-0.009852,0.000661,-3.189642,-0.099998,3.191210,62|63|64|65|66|67|68,0.5529
7011.317032,-0.330740,-11.592741,-0.003823,9.585488,-0.009856,0.000662,-3.189652,-0.099993,3.191219,62|63|64|65|66|67|68,0.5531
7011.333699,-0.330784,-11.592632,-0.003753,9.590755,-0.010033,0.000204,-3.194979,-0.099839,3.196538,62|63|64|65|66|67|68,0.5528
7011.350366,-0.330884,-11.592529,-0.003488,9.594920,-0.009805,0.000202,-3.199199,-0.100122,3.200766,62|63|64|65|66|67|68,0.5627
7011.367032,-0.330007,-11.589493,-0.003532,9.594920,-0.009805,0.000202,-3.200848,-0.099639,3.202398,62|63|64|65|66|67|68,0.5630
7011.383699,-0.324497,-11.601001,-0.003360,9.606921,-0.009358,0.000085,-3.206584,-0.097114,3.208054,62|63|64|65|66|67|68,0.5541
7011.433699,-0.324760,-11.602075,-0.003696,9.628489,-0.010777,0.000198,-3.227568,-0.095841,3.228991,63|64|65|66|67|68,0.5619
7011.450366,-0.331165,-11.621417,-0.004160,9.635807,-0.010769,0.000396,-3.224387,-0.099370,3.225918,63|64|65|66|67|68,0.5624
7011.483699,-0.338670,-11.630975,-0.004397,9.649284,-0.010400,0.000427,-3.232686,-0.103837,3.234353,63|64|65|66|67|68,0.5622
7011.517032,-0.332897,-11.667199,-0.004793,9.656185,-0.010435,0.000394,-3.219888,-0.100740,3.221463,63|64|65|66|67|68,0.5608
7011.533699,-0.333094,-11.674921,-0.003929,9.670309,-0.010185,0.000081,-3.229815,-0.101113,3.231397,63|64|65|66|67|68,0.5620
7011.583699,-0.326379,-11.709389,-0.004762,9.690937,-0.010822,-0.000039,-3.231697,-0.096897,3.233149,63|64|65|66|67|68,0.5608
7011.600366,-0.326380,-11.709391,-0.004764,9.697536,-0.011520,-0.000038,-3.238295,-0.096199,3.239724,63|64|65|66|67|68,0.5617
7011.617032,-0.339122,-11.719009,-0.004665,9.697536,-0.011520,-0.000038,-3.233094,-0.103144,3.234739,63|64|65|66|67|68,0.5620
7011.633699,-0.348780,-11.722579,-0.004577,9.704456,-0.011345,-0.000269,-3.238094,-0.108576,3.239914,63|64|65|66|67|68,0.5624
7011.667032,-0.348780,-11.722574,-0.004569,9.725748,-0.010403,0.000007,-3.259389,-0.109518,3.261228,63|64|65|66|67|68,0.5619
7011.683699,-0.338655,-11.760340,-0.004390,9.732313,-0.010281,0.000084,-3.245408,-0.104215,3.247080,63|64|65|66|67|68,0.5614
7011.717032,-0.330414,-11.770357,-0.003765,9.746528,-0.010575,0.000079,-3.254162,-0.099462,3.255682,63|64|65|66|67|68,0.5613
7011.733699,-0.330415,-11.770358,-0.003767,9.753721,-0.010632,-0.000072,-3.261354,-0.099405,3.262869,63|64|65|66|67|68,0.5632
7011.750366,-0.333197,-11.780317,-0.004387,9.760992,-0.010761,-0.000203,-3.263219,-0.100809,3.264776,63|64|65|66|67|68,0.5631
7011.767032,-0.335798,-11.802995,-0.005512,9.760992,-0.010761,-0.000203,-3.250899,-0.102269,3.252507,63|64|65|66|67|68,0.5632
7011.783699,-0.335800,-11.802995,-0.005515,9.774400,-0.011935,-0.000209,-3.264307,-0.101096,3.265873,63|64|65|66|67|68,0.5620
7011.817032,-0.338018,-11.812857,-0.005664,9.781665,-0.011629,-0.000223,-3.266217,-0.102629,3.267829,63|64|65|66|67|68,0.5625
7011.833699,-0.349812,-11.830926,-0.004672,9.788785,-0.011300,-0.000167,-3.263541,-0.109405,3.265374,63|64|65|66|67|68,0.5630
7011.850366,-0.345658,-11.844625,-0.004844,9.795879,-0.011097,-0.000223,-3.263181,-0.107378,3.264948,63|64|65|66|67|68,0.5638
7011.867032,-0.342874,-11.857236,-0.005072,9.802954,-0.011144,-0.000390,-3.263397,-0.105844,3.265113,63|64|65|66|67|68|69|70,0.5634
7011.883699,-0.342876,-11.857243,-0.005072,9.816595,-0.011692,-0.000982,-3.277034,-0.105297,3.278725,63|64|65|66|67|68|69|70,0.5612
7011.900366,-0.349471,-11.865399,-0.005121,9.816595,-0.011692,-0.000982,-3.272615,-0.108898,3.274426,63|64|65|66|67|68|69|70,0.5621
7011.917032,-0.350619,-11.875849,-0.005724,9.823896,-0.011482,-0.001012,-3.274239,-0.109754,3.276078,65|66|67|68|69|70,0.5654
7011.933699,-0.347534,-11.889878,-0.006683,9.838368,-0.011541,-0.001180,-3.281080,-0.108046,3.282858,65|66|67|68|69|70,0.5647
7011.967032,-0.348278,-11.910125,-0.006455,9.845266,-0.012040,-0.001164,-3.276976,-0.107993,3.278755,65|66|67|68|69|70,0.5631
7011.983699,-0.355493,-11.913946,-0.006241,9.859091,-0.012281,-0.001451,-3.288739,-0.111682,3.290635,65|66|67|68|69|70,0.5633
7012.000366,-0.362902,-11.917570,-0.006482,9.859091,-0.012281,-0.001451,-3.286785,-0.115716,3.288821,65|66|67|68|69|70,0.5634
7012.017032,-0.357379,-11.927573,-0.007200,9.866417,-0.011761,-0.001427,-3.288663,-0.113254,3.290612,65|66|67|68|69|70,0.5638
7012.033699,-0.350020,-11.943012,-0.006885,9.880587,-0.010900,-0.001347,-3.294427,-0.110148,3.296268,65|66|67|68|69|70,0.5617
7012.050366,-0.343102,-11.956333,-0.006602,9.880587,-0.010900,-0.001347,-3.287174,-0.106416,3.288896,65|66|67|68|69|70,0.5604
7012.067032,-0.343102,-11.956333,-0.006599,9.894266,-0.011325,-0.001478,-3.300853,-0.105991,3.302554,65|66|67|68|69|70,0.5614
7012.100366,-0.343197,-11.968876,-0.006314,9.901749,-0.011085,-0.001434,-3.301519,-0.106308,3.303230,65|66|67|68|69|70,0.5642
7012.117032,-0.343197,-11.968875,-0.006316,9.916587,-0.010807,-0.001558,-3.316358,-0.106586,3.318070,65|66|67|68|69|70,0.5632
7012.133699,-0.337673,-11.998026,-0.005939,9.916587,-0.010807,-0.001558,-3.300503,-0.103644,3.302130,65|66|67|68|69|70,0.5620
7012.150366,-0.336108,-12.010010,-0.005938,9.929955,-0.011457,-0.001412,-3.307356,-0.102168,3.308933,65|66|67|68|69|70,0.5610
7012.167032,-0.336107,-12.010011,-0.005938,9.937345,-0.011247,-0.001338,-3.314745,-0.102378,3.316325,65|66|67|68|69|70,0.5621
7012.183699,-0.339192,-12.011050,-0.004996,9.944744,-0.011086,-0.001261,-3.321586,-0.104218,3.323220,65|66|67|68|69|70,0.5633
7012.200366,-0.341659,-12.029715,-0.005730,9.944744,-0.011086,-0.001261,-3.311447,-0.105597,3.313130,65|66|67|68|69|70,0.5628
7012.217032,-0.339564,-12.043047,-0.006747,9.951941,-0.011043,-0.001212,-3.311394,-0.104529,3.313043,65|66|67|68|69|70,0.5626
7012.233699,-0.338656,-12.055436,-0.006715,9.958999,-0.010769,-0.001135,-3.311717,-0.104334,3.313360,65|66|67|68|69|70,0.5620
7012.250366,-0.334379,-12.064681,-0.006673,9.965194,-0.010518,-0.001047,-3.312878,-0.102280,3.314457,65|66|67|68|69|70,0.5599
7012.267032,-0.331107,-12.062549,-0.007187,9.972134,-0.010555,-0.001043,-3.320970,-0.100461,3.322489,65|66|67|68|69|70,0.5615
7012.300366,-0.327296,-12.078612,-0.006914,9.986783,-0.009871,-0.001569,-3.326882,-0.099106,3.328358,65|66|67|68|69|70,0.5633
7012.317032,-0.327296,-12.078609,-0.006914,10.000781,-0.009848,-0.001607,-3.340881,-0.099130,3.342351,65|66|67|68|69|70,0.5624
7012.333699,-0.315002,-12.105202,-0.006712,10.000781,-0.009848,-0.001607,-3.326403,-0.092503,3.327689,65|66|67|68|69|70,0.5613
7012.350366,-0.320365,-12.106977,-0.006893,10.007727,-0.010693,-0.001580,-3.332396,-0.094576,3.333738,65|66|67|68|69|70,0.5621
7012.367032,-0.332087,-12.113796,-0.006830,10.014885,-0.010723,-0.001553,-3.335872,-0.100931,3.337398,65|66|67|68|69|70,0.5648
7012.383699,-0.332250,-12.125787,-0.006198,10.022447,-0.010568,-0.001463,-3.336918,-0.101199,3.338452,65|66|67|68|69|70|71,0.5566
7012.400366,-0.330454,-12.138550,-0.006127,10.029685,-0.010498,-0.001387,-3.337216,-0.100320,3.338723,65|66|67|68|69|70|71,0.5643
7012.417032,-0.329067,-12.149694,-0.006540,10.036822,-0.010607,-0.001344,-3.338292,-0.099479,3.339774,65|66|67|68|69|70|71,0.5587
7012.433699,-0.330265,-12.158916,-0.006045,10.043254,-0.010924,-0.001187,-3.339716,-0.099832,3.341208,66|67|68|69|70|71,0.5642
7012.450366,-0.330265,-12.158917,-0.006046,10.057708,-0.010652,-0.001140,-3.354169,-0.100105,3.355662,66|67|68|69|70|71,0.5654
7012.467032,-0.333720,-12.168008,-0.005543,10.057708,-0.010652,-0.001140,-3.349235,-0.102001,3.350788,66|67|68|69|70|71,0.5659
7012.500366,-0.333718,-12.168006,-0.005537,10.078698,-0.010814,-0.001163,-3.370226,-0.101838,3.371765,66|67|68|69|70|71,0.5636
7012.517032,-0.328649,-12.194571,-0.005614,10.078698,-0.010814,-0.001163,-3.355778,-0.099138,3.357243,66|67|68|69|70|71,0.5626
7012.533699,-0.326535,-12.205779,-0.005908,10.093088,-0.011429,-0.001128,-3.364073,-0.097397,3.365483,66|67|68|69|70|71,0.5629
7012.550366,-0.340279,-12.213923,-0.004896,10.093088,-0.011429,-0.001128,-3.359675,-0.104883,3.361312,66|67|68|69|70|71,0.5637
7012.583699,-0.344066,-12.238135,-0.005504,10.107671,-0.011775,-0.001099,-3.361107,-0.106645,3.362799,66|67|68|69|70|71,0.5628
7012.600366,-0.344065,-12.238132,-0.005507,10.120897,-0.011008,-0.000893,-3.374335,-0.107412,3.376044,66|67|68|69|70|71,0.5620
7012.617032,-0.346513,-12.249871,-0.005637,10.120897,-0.011008,-0.000893,-3.367960,-0.108766,3.369716,66|67|68|69|70|71,0.5628
7012.633699,-0.337829,-12.250874,-0.005386,10.135248,-0.011020,-0.001212,-3.381748,-0.104036,3.383348,66|67|68|69|70|71,0.5639
7012.667032,-0.335148,-12.256081,-0.005338,10.149873,-0.010956,-0.001257,-3.393538,-0.102655,3.395091,66|67|68|69|70|71,0.5630
7012.683699,-0.334470,-12.292467,-0.004907,10.156549,-0.011630,-0.001275,-3.380437,-0.101686,3.381967,66|67|68|69|70|71,0.5633
7012.700366,-0.334470,-12.292466,-0.004908,10.156549,-0.011630,-0.001275,-3.380438,-0.101687,3.381967,66|67|68|69|70|71,0.5610
7012.717032,-0.343376,-12.307100,-0.004965,10.162704,-0.012097,-0.001253,-3.378659,-0.106090,3.380324,66|67|68|69|70|71,0.5608
7012.733699,-0.350047,-12.304607,-0.005250,10.169817,-0.011978,-0.001330,-3.387140,-0.109829,3.388921,66|67|68|69|70|71,0.5630
7012.750366,-0.348368,-12.318547,-0.005450,10.176961,-0.011872,-0.001280,-3.386704,-0.109052,3.388459,66|67|68|69|70|71,0.5634
7012.767032,-0.348366,-12.318544,-0.005451,10.191221,-0.011522,-0.001040,-3.400967,-0.109401,3.402726,66|67|68|69|70|71,0.5634
7012.783699,-0.346921,-12.331897,-0.005825,10.198013,-0.010926,-0.001076,-3.400498,-0.109238,3.402252,66|67|68|69|70|71,0.5628
7012.800366,-0.341531,-12.351002,-0.006347,10.198013,-0.010926,-0.001076,-3.390104,-0.106348,3.391772,66|67|68|69|70|71,0.5620
7012.817032,-0.333140,-12.354095,-0.006347,10.204946,-0.011029,-0.001058,-3.395339,-0.101692,3.396862,66|67|68|69|70|71,0.5623
7012.833699,-0.333140,-12.354096,-0.006348,10.212096,-0.011259,-0.000985,-3.402488,-0.101462,3.404001,66|67|68|69|70|71,0.5622
7012.850366,-0.334771,-12.362974,-0.006288,10.226499,-0.011679,-0.001052,-3.412070,-0.101947,3.413593,66|67|68|69|70|71,0.5625
7012.867032,-0.341372,-12.386071,-0.006408,10.233175,-0.011821,-0.001119,-3.406206,-0.105440,3.407838,66|67|68|69|70|71,0.5639
7012.883699,-0.341372,-12.386071,-0.006407,10.233175,-0.011821,-0.001119,-3.406206,-0.105439,3.407838,66|67|68|69|70|71,0.5626
7012.900366,-0.346297,-12.399967,-0.006393,10.239597,-0.012376,-0.001129,-3.405087,-0.107589,3.406786,66|67|68|69|70|71|72|73,0.5481
7012.917032,-0.354046,-12.400416,-0.005916,10.247017,-0.012259,-0.001134,-3.412278,-0.111919,3.414113,66|67|68|69|70|71|73,0.5562
7012.933699,-0.352046,-12.414772,-0.006512,10.254284,-0.012156,-0.001083,-3.411740,-0.110965,3.413544,66|67|68|69|70|71|72|73,0.5637
7012.950366,-0.352037,-12.414805,-0.006510,10.268258,-0.012058,-0.000977,-3.425695,-0.111058,3.427495,66|67|68|69|70|71|72|73,0.5490
7012.967032,-0.350890,-12.442304,-0.007069,10.274712,-0.011991,-0.000965,-3.417203,-0.110559,3.418991,68|69|70|71|72|73,0.5622
7012.983699,-0.350891,-12.442304,-0.007067,10.274712,-0.011991,-0.000965,-3.417203,-0.110559,3.418991,68|69|70|71|72|73,0.5614
7013.000366,-0.347219,-12.450709,-0.006920,10.288954,-0.012332,-0.001004,-3.426868,-0.108239,3.428577,68|69|70|71|72|73,0.5632
7013.017032,-0.350236,-12.460405,-0.006446,10.288954,-0.012332,-0.001004,-3.421605,-0.109898,3.423369,68|69|70|71|72|73,0.5641
7013.033699,-0.351453,-12.472566,-0.006352,10.296137,-0.012388,-0.001061,-3.422181,-0.110529,3.423966,68|69|70|71|72|73,0.5643
7013.050366,-0.352449,-12.484386,-0.005602,10.303478,-0.012418,-0.001107,-3.423101,-0.111066,3.424902,68|69|70|71|72|73,0.5646
7013.083699,-0.352448,-12.484384,-0.005599,10.324109,-0.013160,-0.001499,-3.443733,-0.110323,3.445500,68|69|70|71|72|73,0.5640
7013.100366,-0.364841,-12.501134,-0.005488,10.331448,-0.012789,-0.001493,-3.441994,-0.117463,3.443998,68|69|70|71|72|73,0.5644
7013.117032,-0.362391,-12.511551,-0.005586,10.331448,-0.012789,-0.001493,-3.436328,-0.116153,3.438291,68|69|70|71|72|73,0.5646
7013.150366,-0.353084,-12.540039,-0.005725,10.345867,-0.011714,-0.001428,-3.435246,-0.112228,3.437078,68|69|70|71|72|73,0.5621
7013.167032,-0.342127,-12.545368,-0.006012,10.352401,-0.011323,-0.001380,-3.438860,-0.106675,3.440515,68|69|70|71|72|73,0.5611
7013.183699,-0.342128,-12.545370,-0.006011,10.359526,-0.011543,-0.001390,-3.445984,-0.106456,3.447628,68|69|70|71|72|73,0.5613
7013.200366,-0.339973,-12.557713,-0.005591,10.366661,-0.011756,-0.001457,-3.446407,-0.105098,3.448009,68|69|70|71|72|73,0.5630
7013.217032,-0.339975,-12.557714,-0.005587,10.381113,-0.011932,-0.001546,-3.460858,-0.104923,3.462448,68|69|70|71|72|73,0.5634
7013.233699,-0.342843,-12.568924,-0.005647,10.387944,-0.011445,-0.001475,-3.461603,-0.106991,3.463256,68|69|70|71|72|73,0.5631
7013.250366,-0.344188,-12.581344,-0.005740,10.387944,-0.011445,-0.001475,-3.454856,-0.107748,3.456536,68|69|70|71|72|73,0.5627
7013.267032,-0.338102,-12.597070,-0.006198,10.394656,-0.011607,-0.001313,-3.453009,-0.104311,3.454584,68|69|70|71|72|73,0.5625
7013.283699,-0.338101,-12.597072,-0.006201,10.401911,-0.011835,-0.001227,-3.460262,-0.104082,3.461827,68|69|70|71|72|73,0.5645
7013.300366,-0.340707,-12.601346,-0.005799,10.409414,-0.011927,-0.001173,-3.465448,-0.105415,3.467051,68|69|70|71|72|73,0.5650
7013.317032,-0.345428,-12.624645,-0.006091,10.423946,-0.011896,-0.001024,-3.467327,-0.108060,3.469011,68|69|70|71|72|73,0.5649
7013.333699,-0.346934,-12.637360,-0.006101,10.423946,-0.011896,-0.001024,-3.460420,-0.108905,3.462133,68|69|70|71|72|73,0.5633
7013.350366,-0.346934,-12.637360,-0.006100,10.437152,-0.010865,-0.000862,-3.473626,-0.109936,3.475365,68|69|70|71|72|73,0.5628
7013.367032,-0.344294,-12.645701,-0.006089,10.444188,-0.010926,-0.000939,-3.476123,-0.108456,3.477815,68|69|70|71|72|73,0.5632
7013.383699,-0.332412,-12.645990,-0.006148,10.451620,-0.010670,-0.001110,-3.483374,-0.102256,3.484874,68|69|70|71|72|73,0.5644
7013.400366,-0.330093,-12.652156,-0.005906,10.451620,-0.010670,-0.001110,-3.480018,-0.101009,3.481484,68|69|70|71|72|73,0.5643
7013.417032,-0.330629,-12.661104,-0.006167,10.466071,-0.010519,-0.001033,-3.489607,-0.101469,3.491082,68|69|70|71|72|73,0.5629
7013.433699,-0.323808,-12.689874,-0.005644,10.472463,-0.010936,-0.000897,-3.480349,-0.097404,3.481712,68|69|70|71|72|73|74,0.5621
7013.450366,-0.323806,-12.689879,-0.005637,10.472463,-0.010936,-0.000897,-3.480347,-0.097403,3.481709,68|69|70|71|72|73|74,0.5599
7013.467032,-0.323949,-12.696121,-0.005024,10.479709,-0.011079,-0.000820,-3.484200,-0.097350,3.485560,69|70|71|72|73|74,0.5648
7013.483699,-0.329913,-12.695688,-0.004893,10.494446,-0.011315,-0.000633,-3.499185,-0.100355,3.500624,69|70|71|72|73|74,0.5647
7013.500366,-0.331634,-12.708176,-0.004440,10.494446,-0.011315,-0.000633,-3.492402,-0.101316,3.493871,69|70|71|72|73|74,0.5633
7013.517032,-0.333326,-12.721074,-0.003814,10.508270,-0.010911,-0.000293,-3.499219,-0.102666,3.500725,69|70|71|72|73|74,0.5622
7013.550366,-0.329078,-12.743283,-0.003841,10.515088,-0.011116,0.000132,-3.493959,-0.100198,3.495395,69|70|71|72|73|74,0.5611
7013.567032,-0.333257,-12.751917,-0.003310,10.522307,-0.011139,0.000276,-3.496494,-0.102465,3.497995,69|70|71|72|73|74,0.5630
7013.583699,-0.333957,-12.764881,-0.003084,10.529469,-0.011188,0.000354,-3.496612,-0.102823,3.498124,69|70|71|72|73|74,0.5635
7013.600366,-0.334859,-12.776015,-0.003330,10.536587,-0.011250,0.000332,-3.497681,-0.103273,3.499205,69|70|71|72|73|74,0.5637
7013.617032,-0.334861,-12.776016,-0.003328,10.550240,-0.011254,0.000453,-3.511333,-0.103270,3.512851,69|70|71|72|73|74,0.5629
7013.633699,-0.336046,-12.787290,-0.003447,10.557604,-0.011564,0.000471,-3.512572,-0.103627,3.514100,69|70|71|72|73|74,0.5615
7013.650366,-0.336048,-12.795163,-0.003072,10.557604,-0.011564,0.000471,-3.508293,-0.103645,3.509824,69|70|71|72|73|74,0.5619
7013.667032,-0.336045,-12.795160,-0.003073,10.572277,-0.012210,0.000410,-3.522968,-0.102998,3.524473,69|70|71|72|73|74,0.5632
7013.683699,-0.345100,-12.817133,-0.003608,10.572277,-0.012210,0.000410,-3.511045,-0.107964,3.512704,69|70|71|72|73|74,0.5635
7013.700366,-0.345101,-12.817134,-0.003607,10.585624,-0.011669,0.000735,-3.524392,-0.108506,3.526062,69|70|71|72|73|74,0.5622
7013.717032,-0.346605,-12.832769,-0.003319,10.585624,-0.011669,0.000735,-3.515898,-0.109355,3.517598,69|70|71|72|73|74,0.5627
7013.733699,-0.346607,-12.832772,-0.003319,10.600398,-0.011386,0.000589,-3.530670,-0.109639,3.532372,69|70|71|72|73|74,0.5622
7013.750366,-0.341229,-12.835402,-0.003226,10.607815,-0.011528,0.000581,-3.536646,-0.106580,3.538252,69|70|71|72|73|74,0.5629
7013.767032,-0.337528,-12.862773,-0.003887,10.607815,-0.011528,0.000581,-3.521763,-0.104625,3.523317,69|70|71|72|73|74,0.5634
7013.833699,-0.337527,-12.862773,-0.003884,10.635336,-0.012109,0.000115,-3.549284,-0.104043,3.550809,69|70|71|72|73|74,0.5623
7013.850366,-0.347348,-12.902828,-0.003356,10.642589,-0.012280,0.000113,-3.534789,-0.109292,3.536479,69|70|71|72|73|74,0.5625
7013.883699,-0.347347,-12.902826,-0.003357,10.663671,-0.011819,0.000324,-3.555872,-0.109752,3.557565,69|70|71|72|73|74,0.5631
7013.917032,-0.342945,-12.938240,-0.003065,10.670612,-0.011090,0.000279,-3.543557,-0.108162,3.545207,69|70|71|72|73|74,0.5624
7013.933699,-0.332372,-12.945868,-0.002859,10.684779,-0.011332,0.001182,-3.553557,-0.102190,3.555026,69|70|71|72|73|74,0.5622
7013.950366,-0.332371,-12.945868,-0.002857,10.684779,-0.011332,0.001182,-3.553557,-0.102189,3.555026,69|70|71|72|73|74,0.5629
7013.967032,-0.334982,-12.956559,-0.003905,10.692036,-0.011648,0.001119,-3.555008,-0.103315,3.556509,69|70|71|72|73|74|75|76,0.5642
7013.983699,-0.344644,-12.977462,-0.004692,10.705853,-0.011631,0.001099,-3.557485,-0.108625,3.559143,69|70|71|72|73|74|75|76,0.5525
7014.000366,-0.346186,-12.986441,-0.004879,10.705853,-0.011631,0.001099,-3.552609,-0.109482,3.554295,71|72|73|74|75|76,0.5624
7014.017032,-0.345343,-12.989388,-0.004705,10.720400,-0.012175,0.000938,-3.565553,-0.108486,3.567203,71|72|73|74|75|76,0.5645
7014.033699,-0.350571,-12.999661,-0.004670,10.720400,-0.012175,0.000938,-3.559980,-0.111348,3.561721,71|72|73|74|75|76,0.5653
7014.050366,-0.350571,-12.999662,-0.004670,10.727568,-0.012383,0.000980,-3.567147,-0.111140,3.568878,71|72|73|74|75|76,0.5648
7014.067032,-0.352914,-13.013626,-0.004550,10.734640,-0.012346,0.001206,-3.566636,-0.112480,3.568409,71|72|73|74|75|76,0.5639
7014.083699,-0.356254,-13.027250,-0.003616,10.748203,-0.011999,0.001150,-3.572801,-0.114669,3.574640,71|72|73|74|75|76,0.5633
7014.100366,-0.348166,-13.038154,-0.003758,10.748203,-0.011999,0.001150,-3.566858,-0.110296,3.568563,71|72|73|74|75|76,0.5641
7014.133699,-0.352752,-13.057184,-0.003527,10.770053,-0.012591,0.000944,-3.578376,-0.112236,3.580135,71|72|73|74|75|76,0.5651
7014.150366,-0.355978,-13.069177,-0.003602,10.770053,-0.012591,0.000944,-3.571865,-0.114014,3.573684,71|72|73|74|75|76,0.5646
7014.167032,-0.358832,-13.081464,-0.003826,10.777086,-0.012628,0.000616,-3.572225,-0.115553,3.574094,71|72|73|74|75|76,0.5639
7014.183699,-0.358831,-13.081466,-0.003826,10.783318,-0.012969,0.000593,-3.578456,-0.115212,3.580310,71|72|73|74|75|76,0.5624
7014.200366,-0.365105,-13.084544,-0.004552,10.790371,-0.012959,0.000245,-3.583850,-0.118638,3.585813,71|72|73|74|75|76,0.5638
7014.250366,-0.358773,-13.124690,-0.004935,10.812143,-0.011899,0.000331,-3.583790,-0.116339,3.585678,71|72|73|74|75|76,0.5608
7014.267032,-0.358772,-13.124690,-0.004938,10.818819,-0.011105,0.000275,-3.590466,-0.117133,3.592376,71|72|73|74|75|76,0.5614
7014.283699,-0.349304,-13.129823,-0.005046,10.832958,-0.011398,0.000198,-3.601796,-0.111705,3.603527,71|72|73|74|75|76,0.5614
7014.300366,-0.338476,-13.140793,-0.004980,10.832958,-0.011398,0.000198,-3.595812,-0.105843,3.597369,71|72|73|74|75|76,0.5619
7014.333699,-0.338477,-13.140793,-0.004979,10.847437,-0.011746,0.000084,-3.610291,-0.105495,3.611832,71|72|73|74|75|76,0.5648
7014.350366,-0.347577,-13.176706,-0.003700,10.854362,-0.011461,0.000146,-3.597716,-0.110799,3.599422,71|72|73|74|75|76,0.5642
7014.367032,-0.347577,-13.176708,-0.003700,10.868288,-0.011348,0.000418,-3.611641,-0.110913,3.613344,71|72|73|74|75|76,0.5639
7014.417032,-0.344585,-13.207368,-0.002488,10.882861,-0.011606,0.000556,-3.609545,-0.109092,3.611194,71|72|73|74|75|76,0.5630
7014.433699,-0.346657,-13.218520,-0.002909,10.896573,-0.011205,0.000955,-3.617201,-0.110641,3.618892,71|72|73|74|75|76,0.5617
7014.450366,-0.348077,-13.229265,-0.003395,10.896573,-0.011205,0.000955,-3.611364,-0.111435,3.613083,71|72|73|74|75|76|77,0.5525
7014.483699,-0.348076,-13.229278,-0.003412,10.910386,-0.010416,0.001356,-3.625170,-0.112224,3.626907,71|72|73|74|75|76|77,0.5556
7014.500366,-0.332948,-13.231709,-0.003487,10.925373,-0.010180,0.001309,-3.638805,-0.104243,3.640298,71|72|73|74|75|76|77,0.5604
7014.533699,-0.330171,-13.246123,-0.003809,10.932683,-0.009838,0.001496,-3.638276,-0.103105,3.639736,72|73|74|75|76|77,0.5629
7014.550366,-0.327456,-13.274904,-0.003291,10.946178,-0.010259,0.001922,-3.636123,-0.101268,3.637533,72|73|74|75|76|77,0.5630
7014.567033,-0.323914,-13.281365,-0.003065,10.953494,-0.010441,0.002094,-3.639921,-0.099175,3.641272,72|73|74|75|76|77,0.5629
7014.583699,-0.323915,-13.281362,-0.003060,10.960831,-0.010653,0.002157,-3.647259,-0.098963,3.648602,72|73|74|75|76|77,0.5634
7014.600366,-0.329236,-13.292155,-0.003236,10.968054,-0.010857,0.002306,-3.648627,-0.101673,3.650043,72|73|74|75|76|77,0.5646
7014.617033,-0.332564,-13.303138,-0.002788,10.968054,-0.010857,0.002306,-3.642665,-0.103505,3.644135,72|73|74|75|76|77,0.5638
7014.633699,-0.335920,-13.314558,-0.002359,10.981722,-0.010251,0.002754,-3.650134,-0.105957,3.651671,72|73|74|75|76|77,0.5631
7014.650366,-0.338538,-13.324859,-0.002748,10.988824,-0.010401,0.002806,-3.651643,-0.107253,3.653218,72|73|74|75|76|77,0.5642
7014.667033,-0.334068,-13.328632,-0.001850,10.988824,-0.010401,0.002806,-3.649583,-0.104831,3.651089,72|73|74|75|76|77,0.5638
7014.683699,-0.330685,-13.336390,-0.001120,11.003026,-0.010752,0.002855,-3.659561,-0.102657,3.661001,72|73|74|75|76|77,0.5642
7014.700366,-0.336098,-13.358735,-0.001832,11.003026,-0.010752,0.002855,-3.647428,-0.105644,3.648958,72|73|74|75|76|77,0.5633
7014.717033,-0.336097,-13.358735,-0.001832,11.017166,-0.010407,0.003012,-3.661569,-0.105989,3.663102,72|73|74|75|76|77,0.5621
7014.733699,-0.339132,-13.378445,-0.002201,11.017166,-0.010407,0.003012,-3.650863,-0.107679,3.652451,72|73|74|75|76|77,0.5622
7014.750366,-0.334531,-13.383145,-0.002360,11.031391,-0.010937,0.003463,-3.662525,-0.104658,3.664020,72|73|74|75|76|77,0.5629
7014.783699,-0.334531,-13.383144,-0.002359,11.045569,-0.011369,0.003436,-3.676703,-0.104226,3.678180,72|73|74|75|76|77,0.5636
7014.817033,-0.343865,-13.400379,-0.001641,11.059298,-0.010201,0.002803,-3.681084,-0.110503,3.682742,72|73|74|75|76|77,0.5632
7014.833699,-0.347232,-13.419583,-0.001291,11.059298,-0.010201,0.002803,-3.670654,-0.112372,3.672374,72|73|74|75|76|77,0.5621
7014.850366,-0.333737,-13.433701,-0.002482,11.066616,-0.009937,0.004194,-3.670271,-0.105331,3.671782,72|73|74|75|76|77,0.5626
7014.867033,-0.333736,-13.433701,-0.002482,11.081341,-0.010295,0.004419,-3.684997,-0.104973,3.686492,72|73|74|75|76|77,0.5631
7014.883699,-0.335281,-13.444502,-0.001195,11.088440,-0.010309,0.004438,-3.686229,-0.105821,3.687748,72|73|74|75|76|77,0.5641
7014.900366,-0.338480,-13.456038,-0.000919,11.095096,-0.009922,0.004362,-3.686622,-0.107970,3.688203,72|73|74|75|76|77,0.5637
7014.917033,-0.342465,-13.476474,-0.000453,11.095096,-0.009922,0.004362,-3.675524,-0.110178,3.677175,72|73|74|75|76|77,0.5619
7014.933699,-0.342465,-13.476476,-0.000451,11.108873,-0.010574,0.004036,-3.689300,-0.109525,3.690925,72|73|74|75|76|77,0.5616
7014.950366,-0.343469,-13.486045,-0.000366,11.116002,-0.010765,0.004095,-3.691231,-0.109900,3.692866,72|73|74|75|76|77,0.5620
7014.983699,-0.343469,-13.486045,-0.000366,11.129864,-0.010536,0.004118,-3.705092,-0.110128,3.706728,72|73|74|75|76|77,0.5623
7015.000366,-0.349834,-13.509497,-0.001315,11.136721,-0.009908,0.004083,-3.699216,-0.114264,3.700981,72|73|74|75|76|77|78|79,0.5630
7015.017033,-0.351476,-13.518848,-0.000114,11.143818,-0.009350,0.004097,-3.701235,-0.115734,3.703044,72|73|74|75|76|77|78|79,0.5595
7015.033699,-0.347766,-13.522446,-0.000029,11.143818,-0.009350,0.004097,-3.699272,-0.113725,3.701019,74|75|76|77|78|79,0.5638
7015.050366,-0.332141,-13.539392,-0.000823,11.150877,-0.009753,0.004076,-3.697090,-0.104865,3.698577,74|75|76|77|78|79,0.5626
7015.067033,-0.338440,-13.550461,-0.000620,11.157958,-0.010161,0.004099,-3.698168,-0.107903,3.699741,74|75|76|77|78|79,0.5617
7015.083699,-0.344742,-13.561521,-0.000624,11.165091,-0.010399,0.004069,-3.699303,-0.111113,3.700971,74|75|76|77|78|79,0.5616
7015.100366,-0.344742,-13.561520,-0.000624,11.178967,-0.010297,0.003962,-3.713179,-0.111215,3.714844,74|75|76|77|78|79,0.5608
7015.117033,-0.348307,-13.570120,-0.000469,11.186457,-0.010543,0.003971,-3.716002,-0.112924,3.717718,74|75|76|77|78|79,0.5631
7015.133699,-0.346736,-13.570982,-0.000537,11.193761,-0.010822,0.004044,-3.722835,-0.111793,3.724513,74|75|76|77|78|79,0.5634
7015.150366,-0.351343,-13.596090,-0.000391,11.193761,-0.010822,0.004044,-3.709199,-0.114348,3.710961,74|75|76|77|78|79,0.5645
7015.167033,-0.351343,-13.596089,-0.000391,11.207716,-0.010540,0.004104,-3.723154,-0.114631,3.724919,74|75|76|77|78|79,0.5639
7015.217033,-0.347038,-13.627079,0.000111,11.228947,-0.010618,0.003834,-3.727534,-0.112277,3.729224,74|75|76|77|78|79,0.5636
7015.233699,-0.347038,-13.627079,0.000113,11.228947,-0.010618,0.003834,-3.727534,-0.112277,3.729225,74|75|76|77|78|79,0.5643
7015.267033,-0.358035,-13.662799,0.000031,11.249891,-0.010897,0.003606,-3.729088,-0.118048,3.730956,74|75|76|77|78|79,0.5637
7015.283699,-0.358035,-13.662799,0.000033,11.256962,-0.011091,0.003508,-3.736160,-0.117854,3.738018,74|75|76|77|78|79,0.5628
7015.300366,-0.359475,-13.672646,-0.000331,11.256962,-0.011091,0.003508,-3.730811,-0.118657,3.732697,74|75|76|77|78|79,0.5634
7015.317033,-0.362448,-13.681741,-0.000863,11.264201,-0.011044,0.003327,-3.733113,-0.120339,3.735052,74|75|76|77|78|79,0.5643
7015.350366,-0.362448,-13.681739,-0.000866,11.278567,-0.010408,0.003531,-3.747480,-0.120974,3.749432,74|75|76|77|78|79,0.5644
7015.367033,-0.361165,-13.708373,-0.002118,11.291902,-0.009162,0.003463,-3.746337,-0.121577,3.748309,74|75|76|77|78|79,0.5644
7015.383699,-0.353846,-13.714599,-0.002255,11.299183,-0.009404,0.003460,-3.750219,-0.117370,3.752056,74|75|76|77|78|79,0.5649
7015.417033,-0.343980,-13.716788,-0.002288,11.313415,-0.009806,0.003356,-3.763241,-0.111611,3.764896,74|75|76|77|78|79,0.5643
7015.433699,-0.344004,-13.747014,-0.000736,11.313415,-0.009806,0.003356,-3.746814,-0.111687,3.748478,74|75|76|77|78|79,0.5649
7015.450366,-0.344003,-13.747014,-0.000735,11.327298,-0.009380,0.003353,-3.760697,-0.112113,3.762368,74|75|76|77|78|79,0.5638
7015.467033,-0.347016,-13.758857,-0.001285,11.334479,-0.009345,0.003367,-3.761448,-0.113809,3.763169,74|75|76|77|78|79,0.5628
7015.483699,-0.341669,-13.768778,-0.002116,11.334479,-0.009345,0.003367,-3.756046,-0.110924,3.757683,74|75|76|77|78|79,0.5640
7015.500366,-0.341609,-13.779981,-0.001562,11.341809,-0.009495,0.003399,-3.757286,-0.110764,3.758919,74|75|76|77|78|79|80,0.5559
7015.517033,-0.341622,-13.780069,-0.001546,11.349136,-0.009644,0.003452,-3.764566,-0.110622,3.766191,74|75|76|77|78|79|80,0.5644
7015.533699,-0.346575,-13.802045,-0.001338,11.363126,-0.009351,0.003754,-3.766622,-0.113653,3.768337,74|75|76|77|78|79|80,0.5604
7015.550366,-0.346279,-13.802686,-0.000904,11.369643,-0.008712,0.003857,-3.772791,-0.114132,3.774517,75|76|77|78|79|80,0.5638
7015.567033,-0.348975,-13.814342,-0.000816,11.369643,-0.008712,0.003857,-3.766462,-0.115621,3.768236,75|76|77|78|79|80,0.5637
7015.583699,-0.333436,-13.817200,0.000079,11.384474,-0.008281,0.003910,-3.779708,-0.107612,3.781239,75|76|77|78|79|80,0.5651
7015.600366,-0.330943,-13.829015,-0.000437,11.384474,-0.008281,0.003910,-3.773281,-0.106282,3.774778,75|76|77|78|79|80,0.5646
7015.617033,-0.328685,-13.844752,-0.001236,11.392092,-0.008191,0.003878,-3.772342,-0.105177,3.773808,75|76|77|78|79|80,0.5644
7015.633699,-0.327923,-13.858928,-0.001744,11.399587,-0.007924,0.004029,-3.772131,-0.105059,3.773594,75|76|77|78|79|80,0.5643
7015.667033,-0.322564,-13.867240,-0.001903,11.420455,-0.008213,0.004600,-3.788470,-0.101875,3.789840,75|76|77|78|79|80,0.5631
7015.700366,-0.322565,-13.867239,-0.001904,11.434995,-0.008617,0.004715,-3.803011,-0.101472,3.804365,75|76|77|78|79|80,0.5646
7015.717033,-0.334709,-13.899980,-0.001166,11.441775,-0.008312,0.004860,-3.792022,-0.108444,3.793572,75|76|77|78|79|80,0.5657
7015.733699,-0.334709,-13.899981,-0.001165,11.441775,-0.008312,0.004860,-3.792022,-0.108444,3.793572,75|76|77|78|79|80,0.5641
7015.750366,-0.338191,-13.911671,-0.000875,11.455608,-0.008165,0.005042,-3.799508,-0.110508,3.801115,75|76|77|78|79|80,0.5647
7015.767033,-0.330756,-13.920522,0.000084,11.455608,-0.008165,0.005042,-3.794682,-0.106485,3.796176,75|76|77|78|79|80,0.5638
7015.783699,-0.330756,-13.920523,0.000084,11.469750,-0.008471,0.005087,-3.808824,-0.106179,3.810304,75|76|77|78|79|80,0.5651
7015.817033,-0.333733,-13.932844,-0.000072,11.476897,-0.008451,0.005294,-3.809281,-0.107843,3.810807,75|76|77|78|79|80,0.5651
7015.833699,-0.338341,-13.964858,0.000263,11.483781,-0.008043,0.005294,-3.798776,-0.110821,3.800393,75|76|77|78|79|80,0.5637
7015.850366,-0.333172,-13.969438,0.000316,11.490491,-0.008241,0.005310,-3.802986,-0.107823,3.804515,75|76|77|78|79|80,0.5635
7015.867033,-0.333171,-13.969439,0.000319,11.505164,-0.008990,0.005339,-3.817659,-0.107074,3.819160,75|76|77|78|79|80,0.5636
7015.883699,-0.342456,-13.984384,-0.000524,11.505164,-0.008990,0.005339,-3.809555,-0.112150,3.811206,75|76|77|78|79|80,0.5651
7015.900366,-0.348266,-13.995943,-0.000180,11.512173,-0.009068,0.005378,-3.810295,-0.115253,3.812038,75|76|77|78|79|80,0.5640
7015.917033,-0.348267,-13.995943,-0.000178,11.518701,-0.008775,0.005480,-3.816823,-0.115547,3.818571,75|76|77|78|79|80,0.5629
7015.933699,-0.349653,-14.003179,-0.000016,11.532667,-0.008057,0.004780,-3.826859,-0.117033,3.828648,75|76|77|78|79|80,0.5633
7015.950366,-0.335791,-14.015404,-0.000789,11.539934,-0.008178,0.004737,-3.827453,-0.109404,3.829016,75|76|77|78|79|80,0.5630
7015.967033,-0.336109,-14.028023,-0.001188,11.539934,-0.008178,0.004737,-3.820596,-0.109603,3.822167,75|76|77|78|79|80,0.5633
7015.983699,-0.336109,-14.028022,-0.001188,11.547164,-0.008328,0.004679,-3.827826,-0.109453,3.829391,75|76|77|78|79|80,0.5635
7016.000366,-0.340603,-14.051081,-0.001645,11.560896,-0.008170,0.004555,-3.829035,-0.112100,3.830676,75|76|77|78|79|80,0.5638
7016.033699,-0.338571,-14.062696,-0.002923,11.567259,-0.008645,0.004310,-3.829082,-0.110545,3.830678,75|76|77|78|79|80|81|82,0.5629
7016.050366,-0.338569,-14.062700,-0.002923,11.581659,-0.008854,0.004355,-3.843480,-0.110335,3.845063,75|76|77|78|79|80|81|82,0.5646
7016.067033,-0.346593,-14.081660,-0.002677,11.588821,-0.008948,0.004377,-3.840354,-0.114641,3.842065,77|78|79|80|81|82,0.5653
7016.083699,-0.348496,-14.092939,-0.002688,11.588821,-0.008948,0.004377,-3.834228,-0.115698,3.835973,77|78|79|80|81|82,0.5648
7016.100366,-0.348497,-14.092938,-0.002688,11.602177,-0.008158,0.004363,-3.847584,-0.116489,3.849347,77|78|79|80|81|82,0.5642
7016.117033,-0.350271,-14.104564,-0.002570,11.609060,-0.007563,0.004433,-3.848153,-0.118072,3.849964,77|78|79|80|81|82,0.5648
7016.133699,-0.340403,-14.113786,-0.002387,11.616113,-0.007881,0.004401,-3.850173,-0.112410,3.851814,77|78|79|80|81|82,0.5642
7016.150366,-0.332695,-14.122792,-0.002259,11.616113,-0.007881,0.004401,-3.845263,-0.108239,3.846786,77|78|79|80|81|82,0.5634
7016.167033,-0.332695,-14.122791,-0.002256,11.630540,-0.008469,0.004356,-3.859691,-0.107651,3.861192,77|78|79|80|81|82,0.5638
7016.183699,-0.337828,-14.133832,-0.002009,11.630540,-0.008469,0.004356,-3.853701,-0.110464,3.855284,77|78|79|80|81|82,0.5630
7016.200366,-0.347514,-14.156681,-0.001104,11.644202,-0.008480,0.004268,-3.854965,-0.115764,3.856703,77|78|79|80|81|82,0.5630
7016.217033,-0.347512,-14.156684,-0.001103,11.644202,-0.008480,0.004268,-3.854964,-0.115763,3.856702,77|78|79|80|81|82,0.5631
7016.233699,-0.348536,-14.165163,-0.000520,11.651560,-0.008744,0.004024,-3.857715,-0.116073,3.859461,77|78|79|80|81|82,0.5632
7016.250366,-0.352075,-14.178010,-0.001150,11.658827,-0.008865,0.004156,-3.858008,-0.117902,3.859809,77|78|79|80|81|82,0.5634
7016.267033,-0.352075,-14.178009,-0.001148,11.672938,-0.008555,0.004116,-3.872120,-0.118211,3.873924,77|78|79|80|81|82,0.5632
7016.283699,-0.356320,-14.203910,-0.001243,11.679668,-0.008225,0.003900,-3.864782,-0.120902,3.866673,77|78|79|80|81|82,0.5626
7016.300366,-0.350749,-14.208872,-0.001461,11.686669,-0.008579,0.003570,-3.869074,-0.117530,3.870859,77|78|79|80|81|82,0.5636
7016.317033,-0.350747,-14.208875,-0.001462,11.693894,-0.008657,0.003515,-3.876298,-0.117451,3.878077,77|78|79|80|81|82,0.5646
7016.333699,-0.352074,-14.221504,-0.001792,11.701090,-0.008740,0.003363,-3.876633,-0.118115,3.878432,77|78|79|80|81|82,0.5653
7016.350366,-0.353641,-14.232988,-0.001549,11.708500,-0.008788,0.003262,-3.877805,-0.118943,3.879629,77|78|79|80|81|82,0.5658
7016.367033,-0.355222,-14.244783,-0.001566,11.708500,-0.008788,0.003262,-3.871398,-0.119827,3.873252,77|78|79|80|81|82,0.5649
7016.383699,-0.356376,-14.256571,-0.002220,11.721857,-0.009516,0.002856,-3.878351,-0.119750,3.880199,77|78|79|80|81|82,0.5640
7016.400366,-0.356375,-14.256578,-0.002219,11.729178,-0.009338,0.002397,-3.885668,-0.119927,3.887518,77|78|79|80|81|82,0.5633
7016.417033,-0.367182,-14.260375,-0.002908,11.729178,-0.009338,0.002397,-3.883627,-0.125808,3.885664,77|78|79|80|81|82,0.5651
7016.433699,-0.367182,-14.260375,-0.002907,11.744054,-0.008710,0.002536,-3.898502,-0.126436,3.900552,77|78|79|80|81|82,0.5642
7016.450366,-0.360432,-14.291004,-0.003713,11.744054,-0.008710,0.002536,-3.881842,-0.122831,3.883785,77|78|79|80|81|82,0.5626
7016.483699,-0.360433,-14.291005,-0.003713,11.764330,-0.007763,0.002170,-3.902118,-0.123778,3.904080,77|78|79|80|81|82,0.5625
7016.500366,-0.337491,-14.306702,-0.003403,11.771484,-0.007935,0.002048,-3.900694,-0.111170,3.902277,77|78|79|80|81|82,0.5624
7016.517033,-0.342852,-14.317076,-0.003612,11.778625,-0.008053,0.001964,-3.902207,-0.113988,3.903872,77|78|79|80|81|82,0.5627
7016.550366,-0.347573,-14.342890,-0.003435,11.785861,-0.008061,0.002012,-3.895425,-0.116598,3.897169,77|78|79|80|81|82|83,0.5623
7016.567033,-0.347272,-14.353337,-0.003719,11.799381,-0.007774,0.001974,-3.903266,-0.116743,3.905012,77|78|79|80|81|82|83,0.5569
7016.583699,-0.347270,-14.353363,-0.003708,11.806724,-0.008000,0.001963,-3.910595,-0.116516,3.912330,77|78|79|80|81|82|83,0.5536
7016.600366,-0.339735,-14.356538,-0.004351,11.806724,-0.008000,0.001963,-3.908854,-0.112427,3.910471,78|79|80|81|82|83,0.5613
7016.617033,-0.346777,-14.374404,-0.004083,11.814136,-0.008111,0.002004,-3.906571,-0.116180,3.908298,78|79|80|81|82|83,0.5613
7016.633699,-0.346776,-14.374402,-0.004081,11.828250,-0.007629,0.002156,-3.920685,-0.116663,3.922421,78|79|80|81|82|83,0.5613
7016.650366,-0.348566,-14.387676,-0.003990,11.834724,-0.006859,0.002107,-3.919949,-0.118432,3.921738,78|79|80|81|82|83,0.5600
7016.667033,-0.342073,-14.404809,-0.003463,11.834724,-0.006859,0.002107,-3.910625,-0.114939,3.912313,78|79|80|81|82|83,0.5597
7016.683699,-0.331277,-14.406086,-0.003742,11.841695,-0.006818,0.002084,-3.916880,-0.109115,3.918399,78|79|80|81|82|83,0.5610
7016.700366,-0.331087,-14.413997,-0.003129,11.856415,-0.006678,0.001711,-3.927299,-0.109168,3.928816,78|79|80|81|82|83,0.5625
7016.717033,-0.331088,-14.413998,-0.003131,11.856415,-0.006678,0.001711,-3.927299,-0.109169,3.928816,78|79|80|81|82|83,0.5625
7016.733699,-0.328456,-14.438638,-0.003578,11.864020,-0.006438,0.001566,-3.921508,-0.108029,3.922995,78|79|80|81|82|83,0.5629
7016.750366,-0.328455,-14.438638,-0.003576,11.877267,-0.007038,0.001831,-3.934754,-0.107428,3.936221,78|79|80|81|82|83,0.5614
7016.783699,-0.325806,-14.453889,-0.004668,11.892100,-0.007189,0.001851,-3.941293,-0.105869,3.942715,78|79|80|81|82|83,0.5639
7016.817033,-0.336661,-14.482979,-0.004478,11.906497,-0.007004,0.002191,-3.939903,-0.112014,3.941495,78|79|80|81|82|83,0.5643
7016.833699,-0.338397,-14.495938,-0.004507,11.906497,-0.007004,0.002191,-3.932864,-0.112984,3.934487,78|79|80|81|82|83,0.5622
7016.850366,-0.333549,-14.502440,-0.004470,11.912996,-0.006901,0.002409,-3.935819,-0.110465,3.937369,78|79|80|81|82|83,0.5633
7016.900366,-0.337705,-14.527965,-0.002434,11.942011,-0.007304,0.002585,-3.950971,-0.112373,3.952568,78|79|80|81|82|83,0.5631
7016.917033,-0.338742,-14.540889,-0.002162,11.942011,-0.007304,0.002585,-3.943949,-0.112963,3.945567,78|79|80|81|82|83,0.5634
7016.933699,-0.340172,-14.554169,-0.002539,11.955345,-0.007455,0.003305,-3.950069,-0.113616,3.951702,78|79|80|81|82|83,0.5621
7016.950366,-0.340173,-14.554170,-0.002540,11.955345,-0.007455,0.003305,-3.950068,-0.113617,3.951702,78|79|80|81|82|83,0.5615
7016.967033,-0.336619,-14.552197,-0.002182,11.970154,-0.007894,0.003330,-3.965942,-0.111243,3.967502,78|79|80|81|82|83,0.5615
7017.000366,-0.341050,-14.555696,-0.001496,11.983964,-0.007712,0.003576,-3.977860,-0.113840,3.979488,78|79|80|81|82|83,0.5630
7017.017033,-0.351482,-14.591236,-0.002068,11.990611,-0.007286,0.003593,-3.965213,-0.120009,3.967028,78|79|80|81|82|83,0.5614
7017.033699,-0.345810,-14.594279,-0.002169,11.990611,-0.007286,0.003593,-3.963547,-0.116933,3.965272,78|79|80|81|82|83,0.5609
7017.050366,-0.345810,-14.594280,-0.002172,12.005398,-0.007354,0.003307,-3.978334,-0.116865,3.980050,78|79|80|81|82|83,0.5603
7017.067033,-0.339779,-14.611620,-0.001629,12.005398,-0.007354,0.003307,-3.968898,-0.113623,3.970524,78|79|80|81|82|83|84|85,0.5474
7017.083699,-0.339743,-14.611677,-0.001686,12.020296,-0.007556,0.003213,-3.983764,-0.113401,3.985378,78|79|80|81|82|83|84|85,0.5581
7017.100366,-0.343015,-14.639474,-0.002325,12.026650,-0.007463,0.003143,-3.975018,-0.115330,3.976691,80|81|82|83|84|85,0.5605
7017.117033,-0.344843,-14.653574,-0.002569,12.026650,-0.007463,0.003143,-3.967359,-0.116353,3.969065,80|81|82|83|84|85,0.5589
7017.133699,-0.344841,-14.653575,-0.002571,12.039942,-0.007992,0.002996,-3.980651,-0.115822,3.982335,80|81|82|83|84|85,0.5610
7017.167033,-0.344109,-14.650313,-0.002995,12.047228,-0.008047,0.003011,-3.989708,-0.115362,3.991375,80|81|82|83|84|85,0.5636
7017.183699,-0.353306,-14.678284,-0.003318,12.061420,-0.007606,0.003118,-3.988718,-0.120860,3.990548,80|81|82|83|84|85,0.5649
7017.200366,-0.353307,-14.678283,-0.003318,12.061420,-0.007606,0.003118,-3.988718,-0.120860,3.990549,80|81|82|83|84|85,0.5633
7017.217033,-0.347510,-14.697099,-0.003047,12.074753,-0.006876,0.003128,-3.991813,-0.118478,3.993571,80|81|82|83|84|85,0.5632
7017.233699,-0.340219,-14.701532,-0.003385,12.074753,-0.006876,0.003128,-3.989389,-0.114525,3.991032,80|81|82|83|84|85,0.5641
7017.250366,-0.338008,-14.705678,-0.003941,12.081892,-0.007065,0.003124,-3.994270,-0.113143,3.995872,80|81|82|83|84|85,0.5642
7017.267033,-0.340870,-14.717405,-0.004088,12.088948,-0.007274,0.003092,-3.994959,-0.114514,3.996600,80|81|82|83|84|85,0.5656
7017.283699,-0.340871,-14.717404,-0.004088,12.096324,-0.007424,0.003018,-4.002335,-0.114364,4.003968,80|81|82|83|84|85,0.5642
7017.300366,-0.344266,-14.729104,-0.003729,12.109570,-0.008070,0.002536,-4.009229,-0.115587,4.010895,80|81|82|83|84|85,0.5640
7017.317033,-0.348498,-14.744488,-0.003860,12.116940,-0.008125,0.002101,-4.008247,-0.117864,4.009980,80|81|82|83|84|85,0.5637
7017.333699,-0.357758,-14.742796,-0.003597,12.116940,-0.008125,0.002101,-4.009186,-0.122893,4.011069,80|81|82|83|84|85,0.5645
7017.350366,-0.357760,-14.742794,-0.003598,12.131745,-0.008079,0.002090,-4.023992,-0.122940,4.025869,80|81|82|83|84|85,0.5655
7017.367033,-0.357667,-14.756417,-0.003993,12.138864,-0.007769,0.002157,-4.023707,-0.123228,4.025594,80|81|82|83|84|85,0.5652
7017.400366,-0.352646,-14.795958,-0.002957,12.145348,-0.007560,0.001685,-4.008691,-0.120790,4.010511,80|81|82|83|84|85,0.5645
7017.417033,-0.352646,-14.795959,-0.002957,12.159562,-0.007994,0.001238,-4.022905,-0.120355,4.024705,80|81|82|83|84|85,0.5648
7017.433699,-0.352283,-14.792962,-0.003438,12.159562,-0.007994,0.001238,-4.024533,-0.120152,4.026326,80|81|82|83|84|85,0.5649
7017.450366,-0.358168,-14.817136,-0.004168,12.174451,-0.008006,0.000929,-4.026296,-0.123388,4.028186,80|81|82|83|84|85,0.5653
7017.500366,-0.358167,-14.817136,-0.004168,12.187988,-0.008582,0.000779,-4.039833,-0.122811,4.041699,80|81|82|83|84|85,0.5636
7017.517033,-0.367205,-14.849544,-0.005222,12.201988,-0.008373,0.000529,-4.036239,-0.127999,4.038268,80|81|82|83|84|85,0.5645
7017.567033,-0.367693,-14.848530,-0.004589,12.222772,-0.006812,0.000613,-4.057574,-0.129823,4.059651,80|81|82|83|84|85,0.5626
7017.600366,-0.342761,-14.889918,-0.004578,12.237053,-0.007329,0.000317,-4.049311,-0.115841,4.050967,80|81|82|83|84|85|86,0.5613
7017.617033,-0.348217,-14.898866,-0.005114,12.244413,-0.007277,0.000264,-4.051820,-0.118876,4.053563,80|81|82|83|84|85|86,0.5620
7017.633699,-0.349456,-14.911846,-0.005061,12.244413,-0.007277,0.000264,-4.044768,-0.119577,4.046535,81|82|83|84|85|86,0.5624
7017.667033,-0.348678,-14.940654,-0.004835,12.258496,-0.006996,0.000200,-4.043193,-0.119495,4.044958,81|82|83|84|85|86,0.5613
7017.683699,-0.348678,-14.940654,-0.004835,12.264990,-0.007353,0.000202,-4.049686,-0.119137,4.051438,81|82|83|84|85|86,0.5613
7017.700366,-0.350290,-14.941956,-0.004348,12.272172,-0.007522,-0.000070,-4.056164,-0.119847,4.057934,81|82|83|84|85|86,0.5628
7017.717033,-0.350289,-14.941956,-0.004350,12.279777,-0.007372,-0.000041,-4.063769,-0.119997,4.065541,81|82|83|84|85|86,0.5633
7017.733699,-0.351822,-14.953383,-0.005097,12.294247,-0.007099,-0.000012,-4.072032,-0.121126,4.073833,81|82|83|84|85|86,0.5617
7017.767033,-0.350032,-14.969670,-0.005132,12.306752,-0.006945,-0.000048,-4.075682,-0.120341,4.077458,81|82|83|84|85|86,0.5610
7017.783699,-0.337177,-14.990440,-0.005938,12.306752,-0.006945,-0.000048,-4.064368,-0.113398,4.065950,81|82|83|84|85|86,0.5626
7017.800366,-0.337174,-14.990446,-0.005935,12.321353,-0.006472,-0.001027,-4.078965,-0.113869,4.080554,81|82|83|84|85|86,0.5642
7017.817033,-0.343978,-14.989075,-0.006246,12.329144,-0.005967,-0.001099,-4.087515,-0.118069,4.089220,81|82|83|84|85|86,0.5654
7017.833699,-0.334437,-15.014690,-0.006847,12.329144,-0.005967,-0.001099,-4.073574,-0.112936,4.075140,81|82|83|84|85|86,0.5639
7017.850366,-0.334439,-15.014689,-0.006848,12.336023,-0.006245,-0.001086,-4.080454,-0.112660,4.082009,81|82|83|84|85|86,0.5622
7017.867033,-0.331372,-15.040248,-0.005812,12.342621,-0.006669,-0.001012,-4.073155,-0.110621,4.074657,81|82|83|84|85|86,0.5624
7017.883699,-0.337012,-15.043401,-0.005738,12.349343,-0.007035,-0.000856,-4.078176,-0.113327,4.079750,81|82|83|84|85|86,0.5627
7017.900366,-0.342539,-15.049294,-0.005794,12.364437,-0.006814,-0.000554,-4.090077,-0.116563,4.091738,81|82|83|84|85|86,0.5628
7017.917033,-0.342539,-15.049293,-0.005798,12.371800,-0.006677,-0.000200,-4.097441,-0.116701,4.099102,81|82|83|84|85|86,0.5620
7017.933699,-0.340133,-15.079013,-0.005841,12.371800,-0.006677,-0.000200,-4.081284,-0.115454,4.082917,81|82|83|84|85|86,0.5626
7017.950366,-0.340133,-15.079013,-0.005842,12.378109,-0.006755,-0.000182,-4.087593,-0.115376,4.089221,81|82|83|84|85|86,0.5618
7017.967033,-0.337432,-15.089174,-0.004891,12.392258,-0.006877,0.000407,-4.096214,-0.113807,4.097795,81|82|83|84|85|86,0.5629
7017.983699,-0.338603,-15.085922,-0.004760,12.399700,-0.006780,0.000456,-4.105427,-0.114534,4.107024,81|82|83|84|85|86,0.5640
7018.000366,-0.341712,-15.108686,-0.005146,12.399700,-0.006780,0.000456,-4.093061,-0.116271,4.094713,81|82|83|84|85|86,0.5645
7018.017033,-0.340713,-15.123183,-0.005038,12.406929,-0.006746,0.000437,-4.092410,-0.115792,4.094048,81|82|83|84|85|86,0.5645
7018.033699,-0.340397,-15.137784,-0.005123,12.420163,-0.007174,0.000390,-4.097707,-0.115222,4.099327,81|82|83|84|85|86,0.5630
7018.050366,-0.341732,-15.141275,-0.005424,12.420163,-0.007174,0.000390,-4.095813,-0.115955,4.097454,81|82|83|84|85|86,0.5627
7018.067033,-0.341732,-15.141276,-0.005422,12.427367,-0.007323,0.000518,-4.103016,-0.115805,4.104650,81|82|83|84|85|86,0.5632
7018.083699,-0.349258,-15.149456,-0.005065,12.434794,-0.007399,0.000596,-4.106013,-0.119837,4.107761,81|82|83|84|85|86,0.5633
7018.100366,-0.349259,-15.149455,-0.005067,12.442116,-0.007496,0.000787,-4.113335,-0.119740,4.115078,81|82|83|84|85|86,0.5636
7018.117033,-0.351533,-15.174844,-0.004747,12.449086,-0.007229,0.001023,-4.106512,-0.121295,4.108303,81|82|83|84|85|86|87|88,0.5615
7018.133699,-0.347279,-15.181388,-0.004807,12.462392,-0.007159,0.000873,-4.116253,-0.119067,4.117975,81|82|83|84|85|86|87|88,0.5560
7018.150366,-0.346394,-15.181980,-0.003555,12.469812,-0.007179,0.000135,-4.123349,-0.118567,4.125053,81|83|84|85|86|87|88,0.5561
7018.167033,-0.339359,-15.185320,-0.003956,12.477243,-0.007190,-0.000040,-4.128950,-0.114740,4.130544,83|84|85|86|87|88,0.5648
7018.183699,-0.345562,-15.189778,-0.004138,12.484660,-0.007220,-0.000133,-4.133958,-0.118090,4.135644,83|84|85|86|87|88,0.5634
7018.200366,-0.343849,-15.206560,-0.004980,12.491499,-0.007559,-0.000176,-4.131673,-0.116854,4.133325,83|84|85|86|87|88,0.5618
7018.217033,-0.344270,-15.221113,-0.004994,12.491499,-0.007559,-0.000176,-4.123764,-0.117113,4.125427,83|84|85|86|87|88,0.5608
7018.233699,-0.349857,-15.239842,-0.005480,12.497530,-0.007711,-0.000146,-4.119628,-0.120036,4.121376,83|84|85|86|87|88,0.5610
7018.250366,-0.351824,-15.234550,-0.005579,12.504145,-0.008170,-0.000314,-4.129123,-0.120635,4.130885,83|84|85|86|87|88,0.5631
7018.267033,-0.351823,-15.234548,-0.005580,12.511513,-0.008053,-0.000417,-4.136492,-0.120751,4.138255,83|84|85|86|87|88,0.5653
7018.283699,-0.356306,-15.258032,-0.006397,12.518922,-0.008035,-0.000400,-4.131147,-0.123255,4.132985,83|84|85|86|87|88,0.5634
7018.300366,-0.356307,-15.258031,-0.006394,12.532896,-0.007038,-0.000325,-4.145122,-0.124252,4.146983,83|84|85|86|87|88,0.5628
7018.317033,-0.350980,-15.281409,-0.006640,12.539257,-0.007012,-0.000432,-4.138767,-0.121431,4.140548,83|84|85|86|87|88,0.5619
7018.333699,-0.342034,-15.286408,-0.006400,12.539257,-0.007012,-0.000432,-4.136031,-0.116580,4.137674,83|84|85|86|87|88,0.5629
7018.350366,-0.342209,-15.286534,-0.006045,12.546386,-0.007251,-0.000448,-4.143092,-0.116436,4.144728,83|84|85|86|87|88,0.5625
7018.383699,-0.346956,-15.310893,-0.005090,12.560662,-0.007509,-0.000798,-4.144139,-0.118809,4.145842,83|84|85|86|87|88,0.5641
7018.417033,-0.353987,-15.331464,-0.005485,12.574202,-0.008128,-0.001142,-4.146514,-0.122052,4.148310,83|84|85|86|87|88,0.5613
7018.433699,-0.353984,-15.331464,-0.005486,12.580943,-0.008725,-0.001546,-4.153255,-0.121454,4.155031,83|84|85|86|87|88,0.5620
7018.450366,-0.365142,-15.334549,-0.005721,12.588552,-0.008568,-0.001781,-4.159210,-0.127681,4.161169,83|84|85|86|87|88,0.5634
7018.467033,-0.365140,-15.334550,-0.005721,12.603577,-0.008322,-0.001915,-4.174235,-0.127926,4.176195,83|84|85|86|87|88,0.5639
7018.483699,-0.362490,-15.351774,-0.005751,12.609926,-0.007926,-0.001914,-4.171218,-0.126918,4.173148,83|84|85|86|87|88,0.5635
7018.500366,-0.360445,-15.367982,-0.006231,12.609926,-0.007926,-0.001914,-4.162405,-0.125840,4.164307,83|84|85|86|87|88,0.5616
7018.517033,-0.353278,-15.375578,-0.006078,12.616746,-0.008632,-0.001498,-4.165082,-0.121254,4.166846,83|84|85|86|87|88,0.5633
7018.533699,-0.364026,-15.381136,-0.004810,12.631587,-0.008764,-0.002681,-4.176924,-0.126975,4.178854,83|84|85|86|87|88,0.5642
7018.583699,-0.364024,-15.381134,-0.004814,12.653060,-0.009437,-0.003358,-4.198398,-0.126301,4.200297,83|84|85|86|87|88,0.5632
7018.600366,-0.361023,-15.425967,-0.006906,12.653060,-0.009437,-0.003358,-4.174027,-0.124762,4.175891,83|84|85|86|87|88,0.5639
7018.633699,-0.375362,-15.436955,-0.008176,12.666463,-0.009501,-0.003550,-4.181487,-0.132514,4.183586,83|84|85|86|87|88|89,0.5586
7018.650366,-0.375373,-15.437024,-0.008156,12.673930,-0.008930,-0.003382,-4.188917,-0.133091,4.191031,83|84|85|86|87|88|89,0.5648
7018.667033,-0.371310,-15.447572,-0.008095,12.687443,-0.007809,-0.003257,-4.196689,-0.132025,4.198765,84|85|86|87|88|89,0.5636
7018.683699,-0.351163,-15.478753,-0.008245,12.694403,-0.008408,-0.003331,-4.186662,-0.120540,4.188397,84|85|86|87|88|89,0.5631
7018.700366,-0.346866,-15.471032,-0.007927,12.694403,-0.008408,-0.003331,-4.190849,-0.118189,4.192515,84|85|86|87|88|89,0.5642
7018.717033,-0.346866,-15.471031,-0.007929,12.709012,-0.008412,-0.003518,-4.205458,-0.118185,4.207118,84|85|86|87|88|89,0.5667
7018.733699,-0.355188,-15.479271,-0.007977,12.716479,-0.008223,-0.003682,-4.208464,-0.122915,4.210259,84|85|86|87|88|89,0.5665
7018.767033,-0.352046,-15.521472,-0.009207,12.723634,-0.008341,-0.003603,-4.192677,-0.121176,4.194428,84|85|86|87|88|89,0.5664
7018.833699,-0.355728,-15.549910,-0.008505,12.759313,-0.008351,-0.003090,-4.212908,-0.123225,4.214710,84|85|86|87|88|89,0.5642
7018.850366,-0.353495,-15.566364,-0.008237,12.765650,-0.007868,-0.002922,-4.210299,-0.122529,4.212082,84|85|86|87|88|89,0.5633
7018.883699,-0.344448,-15.578443,-0.007899,12.778424,-0.008352,-0.003080,-4.216490,-0.117153,4.218117,84|85|86|87|88|89,0.5630
7018.900366,-0.347246,-15.574078,-0.007744,12.786103,-0.007836,-0.003305,-4.226546,-0.119180,4.228226,84|85|86|87|88|89,0.5651
7018.917033,-0.350280,-15.577446,-0.007706,12.786103,-0.007836,-0.003305,-4.224723,-0.120836,4.226450,84|85|86|87|88|89,0.5659
7018.933699,-0.342051,-15.594875,-0.007909,12.793908,-0.007257,-0.003376,-4.223038,-0.116979,4.224658,84|85|86|87|88|89,0.5665
7018.983699,-0.342052,-15.594876,-0.007909,12.821582,-0.008285,-0.003060,-4.250712,-0.115951,4.252293,84|85|86|87|88|89,0.5655
7019.000366,-0.338799,-15.626392,-0.007594,12.829189,-0.008118,-0.002861,-4.241184,-0.114415,4.242727,84|85|86|87|88|89,0.5648
7019.017033,-0.346760,-15.643529,-0.007521,12.829189,-0.008118,-0.002861,-4.231887,-0.118777,4.233554,84|85|86|87|88|89,0.5659
7019.033699,-0.346759,-15.643525,-0.007522,12.843330,-0.008221,-0.002445,-4.246030,-0.118674,4.247688,84|85|86|87|88|89,0.5646
7019.050366,-0.342346,-15.673742,-0.007374,12.843330,-0.008221,-0.002445,-4.229599,-0.116337,4.231198,84|85|86|87|88|89,0.5636
7019.083699,-0.342346,-15.673749,-0.007373,12.864584,-0.008285,-0.002168,-4.250849,-0.116274,4.252439,84|85|86|87|88|89,0.5647
7019.100366,-0.348704,-15.686497,-0.007072,12.871989,-0.008079,-0.002127,-4.251338,-0.119961,4.253031,84|85|86|87|88|89,0.5630
7019.133699,-0.341582,-15.718416,-0.007260,12.879053,-0.008230,-0.002298,-4.241041,-0.116006,4.242627,84|85|86|87|88|89|90|91,0.5622
7019.150366,-0.341581,-15.718416,-0.007259,12.885701,-0.008758,-0.002321,-4.247688,-0.115477,4.249258,84|85|86|87|88|89|90|91,0.5610
7019.167033,-0.351173,-15.727402,-0.007099,12.899986,-0.009073,-0.002254,-4.257110,-0.120394,4.258812,84|85|86|87|88|89|90|91,0.5609
7019.183699,-0.351157,-15.727426,-0.007075,12.907375,-0.009100,-0.002049,-4.264486,-0.120358,4.266184,84|85|86|87|88|89|90|91,0.5510
7019.200366,-0.355073,-15.732350,-0.006445,12.914505,-0.008947,-0.001848,-4.268948,-0.122649,4.270709,86|87|88|89|90|91,0.5623
7019.217033,-0.355320,-15.744875,-0.006424,12.921222,-0.008478,-0.001899,-4.268858,-0.123278,4.270638,86|87|88|89|90|91,0.5620
7019.233699,-0.355833,-15.757785,-0.006127,12.921222,-0.008478,-0.001899,-4.261843,-0.123583,4.263635,86|87|88|89|90|91,0.5624
7019.250366,-0.346424,-15.769881,-0.005911,12.927578,-0.009018,-0.001823,-4.261606,-0.117955,4.263238,86|87|88|89|90|91,0.5628
7019.283699,-0.346425,-15.769884,-0.005908,12.941675,-0.009125,-0.003833,-4.275701,-0.117849,4.277325,86|87|88|89|90|91,0.5642
7019.300366,-0.352548,-15.781617,-0.006774,12.956197,-0.009674,-0.004526,-4.283860,-0.120651,4.285559,86|87|88|89|90|91,0.5630
7019.317033,-0.349621,-15.800975,-0.008096,12.962539,-0.009829,-0.004700,-4.279675,-0.118945,4.281327,86|87|88|89|90|91,0.5606
7019.333699,-0.358112,-15.828123,-0.008687,12.962539,-0.009829,-0.004700,-4.264938,-0.123616,4.266729,86|87|88|89|90|91,0.5608
7019.383699,-0.365915,-15.833890,-0.009115,12.990292,-0.010089,-0.005228,-4.289573,-0.127609,4.291471,86|87|88|89|90|91,0.5627
7019.417033,-0.360243,-15.867218,-0.009271,13.003480,-0.009358,-0.005293,-4.284636,-0.125325,4.286469,86|87|88|89|90|91,0.5601
7019.433699,-0.360244,-15.867218,-0.009271,13.010309,-0.009786,-0.005244,-4.291465,-0.124899,4.293282,86|87|88|89|90|91,0.5608
7019.450366,-0.350227,-15.870860,-0.009390,13.017782,-0.009857,-0.005193,-4.296938,-0.119391,4.298596,86|87|88|89|90|91,0.5621
7019.467033,-0.355457,-15.878515,-0.009313,13.017782,-0.009857,-0.005193,-4.292789,-0.122249,4.294529,86|87|88|89|90|91,0.5626
7019.483699,-0.355458,-15.878515,-0.009316,13.032608,-0.010396,-0.005556,-4.307614,-0.121710,4.309333,86|87|88|89|90|91,0.5634
7019.500366,-0.357465,-15.909141,-0.009659,13.032608,-0.010396,-0.005556,-4.290975,-0.122864,4.292733,86|87|88|89|90|91,0.5625
7019.517033,-0.363142,-15.919076,-0.010226,13.039140,-0.010631,-0.005704,-4.292118,-0.125735,4.293960,86|87|88|89|90|91,0.5624
7019.533699,-0.366100,-15.916973,-0.010864,13.045618,-0.011131,-0.005707,-4.299745,-0.126837,4.301615,86|87|88|89|90|91,0.5641
7019.550366,-0.366099,-15.916977,-0.010860,13.060412,-0.010895,-0.005873,-4.314537,-0.127074,4.316408,86|87|88|89|90|91,0.5650
7019.567033,-0.372838,-15.927225,-0.011314,13.068164,-0.010712,-0.005940,-4.316734,-0.130940,4.318719,86|87|88|89|90|91,0.5664
7019.583699,-0.367926,-15.946472,-0.011697,13.068164,-0.010712,-0.005940,-4.306263,-0.128310,4.308174,86|87|88|89|90|91,0.5657
7019.600366,-0.367926,-15.946472,-0.011700,13.081662,-0.010889,-0.006240,-4.319761,-0.128134,4.321661,86|87|88|89|90|91,0.5646
7019.617033,-0.365186,-15.964844,-0.011142,13.081662,-0.010889,-0.006240,-4.309771,-0.126682,4.311633,86|87|88|89|90|91,0.5655
7019.633699,-0.366030,-15.967393,-0.011759,13.095867,-0.011219,-0.006803,-4.322592,-0.126815,4.324452,86|87|88|89|90|91,0.5649
7019.650366,-0.367362,-15.967790,-0.011352,13.095867,-0.011219,-0.006803,-4.322379,-0.127540,4.324260,86|87|88|89|90|91,0.5636
7019.667033,-0.369252,-15.993058,-0.011034,13.103514,-0.011094,-0.006983,-4.316298,-0.128745,4.318217,86|87|88|89|90|91|92,0.5580
7019.683699,-0.369249,-15.993100,-0.011008,13.117970,-0.012027,-0.007290,-4.330732,-0.127810,4.332617,86|87|88|89|90|91|92,0.5572
7019.700366,-0.367022,-16.008960,-0.010790,13.124314,-0.012091,-0.007308,-4.328451,-0.126569,4.330301,87|88|89|90|91|92,0.5626
7019.717033,-0.372987,-16.016216,-0.011619,13.130961,-0.012245,-0.007335,-4.331167,-0.129671,4.333107,87|88|89|90|91|92,0.5629
7019.733699,-0.379240,-16.022393,-0.011976,13.130961,-0.012245,-0.007335,-4.327823,-0.133082,4.329868,87|88|89|90|91|92,0.5636
7019.750366,-0.380318,-16.028011,-0.011982,13.138468,-0.011639,-0.007115,-4.332279,-0.134286,4.334360,87|88|89|90|91|92,0.5645
7019.783699,-0.360502,-16.062559,-0.011104,13.152399,-0.010544,-0.006809,-4.327393,-0.124682,4.329189,87|88|89|90|91|92,0.5613
7019.800366,-0.360502,-16.062564,-0.011101,13.166058,-0.011547,-0.006722,-4.341050,-0.123679,4.342811,87|88|89|90|91|92,0.5635
7019.817033,-0.354609,-16.056776,-0.010913,13.173881,-0.011233,-0.006803,-4.352006,-0.120778,4.353681,87|88|89|90|91|92,0.5646
7019.833699,-0.367412,-16.067408,-0.010765,13.173881,-0.011233,-0.006803,-4.346254,-0.127758,4.348131,87|88|89|90|91|92,0.5657
7019.850366,-0.362224,-16.086754,-0.010460,13.188898,-0.011136,-0.006908,-4.350746,-0.125076,4.352544,87|88|89|90|91|92,0.5648
7019.867033,-0.362224,-16.086755,-0.010459,13.195568,-0.011199,-0.006874,-4.357416,-0.125013,4.359209,87|88|89|90|91|92,0.5636
7019.883699,-0.359981,-16.114528,-0.011231,13.202248,-0.011572,-0.006833,-4.348998,-0.123478,4.350750,87|88|89|90|91|92,0.5630
7019.900366,-0.359907,-16.113498,-0.010988,13.202248,-0.011572,-0.006833,-4.349557,-0.123435,4.351308,87|88|89|90|91|92,0.5636
7019.917033,-0.364467,-16.117146,-0.010802,13.217287,-0.011266,-0.006695,-4.362622,-0.126228,4.364448,87|88|89|90|91|92,0.5653
7019.933699,-0.364414,-16.129144,-0.010664,13.217287,-0.011266,-0.006695,-4.356102,-0.126223,4.357930,87|88|89|90|91|92,0.5658
7019.950366,-0.364417,-16.129147,-0.010667,13.231275,-0.010897,-0.006317,-4.370088,-0.126594,4.371921,87|88|89|90|91|92,0.5634
7019.967033,-0.360016,-16.147795,-0.011119,13.237348,-0.010926,-0.006134,-4.366017,-0.124212,4.367784,87|88|89|90|91|92,0.5616
7019.983699,-0.356939,-16.162074,-0.011191,13.243730,-0.011507,-0.006130,-4.364633,-0.121988,4.366337,87|88|89|90|91|92,0.5624
7020.000366,-0.352760,-16.159169,-0.010520,13.243730,-0.011507,-0.006130,-4.366203,-0.119711,4.367844,87|88|89|90|91|92,0.5631
7020.017033,-0.360403,-16.158501,-0.010793,13.250813,-0.011249,-0.007077,-4.373664,-0.124121,4.375425,87|88|89|90|91|92,0.5642
7020.033699,-0.352149,-16.174992,-0.011372,13.258386,-0.010716,-0.007135,-4.372259,-0.120203,4.373911,87|88|89|90|91|92,0.5628
7020.067033,-0.340868,-16.206236,-0.011349,13.278885,-0.011379,-0.006922,-4.375754,-0.113473,4.377225,87|88|89|90|91|92,0.5627
7020.100366,-0.340866,-16.206241,-0.011345,13.293610,-0.011678,-0.006987,-4.390477,-0.113172,4.391935,87|88|89|90|91|92,0.5635
7020.117033,-0.355925,-16.224054,-0.011885,13.293610,-0.011678,-0.006987,-4.380827,-0.121393,4.382508,87|88|89|90|91|92,0.5640
7020.133699,-0.353032,-16.242037,-0.010956,13.301082,-0.011601,-0.006826,-4.378519,-0.119935,4.380161,87|88|89|90|91|92,0.5637
7020.150366,-0.351288,-16.256886,-0.010827,13.307856,-0.011707,-0.006630,-4.377220,-0.118912,4.378835,87|88|89|90|91|92,0.5628
7020.167033,-0.351288,-16.256886,-0.010828,13.321243,-0.012240,-0.006427,-4.390606,-0.118379,4.392202,87|88|89|90|91|92,0.5623
7020.183699,-0.351480,-16.258621,-0.010486,13.328825,-0.011988,-0.006323,-4.397246,-0.118739,4.398849,87|88|89|90|91|92,0.5623
7020.200366,-0.353879,-16.258945,-0.010559,13.336459,-0.011895,-0.006235,-4.404708,-0.120136,4.406346,87|88|89|90|91|92,0.5644
7020.217033,-0.353944,-16.285820,-0.010280,13.336459,-0.011895,-0.006235,-4.390103,-0.120227,4.391749,87|88|89|90|91|92|93|94,0.5535
7020.250366,-0.353726,-16.286889,-0.010107,13.356895,-0.012754,-0.006257,-4.409958,-0.119252,4.411570,89|90|91|92|93|94,0.5624
7020.267033,-0.357850,-16.313982,-0.010251,13.356895,-0.012754,-0.006257,-4.395242,-0.121549,4.396922,89|90|91|92|93|94,0.5641
7020.283699,-0.357849,-16.313985,-0.010253,13.364267,-0.012798,-0.006077,-4.402612,-0.121505,4.404289,89|90|91|92|93|94,0.5653
7020.300366,-0.362479,-16.313809,-0.010641,13.379076,-0.012820,-0.005952,-4.417526,-0.123998,4.419266,89|90|91|92|93|94,0.5648
7020.317033,-0.363157,-16.326790,-0.010119,13.385786,-0.012237,-0.005848,-4.417182,-0.124976,4.418950,89|90|91|92|93|94,0.5628
7020.333699,-0.363530,-16.339815,-0.009616,13.392198,-0.012299,-0.005757,-4.416517,-0.125144,4.418289,89|90|91|92|93|94,0.5630
7020.350366,-0.353983,-16.356508,-0.009333,13.392198,-0.012299,-0.005757,-4.407425,-0.119990,4.409058,89|90|91|92|93|94,0.5637
7020.367033,-0.353983,-16.356511,-0.009336,13.406674,-0.012642,-0.006005,-4.421899,-0.119647,4.423518,89|90|91|92|93|94,0.5647
7020.383699,-0.354697,-16.358106,-0.009847,13.413901,-0.012591,-0.005949,-4.428261,-0.120089,4.429889,89|90|91|92|93|94,0.5646
7020.400366,-0.357461,-16.383686,-0.009351,13.413901,-0.012591,-0.005949,-4.414365,-0.121644,4.416040,89|90|91|92|93|94,0.5624
7020.417033,-0.357461,-16.383684,-0.009349,13.427721,-0.013272,-0.006094,-4.428186,-0.120963,4.429838,89|90|91|92|93|94,0.5608
7020.433699,-0.358878,-16.408563,-0.009137,13.427721,-0.013272,-0.006094,-4.414668,-0.121784,4.416347,89|90|91|92|93|94,0.5619
7020.450366,-0.358878,-16.408565,-0.009138,13.433895,-0.013556,-0.006050,-4.420840,-0.121501,4.422509,89|90|91|92|93|94,0.5630
7020.467033,-0.368990,-16.407162,-0.009191,13.448060,-0.013737,-0.006268,-4.435789,-0.126812,4.437601,89|90|91|92|93|94,0.5638
7020.483699,-0.372770,-16.415584,-0.009046,13.448060,-0.013737,-0.006268,-4.431219,-0.128883,4.433093,89|90|91|92|93|94,0.5646
7020.500366,-0.369879,-16.435226,-0.009461,13.462526,-0.012997,-0.006132,-4.435004,-0.128092,4.436854,89|90|91|92|93|94,0.5632
7020.517033,-0.369878,-16.435224,-0.009459,13.462526,-0.012997,-0.006132,-4.435005,-0.128092,4.436855,89|90|91|92|93|94,0.5618
7020.533699,-0.366741,-16.448036,-0.009899,13.475660,-0.013071,-0.006021,-4.441170,-0.126340,4.442966,89|90|91|92|93|94,0.5620
7020.550366,-0.354327,-16.456384,-0.009270,13.475660,-0.013071,-0.006021,-4.436607,-0.119611,4.438219,89|90|91|92|93|94,0.5624
7020.567033,-0.354326,-16.456385,-0.009270,13.490464,-0.013202,-0.006042,-4.451411,-0.119479,4.453014,89|90|91|92|93|94,0.5636
7020.600366,-0.360157,-16.459161,-0.009271,13.504739,-0.013855,-0.006243,-4.464189,-0.122000,4.465856,89|90|91|92|93|94,0.5630
7020.617033,-0.361196,-16.488145,-0.009912,13.504739,-0.013855,-0.006243,-4.448439,-0.122625,4.450129,89|90|91|92|93|94,0.5632
7020.633699,-0.363021,-16.499847,-0.009698,13.518233,-0.014618,-0.006433,-4.455577,-0.122878,4.457271,89|90|91|92|93|94,0.5635
7020.650366,-0.375387,-16.501336,-0.009840,13.518233,-0.014618,-0.006433,-4.454793,-0.129601,4.456678,89|90|91|92|93|94,0.5638
7020.683699,-0.374534,-16.530359,-0.010996,13.540700,-0.013937,-0.006564,-4.461486,-0.129879,4.463376,89|90|91|92|93|94,0.5640
7020.700366,-0.374536,-16.530359,-0.010997,13.547183,-0.014036,-0.006610,-4.467968,-0.129781,4.469853,89|90|91|92|93|94,0.5628
7020.717033,-0.369598,-16.551720,-0.011105,13.547183,-0.014036,-0.006610,-4.456349,-0.127141,4.458162,89|90|91|92|93|94|95,0.5639
7020.750366,-0.378877,-16.557401,-0.010653,13.569118,-0.014546,-0.007030,-4.475215,-0.131686,4.477152,89|90|91|92|93|94|95,0.5592
7020.767033,-0.376166,-16.576693,-0.010951,13.569118,-0.014546,-0.007030,-4.464725,-0.130252,4.466625,90|91|92|93|94|95,0.5649
7020.783699,-0.376165,-16.576691,-0.010951,13.583243,-0.015250,-0.007247,-4.478852,-0.129548,4.480725,90|91|92|93|94|95,0.5638
7020.800366,-0.375122,-16.591896,-0.010955,13.583243,-0.015250,-0.007247,-4.470586,-0.129012,4.472447,90|91|92|93|94|95,0.5619
7020.817033,-0.383968,-16.606164,-0.010875,13.596212,-0.015635,-0.007116,-4.475819,-0.133464,4.477808,90|91|92|93|94|95,0.5619
7020.833699,-0.384173,-16.606017,-0.011010,13.596212,-0.015635,-0.007116,-4.475900,-0.133575,4.477892,90|91|92|93|94|95,0.5627
7020.850366,-0.384174,-16.606017,-0.011012,13.611461,-0.014430,-0.006687,-4.491149,-0.134781,4.493170,90|91|92|93|94|95,0.5628
7020.867033,-0.380114,-16.630104,-0.010534,13.611461,-0.014430,-0.006687,-4.478049,-0.132624,4.480013,90|91|92|93|94|95,0.5622
7020.883700,-0.380113,-16.630104,-0.010532,13.624273,-0.013965,-0.006214,-4.490861,-0.133088,4.492833,90|91|92|93|94|95,0.5610
7020.900366,-0.357927,-16.648257,-0.011256,13.624273,-0.013965,-0.006214,-4.480950,-0.121068,4.482585,90|91|92|93|94|95,0.5619
7020.917033,-0.363559,-16.643899,-0.011015,13.638920,-0.014344,-0.006152,-4.497977,-0.123741,4.499679,90|91|92|93|94|95,0.5635
7020.933700,-0.363560,-16.643899,-0.011016,13.646521,-0.014291,-0.006190,-4.505578,-0.123794,4.507278,90|91|92|93|94|95,0.5648
7020.950366,-0.367962,-16.670164,-0.011105,13.646521,-0.014291,-0.006190,-4.491313,-0.126241,4.493086,90|91|92|93|94|95,0.5632
7020.967033,-0.367961,-16.670162,-0.011102,13.660274,-0.013852,-0.005885,-4.505067,-0.126679,4.506848,90|91|92|93|94|95,0.5624
7020.983700,-0.366652,-16.687044,-0.010441,13.660274,-0.013852,-0.005885,-4.495889,-0.126002,4.497655,90|91|92|93|94|95,0.5624
7021.000366,-0.362161,-16.698579,-0.010724,13.674476,-0.014735,-0.005619,-4.503813,-0.122703,4.505484,90|91|92|93|94|95,0.5631
7021.017033,-0.367852,-16.699195,-0.010720,13.682292,-0.014620,-0.005563,-4.511306,-0.125912,4.513063,90|91|92|93|94|95,0.5636
7021.050366,-0.368641,-16.731404,-0.010184,13.689822,-0.014713,-0.005538,-4.501333,-0.126314,4.503105,90|91|92|93|94|95,0.5623
7021.067033,-0.369254,-16.748293,-0.010160,13.696501,-0.013885,-0.005079,-4.498834,-0.127510,4.500641,90|91|92|93|94|95,0.5619
7021.083700,-0.355439,-16.751064,-0.009737,13.708937,-0.014195,-0.005072,-4.509736,-0.119697,4.511324,90|91|92|93|94|95,0.5626
7021.117033,-0.359187,-16.746382,-0.010002,13.723627,-0.013791,-0.005562,-4.526978,-0.122129,4.528625,90|91|92|93|94|95,0.5641
7021.150366,-0.359186,-16.746381,-0.010000,13.738610,-0.013778,-0.005621,-4.541961,-0.122142,4.543603,90|91|92|93|94|95,0.5641
7021.167033,-0.345795,-16.795147,-0.009826,13.738610,-0.013778,-0.005621,-4.515430,-0.114964,4.516894,90|91|92|93|94|95,0.5622
7021.183700,-0.349858,-16.798529,-0.009694,13.745231,-0.014063,-0.005411,-4.520222,-0.116894,4.521734,90|91|92|93|94|95,0.5631
7021.200366,-0.353167,-16.800441,-0.009349,13.752060,-0.014451,-0.005176,-4.526019,-0.118308,4.527565,90|91|92|93|94|95,0.5628
7021.233700,-0.353166,-16.800439,-0.009342,13.767315,-0.014356,-0.004853,-4.541276,-0.118403,4.542819,90|91|92|93|94|95,0.5641
7021.283700,-0.354387,-16.844068,-0.008805,13.787305,-0.014691,-0.003475,-4.537557,-0.118821,4.539112,92|93|94|95|96|97,0.5641
7021.300366,-0.354387,-16.844068,-0.008804,13.794752,-0.014506,-0.002972,-4.545003,-0.119006,4.546561,92|93|94|95|96|97,0.5645
7021.317033,-0.359593,-16.869586,-0.007641,13.802138,-0.014424,-0.002814,-4.538532,-0.121970,4.540170,92|93|94|95|96|97,0.5633
7021.333700,-0.358584,-16.884079,-0.007522,13.809376,-0.014382,-0.002831,-4.537891,-0.121493,4.539517,92|93|94|95|96|97,0.5625
7021.350366,-0.357923,-16.898343,-0.007766,13.822452,-0.014883,-0.002044,-4.543213,-0.120663,4.544815,92|93|94|95|96|97,0.5611
7021.367033,-0.357860,-16.897730,-0.007135,13.822452,-0.014883,-0.002044,-4.543546,-0.120627,4.545147,92|93|94|95|96|97,0.5627
7021.383700,-0.362127,-16.895720,-0.006814,13.829781,-0.015130,-0.001891,-4.551976,-0.122695,4.553630,92|93|94|95|96|97,0.5640
7021.400366,-0.362127,-16.895720,-0.006814,13.837278,-0.015248,-0.001791,-4.559474,-0.122577,4.561121,92|93|94|95|96|97,0.5631
7021.417033,-0.367728,-16.921750,-0.006662,13.844650,-0.015384,-0.001697,-4.552710,-0.125538,4.554441,92|93|94|95|96|97,0.5637
7021.433700,-0.367728,-16.921749,-0.006661,13.858246,-0.014529,-0.001518,-4.566308,-0.126393,4.568057,92|93|94|95|96|97,0.5637
7021.450366,-0.368619,-16.934300,-0.006243,13.864827,-0.015046,-0.001741,-4.566069,-0.126387,4.567818,92|93|94|95|96|97,0.5639
7021.467033,-0.356556,-16.944230,-0.006400,13.872361,-0.015027,-0.002104,-4.568182,-0.119870,4.569754,92|93|94|95|96|97,0.5646
7021.483700,-0.356555,-16.944226,-0.006401,13.872361,-0.015027,-0.002104,-4.568184,-0.119870,4.569756,92|93|94|95|96|97,0.5657
7021.500366,-0.362948,-16.948332,-0.006844,13.887326,-0.015042,-0.002164,-4.580930,-0.123338,4.582590,92|93|94|95|96|97,0.5644
7021.517033,-0.362534,-16.980588,-0.007546,13.887326,-0.015042,-0.002164,-4.563399,-0.123179,4.565061,92|93|94|95|96|97,0.5632
7021.550366,-0.364777,-16.993410,-0.007315,13.899967,-0.015491,-0.002026,-4.569076,-0.123975,4.570758,92|93|94|95|96|97,0.5622
7021.567033,-0.368676,-16.990491,-0.007354,13.906750,-0.015993,-0.002208,-4.577453,-0.125587,4.579176,92|93|94|95|96|97,0.5630
7021.583700,-0.375296,-16.998591,-0.007158,13.914198,-0.015932,-0.002238,-4.580513,-0.129262,4.582337,92|93|94|95|96|97,0.5656
7021.600366,-0.374315,-17.016582,-0.007615,13.921559,-0.015854,-0.002199,-4.578095,-0.128844,4.579907,92|93|94|95|96|97,0.5647
7021.617033,-0.373188,-17.029940,-0.007539,13.928713,-0.015449,-0.002143,-4.577986,-0.128663,4.579794,92|93|94|95|96|97,0.5642
7021.667033,-0.373186,-17.029942,-0.007540,13.948882,-0.015040,-0.002055,-4.598155,-0.129071,4.599966,92|93|94|95|96|97,0.5624
7021.683700,-0.361976,-17.054257,-0.006784,13.956147,-0.015184,-0.001970,-4.592182,-0.122885,4.593826,92|93|94|95|96|97,0.5634
7021.733700,-0.367042,-17.086187,-0.006099,13.976872,-0.015907,-0.002009,-4.595564,-0.124981,4.597263,92|93|94|95|96|97,0.5627
7021.767033,-0.367043,-17.086189,-0.006097,13.999463,-0.016372,-0.002314,-4.618154,-0.124517,4.619832,92|93|94|95|96|97,0.5631
7021.783700,-0.379540,-17.093339,-0.005872,14.006707,-0.015839,-0.002455,-4.621538,-0.131857,4.623419,92|93|94|95|96|97|98,0.5544
7021.800366,-0.378529,-17.112562,-0.006545,14.006707,-0.015839,-0.002455,-4.611088,-0.131347,4.612959,93|94|95|96|97|98,0.5623
7021.817033,-0.379870,-17.130380,-0.006643,14.013465,-0.015707,-0.002808,-4.608166,-0.132244,4.610063,93|94|95|96|97|98,0.5624
7021.850366,-0.372033,-17.137835,-0.006991,14.027444,-0.016347,-0.003235,-4.618077,-0.127360,4.619833,93|94|95|96|97|98,0.5640
7021.867033,-0.379389,-17.140499,-0.007585,14.042335,-0.016367,-0.003531,-4.631535,-0.131344,4.633397,93|94|95|96|97|98,0.5628
7021.883700,-0.379623,-17.157676,-0.008005,14.049364,-0.016769,-0.003798,-4.629230,-0.131104,4.631086,93|94|95|96|97|98,0.5623
7021.900366,-0.379444,-17.171767,-0.008041,14.055897,-0.016862,-0.003800,-4.628104,-0.130943,4.629956,93|94|95|96|97|98,0.5614
7021.917033,-0.379331,-17.186194,-0.008061,14.062603,-0.017387,-0.003848,-4.626969,-0.130386,4.628806,93|94|95|96|97|98,0.5633
7021.933700,-0.386203,-17.190096,-0.008087,14.062603,-0.017387,-0.003848,-4.624863,-0.134129,4.626807,93|94|95|96|97|98,0.5643
7021.950366,-0.392768,-17.195436,-0.008180,14.070102,-0.017056,-0.004033,-4.629473,-0.138038,4.631530,93|94|95|96|97|98,0.5646
7021.967033,-0.386886,-17.214843,-0.008693,14.077695,-0.016472,-0.003889,-4.626507,-0.135466,4.628489,93|94|95|96|97|98,0.5632
7021.983700,-0.386886,-17.214842,-0.008691,14.091158,-0.015099,-0.003920,-4.639970,-0.136839,4.641987,93|94|95|96|97|98,0.5624
7022.000366,-0.377988,-17.229374,-0.008530,14.097678,-0.015931,-0.003696,-4.638574,-0.131200,4.640429,93|94|95|96|97|98,0.5620
7022.033700,-0.362944,-17.237158,-0.008024,14.112776,-0.016096,-0.004217,-4.649411,-0.122875,4.651035,93|94|95|96|97|98,0.5644
7022.050366,-0.370201,-17.235507,-0.007704,14.120301,-0.016079,-0.004155,-4.657848,-0.126833,4.659575,93|94|95|96|97|98,0.5643
7022.067033,-0.372253,-17.250232,-0.008019,14.127226,-0.015617,-0.004088,-4.656775,-0.128441,4.658546,93|94|95|96|97|98,0.5634
7022.083700,-0.369491,-17.281619,-0.008580,14.127226,-0.015617,-0.004088,-4.639711,-0.127004,4.641449,93|94|95|96|97|98,0.5634
7022.117033,-0.369167,-17.282883,-0.009282,14.148417,-0.016358,-0.004206,-4.660214,-0.126091,4.661919,93|94|95|96|97|98,0.5644
7022.133700,-0.373725,-17.294149,-0.009265,14.148417,-0.016358,-0.004206,-4.654100,-0.128591,4.655876,93|94|95|96|97|98,0.5641
7022.150366,-0.373726,-17.294147,-0.009268,14.163158,-0.015880,-0.004119,-4.668843,-0.129069,4.670627,93|94|95|96|97|98,0.5630
7022.167033,-0.372310,-17.311471,-0.009414,14.169895,-0.015104,-0.004108,-4.666162,-0.129111,4.667948,93|94|95|96|97|98,0.5628
7022.183700,-0.364570,-17.333893,-0.008960,14.169895,-0.015104,-0.004108,-4.653960,-0.124951,4.655637,93|94|95|96|97|98,0.5621
7022.200366,-0.353457,-17.338071,-0.008764,14.176233,-0.015269,-0.003904,-4.658004,-0.118755,4.659518,93|94|95|96|97|98,0.5619
7022.217033,-0.353456,-17.338073,-0.008763,14.190932,-0.015551,-0.004412,-4.672703,-0.118472,4.674204,93|94|95|96|97|98,0.5635
7022.233700,-0.362957,-17.341847,-0.008248,14.190932,-0.015551,-0.004412,-4.670671,-0.123643,4.672307,93|94|95|96|97|98,0.5641
7022.250366,-0.362957,-17.341847,-0.008251,14.205447,-0.015011,-0.004081,-4.685186,-0.124183,4.686831,93|94|95|96|97|98,0.5641
7022.267033,-0.351407,-17.381367,-0.008730,14.205447,-0.015011,-0.004081,-4.663684,-0.117987,4.665176,93|94|95|96|97|98|99|100,0.5627
7022.283700,-0.348958,-17.381418,-0.008366,14.211613,-0.015098,-0.003923,-4.669817,-0.116569,4.671272,93|94|95|96|97|98|99|100,0.5629
7022.300366,-0.350741,-17.380444,-0.008045,14.218696,-0.015907,-0.003631,-4.677434,-0.116728,4.678890,93|94|95|96|97|98|99|100,0.5635
7022.317033,-0.350899,-17.381172,-0.007916,14.233829,-0.016034,-0.003074,-4.692171,-0.116688,4.693622,95|96|97|98|99|100,0.5628
7022.333700,-0.362460,-17.393829,-0.007629,14.233829,-0.016034,-0.003074,-4.685316,-0.122998,4.686930,95|96|97|98|99|100,0.5635
7022.383700,-0.357403,-17.433901,-0.006260,14.261627,-0.015938,-0.001606,-4.691325,-0.120427,4.692871,95|96|97|98|99|100,0.5654
7022.400366,-0.357405,-17.433903,-0.006259,14.261627,-0.015938,-0.001606,-4.691324,-0.120428,4.692870,95|96|97|98|99|100,0.5660
7022.417033,-0.363283,-17.452490,-0.005204,14.276369,-0.015856,-0.001462,-4.695977,-0.123743,4.697607,95|96|97|98|99|100,0.5653
7022.433700,-0.362727,-17.465846,-0.005637,14.276369,-0.015856,-0.001462,-4.688717,-0.123469,4.690343,95|96|97|98|99|100,0.5649
7022.450366,-0.362101,-17.479217,-0.005488,14.283610,-0.015694,-0.001291,-4.688690,-0.123318,4.690312,95|96|97|98|99|100,0.5638
7022.500366,-0.362106,-17.479224,-0.005479,14.304310,-0.016556,-0.001313,-4.709386,-0.122459,4.710978,95|96|97|98|99|100,0.5643
7022.517033,-0.370545,-17.504352,-0.006157,14.311859,-0.016814,-0.001319,-4.703296,-0.126839,4.705005,95|96|97|98|99|100,0.5634
7022.533700,-0.370544,-17.504351,-0.006159,14.318978,-0.016489,-0.001203,-4.710415,-0.127163,4.712132,95|96|97|98|99|100,0.5621
7022.550366,-0.368583,-17.525423,-0.006337,14.325867,-0.016064,-0.001084,-4.705848,-0.126566,4.707550,95|96|97|98|99|100,0.5620
7022.583700,-0.368584,-17.525426,-0.006337,14.346900,-0.016213,-0.001173,-4.726880,-0.126417,4.728571,95|96|97|98|99|100,0.5633
7022.617033,-0.365203,-17.561827,-0.006255,14.354183,-0.016222,-0.001198,-4.714373,-0.124646,4.716020,95|96|97|98|99|100,0.5635
7022.633700,-0.365210,-17.575142,-0.006490,14.361271,-0.016180,-0.001208,-4.714224,-0.124719,4.715874,95|96|97|98|99|100,0.5616
7022.667033,-0.365211,-17.575143,-0.006490,14.374049,-0.017065,-0.001230,-4.727002,-0.123834,4.728624,95|96|97|98|99|100,0.5627
7022.700366,-0.368321,-17.575452,-0.006368,14.396015,-0.016826,-0.001041,-4.748807,-0.125764,4.750472,95|96|97|98|99|100,0.5639
7022.717033,-0.377520,-17.600154,-0.006504,14.396015,-0.016826,-0.001041,-4.735400,-0.130815,4.737207,95|96|97|98|99|100,0.5632
7022.733700,-0.377444,-17.613625,-0.005929,14.409710,-0.016017,-0.001304,-4.741775,-0.131610,4.743601,95|96|97|98|99|100,0.5624
7022.750366,-0.373611,-17.623240,-0.006198,14.416209,-0.016061,-0.001284,-4.743040,-0.129503,4.744807,95|96|97|98|99|100,0.5621
7022.767033,-0.363321,-17.636174,-0.005663,14.416209,-0.016061,-0.001284,-4.735989,-0.123937,4.737610,95|96|97|98|99|100,0.5618
7022.783700,-0.363320,-17.636175,-0.005661,14.423479,-0.016307,-0.001276,-4.743259,-0.123690,4.744871,95|96|97|98|99|100,0.5629
7022.800366,-0.366771,-17.653223,-0.005429,14.430770,-0.016574,-0.001512,-4.741292,-0.125335,4.742948,95|96|97|98|99|100|101,0.5632
7022.833700,-0.366587,-17.652935,-0.004921,14.451412,-0.017496,-0.001831,-4.762090,-0.124311,4.763712,96|97|98|99|100|101,0.5630
7022.850366,-0.369758,-17.675013,-0.006015,14.451412,-0.017496,-0.001831,-4.750098,-0.126080,4.751771,96|97|98|99|100|101,0.5638
7022.867033,-0.382002,-17.678505,-0.005921,14.459158,-0.017509,-0.001802,-4.755971,-0.132729,4.757822,96|97|98|99|100|101,0.5644
7022.883700,-0.382060,-17.697671,-0.005990,14.466411,-0.017576,-0.001796,-4.752808,-0.132733,4.754661,96|97|98|99|100|101,0.5634
7022.900366,-0.383260,-17.713021,-0.005678,14.473454,-0.017269,-0.001626,-4.751511,-0.133724,4.753393,96|97|98|99|100|101,0.5643
7022.917033,-0.383260,-17.713020,-0.005677,14.486491,-0.017418,-0.001990,-4.764548,-0.133575,4.766420,96|97|98|99|100|101,0.5638
7022.933700,-0.378051,-17.722038,-0.005717,14.486491,-0.017418,-0.001990,-4.759636,-0.130762,4.761432,96|97|98|99|100|101,0.5632
7022.950366,-0.381559,-17.724918,-0.006253,14.501230,-0.017749,-0.002291,-4.772818,-0.132344,4.774652,96|97|98|99|100|101,0.5651
7022.967033,-0.381559,-17.724916,-0.006254,14.508725,-0.017893,-0.002526,-4.780314,-0.132200,4.782142,96|97|98|99|100|101,0.5648
7022.983700,-0.385090,-17.757013,-0.006395,14.508725,-0.017893,-0.002526,-4.762877,-0.134185,4.764767,96|97|98|99|100|101,0.5645
7023.000366,-0.385087,-17.757011,-0.006392,14.522221,-0.017939,-0.003051,-4.776375,-0.134138,4.778258,96|97|98|99|100|101,0.5635
7023.033700,-0.388599,-17.774453,-0.007285,14.528943,-0.018511,-0.003058,-4.773624,-0.135510,4.775547,96|97|98|99|100|101,0.5641
7023.067033,-0.388600,-17.774454,-0.007289,14.544053,-0.017925,-0.003199,-4.788734,-0.136097,4.790667,96|97|98|99|100|101,0.5652
7023.083700,-0.386406,-17.812306,-0.007252,14.551061,-0.017064,-0.003347,-4.775166,-0.135843,4.777098,96|97|98|99|100|101,0.5635
7023.100366,-0.374422,-17.818321,-0.007567,14.564135,-0.016849,-0.003266,-4.784946,-0.129558,4.786700,96|97|98|99|100|101,0.5637
7023.133700,-0.372644,-17.819426,-0.007501,14.571516,-0.017150,-0.003586,-4.791722,-0.128292,4.793440,96|97|98|99|100|101,0.5648
7023.150366,-0.372644,-17.819426,-0.007501,14.586736,-0.017173,-0.003649,-4.806943,-0.128269,4.808654,96|97|98|99|100|101,0.5658
7023.167033,-0.375679,-17.833452,-0.007736,14.593855,-0.016555,-0.003457,-4.806445,-0.130566,4.808218,96|97|98|99|100|101,0.5665
7023.183700,-0.375411,-17.865524,-0.007883,14.593855,-0.016555,-0.003457,-4.789014,-0.130486,4.790792,96|97|98|99|100|101,0.5651
7023.200366,-0.375411,-17.865525,-0.007884,14.600350,-0.016746,-0.003313,-4.795509,-0.130295,4.797279,96|97|98|99|100|101,0.5648
7023.217033,-0.365656,-17.873763,-0.007482,14.614829,-0.017319,-0.003331,-4.805491,-0.124438,4.807102,96|97|98|99|100|101,0.5647
7023.233700,-0.375865,-17.878809,-0.007477,14.614829,-0.017319,-0.003331,-4.802770,-0.129996,4.804529,96|97|98|99|100|101,0.5637
7023.250366,-0.375865,-17.878811,-0.007478,14.629700,-0.017054,-0.003227,-4.817639,-0.130262,4.819400,96|97|98|99|100|101,0.5638
7023.267033,-0.375730,-17.908653,-0.007464,14.636429,-0.016370,-0.003073,-4.808150,-0.130933,4.809932,96|97|98|99|100|101,0.5634
7023.283700,-0.375729,-17.908652,-0.007465,14.642944,-0.015975,-0.003090,-4.814665,-0.131327,4.816456,96|97|98|99|100|101,0.5645
7023.300366,-0.370886,-17.919532,-0.008660,14.649373,-0.016756,-0.002966,-4.815172,-0.127937,4.816871,96|97|98|99|100|101|102|103,0.5628
7023.317033,-0.355667,-17.924502,-0.007795,14.656958,-0.016449,-0.003024,-4.820024,-0.119983,4.821517,96|97|98|99|100|101|102|103,0.5635
7023.333700,-0.366694,-17.925355,-0.007892,14.656958,-0.016449,-0.003024,-4.819583,-0.125978,4.821229,96|97|98|99|100|101|102|103,0.5660
7023.383700,-0.366928,-17.926447,-0.008047,14.678149,-0.015798,-0.002819,-4.840181,-0.126758,4.841840,98|99|100|101|102|103,0.5627
7023.400366,-0.352832,-17.968024,-0.007722,14.684822,-0.016488,-0.002352,-4.824229,-0.118493,4.825684,98|99|100|101|102|103,0.5647
7023.417033,-0.363537,-17.973459,-0.007234,14.692459,-0.016600,-0.002376,-4.828934,-0.124211,4.830531,98|99|100|101|102|103,0.5649
7023.433700,-0.364628,-17.990053,-0.006973,14.700071,-0.016698,-0.002381,-4.827530,-0.124740,4.829141,98|99|100|101|102|103,0.5636
7023.450366,-0.365899,-18.004399,-0.006873,14.707500,-0.016615,-0.002212,-4.827165,-0.125543,4.828798,98|99|100|101|102|103,0.5633
7023.467033,-0.365900,-18.004400,-0.006876,14.720840,-0.016707,-0.001805,-4.840505,-0.125451,4.842130,98|99|100|101|102|103,0.5625
7023.483700,-0.363874,-18.015674,-0.006949,14.728065,-0.016719,-0.001568,-4.841598,-0.124361,4.843195,98|99|100|101|102|103,0.5616
7023.500366,-0.365756,-18.020140,-0.006139,14.728065,-0.016719,-0.001568,-4.839175,-0.125393,4.840799,98|99|100|101|102|103,0.5626
7023.517033,-0.365756,-18.020138,-0.006139,14.742624,-0.016699,-0.001391,-4.853735,-0.125413,4.855355,98|99|100|101|102|103,0.5621
7023.550366,-0.366031,-18.061928,-0.005259,14.750010,-0.016591,-0.001239,-4.838409,-0.125757,4.840043,98|99|100|101|102|103,0.5623
7023.567033,-0.366030,-18.061928,-0.005259,14.763000,-0.016994,-0.001250,-4.851399,-0.125353,4.853019,98|99|100|101|102|103,0.5625
7023.583700,-0.368980,-18.071740,-0.005509,14.763000,-0.016994,-0.001250,-4.846072,-0.126977,4.847736,98|99|100|101|102|103,0.5633
7023.600366,-0.368982,-18.071743,-0.005513,14.777963,-0.017487,-0.000912,-4.861035,-0.126485,4.862680,98|99|100|101|102|103,0.5631
7023.633700,-0.369446,-18.073407,-0.005230,14.791987,-0.017036,-0.000623,-4.874155,-0.127191,4.875815,98|99|100|101|102|103,0.5625
7023.650366,-0.377519,-18.100922,-0.004135,14.798874,-0.016767,-0.000665,-4.866105,-0.131905,4.867892,98|99|100|101|102|103,0.5626
7023.683700,-0.367155,-18.120893,-0.004733,14.813323,-0.016981,-0.001087,-4.869680,-0.126099,4.871312,98|99|100|101|102|103,0.5620
7023.700366,-0.367153,-18.120888,-0.004731,14.820712,-0.017017,-0.001114,-4.877071,-0.126062,4.878700,98|99|100|101|102|103,0.5622
7023.717033,-0.368754,-18.130842,-0.005273,14.828033,-0.016866,-0.001028,-4.878986,-0.127103,4.880641,98|99|100|101|102|103,0.5628
7023.733700,-0.369221,-18.144661,-0.005591,14.834473,-0.017190,-0.000796,-4.877916,-0.127062,4.879571,98|99|100|101|102|103,0.5615
7023.767033,-0.369695,-18.158391,-0.005464,14.848166,-0.017783,-0.000683,-4.884148,-0.126755,4.885793,98|99|100|101|102|103,0.5607
7023.817033,-0.372641,-18.165002,-0.005158,14.862606,-0.017607,-0.000498,-4.895001,-0.128546,4.896688,98|99|100|101|102|103,0.5628
7023.833700,-0.378783,-18.207909,-0.005953,14.869519,-0.017234,-0.000574,-4.878608,-0.132345,4.880403,98|99|100|101|102|103|104,0.5615
7023.850366,-0.373583,-18.214778,-0.005951,14.876307,-0.016842,-0.000702,-4.881652,-0.129924,4.883380,98|99|100|101|102|103|104,0.5579
7023.867033,-0.373718,-18.215715,-0.006115,14.882824,-0.016868,-0.000707,-4.887660,-0.129974,4.889388,99|100|101|102|103|104,0.5615
7023.883700,-0.368328,-18.225133,-0.006089,14.897098,-0.017135,-0.000449,-4.896804,-0.126797,4.898446,99|100|101|102|103|104,0.5619
7023.900366,-0.369598,-18.236295,-0.005874,14.897098,-0.017135,-0.000449,-4.890741,-0.127510,4.892403,99|100|101|102|103|104,0.5622
7023.917033,-0.369597,-18.236296,-0.005871,14.911162,-0.017275,-0.000524,-4.904805,-0.127369,4.906458,99|100|101|102|103|104,0.5619
7023.933700,-0.373170,-18.249947,-0.006052,14.917622,-0.018045,-0.000586,-4.903853,-0.128570,4.905538,99|100|101|102|103|104,0.5612
7023.950366,-0.375661,-18.261295,-0.005065,14.925461,-0.018108,-0.000914,-4.905530,-0.129884,4.907249,99|100|101|102|103|104,0.5623
7023.967033,-0.386389,-18.261510,-0.005276,14.925461,-0.018108,-0.000914,-4.905435,-0.135714,4.907312,99|100|101|102|103|104,0.5634
7024.000366,-0.386715,-18.295281,-0.005761,14.939952,-0.017956,-0.000731,-4.901572,-0.136113,4.903462,99|100|101|102|103|104,0.5625
7024.017033,-0.384085,-18.307093,-0.004941,14.953289,-0.017762,-0.001186,-4.908484,-0.134903,4.910338,99|100|101|102|103|104,0.5634
7024.033700,-0.378369,-18.314395,-0.005834,14.953289,-0.017762,-0.001186,-4.904504,-0.131811,4.906275,99|100|101|102|103|104,0.5635
7024.050366,-0.378371,-18.314397,-0.005837,14.960322,-0.018193,-0.001950,-4.911536,-0.131381,4.913293,99|100|101|102|103|104,0.5642
7024.067033,-0.386838,-18.323594,-0.007211,14.975056,-0.018258,-0.002292,-4.921289,-0.135937,4.923166,99|100|101|102|103|104,0.5653
7024.083700,-0.386837,-18.323593,-0.007210,14.982454,-0.018437,-0.002417,-4.928688,-0.135757,4.930557,99|100|101|102|103|104,0.5652
7024.100366,-0.387174,-18.351397,-0.007708,14.982454,-0.018437,-0.002417,-4.913578,-0.135997,4.915460,99|100|101|102|103|104,0.5648
7024.117033,-0.389728,-18.361968,-0.007731,14.989236,-0.018696,-0.002526,-4.914620,-0.137149,4.916533,99|100|101|102|103|104,0.5642
7024.133700,-0.389731,-18.361972,-0.007734,15.003095,-0.019244,-0.002880,-4.928477,-0.136602,4.930370,99|100|101|102|103|104,0.5640
7024.150366,-0.393079,-18.362721,-0.007300,15.010908,-0.018848,-0.002719,-4.935890,-0.138819,4.937842,99|100|101|102|103|104,0.5645
7024.167033,-0.399068,-18.365719,-0.007386,15.010908,-0.018848,-0.002719,-4.934273,-0.142080,4.936318,99|100|101|102|103|104,0.5631
7024.183700,-0.399635,-18.378852,-0.007922,15.018065,-0.018013,-0.002919,-4.934294,-0.143251,4.936373,99|100|101|102|103|104,0.5630
7024.200366,-0.381628,-18.404201,-0.008306,15.024997,-0.017171,-0.003064,-4.927412,-0.134358,4.929244,99|100|101|102|103|104,0.5635
7024.217033,-0.369841,-18.411167,-0.008451,15.038480,-0.017904,-0.002951,-4.937085,-0.127233,4.938724,99|100|101|102|103|104,0.5635
7024.250366,-0.369841,-18.411171,-0.008452,15.053607,-0.018126,-0.002808,-4.952210,-0.127012,4.953838,99|100|101|102|103|104,0.5628
7024.267033,-0.380317,-18.419677,-0.008262,15.060601,-0.017503,-0.002838,-4.954602,-0.133345,4.956397,99|100|101|102|103|104,0.5634
7024.283700,-0.381741,-18.436885,-0.008083,15.067361,-0.017478,-0.002876,-4.952013,-0.134180,4.953831,99|100|101|102|103|104,0.5635
7024.300366,-0.373402,-18.458334,-0.007790,15.067361,-0.017478,-0.002876,-4.940339,-0.129693,4.942041,99|100|101|102|103|104,0.5626
7024.333700,-0.381819,-18.462151,-0.007855,15.081700,-0.018186,-0.003326,-4.952622,-0.133566,4.954422,99|100|101|102|103|104,0.5627
7024.350366,-0.381927,-18.479537,-0.009176,15.089303,-0.018178,-0.003320,-4.950776,-0.133669,4.952580,99|100|101|102|103|104|105|106,0.5646
7024.383700,-0.382385,-18.480244,-0.009650,15.109985,-0.016800,-0.003234,-4.971074,-0.135297,4.972915,101|102|103|104|105|106,0.5624
7024.400366,-0.378468,-18.506020,-0.010020,15.116382,-0.017482,-0.003127,-4.963454,-0.132539,4.965224,101|102|103|104|105|106,0.5635
7024.433700,-0.367631,-18.511315,-0.010390,15.123582,-0.017585,-0.003586,-4.967754,-0.126558,4.969366,101|102|103|104|105|106,0.5656
7024.450366,-0.371045,-18.512252,-0.009957,15.139162,-0.016718,-0.004183,-4.982832,-0.129282,4.984509,101|102|103|104|105|106,0.5656
7024.467033,-0.370714,-18.523475,-0.010601,15.145522,-0.017165,-0.004135,-4.983092,-0.128679,4.984753,101|102|103|104|105|106,0.5629
7024.483700,-0.365003,-18.543395,-0.011469,15.145522,-0.017165,-0.004135,-4.972254,-0.125616,4.973840,101|102|103|104|105|106,0.5625
7024.500366,-0.362086,-18.558389,-0.011535,15.152036,-0.017544,-0.004137,-4.970614,-0.123682,4.972152,101|102|103|104|105|106,0.5632
7024.517033,-0.362087,-18.558389,-0.011536,15.167036,-0.018072,-0.003971,-4.985613,-0.123154,4.987134,101|102|103|104|105|106,0.5634
7024.533700,-0.373875,-18.576037,-0.011159,15.167036,-0.018072,-0.003971,-4.976046,-0.129597,4.977734,101|102|103|104|105|106,0.5640
7024.550366,-0.373872,-18.576036,-0.011158,15.174477,-0.017868,-0.003571,-4.983488,-0.129799,4.985178,101|102|103|104|105|106,0.5646
7024.583700,-0.374706,-18.591853,-0.010947,15.194668,-0.018042,-0.002524,-4.995084,-0.130111,4.996779,101|102|103|104|105|106,0.5635
7024.600366,-0.371175,-18.605972,-0.010910,15.194668,-0.018042,-0.002524,-4.987404,-0.128222,4.989052,101|102|103|104|105|106,0.5646
7024.617033,-0.374059,-18.618068,-0.010135,15.209208,-0.017782,-0.002087,-4.995377,-0.130074,4.997070,101|102|103|104|105|106,0.5652
7024.633700,-0.374060,-18.618068,-0.010135,15.216605,-0.017677,-0.001896,-5.002773,-0.130180,5.004467,101|102|103|104|105|106,0.5647
7024.650366,-0.372764,-18.633499,-0.009847,15.223268,-0.018046,-0.001762,-5.001048,-0.129138,5.002715,101|102|103|104|105|106,0.5634
7024.667033,-0.369181,-18.659453,-0.009275,15.229747,-0.018421,-0.001812,-4.993413,-0.126869,4.995025,101|102|103|104|105|106,0.5612
7024.683700,-0.374006,-18.659392,-0.008724,15.229747,-0.018421,-0.001812,-4.993456,-0.129491,4.995135,101|102|103|104|105|106,0.5617
7024.700366,-0.378827,-18.659801,-0.008615,15.236991,-0.018450,-0.001648,-5.000488,-0.132083,5.002232,101|102|103|104|105|106,0.5628
7024.717033,-0.379645,-18.671367,-0.008329,15.251841,-0.018505,-0.001531,-5.009054,-0.132496,5.010806,101|102|103|104|105|106,0.5648
7024.733700,-0.379643,-18.671367,-0.008328,15.258694,-0.018139,-0.001352,-5.015907,-0.132861,5.017666,101|102|103|104|105|106,0.5643
7024.750366,-0.380349,-18.694644,-0.007996,15.258694,-0.018139,-0.001352,-5.003258,-0.133293,5.005033,101|102|103|104|105|106,0.5638
7024.767033,-0.380351,-18.694647,-0.007996,15.265566,-0.017907,-0.001516,-5.010129,-0.133526,5.011908,101|102|103|104|105|106,0.5636
7024.783700,-0.375229,-18.701503,-0.006804,15.279918,-0.018303,-0.002346,-5.020744,-0.130360,5.022436,101|102|103|104|105|106,0.5629
7024.800366,-0.376637,-18.715584,-0.007594,15.279918,-0.018303,-0.002346,-5.013094,-0.131154,5.014810,101|102|103|104|105|106,0.5626
7024.850366,-0.372943,-18.756258,-0.008559,15.301013,-0.018420,-0.002392,-5.012077,-0.129114,5.013739,101|102|103|104|105|106|107,0.5616
7024.883700,-0.372950,-18.756266,-0.008570,15.321905,-0.019386,-0.002689,-5.032964,-0.128152,5.034595,101|102|103|104|105|106|107,0.5634
7024.917033,-0.386403,-18.753728,-0.008287,15.336186,-0.018674,-0.002665,-5.048652,-0.136169,5.050488,102|103|104|105|106|107,0.5640
7024.950366,-0.390072,-18.783826,-0.009786,15.349381,-0.018541,-0.002817,-5.045498,-0.138358,5.047394,102|103|104|105|106|107,0.5654
7024.967033,-0.379765,-18.802812,-0.010112,15.349381,-0.018541,-0.002817,-5.035158,-0.132796,5.036909,102|103|104|105|106|107,0.5649
7024.983700,-0.373186,-18.811194,-0.010505,15.363747,-0.018695,-0.002557,-5.044955,-0.129083,5.046606,102|103|104|105|106|107,0.5644
7025.000366,-0.377644,-18.820970,-0.010219,15.371186,-0.018794,-0.002504,-5.047089,-0.131427,5.048800,102|103|104|105|106|107,0.5651
7025.017033,-0.380010,-18.834958,-0.010387,15.371186,-0.018794,-0.002504,-5.039492,-0.132742,5.041240,102|103|104|105|106|107,0.5649
7025.050366,-0.382961,-18.846733,-0.010275,15.384298,-0.019644,-0.002489,-5.046211,-0.133520,5.047977,102|103|104|105|106|107,0.5645
7025.067033,-0.392939,-18.846482,-0.010588,15.391686,-0.019960,-0.002865,-5.053756,-0.138627,5.055657,102|103|104|105|106|107,0.5657
7025.100366,-0.392942,-18.846474,-0.010589,15.413730,-0.019227,-0.002778,-5.075804,-0.139361,5.077717,102|103|104|105|106|107,0.5643
7025.117033,-0.394691,-18.879691,-0.010783,15.420214,-0.019454,-0.003073,-5.064240,-0.140153,5.066179,102|103|104|105|106|107,0.5619
7025.133700,-0.392108,-18.892226,-0.010462,15.420214,-0.019454,-0.003073,-5.057422,-0.138775,5.059325,102|103|104|105|106|107,0.5617
7025.150366,-0.389456,-18.898154,-0.011079,15.427020,-0.020059,-0.003672,-5.061000,-0.136741,5.062847,102|103|104|105|106|107,0.5624
7025.167033,-0.389457,-18.898152,-0.011079,15.442055,-0.020198,-0.004019,-5.076036,-0.136603,5.077874,102|103|104|105|106|107,0.5616
7025.183700,-0.396699,-18.923297,-0.011835,15.442055,-0.020198,-0.004019,-5.062386,-0.140590,5.064337,102|103|104|105|106|107,0.5621
7025.217033,-0.399631,-18.950745,-0.012331,15.456329,-0.020487,-0.004224,-5.061748,-0.141951,5.063738,102|103|104|105|106|107,0.5621
7025.233700,-0.400776,-18.950742,-0.012156,15.470058,-0.021170,-0.004470,-5.075481,-0.141891,5.077464,102|103|104|105|106|107,0.5623
7025.250366,-0.400775,-18.950743,-0.012156,15.477932,-0.020745,-0.004294,-5.083355,-0.142315,5.085347,102|103|104|105|106|107,0.5621
7025.267033,-0.408891,-18.962993,-0.011969,15.477932,-0.020745,-0.004294,-5.076714,-0.146751,5.078835,102|103|104|105|106|107,0.5622
7025.283700,-0.408890,-18.962992,-0.011966,15.492361,-0.019121,-0.004735,-5.091144,-0.148375,5.093305,102|103|104|105|106|107,0.5613
7025.300366,-0.402387,-18.983250,-0.011954,15.498703,-0.018987,-0.004910,-5.086463,-0.145016,5.088529,102|103|104|105|106|107,0.5618
7025.317033,-0.390761,-18.990260,-0.011738,15.498703,-0.018987,-0.004910,-5.082629,-0.138712,5.084521,102|103|104|105|106|107,0.5624
7025.333700,-0.377111,-18.993206,-0.011975,15.505639,-0.019954,-0.005017,-5.087936,-0.130333,5.089605,102|103|104|105|106|107,0.5618
7025.350366,-0.377112,-18.993207,-0.011978,15.520999,-0.020049,-0.005256,-5.103295,-0.130238,5.104957,102|103|104|105|106|107,0.5612
7025.367033,-0.389098,-19.020575,-0.011930,15.520999,-0.020049,-0.005256,-5.088446,-0.136808,5.090285,102|103|104|105|106|107|109,0.5532
7025.383700,-0.389653,-19.037291,-0.013212,15.528092,-0.019522,-0.005264,-5.086456,-0.137671,5.088319,102|103|104|105|106|107|108|109,0.5562
7025.400366,-0.389658,-19.037302,-0.013236,15.541484,-0.020085,-0.005259,-5.099841,-0.137112,5.101684,102|103|104|105|106|107|108|109,0.5520
7025.417033,-0.380695,-19.045860,-0.013395,15.549034,-0.020474,-0.005771,-5.102722,-0.131869,5.104425,102|103|104|105|106|107|108|109,0.5507
7025.433700,-0.389414,-19.048710,-0.013969,15.549034,-0.020474,-0.005771,-5.101191,-0.136613,5.103020,104|105|106|107|108|109,0.5639
7025.450366,-0.389414,-19.048709,-0.013968,15.564213,-0.020189,-0.005617,-5.116371,-0.136899,5.118203,104|105|106|107|108|109,0.5635
7025.467033,-0.393116,-19.064712,-0.014083,15.570875,-0.019333,-0.005414,-5.114343,-0.139799,5.116253,104|105|106|107|108|109,0.5628
7025.483700,-0.393220,-19.083386,-0.014098,15.577403,-0.018930,-0.005512,-5.110722,-0.140297,5.112648,104|105|106|107|108|109,0.5622
7025.500366,-0.387017,-19.093557,-0.013749,15.577403,-0.018930,-0.005512,-5.105182,-0.136947,5.107018,104|105|106|107|108|109,0.5621
7025.517033,-0.374914,-19.098811,-0.013893,15.590712,-0.019859,-0.005747,-5.115610,-0.129451,5.117248,104|105|106|107|108|109,0.5622
7025.533700,-0.369327,-19.099634,-0.014174,15.598552,-0.019518,-0.006185,-5.122992,-0.126757,5.124559,104|105|106|107|108|109,0.5639
7025.550366,-0.380576,-19.107225,-0.014209,15.606496,-0.018851,-0.006236,-5.126833,-0.133554,5.128573,104|105|106|107|108|109,0.5648
7025.567033,-0.374379,-19.127298,-0.014284,15.606496,-0.018851,-0.006236,-5.115911,-0.130226,5.117569,104|105|106|107|108|109,0.5630
7025.583700,-0.364294,-19.145386,-0.014215,15.613320,-0.018563,-0.005681,-5.112884,-0.125071,5.114413,104|105|106|107|108|109,0.5621
7025.600366,-0.366218,-19.144299,-0.013880,15.627139,-0.019542,-0.004997,-5.127298,-0.125135,5.128825,104|105|106|107|108|109,0.5636
7025.617033,-0.370398,-19.146072,-0.013506,15.627139,-0.019542,-0.004997,-5.126343,-0.127411,5.127927,104|105|106|107|108|109,0.5637
7025.633700,-0.381445,-19.161760,-0.013553,15.642315,-0.019414,-0.004306,-5.133015,-0.133575,5.134753,104|105|106|107|108|109,0.5629
7025.650366,-0.381446,-19.161757,-0.013546,15.642315,-0.019414,-0.004306,-5.133017,-0.133576,5.134755,104|105|106|107|108|109,0.5627
7025.683700,-0.384271,-19.180038,-0.013104,15.655504,-0.019343,-0.004111,-5.136277,-0.135219,5.138057,104|105|106|107|108|109,0.5633
7025.700366,-0.376896,-19.193303,-0.012371,15.662471,-0.019703,-0.003772,-5.136019,-0.130879,5.137687,104|105|106|107|108|109,0.5631
7025.717033,-0.376896,-19.193304,-0.012370,15.677574,-0.019510,-0.003477,-5.151122,-0.131071,5.152789,104|105|106|107|108|109,0.5637
7025.733700,-0.381528,-19.219496,-0.011895,15.677574,-0.019510,-0.003477,-5.136897,-0.133643,5.138635,104|105|106|107|108|109,0.5631
7025.750366,-0.381527,-19.219496,-0.011893,15.685137,-0.019353,-0.003278,-5.144460,-0.133800,5.146200,104|105|106|107|108|109,0.5627
7025.767033,-0.380402,-19.233986,-0.011676,15.691749,-0.019574,-0.003325,-5.143195,-0.132997,5.144914,104|105|106|107|108|109,0.5622
7025.783700,-0.377314,-19.246891,-0.011485,15.698198,-0.019958,-0.003321,-5.142624,-0.130962,5.144292,104|105|106|107|108|109,0.5624
7025.800366,-0.385293,-19.246099,-0.011663,15.705394,-0.020137,-0.003304,-5.150267,-0.135117,5.152039,104|105|106|107|108|109,0.5643
7025.817033,-0.387365,-19.256873,-0.011594,15.720363,-0.020237,-0.003199,-5.159385,-0.136165,5.161181,104|105|106|107|108|109,0.5635
7025.833700,-0.389411,-19.271284,-0.011640,15.720363,-0.020237,-0.003199,-5.151556,-0.137307,5.153386,104|105|106|107|108|109,0.5627
7025.850366,-0.388228,-19.281897,-0.011782,15.727231,-0.019865,-0.003006,-5.152654,-0.137058,5.154476,104|105|106|107|108|109,0.5654
7025.867033,-0.388226,-19.281900,-0.011781,15.734134,-0.019611,-0.003180,-5.159556,-0.137311,5.161383,104|105|106|107|108|109,0.5647
7025.883700,-0.380293,-19.296352,-0.011961,15.748350,-0.020156,-0.004007,-5.165901,-0.132484,5.167599,104|105|106|107|108|109|110,0.5564
7025.933700,-0.386583,-19.334731,-0.013421,15.763201,-0.019912,-0.003913,-5.159907,-0.136225,5.161705,105|106|107|108|109|110,0.5619
7025.950366,-0.386586,-19.334727,-0.013422,15.769471,-0.019870,-0.004311,-5.166179,-0.136269,5.167976,105|106|107|108|109|110,0.5600
7025.967033,-0.383840,-19.341034,-0.013092,15.782758,-0.020824,-0.004031,-5.176034,-0.133836,5.177764,105|106|107|108|109|110,0.5630
7025.983700,-0.383839,-19.341038,-0.013092,15.790460,-0.020948,-0.003906,-5.183733,-0.133712,5.185457,105|106|107|108|109|110,0.5634
7026.000366,-0.389720,-19.339878,-0.013263,15.797675,-0.020503,-0.003747,-5.191591,-0.137350,5.193407,105|106|107|108|109|110,0.5633
7026.017033,-0.398296,-19.354843,-0.013279,15.804774,-0.020063,-0.003759,-5.190574,-0.142482,5.192529,105|106|107|108|109|110,0.5636
7026.033700,-0.400125,-19.372365,-0.013223,15.804774,-0.020063,-0.003759,-5.181055,-0.143512,5.183042,105|106|107|108|109|110,0.5624
7026.050366,-0.393428,-19.381603,-0.012996,15.811758,-0.019604,-0.003874,-5.183004,-0.140351,5.184904,105|106|107|108|109|110,0.5622
7026.067033,-0.386909,-19.390699,-0.012705,15.824725,-0.020035,-0.003781,-5.191014,-0.136395,5.192806,105|106|107|108|109|110,0.5609
7026.083700,-0.380250,-19.400253,-0.013028,15.832077,-0.020219,-0.003832,-5.193160,-0.132612,5.194853,105|106|107|108|109|110,0.5614
7026.100366,-0.384993,-19.406429,-0.012820,15.832077,-0.020219,-0.003832,-5.189814,-0.135202,5.191575,105|106|107|108|109|110,0.5625
7026.117033,-0.387310,-19.420291,-0.013456,15.839506,-0.020374,-0.003811,-5.189714,-0.136335,5.191504,105|106|107|108|109|110,0.5612
7026.133700,-0.388999,-19.434350,-0.013419,15.852880,-0.020952,-0.003520,-5.195451,-0.136704,5.197249,105|106|107|108|109|110,0.5605
7026.150366,-0.389697,-19.436253,-0.013107,15.860008,-0.021497,-0.003692,-5.201546,-0.136542,5.203338,105|106|107|108|109|110,0.5613
7026.167033,-0.397046,-19.434450,-0.013217,15.867794,-0.021384,-0.003618,-5.210327,-0.140645,5.212225,105|106|107|108|109|110,0.5626
7026.183700,-0.397044,-19.434452,-0.013217,15.875176,-0.021265,-0.003551,-5.217708,-0.140763,5.219607,105|106|107|108|109|110,0.5632
7026.200366,-0.402324,-19.465549,-0.012911,15.875176,-0.021265,-0.003551,-5.200818,-0.143697,5.202803,105|106|107|108|109|110,0.5626
7026.217033,-0.402327,-19.465546,-0.012910,15.882246,-0.020839,-0.003614,-5.207890,-0.144124,5.209884,105|106|107|108|109|110,0.5634
7026.233700,-0.393951,-19.487246,-0.013084,15.895523,-0.021447,-0.004284,-5.209357,-0.139009,5.211211,105|106|107|108|109|110,0.5645
7026.250366,-0.396077,-19.487574,-0.013577,15.902907,-0.021501,-0.004650,-5.216566,-0.140111,5.218447,105|106|107|108|109|110,0.5644
7026.267033,-0.396077,-19.487571,-0.013578,15.910391,-0.021469,-0.004714,-5.224052,-0.140143,5.225931,105|106|107|108|109|110,0.5645
7026.283700,-0.403005,-19.492793,-0.013809,15.917818,-0.021498,-0.004850,-5.228656,-0.143890,5.230635,105|106|107|108|109|110,0.5653
7026.300366,-0.402795,-19.507390,-0.014014,15.924724,-0.021874,-0.004875,-5.227628,-0.143430,5.229595,105|106|107|108|109|110,0.5653
7026.317033,-0.402683,-19.535555,-0.014876,15.931435,-0.022078,-0.004826,-5.219031,-0.143223,5.220996,105|106|107|108|109|110,0.5646
7026.333700,-0.407519,-19.538904,-0.014894,15.931435,-0.022078,-0.004826,-5.217221,-0.145858,5.219260,105|106|107|108|109|110,0.5644
7026.350366,-0.407517,-19.538909,-0.014893,15.946113,-0.022304,-0.004806,-5.231897,-0.145631,5.233924,105|106|107|108|109|110,0.5640
7026.367033,-0.409975,-19.540524,-0.015097,15.953420,-0.021713,-0.004920,-5.238332,-0.147561,5.240410,105|106|107|108|109|110,0.5640
7026.383700,-0.412019,-19.569362,-0.013257,15.953420,-0.021713,-0.004920,-5.222663,-0.148731,5.224780,105|106|107|108|109|110|112,0.5542
7026.400366,-0.388997,-17.426985,-0.012969,15.960321,-0.021051,-0.005097,-6.393843,-0.132470,6.395215,11|105|106|107|108|109|110|112,0.5530
7026.417033,-0.388283,-17.311633,-0.012885,15.967100,-0.020427,-0.005472,-6.463312,-0.132469,6.464669,11|105|106|107|108|109|110|112,0.5625
7026.450366,-0.378611,-17.268684,-0.013320,15.988853,-0.021228,-0.005754,-6.508386,-0.126323,6.509612,11|105|106|107|108|109|110|112,0.5643
7026.467033,-0.377699,-16.527222,-0.011652,15.996220,-0.020979,-0.005759,-6.918717,-0.124551,6.919838,11|107|108|109|110|112,0.5645
7026.483700,-0.376619,-16.551471,-0.012173,15.996220,-0.020979,-0.005759,-6.905536,-0.124014,6.906649,11|107|108|109|110|112,0.5639
7026.500366,-0.371455,-16.582808,-0.012993,16.003242,-0.020753,-0.005806,-6.895516,-0.121497,6.896586,11|107|108|109|110|112,0.5638
7026.517033,-0.371361,-16.567815,-0.012992,16.016930,-0.021693,-0.005778,-6.917352,-0.120475,6.918401,11|107|108|109|110|112,0.5633
7026.533700,-0.372833,-16.567667,-0.012887,16.016930,-0.021693,-0.005778,-6.917436,-0.121274,6.918499,11|107|108|109|110|112,0.5643
7026.550366,-0.380248,-16.587655,-0.013437,16.024608,-0.021778,-0.005681,-6.914267,-0.125261,6.915402,11|107|108|109|110|112,0.5639
7026.567033,-0.380876,-16.610323,-0.013011,16.038772,-0.020762,-0.005465,-6.916112,-0.126665,6.917272,11|107|108|109|110|112,0.5634
7026.583700,-0.376237,-16.626102,-0.012833,16.045617,-0.020137,-0.005578,-6.914372,-0.124801,6.915499,11|107|108|109|110|112,0.5633
7026.617033,-0.376285,-16.633522,-0.012832,16.058595,-0.021272,-0.005796,-6.923318,-0.123707,6.924423,11|107|108|109|110|112,0.5646
7026.633700,-0.361817,-16.637496,-0.012656,16.058595,-0.021272,-0.005796,-6.921129,-0.115853,6.922098,11|107|108|109|110|112,0.5650
7026.650366,-0.361822,-16.638380,-0.012655,16.074432,-0.020229,-0.006120,-6.936485,-0.116900,6.937470,11|107|108|109|110|112,0.5649
7026.667033,-0.363531,-16.678749,-0.014307,16.074432,-0.020229,-0.006120,-6.914548,-0.117912,6.915553,11|107|108|109|110|112,0.5633
7026.683700,-0.353695,-16.713816,-0.014356,16.081188,-0.020189,-0.005880,-6.902226,-0.112679,6.903146,11|107|108|109|110|112,0.5628
7026.700366,-0.353068,-16.695432,-0.013922,16.087416,-0.020420,-0.005791,-6.918445,-0.112069,6.919352,11|107|108|109|110|112,0.5645
7026.717033,-0.355341,-16.692861,-0.013428,16.094341,-0.021287,-0.005374,-6.926772,-0.112432,6.927684,11|107|108|109|110|112,0.5658
7026.733700,-0.368488,-16.700711,-0.013254,16.102104,-0.021301,-0.005419,-6.930295,-0.119580,6.931327,11|107|108|109|110|112,0.5660
7026.750366,-0.368493,-16.701619,-0.013255,16.109730,-0.021326,-0.005204,-6.937427,-0.119559,6.938457,11|107|108|109|110|112,0.5655
7026.767033,-0.367414,-16.749755,-0.012592,16.123328,-0.021047,-0.004703,-6.924863,-0.119351,6.925891,11|107|108|109|110|112,0.5647
7026.800366,-0.363599,-16.739282,-0.011590,16.129913,-0.021535,-0.004385,-6.937131,-0.116768,6.938114,11|107|108|109|110|112,0.5648
7026.817033,-0.363534,-16.728960,-0.011589,16.144941,-0.021313,-0.004131,-6.957770,-0.116933,6.958752,11|107|108|109|110|112,0.5639
7026.833700,-0.369226,-16.748193,-0.011218,16.144941,-0.021313,-0.004131,-6.947329,-0.120066,6.948366,11|107|108|109|110|112,0.5633
7026.850366,-0.369303,-16.760358,-0.011224,16.159353,-0.021346,-0.004073,-6.955130,-0.120100,6.956166,11|107|108|109|110|112,0.5622
7026.867033,-0.366137,-16.794293,-0.010966,16.159353,-0.021346,-0.004073,-6.936680,-0.118449,6.937691,11|107|108|109|110|112,0.5611
7026.883700,-0.367334,-16.784162,-0.010944,16.166021,-0.022007,-0.004077,-6.948856,-0.118418,6.949865,11|107|108|109|110|112,0.5615
7026.900366,-0.367339,-16.784876,-0.010945,16.180185,-0.022119,-0.004085,-6.962632,-0.118310,6.963637,11|107|108|109|110|112,0.5629
7026.917033,-0.382061,-17.187997,-0.010906,16.180185,-0.022119,-0.004085,-6.743576,-0.127141,6.744775,11|107|108|109|110|112|113,0.5555
7026.933700,-0.379847,-17.233854,-0.011458,16.194674,-0.021913,-0.004059,-6.733139,-0.126238,6.734322,11|107|108|109|110|112|113,0.5636
7026.950366,-0.379734,-17.216693,-0.011449,16.201524,-0.021651,-0.003851,-6.749315,-0.126404,6.750499,11|107|108|109|110|112|113,0.5592
7026.967033,-0.376457,-16.798030,-0.010986,16.208140,-0.021839,-0.003841,-6.983457,-0.123573,6.984550,11|108|109|110|112|113,0.5628
7026.983700,-0.373654,-16.808857,-0.010934,16.208140,-0.021839,-0.003841,-6.977567,-0.122072,6.978635,11|108|109|110|112|113,0.5614
7027.017033,-0.372109,-16.845452,-0.011110,16.222626,-0.021803,-0.004208,-6.972162,-0.121343,6.973218,11|108|109|110|112|113,0.5635
7027.033700,-0.371707,-16.859602,-0.011158,16.229916,-0.021795,-0.004232,-6.971761,-0.121162,6.972814,11|108|109|110|112|113,0.5630
7027.067033,-0.371038,-16.896251,-0.010715,16.242882,-0.022161,-0.004051,-6.964807,-0.120508,6.965850,11|108|109|110|112|113,0.5631
7027.083700,-0.371055,-16.898941,-0.010711,16.256975,-0.022786,-0.003703,-6.977439,-0.119897,6.978469,11|108|109|110|112|113,0.5644
7027.100366,-0.384501,-16.893448,-0.010607,16.256975,-0.022786,-0.003703,-6.980452,-0.127194,6.981610,11|108|109|110|112|113,0.5629
7027.133700,-0.383332,-16.917576,-0.010516,16.271459,-0.022408,-0.003609,-6.981820,-0.126986,6.982975,11|108|109|110|112|113,0.5626
7027.150366,-0.378572,-16.919972,-0.010400,16.278420,-0.022081,-0.003716,-6.987469,-0.124732,6.988582,11|108|109|110|112|113,0.5628
7027.167033,-0.378628,-16.928076,-0.010400,16.285267,-0.021947,-0.003933,-6.989912,-0.124913,6.991028,11|108|109|110|112|113,0.5621
7027.183700,-0.373182,-16.932902,-0.010556,16.298907,-0.021910,-0.003502,-7.000918,-0.121999,7.001981,11|108|109|110|112|113,0.5619
7027.200366,-0.372586,-16.941193,-0.010525,16.298907,-0.021910,-0.003502,-6.996411,-0.121692,6.997469,11|108|109|110|112|113,0.5625
7027.217033,-0.373043,-16.967379,-0.010232,16.306274,-0.022152,-0.003630,-6.989548,-0.121753,6.990608,11|108|109|110|112|113,0.5631
7027.233700,-0.376187,-16.983930,-0.009874,16.313567,-0.022065,-0.003638,-6.987851,-0.123583,6.988944,11|108|109|110|112|113,0.5626
7027.283700,-0.389216,-16.975753,-0.009988,16.342293,-0.023315,-0.003885,-7.021049,-0.129397,7.022241,11|108|109|110|112|113,0.5642
7027.300367,-0.389306,-16.989751,-0.009999,16.342293,-0.023315,-0.003885,-7.013442,-0.129474,7.014637,11|108|109|110|112|113,0.5640
7027.317033,-0.389565,-17.019861,-0.010301,16.356133,-0.022668,-0.003954,-7.010918,-0.130324,7.012129,11|108|109|110|112|113,0.5645
7027.333700,-0.383626,-17.024427,-0.010272,16.356133,-0.022668,-0.003954,-7.008424,-0.127106,7.009577,11|108|109|110|112|113,0.5652
7027.350367,-0.383705,-17.036203,-0.010280,16.369753,-0.023319,-0.004264,-7.015645,-0.126522,7.016785,11|108|109|110|112|113,0.5652
7027.367033,-0.387240,-17.035343,-0.010492,16.377112,-0.023349,-0.004324,-7.023478,-0.128412,7.024652,11|108|109|110|112|113,0.5650
7027.383700,-0.389035,-17.041917,-0.010993,16.377112,-0.023349,-0.004324,-7.019909,-0.129400,7.021102,11|108|109|110|112|113,0.5638
7027.400367,-0.389129,-17.056167,-0.011003,16.391725,-0.023638,-0.004626,-7.026778,-0.129193,7.027965,11|108|109|110|112|113,0.5635
7027.417033,-0.389331,-17.067592,-0.011147,16.398539,-0.023910,-0.004652,-7.027383,-0.129053,7.028568,11|108|109|110|112|113,0.5624
7027.433700,-0.394395,-17.808955,-0.010901,16.405467,-0.024498,-0.004655,-6.631410,-0.132744,6.632738,11|108|109|110|112|113|114|115,0.5540
7027.467033,-0.397975,-17.850450,-0.011238,16.413022,-0.024359,-0.004947,-6.616421,-0.134914,6.617796,11|108|109|110|112|113|114|115,0.5658
7027.533700,-0.368465,-17.147667,-0.011487,16.440406,-0.022703,-0.004848,-7.025688,-0.119085,7.026697,11|110|112|113|114|115,0.5623
7027.550367,-0.368538,-17.158815,-0.011488,16.455684,-0.023358,-0.004776,-7.034907,-0.118493,7.035905,11|110|112|113|114|115,0.5642
7027.583700,-0.387142,-17.160439,-0.010452,16.469925,-0.022483,-0.004761,-7.048304,-0.129482,7.049493,11|110|112|113|114|115,0.5616
7027.617033,-0.387256,-17.177846,-0.010455,16.483408,-0.023211,-0.005154,-7.052327,-0.128852,7.053504,11|110|112|113|114|115,0.5631
7027.633700,-0.377704,-17.194179,-0.009246,16.483408,-0.023211,-0.005154,-7.043431,-0.123694,7.044517,11|110|112|113|114|115,0.5634
7027.650367,-0.382779,-17.200488,-0.009389,16.490995,-0.023222,-0.005173,-7.047600,-0.126454,7.048734,11|110|112|113|114|115,0.5651
7027.683700,-0.382805,-17.204318,-0.009392,16.512807,-0.022160,-0.004845,-7.067330,-0.127538,7.068481,11|110|112|113|114|115,0.5635
7027.700367,-0.374707,-17.238293,-0.011279,16.512807,-0.022160,-0.004845,-7.048849,-0.123207,7.049925,11|110|112|113|114|115,0.5642
7027.717033,-0.374776,-17.248664,-0.011283,16.525998,-0.022787,-0.004855,-7.056404,-0.122639,7.057470,11|110|112|113|114|115,0.5645
7027.733700,-0.365839,-17.265796,-0.011025,16.525998,-0.022787,-0.004855,-7.047075,-0.117817,7.048060,11|110|112|113|114|115,0.5634
7027.750367,-0.374739,-17.261135,-0.010912,16.533701,-0.022485,-0.004898,-7.057329,-0.122947,7.058400,11|110|112|113|114|115,0.5650
7027.767033,-0.370110,-17.284146,-0.010626,16.548856,-0.021498,-0.004866,-7.059969,-0.121466,7.061014,11|110|112|113|114|115,0.5648
7027.783700,-0.361241,-17.288310,-0.010795,16.548856,-0.021498,-0.004866,-7.057687,-0.116654,7.058651,11|110|112|113|114|115,0.5638
7027.833700,-0.361289,-17.295421,-0.010793,16.577088,-0.023105,-0.004139,-7.082054,-0.115088,7.082990,11|110|112|113|114|115,0.5650
7027.850367,-0.369789,-17.302686,-0.010944,16.584184,-0.022677,-0.003906,-7.085220,-0.120150,7.086239,11|110|112|113|114|115,0.5641
7027.867033,-0.374887,-17.339458,-0.010253,16.591189,-0.022552,-0.003991,-7.072250,-0.123121,7.073322,11|110|112|113|114|115,0.5637
7027.883700,-0.374900,-17.341554,-0.010252,16.597544,-0.023083,-0.004002,-7.077467,-0.122602,7.078529,11|110|112|113|114|115,0.5639
7027.900367,-0.367596,-17.348850,-0.009514,16.597544,-0.023083,-0.004002,-7.073486,-0.118647,7.074481,11|110|112|113|114|115,0.5640
7027.917033,-0.375010,-17.354658,-0.009639,16.604825,-0.023048,-0.003835,-7.077626,-0.122723,7.078690,11|110|112|113|114|115,0.5625
7027.933700,-0.374602,-17.361989,-0.009721,16.619567,-0.022985,-0.003651,-7.088383,-0.122580,7.089443,11|110|112|113|114|115,0.5646
7027.950367,-0.376164,-17.769666,-0.009429,16.619567,-0.022985,-0.003651,-6.866824,-0.124268,6.867948,11|110|112|113|114|115|116,0.5577
7027.967033,-0.373071,-17.370544,-0.008597,16.633502,-0.023522,-0.003606,-7.097666,-0.121228,7.098701,11|112|113|114|115|116,0.5631
7027.983700,-0.369737,-17.389771,-0.008588,16.640234,-0.023874,-0.003660,-7.093941,-0.119105,7.094941,11|112|113|114|115|116,0.5639
7028.000367,-0.381976,-17.787071,-0.009410,16.640234,-0.023874,-0.003660,-6.878044,-0.126574,6.879209,11|110|112|113|114|115|116,0.5563
7028.017033,-0.378929,-17.392521,-0.008675,16.654568,-0.023823,-0.003541,-7.106800,-0.124157,7.107884,11|112|113|114|115|116,0.5642
7028.050367,-0.382799,-17.430884,-0.008221,16.661647,-0.023734,-0.003681,-7.093037,-0.126428,7.094164,11|112|113|114|115|116,0.5645
7028.067033,-0.381016,-17.445396,-0.008434,16.675405,-0.023515,-0.003690,-7.098905,-0.125707,7.100018,11|112|113|114|115|116,0.5642
7028.083700,-0.378500,-17.438765,-0.008545,16.682493,-0.023581,-0.004246,-7.109591,-0.124260,7.110677,11|112|113|114|115|116,0.5631
7028.100367,-0.377957,-17.447233,-0.008769,16.689908,-0.023593,-0.004390,-7.112403,-0.123970,7.113484,11|112|113|114|115|116,0.5622
7028.117033,-0.377853,-17.431906,-0.008763,16.697330,-0.023606,-0.004426,-7.128155,-0.123870,7.129231,11|112|113|114|115|116,0.5639
7028.133700,-0.376765,-17.445627,-0.009427,16.704573,-0.023409,-0.004429,-7.127938,-0.123503,7.129008,11|112|113|114|115|116,0.5627
7028.150367,-0.376277,-17.449419,-0.009369,16.710793,-0.023890,-0.004465,-7.132096,-0.122766,7.133153,11|112|113|114|115|116,0.5617
7028.167033,-0.373317,-17.468264,-0.008845,16.710793,-0.023890,-0.004465,-7.121849,-0.121196,7.122880,11|112|113|114|115|116,0.5619
7028.183700,-0.379629,-17.495189,-0.008784,16.717242,-0.024562,-0.004237,-7.113677,-0.124009,7.114758,11|112|113|114|115|116,0.5618
7028.200367,-0.389559,-17.517607,-0.008600,16.731930,-0.024586,-0.004081,-7.116202,-0.129428,7.117379,11|112|113|114|115|116,0.5618
7028.217033,-0.389533,-17.513671,-0.008599,16.739001,-0.024314,-0.004102,-7.125413,-0.129677,7.126593,11|112|113|114|115|116,0.5625
7028.233700,-0.388676,-17.535394,-0.008252,16.745966,-0.024027,-0.004210,-7.120570,-0.129543,7.121748,11|112|113|114|115|116,0.5626
7028.250367,-0.384342,-17.532734,-0.008245,16.745966,-0.024027,-0.004210,-7.122007,-0.127183,7.123142,11|112|113|114|115|116,0.5629
7028.267033,-0.384228,-17.515967,-0.008236,16.759381,-0.023935,-0.004256,-7.144534,-0.127178,7.145665,11|112|113|114|115|116,0.5623
7028.283700,-0.376409,-17.531039,-0.008317,16.759381,-0.023935,-0.004256,-7.136326,-0.122960,7.137386,11|112|113|114|115|116,0.5617
7028.300367,-0.376508,-17.545698,-0.008326,16.773699,-0.024067,-0.004094,-7.142678,-0.122912,7.143735,11|112|113|114|115|116,0.5615
7028.317033,-0.378304,-17.537857,-0.008782,16.780917,-0.024018,-0.004089,-7.154161,-0.123921,7.155234,11|112|113|114|115|116,0.5638
7028.333700,-0.380101,-17.551449,-0.008158,16.780917,-0.024018,-0.004089,-7.146777,-0.124926,7.147869,11|112|113|114|115|116,0.5633
7028.350367,-0.380149,-17.558109,-0.008160,16.794133,-0.025186,-0.004353,-7.156374,-0.123797,7.157445,11|112|113|114|115|116,0.5642
7028.383700,-0.379566,-17.588430,-0.008187,16.809294,-0.025210,-0.004411,-7.155056,-0.123519,7.156122,11|112|113|114|115|116,0.5634
7028.400367,-0.395433,-17.603469,-0.009242,16.816328,-0.024861,-0.004347,-7.153949,-0.132522,7.155176,11|112|113|114|115|116,0.5641
7028.417033,-0.395125,-17.607031,-0.009176,16.823348,-0.024547,-0.004440,-7.159032,-0.132676,7.160262,11|112|113|114|115|116,0.5646
7028.433700,-0.389698,-17.630783,-0.008834,16.823348,-0.024547,-0.004440,-7.146113,-0.129776,7.147291,11|112|113|114|115|116,0.5640
7028.450367,-0.385276,-17.623793,-0.008894,16.829839,-0.025038,-0.004564,-7.156394,-0.126867,7.157518,11|112|113|114|115|116,0.5641
7028.467033,-0.385302,-17.627862,-0.008893,16.836907,-0.025362,-0.004963,-7.161250,-0.126565,7.162368,11|112|113|114|115|116,0.5641
7028.483700,-0.391695,-17.612425,-0.008325,16.851748,-0.025413,-0.005230,-7.184493,-0.129957,7.185669,11|112|113|114|115|116,0.5640
7028.500367,-0.400183,-18.428460,-0.008721,16.851748,-0.025413,-0.005230,-6.741017,-0.136251,6.742394,11|112|113|114|115|116|117|118,0.5644
7028.517033,-0.415028,-20.691725,-0.009191,16.865908,-0.025931,-0.005301,-5.525182,-0.148460,5.527176,113|114|115|116|117|118,0.5648
7028.533700,-0.415098,-20.706307,-0.009401,16.865908,-0.025931,-0.005301,-5.517257,-0.148528,5.519256,113|114|115|116|117|118,0.5653
7028.550367,-0.417984,-20.715085,-0.009811,16.872750,-0.026419,-0.005282,-5.519334,-0.149626,5.521362,113|114|115|116|117|118,0.5647
7028.583700,-0.427708,-20.737873,-0.009605,16.887531,-0.025707,-0.005488,-5.521750,-0.155670,5.523944,113|114|115|116|117|118,0.5643
7028.600367,-0.415911,-20.749321,-0.009976,16.894737,-0.024873,-0.005555,-5.522711,-0.150116,5.524750,113|114|115|116|117|118,0.5650
7028.617033,-0.403668,-20.759764,-0.009730,16.901812,-0.024081,-0.005774,-5.524085,-0.144277,5.525968,113|114|115|116|117|118,0.5650
7028.633700,-0.393285,-20.768310,-0.010202,16.908054,-0.024543,-0.005789,-5.525660,-0.138189,5.527388,113|114|115|116|117|118,0.5645
7028.650367,-0.401868,-20.759477,-0.010237,16.922772,-0.025264,-0.004697,-5.545197,-0.142114,5.547018,113|114|115|116|117|118,0.5642
7028.667033,-0.401868,-20.759475,-0.010238,16.929942,-0.024817,-0.004612,-5.552367,-0.142561,5.554197,113|114|115|116|117|118,0.5638
7028.683700,-0.413424,-20.794803,-0.008974,16.929942,-0.024817,-0.004612,-5.533192,-0.148914,5.535195,113|114|115|116|117|118,0.5638
7028.700367,-0.406319,-20.802575,-0.009213,16.937010,-0.024388,-0.004634,-5.536021,-0.145498,5.537933,113|114|115|116|117|118,0.5631
7028.717033,-0.406320,-20.802575,-0.009216,16.950409,-0.025077,-0.004970,-5.549420,-0.144810,5.551309,113|114|115|116|117|118,0.5637
7028.733700,-0.401591,-20.813503,-0.009715,16.950409,-0.025077,-0.004970,-5.543471,-0.142262,5.545296,113|114|115|116|117|118,0.5627
7028.750367,-0.401592,-20.813502,-0.009715,16.965582,-0.025076,-0.005110,-5.558645,-0.142263,5.560465,113|114|115|116|117|118,0.5630
7028.767033,-0.408424,-20.816713,-0.009909,16.965582,-0.025076,-0.005110,-5.556914,-0.145983,5.558831,113|114|115|116|117|118,0.5635
7028.783700,-0.407164,-20.846110,-0.009833,16.972934,-0.024651,-0.005044,-5.548287,-0.145783,5.550202,113|114|115|116|117|118,0.5637
7028.800367,-0.407164,-20.846111,-0.009831,16.979856,-0.024058,-0.004826,-5.555208,-0.146377,5.557136,113|114|115|116|117|118,0.5637
7028.817033,-0.391883,-20.862300,-0.009156,16.986645,-0.023701,-0.004952,-5.553168,-0.138463,5.554894,113|114|115|116|117|118,0.5630
7028.833700,-0.386995,-20.866154,-0.009611,16.993019,-0.024488,-0.004886,-5.557437,-0.135026,5.559077,113|114|115|116|117|118,0.5635
7028.850367,-0.398109,-20.865910,-0.009457,17.000413,-0.024619,-0.005348,-5.564987,-0.140935,5.566771,113|114|115|116|117|118,0.5633
7028.867033,-0.398110,-20.865910,-0.009458,17.008275,-0.024168,-0.005405,-5.572848,-0.141387,5.574642,113|114|115|116|117|118,0.5636
7028.883700,-0.391098,-20.897851,-0.010623,17.015752,-0.023669,-0.005454,-5.562951,-0.138140,5.564666,113|114|115|116|117|118,0.5641
7028.917033,-0.391096,-20.897850,-0.010624,17.036279,-0.024903,-0.004952,-5.583479,-0.136906,5.585157,113|114|115|116|117|118,0.5654
7028.933700,-0.386362,-20.909287,-0.010681,17.044056,-0.025052,-0.004668,-5.585031,-0.134207,5.586644,113|114|115|116|117|118,0.5648
7028.967033,-0.391792,-20.912405,-0.011147,17.058358,-0.024379,-0.004382,-5.597649,-0.137838,5.599346,113|114|115|116|117|118,0.5654
7028.983700,-0.395052,-20.954935,-0.010529,17.058358,-0.024379,-0.004382,-5.574542,-0.139697,5.576292,113|114|115|116|117|118|119,0.5592
7029.000367,-0.391418,-20.963420,-0.010554,17.071911,-0.025012,-0.004314,-5.583477,-0.137107,5.585160,113|114|115|116|117|118|119,0.5651
7029.017033,-0.391417,-20.963420,-0.010554,17.079354,-0.024960,-0.004219,-5.590920,-0.137158,5.592602,113|114|115|116|117|118|119,0.5652
7029.033700,-0.399894,-20.971325,-0.010597,17.086812,-0.024925,-0.004152,-5.594099,-0.141816,5.595896,113|114|115|116|117|118|119,0.5591
7029.050367,-0.398508,-20.986849,-0.009967,17.086812,-0.024925,-0.004152,-5.585659,-0.141095,5.587441,114|115|116|117|118|119,0.5665
7029.067033,-0.398508,-20.986849,-0.009969,17.094308,-0.024845,-0.004005,-5.593155,-0.141175,5.594936,114|115|116|117|118|119,0.5655
7029.083700,-0.395762,-21.014582,-0.009868,17.100855,-0.025291,-0.004057,-5.584624,-0.139293,5.586361,114|115|116|117|118|119,0.5628
7029.100367,-0.402133,-21.015191,-0.010221,17.107394,-0.025708,-0.004092,-5.590845,-0.142341,5.592657,114|115|116|117|118|119,0.5635
7029.117033,-0.407522,-21.015863,-0.010586,17.114419,-0.025544,-0.003922,-5.597516,-0.145435,5.599405,114|115|116|117|118|119,0.5637
7029.133700,-0.407522,-21.015864,-0.010585,17.129371,-0.025662,-0.003879,-5.612467,-0.145316,5.614348,114|115|116|117|118|119,0.5644
7029.150367,-0.405409,-21.024567,-0.010594,17.136360,-0.025499,-0.003617,-5.614722,-0.144349,5.616577,114|115|116|117|118|119,0.5644
7029.167033,-0.406503,-21.046714,-0.010508,17.136360,-0.025499,-0.003617,-5.602688,-0.144989,5.604564,114|115|116|117|118|119,0.5645
7029.183700,-0.404094,-21.054896,-0.009966,17.143345,-0.025395,-0.003731,-5.605221,-0.143801,5.607066,114|115|116|117|118|119,0.5656
7029.200367,-0.402895,-21.062088,-0.009641,17.150184,-0.025434,-0.003968,-5.608150,-0.143125,5.609976,114|115|116|117|118|119,0.5644
7029.217033,-0.402895,-21.062088,-0.009645,17.164966,-0.025450,-0.004101,-5.622932,-0.143109,5.624753,114|115|116|117|118|119,0.5649
7029.233700,-0.402304,-21.083769,-0.010247,17.164966,-0.025450,-0.004101,-5.611148,-0.142832,5.612965,114|115|116|117|118|119,0.5644
7029.250367,-0.402304,-21.083766,-0.010246,17.172297,-0.025245,-0.004078,-5.618480,-0.143038,5.620300,114|115|116|117|118|119,0.5635
7029.267033,-0.398380,-21.109197,-0.010092,17.185045,-0.026171,-0.004011,-5.617399,-0.140032,5.619144,114|115|116|117|118|119,0.5623
7029.283700,-0.404726,-21.106996,-0.009541,17.185045,-0.026171,-0.004011,-5.618607,-0.143476,5.620439,114|115|116|117|118|119,0.5640
7029.300367,-0.411993,-21.106622,-0.009444,17.192457,-0.026607,-0.003890,-5.626238,-0.146989,5.628158,114|115|116|117|118|119,0.5638
7029.317033,-0.418115,-21.125042,-0.009444,17.199763,-0.026437,-0.003506,-5.623546,-0.150523,5.625560,114|115|116|117|118|119,0.5637
7029.333700,-0.414090,-21.136603,-0.009133,17.206842,-0.026160,-0.003486,-5.624333,-0.148637,5.626297,114|115|116|117|118|119,0.5641
7029.350367,-0.414090,-21.136605,-0.009132,17.220863,-0.025645,-0.003616,-5.638353,-0.149152,5.640325,114|115|116|117|118|119,0.5652
7029.367033,-0.406150,-21.156399,-0.009305,17.220863,-0.025645,-0.003616,-5.627579,-0.144877,5.629444,114|115|116|117|118|119,0.5652
7029.383700,-0.402204,-21.166354,-0.009325,17.234309,-0.025797,-0.003527,-5.635608,-0.142602,5.637411,114|115|116|117|118|119,0.5643
7029.400367,-0.406759,-21.168169,-0.009271,17.241385,-0.025861,-0.003368,-5.641706,-0.145017,5.643570,114|115|116|117|118|119,0.5645
7029.417033,-0.406758,-21.168167,-0.009269,17.248551,-0.025898,-0.003323,-5.648873,-0.144979,5.650733,114|115|116|117|118|119,0.5651
7029.433700,-0.403887,-21.175428,-0.009005,17.255417,-0.026003,-0.003482,-5.651787,-0.143329,5.653604,114|115|116|117|118|119,0.5659
7029.483700,-0.404814,-21.187604,-0.008704,17.276771,-0.027082,-0.003165,-5.666525,-0.142779,5.668324,114|115|116|117|118|119,0.5623
7029.500367,-0.418156,-21.200587,-0.008952,17.283682,-0.026718,-0.003048,-5.666408,-0.150420,5.668404,114|115|116|117|118|119,0.5632
7029.517033,-0.419642,-21.218599,-0.008768,17.290623,-0.026534,-0.003017,-5.663564,-0.151449,5.665588,114|115|116|117|118|119,0.5643
7029.533700,-0.414889,-21.244022,-0.008380,17.290623,-0.026534,-0.003017,-5.649737,-0.148918,5.651699,114|115|116|117|118|119|120|121,0.5628
7029.550367,-0.414875,-21.244040,-0.008395,17.303924,-0.026854,-0.003548,-5.663028,-0.148590,5.664977,114|115|116|117|118|119|120|121,0.5523
7029.567033,-0.415632,-21.255205,-0.007273,17.311180,-0.026924,-0.003626,-5.664218,-0.148955,5.666176,114|116|117|118|119|120|121,0.5561
7029.600367,-0.416939,-21.274260,-0.008819,17.318569,-0.027018,-0.003679,-5.661253,-0.149610,5.663230,116|117|118|119|120|121,0.5638
7029.617033,-0.417841,-21.288928,-0.008687,17.326002,-0.027019,-0.003627,-5.660716,-0.150129,5.662706,116|117|118|119|120|121,0.5629
7029.633700,-0.417536,-21.302069,-0.008715,17.332728,-0.027341,-0.003599,-5.660300,-0.149670,5.662279,116|117|118|119|120|121,0.5615
7029.650367,-0.422092,-21.302718,-0.008703,17.339356,-0.027816,-0.003493,-5.666585,-0.151672,5.668615,116|117|118|119|120|121,0.5627
7029.667033,-0.429409,-21.306165,-0.008554,17.346922,-0.028048,-0.003502,-5.672293,-0.155423,5.674422,116|117|118|119|120|121,0.5621
7029.683700,-0.431705,-21.322220,-0.008315,17.361109,-0.026970,-0.003552,-5.677758,-0.157782,5.679950,116|117|118|119|120|121,0.5616
7029.700367,-0.431704,-21.322218,-0.008313,17.368142,-0.026492,-0.003623,-5.684793,-0.158260,5.686996,116|117|118|119|120|121,0.5633
7029.717033,-0.423389,-21.330133,-0.008404,17.375150,-0.026030,-0.003645,-5.687482,-0.154219,5.689572,116|117|118|119|120|121,0.5645
7029.750367,-0.416306,-21.338109,-0.008216,17.389053,-0.026398,-0.003526,-5.697036,-0.150018,5.699011,116|117|118|119|120|121,0.5649
7029.767033,-0.406850,-21.354357,-0.008943,17.389053,-0.026398,-0.003526,-5.688186,-0.144912,5.690031,116|117|118|119|120|121,0.5649
7029.817033,-0.406852,-21.354352,-0.008942,17.417468,-0.026831,-0.003592,-5.716603,-0.144480,5.718429,116|117|118|119|120|121,0.5628
7029.833700,-0.404471,-21.404576,-0.009310,17.424554,-0.026587,-0.003573,-5.696390,-0.143534,5.698198,116|117|118|119|120|121,0.5633
7029.867033,-0.409124,-21.412616,-0.009292,17.431960,-0.026581,-0.003148,-5.699436,-0.146085,5.701308,116|117|118|119|120|121,0.5640
7029.883700,-0.409120,-21.412615,-0.009288,17.446574,-0.026044,-0.003059,-5.714050,-0.146620,5.715931,116|117|118|119|120|121,0.5643
7029.900367,-0.406932,-21.437501,-0.008460,17.446574,-0.026044,-0.003059,-5.700521,-0.145482,5.702377,116|117|118|119|120|121,0.5643
7029.917033,-0.401409,-21.445176,-0.008279,17.460153,-0.025511,-0.002999,-5.709917,-0.143029,5.711708,116|117|118|119|120|121,0.5638
7029.933700,-0.401410,-21.445179,-0.008282,17.460153,-0.025511,-0.002999,-5.709915,-0.143029,5.711706,116|117|118|119|120|121,0.5642
7029.950367,-0.393958,-21.456812,-0.008305,17.467253,-0.025801,-0.003061,-5.710677,-0.138714,5.712362,116|117|118|119|120|121,0.5635
7029.967033,-0.397764,-21.467695,-0.008273,17.474824,-0.025476,-0.003058,-5.712342,-0.141130,5.714085,116|117|118|119|120|121,0.5637
7029.983700,-0.392690,-21.482243,-0.008236,17.482323,-0.025075,-0.003018,-5.711924,-0.138803,5.713610,116|117|118|119|120|121,0.5637
7030.000367,-0.392690,-21.482241,-0.008234,17.495696,-0.025603,-0.002761,-5.725298,-0.138275,5.726967,116|117|118|119|120|121,0.5633
7030.017033,-0.386818,-21.494973,-0.008277,17.502398,-0.025621,-0.002721,-5.725069,-0.135092,5.726662,116|117|118|119|120|121,0.5646
7030.033700,-0.394079,-21.500783,-0.007825,17.502398,-0.025621,-0.002721,-5.721926,-0.139050,5.723615,116|117|118|119|120|121,0.5644
7030.050367,-0.392656,-21.501824,-0.008252,17.517277,-0.025882,-0.001912,-5.736236,-0.138019,5.737896,116|117|118|119|120|121|122,0.5590
7030.067033,-0.396253,-21.520236,-0.008102,17.517277,-0.025882,-0.001912,-5.726237,-0.140011,5.727948,116|117|118|119|120|121|122,0.5595
7030.083700,-0.395940,-21.521254,-0.008046,17.531672,-0.025896,-0.002111,-5.740078,-0.139829,5.741781,117|118|119|120|121|122,0.5644
7030.100367,-0.397488,-21.546579,-0.007931,17.531672,-0.025896,-0.002111,-5.726317,-0.140722,5.728046,117|118|119|120|121|122,0.5641
7030.117033,-0.399117,-21.555046,-0.008327,17.538344,-0.026209,-0.002217,-5.728392,-0.141312,5.730135,117|118|119|120|121|122,0.5649
7030.133700,-0.402719,-21.559418,-0.008581,17.545376,-0.026011,-0.002201,-5.733054,-0.143476,5.734849,117|118|119|120|121|122,0.5637
7030.150367,-0.400012,-21.568538,-0.008554,17.559570,-0.026154,-0.001918,-5.742287,-0.141881,5.744039,117|118|119|120|121|122,0.5642
7030.167033,-0.400462,-21.580502,-0.008417,17.559570,-0.026154,-0.001918,-5.735785,-0.142150,5.737547,117|118|119|120|121|122,0.5633
7030.183700,-0.400466,-21.580501,-0.008418,17.573350,-0.026828,-0.001940,-5.749567,-0.141479,5.751307,117|118|119|120|121|122,0.5623
7030.200367,-0.403224,-21.607099,-0.008265,17.573350,-0.026828,-0.001940,-5.735117,-0.143032,5.736900,117|118|119|120|121|122,0.5615
7030.217033,-0.403224,-21.607100,-0.008268,17.580366,-0.026761,-0.001930,-5.742132,-0.143099,5.743915,117|118|119|120|121|122,0.5623
7030.250367,-0.409895,-21.620248,-0.008355,17.594404,-0.026695,-0.001867,-5.749038,-0.146818,5.750913,117|118|119|120|121|122,0.5649
7030.267033,-0.410343,-21.627534,-0.008291,17.601478,-0.026841,-0.001849,-5.752154,-0.146929,5.754030,117|118|119|120|121|122,0.5644
7030.283700,-0.412264,-21.635533,-0.007972,17.608302,-0.026950,-0.001782,-5.754634,-0.147882,5.756534,117|118|119|120|121|122,0.5645
7030.300367,-0.413662,-21.643872,-0.008127,17.622850,-0.026320,-0.001797,-5.764652,-0.149288,5.766585,117|118|119|120|121|122,0.5636
7030.333700,-0.413658,-21.643875,-0.008128,17.637370,-0.026397,-0.001746,-5.779171,-0.149210,5.781097,117|118|119|120|121|122,0.5642
7030.350367,-0.403303,-21.675889,-0.007475,17.644609,-0.026283,-0.001750,-5.768990,-0.143761,5.770781,117|118|119|120|121|122,0.5643
7030.367033,-0.405493,-21.689404,-0.007976,17.644609,-0.026283,-0.001750,-5.761650,-0.144979,5.763474,117|118|119|120|121|122,0.5632
7030.383700,-0.405493,-21.689404,-0.007975,17.657886,-0.026797,-0.001598,-5.774927,-0.144465,5.776733,117|118|119|120|121|122,0.5617
7030.400367,-0.403834,-21.698547,-0.008235,17.664768,-0.026760,-0.001528,-5.776836,-0.143619,5.778621,117|118|119|120|121|122,0.5616
7030.433700,-0.411271,-21.698796,-0.007793,17.679021,-0.026966,-0.001504,-5.790970,-0.147456,5.792847,117|118|119|120|121|122,0.5642
7030.467033,-0.411087,-21.713312,-0.007518,17.686008,-0.027017,-0.001504,-5.790066,-0.147335,5.791941,117|118|119|120|121|122,0.5640
7030.483700,-0.414418,-21.746205,-0.006505,17.700319,-0.026788,-0.001405,-5.786509,-0.149442,5.788438,117|118|119|120|121|122,0.5643
7030.500367,-0.410487,-21.760391,-0.007022,17.700319,-0.026788,-0.001405,-5.778790,-0.147335,5.780668,117|118|119|120|121|122,0.5626
7030.533700,-0.410660,-21.775181,-0.006963,17.713711,-0.026619,-0.001150,-5.784145,-0.147629,5.786029,117|118|119|120|121|122,0.5634
7030.550367,-0.411236,-21.775748,-0.005634,17.720182,-0.026822,-0.001135,-5.790309,-0.147740,5.792193,117|118|119|120|121|122|124,0.5560
7030.567033,-0.407435,-21.780069,-0.007385,17.734048,-0.027225,-0.001225,-5.801818,-0.145280,5.803637,117|118|119|120|121|122|123|124,0.5636
7030.583700,-0.410515,-21.786111,-0.007035,17.734048,-0.027225,-0.001225,-5.798541,-0.146966,5.800403,117|118|119|120|121|122|123|124,0.5646
7030.600367,-0.414657,-21.792620,-0.007262,17.748215,-0.027289,-0.001197,-5.809179,-0.149167,5.811094,117|118|119|120|121|122|123|124,0.5530
7030.617033,-0.415481,-21.801353,-0.008377,17.755305,-0.027360,-0.001199,-5.811524,-0.149561,5.813449,119|120|121|122|123|124,0.5660
7030.633700,-0.416621,-21.822865,-0.008131,17.755305,-0.027360,-0.001199,-5.799836,-0.150225,5.801781,119|120|121|122|123|124,0.5646
7030.650367,-0.417772,-21.834918,-0.008362,17.762158,-0.027369,-0.001229,-5.800141,-0.150867,5.802103,119|120|121|122|123|124,0.5654
7030.667033,-0.418118,-21.845981,-0.008493,17.769008,-0.027671,-0.001276,-5.800979,-0.150775,5.802938,119|120|121|122|123|124,0.5640
7030.683700,-0.422274,-21.852148,-0.007736,17.775947,-0.027629,-0.001296,-5.804576,-0.153089,5.806594,119|120|121|122|123|124,0.5640
7030.700367,-0.422276,-21.852146,-0.007732,17.789968,-0.027652,-0.001390,-5.818597,-0.153067,5.820610,119|120|121|122|123|124,0.5653
7030.717033,-0.421046,-21.868994,-0.007848,17.789968,-0.027652,-0.001390,-5.809438,-0.152433,5.811438,119|120|121|122|123|124,0.5659
7030.733700,-0.421049,-21.868995,-0.007853,17.804138,-0.028132,-0.001471,-5.823608,-0.151955,5.825590,119|120|121|122|123|124,0.5656
7030.767033,-0.429917,-21.893065,-0.007338,17.817798,-0.027828,-0.000736,-5.824205,-0.157128,5.826324,119|120|121|122|123|124,0.5643
7030.783700,-0.429911,-21.893065,-0.007335,17.824587,-0.027587,0.000077,-5.830993,-0.157366,5.833116,119|120|121|122|123|124,0.5640
7030.800367,-0.429335,-21.898612,-0.007617,17.831231,-0.027383,0.000674,-5.834622,-0.157268,5.836741,119|120|121|122|123|124,0.5644
7030.833700,-0.418359,-21.928002,-0.004956,17.837877,-0.027199,0.001366,-5.825272,-0.151547,5.827243,119|120|121|122|123|124,0.5648
7030.850367,-0.416330,-21.938637,-0.003774,17.851364,-0.026344,0.003197,-5.832976,-0.151322,5.834938,119|120|121|122|123|124,0.5630
7030.867033,-0.415139,-21.949891,-0.004047,17.851364,-0.026344,0.003197,-5.826857,-0.150698,5.828805,119|120|121|122|123|124,0.5614
7030.883700,-0.415140,-21.949891,-0.004048,17.857352,-0.026085,0.004229,-5.832845,-0.150957,5.834798,119|120|121|122|123|124,0.5631
7030.900367,-0.404050,-21.956351,-0.003009,17.869326,-0.026204,0.006936,-5.841285,-0.144824,5.843080,119|120|121|122|123|124,0.5647
7030.933700,-0.410970,-21.972469,0.000969,17.883353,-0.026350,0.009750,-5.846566,-0.148472,5.848451,119|120|121|122|123|124,0.5643
7030.950367,-0.410971,-21.972468,0.000970,17.883353,-0.026350,0.009750,-5.846566,-0.148473,5.848451,119|120|121|122|123|124,0.5637
7030.967033,-0.416665,-21.987118,0.002311,17.890069,-0.025554,0.011261,-5.845333,-0.152394,5.847319,119|120|121|122|123|124,0.5640
7030.983700,-0.411395,-22.000948,0.003525,17.902052,-0.025314,0.013936,-5.849788,-0.149798,5.851706,119|120|121|122|123|124,0.5646
7031.017033,-0.396420,-22.007980,0.007607,17.908801,-0.026126,0.013986,-5.852686,-0.140862,5.854380,119|120|121|122|123|124,0.5658
7031.033700,-0.396416,-22.007980,0.007608,17.923964,-0.025644,0.013687,-5.867848,-0.141341,5.869550,119|120|121|122|123|124,0.5658
7031.050367,-0.409278,-22.013251,0.007612,17.923964,-0.025644,0.013687,-5.865011,-0.148342,5.866886,119|120|121|122|123|124,0.5666
7031.067033,-0.403707,-22.043308,0.007275,17.931545,-0.024797,0.013624,-5.856244,-0.146224,5.858069,119|120|121|122|123|124,0.5657
7031.083700,-0.403709,-22.043307,0.007275,17.945487,-0.024235,0.013556,-5.870187,-0.146787,5.872022,119|120|121|122|123|124,0.5650
7031.100367,-0.393129,-22.056595,0.006463,17.952706,-0.024668,0.013456,-5.870162,-0.140631,5.871846,119|120|121|122|123|124|125,0.5652
7031.117033,-0.388533,-22.067510,0.007258,17.952706,-0.024668,0.013456,-5.864220,-0.138156,5.865848,119|120|121|122|123|124|125,0.5649
7031.133700,-0.387765,-22.067704,0.007700,17.967750,-0.023713,0.013234,-5.879158,-0.138694,5.880793,120|121|122|123|124|125,0.5641
7031.150367,-0.394871,-22.078660,0.007384,17.967750,-0.023713,0.013234,-5.873218,-0.142578,5.874948,120|121|122|123|124|125,0.5640
7031.183700,-0.385029,-22.106596,0.007559,17.980962,-0.023841,0.013289,-5.871227,-0.137159,5.872829,120|121|122|123|124|125,0.5648
7031.200367,-0.388542,-22.106713,0.007561,17.995465,-0.024457,0.013327,-5.885674,-0.138453,5.887303,120|121|122|123|124|125,0.5653
7031.217033,-0.388541,-22.106713,0.007560,18.002893,-0.024311,0.013344,-5.893102,-0.138597,5.894732,120|121|122|123|124|125,0.5650
7031.233700,-0.400700,-22.116140,0.007899,18.002893,-0.024311,0.013344,-5.888004,-0.145225,5.889794,120|121|122|123|124|125,0.5657
7031.250367,-0.399638,-22.133137,0.007806,18.017239,-0.024602,0.013235,-5.893110,-0.144392,5.894879,120|121|122|123|124|125,0.5658
7031.267033,-0.398036,-22.162931,0.007720,18.024047,-0.025069,0.013237,-5.883723,-0.143117,5.885463,120|121|122|123|124|125,0.5643
7031.300367,-0.398036,-22.162933,0.007719,18.037967,-0.024414,0.013267,-5.897642,-0.143771,5.899394,120|121|122|123|124|125,0.5627
7031.317033,-0.414824,-22.183675,0.006963,18.037967,-0.024414,0.013267,-5.886404,-0.152938,5.888390,120|121|122|123|124|125,0.5617
7031.333700,-0.405818,-22.189071,0.006412,18.044982,-0.023954,0.013324,-5.890467,-0.148514,5.892339,120|121|122|123|124|125,0.5618
7031.350367,-0.400561,-22.196404,0.006223,18.052000,-0.023490,0.013370,-5.893489,-0.146136,5.895301,120|121|122|123|124|125,0.5625
7031.367033,-0.395350,-22.203732,0.006667,18.058529,-0.023646,0.013192,-5.896024,-0.143164,5.897762,120|121|122|123|124|125,0.5616
7031.383700,-0.399566,-22.202298,0.006559,18.065454,-0.024273,0.012172,-5.903738,-0.144824,5.905514,120|121|122|123|124|125,0.5618
7031.400367,-0.399565,-22.202298,0.006560,18.072952,-0.024204,0.011793,-5.911236,-0.144893,5.913012,120|121|122|123|124|125,0.5622
7031.417033,-0.406288,-22.230640,0.005432,18.080395,-0.024091,0.011806,-5.903290,-0.148718,5.905163,120|121|122|123|124|125,0.5635
7031.433700,-0.406288,-22.230639,0.005433,18.087669,-0.023648,0.012094,-5.910564,-0.149161,5.912446,120|121|122|123|124|125,0.5638
7031.450367,-0.399793,-22.257352,0.005576,18.094393,-0.023607,0.011993,-5.902757,-0.145727,5.904555,120|121|122|123|124|125,0.5636
7031.467033,-0.399793,-22.257353,0.005576,18.107881,-0.024406,0.012069,-5.916245,-0.144928,5.918019,120|121|122|123|124|125,0.5639
7031.483700,-0.403546,-22.261003,0.005417,18.115211,-0.023884,0.012115,-5.921598,-0.147498,5.923435,120|121|122|123|124|125,0.5640
7031.500367,-0.403545,-22.261002,0.005417,18.122306,-0.023361,0.012112,-5.928694,-0.148020,5.930541,120|121|122|123|124|125,0.5633
7031.517033,-0.408008,-22.283140,0.005861,18.129298,-0.022837,0.012028,-5.923664,-0.151015,5.925588,120|121|122|123|124|125,0.5636
7031.533700,-0.401877,-22.291841,0.005642,18.129298,-0.022837,0.012028,-5.918922,-0.147701,5.920765,120|121|122|123|124|125,0.5637
7031.550367,-0.401877,-22.291841,0.005642,18.135634,-0.023030,0.012061,-5.925258,-0.147508,5.927094,120|121|122|123|124|125,0.5632
7031.567033,-0.395878,-22.300600,0.005669,18.142397,-0.023646,0.012462,-5.927249,-0.143650,5.928990,120|121|122|123|124|125,0.5636
7031.600367,-0.399779,-22.299923,0.005557,18.157819,-0.023483,0.012758,-5.943046,-0.145932,5.944837,120|121|122|123|124|125,0.5648
7031.617033,-0.410130,-22.343273,0.004885,18.164775,-0.022782,0.012863,-5.926464,-0.152347,5.928422,120|121|122|123|124|125|126|127,0.5638
7031.633700,-0.402353,-22.350485,0.004998,18.171851,-0.022235,0.012842,-5.929605,-0.148682,5.931469,120|121|122|123|124|125|126|127,0.5590
7031.650367,-0.401866,-22.350948,0.005448,18.184744,-0.022655,0.012822,-5.942245,-0.147999,5.944088,120|122|123|124|125|126|127,0.5574
7031.683700,-0.395829,-22.360067,0.005404,18.199642,-0.022118,0.013184,-5.952174,-0.145273,5.953947,122|123|124|125|126|127,0.5642
7031.700367,-0.405824,-22.362477,0.006007,18.206839,-0.021746,0.013068,-5.958083,-0.151082,5.959998,122|123|124|125|126|127,0.5638
7031.717033,-0.405302,-22.378946,0.006549,18.213478,-0.022060,0.013025,-5.955770,-0.150518,5.957672,122|123|124|125|126|127,0.5651
7031.733700,-0.400848,-22.391234,0.006581,18.220202,-0.022435,0.013111,-5.955807,-0.147748,5.957639,122|123|124|125|126|127,0.5647
7031.750367,-0.402994,-22.402016,0.006029,18.220202,-0.022435,0.013111,-5.949951,-0.148937,5.951815,122|123|124|125|126|127,0.5655
7031.767033,-0.402994,-22.402017,0.006028,18.235478,-0.023168,0.013112,-5.965227,-0.148203,5.967067,122|123|124|125|126|127,0.5658
7031.783700,-0.418346,-22.426239,0.005883,18.235478,-0.023168,0.013112,-5.952094,-0.156597,5.954154,122|123|124|125|126|127,0.5652
7031.800367,-0.422415,-22.446978,0.005719,18.242715,-0.022490,0.013540,-5.948068,-0.159529,5.950207,122|123|124|125|126|127,0.5644
7031.817033,-0.422414,-22.446979,0.005717,18.249576,-0.022236,0.013552,-5.954929,-0.159783,5.957072,122|123|124|125|126|127,0.5640
7031.833700,-0.412705,-22.452390,0.006476,18.255956,-0.022134,0.013598,-5.958349,-0.154619,5.960354,122|123|124|125|126|127,0.5643
7031.850367,-0.410215,-22.450883,0.006297,18.262960,-0.022947,0.013822,-5.966166,-0.152449,5.968113,122|123|124|125|126|127,0.5651
7031.867033,-0.410215,-22.450882,0.006298,18.277281,-0.022534,0.013938,-5.980488,-0.152863,5.982441,122|123|124|125|126|127,0.5658
7031.883700,-0.424074,-22.475145,0.006716,18.277281,-0.022534,0.013938,-5.967330,-0.160444,5.969487,122|123|124|125|126|127,0.5656
7031.900367,-0.420486,-22.480820,0.006764,18.284073,-0.022183,0.013933,-5.971030,-0.158857,5.973143,122|123|124|125|126|127,0.5655
7031.917033,-0.420485,-22.480821,0.006763,18.298237,-0.022223,0.013953,-5.985194,-0.158817,5.987300,122|123|124|125|126|127,0.5648
7031.933700,-0.416998,-22.486545,0.007155,18.306050,-0.022017,0.013866,-5.989889,-0.157139,5.991950,122|123|124|125|126|127,0.5653
7031.950367,-0.413811,-22.492907,0.006451,18.313765,-0.020897,0.013841,-5.994139,-0.156541,5.996183,122|123|124|125|126|127,0.5647
7031.967033,-0.420683,-22.505522,0.006471,18.313765,-0.020897,0.013841,-5.987297,-0.160301,5.989443,122|123|124|125|126|127,0.5636
7031.983700,-0.419085,-22.525336,0.006591,18.321434,-0.019806,0.013810,-5.984195,-0.160565,5.986348,122|123|124|125|126|127,0.5636
7032.000367,-0.391043,-22.554505,0.007002,18.328358,-0.019474,0.013884,-5.975209,-0.145717,5.976986,122|123|124|125|126|127,0.5635
7032.017033,-0.388169,-22.557368,0.007076,18.334489,-0.019915,0.014080,-5.979778,-0.143720,5.981505,122|123|124|125|126|127,0.5650
7032.033700,-0.395587,-22.550064,0.007484,18.341415,-0.020517,0.013826,-5.990689,-0.147134,5.992495,122|123|124|125|126|127,0.5643
7032.050367,-0.395588,-22.550064,0.007483,18.356662,-0.020020,0.013824,-6.005936,-0.147631,6.007750,122|123|124|125|126|127,0.5646
7032.067033,-0.403831,-22.575918,0.007379,18.356662,-0.020020,0.013824,-5.991901,-0.152165,5.993833,122|123|124|125|126|127,0.5653
7032.083700,-0.400317,-22.588501,0.007421,18.370758,-0.019081,0.013797,-5.999152,-0.151220,6.001058,122|123|124|125|126|127,0.5642
7032.100367,-0.400316,-22.588501,0.007422,18.370758,-0.019081,0.013797,-5.999152,-0.151220,6.001058,122|123|124|125|126|127,0.5653
7032.117033,-0.392911,-22.596629,0.007278,18.384260,-0.020388,0.013595,-6.008222,-0.145904,6.009993,122|123|124|125|126|127,0.5657
7032.133700,-0.399789,-22.600402,0.007696,18.392157,-0.019707,0.013544,-6.014082,-0.150332,6.015961,122|123|124|125|126|127,0.5658
7032.150367,-0.399790,-22.600401,0.007697,18.392157,-0.019707,0.013544,-6.014082,-0.150332,6.015961,122|123|124|125|126|127,0.5657
7032.167033,-0.402322,-22.626810,0.007226,18.399693,-0.019007,0.013523,-6.007271,-0.152462,6.009206,122|123|124|125|126|127,0.5575
7032.183700,-0.393232,-22.639594,0.007683,18.413892,-0.018199,0.013781,-6.014504,-0.148357,6.016333,123|124|125|126|127,0.5673
7032.200367,-0.393231,-22.639594,0.007684,18.413892,-0.018199,0.013781,-6.014504,-0.148356,6.016333,123|124|125|126|127,0.5664
7032.217033,-0.384279,-22.651607,0.007666,18.428269,-0.018381,0.014047,-6.022334,-0.143334,6.024039,123|124|125|126|127,0.5658
7032.233700,-0.384239,-22.656642,0.006729,18.428269,-0.018381,0.014047,-6.019597,-0.143323,6.021303,123|124|125|126|127,0.5652
7032.250367,-0.387543,-22.661612,0.006635,18.435557,-0.017799,0.014070,-6.024190,-0.145710,6.025952,123|124|125|126|127,0.5651
7032.267033,-0.381983,-22.688152,0.007681,18.449075,-0.017702,0.014193,-6.023273,-0.142840,6.024966,123|124|125|126|127,0.5658
7032.283700,-0.381982,-22.688152,0.007681,18.449075,-0.017702,0.014193,-6.023273,-0.142840,6.024967,123|124|125|126|127,0.5657
7032.317033,-0.377409,-22.698317,0.007013,18.463086,-0.018262,0.014804,-6.031751,-0.139815,6.033371,123|124|125|126|127,0.5651
7032.333700,-0.390194,-22.699050,0.007708,18.470763,-0.018438,0.014967,-6.039056,-0.146589,6.040834,123|124|125|126|127,0.5659
7032.350367,-0.399802,-22.737626,0.008462,18.478196,-0.018296,0.015851,-6.025543,-0.152032,6.027461,123|124|125|126|127,0.5658
7032.383700,-0.399802,-22.737626,0.008463,18.491439,-0.018298,0.015842,-6.038786,-0.152030,6.040700,123|124|125|126|127,0.5653
7032.400367,-0.399598,-22.753981,0.008952,18.498121,-0.018362,0.016007,-6.036579,-0.151889,6.038489,123|124|125|126|127,0.5645
7032.417033,-0.399598,-22.753982,0.008951,18.512731,-0.017818,0.016001,-6.051188,-0.152432,6.053108,123|124|125|126|127,0.5651
7032.433700,-0.402125,-22.758231,0.009685,18.519831,-0.017405,0.015959,-6.055985,-0.154228,6.057948,123|124|125|126|127,0.5648
7032.467033,-0.392433,-22.791788,0.010358,18.532930,-0.017526,0.015495,-6.050827,-0.148908,6.052659,123|124|125|126|127,0.5651
7032.483700,-0.391248,-22.797797,0.010646,18.532930,-0.017526,0.015495,-6.047559,-0.148277,6.049376,123|124|125|126|127,0.5648
7032.500367,-0.396861,-22.795579,0.009979,18.540207,-0.017465,0.015097,-6.056052,-0.151384,6.057944,123|124|125|126|127,0.5638
7032.517033,-0.396934,-22.810098,0.009248,18.547541,-0.017388,0.014962,-6.055496,-0.151531,6.057391,123|124|125|126|127,0.5638
7032.550367,-0.397051,-22.840072,0.008971,18.568540,-0.017198,0.014788,-6.060204,-0.151846,6.062107,123|124|125|126|127,0.5636
7032.567033,-0.397051,-22.840072,0.008972,18.568540,-0.017198,0.014788,-6.060205,-0.151846,6.062107,123|124|125|126|127,0.5643
7032.583700,-0.392609,-22.850494,0.008625,18.575113,-0.017588,0.014704,-6.061105,-0.149063,6.062937,123|124|125|126|127,0.5635
7032.600367,-0.406184,-22.853327,0.007787,18.582419,-0.017346,0.014718,-6.066899,-0.156689,6.068922,123|124|125|126|127,0.5628
7032.617033,-0.403908,-22.866010,0.007644,18.589441,-0.017012,0.014716,-6.067024,-0.155812,6.069024,123|124|125|126|127,0.5632
7032.633700,-0.400614,-22.874265,0.008012,18.596343,-0.016652,0.014623,-6.069432,-0.154399,6.071396,123|124|125|126|127,0.5639
7032.650367,-0.400614,-22.874266,0.008012,18.609748,-0.016550,0.014660,-6.082837,-0.154500,6.084799,123|124|125|126|127,0.5637
7032.667033,-0.394708,-22.889623,0.007487,18.609748,-0.016550,0.014660,-6.074479,-0.151322,6.076363,123|124|125|126|127,0.5627
7032.683700,-0.398809,-22.890728,0.008008,18.624970,-0.016968,0.014890,-6.089108,-0.153136,6.091033,123|124|125|126|127,0.5632
7032.717033,-0.399248,-22.891265,0.007173,18.631997,-0.016318,0.014998,-6.095844,-0.154025,6.097789,125|126|127,0.5652
7032.733700,-0.408078,-22.927823,0.007200,18.639171,-0.015914,0.014984,-6.083169,-0.159304,6.085254,125|126|127,0.5659
7032.750367,-0.400166,-22.934256,0.007988,18.652807,-0.015890,0.014918,-6.093292,-0.155041,6.095264,125|126|127,0.5656
7032.767033,-0.395997,-22.942849,0.008076,18.659775,-0.015695,0.015000,-6.095581,-0.152987,6.097501,125|126|127,0.5652
7032.783700,-0.399522,-22.949077,0.008806,18.659775,-0.015695,0.015000,-6.092204,-0.154916,6.094173,125|126|127,0.5634
7032.800367,-0.398197,-22.959305,0.008448,18.667354,-0.015508,0.014998,-6.094221,-0.154404,6.096177,125|126|127,0.5639
7032.817033,-0.396909,-22.974353,0.008614,18.674353,-0.015193,0.015026,-6.093039,-0.154050,6.094986,125|126|127,0.5645
7032.833700,-0.396909,-22.974353,0.008614,18.681221,-0.015279,0.014699,-6.099907,-0.153964,6.101850,125|126|127,0.5645
7032.850367,-0.397225,-22.989734,0.008489,18.687993,-0.015499,0.014686,-6.098321,-0.153948,6.100264,125|126|127,0.5635
7032.867033,-0.401828,-22.992083,0.008523,18.695147,-0.015925,0.014449,-6.104207,-0.156027,6.106201,125|126|127,0.5643
7032.883700,-0.401827,-22.992082,0.008525,18.702426,-0.015775,0.014485,-6.111486,-0.156177,6.113482,125|126|127,0.5642
7032.917033,-0.406984,-23.033302,0.007785,18.717060,-0.015364,0.014369,-6.103730,-0.159476,6.105813,125|126|127,0.5657
7032.933700,-0.405499,-23.042986,0.008348,18.723871,-0.015537,0.014419,-6.105274,-0.158516,6.107332,125|126|127,0.5650
7032.950367,-0.405500,-23.042987,0.008347,18.737882,-0.016067,0.014578,-6.119285,-0.157986,6.121325,125|126|127,0.5646
7032.967033,-0.415170,-23.046207,0.008091,18.737882,-0.016067,0.014578,-6.117555,-0.163248,6.119733,125|126|127,0.5641
7032.983700,-0.420078,-23.058709,0.008640,18.751661,-0.015376,0.014637,-6.124550,-0.166632,6.126816,125|126|127,0.5639
7033.000367,-0.420078,-23.058709,0.008640,18.758661,-0.015046,0.014546,-6.131549,-0.166963,6.133822,125|126|127,0.5649
7033.017033,-0.413548,-23.071717,0.007879,18.758661,-0.015046,0.014546,-6.124466,-0.163441,6.126647,125|126|127,0.5655
7033.033700,-0.413549,-23.071717,0.007879,18.765903,-0.015108,0.014616,-6.131708,-0.163379,6.133884,125|126|127,0.5644
7033.050367,-0.413193,-23.090461,0.006300,18.773524,-0.015306,0.014492,-6.129141,-0.163026,6.131309,125|126|127,0.5646
7033.067033,-0.413193,-23.090461,0.006300,18.781359,-0.014254,0.014486,-6.136976,-0.164078,6.139169,125|126|127,0.5639
7033.083700,-0.403712,-23.123588,0.006397,18.789070,-0.013157,0.014475,-6.126664,-0.160090,6.128756,125|126|127,0.5651
7033.100367,-0.403712,-23.123588,0.006397,18.802552,-0.012923,0.014805,-6.140146,-0.160325,6.142239,125|126|127,0.5669
7033.117033,-0.389621,-23.138308,0.006777,18.802552,-0.012923,0.014805,-6.132117,-0.152697,6.134018,125|126|127,0.5659
7033.133700,-0.382628,-23.146979,0.006014,18.816879,-0.013727,0.014719,-6.141718,-0.148110,6.143504,125|126|127,0.5640
7033.150367,-0.398648,-23.141614,0.006014,18.816879,-0.013727,0.014719,-6.144667,-0.156806,6.146667,125|126|127,0.5628
7033.167033,-0.398648,-23.141613,0.006014,18.831337,-0.012571,0.014988,-6.159125,-0.157962,6.161150,125|126|127,0.5649
7033.183700,-0.398767,-23.172996,0.007379,18.831337,-0.012571,0.014988,-6.142069,-0.158091,6.144104,125|126|127,0.5587
7033.200367,-0.398755,-23.173043,0.007401,18.838411,-0.012013,0.014925,-6.149118,-0.158642,6.151164,125|126|127,0.5480
7033.217033,-0.383471,-23.189575,0.008600,18.851505,-0.013227,0.015002,-6.153196,-0.149156,6.155003,126|127,0.5637
7033.233700,-0.389366,-23.186521,0.008481,18.859142,-0.013097,0.014753,-6.162505,-0.152483,6.164391,126|127,0.5631
7033.250367,-0.403644,-23.192521,0.008875,18.859142,-0.013097,0.014753,-6.159274,-0.160256,6.161358,126|127,0.5624
7033.267033,-0.402364,-23.209985,0.008131,18.866805,-0.012235,0.014891,-6.157442,-0.160457,6.159532,126|127,0.5644
7033.300367,-0.402366,-23.209986,0.008127,18.888356,-0.011189,0.014776,-6.178993,-0.161505,6.181103,126|127,0.5651
7033.317033,-0.382319,-23.236220,0.007595,18.888356,-0.011189,0.014776,-6.164693,-0.150664,6.166534,126|127,0.5640
7033.333700,-0.382273,-23.249070,0.007500,18.895519,-0.011235,0.014503,-6.164874,-0.150619,6.166713,126|127,0.5630
7033.350367,-0.382273,-23.249070,0.007500,18.910354,-0.010382,0.014398,-6.179708,-0.151472,6.181564,126|127,0.5638
7033.367033,-0.383650,-23.259177,0.007515,18.916995,-0.010572,0.014397,-6.180859,-0.152052,6.182729,126|127,0.5653
7033.383700,-0.374453,-23.283111,0.006957,18.916995,-0.010572,0.014397,-6.167832,-0.147103,6.169586,126|127,0.5650
7033.400367,-0.378309,-23.285065,0.007247,18.923477,-0.010813,0.014398,-6.173261,-0.148961,6.175058,126|127,0.5636
7033.417033,-0.378308,-23.285065,0.007249,18.937980,-0.011075,0.014208,-6.187763,-0.148699,6.189550,126|127,0.5642
7033.450367,-0.388895,-23.312123,0.007093,18.945423,-0.010933,0.014240,-6.180523,-0.154649,6.182458,126|127,0.5658
7033.467033,-0.388895,-23.312123,0.007093,18.959612,-0.011429,0.014117,-6.194712,-0.154154,6.196630,126|127,0.5673
7033.483700,-0.388538,-23.327563,0.006521,18.966410,-0.011899,0.014173,-6.193118,-0.153521,6.195021,126|127,0.5667
7033.500367,-0.390083,-23.340639,0.006689,18.971497,-0.012356,0.013642,-6.191102,-0.153931,6.193016,126|127,0.5658
7033.517033,-0.397661,-23.346487,0.007582,18.975163,-0.012509,0.013030,-6.191606,-0.157909,6.193619,126|127,0.5645
7033.533700,-0.406010,-23.352275,0.006778,18.977253,-0.012584,0.012659,-6.190567,-0.162383,6.192696,126|127,0.5651
7033.550367,-0.410625,-23.366969,0.006573,18.977253,-0.012584,0.012659,-6.182591,-0.164921,6.184790,126|127,0.5647
7033.567033,-0.410623,-23.366969,0.006576,18.977898,-0.012599,0.012542,-6.183236,-0.164906,6.185434,126|127,0.5648
7033.583700,-0.410784,-23.370297,0.006356,18.977898,-0.012599,0.012542,-6.181427,-0.165000,6.183629,126|127,0.5641
7033.600367,-0.410784,-23.370297,0.006356,18.977911,-0.012597,0.012542,-6.181441,-0.165002,6.183642,126|127,0.5634
7033.617033,-0.410822,-23.370650,0.006375,18.977936,-0.012594,0.012542,-6.181274,-0.165026,6.183476,126|127,0.5623
7033.633700,-0.411055,-23.370973,0.005597,18.977936,-0.012594,0.012542,-6.181098,-0.165153,6.183304,126|127,0.5619
7033.650367,-0.411125,-23.371218,0.005570,18.977965,-0.012591,0.012542,-6.180994,-0.165195,6.183201,126|127,0.5612
7033.667033,-0.410981,-23.371374,0.005859,18.977965,-0.012591,0.012542,-6.180909,-0.165117,6.183114,126|127,0.5606
7033.717034,-0.410981,-23.371374,0.005858,18.978020,-0.012585,0.012542,-6.180964,-0.165123,6.183170,126|127,0.5605
7033.733700,-0.411119,-23.371246,0.005515,18.978020,-0.012585,0.012542,-6.181034,-0.165197,6.183241,126|127,0.5598
7033.750367,-0.411180,-23.371274,0.005275,18.978043,-0.012582,0.012542,-6.181042,-0.165234,6.183250,126|127,0.5596
7033.783700,-0.411266,-23.371444,0.005026,18.978056,-0.012581,0.012542,-6.180963,-0.165283,6.183173,126|127,0.5594
7033.800367,-0.411373,-23.371270,0.004720,18.978081,-0.012578,0.012542,-6.181083,-0.165343,6.183294,126|127,0.5601
7033.817034,-0.411189,-23.370867,0.005108,18.978081,-0.012578,0.012542,-6.181301,-0.165243,6.183510,126|127,0.5604
7033.833700,-0.411362,-23.370844,0.004745,18.978106,-0.012575,0.012542,-6.181339,-0.165340,6.183550,126|127,0.5602
7033.867034,-0.411362,-23.370844,0.004745,18.978131,-0.012572,0.012542,-6.181364,-0.165343,6.183575,126|127,0.5606
7033.883700,-0.411260,-23.370946,0.004970,18.978131,-0.012572,0.012542,-6.181308,-0.165287,6.183518,126|127,0.5606
7033.900367,-0.411260,-23.370946,0.004970,18.978155,-0.012569,0.012542,-6.181333,-0.165290,6.183543,126|127,0.5601
7033.917034,-0.411312,-23.371080,0.004750,18.978169,-0.012567,0.012542,-6.181274,-0.165320,6.183484,126|127,0.5596
7033.933700,-0.411128,-23.371179,0.005146,18.978169,-0.012567,0.012542,-6.181220,-0.165221,6.183427,126|127,0.5597
7033.950367,-0.411442,-23.370958,0.004464,18.978180,-0.012566,0.012543,-6.181352,-0.165392,6.183564,126|127,0.5606
7033.967034,-0.411368,-23.370967,0.004510,18.978194,-0.012564,0.012543,-6.181360,-0.165354,6.183571,126|127,0.5606
7033.983700,-0.411501,-23.370792,0.004254,18.978207,-0.012563,0.012542,-6.181469,-0.165427,6.183682,126|127,0.5607
7034.000367,-0.411398,-23.370941,0.004428,18.978232,-0.012559,0.012543,-6.181412,-0.165375,6.183624,126|127,0.5603
7034.017034,-0.411310,-23.370923,0.004481,18.978232,-0.012559,0.012543,-6.181422,-0.165327,6.183633,126|127,0.5609
7034.033700,-0.411504,-23.371053,0.004001,18.978245,-0.012558,0.012543,-6.181365,-0.165434,6.183578,126|127,0.5605
7034.050367,-0.411504,-23.371053,0.004001,18.978268,-0.012555,0.012543,-6.181388,-0.165437,6.183601,126|127,0.5602
7034.067034,-0.411241,-23.370925,0.004545,18.978281,-0.012553,0.012543,-6.181470,-0.165295,6.183680,126|127,0.5603
7034.083700,-0.411242,-23.370797,0.004445,18.978281,-0.012553,0.012543,-6.181540,-0.165296,6.183750,126|127,0.5604
7034.100367,-0.411190,-23.370679,0.004466,18.978295,-0.012552,0.012543,-6.181618,-0.165269,6.183826,126|127,0.5607
7034.117034,-0.411002,-23.370474,0.004907,18.978318,-0.012549,0.012544,-6.181751,-0.165169,6.183957,126|127,0.5609
7034.133700,-0.411002,-23.370474,0.004907,18.978318,-0.012549,0.012544,-6.181751,-0.165169,6.183957,126|127,0.5604
7034.150367,-0.411049,-23.370792,0.004720,18.978333,-0.012547,0.012544,-6.181594,-0.165197,6.183801,126|127,0.5601
7034.183700,-0.411049,-23.370792,0.004719,18.978373,-0.012542,0.012545,-6.181634,-0.165202,6.183841,126|127,0.5598
7034.200367,-0.411156,-23.370902,0.004479,18.978384,-0.012541,0.012544,-6.181586,-0.165262,6.183795,126|127,0.5597
7034.217034,-0.411012,-23.370964,0.004753,18.978398,-0.012539,0.012544,-6.181565,-0.165185,6.183772,126|127,0.5596
7034.233700,-0.411204,-23.370823,0.004163,18.978398,-0.012539,0.012544,-6.181642,-0.165289,6.183851,126|127,0.5596
7034.250367,-0.411018,-23.370536,0.004465,18.978423,-0.012536,0.012544,-6.181822,-0.165190,6.184029,126|127,0.5602
7034.267034,-0.410882,-23.370543,0.004746,18.978423,-0.012536,0.012544,-6.181818,-0.165117,6.184023,126|127,0.5601
7034.300367,-0.410882,-23.370543,0.004747,18.978465,-0.012531,0.012544,-6.181860,-0.165121,6.184065,126|127,0.5593
7034.317034,-0.411029,-23.370847,0.004403,18.978465,-0.012531,0.012544,-6.181696,-0.165202,6.183903,126|127,0.5590
7034.333700,-0.411029,-23.370847,0.004404,18.978476,-0.012530,0.012544,-6.181707,-0.165203,6.183914,126|127,0.5593
7034.350367,-0.410911,-23.370391,0.004476,18.978489,-0.012528,0.012544,-6.181968,-0.165140,6.184173,126|127,0.5601
7034.367034,-0.410891,-23.370470,0.004446,18.978501,-0.012527,0.012545,-6.181936,-0.165130,6.184141,126|127,0.5596
7034.383700,-0.410784,-23.370398,0.004678,18.978514,-0.012526,0.012544,-6.181989,-0.165074,6.184192,126|127,0.5598
7034.400367,-0.410708,-23.370344,0.004848,18.978526,-0.012524,0.012545,-6.182029,-0.165033,6.184231,126|127,0.5603
7034.433700,-0.410556,-23.370702,0.005040,18.978566,-0.012519,0.012545,-6.181874,-0.164957,6.184075,126|127,0.5596
7034.450367,-0.410556,-23.370703,0.005039,18.978575,-0.012518,0.012545,-6.181884,-0.164958,6.184084,126|127,0.5596
7034.467034,-0.410499,-23.370702,0.005187,18.978589,-0.012516,0.012545,-6.181897,-0.164928,6.184097,126|127,0.5591
7034.483700,-0.410587,-23.370606,0.004923,18.978604,-0.012515,0.012546,-6.181965,-0.164978,6.184166,126|127,0.5593
7034.500367,-0.410543,-23.370561,0.004924,18.978615,-0.012513,0.012546,-6.182001,-0.164955,6.184201,126|127,0.5596
7034.517034,-0.410488,-23.370328,0.004953,18.978615,-0.012513,0.012546,-6.182127,-0.164925,6.184326,126|127,0.5597
7034.567034,-0.410488,-23.370329,0.004953,18.978667,-0.012507,0.012546,-6.182178,-0.164931,6.184378,126|127,0.5593
7034.583700,-0.410461,-23.370595,0.004915,18.978676,-0.012506,0.012546,-6.182043,-0.164919,6.184242,126|127,0.5594
7034.600367,-0.410663,-23.370305,0.004529,18.978676,-0.012506,0.012546,-6.182201,-0.165027,6.184403,126|127,0.5599
7034.617034,-0.410663,-23.370305,0.004530,18.978690,-0.012504,0.012546,-6.182214,-0.165029,6.184416,126|127,0.5597
7034.633700,-0.410743,-23.370348,0.004264,18.978713,-0.012501,0.012547,-6.182214,-0.165076,6.184418,126|127,0.5600
7034.667034,-0.410730,-23.370009,0.004062,18.978739,-0.012497,0.012547,-6.182425,-0.165072,6.184628,126|127,0.5602
7034.683700,-0.410662,-23.370215,0.004193,18.978739,-0.012497,0.012547,-6.182313,-0.165035,6.184515,126|127,0.5600
7034.717034,-0.410674,-23.370285,0.004055,18.978779,-0.012493,0.012547,-6.182315,-0.165046,6.184518,126|127,0.5595
7034.733700,-0.410674,-23.370285,0.004054,18.978789,-0.012491,0.012547,-6.182325,-0.165048,6.184527,126|127,0.5597
7034.750367,-0.410664,-23.370287,0.004076,18.978802,-0.012490,0.012547,-6.182337,-0.165044,6.184539,126|127,0.5596
7034.767034,-0.410741,-23.370081,0.003897,18.978802,-0.012490,0.012547,-6.182449,-0.165085,6.184652,126|127,0.5595
7034.783700,-0.410741,-23.370081,0.003897,18.978787,-0.012465,0.012545,-6.182434,-0.165110,6.184638,126|127,0.5599
7034.800367,-0.410750,-23.369752,0.003537,18.978787,-0.012465,0.012545,-6.182612,-0.165115,6.184817,126|127,0.5601
7034.817034,-0.410751,-23.369752,0.003536,18.978778,-0.012436,0.012545,-6.182603,-0.165143,6.184808,126|127,0.5603
7034.833700,-0.410267,-23.369443,0.004143,18.978772,-0.012422,0.012546,-6.182765,-0.164894,6.184963,126|127,0.5610
7034.850367,-0.409731,-23.369007,0.004546,18.978764,-0.012408,0.012545,-6.182992,-0.164616,6.185183,126|127,0.5612
7034.867034,-0.409244,-23.368095,0.005172,18.978764,-0.012408,0.012545,-6.183487,-0.164350,6.185671,126|127,0.5628
7034.883700,-0.409244,-23.368095,0.005172,18.978757,-0.012394,0.012545,-6.183480,-0.164363,6.185664,126|127,0.5632
7034.900367,-0.408973,-23.367476,0.004988,18.978755,-0.012383,0.012545,-6.183813,-0.164226,6.185994,126|127,0.5635
7034.917034,-0.408972,-23.367476,0.004989,18.978744,-0.012356,0.012544,-6.183802,-0.164253,6.185983,126|127,0.5630
7034.933700,-0.408200,-23.367557,0.005795,18.978744,-0.012356,0.012544,-6.183757,-0.163833,6.185927,126|127,0.5626
7034.950367,-0.408200,-23.367557,0.005795,18.978736,-0.012341,0.012544,-6.183749,-0.163848,6.185920,126|127,0.5626
7034.967034,-0.408364,-23.367331,0.005003,18.978723,-0.012311,0.012544,-6.183859,-0.163966,6.186032,126|127,0.5620
7034.983700,-0.407855,-23.367063,0.005083,18.978717,-0.012296,0.012544,-6.183998,-0.163704,6.186164,126|127,0.5617
7035.000367,-0.407856,-23.367063,0.005083,18.978713,-0.012282,0.012544,-6.183994,-0.163719,6.186161,126|127,0.5612
7035.017034,-0.407380,-23.366638,0.005106,18.978713,-0.012282,0.012544,-6.184224,-0.163460,6.186384,126|127,0.5616
7035.033700,-0.407380,-23.366638,0.005106,18.978696,-0.012251,0.012544,-6.184207,-0.163490,6.186368,126|127,0.5624
7035.050367,-0.406704,-23.365718,0.005494,18.978696,-0.012251,0.012544,-6.184706,-0.163121,6.186857,126|127,0.5628
7035.067034,-0.406836,-23.365379,0.004782,18.978683,-0.012224,0.012543,-6.184877,-0.163219,6.187030,126|127,0.5629
7035.083700,-0.406836,-23.365379,0.004783,18.978683,-0.012224,0.012543,-6.184877,-0.163219,6.187030,126|127,0.5624
7035.100367,-0.406086,-23.365327,0.005551,18.978675,-0.012209,0.012544,-6.184896,-0.162826,6.187039,126|127,0.5618
7035.117034,-0.406200,-23.365004,0.004771,18.978668,-0.012194,0.012544,-6.185064,-0.162903,6.187209,126|127,0.5618
7035.133700,-0.406200,-23.365005,0.004771,18.978660,-0.012172,0.012543,-6.185056,-0.162925,6.187202,126|127,0.5619
7035.150367,-0.406047,-23.364493,0.004439,18.978660,-0.012162,0.012543,-6.185334,-0.162850,6.187477,126|127,0.5614
7035.167034,-0.406047,-23.364493,0.004439,18.978653,-0.012147,0.012543,-6.185326,-0.162865,6.187470,126|127,0.5620
7035.183700,-0.405641,-23.363769,0.004719,18.978641,-0.012130,0.012543,-6.185708,-0.162661,6.187846,126|127,0.5620
7035.200367,-0.405252,-23.363509,0.005051,18.978641,-0.012130,0.012543,-6.185848,-0.162448,6.187981,126|127,0.5623
7035.217034,-0.405189,-23.363487,0.004585,18.978632,-0.012099,0.012542,-6.185851,-0.162446,6.187984,126|127,0.5616
7035.233700,-0.405150,-23.363125,0.004153,18.978619,-0.012080,0.012541,-6.186034,-0.162442,6.188167,126|127,0.5622
7035.250367,-0.405084,-23.363111,0.004016,18.978619,-0.012080,0.012541,-6.186041,-0.162406,6.188173,126|127,0.5619
