t,x,y,yaw,odom_x,odom_y,odom_yaw,error_x,error_y,error_dist,tags_used,quality
7199.683709,-0.158011,0.414447,0.000007,-0.000000,0.000000,0.000000,0.000000,0.000000,0.000000,0|1,0.5554
7199.700375,-0.158297,0.414406,0.000346,0.000000,-0.000000,-0.000000,0.000022,-0.000156,0.000157,0|1,0.5552
7199.717042,-0.158303,0.414763,0.000303,-0.000000,0.000000,-0.000000,-0.000171,-0.000159,0.000234,0|1,0.5540
7199.733709,-0.158303,0.414763,0.000303,0.000000,-0.000000,-0.000000,-0.000172,-0.000159,0.000234,0|1,0.5543
7199.750375,-0.158266,0.414586,0.000239,0.000000,-0.000000,-0.000000,-0.000076,-0.000139,0.000158,0|1,0.5548
7199.767042,-0.158266,0.414586,0.000238,-0.000000,0.000000,-0.000000,-0.000075,-0.000139,0.000158,0|1,0.5540
7199.783709,-0.158398,0.414782,0.000395,-0.000000,0.000000,-0.000000,-0.000182,-0.000211,0.000278,0|1,0.5536
7199.800375,-0.158341,0.414778,0.000322,-0.000000,-0.000000,-0.000000,-0.000180,-0.000179,0.000254,0|1,0.5544
7199.817042,-0.158342,0.414779,0.000323,-0.000000,0.000000,-0.000000,-0.000180,-0.000180,0.000255,0|1,0.5546
7199.833709,-0.158156,0.414592,0.000254,-0.000000,0.000000,-0.000000,-0.000079,-0.000079,0.000112,0|1,0.5545
7199.850376,-0.158156,0.414592,0.000254,-0.000000,0.000000,0.000000,-0.000079,-0.000079,0.000112,0|1,0.5542
7199.867042,-0.157998,0.414644,-0.000046,-0.000000,0.000000,-0.000000,-0.000107,0.000007,0.000107,0|1,0.5543
7199.883709,-0.158074,0.414566,0.000125,-0.000000,0.000000,-0.000000,-0.000065,-0.000034,0.000073,0|1,0.5545
7199.900376,-0.158073,0.414566,0.000124,-0.000000,0.000000,-0.000000,-0.000064,-0.000034,0.000073,0|1,0.5541
7199.917042,-0.158178,0.414713,0.000217,-0.000000,0.000000,-0.000000,-0.000144,-0.000091,0.000170,0|1,0.5540
7199.933709,-0.157988,0.414704,-0.000065,0.000000,-0.000000,-0.000000,-0.000140,0.000013,0.000140,0|1,0.5549
7199.950376,-0.157903,0.414434,-0.000201,0.000000,-0.000000,-0.000000,0.000007,0.000058,0.000059,0|1,0.5553
7199.967042,-0.158177,0.414405,0.000183,-0.000000,0.000000,-0.000000,0.000023,-0.000090,0.000093,0|1,0.5549
7199.983709,-0.158177,0.414404,0.000182,-0.000000,0.000000,0.000000,0.000024,-0.000090,0.000093,0|1,0.5548
7200.000376,-0.158210,0.414650,0.000207,-0.000000,0.000000,0.000000,-0.000110,-0.000108,0.000154,0|1,0.5545
7200.017042,-0.158210,0.414650,0.000207,-0.000000,0.000000,-0.000000,-0.000110,-0.000108,0.000155,0|1,0.5548
7200.033709,-0.158418,0.414741,0.000503,0.000000,-0.000000,-0.000000,-0.000160,-0.000221,0.000273,0|1,0.5546
7200.050376,-0.158418,0.414741,0.000504,0.000000,-0.000000,-0.000000,-0.000160,-0.000221,0.000273,0|1,0.5542
7200.067042,-0.158377,0.414896,0.000424,-0.000000,0.000000,-0.000000,-0.000244,-0.000199,0.000315,0|1,0.5539
7200.083709,-0.158152,0.414756,0.000143,-0.000000,0.000000,-0.000000,-0.000167,-0.000077,0.000184,0|1,0.5543
7200.100376,-0.158048,0.414721,0.000029,-0.000000,-0.000000,-0.000000,-0.000149,-0.000020,0.000150,0|1,0.5543
7200.117042,-0.158091,0.414838,0.000114,-0.000000,0.000000,-0.000000,-0.000212,-0.000043,0.000217,0|1,0.5540
7200.133709,-0.158091,0.414839,0.000115,-0.000000,0.000000,0.000000,-0.000213,-0.000043,0.000217,0|1,0.5551
7200.150376,-0.157944,0.414622,-0.000051,-0.000000,-0.000000,-0.000000,-0.000095,0.000037,0.000101,0|1,0.5548
7200.167042,-0.157879,0.414638,-0.000140,0.000000,0.000000,-0.000000,-0.000104,0.000071,0.000126,0|1,0.5544
7200.183709,-0.157955,0.414775,-0.000053,-0.000000,0.000000,-0.000000,-0.000178,0.000030,0.000181,0|1,0.5546
7200.200376,-0.157883,0.414533,-0.000168,-0.000000,0.000000,-0.000000,-0.000046,0.000070,0.000084,0|1,0.5552
7200.217042,-0.157883,0.414533,-0.000167,-0.000000,-0.000000,-0.000000,-0.000047,0.000070,0.000084,0|1,0.5554
7200.233709,-0.158249,0.414534,0.000325,0.000000,0.000000,-0.000000,-0.000047,-0.000129,0.000138,0|1,0.5551
7200.250376,-0.158249,0.414534,0.000324,-0.000000,-0.000000,0.000000,-0.000046,-0.000129,0.000137,0|1,0.5540
7200.267042,-0.158276,0.414848,0.000314,-0.000000,0.000000,0.000000,-0.000218,-0.000144,0.000261,0|1,0.5545
7200.283709,-0.158349,0.414573,0.000563,-0.000000,0.000000,-0.000000,-0.000068,-0.000184,0.000196,0|1,0.5549
7200.300376,-0.158511,0.414818,0.000724,0.000000,-0.000000,-0.000000,-0.000201,-0.000272,0.000338,0|1,0.5539
7200.317042,-0.158511,0.414817,0.000723,-0.000000,0.000000,-0.000000,-0.000201,-0.000272,0.000338,0|1,0.5535
7200.333709,-0.158482,0.414849,0.000696,-0.000000,0.000000,-0.000000,-0.000218,-0.000256,0.000336,0|1,0.5543
7200.350376,-0.158384,0.414777,0.000671,-0.000000,0.000000,-0.000000,-0.000179,-0.000203,0.000271,0|1,0.5545
7200.367042,-0.158385,0.414777,0.000672,-0.000000,0.000000,-0.000000,-0.000179,-0.000203,0.000271,0|1,0.5545
7200.383709,-0.158210,0.414805,0.000321,0.000000,-0.000000,-0.000000,-0.000195,-0.000108,0.000223,0|1,0.5541
7200.400376,-0.158102,0.414768,0.000170,-0.000000,0.000000,-0.000000,-0.000174,-0.000050,0.000181,0|1,0.5542
7200.417042,-0.158102,0.414768,0.000169,-0.000000,0.000000,-0.000000,-0.000174,-0.000049,0.000181,0|1,0.5544
7200.433709,-0.158217,0.414815,0.000279,-0.000000,0.000000,-0.000000,-0.000200,-0.000112,0.000229,0|1,0.5542
7200.450376,-0.158102,0.414836,0.000212,-0.000000,-0.000000,-0.000000,-0.000211,-0.000049,0.000217,0|1,0.5541
7200.467042,-0.158102,0.414836,0.000212,-0.000000,-0.000000,-0.000001,-0.000211,-0.000050,0.000217,0|1,0.5550
7200.483709,-0.158021,0.414346,0.000114,-0.000000,-0.000000,-0.000001,0.000055,-0.000006,0.000055,0|1,0.5555
7200.517042,-0.158242,0.414652,0.000273,0.000000,-0.000000,-0.000000,-0.000112,-0.000125,0.000168,0|1,0.5550
7200.533709,-0.158242,0.414652,0.000273,-0.000000,0.000000,-0.000000,-0.000111,-0.000126,0.000168,0|1,0.5546
7200.550376,-0.158168,0.414729,0.000100,-0.000000,0.000000,-0.000000,-0.000153,-0.000085,0.000175,0|1,0.5549
7200.567042,-0.158201,0.414651,0.000199,-0.000000,-0.000000,-0.000000,-0.000111,-0.000103,0.000151,0|1,0.5548
7200.583709,-0.158292,0.414975,0.000267,-0.000000,0.000000,-0.000000,-0.000287,-0.000153,0.000325,0|1,0.5542
7200.600376,-0.158165,0.414950,0.000036,0.000000,-0.000000,-0.000000,-0.000273,-0.000084,0.000286,0|1,0.5540
7200.617042,-0.158006,0.414845,-0.000127,0.000000,-0.000000,-0.000000,-0.000216,0.000003,0.000216,0|1,0.5545
7200.633709,-0.158006,0.414845,-0.000126,-0.000000,0.000000,-0.000000,-0.000216,0.000002,0.000216,0|1,0.5544
7200.650376,-0.157971,0.414908,-0.000141,-0.000000,0.000000,-0.000000,-0.000250,0.000022,0.000251,0|1,0.5541
7200.667042,-0.157900,0.414705,-0.000151,-0.000000,0.000000,-0.000000,-0.000140,0.000060,0.000152,0|1,0.5551
7200.683709,-0.157900,0.414705,-0.000151,0.000000,-0.000000,-0.000000,-0.000140,0.000060,0.000152,0|1,0.5546
7200.700376,-0.157888,0.414766,-0.000157,-0.000000,-0.000000,-0.000000,-0.000173,0.000067,0.000185,0|1,0.5542
7200.717042,-0.158024,0.414828,0.000026,-0.000000,-0.000000,-0.000000,-0.000207,-0.000007,0.000207,0|1,0.5544
7200.733709,-0.157919,0.414572,-0.000182,-0.000000,0.000000,-0.000000,-0.000067,0.000050,0.000084,0|1,0.5552
7200.750376,-0.157904,0.414437,-0.000158,-0.000000,0.000000,-0.000000,0.000006,0.000058,0.000058,0|1,0.5553
7200.767042,-0.158207,0.414564,0.000172,-0.000000,0.000000,-0.000000,-0.000064,-0.000107,0.000124,0|1,0.5550
7200.817042,-0.158207,0.414564,0.000172,-0.000000,0.000000,-0.000000,-0.000063,-0.000106,0.000124,0|1,0.5548
7200.833709,-0.158368,0.414827,0.000331,-0.000000,0.000000,-0.000000,-0.000206,-0.000194,0.000283,0|1,0.5540
7200.850376,-0.158368,0.414827,0.000331,0.002984,-0.000076,-0.000243,-0.003191,-0.000118,0.003193,0|1,0.5536
7200.867042,-0.158357,0.414785,0.000372,0.002984,-0.000076,-0.000243,-0.003168,-0.000112,0.003170,0|1,0.5543
7200.883709,-0.158359,0.414786,0.000374,0.006775,-0.000227,-0.000602,-0.006960,0.000038,0.006960,0|1,0.5601
7200.900376,-0.161011,0.407735,-0.000100,0.011612,-0.000408,-0.000826,-0.007964,-0.001223,0.008057,0|1,0.5620
7200.917042,-0.163317,0.397971,-0.000608,0.017472,-0.000633,-0.000777,-0.008517,-0.002251,0.008810,0|1,0.5639
7200.933709,-0.166261,0.390844,-0.001510,0.023931,-0.000917,-0.000677,-0.011104,-0.003567,0.011663,0|1,0.5616
7200.950376,-0.166263,0.390845,-0.001509,0.030937,-0.000763,-0.000222,-0.018110,-0.003722,0.018488,0|1,0.5580
7200.967042,-0.166621,0.374992,-0.000717,0.037806,-0.000684,0.000188,-0.016364,-0.003995,0.016844,0|1,0.5626
7200.983709,-0.166766,0.366291,-0.000257,0.051795,-0.001219,0.000555,-0.025624,-0.003539,0.025867,0|1,0.5652
7201.000376,-0.166766,0.366291,-0.000253,0.058789,-0.001557,0.000570,-0.032617,-0.003201,0.032774,0|1,0.5646
7201.017042,-0.170036,0.357715,-0.000412,0.065641,-0.000812,0.000649,-0.034808,-0.005723,0.035276,0|1,0.5630
7201.033709,-0.179460,0.340079,0.000499,0.065641,-0.000812,0.000649,-0.025224,-0.010845,0.027456,0|1,0.5607
7201.050376,-0.168391,0.332158,0.001145,0.078945,-0.000511,0.000840,-0.034223,-0.005131,0.034605,0|1,0.5621
7201.067042,-0.160104,0.323257,0.000676,0.085499,-0.000887,0.000844,-0.035939,-0.000250,0.035940,0|1,0.5635
7201.083709,-0.165019,0.314649,0.001128,0.085499,-0.000887,0.000844,-0.031261,-0.002922,0.031397,0|1,0.5653
7201.100376,-0.170267,0.306617,0.001186,0.092103,-0.001298,0.000842,-0.033500,-0.005364,0.033927,0|1,0.5650
7201.117042,-0.176039,0.298090,0.000761,0.098850,-0.001715,0.001155,-0.035613,-0.008084,0.036519,0|1,0.5650
7201.133709,-0.182449,0.289351,0.001006,0.112722,-0.000715,0.001257,-0.044735,-0.012567,0.046466,0|1,0.5653
7201.150376,-0.182063,0.285967,0.000171,0.119401,-0.000208,0.001481,-0.049575,-0.012864,0.051217,0|1|2,0.5594
7201.167042,-0.169663,0.271640,0.003392,0.125939,-0.000657,0.001500,-0.048326,-0.005677,0.048658,0|1|2,0.5641
7201.183709,-0.163387,0.263287,0.003045,0.125939,-0.000657,0.001500,-0.043786,-0.002266,0.043845,0|1|2,0.5644
7201.200376,-0.163381,0.263289,0.003039,0.132600,-0.001174,0.001861,-0.050449,-0.001746,0.050479,0|1|2,0.5642
7201.217042,-0.170255,0.255216,0.003563,0.146649,-0.000803,0.002511,-0.060110,-0.005852,0.060394,0|1|2,0.5640
7201.233709,-0.179390,0.238304,0.004023,0.153554,-0.000480,0.002763,-0.057824,-0.011140,0.058888,0|1|2,0.5641
7201.250376,-0.170634,0.229192,0.004396,0.153554,-0.000480,0.002763,-0.052872,-0.006381,0.053256,0|1|2,0.5642
7201.267042,-0.170633,0.229194,0.004391,0.166993,-0.001649,0.002827,-0.066312,-0.005211,0.066516,0|1|2,0.5635
7201.283709,-0.175236,0.212197,0.004125,0.173690,-0.002303,0.003241,-0.063771,-0.007059,0.064161,0|1|2,0.5655
7201.300376,-0.184000,0.204103,0.003691,0.173690,-0.002303,0.003241,-0.059373,-0.011822,0.060538,0|1|2,0.5648
7201.317042,-0.193111,0.195556,0.003434,0.180719,-0.002075,0.003455,-0.061756,-0.017002,0.064054,0|1|2,0.5646
7201.333709,-0.189668,0.187573,0.004822,0.194891,-0.000679,0.003656,-0.071590,-0.016527,0.073473,0|1|2,0.5633
7201.350376,-0.189668,0.187573,0.004820,0.194891,-0.000679,0.003656,-0.071590,-0.016527,0.073473,0|1|2,0.5641
7201.367042,-0.171030,0.169057,0.004101,0.208548,-0.001635,0.003636,-0.075184,-0.005442,0.075381,0|1|2,0.5634
7201.383709,-0.171030,0.169057,0.004103,0.215336,-0.001983,0.003625,-0.081972,-0.005093,0.082130,0|1|2,0.5646
7201.400376,-0.185471,0.151490,0.003740,0.222224,-0.001288,0.003715,-0.079313,-0.013637,0.080477,0|1|2,0.5647
7201.417042,-0.190227,0.143930,0.004189,0.222224,-0.001288,0.003715,-0.075204,-0.016221,0.076934,0|1|2,0.5644
7201.433709,-0.180751,0.135183,0.005127,0.229180,-0.000617,0.003807,-0.077406,-0.011743,0.078291,0|1|2,0.5635
7201.450376,-0.180752,0.135182,0.005130,0.242802,-0.001508,0.003969,-0.091028,-0.010852,0.091672,0|1|2,0.5618
7201.467042,-0.178821,0.117704,0.006199,0.242802,-0.001508,0.003969,-0.081528,-0.009803,0.082116,0|1|2,0.5635
7201.483709,-0.186167,0.109165,0.006815,0.249680,-0.002029,0.004045,-0.083766,-0.013274,0.084811,0|1|2,0.5626
7201.500376,-0.186167,0.109165,0.006814,0.263754,-0.000934,0.004041,-0.097840,-0.014369,0.098889,0|1|2,0.5624
7201.517042,-0.191337,0.092467,0.005284,0.263754,-0.000934,0.004041,-0.088765,-0.017179,0.090412,0|1|2,0.5622
7201.533709,-0.178112,0.082987,0.004216,0.277461,-0.000403,0.004076,-0.097320,-0.010522,0.097887,0|1|2,0.5621
7201.550376,-0.178112,0.082988,0.004216,0.277461,-0.000403,0.004076,-0.097320,-0.010522,0.097888,0|1|2,0.5624
7201.567042,-0.171650,0.065747,0.004939,0.284294,-0.001168,0.004424,-0.094783,-0.006246,0.094988,0|1|2,0.5636
7201.583709,-0.182763,0.057234,0.005305,0.291402,-0.001139,0.004493,-0.097264,-0.012314,0.098040,0|1|2,0.5644
7201.600376,-0.182558,0.049305,0.004824,0.298545,-0.000537,0.004784,-0.100098,-0.012805,0.100914,0|1|2,0.5638
7201.617042,-0.173744,0.039518,0.005664,0.312168,0.000451,0.005041,-0.108402,-0.009003,0.108776,0|1|2,0.5643
7201.650376,-0.173745,0.039517,0.005664,0.325800,-0.000878,0.005352,-0.122033,-0.007675,0.122275,0|1|2,0.5642
7201.667042,-0.167984,0.014015,0.006433,0.332903,-0.000541,0.005438,-0.115277,-0.004881,0.115380,0|1|2,0.5648
7201.683709,-0.180549,0.004164,0.005654,0.332903,-0.000541,0.005438,-0.109923,-0.011709,0.110545,0|1|2|3|4,0.5549
7201.700376,-0.180543,0.004136,0.005620,0.346940,0.000295,0.006121,-0.123944,-0.012542,0.124577,0|1|2|3|4,0.5664
7201.717042,-0.176095,-0.003464,0.006353,0.353555,0.000593,0.006300,-0.126429,-0.010423,0.126858,0|1|2|3|4,0.5656
7201.733709,-0.164769,-0.021752,0.006114,0.353555,0.000593,0.006300,-0.116490,-0.004268,0.116568,0|1|2|3|4,0.5653
7201.750376,-0.164768,-0.021751,0.006113,0.360096,0.000314,0.006410,-0.123032,-0.003988,0.123097,0|1|2|3|4,0.5626
7201.783709,-0.160759,-0.030233,0.006275,0.381112,0.001252,0.007011,-0.139438,-0.002747,0.139465,0|1|2|3|4,0.5618
7201.800376,-0.170127,-0.045243,0.006784,0.381112,0.001252,0.007011,-0.131280,-0.007838,0.131514,0|1|2|3|4,0.5628
7201.817042,-0.153014,-0.063846,0.006939,0.387907,0.001815,0.007076,-0.127965,0.000899,0.127969,0|1|2|3|4,0.5621
7201.833709,-0.145784,-0.072585,0.006651,0.401286,0.001188,0.007632,-0.136595,0.005454,0.136704,0|1|2|3|4,0.5626
7201.850376,-0.143578,-0.080942,0.007692,0.401286,0.001188,0.007632,-0.132053,0.006654,0.132221,0|1|2|3|4,0.5627
7201.867042,-0.157156,-0.089481,0.006926,0.408250,0.000839,0.007983,-0.134376,-0.000377,0.134377,0|1|2|3|4,0.5645
7201.883709,-0.161373,-0.097550,0.006938,0.422477,0.001139,0.008715,-0.144218,-0.002968,0.144249,0|1|2|3|4,0.5658
7201.900376,-0.161373,-0.097549,0.006937,0.429364,0.001280,0.009156,-0.151105,-0.003109,0.151137,0|1|2|3|4,0.5656
7201.917042,-0.159454,-0.106713,0.006963,0.436243,0.001327,0.009613,-0.153004,-0.002114,0.153019,0|1|2|3|4,0.5650
7201.933709,-0.158486,-0.115672,0.007448,0.443147,0.001205,0.009965,-0.155039,-0.001465,0.155046,0|1|2|3|4,0.5639
7201.950376,-0.157875,-0.133105,0.008875,0.443147,0.001205,0.009965,-0.145565,-0.001133,0.145569,0|1|2|3|4,0.5624
7201.967042,-0.157875,-0.133105,0.008872,0.457083,0.001463,0.010348,-0.159500,-0.001392,0.159506,0|1|2|3|4,0.5630
7201.983709,-0.160231,-0.141031,0.009806,0.463956,0.001518,0.010346,-0.162066,-0.002726,0.162089,0|1|2|3|4,0.5627
7202.000376,-0.158705,-0.159089,0.011064,0.463956,0.001518,0.010346,-0.152252,-0.001897,0.152264,0|1|2|3|4,0.5619
7202.017042,-0.158900,-0.167739,0.011346,0.470950,0.001532,0.010523,-0.154545,-0.002018,0.154558,0|1|2|3|4,0.5617
7202.033709,-0.158899,-0.167739,0.011343,0.484722,0.001461,0.010942,-0.168317,-0.001946,0.168328,0|1|2|3|4,0.5612
7202.050376,-0.159705,-0.176792,0.011622,0.484722,0.001461,0.010942,-0.163396,-0.002384,0.163414,0|1|2|3|4,0.5601
7202.067042,-0.161947,-0.193811,0.012776,0.491621,0.001189,0.011327,-0.161046,-0.003330,0.161080,0|1|2|3|4,0.5610
7202.083709,-0.161946,-0.193811,0.012776,0.505721,0.000596,0.011606,-0.175146,-0.002737,0.175168,0|1|2|3|4,0.5621
7202.100376,-0.171848,-0.211561,0.013550,0.512531,0.001003,0.011759,-0.172310,-0.008525,0.172520,0|1|2|3|4,0.5620
7202.117042,-0.177408,-0.220394,0.013909,0.519237,0.002140,0.011826,-0.174215,-0.012684,0.174676,0|1|2|3|4,0.5613
7202.133709,-0.171838,-0.227534,0.013295,0.519237,0.002140,0.011826,-0.170335,-0.009657,0.170608,0|1|2|3|4,0.5600
7202.167042,-0.171839,-0.227533,0.013297,0.539239,0.001936,0.011763,-0.190336,-0.009454,0.190571,0|1|2|3|4,0.5608
7202.183709,-0.156874,-0.245185,0.014403,0.539239,0.001936,0.011763,-0.180743,-0.001321,0.180748,0|1|2|3|4,0.5620
7202.200376,-0.163380,-0.262258,0.015271,0.546069,0.001731,0.011761,-0.178294,-0.004651,0.178355,0|1|2|3|4,0.5618
7202.217042,-0.162684,-0.263325,0.013412,0.559756,0.002377,0.012117,-0.191402,-0.004920,0.191465,0|1|2|3|4|5,0.5587
7202.233709,-0.166964,-0.271072,0.013874,0.566416,0.002179,0.012212,-0.193851,-0.007047,0.193979,0|1|2|3|4|5,0.5597
7202.250376,-0.169262,-0.278374,0.013711,0.572967,0.001926,0.012223,-0.196434,-0.008044,0.196599,0|1|2|3|4|5,0.5609
7202.267042,-0.164837,-0.296261,0.013697,0.572967,0.001926,0.012223,-0.186713,-0.005638,0.186798,0|1|2|3|4|5,0.5629
7202.283709,-0.169554,-0.304621,0.012792,0.586583,0.001368,0.013057,-0.195785,-0.007644,0.195934,0|1|2|3|4|5,0.5639
7202.300376,-0.174617,-0.313103,0.012737,0.593736,0.002227,0.013192,-0.198329,-0.011255,0.198648,0|1|2|3|4|5,0.5636
7202.317042,-0.174616,-0.313103,0.012738,0.600831,0.003111,0.013181,-0.205423,-0.012139,0.205782,0|1|2|3|4|5,0.5626
7202.333709,-0.166991,-0.329914,0.013280,0.600831,0.003111,0.013181,-0.196287,-0.007995,0.196450,0|1|2|3|4|5,0.5621
7202.350376,-0.155479,-0.339103,0.013732,0.614612,0.002833,0.013251,-0.205074,-0.001460,0.205079,0|1|2|3|4|5,0.5612
7202.367042,-0.153873,-0.347859,0.014063,0.621487,0.002271,0.013298,-0.207191,-0.000025,0.207191,0|1|2|3|4|5,0.5608
7202.383709,-0.163122,-0.356586,0.014550,0.628462,0.002205,0.013270,-0.209423,-0.004986,0.209482,0|1|2|3|4|5,0.5612
7202.400376,-0.172434,-0.365523,0.014882,0.628462,0.002205,0.013270,-0.204566,-0.010047,0.204812,0|1|2|3|4|5,0.5610
7202.417042,-0.174007,-0.373004,0.014355,0.635654,0.003113,0.013257,-0.207692,-0.011809,0.208027,0|1|2|3|4|5,0.5599
7202.433709,-0.162393,-0.382139,0.014243,0.650054,0.002770,0.013244,-0.217127,-0.005154,0.217188,0|1|2|3|4|5,0.5606
7202.450376,-0.163760,-0.391907,0.014003,0.650054,0.002770,0.013244,-0.211818,-0.005897,0.211900,0|1|2|3|4|5,0.5616
7202.467042,-0.163760,-0.391906,0.014003,0.663982,0.002095,0.013401,-0.225747,-0.005223,0.225807,0|1|2|3|4|5,0.5624
7202.483709,-0.169879,-0.400921,0.013159,0.670739,0.002814,0.013383,-0.227604,-0.009267,0.227793,0|1|2|3|4|5,0.5625
7202.500376,-0.182050,-0.419292,0.013941,0.677704,0.003653,0.013342,-0.224585,-0.016721,0.225207,0|1|2|3|4|5,0.5616
7202.517042,-0.172417,-0.426248,0.013609,0.684688,0.003241,0.013278,-0.227788,-0.011073,0.228057,0|1|2|3|4|5,0.5617
7202.533709,-0.162094,-0.435577,0.013376,0.691747,0.002855,0.013220,-0.229778,-0.005077,0.229834,0|1|2|3|4|5,0.5615
7202.550376,-0.169201,-0.444454,0.013121,0.691747,0.002855,0.013220,-0.224953,-0.008940,0.225130,0|1|2|3|4|5,0.5622
7202.567042,-0.169202,-0.444454,0.013122,0.698851,0.002457,0.013204,-0.232057,-0.008542,0.232214,0|1|2|3|4|5,0.5622
7202.583709,-0.176270,-0.453418,0.013151,0.712825,0.003086,0.013096,-0.241160,-0.013012,0.241510,0|1|2|3|4|5,0.5618
7202.600376,-0.183211,-0.462466,0.013753,0.712825,0.003086,0.013096,-0.236242,-0.016785,0.236838,0|1|2|3|4|5,0.5612
7202.617042,-0.188048,-0.470012,0.013656,0.726940,0.003017,0.013179,-0.246256,-0.019345,0.247014,0|1|2|3|4|5,0.5615
7202.633709,-0.176222,-0.479426,0.013045,0.734116,0.003000,0.013271,-0.248316,-0.012901,0.248651,0|1|2|3|4|5,0.5621
7202.650376,-0.177965,-0.488528,0.012873,0.741241,0.003144,0.013278,-0.250494,-0.013992,0.250884,0|1|2|3|4|5,0.5624
7202.667042,-0.181356,-0.506681,0.014122,0.741241,0.003144,0.013278,-0.240628,-0.015836,0.241149,0|1|2|3|4|5,0.5614
7202.683709,-0.180497,-0.514007,0.013816,0.755533,0.005730,0.013301,-0.250939,-0.017955,0.251581,0|1|2|3|4|5,0.5612
7202.700376,-0.161934,-0.523494,0.014088,0.755533,0.005730,0.013301,-0.245783,-0.007866,0.245909,0|1|2|3|4|5,0.5606
7202.717042,-0.161935,-0.523494,0.014087,0.769607,0.004862,0.013166,-0.259857,-0.006998,0.259951,0|1|2|3|4|5,0.5608
7202.733709,-0.154393,-0.542893,0.012529,0.769607,0.004862,0.013166,-0.249314,-0.002900,0.249331,0|1|2|3|4|5|6|7,0.5506
7202.750376,-0.162014,-0.551274,0.012903,0.776669,0.004439,0.013140,-0.251820,-0.006618,0.251907,0|1|2|3|4|5|6|7,0.5617
7202.767042,-0.162010,-0.551279,0.012908,0.790941,0.005470,0.013155,-0.266090,-0.007648,0.266200,0|1|2|3|4|5|6|7,0.5571
7202.783709,-0.168830,-0.568275,0.012631,0.798076,0.005706,0.013192,-0.263988,-0.011590,0.264242,2|3|4|5|6|7,0.5627
7202.800376,-0.168830,-0.568275,0.012630,0.805020,0.005250,0.013195,-0.270932,-0.011134,0.271160,2|3|4|5|6|7,0.5628
7202.817042,-0.154589,-0.586705,0.013436,0.811927,0.004775,0.013207,-0.267823,-0.002919,0.267839,2|3|4|5|6|7,0.5618
7202.833709,-0.162010,-0.595859,0.013632,0.811927,0.004775,0.013207,-0.262847,-0.006952,0.262939,2|3|4|5|6|7,0.5615
7202.850376,-0.169748,-0.604871,0.013177,0.818918,0.004274,0.013246,-0.264941,-0.010657,0.265155,2|3|4|5|6|7,0.5621
7202.867042,-0.169747,-0.604871,0.013174,0.833008,0.006596,0.013982,-0.279031,-0.012978,0.279333,2|3|4|5|6|7,0.5618
7202.883709,-0.177662,-0.613452,0.013130,0.839662,0.007372,0.014360,-0.281021,-0.018056,0.281601,2|3|4|5|6|7,0.5618
7202.900376,-0.146028,-0.630614,0.013500,0.846327,0.007195,0.014414,-0.278359,-0.000686,0.278360,2|3|4|5|6|7,0.5619
7202.917042,-0.137371,-0.639226,0.013875,0.846327,0.007195,0.014414,-0.273678,0.004019,0.273708,2|3|4|5|6|7,0.5623
7202.933709,-0.141247,-0.647589,0.014563,0.853146,0.006981,0.014432,-0.275952,0.002126,0.275960,2|3|4|5|6|7,0.5631
7202.950376,-0.141246,-0.647589,0.014563,0.867122,0.007549,0.014997,-0.289928,0.001558,0.289933,2|3|4|5|6|7,0.5638
7202.967042,-0.149269,-0.663838,0.015543,0.867122,0.007549,0.014997,-0.281097,-0.002802,0.281111,2|3|4|5|6|7,0.5626
7202.983709,-0.138888,-0.672839,0.016393,0.880550,0.007984,0.015774,-0.289634,0.002405,0.289644,2|3|4|5|6|7,0.5627
7203.000376,-0.130148,-0.681988,0.016757,0.880550,0.007984,0.015774,-0.284661,0.007155,0.284751,2|3|4|5|6|7,0.5619
7203.017042,-0.130148,-0.681988,0.016756,0.894293,0.006871,0.016544,-0.298404,0.008267,0.298519,2|3|4|5|6|7,0.5629
7203.033709,-0.140504,-0.690221,0.015910,0.901426,0.007513,0.016778,-0.301063,0.001997,0.301070,2|3|4|5|6|7,0.5632
7203.050376,-0.158995,-0.706418,0.015976,0.901426,0.007513,0.016778,-0.292260,-0.008052,0.292371,2|3|4|5|6|7,0.5623
7203.067042,-0.151662,-0.716260,0.015856,0.908258,0.008017,0.017254,-0.293744,-0.004571,0.293779,2|3|4|5|6|7,0.5628
7203.083709,-0.146013,-0.724695,0.016323,0.915154,0.008519,0.017352,-0.296055,-0.002003,0.296062,2|3|4|5|6|7,0.5630
7203.100376,-0.140254,-0.733193,0.016555,0.922115,0.007990,0.017401,-0.298398,0.001656,0.298402,2|3|4|5|6|7,0.5622
7203.117042,-0.150022,-0.742424,0.016859,0.929211,0.007280,0.017474,-0.300477,-0.002943,0.300491,2|3|4|5|6|7,0.5628
7203.133709,-0.161749,-0.751392,0.017120,0.936348,0.007361,0.017518,-0.302740,-0.009397,0.302886,2|3|4|5|6|7,0.5627
7203.150376,-0.161929,-0.759975,0.017044,0.943616,0.007890,0.017535,-0.305343,-0.010024,0.305508,2|3|4|5|6|7,0.5631
7203.167042,-0.156182,-0.769281,0.017037,0.957994,0.008481,0.017585,-0.314664,-0.007492,0.314753,2|3|4|5|6|7,0.5626
7203.183709,-0.150246,-0.778101,0.017156,0.957994,0.008481,0.017585,-0.309870,-0.004266,0.309900,2|3|4|5|6|7,0.5609
7203.200376,-0.150246,-0.778101,0.017156,0.971540,0.007936,0.017405,-0.323416,-0.003720,0.323438,2|3|4|5|6|7,0.5599
7203.217042,-0.165908,-0.796009,0.017090,0.971540,0.007936,0.017405,-0.313684,-0.012232,0.313922,2|3|4|5|6|7,0.5606
7203.233709,-0.165908,-0.796009,0.017090,0.985004,0.008931,0.017463,-0.327148,-0.013227,0.327415,2|3|4|5|6|7,0.5611
7203.250376,-0.156592,-0.812003,0.016825,0.991897,0.009423,0.017468,-0.325348,-0.008657,0.325463,2|3|4|5|6|7,0.5611
7203.267042,-0.150530,-0.821504,0.016039,0.991897,0.009423,0.017468,-0.320184,-0.005362,0.320229,2|3|4|5|6|7|8,0.5557
7203.283709,-0.150499,-0.821545,0.015971,0.998925,0.009279,0.017424,-0.327190,-0.005201,0.327232,2|3|4|5|6|7|8,0.5609
7203.300376,-0.149442,-0.838132,0.016514,1.005986,0.008563,0.017403,-0.325236,-0.003912,0.325259,2|3|4|5|6|7|8,0.5557
7203.317042,-0.149395,-0.838641,0.016458,1.020011,0.009134,0.017370,-0.338985,-0.004456,0.339014,3|4|5|6|7|8,0.5612
7203.333709,-0.164369,-0.855121,0.016400,1.020011,0.009134,0.017370,-0.330029,-0.012594,0.330269,3|4|5|6|7|8,0.5614
7203.350376,-0.156068,-0.864296,0.016498,1.034111,0.010016,0.017446,-0.339142,-0.008964,0.339260,3|4|5|6|7|8,0.5618
7203.367042,-0.147871,-0.873584,0.016558,1.034111,0.010016,0.017446,-0.334094,-0.004510,0.334124,3|4|5|6|7|8,0.5615
7203.383709,-0.147864,-0.882884,0.016291,1.041139,0.009297,0.017472,-0.336068,-0.003787,0.336089,3|4|5|6|7|8,0.5604
7203.400376,-0.159695,-0.891898,0.016277,1.048100,0.008950,0.017530,-0.338130,-0.009870,0.338274,3|4|5|6|7|8,0.5615
7203.417042,-0.165527,-0.899389,0.016515,1.055191,0.009432,0.017557,-0.341150,-0.013522,0.341417,3|4|5|6|7|8,0.5620
7203.433709,-0.165527,-0.899388,0.016516,1.069152,0.010347,0.017471,-0.355111,-0.014437,0.355404,3|4|5|6|7|8,0.5622
7203.450376,-0.160341,-0.908608,0.016098,1.076074,0.010765,0.017456,-0.357022,-0.012037,0.357225,3|4|5|6|7|8,0.5617
7203.467042,-0.155054,-0.917838,0.015954,1.082856,0.010181,0.017461,-0.358789,-0.008579,0.358891,3|4|5|6|7|8,0.5613
7203.500376,-0.157027,-0.943840,0.016094,1.096861,0.010528,0.017508,-0.358662,-0.009998,0.358801,3|4|5|6|7|8,0.5598
7203.517042,-0.160236,-0.951205,0.016209,1.096861,0.010528,0.017508,-0.354659,-0.011743,0.354854,3|4|5|6|7|8,0.5602
7203.533709,-0.160236,-0.951204,0.016211,1.104001,0.011011,0.017486,-0.361799,-0.012225,0.362005,3|4|5|6|7|8,0.5608
7203.550376,-0.154963,-0.960466,0.016504,1.111204,0.011366,0.017462,-0.363969,-0.009715,0.364098,3|4|5|6|7|8,0.5616
7203.567042,-0.146574,-0.979293,0.016593,1.125525,0.009933,0.017356,-0.368057,-0.003723,0.368076,3|4|5|6|7|8,0.5616
7203.583709,-0.146574,-0.979294,0.016592,1.125525,0.009933,0.017356,-0.368057,-0.003723,0.368076,3|4|5|6|7|8,0.5612
7203.600376,-0.170109,-0.996269,0.016216,1.139307,0.010813,0.017331,-0.372614,-0.017393,0.373020,3|4|5|6|7|8,0.5612
7203.617042,-0.165230,-1.005309,0.015978,1.139307,0.010813,0.017331,-0.367701,-0.014741,0.367996,3|4|5|6|7|8,0.5625
7203.633709,-0.165230,-1.005309,0.015979,1.146193,0.011257,0.017327,-0.374586,-0.015186,0.374894,3|4|5|6|7|8,0.5623
7203.650376,-0.155336,-1.023177,0.016193,1.153197,0.011213,0.017231,-0.371880,-0.009765,0.372008,3|4|5|6|7|8,0.5625
7203.667042,-0.155336,-1.023177,0.016193,1.167141,0.009958,0.017180,-0.385824,-0.008510,0.385917,3|4|5|6|7|8,0.5617
7203.683709,-0.172109,-1.041202,0.015823,1.167141,0.009958,0.017180,-0.376027,-0.017626,0.376440,3|4|5|6|7|8,0.5622
7203.700376,-0.178647,-1.048667,0.016065,1.174129,0.010577,0.017293,-0.378958,-0.021798,0.379584,3|4|5|6|7|8,0.5624
7203.717042,-0.178648,-1.048667,0.016065,1.188456,0.011318,0.017275,-0.393285,-0.022540,0.393930,3|4|5|6|7|8,0.5624
7203.733709,-0.163801,-1.067050,0.016203,1.188456,0.011318,0.017275,-0.383294,-0.014471,0.383567,3|4|5|6|7|8,0.5612
7203.750376,-0.164261,-1.076316,0.015735,1.195658,0.010868,0.017327,-0.385461,-0.014271,0.385725,3|4|5|6|7|8,0.5614
7203.767042,-0.164261,-1.076316,0.015735,1.209870,0.011821,0.017366,-0.399673,-0.015223,0.399963,3|4|5|6|7|8,0.5619
7203.783709,-0.172358,-1.085210,0.016076,1.216936,0.012754,0.017329,-0.401905,-0.020557,0.402431,3|4|5|6|7|8,0.5617
7203.800376,-0.162223,-1.102165,0.016347,1.216936,0.012754,0.017329,-0.392690,-0.015049,0.392979,3|4|5|6|7|8|9|10,0.5611
7203.817042,-0.162230,-1.102186,0.016316,1.231112,0.013681,0.017276,-0.406855,-0.015980,0.407169,3|4|5|6|7|8|9|10,0.5559
7203.833709,-0.139919,-1.120043,0.016998,1.231112,0.013681,0.017276,-0.397150,-0.003855,0.397169,3|5|6|7|8|9|10,0.5541
7203.850376,-0.140045,-1.120657,0.016675,1.238226,0.012776,0.017283,-0.403930,-0.003018,0.403941,5|6|7|8|9|10,0.5607
7203.867042,-0.141355,-1.129711,0.016418,1.252311,0.013173,0.017233,-0.413095,-0.004126,0.413116,5|6|7|8|9|10,0.5611
7203.883709,-0.158628,-1.146512,0.016517,1.252311,0.013173,0.017233,-0.403964,-0.013514,0.404190,5|6|7|8|9|10,0.5624
7203.900376,-0.158628,-1.146512,0.016516,1.266603,0.014180,0.017235,-0.418256,-0.014522,0.418508,5|6|7|8|9|10,0.5623
7203.917042,-0.147456,-1.165015,0.016131,1.266603,0.014180,0.017235,-0.408199,-0.008450,0.408287,5|6|7|8|9|10,0.5618
7203.933709,-0.147456,-1.165015,0.016130,1.280754,0.012604,0.017052,-0.422351,-0.006874,0.422407,5|6|7|8|9|10,0.5609
7203.950376,-0.141929,-1.174166,0.016117,1.287426,0.013375,0.016979,-0.424049,-0.004641,0.424074,5|6|7|8|9|10,0.5613
7203.967042,-0.167565,-1.191404,0.016265,1.294505,0.014390,0.017205,-0.421760,-0.019589,0.422215,5|6|7|8|9|10,0.5607
7203.983709,-0.167564,-1.191403,0.016265,1.301527,0.015360,0.017224,-0.428782,-0.020558,0.429275,5|6|7|8|9|10,0.5629
7204.000376,-0.145116,-1.207819,0.015930,1.308606,0.015995,0.017249,-0.426939,-0.008994,0.427034,5|6|7|8|9|10,0.5631
7204.017042,-0.133136,-1.216931,0.016119,1.308606,0.015995,0.017249,-0.421987,-0.002483,0.421995,5|6|7|8|9|10,0.5630
7204.033709,-0.133136,-1.216931,0.016120,1.323026,0.015195,0.017153,-0.436407,-0.001682,0.436411,5|6|7|8|9|10,0.5620
7204.050376,-0.133472,-1.235478,0.016068,1.323026,0.015195,0.017153,-0.426328,-0.001865,0.426332,5|6|7|8|9|10,0.5619
7204.067042,-0.140394,-1.244198,0.015907,1.337336,0.016370,0.016665,-0.435898,-0.006802,0.435951,5|6|7|8|9|10,0.5612
7204.083709,-0.133933,-1.252471,0.015145,1.337336,0.016370,0.016665,-0.431402,-0.003290,0.431414,5|6|7|8|9|10,0.5629
7204.100376,-0.125612,-1.261851,0.015343,1.351415,0.015795,0.016662,-0.440383,0.001807,0.440387,5|6|7|8|9|10,0.5629
7204.117042,-0.124681,-1.271273,0.015742,1.358409,0.015021,0.016712,-0.442256,0.003086,0.442267,5|6|7|8|9|10,0.5626
7204.133709,-0.124681,-1.271273,0.015744,1.358409,0.015021,0.016712,-0.442256,0.003086,0.442267,5|6|7|8|9|10,0.5623
7204.150376,-0.149848,-1.289354,0.016318,1.365182,0.015344,0.016599,-0.439203,-0.010914,0.439339,5|6|7|8|9|10,0.5620
7204.167042,-0.149847,-1.289353,0.016316,1.379091,0.016446,0.016598,-0.453112,-0.012016,0.453272,5|6|7|8|9|10,0.5626
7204.183709,-0.139496,-1.305493,0.015319,1.379091,0.016446,0.016598,-0.444341,-0.006390,0.444387,5|6|7|8|9|10,0.5629
7204.200376,-0.133262,-1.314415,0.015232,1.392834,0.015687,0.016476,-0.453235,-0.002243,0.453241,5|6|7|8|9|10,0.5624
7204.217042,-0.136789,-1.323476,0.015371,1.392834,0.015687,0.016476,-0.448310,-0.004161,0.448330,5|6|7|8|9|10,0.5615
7204.250376,-0.156549,-1.339519,0.015200,1.406664,0.015721,0.016586,-0.453421,-0.014934,0.453667,5|6|7|8|9|10,0.5614
7204.267042,-0.149678,-1.348673,0.015309,1.413687,0.016319,0.016599,-0.455469,-0.011797,0.455622,5|6|7|8|9|10,0.5617
7204.283709,-0.142669,-1.357628,0.015474,1.427909,0.016022,0.016343,-0.464825,-0.007691,0.464889,5|6|7|8|9|10,0.5611
7204.300376,-0.137414,-1.367811,0.015217,1.427909,0.016022,0.016343,-0.459291,-0.004834,0.459316,5|6|7|8|9|10|11,0.5524
7204.317042,-0.151142,-1.376345,0.015155,1.441149,0.016058,0.016163,-0.467893,-0.012332,0.468055,5|6|7|8|9|10|11,0.5609
7204.333709,-0.159546,-1.382369,0.015112,1.441149,0.016058,0.016163,-0.464619,-0.016899,0.464926,5|6|7|8|9|10|11,0.5621
7204.350376,-0.152826,-1.390408,0.014202,1.454673,0.017311,0.016114,-0.473774,-0.014501,0.473996,5|6|7|8|9|10|11,0.5550
7204.367042,-0.144950,-1.399888,0.015735,1.454673,0.017311,0.016114,-0.468622,-0.010220,0.468733,6|7|8|9|10|11,0.5622
7204.383709,-0.137323,-1.408639,0.015909,1.468842,0.016963,0.015870,-0.478034,-0.005726,0.478069,6|7|8|9|10|11,0.5616
7204.400376,-0.136201,-1.418227,0.015429,1.468842,0.016963,0.015870,-0.472823,-0.005117,0.472851,6|7|8|9|10|11,0.5620
7204.417042,-0.145570,-1.427410,0.015396,1.475858,0.016398,0.015614,-0.474849,-0.009644,0.474947,6|7|8|9|10|11,0.5614
7204.433709,-0.154914,-1.436730,0.014988,1.489318,0.017443,0.015576,-0.483243,-0.015767,0.483500,6|7|8|9|10|11,0.5605
7204.450376,-0.153270,-1.443092,0.015096,1.489318,0.017443,0.015576,-0.479785,-0.014873,0.480016,6|7|8|9|10|11,0.5615
7204.483709,-0.153269,-1.443091,0.015098,1.503182,0.017410,0.015518,-0.493650,-0.014840,0.493873,6|7|8|9|10|11,0.5614
7204.500376,-0.146638,-1.470587,0.014323,1.510215,0.016900,0.015571,-0.485740,-0.010726,0.485858,6|7|8|9|10|11,0.5618
7204.517042,-0.146638,-1.470588,0.014326,1.523859,0.017374,0.015601,-0.499384,-0.011200,0.499509,6|7|8|9|10|11,0.5613
7204.533709,-0.159591,-1.486348,0.014218,1.523859,0.017374,0.015601,-0.490819,-0.018240,0.491157,6|7|8|9|10|11,0.5626
7204.550376,-0.150833,-1.495292,0.014585,1.530859,0.018117,0.015612,-0.492958,-0.014224,0.493163,6|7|8|9|10|11,0.5625
7204.567042,-0.141583,-1.504416,0.014266,1.537765,0.018801,0.015583,-0.494905,-0.009880,0.495004,6|7|8|9|10|11,0.5611
7204.583709,-0.141583,-1.504416,0.014265,1.551506,0.017756,0.015542,-0.508646,-0.008835,0.508723,6|7|8|9|10|11,0.5605
7204.600376,-0.140402,-1.522364,0.014150,1.551506,0.017756,0.015542,-0.498892,-0.008193,0.498959,6|7|8|9|10|11,0.5607
7204.617042,-0.140402,-1.522364,0.014152,1.565564,0.018366,0.015556,-0.512949,-0.008803,0.513025,6|7|8|9|10|11,0.5615
7204.633709,-0.154892,-1.537881,0.014001,1.565564,0.018366,0.015556,-0.504516,-0.016679,0.504792,6|7|8|9|10|11,0.5618
7204.650376,-0.154892,-1.537881,0.014000,1.580193,0.018502,0.015518,-0.519145,-0.016814,0.519417,6|7|8|9|10|11,0.5613
7204.667042,-0.145715,-1.547351,0.013745,1.580193,0.018502,0.015518,-0.513998,-0.011827,0.514134,6|7|8|9|10|11,0.5611
7204.683709,-0.138052,-1.557815,0.013890,1.594527,0.017492,0.015660,-0.522645,-0.006653,0.522688,6|7|8|9|10|11,0.5615
7204.700376,-0.147020,-1.566929,0.014168,1.601192,0.018105,0.015604,-0.524357,-0.012139,0.524497,6|7|8|9|10|11,0.5616
7204.717042,-0.164010,-1.585680,0.014536,1.608097,0.018888,0.015622,-0.521071,-0.022155,0.521542,6|7|8|9|10|11,0.5614
7204.733709,-0.164010,-1.585679,0.014533,1.615155,0.019036,0.015499,-0.528130,-0.022304,0.528601,6|7|8|9|10|11,0.5632
7204.750376,-0.156159,-1.591891,0.014702,1.622253,0.018501,0.015465,-0.531852,-0.017503,0.532140,6|7|8|9|10|11,0.5626
7204.767042,-0.146325,-1.610509,0.014800,1.622253,0.018501,0.015465,-0.521734,-0.012158,0.521875,6|7|8|9|10|11,0.5624
7204.800376,-0.146325,-1.610510,0.014803,1.643201,0.018411,0.014987,-0.542681,-0.012068,0.542815,6|7|8|9|10|11,0.5618
7204.817042,-0.171267,-1.635828,0.014973,1.643201,0.018411,0.014987,-0.528921,-0.025624,0.529541,6|7|8|9|10|11,0.5610
7204.833709,-0.171267,-1.635828,0.014972,1.657632,0.018566,0.014997,-0.543353,-0.025778,0.543964,6|7|8|9|10|11,0.5615
7204.850376,-0.159850,-1.644983,0.013698,1.664832,0.018460,0.015068,-0.545577,-0.019467,0.545924,6|7|8|9|10|11|13,0.5631
7204.867042,-0.160644,-1.663488,0.011643,1.671932,0.018459,0.015070,-0.542620,-0.019898,0.542984,6|7|8|9|10|11|12|13,0.5578
7204.883709,-0.163245,-1.672840,0.012544,1.671932,0.018459,0.015070,-0.537538,-0.021312,0.537960,8|9|10|11|12|13,0.5636
7204.900376,-0.164747,-1.680054,0.012683,1.678880,0.019664,0.014912,-0.540564,-0.023333,0.541067,8|9|10|11|12|13,0.5627
7204.917042,-0.148867,-1.687736,0.012521,1.693193,0.021130,0.014867,-0.550703,-0.016168,0.550940,8|9|10|11|12|13,0.5637
7204.933709,-0.131405,-1.698105,0.012449,1.700253,0.020528,0.014864,-0.552126,-0.006076,0.552160,8|9|10|11|12|13,0.5630
7204.950376,-0.131182,-1.708137,0.011868,1.700253,0.020528,0.014864,-0.546674,-0.005955,0.546707,8|9|10|11|12|13,0.5632
7204.967042,-0.141199,-1.717078,0.012055,1.707330,0.020044,0.014842,-0.548892,-0.010915,0.549001,8|9|10|11|12|13,0.5638
7204.983709,-0.141199,-1.717078,0.012056,1.714342,0.019860,0.014741,-0.555904,-0.010731,0.556008,8|9|10|11|12|13,0.5638
7205.000376,-0.152670,-1.733149,0.011910,1.721496,0.020762,0.014772,-0.554324,-0.017868,0.554612,8|9|10|11|12|13,0.5634
7205.017042,-0.141271,-1.742712,0.011144,1.728724,0.021494,0.014755,-0.556355,-0.012405,0.556494,8|9|10|11|12|13,0.5634
7205.033709,-0.141272,-1.742712,0.011142,1.743030,0.020496,0.014816,-0.570661,-0.011407,0.570775,8|9|10|11|12|13,0.5629
7205.050376,-0.132449,-1.753033,0.011480,1.750126,0.020015,0.014831,-0.572148,-0.006131,0.572181,8|9|10|11|12|13,0.5629
7205.067042,-0.141132,-1.761862,0.012255,1.750126,0.020015,0.014831,-0.567350,-0.010850,0.567454,8|9|10|11|12|13,0.5635
7205.083709,-0.157388,-1.779682,0.013211,1.764122,0.022120,0.014914,-0.571661,-0.021789,0.572076,8|9|10|11|12|13,0.5628
7205.100376,-0.147936,-1.785929,0.012875,1.764122,0.022120,0.014914,-0.568265,-0.016653,0.568509,8|9|10|11|12|13,0.5629
7205.117042,-0.129949,-1.795382,0.012561,1.778415,0.022797,0.014943,-0.577420,-0.007554,0.577470,8|9|10|11|12|13,0.5628
7205.133709,-0.120118,-1.805806,0.012136,1.778415,0.022797,0.014943,-0.571755,-0.002211,0.571759,8|9|10|11|12|13,0.5626
7205.150376,-0.123688,-1.814353,0.011653,1.792851,0.022540,0.014831,-0.581547,-0.003895,0.581560,8|9|10|11|12|13,0.5632
7205.167042,-0.123688,-1.814354,0.011652,1.799906,0.023286,0.014812,-0.588601,-0.004641,0.588620,8|9|10|11|12|13,0.5624
7205.183709,-0.130273,-1.833077,0.012424,1.799906,0.023286,0.014812,-0.578426,-0.008220,0.578484,8|9|10|11|12|13,0.5606
7205.200376,-0.130274,-1.833076,0.012423,1.814160,0.023117,0.014964,-0.592679,-0.008051,0.592734,8|9|10|11|12|13,0.5609
7205.217042,-0.117263,-1.850854,0.011821,1.814160,0.023117,0.014964,-0.583018,-0.000980,0.583019,8|9|10|11|12|13,0.5619
7205.233709,-0.126321,-1.859710,0.011872,1.821278,0.022623,0.014977,-0.585323,-0.005408,0.585348,8|9|10|11|12|13,0.5626
7205.250376,-0.134670,-1.868634,0.012439,1.835333,0.022739,0.015083,-0.594528,-0.010062,0.594613,8|9|10|11|12|13,0.5631
7205.267042,-0.134670,-1.868634,0.012440,1.835333,0.022739,0.015083,-0.594527,-0.010062,0.594613,8|9|10|11|12|13,0.5631
7205.283709,-0.135414,-1.884703,0.012273,1.842406,0.023588,0.015109,-0.592868,-0.011316,0.592976,8|9|10|11|12|13,0.5632
7205.300376,-0.124788,-1.894018,0.013157,1.849513,0.023616,0.015208,-0.594912,-0.005569,0.594938,8|9|10|11|12|13,0.5630
7205.317042,-0.126621,-1.903748,0.012876,1.856343,0.023177,0.015188,-0.596454,-0.006126,0.596486,8|9|10|11|12|13,0.5634
7205.333709,-0.126620,-1.903749,0.012876,1.870219,0.022612,0.015233,-0.610330,-0.005561,0.610355,8|9|10|11|12|13,0.5637
7205.350376,-0.141599,-1.922425,0.011772,1.870219,0.022612,0.015233,-0.600180,-0.013702,0.600336,8|9|10|11|12|13|14,0.5569
7205.367042,-0.141599,-1.922483,0.011732,1.884555,0.024066,0.015371,-0.614485,-0.015156,0.614671,8|9|10|11|12|13|14,0.5623
7205.383709,-0.134726,-1.938021,0.011818,1.884555,0.024066,0.015371,-0.606040,-0.011420,0.606147,8|9|10|11|12|13|14,0.5591
7205.400376,-0.128463,-1.947580,0.011631,1.891778,0.023410,0.015386,-0.608068,-0.007360,0.608112,8|9|10|11|12|13|14,0.5547
7205.417042,-0.128249,-1.948215,0.011814,1.905510,0.022693,0.015230,-0.621454,-0.006527,0.621488,9|10|11|12|13|14,0.5621
7205.433709,-0.149675,-1.966083,0.011897,1.912397,0.023505,0.015258,-0.618630,-0.018984,0.618921,9|10|11|12|13|14,0.5620
7205.450376,-0.149676,-1.966083,0.011895,1.912397,0.023505,0.015258,-0.618630,-0.018984,0.618921,9|10|11|12|13|14,0.5621
7205.467042,-0.140779,-1.981296,0.011561,1.926518,0.024656,0.015256,-0.624484,-0.015300,0.624672,9|10|11|12|13|14,0.5629
7205.483709,-0.130199,-1.990526,0.011325,1.926518,0.024656,0.015256,-0.619468,-0.009550,0.619541,9|10|11|12|13|14,0.5622
7205.500376,-0.130199,-1.990526,0.011327,1.940676,0.023856,0.015216,-0.633625,-0.008750,0.633686,9|10|11|12|13|14,0.5629
7205.517042,-0.127562,-2.000372,0.011344,1.947672,0.023435,0.015162,-0.635271,-0.006896,0.635308,9|10|11|12|13|14,0.5624
7205.533709,-0.141633,-2.018419,0.010768,1.947672,0.023435,0.015162,-0.625463,-0.014543,0.625632,9|10|11|12|13|14,0.5614
7205.550376,-0.141633,-2.018418,0.010769,1.961256,0.024915,0.015133,-0.639047,-0.016024,0.639248,9|10|11|12|13|14,0.5598
7205.567042,-0.149084,-2.027692,0.011065,1.968265,0.024487,0.015145,-0.641016,-0.019645,0.641317,9|10|11|12|13|14,0.5599
7205.583709,-0.131045,-2.044235,0.011333,1.968265,0.024487,0.015145,-0.632025,-0.009841,0.632101,9|10|11|12|13|14,0.5603
7205.600376,-0.138591,-2.052662,0.011766,1.975301,0.024106,0.015189,-0.634480,-0.013562,0.634625,9|10|11|12|13|14,0.5622
7205.617042,-0.145391,-2.061748,0.011893,1.982333,0.023752,0.015245,-0.636575,-0.016903,0.636799,9|10|11|12|13|14,0.5624
7205.633709,-0.145390,-2.061748,0.011896,1.989194,0.024203,0.015276,-0.643436,-0.017353,0.643670,9|10|11|12|13|14,0.5625
7205.650376,-0.146658,-2.077283,0.011534,1.996235,0.025077,0.015293,-0.642034,-0.018917,0.642313,9|10|11|12|13|14,0.5624
7205.667042,-0.135592,-2.086629,0.011040,2.010032,0.025626,0.015262,-0.650751,-0.013452,0.650890,9|10|11|12|13|14,0.5618
7205.683709,-0.125231,-2.095766,0.011208,2.010032,0.025626,0.015262,-0.645785,-0.007821,0.645833,9|10|11|12|13|14,0.5615
7205.700376,-0.131539,-2.104793,0.011308,2.016911,0.025068,0.015218,-0.647759,-0.010691,0.647847,9|10|11|12|13|14,0.5616
7205.717042,-0.141140,-2.113209,0.010995,2.023836,0.024495,0.015272,-0.650110,-0.015336,0.650291,9|10|11|12|13|14,0.5622
7205.733709,-0.150651,-2.121950,0.011240,2.030698,0.025151,0.015276,-0.652222,-0.021160,0.652565,9|10|11|12|13|14,0.5618
7205.767042,-0.150654,-2.121950,0.011237,2.045327,0.025556,0.015194,-0.666851,-0.021568,0.667199,9|10|11|12|13|14,0.5623
7205.783709,-0.133290,-2.139938,0.010937,2.059637,0.024851,0.015311,-0.671384,-0.011426,0.671481,9|10|11|12|13|14,0.5634
7205.800376,-0.146597,-2.158246,0.012065,2.066528,0.024856,0.015193,-0.668325,-0.018663,0.668586,9|10|11|12|13|14,0.5631
7205.817042,-0.146595,-2.158245,0.012068,2.073428,0.025782,0.015129,-0.675226,-0.019588,0.675510,9|10|11|12|13|14,0.5631
7205.833709,-0.153123,-2.167895,0.011367,2.073428,0.025782,0.015129,-0.669981,-0.023136,0.670381,9|10|11|12|13|14,0.5626
7205.850376,-0.141362,-2.182928,0.011917,2.080539,0.026068,0.014976,-0.668922,-0.017030,0.669139,9|10|11|12|13|14,0.5626
7205.867042,-0.141362,-2.182928,0.011917,2.087520,0.025676,0.014715,-0.675903,-0.016638,0.676107,9|10|11|12|13|14,0.5626
7205.883709,-0.146161,-2.202778,0.010292,2.094664,0.025348,0.014658,-0.672259,-0.018918,0.672525,9|10|11|12|13|14|15|16,0.5601
7205.900376,-0.146139,-2.202805,0.010248,2.108609,0.025145,0.014303,-0.686189,-0.018703,0.686444,9|10|11|12|13|14|15|16,0.5596
7205.917042,-0.159282,-2.219922,0.009904,2.108609,0.025145,0.014303,-0.676886,-0.025846,0.677380,9|10|11|12|13|14|15|16,0.5514
7205.933709,-0.157840,-2.227780,0.008894,2.115856,0.025604,0.014246,-0.679863,-0.025522,0.680342,11|12|13|14|15|16,0.5622
7205.950376,-0.153170,-2.238650,0.008889,2.122961,0.025580,0.014222,-0.681060,-0.022960,0.681447,11|12|13|14|15|16,0.5624
7205.967042,-0.154974,-2.246941,0.008712,2.130078,0.025643,0.014274,-0.683671,-0.024003,0.684092,11|12|13|14|15|16,0.5631
7205.983709,-0.154974,-2.246941,0.008712,2.144060,0.026254,0.014314,-0.697653,-0.024614,0.698087,11|12|13|14|15|16,0.5631
7206.000376,-0.155331,-2.256077,0.009108,2.144060,0.026254,0.014314,-0.692688,-0.024808,0.693132,11|12|13|14|15|16,0.5629
7206.017042,-0.155579,-2.265100,0.009447,2.158347,0.028009,0.014327,-0.702071,-0.026697,0.702579,11|12|13|14|15|16,0.5630
7206.033709,-0.129608,-2.280918,0.009346,2.165425,0.027610,0.014332,-0.700553,-0.012184,0.700659,11|12|13|14|15|16,0.5623
7206.050376,-0.127979,-2.291667,0.008593,2.165425,0.027610,0.014332,-0.694711,-0.011299,0.694803,11|12|13|14|15|16,0.5629
7206.067042,-0.134895,-2.300295,0.008772,2.172516,0.027333,0.014306,-0.697112,-0.014781,0.697269,11|12|13|14|15|16,0.5635
7206.083709,-0.140050,-2.309127,0.008564,2.179609,0.027073,0.014275,-0.699406,-0.017322,0.699620,11|12|13|14|15|16,0.5634
7206.117042,-0.140051,-2.309127,0.008564,2.200873,0.028009,0.014057,-0.720670,-0.018258,0.720901,11|12|13|14|15|16,0.5624
7206.133709,-0.140922,-2.324736,0.009191,2.207957,0.027755,0.014075,-0.719271,-0.018478,0.719508,11|12|13|14|15|16,0.5616
7206.150376,-0.135090,-2.344349,0.009183,2.207957,0.027755,0.014075,-0.708611,-0.015309,0.708777,11|12|13|14|15|16,0.5623
7206.167042,-0.139977,-2.353342,0.009975,2.215018,0.027514,0.014100,-0.710785,-0.017723,0.711005,11|12|13|14|15|16,0.5624
7206.183709,-0.144990,-2.362974,0.010336,2.228552,0.028424,0.014131,-0.719083,-0.021359,0.719400,11|12|13|14|15|16,0.5621
7206.200376,-0.150155,-2.373032,0.010305,2.235813,0.029505,0.014143,-0.720879,-0.025247,0.721321,11|12|13|14|15|16,0.5614
7206.217043,-0.134703,-2.376726,0.010188,2.235813,0.029505,0.014143,-0.718871,-0.016848,0.719068,11|12|13|14|15|16,0.5621
7206.233709,-0.121266,-2.388112,0.009686,2.250228,0.029757,0.014079,-0.727097,-0.009798,0.727163,11|12|13|14|15|16,0.5631
7206.250376,-0.121410,-2.396020,0.010060,2.250228,0.029757,0.014079,-0.722800,-0.009876,0.722867,11|12|13|14|15|16,0.5640
7206.267043,-0.120033,-2.405646,0.009692,2.257499,0.029921,0.014040,-0.724839,-0.009291,0.724899,11|12|13|14|15|16,0.5646
7206.283709,-0.120033,-2.405646,0.009691,2.271773,0.030205,0.013981,-0.739114,-0.009576,0.739176,11|12|13|14|15|16,0.5641
7206.300376,-0.118943,-2.425025,0.009309,2.278812,0.029978,0.014002,-0.735621,-0.008757,0.735673,11|12|13|14|15|16,0.5630
7206.317043,-0.118943,-2.425024,0.009308,2.285856,0.029772,0.014016,-0.742665,-0.008550,0.742715,11|12|13|14|15|16,0.5640
7206.333709,-0.122715,-2.441599,0.009625,2.285856,0.029772,0.014016,-0.733657,-0.010600,0.733734,11|12|13|14|15|16,0.5648
7206.350376,-0.126814,-2.450350,0.009757,2.292882,0.029616,0.014030,-0.735927,-0.012672,0.736036,11|12|13|14|15|16,0.5644
7206.367043,-0.126814,-2.450349,0.009757,2.299883,0.029454,0.014036,-0.742928,-0.012510,0.743034,11|12|13|14|15|16,0.5638
7206.383709,-0.133966,-2.468321,0.010041,2.313903,0.030380,0.014117,-0.747181,-0.017324,0.747382,11|12|13|14|15|16,0.5625
7206.400376,-0.133690,-2.469557,0.009289,2.313903,0.030380,0.014117,-0.746510,-0.017174,0.746707,11|12|13|14|15|16|17,0.5594
7206.417043,-0.123792,-2.486047,0.009807,2.320979,0.030264,0.014182,-0.744623,-0.011678,0.744715,11|12|13|14|15|16|17,0.5632
7206.433709,-0.127096,-2.494308,0.009009,2.327730,0.030137,0.014118,-0.746885,-0.013346,0.747004,11|12|13|14|15|16|17,0.5574
7206.450376,-0.129991,-2.504508,0.008836,2.334567,0.030039,0.014122,-0.748179,-0.014823,0.748326,12|13|14|15|16|17,0.5635
7206.467043,-0.129991,-2.504507,0.008835,2.348369,0.030641,0.014441,-0.761981,-0.015424,0.762137,12|13|14|15|16|17,0.5627
7206.483709,-0.133879,-2.521794,0.008427,2.355539,0.030345,0.014431,-0.759756,-0.017241,0.759952,12|13|14|15|16|17,0.5614
7206.500376,-0.127231,-2.528899,0.008881,2.355539,0.030345,0.014431,-0.755894,-0.013628,0.756017,12|13|14|15|16|17,0.5614
7206.517043,-0.132796,-2.538462,0.009086,2.362758,0.030048,0.014438,-0.757916,-0.016355,0.758093,12|13|14|15|16|17,0.5621
7206.533709,-0.138344,-2.547692,0.009051,2.369726,0.029719,0.014326,-0.759868,-0.019042,0.760107,12|13|14|15|16|17,0.5621
7206.550376,-0.144118,-2.556764,0.008412,2.376391,0.029623,0.014327,-0.761603,-0.022084,0.761923,12|13|14|15|16|17,0.5610
7206.567043,-0.144118,-2.556765,0.008412,2.382877,0.030608,0.013846,-0.768088,-0.023069,0.768434,12|13|14|15|16|17,0.5619
7206.583709,-0.146606,-2.562969,0.008326,2.390057,0.031127,0.013792,-0.771896,-0.024941,0.772299,12|13|14|15|16|17,0.5622
7206.600376,-0.126609,-2.581648,0.007799,2.404259,0.031012,0.013774,-0.775946,-0.013957,0.776072,12|13|14|15|16|17,0.5621
7206.617043,-0.126609,-2.581649,0.007799,2.411281,0.030955,0.013735,-0.782968,-0.013901,0.783091,12|13|14|15|16|17,0.5631
7206.633709,-0.128927,-2.590428,0.007812,2.411281,0.030955,0.013735,-0.778196,-0.015161,0.778344,12|13|14|15|16|17,0.5619
7206.650376,-0.130640,-2.599613,0.008261,2.418250,0.030883,0.013695,-0.780173,-0.016019,0.780338,12|13|14|15|16|17,0.5606
7206.667043,-0.134778,-2.619076,0.008561,2.431840,0.030738,0.013658,-0.783186,-0.018122,0.783396,12|13|14|15|16|17,0.5598
7206.683709,-0.134778,-2.619076,0.008562,2.438844,0.030752,0.013668,-0.790190,-0.018137,0.790398,12|13|14|15|16|17,0.5598
7206.700376,-0.136712,-2.624872,0.008327,2.438844,0.030752,0.013668,-0.787040,-0.019188,0.787274,12|13|14|15|16|17,0.5618
7206.717043,-0.139191,-2.633022,0.007805,2.445841,0.030770,0.013733,-0.789608,-0.020553,0.789875,12|13|14|15|16|17,0.5626
7206.733709,-0.141379,-2.651632,0.007555,2.452839,0.030792,0.013748,-0.786492,-0.021765,0.786793,12|13|14|15|16|17,0.5624
7206.750376,-0.142151,-2.660753,0.007706,2.466610,0.032304,0.013831,-0.795305,-0.023697,0.795658,12|13|14|15|16|17,0.5617
7206.767043,-0.142151,-2.660755,0.007704,2.466610,0.032304,0.013831,-0.795304,-0.023697,0.795657,12|13|14|15|16|17,0.5613
7206.783709,-0.139966,-2.667030,0.007836,2.480336,0.031912,0.013683,-0.805620,-0.022117,0.805923,12|13|14|15|16|17,0.5603
7206.800376,-0.127878,-2.685740,0.007866,2.487170,0.031726,0.013710,-0.802285,-0.015362,0.802432,12|13|14|15|16|17,0.5621
7206.817043,-0.132077,-2.694484,0.007684,2.487170,0.031726,0.013710,-0.797533,-0.017644,0.797729,12|13|14|15|16|17,0.5627
7206.850376,-0.139392,-2.712897,0.007407,2.501335,0.031368,0.013553,-0.801691,-0.021261,0.801973,12|13|14|15|16|17,0.5607
7206.867043,-0.143585,-2.720215,0.007254,2.508401,0.031304,0.013159,-0.804780,-0.023476,0.805123,12|13|14|15|16|17,0.5604
7206.883709,-0.144695,-2.728762,0.006565,2.522587,0.031571,0.013080,-0.814321,-0.024346,0.814685,12|13|14|15|16|17,0.5625
7206.900376,-0.144696,-2.728760,0.006565,2.529566,0.031701,0.013008,-0.821301,-0.024477,0.821665,12|13|14|15|16|17,0.5638
7206.917043,-0.143096,-2.748636,0.007291,2.529566,0.031701,0.013008,-0.810498,-0.023607,0.810842,12|13|14|15|16|17|18|19,0.5534
7206.933709,-0.142758,-2.757093,0.007853,2.536585,0.031837,0.012963,-0.812922,-0.023559,0.813263,12|13|14|15|16|17|18|19,0.5634
7206.950376,-0.142491,-2.766616,0.007519,2.543496,0.031752,0.012943,-0.814657,-0.023329,0.814991,12|13|14|15|16|17|18|19,0.5580
7206.967043,-0.144346,-2.774331,0.008066,2.557614,0.031906,0.012576,-0.824582,-0.024492,0.824945,14|15|16|17|18|19,0.5635
7206.983709,-0.144577,-2.783447,0.007652,2.557614,0.031906,0.012576,-0.819628,-0.024617,0.819997,14|15|16|17|18|19,0.5639
7207.000376,-0.144258,-2.792764,0.007671,2.564627,0.032019,0.012278,-0.821578,-0.024557,0.821945,14|15|16|17|18|19,0.5634
7207.017043,-0.143973,-2.802295,0.007791,2.571892,0.032170,0.012176,-0.823663,-0.024553,0.824029,14|15|16|17|18|19,0.5625
7207.033709,-0.143031,-2.811919,0.007717,2.578998,0.031381,0.012142,-0.825538,-0.023252,0.825865,14|15|16|17|18|19,0.5623
7207.050376,-0.143030,-2.811920,0.007719,2.585797,0.031219,0.011965,-0.832337,-0.023090,0.832657,14|15|16|17|18|19,0.5617
7207.067043,-0.155690,-2.819601,0.008183,2.599683,0.032241,0.012032,-0.842048,-0.030992,0.842618,14|15|16|17|18|19,0.5627
7207.083709,-0.158037,-2.827122,0.007741,2.599683,0.032241,0.012032,-0.837960,-0.032268,0.838581,14|15|16|17|18|19,0.5633
7207.100376,-0.145728,-2.845649,0.007848,2.606628,0.032769,0.012042,-0.834836,-0.026106,0.835244,14|15|16|17|18|19,0.5631
7207.117043,-0.145727,-2.845650,0.007850,2.620665,0.032862,0.011794,-0.848873,-0.026199,0.849277,14|15|16|17|18|19,0.5618
7207.133709,-0.133287,-2.862606,0.007510,2.620665,0.032862,0.011794,-0.839658,-0.019437,0.839883,14|15|16|17|18|19,0.5608
7207.150376,-0.139482,-2.869917,0.008128,2.627651,0.033102,0.011762,-0.842670,-0.023045,0.842985,14|15|16|17|18|19,0.5621
7207.167043,-0.137175,-2.879231,0.008546,2.634501,0.033370,0.011726,-0.844459,-0.022059,0.844747,14|15|16|17|18|19,0.5627
7207.183709,-0.137175,-2.879231,0.008546,2.641352,0.033626,0.011674,-0.851309,-0.022314,0.851602,14|15|16|17|18|19,0.5631
7207.200376,-0.131899,-2.897672,0.007899,2.655527,0.033585,0.011598,-0.855462,-0.019407,0.855682,14|15|16|17|18|19,0.5627
7207.217043,-0.131900,-2.897673,0.007897,2.662555,0.033295,0.011445,-0.862490,-0.019117,0.862702,14|15|16|17|18|19,0.5619
7207.233709,-0.128861,-2.906738,0.007300,2.669675,0.033592,0.011445,-0.864683,-0.017763,0.864866,14|15|16|17|18|19,0.5619
7207.250376,-0.139261,-2.922780,0.007449,2.669675,0.033592,0.011445,-0.855965,-0.023415,0.856285,14|15|16|17|18|19,0.5630
7207.267043,-0.136203,-2.932314,0.006935,2.676787,0.033901,0.011474,-0.857895,-0.022062,0.858179,14|15|16|17|18|19,0.5636
7207.283709,-0.136204,-2.932314,0.006934,2.690847,0.034474,0.011494,-0.871955,-0.022635,0.872249,14|15|16|17|18|19,0.5636
7207.300376,-0.129782,-2.951289,0.007167,2.690847,0.034474,0.011494,-0.861643,-0.019146,0.861855,14|15|16|17|18|19,0.5622
7207.317043,-0.126704,-2.960803,0.006964,2.704653,0.034420,0.011284,-0.870278,-0.017419,0.870452,14|15|16|17|18|19,0.5605
7207.333709,-0.126704,-2.960804,0.006964,2.704653,0.034420,0.011284,-0.870278,-0.017419,0.870452,14|15|16|17|18|19,0.5607
7207.350376,-0.129288,-2.974629,0.006933,2.719152,0.035689,0.011232,-0.877263,-0.020092,0.877493,14|15|16|17|18|19,0.5621
7207.367043,-0.121539,-2.984429,0.006616,2.726405,0.036331,0.011201,-0.879189,-0.016523,0.879345,14|15|16|17|18|19,0.5632
7207.383709,-0.113557,-2.994168,0.006960,2.726405,0.036331,0.011201,-0.873896,-0.012185,0.873981,14|15|16|17|18|19,0.5635
7207.400376,-0.113558,-2.994169,0.006959,2.733353,0.035751,0.011199,-0.880845,-0.011605,0.880921,14|15|16|17|18|19,0.5628
7207.417043,-0.115112,-3.011959,0.007494,2.740388,0.034923,0.011190,-0.878211,-0.011621,0.878288,14|15|16|17|18|19,0.5630
7207.433709,-0.127883,-3.022082,0.007372,2.754435,0.035390,0.011193,-0.886756,-0.019030,0.886960,14|15|16|17|18|19|20,0.5544
7207.450376,-0.127876,-3.022150,0.007370,2.761450,0.035715,0.011226,-0.893734,-0.019351,0.893944,14|15|16|17|18|19|20,0.5616
7207.467043,-0.122613,-3.038779,0.006794,2.761450,0.035715,0.011226,-0.884697,-0.016491,0.884850,14|15|16|17|18|19|20,0.5632
7207.483709,-0.122610,-3.038795,0.006791,2.768462,0.035956,0.011223,-0.891699,-0.016729,0.891856,14|15|16|17|18|19|20,0.5565
7207.500376,-0.119071,-3.048559,0.005879,2.782243,0.035369,0.011719,-0.900174,-0.014220,0.900286,15|16|17|18|19|20,0.5621
7207.517043,-0.117137,-3.056772,0.005866,2.782243,0.035369,0.011719,-0.895711,-0.013169,0.895808,15|16|17|18|19|20,0.5627
7207.533709,-0.130252,-3.065141,0.006906,2.796308,0.036213,0.011842,-0.905227,-0.021140,0.905474,15|16|17|18|19|20,0.5634
7207.550376,-0.123536,-3.082236,0.006871,2.796308,0.036213,0.011842,-0.895936,-0.017490,0.896107,15|16|17|18|19|20,0.5640
7207.567043,-0.123537,-3.082236,0.006870,2.810151,0.036242,0.011558,-0.909780,-0.017520,0.909949,15|16|17|18|19|20,0.5639
7207.583709,-0.113723,-3.101367,0.006777,2.810151,0.036242,0.011558,-0.899383,-0.012187,0.899465,15|16|17|18|19|20,0.5628
7207.600376,-0.113722,-3.101368,0.006780,2.824190,0.035424,0.011515,-0.913420,-0.011367,0.913491,15|16|17|18|19|20,0.5618
7207.617043,-0.135324,-3.116548,0.006653,2.824190,0.035424,0.011515,-0.905170,-0.023108,0.905465,15|16|17|18|19|20,0.5611
7207.633709,-0.135325,-3.116547,0.006652,2.831260,0.035590,0.011522,-0.912242,-0.023274,0.912539,15|16|17|18|19|20,0.5632
7207.650376,-0.133177,-3.135643,0.007143,2.845295,0.035933,0.011368,-0.915899,-0.022450,0.916174,15|16|17|18|19|20,0.5634
7207.667043,-0.133177,-3.135644,0.007143,2.852047,0.035600,0.011177,-0.922649,-0.022118,0.922914,15|16|17|18|19|20,0.5626
7207.683709,-0.130706,-3.154429,0.006307,2.852047,0.035600,0.011177,-0.912440,-0.020775,0.912676,15|16|17|18|19|20,0.5612
7207.700376,-0.136221,-3.160195,0.006335,2.866128,0.036301,0.010798,-0.923388,-0.024473,0.923712,15|16|17|18|19|20,0.5603
7207.717043,-0.132486,-3.168834,0.006498,2.866128,0.036301,0.010798,-0.918693,-0.022443,0.918967,15|16|17|18|19|20,0.5612
7207.733709,-0.127080,-3.178384,0.007009,2.873223,0.036759,0.010803,-0.920597,-0.019963,0.920814,15|16|17|18|19|20,0.5622
7207.750376,-0.121491,-3.188025,0.006629,2.880169,0.037262,0.010709,-0.922304,-0.017428,0.922469,15|16|17|18|19|20,0.5620
7207.767043,-0.115856,-3.197444,0.006620,2.886902,0.036655,0.010597,-0.923918,-0.013759,0.924020,15|16|17|18|19|20,0.5608
7207.783709,-0.126089,-3.204380,0.006725,2.900487,0.035367,0.010275,-0.933733,-0.018032,0.933907,15|16|17|18|19|20,0.5616
7207.800376,-0.140653,-3.213627,0.006348,2.900487,0.035367,0.010275,-0.928707,-0.025947,0.929070,15|16|17|18|19|20,0.5606
7207.817043,-0.140653,-3.213628,0.006349,2.914085,0.036365,0.010358,-0.942305,-0.026945,0.942691,15|16|17|18|19|20,0.5611
7207.833709,-0.139774,-3.229807,0.006373,2.920884,0.036907,0.010397,-0.940311,-0.027010,0.940699,15|16|17|18|19|20,0.5618
7207.850376,-0.139774,-3.229808,0.006374,2.920884,0.036907,0.010397,-0.940311,-0.027010,0.940699,15|16|17|18|19|20,0.5616
7207.867043,-0.126431,-3.248313,0.006119,2.934528,0.036390,0.010418,-0.943897,-0.019241,0.944093,15|16|17|18|19|20,0.5603
7207.883709,-0.125548,-3.255420,0.006114,2.934528,0.036390,0.010418,-0.940035,-0.018761,0.940222,15|16|17|18|19|20,0.5603
7207.900376,-0.125545,-3.255422,0.006116,2.948450,0.037036,0.010013,-0.953956,-0.019406,0.954154,15|16|17|18|19|20,0.5601
7207.917043,-0.132772,-3.272370,0.006018,2.948450,0.037036,0.010013,-0.944745,-0.023334,0.945033,15|16|17|18|19|20,0.5612
7207.933709,-0.132773,-3.272370,0.006018,2.955445,0.037394,0.009528,-0.951740,-0.023692,0.952035,15|16|17|18|19|20,0.5616
7207.950376,-0.125057,-3.291072,0.004552,2.962556,0.036985,0.009413,-0.948687,-0.019089,0.948879,15|16|17|18|19|20,0.5615
7207.967043,-0.131793,-3.300063,0.004568,2.969786,0.036148,0.009391,-0.951030,-0.021913,0.951283,15|16|17|18|19|20|21|22,0.5497
7207.983709,-0.145165,-3.309052,0.004951,2.983559,0.036075,0.008986,-0.959918,-0.029108,0.960359,15|16|17|18|19|20|21|22,0.5624
7208.000376,-0.155259,-3.315798,0.004682,2.983559,0.036075,0.008986,-0.956252,-0.034594,0.956877,15|16|17|18|19|20|21|22,0.5605
7208.017043,-0.146586,-3.325675,0.004412,2.990489,0.036775,0.009021,-0.957814,-0.030580,0.958302,17|18|19|20|21|22,0.5632
7208.033709,-0.137363,-3.335192,0.004589,3.004646,0.036900,0.008860,-0.966799,-0.025693,0.967140,17|18|19|20|21|22,0.5616
7208.050376,-0.128842,-3.344074,0.004639,3.004646,0.036900,0.008860,-0.961972,-0.021062,0.962202,17|18|19|20|21|22,0.5619
7208.067043,-0.137751,-3.353317,0.004383,3.011850,0.036356,0.008847,-0.964151,-0.025360,0.964485,17|18|19|20|21|22,0.5618
7208.083709,-0.146190,-3.362763,0.004558,3.025859,0.036864,0.008249,-0.973028,-0.030454,0.973504,17|18|19|20|21|22,0.5614
7208.100376,-0.148139,-3.369945,0.004702,3.025859,0.036864,0.008249,-0.969124,-0.031514,0.969637,17|18|19|20|21|22,0.5605
7208.117043,-0.148139,-3.369944,0.004703,3.040115,0.036935,0.007576,-0.983381,-0.031585,0.983888,17|18|19|20|21|22,0.5609
7208.133709,-0.138805,-3.379479,0.004527,3.047269,0.036511,0.007511,-0.985353,-0.026088,0.985698,17|18|19|20|21|22,0.5622
7208.150376,-0.132215,-3.388366,0.003663,3.054440,0.036127,0.007536,-0.987693,-0.022123,0.987941,17|18|19|20|21|22,0.5633
7208.167043,-0.146625,-3.408604,0.003313,3.060940,0.036428,0.007503,-0.983195,-0.030254,0.983660,17|18|19|20|21|22,0.5634
7208.183709,-0.152809,-3.418392,0.003338,3.060940,0.036428,0.007503,-0.977875,-0.033615,0.978452,17|18|19|20|21|22,0.5629
7208.200376,-0.152808,-3.418393,0.003338,3.074951,0.038084,0.007549,-0.991885,-0.035272,0.992512,17|18|19|20|21|22,0.5620
7208.217043,-0.148766,-3.422530,0.003207,3.082137,0.037543,0.007507,-0.996824,-0.032533,0.997354,17|18|19|20|21|22,0.5614
7208.233709,-0.133938,-3.431983,0.002993,3.089308,0.037010,0.007512,-0.998857,-0.023941,0.999144,17|18|19|20|21|22,0.5612
7208.250376,-0.127230,-3.440874,0.003105,3.096111,0.036868,0.007475,-1.000828,-0.020154,1.001030,17|18|19|20|21|22,0.5615
7208.267043,-0.144007,-3.459575,0.003578,3.103075,0.037773,0.007524,-0.997629,-0.030177,0.998085,17|18|19|20|21|22,0.5624
7208.300376,-0.134249,-3.475236,0.002927,3.110087,0.038686,0.007295,-0.996128,-0.025787,0.996462,17|18|19|20|21|22,0.5628
7208.317043,-0.121853,-3.484756,0.003732,3.117245,0.038559,0.007232,-0.998113,-0.018923,0.998293,17|18|19|20|21|22,0.5621
7208.333709,-0.124812,-3.493782,0.003151,3.124468,0.038127,0.007235,-1.000430,-0.020100,1.000632,17|18|19|20|21|22,0.5625
7208.350376,-0.124812,-3.493781,0.003152,3.138597,0.037748,0.007100,-1.014559,-0.019720,1.014751,17|18|19|20|21|22,0.5620
7208.367043,-0.131796,-3.503248,0.003171,3.138597,0.037748,0.007100,-1.009415,-0.023516,1.009689,17|18|19|20|21|22,0.5616
7208.383709,-0.138331,-3.512673,0.003417,3.145630,0.038711,0.007139,-1.011325,-0.028031,1.011713,17|18|19|20|21|22,0.5623
7208.400376,-0.124650,-3.528786,0.002327,3.159905,0.039199,0.007132,-1.016844,-0.021084,1.017062,17|18|19|20|21|22,0.5623
7208.417043,-0.112624,-3.538335,0.002357,3.159905,0.039199,0.007132,-1.011654,-0.014548,1.011759,17|18|19|20|21|22,0.5613
7208.433709,-0.112624,-3.538334,0.002357,3.174222,0.038217,0.006925,-1.025971,-0.013566,1.026060,17|18|19|20|21|22,0.5617
7208.450376,-0.126829,-3.557060,0.002204,3.174222,0.038217,0.006925,-1.015794,-0.021286,1.016017,17|18|19|20|21|22,0.5614
7208.467043,-0.134752,-3.567150,0.002291,3.180864,0.038980,0.006956,-1.016952,-0.026355,1.017293,17|18|19|20|21|22,0.5612
7208.483709,-0.124310,-3.571322,0.002570,3.195077,0.039784,0.006996,-1.028898,-0.021483,1.029122,17|18|19|20|21|22,0.5607
7208.500376,-0.124293,-3.572152,0.003106,3.202107,0.039539,0.007027,-1.035477,-0.021230,1.035695,17|18|19|20|21|22|23,0.5622
7208.517043,-0.115243,-3.590912,0.004330,3.202107,0.039539,0.007027,-1.025282,-0.016311,1.025411,17|18|19|20|21|22|23,0.5633
7208.533709,-0.118698,-3.600474,0.005073,3.209139,0.039325,0.007029,-1.027116,-0.017975,1.027274,18|19|20|21|22|23,0.5639
7208.550376,-0.118698,-3.600474,0.005073,3.216138,0.039107,0.007022,-1.034116,-0.017757,1.034268,18|19|20|21|22|23,0.5632
7208.567043,-0.125984,-3.618758,0.005033,3.230136,0.040135,0.007117,-1.038176,-0.022744,1.038425,18|19|20|21|22|23,0.5614
7208.583709,-0.125984,-3.618758,0.005034,3.237226,0.039842,0.007137,-1.045267,-0.022452,1.045508,18|19|20|21|22|23,0.5627
7208.600376,-0.113128,-3.635336,0.004070,3.237226,0.039842,0.007137,-1.036257,-0.015465,1.036373,18|19|20|21|22|23,0.5633
7208.617043,-0.117916,-3.644575,0.003521,3.244305,0.039548,0.007149,-1.038314,-0.017772,1.038466,18|19|20|21|22|23,0.5639
7208.633709,-0.122782,-3.653652,0.003704,3.251342,0.039250,0.007162,-1.040419,-0.020120,1.040613,18|19|20|21|22|23,0.5635
7208.650376,-0.127741,-3.663070,0.003625,3.265250,0.040799,0.007148,-1.049208,-0.024364,1.049491,18|19|20|21|22|23,0.5625
7208.667043,-0.127742,-3.663071,0.003625,3.272415,0.040463,0.007147,-1.056373,-0.024028,1.056646,18|19|20|21|22|23,0.5632
7208.683709,-0.120659,-3.669457,0.003381,3.279401,0.039977,0.006895,-1.059888,-0.019693,1.060071,18|19|20|21|22|23,0.5635
7208.700376,-0.112433,-3.688429,0.002748,3.286278,0.039443,0.006805,-1.056454,-0.014688,1.056556,18|19|20|21|22|23,0.5637
7208.717043,-0.112432,-3.688430,0.002749,3.286278,0.039443,0.006805,-1.056453,-0.014687,1.056555,18|19|20|21|22|23,0.5625
7208.733709,-0.120386,-3.697694,0.003464,3.293241,0.038972,0.006841,-1.058382,-0.018540,1.058544,18|19|20|21|22|23,0.5622
7208.750376,-0.128459,-3.707014,0.003637,3.307144,0.040149,0.007002,-1.067220,-0.024104,1.067492,18|19|20|21|22|23,0.5619
7208.767043,-0.127335,-3.722525,0.003637,3.314267,0.039715,0.007004,-1.065913,-0.023059,1.066162,18|19|20|21|22|23,0.5629
7208.783709,-0.127336,-3.722525,0.003638,3.321323,0.039282,0.006830,-1.072968,-0.022627,1.073207,18|19|20|21|22|23,0.5614
7208.800376,-0.127235,-3.740819,0.004321,3.321323,0.039282,0.006830,-1.063026,-0.022572,1.063265,18|19|20|21|22|23,0.5613
7208.817043,-0.134177,-3.750107,0.004088,3.328140,0.039022,0.006660,-1.064795,-0.026084,1.065115,18|19|20|21|22|23,0.5600
7208.833709,-0.138414,-3.757143,0.003523,3.334622,0.039780,0.006148,-1.067453,-0.029146,1.067851,18|19|20|21|22|23,0.5606
7208.850376,-0.138415,-3.757142,0.003520,3.348259,0.040259,0.005959,-1.081091,-0.029626,1.081497,18|19|20|21|22|23,0.5620
7208.867043,-0.114578,-3.774241,0.002844,3.355259,0.039856,0.005933,-1.078798,-0.016267,1.078921,18|19|20|21|22|23,0.5615
7208.883709,-0.121528,-3.783116,0.002665,3.355259,0.039856,0.005933,-1.073975,-0.020044,1.074162,18|19|20|21|22|23,0.5628
7208.900376,-0.127996,-3.791991,0.003063,3.362172,0.039440,0.005941,-1.076064,-0.023144,1.076313,18|19|20|21|22|23,0.5635
7208.917043,-0.134449,-3.801153,0.003009,3.369028,0.039027,0.005946,-1.077941,-0.026238,1.078260,18|19|20|21|22|23,0.5628
7208.933709,-0.134447,-3.801154,0.003011,3.382117,0.040170,0.005920,-1.091029,-0.027380,1.091373,18|19|20|21|22|23,0.5610
7208.950376,-0.139576,-3.815626,0.003095,3.382117,0.040170,0.005920,-1.083164,-0.030167,1.083584,18|19|20|21|22|23,0.5615
7208.967043,-0.139576,-3.815627,0.003095,3.395785,0.040091,0.005805,-1.096832,-0.030088,1.097245,18|19|20|21|22|23,0.5601
7208.983709,-0.123000,-3.834412,0.002741,3.395785,0.040091,0.005805,-1.086622,-0.021080,1.086827,18|19|20|21|22|23,0.5595
7209.000376,-0.128358,-3.843300,0.002679,3.402718,0.039767,0.005860,-1.088725,-0.023668,1.088982,18|19|20|21|22|23,0.5598
7209.017043,-0.128358,-3.843300,0.002679,3.416579,0.040134,0.004936,-1.102586,-0.024034,1.102848,18|19|20|21|22|23,0.5588
7209.033709,-0.137538,-3.860173,0.005189,3.423804,0.039941,0.004472,-1.100640,-0.028831,1.101018,18|19|20|21|22|23|24|25,0.5602
7209.050376,-0.137538,-3.860171,0.005202,3.430845,0.039644,0.004107,-1.107683,-0.028534,1.108050,18|19|20|21|22|23|24|25,0.5595
7209.067043,-0.132185,-3.878124,0.003725,3.430845,0.039644,0.004107,-1.097925,-0.025625,1.098224,20|21|22|23|24|25,0.5641
7209.083709,-0.137241,-3.887216,0.002974,3.444879,0.039058,0.004203,-1.107018,-0.027786,1.107367,20|21|22|23|24|25,0.5631
7209.100376,-0.137241,-3.887216,0.002973,3.444879,0.039058,0.004203,-1.107018,-0.027786,1.107367,20|21|22|23|24|25,0.5631
7209.117043,-0.141895,-3.896801,0.003270,3.451666,0.039013,0.004182,-1.108596,-0.030271,1.109009,20|21|22|23|24|25,0.5634
7209.133709,-0.146639,-3.906749,0.003971,3.465619,0.039587,0.004070,-1.117143,-0.033423,1.117643,20|21|22|23|24|25,0.5621
7209.150376,-0.138962,-3.920317,0.003871,3.472859,0.039591,0.004008,-1.117008,-0.029256,1.117391,20|21|22|23|24|25,0.5629
7209.167043,-0.139606,-3.930274,0.003784,3.480083,0.039591,0.003974,-1.118822,-0.029605,1.119214,20|21|22|23|24|25,0.5644
7209.183709,-0.139843,-3.940230,0.003550,3.480083,0.039591,0.003974,-1.113411,-0.029734,1.113808,20|21|22|23|24|25,0.5647
7209.200376,-0.139842,-3.940229,0.003547,3.487392,0.039620,0.003826,-1.120720,-0.029763,1.121115,20|21|22|23|24|25,0.5643
7209.217043,-0.140180,-3.949885,0.003150,3.501304,0.039532,0.003444,-1.129384,-0.029858,1.129779,20|21|22|23|24|25,0.5623
7209.233709,-0.141900,-3.966323,0.002155,3.501304,0.039532,0.003444,-1.120451,-0.030793,1.120874,20|21|22|23|24|25,0.5624
7209.250376,-0.141803,-3.974717,0.001765,3.508239,0.039703,0.003233,-1.122823,-0.030912,1.123248,20|21|22|23|24|25,0.5638
7209.267043,-0.139895,-3.984027,0.001274,3.521749,0.040082,0.003102,-1.131273,-0.030254,1.131678,20|21|22|23|24|25,0.5638
7209.283709,-0.139895,-3.984028,0.001278,3.528790,0.040326,0.003025,-1.138314,-0.030498,1.138723,20|21|22|23|24|25,0.5631
7209.300376,-0.137407,-3.993423,0.001245,3.535536,0.039791,0.002852,-1.139954,-0.028610,1.140313,20|21|22|23|24|25,0.5620
7209.317043,-0.131628,-4.012482,0.000943,3.542485,0.039683,0.002603,-1.136545,-0.025361,1.136828,20|21|22|23|24|25,0.5598
7209.333709,-0.131626,-4.012483,0.000938,3.549479,0.039715,0.002536,-1.143539,-0.025393,1.143821,20|21|22|23|24|25,0.5601
7209.350376,-0.140506,-4.025944,0.001329,3.549479,0.039715,0.002536,-1.136223,-0.030219,1.136625,20|21|22|23|24|25,0.5613
7209.367043,-0.140419,-4.035383,0.001597,3.556473,0.039774,0.002535,-1.138087,-0.030231,1.138488,20|21|22|23|24|25,0.5611
7209.383709,-0.139739,-4.044881,0.001494,3.563525,0.039853,0.002514,-1.139977,-0.029940,1.140370,20|21|22|23|24|25,0.5611
7209.400376,-0.139739,-4.044881,0.001495,3.577418,0.040139,0.002457,-1.153870,-0.030226,1.154266,20|21|22|23|24|25,0.5600
7209.417043,-0.138925,-4.054159,0.001290,3.577418,0.040139,0.002457,-1.148828,-0.029783,1.149214,20|21|22|23|24|25,0.5603
7209.433709,-0.135361,-4.068727,0.000696,3.584409,0.040322,0.002386,-1.147901,-0.028030,1.148243,20|21|22|23|24|25,0.5624
7209.450376,-0.135360,-4.068727,0.000697,3.598329,0.040727,0.002324,-1.161821,-0.028434,1.162169,20|21|22|23|24|25,0.5625
7209.467043,-0.130458,-4.088323,0.000508,3.605352,0.040930,0.002312,-1.158194,-0.025972,1.158485,20|21|22|23|24|25,0.5628
7209.483709,-0.127640,-4.097979,0.000697,3.605352,0.040930,0.002312,-1.152946,-0.024441,1.153205,20|21|22|23|24|25,0.5621
7209.500376,-0.127639,-4.097979,0.000694,3.612186,0.041048,0.002310,-1.159780,-0.024559,1.160040,20|21|22|23|24|25,0.5606
7209.517043,-0.123356,-4.112855,0.000871,3.619332,0.041090,0.002145,-1.158842,-0.022273,1.159056,20|21|22|23|24|25,0.5603
7209.533709,-0.122653,-4.122008,0.000769,3.633699,0.041343,0.001949,-1.168234,-0.022145,1.168444,20|21|22|23|24|25,0.5610
7209.550376,-0.122652,-4.122008,0.000772,3.640797,0.041469,0.001944,-1.175332,-0.022270,1.175543,20|21|22|23|24|25,0.5619
7209.567043,-0.120648,-4.132549,0.000042,3.647554,0.040962,0.001893,-1.176360,-0.020673,1.176542,20|21|22|23|24|25|26,0.5616
7209.583709,-0.117278,-4.151403,-0.000055,3.647554,0.040962,0.001893,-1.166113,-0.018842,1.166265,20|21|22|23|24|25|26,0.5540
7209.600376,-0.125014,-4.157023,0.000323,3.654282,0.040256,0.001749,-1.169787,-0.022341,1.170000,21|22|23|24|25|26,0.5603
7209.617043,-0.134293,-4.164333,0.000022,3.668284,0.041015,0.001817,-1.179817,-0.028143,1.180152,21|22|23|24|25|26,0.5610
7209.633709,-0.128905,-4.174080,-0.000470,3.668284,0.041015,0.001817,-1.174519,-0.025214,1.174790,21|22|23|24|25|26,0.5623
7209.650376,-0.128903,-4.174082,-0.000467,3.682301,0.041820,0.001823,-1.188535,-0.026018,1.188820,21|22|23|24|25|26,0.5632
7209.667043,-0.118148,-4.193595,0.000923,3.682301,0.041820,0.001823,-1.177930,-0.020173,1.178102,21|22|23|24|25|26,0.5630
7209.683709,-0.118148,-4.193594,0.000924,3.696191,0.040959,0.001817,-1.191821,-0.019313,1.191977,21|22|23|24|25|26,0.5624
7209.700376,-0.119044,-4.210158,0.000698,3.703289,0.041260,0.001839,-1.189916,-0.020101,1.190086,21|22|23|24|25|26,0.5633
7209.717043,-0.119043,-4.210160,0.000699,3.703289,0.041260,0.001839,-1.189915,-0.020100,1.190085,21|22|23|24|25|26,0.5647
7209.733709,-0.121477,-4.228043,0.000431,3.710441,0.041569,0.001859,-1.187349,-0.021732,1.187547,21|22|23|24|25|26,0.5651
7209.750376,-0.117327,-4.237930,0.000002,3.717581,0.041901,0.001866,-1.189115,-0.019808,1.189280,21|22|23|24|25|26,0.5651
7209.767043,-0.117327,-4.237930,0.000006,3.731550,0.041200,0.001654,-1.203084,-0.019107,1.203236,21|22|23|24|25|26,0.5646
7209.783709,-0.112560,-4.253751,-0.000433,3.731550,0.041200,0.001654,-1.194486,-0.016516,1.194600,21|22|23|24|25|26,0.5623
7209.800376,-0.112559,-4.253750,-0.000445,3.745779,0.041365,0.001624,-1.208716,-0.016681,1.208831,21|22|23|24|25|26,0.5622
7209.817043,-0.122773,-4.262118,-0.000300,3.752571,0.041488,0.001521,-1.210959,-0.022355,1.211165,21|22|23|24|25|26,0.5636
7209.833709,-0.122168,-4.271962,-0.001036,3.752571,0.041488,0.001521,-1.205609,-0.022026,1.205810,21|22|23|24|25|26,0.5646
7209.850376,-0.119952,-4.290923,-0.000645,3.759530,0.041568,0.001389,-1.202264,-0.020902,1.202445,21|22|23|24|25|26,0.5636
7209.867043,-0.118951,-4.300662,-0.000669,3.766351,0.041183,0.001314,-1.203791,-0.019973,1.203957,21|22|23|24|25|26,0.5619
7209.883709,-0.118952,-4.300663,-0.000670,3.780614,0.040882,0.001268,-1.218054,-0.019672,1.218212,21|22|23|24|25|26,0.5607
7209.900376,-0.129782,-4.315531,-0.000344,3.780614,0.040882,0.001268,-1.209973,-0.025558,1.210243,21|22|23|24|25|26,0.5607
7209.917043,-0.128789,-4.325433,-0.000153,3.787784,0.040990,0.001272,-1.211762,-0.025127,1.212023,21|22|23|24|25|26,0.5628
7209.933709,-0.127350,-4.335355,0.000038,3.801519,0.040749,0.001088,-1.220104,-0.024104,1.220342,21|22|23|24|25|26,0.5634
7209.950376,-0.126212,-4.345049,-0.000272,3.808331,0.040534,0.000979,-1.221648,-0.023271,1.221869,21|22|23|24|25|26,0.5621
7209.967043,-0.131649,-4.349925,-0.000229,3.808331,0.040534,0.000979,-1.218998,-0.026225,1.219280,21|22|23|24|25|26,0.5601
7209.983709,-0.131646,-4.349925,-0.000223,3.822260,0.040810,0.000998,-1.232927,-0.026499,1.233212,21|22|23|24|25|26,0.5617
7210.000376,-0.132362,-4.367667,-0.000338,3.829221,0.040962,0.001018,-1.230245,-0.027041,1.230543,21|22|23|24|25|26,0.5632
7210.017043,-0.130330,-4.377331,-0.000122,3.836178,0.041137,0.000963,-1.231950,-0.026111,1.232227,21|22|23|24|25|26,0.5625
7210.033709,-0.130332,-4.377333,-0.000125,3.836178,0.041137,0.000963,-1.231949,-0.026113,1.232226,21|22|23|24|25|26,0.5618
7210.050376,-0.125905,-4.396648,-0.000298,3.849644,0.040499,0.000904,-1.234918,-0.023069,1.235134,21|22|23|24|25|26,0.5609
7210.067043,-0.124175,-4.407069,-0.000376,3.849644,0.040499,0.000904,-1.229255,-0.022129,1.229454,21|22|23|24|25|26|27|28,0.5533
7210.083709,-0.135438,-4.410760,-0.000743,3.863585,0.040751,0.000938,-1.241189,-0.028502,1.241517,21|22|23|24|25|26|27|28,0.5597
7210.100376,-0.134157,-4.419753,-0.000704,3.863585,0.040751,0.000938,-1.236302,-0.027806,1.236614,21|22|23|24|25|26|27|28,0.5599
7210.117043,-0.131766,-4.429525,0.000287,3.870840,0.040924,0.000902,-1.238246,-0.026679,1.238533,23|24|25|26|27|28,0.5621
7210.133709,-0.131769,-4.429527,0.000284,3.877966,0.040903,0.000790,-1.245372,-0.026659,1.245657,23|24|25|26|27|28,0.5614
7210.150376,-0.130340,-4.445992,0.000476,3.885187,0.039903,0.000730,-1.243644,-0.024883,1.243892,23|24|25|26|27|28,0.5621
7210.167043,-0.144388,-4.455802,0.000267,3.892202,0.039916,0.000541,-1.245328,-0.032531,1.245752,23|24|25|26|27|28,0.5614
7210.183709,-0.143889,-4.464657,-0.000082,3.905988,0.040416,0.000425,-1.254301,-0.032760,1.254728,23|24|25|26|27|28,0.5624
7210.200376,-0.143888,-4.464657,-0.000081,3.912930,0.040656,0.000402,-1.261243,-0.033000,1.261675,23|24|25|26|27|28,0.5628
7210.217043,-0.140654,-4.474152,-0.000367,3.919843,0.040217,0.000304,-1.262995,-0.030803,1.263371,23|24|25|26|27|28,0.5622
7210.233709,-0.133142,-4.493015,-0.000739,3.919843,0.040217,0.000304,-1.252744,-0.026720,1.253029,23|24|25|26|27|28,0.5612
7210.250376,-0.133144,-4.493016,-0.000743,3.926991,0.039220,0.000200,-1.259892,-0.025725,1.260154,23|24|25|26|27|28,0.5616
7210.267043,-0.140120,-4.499100,-0.000824,3.933850,0.039399,-0.000513,-1.263443,-0.029694,1.263792,23|24|25|26|27|28,0.5622
7210.283709,-0.153931,-4.508714,-0.000682,3.948341,0.040458,-0.000671,-1.272709,-0.038260,1.273284,23|24|25|26|27|28,0.5635
7210.300376,-0.149232,-4.515751,-0.001225,3.955521,0.040232,-0.000667,-1.276065,-0.035480,1.276558,23|24|25|26|27|28,0.5636
7210.317043,-0.133923,-4.536729,-0.001494,3.955521,0.040232,-0.000667,-1.264664,-0.027160,1.264956,23|24|25|26|27|28,0.5642
7210.333709,-0.137038,-4.544296,-0.001489,3.962829,0.039656,-0.000633,-1.267859,-0.028277,1.268175,23|24|25|26|27|28,0.5637
7210.350376,-0.137038,-4.544297,-0.001490,3.976736,0.040050,-0.000855,-1.281766,-0.028670,1.282087,23|24|25|26|27|28,0.5638
7210.367043,-0.145012,-4.554239,-0.001410,3.983614,0.040767,-0.000855,-1.283241,-0.033721,1.283684,23|24|25|26|27|28,0.5622
7210.383709,-0.138549,-4.570812,-0.002029,3.983614,0.040767,-0.000855,-1.274234,-0.030209,1.274592,23|24|25|26|27|28,0.5631
7210.400376,-0.138549,-4.570812,-0.002029,3.990569,0.041507,-0.001102,-1.281189,-0.030950,1.281563,23|24|25|26|27|28,0.5630
7210.417043,-0.128165,-4.580746,-0.002080,4.004963,0.040243,0.000275,-1.290184,-0.024042,1.290408,23|24|25|26|27|28,0.5610
7210.433709,-0.127254,-4.596391,-0.000875,4.011651,0.039653,0.000182,-1.288369,-0.022957,1.288574,23|24|25|26|27|28,0.5626
7210.450376,-0.127255,-4.596392,-0.000877,4.018454,0.040164,0.000264,-1.295172,-0.023468,1.295385,23|24|25|26|27|28,0.5621
7210.467043,-0.149439,-4.613766,-0.000653,4.018454,0.040164,0.000264,-1.285730,-0.035525,1.286220,23|24|25|26|27|28,0.5614
7210.483709,-0.149437,-4.613765,-0.000650,4.032535,0.040882,0.000262,-1.299811,-0.036242,1.300316,23|24|25|26|27|28,0.5614
7210.500376,-0.141893,-4.623158,-0.000412,4.039746,0.040179,0.000252,-1.301917,-0.031439,1.302296,23|24|25|26|27|28,0.5614
7210.517043,-0.131756,-4.639807,-0.000405,4.039746,0.040179,0.000252,-1.292868,-0.025930,1.293128,23|24|25|26|27|28,0.5611
7210.533709,-0.141353,-4.649553,-0.000451,4.053633,0.040483,0.000296,-1.301460,-0.031450,1.301840,23|24|25|26|27|28,0.5627
7210.550376,-0.147280,-4.656250,-0.000617,4.060650,0.041221,0.000297,-1.304836,-0.035409,1.305316,23|24|25|26|27|28,0.5638
7210.567043,-0.147278,-4.656252,-0.000616,4.067646,0.041960,0.000255,-1.311832,-0.036147,1.312329,23|24|25|26|27|28,0.5642
7210.583709,-0.126598,-4.676210,-0.001025,4.067646,0.041960,0.000255,-1.300985,-0.024908,1.301223,23|24|25|26|27|28,0.5631
7210.600376,-0.155671,-4.607558,-0.000724,4.074641,0.041946,0.000239,-1.345290,-0.040694,1.345906,23|24|25|26|27|28|28,0.5624
7210.633709,-0.172111,-4.612045,-0.000298,4.096154,0.041662,0.000032,-1.364364,-0.049345,1.365256,24|25|26|27|28|28,0.5630
7210.650376,-0.128383,-4.710394,-0.001415,4.096154,0.041662,0.000032,-1.310914,-0.025580,1.311163,24|25|26|27|28|28,0.5634
7210.667043,-0.165847,-4.629236,-0.000934,4.103336,0.042273,0.000015,-1.362204,-0.046551,1.362999,24|25|26|27|28|28,0.5650
7210.683709,-0.157474,-4.639052,-0.000841,4.117217,0.040981,0.000000,-1.370750,-0.040709,1.371354,24|25|26|27|28|28,0.5638
7210.700376,-0.163444,-4.645538,-0.000828,4.124250,0.040067,0.000026,-1.374258,-0.043040,1.374932,24|25|26|27|28|28,0.5634
7210.717043,-0.176314,-4.655213,-0.000988,4.130995,0.040431,0.000029,-1.375745,-0.050398,1.376667,24|25|26|27|28|28,0.5639
7210.733709,-0.176265,-4.655302,-0.000984,4.138006,0.041298,0.000059,-1.382707,-0.051238,1.383656,24|25|26|27|28|28,0.5628
7210.750376,-0.138560,-4.761842,-0.001017,4.145004,0.042169,0.000066,-1.331804,-0.031618,1.332179,24|25|26|27|28|28,0.5628
7210.767043,-0.171793,-4.680351,-0.001264,4.145004,0.042169,0.000066,-1.376092,-0.049679,1.376989,24|25|26|27|28|28,0.5634
7210.783709,-0.159772,-4.689849,-0.001159,4.151965,0.041996,0.000119,-1.377891,-0.042973,1.378561,24|25|26|27|28|28,0.5630
7210.800376,-0.159798,-4.689801,-0.001159,4.159019,0.041622,0.000127,-1.384971,-0.042613,1.385626,24|25|26|27|28|28,0.5631
7210.817043,-0.168335,-4.708008,-0.001235,4.172945,0.041609,0.000094,-1.389002,-0.047240,1.389805,24|25|26|27|28|28,0.5625
7210.850376,-0.121778,-4.815890,-0.001392,4.187014,0.042599,0.000068,-1.344440,-0.022928,1.344635,24|25|26|27|28|28,0.5640
7210.867043,-0.156220,-4.734122,-0.001097,4.187014,0.042599,0.000068,-1.388879,-0.041646,1.389503,24|25|26|27|28|28,0.5647
7210.883709,-0.108187,-4.832730,-0.001141,4.194126,0.041865,-0.000065,-1.342399,-0.014808,1.342481,24|25|26|27|28|28,0.5649
7210.900376,-0.108186,-4.832730,-0.001143,4.207970,0.041147,-0.000110,-1.356243,-0.014089,1.356316,24|25|26|27|28|28,0.5642
7210.917043,-0.164457,-4.751111,-0.001596,4.207970,0.041147,-0.000110,-1.400601,-0.044671,1.401313,24|25|26|27|28|28,0.5631
7210.933709,-0.173505,-4.767673,-0.001630,4.214942,0.041720,-0.000080,-1.398572,-0.050160,1.399471,24|25|26|27|28|28,0.5636
7210.950376,-0.173501,-4.767680,-0.001627,4.228985,0.042098,-0.000346,-1.412612,-0.050537,1.413516,24|25|26|27|28|28,0.5648
7210.967043,-0.165506,-4.777361,-0.001332,4.236047,0.041465,-0.000636,-1.414412,-0.045558,1.415145,24|25|26|27|28|28,0.5642
7210.983709,-0.115167,-4.886325,-0.001407,4.243124,0.040801,-0.000759,-1.362269,-0.017537,1.362382,24|25|26|27|28|28,0.5629
7211.000376,-0.124309,-4.896147,-0.001205,4.249873,0.041163,-0.000630,-1.363680,-0.022867,1.363872,24|25|26|27|28|28,0.5621
7211.017043,-0.133516,-4.906161,-0.001221,4.249873,0.041163,-0.000630,-1.358238,-0.027871,1.358524,24|25|26|27|28|28,0.5615
7211.033709,-0.133522,-4.906164,-0.001227,4.263825,0.041458,-0.000511,-1.372188,-0.028169,1.372478,24|25|26|27|28|28,0.5620
7211.050376,-0.165705,-4.830632,-0.001244,4.263825,0.041458,-0.000511,-1.413238,-0.045660,1.413976,24|25|26|27|28|28,0.5624
7211.067043,-0.124497,-4.929037,-0.001375,4.277673,0.039937,-0.000734,-1.373605,-0.021744,1.373778,24|25|26|27|28|28,0.5632
7211.083709,-0.181746,-4.846544,-0.001079,4.284059,0.040359,-0.000986,-1.424825,-0.053280,1.425821,24|25|26|27|28|28,0.5630
7211.100376,-0.192086,-4.854821,-0.001290,4.284059,0.040359,-0.000986,-1.420326,-0.058899,1.421547,24|25|26|27|28|28,0.5634
7211.117043,-0.192050,-4.854893,-0.001290,4.297211,0.041608,-0.000975,-1.433439,-0.060127,1.434700,24|25|26|27|28|28,0.5635
7211.133709,-0.164715,-4.895386,-0.001873,4.297211,0.041608,-0.000975,-1.411432,-0.045272,1.412158,24|25|26|27|28|28|30|31,0.5642
7211.150376,-0.121512,-4.972636,-0.002101,4.303809,0.042117,-0.001054,-1.376046,-0.022302,1.376227,24|25|26|27|28|28|30|31,0.5536
7211.167043,-0.122621,-4.973825,-0.003135,4.310621,0.041383,-0.001210,-1.382212,-0.022170,1.382389,26|27|28|28|30|31,0.5632
7211.183709,-0.172539,-4.898296,-0.003833,4.317571,0.040622,-0.001243,-1.430211,-0.048539,1.431034,26|27|28|28|30|31,0.5626
7211.200376,-0.172500,-4.898374,-0.003832,4.324230,0.040207,-0.001316,-1.436828,-0.048102,1.437633,26|27|28|28|30|31,0.5612
7211.217043,-0.188673,-4.913772,-0.004614,4.331234,0.040826,-0.001550,-1.435463,-0.057511,1.436615,26|27|28|28|30|31,0.5619
7211.233709,-0.179488,-4.923484,-0.004705,4.345654,0.040383,-0.001598,-1.444604,-0.052076,1.445543,26|27|28|28|30|31,0.5614
7211.250376,-0.179500,-4.923461,-0.004705,4.352850,0.039872,-0.001510,-1.451813,-0.051572,1.452729,26|27|28|28|30|31,0.5632
7211.267043,-0.178322,-4.932187,-0.004787,4.352850,0.039872,-0.001510,-1.447071,-0.050932,1.447967,26|27|28|28|30|31,0.5625
7211.283709,-0.140340,-5.033199,-0.004168,4.366590,0.040099,-0.001723,-1.405913,-0.030517,1.406244,26|27|28|28|30|31,0.5625
7211.300376,-0.198197,-4.958915,-0.004054,4.373560,0.040876,-0.001855,-1.453254,-0.062737,1.454608,26|27|28|28|30|31,0.5629
7211.317043,-0.189359,-4.966866,-0.003987,4.373560,0.040876,-0.001855,-1.448933,-0.057934,1.450091,26|27|28|28|30|31,0.5631
7211.333709,-0.178411,-4.976442,-0.003953,4.380541,0.040556,-0.002076,-1.450710,-0.051664,1.451630,26|27|28|28|30|31,0.5629
7211.350376,-0.178383,-4.976500,-0.003950,4.394994,0.039552,-0.002077,-1.465131,-0.050645,1.466007,26|27|28|28|30|31,0.5634
7211.367043,-0.190810,-4.993963,-0.004576,4.394994,0.039552,-0.002077,-1.455641,-0.057399,1.456772,26|27|28|28|30|31,0.5629
7211.383709,-0.190684,-4.994212,-0.004578,4.401980,0.039290,-0.002246,-1.462491,-0.057068,1.463604,26|27|28|28|30|31,0.5629
7211.400376,-0.151850,-5.095733,-0.003687,4.416228,0.040066,-0.002851,-1.421565,-0.036740,1.422039,26|27|28|28|30|31,0.5626
7211.417043,-0.187403,-5.018754,-0.005460,4.416228,0.040066,-0.002851,-1.463401,-0.056061,1.464474,26|27|28|28|30|31,0.5632
7211.450376,-0.187330,-5.018903,-0.005457,4.437996,0.039898,-0.002859,-1.485089,-0.055853,1.486139,26|27|28|28|30|31,0.5643
7211.467043,-0.143684,-5.131016,-0.004368,4.437996,0.039898,-0.002859,-1.424157,-0.032133,1.424520,26|27|28|28|30|31,0.5643
7211.483709,-0.189571,-5.049719,-0.004129,4.444762,0.040370,-0.003007,-1.475106,-0.057543,1.476228,26|27|28|28|30|31,0.5628
7211.517043,-0.144271,-5.151608,-0.004335,4.465705,0.040415,-0.003682,-1.440674,-0.032969,1.441052,26|27|28|28|30|31,0.5602
7211.533709,-0.129487,-5.174604,-0.005739,4.465705,0.040415,-0.003682,-1.428177,-0.024934,1.428395,26|27|28|28|30|31,0.5613
7211.550376,-0.181803,-5.092209,-0.005358,4.472583,0.039960,-0.003769,-1.479835,-0.052912,1.480781,26|27|28|28|30|31,0.5628
7211.567043,-0.181766,-5.092282,-0.005360,4.486085,0.039586,-0.004076,-1.493297,-0.052518,1.494221,26|27|28|28|30|31,0.5620
7211.600376,-0.187597,-5.101745,-0.005371,4.500343,0.039714,-0.004256,-1.502412,-0.055814,1.503449,26|27|28|28|30|31,0.5595
7211.617043,-0.141773,-5.217329,-0.006917,4.507459,0.039543,-0.004219,-1.446711,-0.030740,1.447038,26|27|28|28|30|31,0.5610
7211.633709,-0.141773,-5.217329,-0.006916,4.514564,0.039402,-0.004188,-1.453816,-0.030599,1.454138,26|27|28|28|30|31,0.5617
7211.650376,-0.189171,-5.135395,-0.006678,4.514564,0.039402,-0.004188,-1.498346,-0.056358,1.499406,26|27|28|28|30|31,0.5615
7211.667043,-0.147677,-5.246957,-0.007378,4.521225,0.039635,-0.004146,-1.444375,-0.034041,1.444776,26|27|28|28|30|31|32,0.5600
7211.683709,-0.182670,-5.171503,-0.007367,4.528214,0.040861,-0.004437,-1.492372,-0.054285,1.493359,26|27|28|28|30|31|32,0.5554
7211.700376,-0.188910,-5.159819,-0.007420,4.542621,0.040857,-0.004773,-1.513129,-0.057671,1.514227,27|28|28|30|31|32,0.5623
7211.717043,-0.125345,-5.261433,-0.007420,4.542621,0.040857,-0.004773,-1.457903,-0.023125,1.458087,27|28|28|30|31|32,0.5623
7211.733709,-0.170275,-5.189478,-0.008454,4.549865,0.040737,-0.004900,-1.504254,-0.047424,1.505001,27|28|28|30|31|32,0.5623
7211.750376,-0.172194,-5.199299,-0.008653,4.557111,0.040596,-0.004971,-1.506162,-0.048326,1.506937,27|28|28|30|31|32,0.5617
7211.767043,-0.128260,-5.301244,-0.008934,4.563916,0.040976,-0.005026,-1.457562,-0.024829,1.457773,27|28|28|30|31|32,0.5610
7211.783709,-0.128258,-5.301245,-0.008932,4.578042,0.040336,-0.004756,-1.471688,-0.024188,1.471887,27|28|28|30|31|32,0.5605
7211.800376,-0.122642,-5.305108,-0.008094,4.578042,0.040336,-0.004756,-1.469588,-0.021136,1.469740,27|28|28|30|31|32,0.5623
7211.817043,-0.131585,-5.324784,-0.006024,4.585094,0.040015,-0.004717,-1.465946,-0.025675,1.466171,27|28|28|30|31|32,0.5636
7211.833709,-0.135625,-5.334305,-0.006113,4.599214,0.039350,-0.004675,-1.474892,-0.027206,1.475143,27|28|28|30|31|32,0.5638
7211.850376,-0.185693,-5.252744,-0.006574,4.599214,0.039350,-0.004675,-1.519219,-0.054417,1.520193,27|28|28|30|31|32,0.5630
7211.867043,-0.190340,-5.262543,-0.006365,4.605714,0.040007,-0.004632,-1.520393,-0.057599,1.521484,27|28|28|30|31|32,0.5623
7211.883709,-0.190358,-5.262509,-0.006360,4.619982,0.040371,-0.004640,-1.534680,-0.057973,1.535775,27|28|28|30|31|32,0.5629
7211.900376,-0.131711,-5.366794,-0.007298,4.627116,0.040571,-0.004586,-1.485137,-0.026301,1.485370,27|28|28|30|31|32,0.5641
7211.917043,-0.174262,-5.284879,-0.006538,4.627116,0.040571,-0.004586,-1.529656,-0.049425,1.530455,27|28|28|30|31|32,0.5646
7211.933709,-0.174265,-5.284874,-0.006538,4.641393,0.040986,-0.004593,-1.543936,-0.049841,1.544740,27|28|28|30|31|32,0.5642
7211.950376,-0.170993,-5.294710,-0.006790,4.641393,0.040986,-0.004593,-1.538590,-0.048063,1.539341,27|28|28|30|31|32,0.5622
7211.967043,-0.118779,-5.407037,-0.006494,4.655442,0.040594,-0.004611,-1.491591,-0.019295,1.491716,27|28|28|30|31|32,0.5612
7211.983709,-0.166921,-5.319740,-0.005795,4.662664,0.040405,-0.004613,-1.546258,-0.045270,1.546920,27|28|28|30|31|32,0.5630
7212.000376,-0.123664,-5.421481,-0.006579,4.669884,0.040207,-0.004615,-1.498184,-0.021563,1.498339,27|28|28|30|31|32,0.5640
7212.017043,-0.125827,-5.431297,-0.006430,4.669884,0.040207,-0.004615,-1.492849,-0.022739,1.493022,27|28|28|30|31|32,0.5642
7212.033709,-0.173696,-5.349295,-0.005670,4.677014,0.039991,-0.004561,-1.544545,-0.048538,1.545308,27|28|28|30|31|32,0.5631
7212.050376,-0.176351,-5.359397,-0.005954,4.683818,0.040643,-0.004541,-1.545860,-0.050633,1.546689,27|28|28|30|31|32,0.5622
7212.067043,-0.120594,-5.455849,-0.006177,4.690943,0.040717,-0.005216,-1.500565,-0.020405,1.500703,27|28|28|30|31|32,0.5623
7212.083709,-0.122132,-5.466074,-0.007410,4.698089,0.040585,-0.005314,-1.502153,-0.021108,1.502302,27|28|28|30|31|32,0.5636
7212.100376,-0.122132,-5.466075,-0.007410,4.712109,0.040233,-0.005577,-1.516173,-0.020756,1.516315,27|28|28|30|31|32,0.5640
7212.117043,-0.123833,-5.475364,-0.007926,4.719120,0.040210,-0.005577,-1.518136,-0.021657,1.518290,27|28|28|30|31|32,0.5644
7212.133709,-0.173895,-5.403107,-0.008035,4.719120,0.040210,-0.005577,-1.557406,-0.048865,1.558173,27|28|28|30|31|32,0.5641
7212.150376,-0.128223,-5.500546,-0.007960,4.733181,0.039443,-0.005433,-1.518511,-0.023277,1.518689,27|28|28|30|31|32,0.5630
7212.167043,-0.128222,-5.500543,-0.007962,4.740336,0.039068,-0.005423,-1.525667,-0.022902,1.525839,27|28|28|30|31|32,0.5647
7212.183709,-0.201967,-5.372174,-0.008552,4.740336,0.039068,-0.005423,-1.595433,-0.062980,1.596676,27|28|28|30|31|32|33|34,0.5642
7212.200376,-0.215531,-5.363210,-0.009106,4.754153,0.038662,-0.005441,-1.614123,-0.069945,1.615637,28|28|30|31|32|33|34,0.5569
7212.217043,-0.211679,-5.391271,-0.009505,4.754153,0.038662,-0.005441,-1.598872,-0.067852,1.600311,28|30|31|32|33|34,0.5639
7212.233709,-0.216875,-5.401094,-0.009537,4.767582,0.040244,-0.005739,-1.606962,-0.072258,1.608586,28|30|31|32|33|34,0.5640
7212.250376,-0.201646,-5.414751,-0.010156,4.774445,0.039896,-0.005792,-1.606403,-0.063633,1.607663,28|30|31|32|33|34,0.5631
7212.267043,-0.193641,-5.423916,-0.009796,4.781350,0.039533,-0.005801,-1.608327,-0.058920,1.609406,28|30|31|32|33|34,0.5628
7212.283709,-0.193579,-5.424038,-0.009794,4.781350,0.039533,-0.005801,-1.608260,-0.058886,1.609338,28|30|31|32|33|34,0.5637
7212.300376,-0.202791,-5.442542,-0.009108,4.795657,0.038771,-0.006114,-1.612511,-0.063131,1.613746,28|30|31|32|33|34,0.5631
7212.317043,-0.202805,-5.442517,-0.009109,4.802494,0.038496,-0.006152,-1.619361,-0.062863,1.620581,28|30|31|32|33|34,0.5621
7212.333709,-0.212712,-5.462055,-0.009711,4.809757,0.038355,-0.006175,-1.616007,-0.068107,1.617441,28|30|31|32|33|34,0.5617
7212.350376,-0.215971,-5.466868,-0.009554,4.816878,0.038218,-0.006094,-1.620512,-0.069741,1.622012,28|30|31|32|33|34,0.5629
7212.367043,-0.217409,-5.477084,-0.009382,4.816878,0.038218,-0.006094,-1.614960,-0.070522,1.616499,28|30|31|32|33|34,0.5636
7212.383709,-0.218842,-5.486977,-0.009619,4.823830,0.038066,-0.005963,-1.616534,-0.071150,1.618099,28|30|31|32|33|34,0.5643
7212.400376,-0.218791,-5.487078,-0.009618,4.830911,0.037945,-0.005947,-1.623561,-0.071001,1.625113,28|30|31|32|33|34,0.5649
7212.417043,-0.221386,-5.506571,-0.008996,4.837670,0.038479,-0.005900,-1.619726,-0.072945,1.621368,28|30|31|32|33|34,0.5636
7212.433709,-0.221359,-5.506627,-0.008996,4.844803,0.038315,-0.005876,-1.626829,-0.072766,1.628455,28|30|31|32|33|34,0.5636
7212.450376,-0.215355,-5.520822,-0.010187,4.851927,0.038176,-0.005985,-1.626238,-0.069364,1.627717,28|30|31|32|33|34,0.5640
7212.467043,-0.215298,-5.520936,-0.010185,4.858911,0.038021,-0.006147,-1.633159,-0.069179,1.634623,28|30|31|32|33|34,0.5647
7212.483709,-0.218872,-5.540194,-0.010587,4.866126,0.037903,-0.006259,-1.629908,-0.071003,1.631454,28|30|31|32|33|34,0.5636
7212.500376,-0.218935,-5.540071,-0.010588,4.880272,0.037470,-0.006281,-1.644121,-0.070604,1.645636,28|30|31|32|33|34,0.5637
7212.517043,-0.220018,-5.549419,-0.010738,4.887487,0.037745,-0.006270,-1.646255,-0.071468,1.647806,28|30|31|32|33|34,0.5623
7212.533709,-0.224616,-5.563343,-0.010069,4.887487,0.037745,-0.006270,-1.638688,-0.073967,1.640356,28|30|31|32|33|34,0.5640
7212.550376,-0.224573,-5.563428,-0.010069,4.901910,0.038323,-0.006280,-1.653065,-0.074521,1.654744,28|30|31|32|33|34,0.5650
7212.567043,-0.215799,-5.583892,-0.009471,4.901910,0.038323,-0.006280,-1.641943,-0.069753,1.643424,28|30|31|32|33|34,0.5659
7212.583709,-0.215733,-5.584022,-0.009469,4.909122,0.038609,-0.006319,-1.649084,-0.070003,1.650569,28|30|31|32|33|34,0.5649
7212.600376,-0.206434,-5.604317,-0.009272,4.923195,0.038530,-0.006353,-1.652128,-0.064870,1.653401,28|30|31|32|33|34,0.5637
7212.617043,-0.204054,-5.608761,-0.009314,4.923195,0.038530,-0.006353,-1.649713,-0.063577,1.650937,28|30|31|32|33|34,0.5643
7212.633710,-0.206590,-5.618410,-0.009698,4.930274,0.038321,-0.006395,-1.651548,-0.064747,1.652817,28|30|31|32|33|34,0.5652
7212.650376,-0.208886,-5.628163,-0.009304,4.944169,0.037925,-0.006494,-1.660142,-0.065598,1.661437,28|30|31|32|33|34,0.5657
7212.667043,-0.208887,-5.628163,-0.009303,4.944169,0.037925,-0.006494,-1.660142,-0.065598,1.661437,28|30|31|32|33|34,0.5655
7212.683710,-0.222815,-5.629487,-0.009082,4.951319,0.037770,-0.006578,-1.666572,-0.073013,1.668171,28|30|31|32|33|34|35,0.5584
7212.700376,-0.225068,-5.637232,-0.009443,4.965181,0.037338,-0.006647,-1.676226,-0.073805,1.677850,28|30|31|32|33|34|35,0.5613
7212.717043,-0.230506,-5.642130,-0.010063,4.965181,0.037338,-0.006647,-1.673564,-0.076761,1.675323,28|30|31|32|33|34|35,0.5595
7212.733710,-0.221032,-5.661703,-0.010440,4.979424,0.037428,-0.006561,-1.677168,-0.071702,1.678700,30|31|32|33|34|35,0.5629
7212.750376,-0.220224,-5.671602,-0.010768,4.986570,0.037468,-0.006433,-1.678935,-0.071303,1.680449,30|31|32|33|34|35,0.5638
7212.767043,-0.218109,-5.691759,-0.010169,4.993318,0.038261,-0.006409,-1.674728,-0.070947,1.676230,30|31|32|33|34|35,0.5636
7212.783710,-0.218066,-5.691842,-0.010170,4.993318,0.038261,-0.006409,-1.674683,-0.070924,1.676184,30|31|32|33|34|35,0.5622
7212.800376,-0.204923,-5.705282,-0.009852,5.007736,0.038573,-0.006607,-1.681796,-0.064092,1.683017,30|31|32|33|34|35,0.5620
7212.817043,-0.204812,-5.705497,-0.009854,5.014961,0.038579,-0.006716,-1.688905,-0.064039,1.690118,30|31|32|33|34|35,0.5630
7212.833710,-0.199639,-5.725992,-0.010313,5.014961,0.038579,-0.006716,-1.677766,-0.061227,1.678883,30|31|32|33|34|35,0.5636
7212.850376,-0.198747,-5.736057,-0.009620,5.029243,0.038406,-0.006845,-1.686578,-0.060569,1.687665,30|31|32|33|34|35,0.5642
7212.867043,-0.197757,-5.746138,-0.010573,5.036096,0.037974,-0.006841,-1.687952,-0.059598,1.689004,30|31|32|33|34|35,0.5634
7212.883710,-0.199933,-5.752585,-0.009952,5.043210,0.037811,-0.006766,-1.691562,-0.060619,1.692648,30|31|32|33|34|35,0.5608
7212.900376,-0.205339,-5.759711,-0.009880,5.050345,0.037666,-0.006722,-1.694824,-0.063411,1.696010,30|31|32|33|34|35,0.5602
7212.917043,-0.207255,-5.769654,-0.009894,5.057387,0.037490,-0.006701,-1.696463,-0.064277,1.697680,30|31|32|33|34|35,0.5618
7212.933710,-0.208897,-5.779387,-0.009232,5.057387,0.037490,-0.006701,-1.691173,-0.065170,1.692428,30|31|32|33|34|35,0.5627
7212.950376,-0.210676,-5.789431,-0.010077,5.071029,0.037159,-0.006696,-1.699356,-0.065805,1.700630,30|31|32|33|34|35,0.5611
7212.967043,-0.212755,-5.799813,-0.009025,5.071029,0.037159,-0.006696,-1.693713,-0.066936,1.695036,30|31|32|33|34|35,0.5587
7212.983710,-0.214342,-5.802989,-0.009761,5.084944,0.037666,-0.006484,-1.705903,-0.068305,1.707270,30|31|32|33|34|35,0.5589
7213.000376,-0.211422,-5.810738,-0.009634,5.084944,0.037666,-0.006484,-1.701692,-0.066718,1.702999,30|31|32|33|34|35,0.5615
7213.017043,-0.206132,-5.820790,-0.008758,5.099058,0.038357,-0.006425,-1.710343,-0.064534,1.711560,30|31|32|33|34|35,0.5638
7213.033710,-0.200421,-5.831127,-0.008941,5.106147,0.038718,-0.006442,-1.711814,-0.061792,1.712929,30|31|32|33|34|35,0.5638
7213.050376,-0.194820,-5.841595,-0.009347,5.106147,0.038718,-0.006442,-1.706125,-0.058748,1.707136,30|31|32|33|34|35,0.5627
7213.067043,-0.189055,-5.852126,-0.009741,5.120195,0.037808,-0.006688,-1.714449,-0.054704,1.715321,30|31|32|33|34|35,0.5607
7213.083710,-0.199431,-5.855270,-0.010214,5.120195,0.037808,-0.006688,-1.712740,-0.060344,1.713803,30|31|32|33|34|35,0.5627
7213.100376,-0.199946,-5.865655,-0.010468,5.134620,0.037656,-0.006721,-1.721521,-0.060471,1.722583,30|31|32|33|34|35,0.5641
7213.133710,-0.200919,-5.886023,-0.010803,5.141736,0.037568,-0.006702,-1.717568,-0.060912,1.718647,30|31|32|33|34|35,0.5654
7213.150376,-0.200841,-5.886173,-0.010801,5.155541,0.037610,-0.006727,-1.731291,-0.060912,1.732362,30|31|32|33|34|35,0.5639
7213.167043,-0.199240,-5.900594,-0.010377,5.155541,0.037610,-0.006727,-1.723453,-0.060041,1.724499,30|31|32|33|34|35,0.5613
7213.183710,-0.199229,-5.900614,-0.010377,5.169868,0.037563,-0.006776,-1.737770,-0.059988,1.738805,30|31|32|33|34|35,0.5617
7213.200376,-0.199290,-5.910030,-0.010460,5.176802,0.037521,-0.006857,-1.739587,-0.059980,1.740620,30|31|32|33|34|35,0.5632
7213.217043,-0.216219,-5.895946,-0.010842,5.176802,0.037521,-0.006857,-1.747241,-0.069180,1.748610,30|31|32|33|34|35|36|37,0.5639
7213.233710,-0.216951,-5.903933,-0.011227,5.183778,0.037346,-0.006894,-1.749876,-0.069404,1.751252,30|31|32|33|34|35|36|37,0.5556
7213.250376,-0.232945,-5.885955,-0.013026,5.197615,0.036366,-0.006809,-1.773484,-0.077116,1.775160,31|32|33|34|35|36|37,0.5529
7213.267043,-0.257793,-5.861692,-0.012371,5.197615,0.036366,-0.006809,-1.786670,-0.090620,1.788967,32|33|34|35|36|37,0.5608
7213.283710,-0.260639,-5.871764,-0.012044,5.204782,0.036126,-0.006794,-1.788363,-0.091927,1.790724,32|33|34|35|36|37,0.5630
7213.300376,-0.260574,-5.871898,-0.012042,5.218924,0.035642,-0.006854,-1.802432,-0.091407,1.804749,32|33|34|35|36|37,0.5640
7213.317043,-0.263419,-5.881775,-0.012436,5.218924,0.035642,-0.006854,-1.797065,-0.092954,1.799467,32|33|34|35|36|37,0.5642
7213.333710,-0.269046,-5.901847,-0.012820,5.232296,0.036964,-0.006937,-1.799528,-0.097333,1.802159,32|33|34|35|36|37,0.5619
7213.350376,-0.258819,-5.904680,-0.013898,5.232296,0.036964,-0.006937,-1.797989,-0.091776,1.800329,32|33|34|35|36|37,0.5624
7213.367043,-0.249461,-5.914499,-0.013562,5.239217,0.036752,-0.006967,-1.799573,-0.086478,1.801649,32|33|34|35|36|37,0.5626
7213.383710,-0.249396,-5.914628,-0.013563,5.246162,0.036537,-0.006942,-1.806448,-0.086227,1.808505,32|33|34|35|36|37,0.5645
7213.417043,-0.256864,-5.943227,-0.013546,5.260532,0.036098,-0.007261,-1.805275,-0.089848,1.807510,32|33|34|35|36|37,0.5629
7213.433710,-0.259827,-5.953170,-0.013593,5.267300,0.035072,-0.007372,-1.806638,-0.090431,1.808900,32|33|34|35|36|37,0.5622
7213.450376,-0.273865,-5.957431,-0.013838,5.274188,0.034850,-0.008139,-1.811211,-0.097839,1.813852,32|33|34|35|36|37,0.5632
7213.467043,-0.273829,-5.957503,-0.013838,5.288247,0.034904,-0.008309,-1.825231,-0.097873,1.827853,32|33|34|35|36|37,0.5639
7213.483710,-0.273375,-5.976606,-0.014363,5.288247,0.034904,-0.008309,-1.814849,-0.097626,1.817473,32|33|34|35|36|37,0.5650
7213.500376,-0.273324,-5.976707,-0.014362,5.302346,0.034780,-0.008320,-1.828893,-0.097475,1.831489,32|33|34|35|36|37,0.5651
7213.517043,-0.271032,-5.996657,-0.013904,5.302346,0.034780,-0.008320,-1.818051,-0.096230,1.820596,32|33|34|35|36|37,0.5639
7213.533710,-0.271110,-5.996501,-0.013908,5.316484,0.034694,-0.008408,-1.832274,-0.096186,1.834797,32|33|34|35|36|37,0.5633
7213.550376,-0.273471,-6.010196,-0.013167,5.316484,0.034694,-0.008408,-1.824831,-0.097469,1.827432,32|33|34|35|36|37,0.5648
7213.567043,-0.273437,-6.010263,-0.013168,5.330795,0.034751,-0.008561,-1.839105,-0.097507,1.841688,32|33|34|35|36|37,0.5661
7213.583710,-0.271711,-6.030993,-0.013563,5.330795,0.034751,-0.008561,-1.827839,-0.096569,1.830388,32|33|34|35|36|37,0.5655
7213.600376,-0.270471,-6.040916,-0.012498,5.337970,0.034507,-0.008565,-1.829621,-0.095652,1.832119,32|33|34|35|36|37,0.5652
7213.617043,-0.273170,-6.047027,-0.013474,5.345030,0.033611,-0.008584,-1.833359,-0.096223,1.835883,32|33|34|35|36|37,0.5642
7213.633710,-0.273124,-6.047114,-0.013479,5.359365,0.034330,-0.009049,-1.847648,-0.096916,1.850188,32|33|34|35|36|37,0.5633
7213.650376,-0.285097,-6.053853,-0.013656,5.359365,0.034330,-0.009049,-1.843985,-0.103424,1.846883,32|33|34|35|36|37,0.5645
7213.667043,-0.279201,-6.062196,-0.013997,5.373846,0.035271,-0.009093,-1.853932,-0.101160,1.856689,32|33|34|35|36|37,0.5640
7213.683710,-0.271855,-6.074222,-0.013793,5.380728,0.035176,-0.009052,-1.854277,-0.097073,1.856817,32|33|34|35|36|37,0.5632
7213.700376,-0.264491,-6.084745,-0.014787,5.387747,0.034459,-0.009290,-1.855578,-0.092354,1.857875,32|33|34|35|36|37,0.5618
7213.717043,-0.258077,-6.099557,-0.014264,5.387747,0.034459,-0.009290,-1.847528,-0.088868,1.849664,32|33|34|35|36|37,0.5620
7213.733710,-0.269721,-6.102074,-0.013871,5.394799,0.034449,-0.009345,-1.853212,-0.095186,1.855654,32|33|34|35|36|37|38,0.5623
7213.750376,-0.269090,-6.112096,-0.014773,5.401772,0.034464,-0.009377,-1.854738,-0.094858,1.857163,32|33|34|35|36|37|38,0.5641
7213.767043,-0.270333,-6.109638,-0.014786,5.408721,0.034455,-0.009424,-1.863024,-0.095525,1.865471,32|33|34|35|36|37|38,0.5584
7213.783710,-0.288006,-6.083455,-0.015345,5.422731,0.033527,-0.009488,-1.891263,-0.104202,1.894132,33|34|35|36|37|38,0.5635
7213.800376,-0.286377,-6.102474,-0.015284,5.422731,0.033527,-0.009488,-1.880927,-0.103317,1.883762,33|34|35|36|37|38,0.5621
7213.817043,-0.286376,-6.102474,-0.015285,5.429624,0.033156,-0.009618,-1.887820,-0.102945,1.890624,33|34|35|36|37|38,0.5614
7213.833710,-0.299009,-6.107297,-0.015232,5.443804,0.033613,-0.009539,-1.899378,-0.110267,1.902576,33|34|35|36|37|38,0.5620
7213.850376,-0.298911,-6.125264,-0.015570,5.443804,0.033613,-0.009539,-1.889613,-0.110214,1.892825,33|34|35|36|37|38,0.5628
7213.867043,-0.294680,-6.135717,-0.014876,5.458019,0.033991,-0.009180,-1.898148,-0.108293,1.901234,33|34|35|36|37|38,0.5629
7213.883710,-0.294681,-6.135716,-0.014875,5.464797,0.034039,-0.009235,-1.904926,-0.108341,1.908005,33|34|35|36|37|38,0.5618
7213.900376,-0.290218,-6.146405,-0.015068,5.472064,0.034273,-0.009351,-1.906384,-0.106150,1.909337,33|34|35|36|37|38,0.5609
7213.917043,-0.286964,-6.152997,-0.014754,5.479224,0.034494,-0.009596,-1.909961,-0.104603,1.912824,33|34|35|36|37|38,0.5622
7213.933710,-0.280906,-6.168793,-0.014240,5.479224,0.034494,-0.009596,-1.901377,-0.101311,1.904074,33|34|35|36|37|38,0.5627
7213.967043,-0.272887,-6.189697,-0.015110,5.493349,0.034681,-0.009803,-1.904141,-0.097139,1.906617,33|34|35|36|37|38,0.5629
7213.983710,-0.272886,-6.189697,-0.015111,5.507268,0.033444,-0.009549,-1.918059,-0.095902,1.920455,33|34|35|36|37|38,0.5621
7214.000376,-0.272634,-6.195532,-0.014777,5.507268,0.033444,-0.009549,-1.914888,-0.095764,1.917282,33|34|35|36|37|38,0.5633
7214.017043,-0.288752,-6.212167,-0.014304,5.514487,0.033476,-0.009524,-1.913067,-0.104557,1.915922,33|34|35|36|37|38,0.5636
7214.033710,-0.287243,-6.222584,-0.015004,5.528715,0.033517,-0.009435,-1.921634,-0.103778,1.924434,33|34|35|36|37|38,0.5640
7214.050376,-0.287243,-6.222584,-0.015004,5.528715,0.033517,-0.009435,-1.921634,-0.103778,1.924434,33|34|35|36|37|38,0.5635
7214.067043,-0.285019,-6.243470,-0.014927,5.542312,0.032492,-0.009571,-1.923879,-0.101544,1.926557,33|34|35|36|37|38,0.5629
7214.083710,-0.289239,-6.248214,-0.015330,5.549426,0.032985,-0.009486,-1.928415,-0.104330,1.931235,33|34|35|36|37|38,0.5629
7214.100376,-0.289236,-6.248215,-0.015334,5.556564,0.033495,-0.009431,-1.935552,-0.104839,1.938389,33|34|35|36|37|38,0.5632
7214.117043,-0.297632,-6.253445,-0.015786,5.563704,0.034006,-0.009415,-1.939850,-0.109913,1.942962,33|34|35|36|37|38,0.5641
7214.133710,-0.281706,-6.274744,-0.015597,5.570858,0.034523,-0.009436,-1.935428,-0.101775,1.938103,33|34|35|36|37|38,0.5643
7214.150376,-0.273744,-6.285354,-0.014649,5.577724,0.033872,-0.009201,-1.936528,-0.096796,1.938946,33|34|35|36|37|38,0.5639
7214.167043,-0.265972,-6.295878,-0.014983,5.577724,0.033872,-0.009201,-1.930809,-0.092572,1.933027,33|34|35|36|37|38,0.5633
7214.183710,-0.265970,-6.295880,-0.014982,5.592288,0.033310,-0.009214,-1.945372,-0.092009,1.947546,33|34|35|36|37|38,0.5628
7214.200376,-0.274976,-6.301083,-0.015109,5.599649,0.033390,-0.009216,-1.949905,-0.096984,1.952315,33|34|35|36|37|38,0.5631
7214.217043,-0.282608,-6.309584,-0.014582,5.606746,0.033462,-0.009173,-1.952381,-0.101204,1.955003,33|34|35|36|37|38,0.5636
7214.233710,-0.278481,-6.330833,-0.014705,5.606746,0.033462,-0.009173,-1.940833,-0.098961,1.943354,33|34|35|36|37|38,0.5639
7214.250376,-0.276902,-6.341790,-0.014215,5.613787,0.033300,-0.009158,-1.941919,-0.097941,1.944388,33|34|35|36|37|38|39|40,0.5627
7214.267043,-0.278496,-6.349191,-0.013817,5.620559,0.032988,-0.009177,-1.944669,-0.098495,1.947162,33|34|35|36|37|38|39|40,0.5618
7214.283710,-0.282091,-6.353815,-0.014286,5.627751,0.033098,-0.009188,-1.949349,-0.100559,1.951941,33|34|35|36|37|38|39|40,0.5526
7214.300376,-0.282176,-6.354996,-0.014440,5.641962,0.033326,-0.009266,-1.962917,-0.100833,1.965505,35|36|37|38|39|40,0.5650
7214.317043,-0.277480,-6.376065,-0.014589,5.641962,0.033326,-0.009266,-1.951466,-0.098281,1.953940,35|36|37|38|39|40,0.5644
7214.333710,-0.275504,-6.386346,-0.014056,5.648942,0.033244,-0.009336,-1.952859,-0.097126,1.955273,35|36|37|38|39|40,0.5631
7214.350376,-0.275503,-6.386347,-0.014054,5.655562,0.032256,-0.009064,-1.959479,-0.096137,1.961836,35|36|37|38|39|40,0.5623
7214.367043,-0.276118,-6.393848,-0.014245,5.669991,0.031765,-0.008929,-1.969831,-0.095980,1.972168,35|36|37|38|39|40,0.5625
7214.383710,-0.290396,-6.398825,-0.014539,5.677229,0.031625,-0.008926,-1.974364,-0.103600,1.977080,35|36|37|38|39|40,0.5629
7214.400376,-0.294814,-6.418767,-0.014828,5.684390,0.031463,-0.008987,-1.970687,-0.105839,1.973527,35|36|37|38|39|40,0.5639
7214.417043,-0.294816,-6.418767,-0.014826,5.691145,0.031732,-0.008978,-1.977442,-0.106109,1.980287,35|36|37|38|39|40,0.5638
7214.433710,-0.297178,-6.438903,-0.015132,5.691145,0.031732,-0.008978,-1.966499,-0.107393,1.969429,35|36|37|38|39|40,0.5626
7214.450376,-0.297177,-6.438904,-0.015136,5.697711,0.032331,-0.008926,-1.973064,-0.107992,1.976017,35|36|37|38|39|40,0.5624
7214.467043,-0.283297,-6.451018,-0.013952,5.711604,0.032041,-0.008899,-1.980373,-0.100158,1.982905,35|36|37|38|39|40,0.5617
7214.483710,-0.284477,-6.461153,-0.014878,5.711604,0.032041,-0.008899,-1.974865,-0.100799,1.977436,35|36|37|38|39|40,0.5641
7214.500376,-0.285663,-6.471129,-0.014450,5.718818,0.031921,-0.008968,-1.976658,-0.101324,1.979253,35|36|37|38|39|40,0.5656
7214.517043,-0.285664,-6.471128,-0.014450,5.726074,0.031773,-0.009119,-1.983914,-0.101176,1.986493,35|36|37|38|39|40,0.5650
7214.533710,-0.288499,-6.491085,-0.015356,5.732875,0.030807,-0.009196,-1.979869,-0.101751,1.982482,35|36|37|38|39|40,0.5632
7214.550376,-0.301753,-6.495364,-0.015359,5.739887,0.030271,-0.009339,-1.984556,-0.108419,1.987515,35|36|37|38|39|40,0.5630
7214.567043,-0.301753,-6.495364,-0.015360,5.754040,0.030529,-0.009329,-1.998709,-0.108676,2.001661,35|36|37|38|39|40,0.5640
7214.583710,-0.307720,-6.503687,-0.015124,5.754040,0.030529,-0.009329,-1.994185,-0.111919,1.997324,35|36|37|38|39|40,0.5644
7214.600376,-0.305777,-6.514327,-0.014514,5.761107,0.030641,-0.009308,-1.995470,-0.110975,1.998553,35|36|37|38|39|40,0.5641
7214.617043,-0.303214,-6.524681,-0.015218,5.775104,0.030093,-0.009346,-2.003839,-0.109035,2.006803,35|36|37|38|39|40,0.5637
7214.633710,-0.301669,-6.540942,-0.015085,5.775104,0.030093,-0.009346,-1.995002,-0.108195,1.997933,35|36|37|38|39|40,0.5631
7214.650376,-0.307011,-6.547676,-0.014790,5.789376,0.030321,-0.009418,-2.005614,-0.111326,2.008702,35|36|37|38|39|40,0.5637
7214.667043,-0.304994,-6.558333,-0.014433,5.796617,0.030390,-0.009481,-2.007063,-0.110299,2.010092,35|36|37|38|39|40,0.5639
7214.683710,-0.302695,-6.569075,-0.014714,5.796617,0.030390,-0.009481,-2.001225,-0.109049,2.004194,35|36|37|38|39|40,0.5640
7214.700376,-0.300659,-6.579519,-0.015204,5.803800,0.030214,-0.009486,-2.002732,-0.107767,2.005630,35|36|37|38|39|40,0.5634
7214.717043,-0.302166,-6.585411,-0.015341,5.810945,0.029312,-0.009315,-2.006675,-0.107685,2.009562,35|36|37|38|39|40,0.5632
7214.733710,-0.314815,-6.594308,-0.014940,5.817852,0.029346,-0.009308,-2.008746,-0.114593,2.012012,35|36|37|38|39|40,0.5626
7214.767043,-0.314816,-6.594307,-0.014938,5.832407,0.030417,-0.009292,-2.023302,-0.115664,2.026605,35|36|37|38|39|40,0.5642
7214.783710,-0.295880,-6.622173,-0.014994,5.839685,0.030973,-0.009325,-2.015435,-0.105929,2.018217,35|36|37|38|39|40|41,0.5639
7214.800376,-0.287030,-6.632621,-0.014759,5.846591,0.031036,-0.009281,-2.016663,-0.101182,2.019199,35|36|37|38|39|40|41,0.5569
7214.817043,-0.287199,-6.633479,-0.015298,5.860693,0.030063,-0.009399,-2.030298,-0.100301,2.032774,36|37|38|39|40|41,0.5622
7214.833710,-0.285884,-6.637819,-0.014904,5.867755,0.030141,-0.009411,-2.035001,-0.099665,2.037441,36|37|38|39|40|41,0.5635
7214.850376,-0.299370,-6.645898,-0.014925,5.874806,0.030201,-0.009445,-2.037663,-0.107054,2.040473,36|37|38|39|40|41,0.5638
7214.867043,-0.297443,-6.656453,-0.014933,5.881939,0.030251,-0.009486,-2.039059,-0.106056,2.041815,36|37|38|39|40|41,0.5636
7214.883710,-0.293727,-6.677350,-0.014097,5.881939,0.030251,-0.009486,-2.027702,-0.104037,2.030369,36|37|38|39|40|41,0.5630
7214.900376,-0.293728,-6.677349,-0.014098,5.888681,0.029510,-0.009235,-2.034444,-0.103296,2.037065,36|37|38|39|40|41,0.5619
7214.917043,-0.302646,-6.690952,-0.014139,5.895594,0.028805,-0.009270,-2.033965,-0.107439,2.036800,36|37|38|39|40|41,0.5624
7214.933710,-0.311386,-6.698513,-0.013842,5.902688,0.029060,-0.009225,-2.036949,-0.112444,2.040050,36|37|38|39|40|41,0.5630
7214.950376,-0.307204,-6.709142,-0.014546,5.909780,0.029327,-0.009159,-2.038265,-0.110438,2.041255,36|37|38|39|40|41,0.5634
7214.967043,-0.302560,-6.719962,-0.014368,5.916882,0.029619,-0.008851,-2.039486,-0.108206,2.042354,36|37|38|39|40|41,0.5632
7215.000376,-0.294865,-6.739887,-0.013303,5.937825,0.030046,-0.008647,-2.049601,-0.104451,2.052260,36|37|38|39|40|41,0.5596
7215.017043,-0.294863,-6.739889,-0.013300,5.944978,0.030280,-0.008750,-2.056752,-0.104683,2.059414,36|37|38|39|40|41,0.5609
7215.033710,-0.293711,-6.741872,-0.013193,5.952138,0.030506,-0.008831,-2.062834,-0.104283,2.065468,36|37|38|39|40|41,0.5626
7215.067043,-0.281281,-6.773863,-0.013426,5.959214,0.030616,-0.008920,-2.052524,-0.097639,2.054845,36|37|38|39|40|41,0.5624
7215.083710,-0.281281,-6.773864,-0.013426,5.965788,0.029737,-0.008675,-2.059098,-0.096760,2.061371,36|37|38|39|40|41,0.5615
7215.100376,-0.292032,-6.787606,-0.013384,5.972863,0.029357,-0.008614,-2.058704,-0.102222,2.061240,36|37|38|39|40|41,0.5615
7215.117043,-0.292032,-6.787605,-0.013384,5.987452,0.029371,-0.008549,-2.073293,-0.102237,2.075812,36|37|38|39|40|41,0.5618
7215.133710,-0.296025,-6.796573,-0.013392,5.987452,0.029371,-0.008549,-2.068420,-0.104407,2.071053,36|37|38|39|40|41,0.5627
7215.150376,-0.294302,-6.817715,-0.013765,5.994481,0.029312,-0.008481,-2.063958,-0.103411,2.066547,36|37|38|39|40|41,0.5630
7215.167043,-0.294141,-6.827903,-0.013448,6.001431,0.029094,-0.008482,-2.065371,-0.103106,2.067943,36|37|38|39|40|41,0.5627
7215.183710,-0.296685,-6.835606,-0.013724,6.008013,0.028418,-0.008557,-2.067767,-0.103812,2.070371,36|37|38|39|40|41,0.5620
7215.200376,-0.305316,-6.837166,-0.013658,6.014893,0.028876,-0.008362,-2.073800,-0.108961,2.076660,36|37|38|39|40|41,0.5626
7215.217043,-0.305315,-6.837166,-0.013656,6.028916,0.029770,-0.008250,-2.087822,-0.109855,2.090711,36|37|38|39|40|41,0.5633
7215.250376,-0.298279,-6.847561,-0.013579,6.042637,0.030117,-0.008232,-2.095894,-0.106378,2.098592,36|37|38|39|40|41,0.5632
7215.267043,-0.276839,-6.879261,-0.012616,6.042637,0.030117,-0.008232,-2.078666,-0.094726,2.080823,36|37|38|39|40|41,0.5623
7215.283710,-0.277014,-6.883882,-0.013893,6.057055,0.029299,-0.008274,-2.090572,-0.094003,2.092685,36|37|38|39|40|41|42,0.5550
7215.300376,-0.288619,-6.892189,-0.011501,6.057055,0.029299,-0.008274,-2.086058,-0.100310,2.088468,36|37|38|39|40|41|42|43,0.5634
7215.317043,-0.288598,-6.892212,-0.011432,6.071537,0.029287,-0.008175,-2.100527,-0.100287,2.102919,36|37|38|39|40|41|42|43,0.5579
7215.333710,-0.286028,-6.913713,-0.012259,6.078731,0.029251,-0.008118,-2.096036,-0.098854,2.098365,37|38|39|40|41|42|43,0.5564
7215.350376,-0.284751,-6.924834,-0.011953,6.085342,0.029126,-0.008113,-2.096603,-0.098035,2.098894,38|39|40|41|42|43,0.5641
7215.367043,-0.284751,-6.924834,-0.011955,6.092480,0.029133,-0.008130,-2.103741,-0.098041,2.106024,38|39|40|41|42|43,0.5622
7215.383710,-0.285748,-6.937683,-0.012168,6.092480,0.029133,-0.008130,-2.096758,-0.098584,2.099074,38|39|40|41|42|43,0.5634
7215.400376,-0.284691,-6.947718,-0.012322,6.106659,0.029183,-0.008191,-2.105482,-0.098059,2.107765,38|39|40|41|42|43,0.5641
7215.417043,-0.283818,-6.958403,-0.012097,6.106659,0.029183,-0.008191,-2.099675,-0.097585,2.101942,38|39|40|41|42|43,0.5638
7215.433710,-0.283010,-6.968700,-0.012400,6.113760,0.029169,-0.008224,-2.101180,-0.097132,2.103424,38|39|40|41|42|43,0.5640
7215.450376,-0.282753,-6.979106,-0.011566,6.127559,0.028033,-0.008119,-2.109324,-0.095856,2.111501,38|39|40|41|42|43,0.5625
7215.467043,-0.282752,-6.979110,-0.011564,6.127559,0.028033,-0.008119,-2.109322,-0.095856,2.111499,38|39|40|41|42|43,0.5627
7215.483710,-0.297393,-6.991094,-0.012239,6.134772,0.027811,-0.007940,-2.110022,-0.103591,2.112563,38|39|40|41|42|43,0.5637
7215.500376,-0.297393,-6.991094,-0.012239,6.149202,0.027355,-0.007815,-2.124452,-0.103135,2.126954,38|39|40|41|42|43,0.5638
7215.517043,-0.302500,-7.011327,-0.011476,6.149202,0.027355,-0.007815,-2.113456,-0.105911,2.116108,38|39|40|41|42|43,0.5629
7215.533710,-0.302501,-7.011327,-0.011477,6.162575,0.028307,-0.008163,-2.126829,-0.106863,2.129512,38|39|40|41|42|43,0.5620
7215.550376,-0.302829,-7.027341,-0.011176,6.162575,0.028307,-0.008163,-2.118126,-0.107041,2.120829,38|39|40|41|42|43,0.5610
7215.567043,-0.302830,-7.027340,-0.011177,6.176341,0.028085,-0.008294,-2.131891,-0.106820,2.134566,38|39|40|41|42|43,0.5612
7215.583710,-0.288588,-7.033558,-0.011754,6.183321,0.027848,-0.008247,-2.135493,-0.098842,2.137780,38|39|40|41|42|43,0.5611
7215.600376,-0.288518,-7.043039,-0.011592,6.190540,0.027613,-0.008356,-2.137559,-0.098570,2.139831,38|39|40|41|42|43,0.5626
7215.617043,-0.293937,-7.063046,-0.012147,6.190540,0.027613,-0.008356,-2.126686,-0.101515,2.129108,38|39|40|41|42|43,0.5628
7215.633710,-0.296513,-7.073269,-0.012257,6.197512,0.027049,-0.008558,-2.128102,-0.102351,2.130562,38|39|40|41|42|43,0.5617
7215.650376,-0.304231,-7.078575,-0.012558,6.204440,0.026374,-0.008922,-2.132147,-0.105871,2.134774,38|39|40|41|42|43,0.5611
7215.667043,-0.304230,-7.078575,-0.012557,6.211658,0.026356,-0.009023,-2.139364,-0.105852,2.141981,38|39|40|41|42|43,0.5616
7215.683710,-0.311484,-7.096515,-0.012660,6.218768,0.026391,-0.008995,-2.136724,-0.109830,2.139544,38|39|40|41|42|43,0.5631
7215.700376,-0.311485,-7.096513,-0.012663,6.233051,0.026398,-0.008999,-2.151008,-0.109837,2.153810,38|39|40|41|42|43,0.5638
7215.717043,-0.310221,-7.117266,-0.012851,6.239754,0.026270,-0.008993,-2.146432,-0.109023,2.149199,38|39|40|41|42|43,0.5639
7215.733710,-0.308955,-7.127351,-0.012395,6.239754,0.026270,-0.008993,-2.140951,-0.108335,2.143690,38|39|40|41|42|43,0.5631
7215.750376,-0.309912,-7.129844,-0.013120,6.246915,0.026218,-0.008983,-2.146757,-0.108802,2.149513,38|39|40|41|42|43,0.5639
7215.767043,-0.310059,-7.140165,-0.012361,6.254037,0.026215,-0.009012,-2.148270,-0.108879,2.151028,38|39|40|41|42|43,0.5643
7215.783710,-0.309589,-7.150976,-0.013078,6.268281,0.026153,-0.009124,-2.156639,-0.108561,2.159370,38|39|40|41|42|43,0.5642
7215.800376,-0.309188,-7.161919,-0.013527,6.268281,0.026153,-0.009124,-2.150691,-0.108343,2.153419,38|39|40|41|42|43|44,0.5574
7215.817043,-0.309167,-7.161980,-0.013568,6.282106,0.025360,-0.009016,-2.164483,-0.107539,2.167153,38|39|40|41|42|43|44,0.5633
7215.833710,-0.308858,-7.171613,-0.013176,6.289398,0.025735,-0.008995,-2.166540,-0.107746,2.169217,38|39|40|41|42|43|44,0.5628
7215.850376,-0.317936,-7.181850,-0.012352,6.296688,0.026109,-0.008977,-2.168266,-0.113055,2.171212,38|39|40|41|42|43|44,0.5563
7215.867043,-0.311989,-7.193671,-0.013117,6.296688,0.026109,-0.008977,-2.161842,-0.109823,2.164630,39|40|41|42|43|44,0.5641
7215.883710,-0.311991,-7.193670,-0.013118,6.311265,0.026845,-0.009057,-2.176420,-0.110560,2.179226,39|40|41|42|43|44,0.5638
7215.900376,-0.305781,-7.204360,-0.013329,6.317833,0.026446,-0.009055,-2.177178,-0.106785,2.179795,39|40|41|42|43|44,0.5627
7215.917043,-0.293775,-7.226619,-0.013809,6.317833,0.026446,-0.009055,-2.165081,-0.100260,2.167401,39|40|41|42|43|44,0.5608
7215.933710,-0.298709,-7.228075,-0.014159,6.324894,0.026306,-0.009059,-2.171350,-0.102802,2.173782,39|40|41|42|43|44,0.5618
7215.950376,-0.300251,-7.237965,-0.013667,6.331960,0.026178,-0.009072,-2.173041,-0.103512,2.175505,39|40|41|42|43|44,0.5640
7215.967043,-0.300948,-7.247966,-0.013959,6.339000,0.026037,-0.009091,-2.174646,-0.103750,2.177119,39|40|41|42|43|44,0.5651
7215.983710,-0.300947,-7.247968,-0.013958,6.339000,0.026037,-0.009091,-2.174645,-0.103749,2.177118,39|40|41|42|43|44,0.5646
7216.000376,-0.303682,-7.268436,-0.013625,6.359613,0.025051,-0.009164,-2.184134,-0.104250,2.186621,39|40|41|42|43|44,0.5632
7216.017043,-0.307971,-7.275794,-0.014011,6.359613,0.025051,-0.009164,-2.180135,-0.106581,2.182739,39|40|41|42|43|44,0.5612
7216.033710,-0.313862,-7.279981,-0.015277,6.366767,0.025119,-0.009130,-2.185013,-0.109850,2.187773,39|40|41|42|43|44,0.5618
7216.050376,-0.312386,-7.290792,-0.014251,6.373918,0.025185,-0.009072,-2.186289,-0.109115,2.189010,39|40|41|42|43|44,0.5615
7216.067043,-0.310632,-7.301685,-0.013937,6.388431,0.025194,-0.008745,-2.194882,-0.108170,2.197545,39|40|41|42|43|44,0.5608
7216.083710,-0.309640,-7.312311,-0.014291,6.388431,0.025194,-0.008745,-2.189106,-0.107631,2.191751,39|40|41|42|43|44,0.5612
7216.100376,-0.309638,-7.312312,-0.014288,6.402226,0.026216,-0.008688,-2.202901,-0.108652,2.205579,39|40|41|42|43|44,0.5603
7216.117043,-0.296257,-7.324126,-0.013951,6.409283,0.026193,-0.008728,-2.203537,-0.101357,2.205867,39|40|41|42|43|44,0.5613
7216.133710,-0.292210,-7.335660,-0.013607,6.409283,0.026193,-0.008728,-2.197269,-0.099157,2.199505,39|40|41|42|43|44,0.5632
7216.150376,-0.291833,-7.345547,-0.013240,6.423499,0.026137,-0.008855,-2.206111,-0.098897,2.208327,39|40|41|42|43|44,0.5632
7216.167043,-0.291151,-7.355843,-0.013144,6.423499,0.026137,-0.008855,-2.200516,-0.098526,2.202720,39|40|41|42|43|44,0.5637
7216.183710,-0.291152,-7.355841,-0.013146,6.437037,0.025777,-0.008227,-2.214054,-0.098166,2.216230,39|40|41|42|43|44,0.5623
7216.200376,-0.293205,-7.371005,-0.012261,6.437037,0.025777,-0.008227,-2.205813,-0.099282,2.208047,39|40|41|42|43|44,0.5611
7216.217043,-0.295453,-7.377554,-0.012824,6.444153,0.025627,-0.007824,-2.209370,-0.100354,2.211648,39|40|41|42|43|44,0.5613
7216.233710,-0.295452,-7.377554,-0.012823,6.451275,0.025413,-0.007696,-2.216492,-0.100139,2.218753,39|40|41|42|43|44,0.5621
7216.250376,-0.300260,-7.397828,-0.012657,6.458221,0.025121,-0.007631,-2.212420,-0.102460,2.214792,39|40|41|42|43|44,0.5629
7216.267043,-0.303701,-7.408163,-0.011520,6.465163,0.024818,-0.007597,-2.213745,-0.104028,2.216188,39|40|41|42|43|44,0.5626
7216.283710,-0.303701,-7.408163,-0.011522,6.478493,0.025327,-0.007071,-2.227075,-0.104537,2.229527,39|40|41|42|43|44,0.5618
7216.300376,-0.301522,-7.420057,-0.011788,6.478493,0.025327,-0.007071,-2.220611,-0.103353,2.223015,39|40|41|42|43|44,0.5616
7216.317043,-0.299489,-7.428555,-0.011199,6.485540,0.025566,-0.006914,-2.223039,-0.102487,2.225400,39|40|41|42|43|44,0.5630
7216.333710,-0.296029,-7.440275,-0.011543,6.492590,0.025782,-0.006834,-2.223720,-0.100822,2.226004,39|40|41|42|43|44|45|46,0.5552
7216.350376,-0.296052,-7.440321,-0.011533,6.499643,0.025984,-0.006833,-2.230747,-0.101037,2.233034,39|40|41|42|43|44|45|46,0.5633
7216.367043,-0.292210,-7.450292,-0.011388,6.506790,0.026167,-0.006817,-2.232476,-0.099132,2.234676,39|40|41|42|43|44|45|46,0.5533
7216.383710,-0.285202,-7.472126,-0.011143,6.520553,0.025897,-0.006802,-2.234373,-0.095053,2.236394,41|42|43|44|45|46,0.5613
7216.400376,-0.285734,-7.473714,-0.010479,6.527901,0.025664,-0.006800,-2.240858,-0.095110,2.242875,41|42|43|44|45|46,0.5635
7216.417043,-0.285734,-7.473714,-0.010478,6.535253,0.025413,-0.006804,-2.248210,-0.094858,2.250210,41|42|43|44|45|46,0.5646
7216.433710,-0.290608,-7.494439,-0.010992,6.535253,0.025413,-0.006804,-2.236946,-0.097507,2.239070,41|42|43|44|45|46,0.5653
7216.450376,-0.293378,-7.504864,-0.011165,6.549187,0.025442,-0.006399,-2.245214,-0.099042,2.247398,41|42|43|44|45|46,0.5647
7216.467043,-0.296996,-7.515511,-0.011008,6.549187,0.025442,-0.006399,-2.239428,-0.101008,2.241705,41|42|43|44|45|46,0.5624
7216.483710,-0.296997,-7.515512,-0.011010,6.563436,0.025594,-0.006384,-2.253676,-0.101160,2.255945,41|42|43|44|45|46,0.5631
7216.500376,-0.291272,-7.518108,-0.011122,6.570520,0.025355,-0.006411,-2.259349,-0.097810,2.261466,41|42|43|44|45|46,0.5629
7216.517043,-0.286113,-7.528133,-0.011737,6.577629,0.025100,-0.006445,-2.261010,-0.094751,2.262995,41|42|43|44|45|46,0.5647
7216.533710,-0.291731,-7.548591,-0.011722,6.577629,0.025100,-0.006445,-2.249892,-0.097805,2.252016,41|42|43|44|45|46,0.5640
7216.550376,-0.294916,-7.558914,-0.011052,6.584811,0.024973,-0.006392,-2.251464,-0.099409,2.253657,41|42|43|44|45|46,0.5638
7216.567043,-0.295856,-7.567470,-0.010860,6.591532,0.025084,-0.006142,-2.253534,-0.100031,2.255753,41|42|43|44|45|46,0.5630
7216.583710,-0.295856,-7.567472,-0.010863,6.605943,0.024166,-0.005638,-2.267944,-0.099113,2.270109,41|42|43|44|45|46,0.5627
7216.600376,-0.300504,-7.581057,-0.010763,6.613065,0.023672,-0.005634,-2.267683,-0.101145,2.269938,41|42|43|44|45|46,0.5637
7216.617043,-0.300504,-7.581058,-0.010763,6.619906,0.023519,-0.005634,-2.274523,-0.100992,2.276764,41|42|43|44|45|46,0.5636
7216.633710,-0.313651,-7.601453,-0.010520,6.619906,0.023519,-0.005634,-2.263439,-0.108137,2.266021,41|42|43|44|45|46,0.5623
7216.650376,-0.315116,-7.606408,-0.010534,6.626584,0.024187,-0.006082,-2.267425,-0.109601,2.270072,41|42|43|44|45|46,0.5634
7216.667043,-0.303565,-7.614752,-0.010897,6.640082,0.025021,-0.006330,-2.276387,-0.104158,2.278769,41|42|43|44|45|46,0.5632
7216.683710,-0.303564,-7.614752,-0.010895,6.640082,0.025021,-0.006330,-2.276388,-0.104158,2.278769,41|42|43|44|45|46,0.5613
7216.700376,-0.289550,-7.625441,-0.011035,6.653973,0.023992,-0.006434,-2.284469,-0.095512,2.286465,41|42|43|44|45|46,0.5604
7216.717043,-0.298251,-7.642892,-0.010765,6.661160,0.023457,-0.006492,-2.282172,-0.099706,2.284349,41|42|43|44|45|46,0.5611
7216.733710,-0.298251,-7.642892,-0.010765,6.667889,0.023806,-0.006578,-2.288901,-0.100055,2.291087,41|42|43|44|45|46,0.5612
7216.750376,-0.305801,-7.652979,-0.012901,6.675062,0.023534,-0.006577,-2.290592,-0.103886,2.292947,41|42|43|44|45|46,0.5599
7216.767043,-0.312386,-7.662964,-0.010742,6.682234,0.023245,-0.006552,-2.292337,-0.107176,2.294841,41|42|43|44|45|46,0.5592
7216.783710,-0.310398,-7.676463,-0.011163,6.682234,0.023245,-0.006552,-2.285001,-0.106095,2.287462,41|42|43|44|45|46,0.5599
7216.800376,-0.314102,-7.686752,-0.010647,6.689250,0.022930,-0.006419,-2.286425,-0.107793,2.288965,41|42|43|44|45|46,0.5612
7216.817043,-0.314102,-7.686753,-0.010651,6.696372,0.022652,-0.006343,-2.293546,-0.107516,2.296065,41|42|43|44|45|46,0.5611
7216.833710,-0.321294,-7.706991,-0.011151,6.710272,0.023605,-0.006309,-2.296448,-0.112378,2.299196,41|42|43|44|45|46,0.5601
7216.850376,-0.315257,-7.710910,-0.011088,6.710272,0.023605,-0.006309,-2.294318,-0.109097,2.296910,41|42|43|44|45|46|47,0.5538
7216.867043,-0.307284,-7.720316,-0.010660,6.717373,0.023263,-0.006334,-2.296306,-0.104422,2.298679,41|42|43|44|45|46|47,0.5629
7216.883710,-0.311442,-7.729984,-0.010853,6.731677,0.022558,-0.006359,-2.305356,-0.105976,2.307790,41|42|43|44|45|46|47,0.5622
7216.900376,-0.311441,-7.730460,-0.011059,6.731677,0.022558,-0.006359,-2.305098,-0.105976,2.307532,42|43|44|45|46|47,0.5649
7216.917043,-0.320191,-7.750795,-0.010920,6.745573,0.022719,-0.006213,-2.307942,-0.110892,2.310605,42|43|44|45|46|47,0.5643
7216.933710,-0.322121,-7.758800,-0.010638,6.752805,0.022793,-0.006173,-2.310824,-0.112015,2.313537,42|43|44|45|46|47,0.5640
7216.950376,-0.322120,-7.758800,-0.010639,6.752805,0.022793,-0.006173,-2.310824,-0.112014,2.313537,42|43|44|45|46|47,0.5641
7216.967043,-0.315327,-7.773947,-0.011030,6.767253,0.022901,-0.006125,-2.317039,-0.108430,2.319575,42|43|44|45|46|47,0.5637
7216.983710,-0.314138,-7.784912,-0.011407,6.767253,0.022901,-0.006125,-2.311080,-0.107784,2.313592,42|43|44|45|46|47,0.5633
7217.000376,-0.313225,-7.795917,-0.011796,6.774474,0.022921,-0.006155,-2.312320,-0.107308,2.314809,42|43|44|45|46|47,0.5630
7217.017043,-0.312668,-7.806702,-0.011565,6.788264,0.024078,-0.006217,-2.320249,-0.108162,2.322769,42|43|44|45|46|47,0.5616
7217.033710,-0.304223,-7.809230,-0.011214,6.795290,0.023634,-0.006236,-2.325901,-0.103129,2.328186,42|43|44|45|46|47,0.5616
7217.050376,-0.295660,-7.817181,-0.011124,6.795290,0.023634,-0.006236,-2.321580,-0.098475,2.323667,42|43|44|45|46|47,0.5624
7217.067043,-0.301543,-7.827219,-0.010612,6.809334,0.022713,-0.006276,-2.330168,-0.100752,2.332345,42|43|44|45|46|47,0.5634
7217.083710,-0.301543,-7.827220,-0.010615,6.816407,0.022230,-0.006293,-2.337241,-0.100269,2.339391,42|43|44|45|46|47,0.5629
7217.100376,-0.313461,-7.847376,-0.010844,6.823023,0.022548,-0.006343,-2.332902,-0.107064,2.335358,42|43|44|45|46|47,0.5627
7217.117043,-0.319770,-7.857410,-0.011185,6.830125,0.022713,-0.006302,-2.334551,-0.110658,2.337172,42|43|44|45|46|47,0.5616
7217.133710,-0.314516,-7.860205,-0.010426,6.830125,0.022713,-0.006302,-2.333032,-0.107802,2.335521,42|43|44|45|46|47,0.5608
7217.150376,-0.311675,-7.870469,-0.010873,6.837252,0.022479,-0.006252,-2.334581,-0.106024,2.336988,42|43|44|45|46|47,0.5618
7217.167043,-0.314683,-7.880587,-0.010574,6.844403,0.022242,-0.006168,-2.336233,-0.107422,2.338702,42|43|44|45|46|47,0.5633
7217.183710,-0.317433,-7.890864,-0.010462,6.858327,0.022624,-0.006091,-2.344572,-0.109299,2.347118,42|43|44|45|46|47,0.5641
7217.200376,-0.317433,-7.890864,-0.010462,6.865515,0.023819,-0.006069,-2.351760,-0.110494,2.354354,42|43|44|45|46|47,0.5635
7217.217043,-0.310971,-7.903011,-0.010752,6.872603,0.023834,-0.006072,-2.352246,-0.106996,2.354679,42|43|44|45|46|47,0.5622
7217.233710,-0.310971,-7.903009,-0.010751,6.879775,0.023578,-0.006129,-2.359419,-0.106741,2.361832,42|43|44|45|46|47,0.5619
7217.250376,-0.292998,-7.924387,-0.010432,6.879775,0.023578,-0.006129,-2.347800,-0.096973,2.349802,42|43|44|45|46|47,0.5629
7217.267043,-0.296247,-7.934498,-0.010917,6.886948,0.023295,-0.006203,-2.349478,-0.098456,2.351540,42|43|44|45|46|47,0.5618
7217.283710,-0.299952,-7.944813,-0.011024,6.894090,0.023178,-0.006225,-2.351014,-0.100352,2.353155,42|43|44|45|46|47,0.5610
7217.300376,-0.300908,-7.951556,-0.010716,6.901059,0.023806,-0.006412,-2.354318,-0.101500,2.356505,42|43|44|45|46|47,0.5611
7217.317043,-0.300909,-7.951556,-0.010715,6.908009,0.023487,-0.006316,-2.361268,-0.101182,2.363435,42|43|44|45|46|47,0.5605
7217.333710,-0.290927,-7.958801,-0.011246,6.921956,0.022440,-0.006247,-2.371279,-0.094709,2.373169,42|43|44|45|46|47,0.5624
7217.350376,-0.302047,-7.977141,-0.010711,6.921956,0.022440,-0.006247,-2.361311,-0.100753,2.363459,42|43|44|45|46|47,0.5636
7217.367043,-0.302046,-7.977141,-0.010710,6.928957,0.021896,-0.006171,-2.368312,-0.100208,2.370431,42|43|44|45|46|47,0.5632
7217.383710,-0.317291,-7.997736,-0.011069,6.935504,0.021925,-0.006037,-2.363666,-0.108522,2.366156,42|43|44|45|46|47|48|49,0.5617
7217.400376,-0.317296,-7.997739,-0.011072,6.949806,0.023222,-0.005845,-2.377967,-0.109822,2.380502,42|43|44|45|46|47|48|49,0.5619
7217.417043,-0.298377,-8.007629,-0.011434,6.956849,0.023120,-0.005730,-2.379634,-0.099438,2.381711,42|43|44|45|46|47|48|49,0.5539
7217.433710,-0.299589,-8.008148,-0.013058,6.956849,0.023120,-0.005730,-2.379353,-0.100097,2.381457,44|45|46|47|48|49,0.5640
7217.450376,-0.299330,-8.032079,-0.012343,6.963890,0.023052,-0.005712,-2.373387,-0.099889,2.375488,44|45|46|47|48|49,0.5645
7217.467043,-0.299763,-8.041832,-0.012518,6.977893,0.023339,-0.005692,-2.382089,-0.100411,2.384205,44|45|46|47|48|49,0.5633
7217.483710,-0.299763,-8.041832,-0.012518,6.977893,0.023339,-0.005692,-2.382089,-0.100412,2.384205,44|45|46|47|48|49,0.5621
7217.500376,-0.294580,-8.055106,-0.012383,6.985011,0.023848,-0.005550,-2.381993,-0.098104,2.384013,44|45|46|47|48|49,0.5623
7217.517043,-0.294580,-8.055104,-0.012385,6.992304,0.023361,-0.005489,-2.389287,-0.097616,2.391280,44|45|46|47|48|49,0.5616
7217.533710,-0.294055,-8.074774,-0.011559,6.999593,0.022852,-0.005492,-2.385887,-0.096822,2.387850,44|45|46|47|48|49,0.5636
7217.550376,-0.294055,-8.074775,-0.011558,7.013662,0.022444,-0.005378,-2.399955,-0.096414,2.401891,44|45|46|47|48|49,0.5634
7217.567043,-0.301016,-8.084870,-0.011391,7.020803,0.023253,-0.005340,-2.401610,-0.101006,2.403733,44|45|46|47|48|49,0.5632
7217.600376,-0.308329,-8.095432,-0.011724,7.034726,0.022859,-0.005454,-2.409792,-0.104587,2.412060,44|45|46|47|48|49,0.5628
7217.617043,-0.293505,-8.111201,-0.010337,7.041792,0.022358,-0.005493,-2.408288,-0.096029,2.410202,44|45|46|47|48|49,0.5643
7217.633710,-0.292252,-8.119209,-0.010624,7.048967,0.021980,-0.005443,-2.411110,-0.094971,2.412980,44|45|46|47|48|49,0.5646
7217.650376,-0.305222,-8.139133,-0.011969,7.048967,0.021980,-0.005443,-2.400282,-0.102020,2.402450,44|45|46|47|48|49,0.5642
7217.667043,-0.309817,-8.147064,-0.012085,7.056059,0.022418,-0.005495,-2.403065,-0.104955,2.405356,44|45|46|47|48|49,0.5638
7217.683710,-0.302831,-8.155088,-0.011871,7.063042,0.022626,-0.005222,-2.405687,-0.101366,2.407821,44|45|46|47|48|49,0.5627
7217.700376,-0.300438,-8.161857,-0.010940,7.070211,0.021926,-0.004975,-2.409177,-0.099365,2.411225,44|45|46|47|48|49,0.5624
7217.717043,-0.300438,-8.161858,-0.010940,7.083982,0.020798,-0.004906,-2.422947,-0.098237,2.424937,44|45|46|47|48|49,0.5632
7217.733710,-0.320676,-8.181596,-0.010304,7.083982,0.020798,-0.004906,-2.412220,-0.109236,2.414692,44|45|46|47|48|49,0.5629
7217.750376,-0.325046,-8.185780,-0.010501,7.090699,0.021328,-0.005241,-2.416663,-0.112141,2.419264,44|45|46|47|48|49,0.5634
7217.767043,-0.325046,-8.185779,-0.010502,7.097566,0.021991,-0.005333,-2.423531,-0.112805,2.426155,44|45|46|47|48|49,0.5635
7217.783710,-0.305690,-8.206858,-0.011558,7.104430,0.022661,-0.005389,-2.418939,-0.102955,2.421129,44|45|46|47|48|49,0.5629
7217.800376,-0.295373,-8.218132,-0.011293,7.110879,0.022352,-0.005439,-2.419261,-0.097039,2.421206,44|45|46|47|48|49,0.5624
7217.817043,-0.295374,-8.218133,-0.011293,7.117706,0.021589,-0.005510,-2.426087,-0.096276,2.427996,44|45|46|47|48|49,0.5635
7217.833710,-0.310988,-8.232506,-0.011708,7.131316,0.020939,-0.005861,-2.431886,-0.104112,2.434113,44|45|46|47|48|49,0.5622
7217.850376,-0.321112,-8.241872,-0.012066,7.131316,0.020939,-0.005861,-2.426795,-0.109614,2.429269,44|45|46|47|48|49,0.5608
7217.867043,-0.321112,-8.241873,-0.012066,7.145647,0.021189,-0.005536,-2.441126,-0.109864,2.443597,44|45|46|47|48|49,0.5616
7217.883710,-0.309109,-8.257999,-0.012625,7.152769,0.020611,-0.005465,-2.439483,-0.102763,2.441647,44|45|46|47|48|49,0.5604
7217.900376,-0.309109,-8.257998,-0.012627,7.159833,0.020032,-0.005204,-2.446549,-0.102184,2.448682,44|45|46|47|48|49,0.5611
7217.917043,-0.315329,-8.267597,-0.010873,7.166611,0.020187,-0.005102,-2.448109,-0.105719,2.450391,44|45|46|47|48|49|50,0.5669
7217.933710,-0.331177,-8.286130,-0.011783,7.166611,0.020187,-0.005102,-2.438037,-0.114333,2.440716,44|45|46|47|48|49|50,0.5588
7217.950376,-0.327610,-8.291819,-0.011583,7.173858,0.020853,-0.005094,-2.442193,-0.113060,2.444808,45|46|47|48|49|50,0.5687
7217.967043,-0.317926,-8.302519,-0.010635,7.180882,0.021281,-0.005147,-2.443401,-0.108225,2.445796,45|46|47|48|49|50,0.5654
7217.983710,-0.311933,-8.310295,-0.011354,7.194993,0.019998,-0.005215,-2.453287,-0.103685,2.455477,45|46|47|48|49|50,0.5641
7218.000376,-0.320755,-8.320219,-0.010740,7.194993,0.019998,-0.005215,-2.447893,-0.108479,2.450296,45|46|47|48|49|50,0.5644
7218.017043,-0.329775,-8.329984,-0.011128,7.201991,0.019527,-0.005242,-2.449583,-0.112911,2.452184,45|46|47|48|49|50,0.5631
7218.033710,-0.329775,-8.329984,-0.011127,7.216150,0.020777,-0.005213,-2.463743,-0.114162,2.466387,45|46|47|48|49|50,0.5622
7218.050376,-0.327384,-8.342179,-0.010957,7.223383,0.020514,-0.005187,-2.464348,-0.112599,2.466919,45|46|47|48|49|50,0.5627
7218.067043,-0.317395,-8.354638,-0.010827,7.223383,0.020514,-0.005187,-2.457576,-0.107170,2.459912,45|46|47|48|49|50,0.5623
7218.083710,-0.320815,-8.364832,-0.011168,7.237852,0.019947,-0.005154,-2.466505,-0.108461,2.468889,45|46|47|48|49|50,0.5635
7218.100376,-0.320815,-8.364833,-0.011165,7.244707,0.020174,-0.005214,-2.473360,-0.108689,2.475747,45|46|47|48|49|50,0.5635
7218.117043,-0.324371,-8.374971,-0.011716,7.244707,0.020174,-0.005214,-2.467850,-0.110621,2.470328,45|46|47|48|49|50,0.5617
7218.133710,-0.323917,-8.388566,-0.012239,7.258848,0.021857,-0.005146,-2.474602,-0.112058,2.477138,45|46|47|48|49|50,0.5621
7218.150376,-0.309604,-8.400132,-0.012368,7.258848,0.021857,-0.005146,-2.468316,-0.104279,2.470518,45|46|47|48|49|50,0.5612
7218.167043,-0.299010,-8.408004,-0.012966,7.265830,0.021093,-0.005092,-2.471020,-0.097758,2.472953,45|46|47|48|49|50,0.5599
7218.183710,-0.309653,-8.417551,-0.012518,7.272830,0.020277,-0.005131,-2.472831,-0.102726,2.474964,45|46|47|48|49|50,0.5603
7218.200376,-0.309654,-8.417550,-0.012522,7.279892,0.019446,-0.005130,-2.479894,-0.101895,2.481987,45|46|47|48|49|50,0.5607
7218.217043,-0.332151,-8.436707,-0.011979,7.293709,0.020310,-0.005097,-2.483300,-0.114986,2.485961,45|46|47|48|49|50,0.5609
7218.233710,-0.328717,-8.441292,-0.012258,7.300610,0.020457,-0.005059,-2.487709,-0.113266,2.490286,45|46|47|48|49|50,0.5613
7218.250376,-0.328716,-8.441290,-0.012259,7.307679,0.019886,-0.005019,-2.494779,-0.112695,2.497323,45|46|47|48|49|50,0.5605
7218.267043,-0.315924,-8.460711,-0.011838,7.314877,0.019393,-0.004987,-2.491422,-0.105250,2.493645,45|46|47|48|49|50,0.5602
7218.283710,-0.323543,-8.470525,-0.011398,7.314877,0.019393,-0.004987,-2.486089,-0.109391,2.488494,45|46|47|48|49|50,0.5603
7218.300376,-0.329666,-8.478722,-0.010821,7.328974,0.020541,-0.005106,-2.495731,-0.113867,2.498327,45|46|47|48|49|50,0.5608
7218.317043,-0.329667,-8.478724,-0.010822,7.336118,0.021380,-0.005093,-2.502874,-0.114705,2.505501,45|46|47|48|49|50,0.5614
7218.350376,-0.300360,-8.507061,-0.010859,7.342948,0.021434,-0.005114,-2.494302,-0.098833,2.496260,45|46|47|48|49|50,0.5623
7218.367043,-0.299562,-8.513971,-0.010964,7.350073,0.020826,-0.005167,-2.497673,-0.097791,2.499587,45|46|47|48|49|50,0.5623
7218.383710,-0.299560,-8.513969,-0.010963,7.364281,0.020813,-0.005316,-2.511881,-0.097776,2.513783,45|46|47|48|49|50,0.5619
7218.400376,-0.313522,-8.529644,-0.010937,7.364281,0.020813,-0.005316,-2.503362,-0.105365,2.505579,45|46|47|48|49|50,0.5615
7218.417043,-0.306677,-8.539823,-0.010759,7.371656,0.021442,-0.005330,-2.505206,-0.102273,2.507292,45|46|47|48|49|50|51|52,0.5476
7218.433710,-0.306722,-8.539916,-0.010707,7.385372,0.020363,-0.005275,-2.518871,-0.101219,2.520903,45|46|47|48|49|50|51|52,0.5606
7218.450376,-0.296997,-8.551502,-0.011112,7.385372,0.020363,-0.005275,-2.512574,-0.095934,2.514405,45|46|47|48|49|50|51|52,0.5586
7218.467043,-0.299798,-8.558593,-0.011036,7.398920,0.019330,-0.005306,-2.522269,-0.096423,2.524111,47|48|49|50|51|52,0.5622
7218.483710,-0.325203,-8.578421,-0.010384,7.398920,0.019330,-0.005306,-2.511493,-0.110230,2.513911,47|48|49|50|51|52,0.5619
7218.500376,-0.325636,-8.579784,-0.010920,7.413076,0.021050,-0.005019,-2.524908,-0.112186,2.527399,47|48|49|50|51|52,0.5635
7218.533710,-0.325636,-8.579780,-0.010924,7.427052,0.020696,-0.004924,-2.538885,-0.111832,2.541347,47|48|49|50|51|52,0.5617
7218.550376,-0.300230,-8.611763,-0.011246,7.434095,0.020249,-0.004904,-2.528547,-0.097577,2.530429,47|48|49|50|51|52,0.5617
7218.567043,-0.300230,-8.611762,-0.011247,7.441060,0.020413,-0.004888,-2.535512,-0.097741,2.537395,47|48|49|50|51|52,0.5620
7218.583710,-0.312467,-8.630873,-0.010072,7.441060,0.020413,-0.004888,-2.525126,-0.104392,2.527283,47|48|49|50|51|52,0.5614
7218.600376,-0.312467,-8.630874,-0.010072,7.455698,0.021549,-0.004657,-2.539763,-0.105528,2.541954,47|48|49|50|51|52,0.5620
7218.617043,-0.298514,-8.647957,-0.010995,7.455698,0.021549,-0.004657,-2.530479,-0.097944,2.532374,47|48|49|50|51|52,0.5629
7218.633710,-0.298513,-8.647958,-0.010992,7.469910,0.019987,-0.004393,-2.544690,-0.096382,2.546514,47|48|49|50|51|52,0.5625
7218.650376,-0.301565,-8.664667,-0.011092,7.469910,0.019987,-0.004393,-2.535609,-0.098041,2.537504,47|48|49|50|51|52,0.5636
7218.667043,-0.301561,-8.664672,-0.011088,7.484078,0.020364,-0.004428,-2.549775,-0.098415,2.551673,47|48|49|50|51|52,0.5629
7218.683710,-0.313111,-8.680866,-0.010382,7.484078,0.020364,-0.004428,-2.540974,-0.104693,2.543130,47|48|49|50|51|52,0.5639
7218.700376,-0.313112,-8.680864,-0.010383,7.497981,0.020822,-0.004506,-2.554878,-0.105152,2.557041,47|48|49|50|51|52,0.5637
7218.717043,-0.300283,-8.704317,-0.010548,7.497981,0.020822,-0.004506,-2.542131,-0.098180,2.544027,47|48|49|50|51|52,0.5635
7218.733710,-0.300097,-8.710244,-0.011073,7.512064,0.019428,-0.004397,-2.552993,-0.096684,2.554823,47|48|49|50|51|52,0.5619
7218.750376,-0.310337,-8.718476,-0.010825,7.512064,0.019428,-0.004397,-2.548519,-0.102249,2.550570,47|48|49|50|51|52,0.5623
7218.767043,-0.319163,-8.725620,-0.010593,7.519340,0.019683,-0.004464,-2.551913,-0.107301,2.554168,47|48|49|50|51|52,0.5613
7218.783710,-0.314760,-8.736086,-0.010727,7.526797,0.020044,-0.004462,-2.553681,-0.105269,2.555850,47|48|49|50|51|52,0.5619
7218.800376,-0.309265,-8.748075,-0.010751,7.533849,0.020045,-0.004406,-2.554218,-0.102284,2.556265,47|48|49|50|51|52,0.5610
7218.817043,-0.309264,-8.748077,-0.010754,7.547120,0.018656,-0.004423,-2.567488,-0.100894,2.569469,47|48|49|50|51|52,0.5600
7218.833710,-0.309099,-8.755331,-0.010310,7.554009,0.019013,-0.004450,-2.570435,-0.101161,2.572425,47|48|49|50|51|52,0.5610
7218.850376,-0.328039,-8.765696,-0.010636,7.560891,0.019372,-0.004378,-2.571683,-0.111814,2.574113,47|48|49|50|51|52,0.5619
7218.867043,-0.328039,-8.765696,-0.010636,7.567775,0.019730,-0.004351,-2.578568,-0.112172,2.581007,47|48|49|50|51|52,0.5623
7218.883710,-0.317259,-8.787833,-0.009518,7.567775,0.019730,-0.004351,-2.566537,-0.106314,2.568738,47|48|49|50|51|52,0.5613
7218.900376,-0.317260,-8.787831,-0.009518,7.581299,0.019742,-0.004525,-2.580061,-0.106326,2.582251,47|48|49|50|51|52,0.5599
7218.917043,-0.311664,-8.799003,-0.009351,7.581299,0.019742,-0.004525,-2.573990,-0.103284,2.576061,47|48|49|50|51|52,0.5587
7218.950376,-0.325387,-8.821089,-0.009878,7.594832,0.018719,-0.004807,-2.575519,-0.109721,2.577855,47|48|49|50|51|52|53,0.5605
7218.967043,-0.323904,-8.826735,-0.010877,7.602117,0.018973,-0.005126,-2.579735,-0.109168,2.582044,47|48|49|50|51|52|53,0.5631
7218.983710,-0.323833,-8.827249,-0.010888,7.616451,0.018706,-0.005146,-2.593790,-0.108863,2.596074,48|49|50|51|52|53,0.5624
7219.000377,-0.319082,-8.839825,-0.010839,7.616451,0.018706,-0.005146,-2.586956,-0.106281,2.589138,48|49|50|51|52|53,0.5619
7219.017043,-0.315137,-8.851071,-0.010291,7.630528,0.017820,-0.005343,-2.594921,-0.103251,2.596974,48|49|50|51|52|53,0.5627
7219.033710,-0.334138,-8.866022,-0.010332,7.637665,0.018164,-0.005167,-2.593932,-0.113922,2.596433,48|49|50|51|52|53,0.5616
7219.050377,-0.334139,-8.866023,-0.010332,7.644750,0.018522,-0.005166,-2.601017,-0.114280,2.603526,48|49|50|51|52|53,0.5630
7219.067043,-0.328279,-8.884514,-0.010295,7.644750,0.018522,-0.005166,-2.590967,-0.111096,2.593348,48|49|50|51|52|53,0.5627
7219.083710,-0.322830,-8.896115,-0.010976,7.658729,0.017896,-0.005095,-2.598642,-0.107508,2.600865,48|49|50|51|52|53,0.5623
7219.100377,-0.321337,-8.903017,-0.011255,7.658729,0.017896,-0.005095,-2.594891,-0.106697,2.597083,48|49|50|51|52|53,0.5620
7219.117043,-0.321337,-8.903017,-0.011257,7.672611,0.017524,-0.005170,-2.608772,-0.106324,2.610938,48|49|50|51|52|53,0.5622
7219.133710,-0.332616,-8.910588,-0.011671,7.672611,0.017524,-0.005170,-2.604658,-0.112454,2.607084,48|49|50|51|52|53,0.5625
7219.150377,-0.341997,-8.916441,-0.011708,7.687171,0.018557,-0.005183,-2.616037,-0.118585,2.618723,48|49|50|51|52|53,0.5624
7219.167043,-0.336498,-8.923840,-0.011957,7.694217,0.018101,-0.004854,-2.619062,-0.115141,2.621592,48|49|50|51|52|53,0.5615
7219.183710,-0.320809,-8.946080,-0.011809,7.694217,0.018101,-0.004854,-2.606975,-0.106615,2.609154,48|49|50|51|52|53,0.5621
7219.200377,-0.328021,-8.955245,-0.011610,7.701301,0.017531,-0.004794,-2.609078,-0.109964,2.611394,48|49|50|51|52|53,0.5627
7219.217043,-0.328019,-8.955246,-0.011610,7.715214,0.018213,-0.004828,-2.622990,-0.110645,2.625323,48|49|50|51|52|53,0.5633
7219.233710,-0.335982,-8.965088,-0.011771,7.722392,0.018881,-0.004819,-2.624819,-0.115642,2.627365,48|49|50|51|52|53,0.5636
7219.250377,-0.324332,-8.981286,-0.011658,7.722392,0.018881,-0.004819,-2.616016,-0.109310,2.618299,48|49|50|51|52|53,0.5636
7219.267043,-0.324333,-8.981285,-0.011658,7.736248,0.018419,-0.004583,-2.629873,-0.108848,2.632124,48|49|50|51|52|53,0.5627
7219.283710,-0.314373,-8.993173,-0.010940,7.736248,0.018419,-0.004583,-2.623412,-0.103435,2.625451,48|49|50|51|52|53,0.5614
7219.300377,-0.308639,-9.000006,-0.010678,7.743316,0.017287,-0.004518,-2.626766,-0.099186,2.628638,48|49|50|51|52|53,0.5621
7219.333710,-0.335629,-9.021891,-0.009973,7.764355,0.018077,-0.004722,-2.635911,-0.114645,2.638403,48|49|50|51|52|53,0.5642
7219.350377,-0.329542,-9.034210,-0.010116,7.764355,0.018077,-0.004722,-2.629216,-0.111337,2.631572,48|49|50|51|52|53,0.5646
7219.367043,-0.329541,-9.034208,-0.010112,7.778216,0.017298,-0.004524,-2.643078,-0.110557,2.645389,48|49|50|51|52|53,0.5643
7219.383710,-0.323083,-9.046430,-0.010203,7.785138,0.017431,-0.004665,-2.643358,-0.107180,2.645530,48|49|50|51|52|53,0.5642
7219.400377,-0.323245,-9.051354,-0.010234,7.792467,0.017940,-0.004685,-2.648010,-0.107778,2.650203,48|49|50|51|52|53,0.5632
7219.417043,-0.333381,-9.058666,-0.009969,7.799652,0.018443,-0.004657,-2.651221,-0.113789,2.653662,48|49|50|51|52|53,0.5648
7219.433710,-0.330827,-9.064701,-0.010243,7.806655,0.018855,-0.004638,-2.654945,-0.112813,2.657341,48|49|50|51|52|53,0.5642
7219.450377,-0.315965,-9.089330,-0.010109,7.806655,0.018855,-0.004638,-2.641559,-0.104736,2.643635,48|49|50|51|52|53,0.5644
7219.467043,-0.315643,-9.090460,-0.010554,7.820017,0.018139,-0.004578,-2.654307,-0.103845,2.656338,48|49|50|51|52|53|54|55,0.5618
7219.483710,-0.310400,-9.105552,-0.010236,7.827110,0.018449,-0.004475,-2.653198,-0.101306,2.655131,48|49|50|51|52|53|54|55,0.5617
7219.500377,-0.310398,-9.105558,-0.010238,7.834517,0.018771,-0.004407,-2.660602,-0.101627,2.662542,48|49|50|51|52|53|54|55,0.5591
7219.517043,-0.314417,-9.119877,-0.009661,7.834517,0.018771,-0.004407,-2.652820,-0.103811,2.654851,50|51|52|53|54|55,0.5622
7219.533710,-0.309696,-9.133369,-0.009217,7.848548,0.018699,-0.004347,-2.659518,-0.101174,2.661442,50|51|52|53|54|55,0.5616
7219.550377,-0.309696,-9.133368,-0.009216,7.855217,0.017679,-0.004048,-2.666188,-0.100154,2.668068,50|51|52|53|54|55,0.5609
7219.567043,-0.310062,-9.149979,-0.009919,7.855217,0.017679,-0.004048,-2.657160,-0.100353,2.659054,50|51|52|53|54|55,0.5611
7219.583710,-0.324926,-9.157164,-0.010365,7.861798,0.017435,-0.004034,-2.659836,-0.108187,2.662035,50|51|52|53|54|55,0.5605
7219.600377,-0.324925,-9.157165,-0.010364,7.869160,0.017952,-0.003988,-2.667197,-0.108703,2.669412,50|51|52|53|54|55,0.5635
7219.617043,-0.327421,-9.159645,-0.010515,7.883526,0.018984,-0.003880,-2.680216,-0.111092,2.682517,50|51|52|53|54|55,0.5643
7219.633710,-0.320021,-9.171791,-0.011020,7.890224,0.018981,-0.003880,-2.680313,-0.107067,2.682451,50|51|52|53|54|55,0.5635
7219.650377,-0.312633,-9.184034,-0.010794,7.897035,0.018306,-0.003336,-2.680470,-0.102377,2.682425,50|51|52|53|54|55,0.5621
7219.667043,-0.305169,-9.196283,-0.010443,7.904015,0.018147,-0.003693,-2.680793,-0.098162,2.682590,50|51|52|53|54|55,0.5625
7219.683710,-0.315352,-9.210206,-0.009858,7.904015,0.018147,-0.003693,-2.673226,-0.103696,2.675237,50|51|52|53|54|55,0.5621
7219.700377,-0.315351,-9.210207,-0.009858,7.918982,0.018733,-0.003690,-2.688193,-0.104281,2.690215,50|51|52|53|54|55,0.5629
7219.717043,-0.315687,-9.216960,-0.010023,7.926316,0.018924,-0.003673,-2.691856,-0.104655,2.693890,50|51|52|53|54|55,0.5622
7219.733710,-0.306634,-9.241309,-0.009803,7.932907,0.018400,-0.003513,-2.685215,-0.099211,2.687047,50|51|52|53|54|55,0.5615
7219.750377,-0.303521,-9.252397,-0.009763,7.932907,0.018400,-0.003513,-2.679188,-0.097519,2.680963,50|51|52|53|54|55,0.5601
7219.767043,-0.310439,-9.254232,-0.009851,7.946957,0.018199,-0.003498,-2.692241,-0.101078,2.694138,50|51|52|53|54|55,0.5604
7219.783710,-0.313200,-9.261688,-0.009607,7.946957,0.018199,-0.003498,-2.688189,-0.102578,2.690146,50|51|52|53|54|55,0.5628
7219.800377,-0.313200,-9.261687,-0.009607,7.960975,0.018068,-0.003486,-2.702207,-0.102447,2.704148,50|51|52|53|54|55,0.5629
7219.817043,-0.312935,-9.284102,-0.009920,7.968029,0.017954,-0.003390,-2.697079,-0.102189,2.699014,50|51|52|53|54|55,0.5618
7219.833710,-0.312934,-9.284102,-0.009919,7.968029,0.017954,-0.003390,-2.697079,-0.102189,2.699014,50|51|52|53|54|55,0.5617
7219.850377,-0.315048,-9.305465,-0.009813,7.974471,0.017582,-0.003246,-2.691911,-0.102966,2.693880,50|51|52|53|54|55,0.5603
7219.867043,-0.315048,-9.305465,-0.009814,7.989164,0.017506,-0.003025,-2.706604,-0.102890,2.708559,50|51|52|53|54|55,0.5618
7219.883710,-0.320254,-9.316672,-0.009720,7.989164,0.017506,-0.003025,-2.700513,-0.105720,2.702582,50|51|52|53|54|55,0.5622
7219.900377,-0.320253,-9.316672,-0.009719,8.003459,0.017514,-0.003033,-2.714808,-0.105727,2.716866,50|51|52|53|54|55,0.5622
7219.917043,-0.322396,-9.338309,-0.009876,8.009898,0.017838,-0.002959,-2.709488,-0.107216,2.711608,50|51|52|53|54|55,0.5614
7219.933710,-0.322397,-9.338309,-0.009876,8.016585,0.017596,-0.002975,-2.716175,-0.106974,2.718281,50|51|52|53|54|55,0.5600
7219.950377,-0.316257,-9.349728,-0.009356,8.016585,0.017596,-0.002975,-2.709969,-0.103637,2.711950,50|51|52|53|54|55,0.5609
7219.967043,-0.316256,-9.349729,-0.009355,8.030101,0.017359,-0.002846,-2.723484,-0.103400,2.725446,50|51|52|53|54|55,0.5633
7219.983710,-0.321421,-9.369456,-0.009137,8.036881,0.017233,-0.002845,-2.719543,-0.106081,2.721611,50|51|52|53|54|55|56,0.5560
7220.000377,-0.321437,-9.369514,-0.009086,8.036881,0.017233,-0.002845,-2.719512,-0.106090,2.721580,50|51|52|53|54|55|56,0.5632
7220.017043,-0.322418,-9.378432,-0.008982,8.050550,0.017315,-0.002786,-2.728334,-0.106704,2.730420,50|51|52|53|54|55|56,0.5597
7220.033710,-0.324234,-9.388270,-0.009178,8.057222,0.017538,-0.002585,-2.729659,-0.107915,2.731792,51|52|53|54|55|56,0.5611
7220.067043,-0.319791,-9.409330,-0.008677,8.064116,0.017369,-0.002551,-2.725108,-0.105332,2.727143,51|52|53|54|55|56,0.5614
7220.083710,-0.319792,-9.409328,-0.008679,8.070948,0.017185,-0.002520,-2.731941,-0.105148,2.733963,51|52|53|54|55|56,0.5613
7220.100377,-0.324282,-9.429853,-0.008231,8.078021,0.017021,-0.002494,-2.727858,-0.107424,2.729973,51|52|53|54|55|56,0.5619
7220.117043,-0.326426,-9.439333,-0.008142,8.084969,0.017117,-0.002412,-2.729655,-0.108685,2.731817,51|52|53|54|55|56,0.5609
7220.133710,-0.326426,-9.439335,-0.008142,8.099049,0.016818,-0.002194,-2.743733,-0.108386,2.745873,51|52|53|54|55|56,0.5601
7220.150377,-0.326294,-9.452337,-0.008258,8.105982,0.016584,-0.002111,-2.743599,-0.108080,2.745727,51|52|53|54|55|56,0.5614
7220.167043,-0.329086,-9.463258,-0.008434,8.112685,0.016289,-0.001958,-2.744368,-0.109303,2.746544,51|52|53|54|55|56,0.5625
7220.183710,-0.332634,-9.473613,-0.008487,8.112685,0.016289,-0.001958,-2.738740,-0.111232,2.740998,51|52|53|54|55|56,0.5631
7220.200377,-0.336485,-9.483573,-0.008356,8.125926,0.016385,-0.001889,-2.746568,-0.113420,2.748909,51|52|53|54|55|56,0.5624
7220.217043,-0.336485,-9.483572,-0.008356,8.125926,0.016385,-0.001889,-2.746568,-0.113420,2.748909,51|52|53|54|55|56,0.5616
7220.233710,-0.334514,-9.492674,-0.008222,8.133042,0.016551,-0.001614,-2.748738,-0.112515,2.751040,51|52|53|54|55|56,0.5626
7220.250377,-0.332693,-9.503317,-0.007632,8.140294,0.016536,-0.001584,-2.750205,-0.111511,2.752465,51|52|53|54|55|56,0.5625
7220.267043,-0.332694,-9.503317,-0.007632,8.154718,0.016374,-0.001647,-2.764630,-0.111349,2.766871,51|52|53|54|55|56,0.5629
7220.283710,-0.333924,-9.526332,-0.007488,8.161726,0.016633,-0.001595,-2.759129,-0.112276,2.761413,51|52|53|54|55|56,0.5627
7220.300377,-0.334967,-9.537230,-0.007177,8.161726,0.016633,-0.001595,-2.753206,-0.112843,2.755518,51|52|53|54|55|56,0.5622
7220.317043,-0.331334,-9.542749,-0.007301,8.168398,0.016397,-0.001738,-2.756879,-0.110633,2.759098,51|52|53|54|55|56,0.5611
7220.333710,-0.331334,-9.542749,-0.007300,8.182676,0.016476,-0.001770,-2.771157,-0.110712,2.773368,51|52|53|54|55|56,0.5625
7220.350377,-0.333215,-9.559698,-0.007297,8.182676,0.016476,-0.001770,-2.761946,-0.111735,2.764205,51|52|53|54|55|56,0.5640
7220.367043,-0.333216,-9.559697,-0.007297,8.196881,0.016420,-0.001828,-2.776151,-0.111679,2.778397,51|52|53|54|55|56,0.5632
7220.383710,-0.333046,-9.581852,-0.007119,8.196881,0.016420,-0.001828,-2.764111,-0.111587,2.766362,51|52|53|54|55|56,0.5616
7220.400377,-0.333046,-9.581853,-0.007119,8.210232,0.016680,-0.001964,-2.777461,-0.111847,2.779712,51|52|53|54|55|56,0.5605
7220.417043,-0.324221,-9.594835,-0.006974,8.210232,0.016680,-0.001964,-2.770405,-0.107051,2.772472,51|52|53|54|55|56,0.5585
7220.433710,-0.324221,-9.594835,-0.006973,8.217368,0.016485,-0.001977,-2.777541,-0.106856,2.779596,51|52|53|54|55|56,0.5601
7220.450377,-0.329031,-9.600283,-0.007184,8.231707,0.016114,-0.001891,-2.788920,-0.109099,2.791053,51|52|53|54|55|56,0.5613
7220.467043,-0.333950,-9.621216,-0.007709,8.231707,0.016114,-0.001891,-2.777543,-0.111772,2.779791,51|52|53|54|55|56,0.5622
7220.483710,-0.336496,-9.631577,-0.007905,8.245406,0.017217,-0.001630,-2.785611,-0.114259,2.787953,51|52|53|54|55|56,0.5612
7220.500377,-0.336496,-9.631576,-0.007905,8.252534,0.017115,-0.001618,-2.792739,-0.114157,2.795071,51|52|53|54|55|56,0.5609
7220.517043,-0.320942,-9.644365,-0.008097,8.252534,0.017115,-0.001618,-2.785789,-0.105704,2.787793,51|52|53|54|55|56|57|58,0.5489
7220.533710,-0.320922,-9.644480,-0.008102,8.259612,0.016951,-0.001625,-2.792804,-0.105529,2.794797,51|52|53|54|55|56|57|58,0.5634
7220.550377,-0.324119,-9.665447,-0.007832,8.273676,0.016593,-0.001398,-2.795473,-0.106909,2.797517,51|52|53|54|55|56|57|58,0.5527
7220.567043,-0.324135,-9.666160,-0.008558,8.273676,0.016593,-0.001398,-2.795086,-0.106917,2.797130,53|54|55|56|57|58,0.5618
7220.583710,-0.328118,-9.686130,-0.008038,8.287381,0.017965,-0.000815,-2.797938,-0.110454,2.800117,53|54|55|56|57|58,0.5599
7220.600377,-0.328118,-9.686128,-0.008041,8.294577,0.017742,-0.000789,-2.805135,-0.110231,2.807300,53|54|55|56|57|58,0.5619
7220.617043,-0.309306,-9.698503,-0.007477,8.301781,0.017475,-0.000795,-2.805613,-0.099740,2.807385,53|54|55|56|57|58,0.5615
7220.633710,-0.309305,-9.698505,-0.007477,8.308974,0.017178,-0.000824,-2.812805,-0.099442,2.814562,53|54|55|56|57|58,0.5627
7220.650377,-0.312346,-9.708946,-0.007437,8.308974,0.017178,-0.000824,-2.807131,-0.101095,2.808951,53|54|55|56|57|58,0.5620
7220.667043,-0.320356,-9.729974,-0.006947,8.315890,0.017269,-0.000825,-2.802618,-0.105540,2.804605,53|54|55|56|57|58,0.5615
7220.683710,-0.319211,-9.734319,-0.007359,8.329647,0.017791,-0.000442,-2.814014,-0.105439,2.815988,53|54|55|56|57|58,0.5624
7220.700377,-0.319209,-9.734323,-0.007358,8.336692,0.017750,-0.000350,-2.821057,-0.105397,2.823025,53|54|55|56|57|58,0.5633
7220.717043,-0.312552,-9.738027,-0.006770,8.336692,0.017750,-0.000350,-2.819043,-0.101779,2.820880,53|54|55|56|57|58,0.5640
7220.733710,-0.313347,-9.749957,-0.006302,8.350633,0.017478,-0.000215,-2.826500,-0.101940,2.828338,53|54|55|56|57|58,0.5640
7220.750377,-0.315827,-9.772503,-0.005374,8.350633,0.017478,-0.000215,-2.814247,-0.103287,2.816142,53|54|55|56|57|58,0.5638
7220.767043,-0.315826,-9.772501,-0.005372,8.364261,0.018136,0.000294,-2.827876,-0.103944,2.829786,53|54|55|56|57|58,0.5628
7220.783710,-0.314426,-9.787463,-0.005163,8.371526,0.017962,0.000503,-2.827010,-0.103010,2.828886,53|54|55|56|57|58,0.5633
7220.800377,-0.314427,-9.787464,-0.005164,8.378788,0.017737,0.000554,-2.834272,-0.102785,2.836135,53|54|55|56|57|58,0.5631
7220.817043,-0.311825,-9.805314,-0.004553,8.378788,0.017737,0.000554,-2.824571,-0.101372,2.826389,53|54|55|56|57|58,0.5642
7220.833710,-0.311825,-9.805313,-0.004553,8.393131,0.017581,0.000661,-2.838914,-0.101215,2.840718,53|54|55|56|57|58,0.5656
7220.850377,-0.315232,-9.815420,-0.004354,8.393131,0.017581,0.000661,-2.833421,-0.103067,2.835295,53|54|55|56|57|58,0.5638
7220.867043,-0.318665,-9.825815,-0.004476,8.407101,0.018431,0.000511,-2.841741,-0.105783,2.843709,53|54|55|56|57|58,0.5634
7220.883710,-0.317096,-9.831034,-0.004719,8.407101,0.018431,0.000511,-2.838905,-0.104930,2.840843,53|54|55|56|57|58,0.5633
7220.900377,-0.304966,-9.848273,-0.004955,8.414158,0.017938,0.000503,-2.836593,-0.097845,2.838280,53|54|55|56|57|58,0.5637
7220.933710,-0.304967,-9.848270,-0.004950,8.428397,0.016887,0.000469,-2.850834,-0.096794,2.852477,53|54|55|56|57|58,0.5624
7220.950377,-0.327246,-9.878099,-0.005299,8.442632,0.017706,0.000891,-2.848857,-0.109722,2.850969,53|54|55|56|57|58,0.5614
7220.967043,-0.326094,-9.882983,-0.005068,8.449530,0.017446,0.001076,-2.853102,-0.108836,2.855177,53|54|55|56|57|58,0.5617
7220.983710,-0.315214,-9.895925,-0.005077,8.449530,0.017446,0.001076,-2.846068,-0.102923,2.847928,53|54|55|56|57|58,0.5610
7221.000377,-0.319637,-9.901677,-0.004403,8.456741,0.016937,0.001060,-2.850153,-0.104817,2.852080,53|54|55|56|57|58,0.5622
7221.017043,-0.327056,-9.912114,-0.004171,8.470323,0.016925,0.000742,-2.858062,-0.108838,2.860134,53|54|55|56|57|58,0.5624
7221.033710,-0.327060,-9.912117,-0.004173,8.477090,0.017763,0.000528,-2.864827,-0.109678,2.866926,53|54|55|56|57|58,0.5617
7221.050377,-0.325915,-9.924776,-0.004984,8.477090,0.017763,0.000528,-2.857947,-0.109055,2.860027,53|54|55|56|57|58|59,0.5582
7221.067043,-0.325908,-9.924850,-0.004998,8.490698,0.017360,0.000342,-2.871515,-0.108649,2.873570,53|54|55|56|57|58|59,0.5620
7221.083710,-0.312801,-9.944039,-0.005260,8.490698,0.017360,0.000342,-2.861086,-0.101526,2.862887,54|55|56|57|58|59,0.5642
7221.100377,-0.320325,-9.953474,-0.005273,8.497623,0.016806,0.000322,-2.862884,-0.105060,2.864811,54|55|56|57|58|59,0.5641
7221.117043,-0.320325,-9.953474,-0.005274,8.511325,0.016133,0.000423,-2.876585,-0.104387,2.878479,54|55|56|57|58|59,0.5639
7221.133710,-0.336435,-9.973081,-0.005659,8.511325,0.016133,0.000423,-2.865930,-0.113142,2.868162,54|55|56|57|58|59,0.5633
7221.150377,-0.336434,-9.973084,-0.005661,8.525276,0.017640,-0.000075,-2.879880,-0.114649,2.882161,54|55|56|57|58|59,0.5638
7221.167043,-0.337339,-9.976072,-0.005791,8.532163,0.017497,0.000743,-2.885142,-0.114998,2.887433,54|55|56|57|58|59,0.5638
7221.183710,-0.315223,-9.998287,-0.006541,8.532163,0.017497,0.000743,-2.873069,-0.102979,2.874914,54|55|56|57|58|59,0.5625
7221.200377,-0.315222,-9.998287,-0.006541,8.546014,0.016747,0.001213,-2.886920,-0.102229,2.888729,54|55|56|57|58|59,0.5626
7221.217043,-0.328931,-10.015843,-0.004841,8.546014,0.016747,0.001213,-2.877378,-0.109679,2.879468,54|55|56|57|58|59,0.5633
7221.233710,-0.331752,-10.020580,-0.004955,8.553141,0.017227,0.001114,-2.881932,-0.111692,2.884095,54|55|56|57|58|59,0.5640
7221.250377,-0.324746,-10.030541,-0.005184,8.560311,0.017660,0.001090,-2.883688,-0.108318,2.885721,54|55|56|57|58|59,0.5631
7221.267043,-0.324747,-10.030541,-0.005184,8.574464,0.016454,0.001020,-2.897841,-0.107112,2.899819,54|55|56|57|58|59,0.5628
7221.283710,-0.319065,-10.039681,-0.005469,8.574464,0.016454,0.001020,-2.892873,-0.104024,2.894743,54|55|56|57|58|59,0.5631
7221.300377,-0.337061,-10.059394,-0.004431,8.581413,0.015811,0.001176,-2.889109,-0.113162,2.891324,54|55|56|57|58|59,0.5628
7221.317043,-0.346340,-10.069262,-0.005443,8.587930,0.015885,0.001276,-2.890263,-0.118278,2.892682,54|55|56|57|58|59,0.5619
7221.333710,-0.344841,-10.070274,-0.005132,8.595219,0.016813,0.001217,-2.897002,-0.118392,2.899420,54|55|56|57|58|59,0.5630
7221.350377,-0.344842,-10.070273,-0.005136,8.609566,0.016826,0.001160,-2.911350,-0.118406,2.913757,54|55|56|57|58|59,0.5624
7221.367043,-0.331933,-10.082491,-0.004259,8.616648,0.016401,0.001161,-2.911791,-0.110964,2.913905,54|55|56|57|58|59,0.5640
7221.383710,-0.333528,-10.102798,-0.005338,8.616648,0.016401,0.001161,-2.900755,-0.111832,2.902910,54|55|56|57|58|59,0.5649
7221.400377,-0.339578,-10.112945,-0.004743,8.630421,0.016674,0.000699,-2.909014,-0.115393,2.911301,54|55|56|57|58|59,0.5643
7221.417043,-0.342049,-10.118769,-0.005296,8.637614,0.017040,0.000687,-2.913041,-0.117102,2.915394,54|55|56|57|58|59,0.5640
7221.433710,-0.342050,-10.118769,-0.005296,8.644645,0.016706,0.000681,-2.920071,-0.116768,2.922405,54|55|56|57|58|59,0.5643
7221.450377,-0.329568,-10.137270,-0.005590,8.644645,0.016706,0.000681,-2.910016,-0.109984,2.912094,54|55|56|57|58|59,0.5644
7221.467043,-0.334313,-10.147212,-0.005154,8.651660,0.016367,0.000713,-2.911628,-0.112225,2.913790,54|55|56|57|58|59,0.5647
7221.483710,-0.339302,-10.156850,-0.005212,8.658688,0.016008,0.000787,-2.913419,-0.114577,2.915671,54|55|56|57|58|59,0.5643
7221.500377,-0.339302,-10.156849,-0.005211,8.672351,0.017006,0.000723,-2.927082,-0.115575,2.929363,54|55|56|57|58|59,0.5628
7221.517043,-0.342141,-10.170395,-0.005350,8.672351,0.017006,0.000723,-2.919720,-0.117118,2.922068,54|55|56|57|58|59,0.5617
7221.533710,-0.329330,-10.179480,-0.005565,8.686354,0.016951,0.000733,-2.928786,-0.110100,2.930855,54|55|56|57|58|59,0.5599
7221.567043,-0.331197,-10.199596,-0.005710,8.700177,0.016327,0.001012,-2.931676,-0.110491,2.933757,54|55|56|57|58|59|60|61,0.5537
7221.583710,-0.339566,-10.209040,-0.004725,8.700177,0.016327,0.001012,-2.926543,-0.115040,2.928804,54|55|56|57|58|59|60|61,0.5610
7221.600377,-0.339567,-10.209042,-0.004726,8.714595,0.017913,0.000856,-2.940960,-0.116626,2.943271,54|55|56|57|58|59|60|61,0.5614
7221.617043,-0.330713,-10.221521,-0.004779,8.721640,0.017840,0.000888,-2.941223,-0.111741,2.943345,56|57|58|59|60|61,0.5640
7221.633710,-0.318545,-10.235082,-0.004592,8.728825,0.017299,0.000884,-2.941039,-0.104588,2.942898,56|57|58|59|60|61,0.5625
7221.650377,-0.318548,-10.235083,-0.004591,8.736018,0.016752,0.000887,-2.948231,-0.104042,2.950066,56|57|58|59|60|61,0.5633
7221.667043,-0.319890,-10.243737,-0.004840,8.742841,0.016839,0.000629,-2.950350,-0.104858,2.952213,56|57|58|59|60|61,0.5634
7221.683710,-0.335223,-10.263211,-0.004600,8.750070,0.017623,0.000756,-2.946996,-0.113976,2.949199,56|57|58|59|60|61,0.5629
7221.700377,-0.335224,-10.263211,-0.004599,8.757275,0.018415,0.000782,-2.954201,-0.114768,2.956429,56|57|58|59|60|61,0.5641
7221.717043,-0.321624,-10.279179,-0.004943,8.757275,0.018415,0.000782,-2.945523,-0.107377,2.947480,56|57|58|59|60|61,0.5638
7221.733710,-0.321625,-10.279177,-0.004942,8.771272,0.017474,0.000842,-2.959520,-0.106436,2.961433,56|57|58|59|60|61,0.5612
7221.750377,-0.315637,-10.297147,-0.005291,8.771272,0.017474,0.000842,-2.949754,-0.103182,2.951558,56|57|58|59|60|61,0.5631
7221.767043,-0.315638,-10.297150,-0.005291,8.784927,0.017832,0.000618,-2.963408,-0.103540,2.965216,56|57|58|59|60|61,0.5628
7221.783710,-0.324602,-10.307431,-0.005607,8.792318,0.018866,0.000649,-2.965211,-0.109446,2.967230,56|57|58|59|60|61,0.5631
7221.800377,-0.319194,-10.315844,-0.005711,8.792318,0.018866,0.000649,-2.960639,-0.106507,2.962554,56|57|58|59|60|61,0.5657
7221.817043,-0.319195,-10.315843,-0.005710,8.799354,0.018664,0.000661,-2.967676,-0.106306,2.969579,56|57|58|59|60|61,0.5643
7221.833710,-0.304559,-10.329837,-0.005516,8.812208,0.017730,0.000312,-2.972924,-0.097418,2.974520,56|57|58|59|60|61,0.5651
7221.850377,-0.307915,-10.340307,-0.005184,8.816758,0.017529,-0.000535,-2.971784,-0.099041,2.973433,56|57|58|59|60|61,0.5647
7221.867043,-0.319676,-10.368309,-0.005739,8.816758,0.017529,-0.000535,-2.956565,-0.105433,2.958445,56|57|58|59|60|61,0.5641
7221.883710,-0.319676,-10.368309,-0.005738,8.821935,0.017368,-0.002249,-2.961742,-0.105272,2.963612,56|57|58|59|60|61,0.5639
7221.900377,-0.320423,-10.375117,-0.007242,8.822129,0.017361,-0.002341,-2.958236,-0.105671,2.960123,56|57|58|59|60|61,0.5641
7221.917043,-0.320393,-10.374143,-0.008001,8.822129,0.017361,-0.002341,-2.958766,-0.105654,2.960651,56|57|58|59|60|61,0.5631
7221.933710,-0.320394,-10.374142,-0.008001,8.822137,0.017361,-0.002341,-2.958773,-0.105654,2.960659,56|57|58|59|60|61,0.5627
7221.950377,-0.320328,-10.374261,-0.008085,8.822121,0.017378,-0.002341,-2.958694,-0.105636,2.960579,56|57|58|59|60|61,0.5612
7221.967043,-0.320253,-10.374241,-0.007557,8.822087,0.017418,-0.002340,-2.958671,-0.105635,2.960556,56|57|58|59|60|61,0.5613
7221.983710,-0.320116,-10.373850,-0.007297,8.822087,0.017418,-0.002340,-2.958883,-0.105560,2.960765,56|57|58|59|60|61,0.5609
7222.000377,-0.320115,-10.373851,-0.007296,8.822034,0.017478,-0.002338,-2.958829,-0.105620,2.960714,56|57|58|59|60|61,0.5613
7222.017043,-0.319234,-10.373164,-0.008689,8.822034,0.017478,-0.002338,-2.959202,-0.105141,2.961070,56|57|58|59|60|61,0.5618
7222.033710,-0.318767,-10.372906,-0.008612,8.821998,0.017516,-0.002338,-2.959307,-0.104926,2.961167,56|57|58|59|60|61,0.5630
7222.050377,-0.318200,-10.372384,-0.008417,8.821959,0.017559,-0.002337,-2.959552,-0.104660,2.961402,56|57|58|59|60|61,0.5637
7222.067043,-0.317825,-10.371661,-0.007992,8.821915,0.017605,-0.002336,-2.959901,-0.104502,2.961745,56|57|58|59|60|61,0.5640
7222.083710,-0.317067,-10.370917,-0.008281,8.821868,0.017656,-0.002332,-2.960258,-0.104142,2.962089,56|57|58|59|60|61,0.5643
7222.100377,-0.317067,-10.370917,-0.008281,8.823872,0.017380,-0.002988,-2.962262,-0.103865,2.964083,56|57|58|59|60|61,0.5648
7222.117043,-0.316278,-10.370292,-0.008250,8.830846,0.017058,-0.001724,-2.969575,-0.103115,2.971365,56|57|58|59|60|61,0.5654
7222.133710,-0.321998,-10.366567,-0.008776,8.836389,0.017552,-0.001152,-2.977143,-0.106717,2.979055,56|57|58|59|60|61,0.5652
7222.150377,-0.318128,-10.380071,-0.007428,8.836389,0.017552,-0.001152,-2.969804,-0.104614,2.971646,56|57|58|59|60|61,0.5641
7222.167043,-0.309762,-10.387834,-0.007393,8.850234,0.016669,-0.000556,-2.979429,-0.099185,2.981080,56|57|58|59|60|61,0.5639
7222.183710,-0.309763,-10.387835,-0.007391,8.850234,0.016669,-0.000556,-2.979429,-0.099186,2.981079,56|57|58|59|60|61,0.5645
7222.200377,-0.316083,-10.395666,-0.007363,8.864384,0.016931,-0.000841,-2.989324,-0.102882,2.991094,56|57|58|59|60|61,0.5642
7222.217043,-0.324780,-10.406375,-0.007187,8.864384,0.016931,-0.000841,-2.983504,-0.107609,2.985444,56|57|58|59|60|61,0.5641
7222.233710,-0.319649,-10.420611,-0.007881,8.871735,0.017646,-0.000927,-2.983118,-0.105535,2.984984,56|57|58|59|60|61,0.5641
7222.250377,-0.309405,-10.434099,-0.007543,8.878580,0.017690,-0.000878,-2.982632,-0.100012,2.984308,56|57|58|59|60|61,0.5628
7222.267043,-0.309406,-10.434099,-0.007544,8.892813,0.016020,-0.001016,-2.996865,-0.098343,2.998478,56|57|58|59|60|61,0.5622
7222.283710,-0.321081,-10.448971,-0.007730,8.899831,0.015893,-0.000991,-2.995800,-0.104561,2.997624,56|57|58|59|60|61,0.5629
7222.300377,-0.332920,-10.458926,-0.007637,8.899831,0.015893,-0.000991,-2.990389,-0.110994,2.992449,56|57|58|59|60|61,0.5629
7222.317043,-0.332920,-10.458927,-0.007636,8.907190,0.016304,-0.000653,-2.997748,-0.111405,2.999818,56|57|58|59|60|61,0.5632
7222.333710,-0.328338,-10.478845,-0.006705,8.914479,0.016600,-0.000560,-2.994213,-0.109211,2.996204,56|57|58|59|60|61|62,0.5621
7222.350377,-0.323867,-10.490540,-0.006920,8.921165,0.016288,-0.000529,-2.994543,-0.106469,2.996435,56|57|58|59|60|61|62,0.5593
7222.367043,-0.328430,-10.492883,-0.006932,8.928073,0.015688,-0.000543,-3.000176,-0.108349,3.002132,56|57|58|59|60|61|62,0.5550
7222.383710,-0.336993,-10.499343,-0.006590,8.934649,0.015753,-0.001140,-3.003242,-0.113068,3.005370,57|58|59|60|61|62,0.5631
7222.400377,-0.336992,-10.499343,-0.006589,8.948523,0.016888,-0.001695,-3.017116,-0.114203,3.019277,57|58|59|60|61|62,0.5638
7222.417043,-0.333985,-10.504651,-0.007152,8.955149,0.016780,-0.001738,-3.020857,-0.112461,3.022950,57|58|59|60|61|62,0.5624
7222.433710,-0.325141,-10.517768,-0.007982,8.962109,0.015978,-0.001876,-3.020689,-0.106852,3.022578,57|58|59|60|61|62,0.5603
7222.450377,-0.318540,-10.535514,-0.007617,8.969140,0.015143,-0.001867,-3.018075,-0.102429,3.019812,57|58|59|60|61|62,0.5630
7222.467043,-0.330093,-10.545223,-0.007673,8.969140,0.015143,-0.001867,-3.012798,-0.108708,3.014759,57|58|59|60|61|62,0.5640
7222.483710,-0.341726,-10.554678,-0.008314,8.975818,0.014826,-0.001840,-3.014338,-0.114714,3.016520,57|58|59|60|61|62,0.5635
7222.500377,-0.341728,-10.554680,-0.008319,8.982766,0.015305,-0.002165,-3.021285,-0.115194,3.023480,57|58|59|60|61|62,0.5635
7222.533710,-0.345757,-10.557348,-0.008630,9.003724,0.015852,-0.001994,-3.040793,-0.117931,3.043079,57|58|59|60|61|62,0.5622
7222.550377,-0.328950,-10.582064,-0.009670,9.010453,0.015394,-0.001873,-3.034089,-0.108339,3.036023,57|58|59|60|61|62,0.5603
7222.567043,-0.323439,-10.591440,-0.009725,9.017571,0.015683,-0.001809,-3.036111,-0.105632,3.037948,57|58|59|60|61|62,0.5595
7222.583710,-0.336913,-10.600817,-0.008738,9.017571,0.015683,-0.001809,-3.031015,-0.112955,3.033119,57|58|59|60|61|62,0.5623
7222.600377,-0.332642,-10.612027,-0.009430,9.024934,0.016034,-0.001964,-3.032285,-0.110986,3.034316,57|58|59|60|61|62,0.5616
7222.617043,-0.327343,-10.625517,-0.009526,9.031991,0.016033,-0.002177,-3.032011,-0.108104,3.033937,57|58|59|60|61|62,0.5609
7222.633710,-0.327343,-10.625519,-0.009523,9.046172,0.014403,-0.002136,-3.046191,-0.106474,3.048051,57|58|59|60|61|62,0.5605
7222.650377,-0.338568,-10.640910,-0.009827,9.052721,0.014223,-0.002182,-3.044375,-0.112395,3.046449,57|58|59|60|61|62,0.5612
7222.667043,-0.338569,-10.640910,-0.009827,9.052721,0.014223,-0.002182,-3.044375,-0.112395,3.046449,57|58|59|60|61|62,0.5620
7222.683710,-0.350963,-10.650717,-0.009737,9.067357,0.015464,-0.002472,-3.053682,-0.120372,3.056053,57|58|59|60|61|62,0.5622
7222.700377,-0.352324,-10.652222,-0.009682,9.074391,0.015442,-0.002490,-3.059898,-0.121090,3.062293,57|58|59|60|61|62,0.5620
7222.717043,-0.333676,-10.677966,-0.009553,9.081479,0.014781,-0.002560,-3.052994,-0.110294,3.054986,57|58|59|60|61|62,0.5612
7222.733710,-0.333676,-10.677967,-0.009557,9.088375,0.014376,-0.002582,-3.059890,-0.109889,3.061862,57|58|59|60|61|62,0.5623
7222.750377,-0.344062,-10.694777,-0.009840,9.095194,0.014593,-0.002933,-3.057573,-0.115751,3.059763,57|58|59|60|61|62,0.5619
7222.767043,-0.344062,-10.694778,-0.009842,9.102521,0.015174,-0.003006,-3.064899,-0.116332,3.067106,57|58|59|60|61|62,0.5620
7222.783710,-0.345080,-10.709219,-0.010021,9.109482,0.015109,-0.003028,-3.064013,-0.116820,3.066239,57|58|59|60|61|62,0.5628
7222.800377,-0.345080,-10.709219,-0.010021,9.116550,0.014531,-0.003023,-3.071080,-0.116242,3.073279,57|58|59|60|61|62,0.5622
7222.817043,-0.337593,-10.729063,-0.010106,9.116550,0.014531,-0.003023,-3.060295,-0.112173,3.062350,57|58|59|60|61|62,0.5627
7222.833710,-0.345585,-10.738715,-0.009801,9.130407,0.013857,-0.002959,-3.068906,-0.115843,3.071092,57|58|59|60|61|62,0.5635
7222.867043,-0.354320,-10.752425,-0.009900,9.144610,0.015355,-0.003114,-3.075658,-0.122088,3.078081,57|58|59|60|61|62|63|64,0.5600
7222.883710,-0.343882,-10.761941,-0.010170,9.144610,0.015355,-0.003114,-3.070487,-0.116415,3.072693,57|58|59|60|61|62|63|64,0.5625
7222.900377,-0.331855,-10.775386,-0.010777,9.151356,0.015321,-0.003127,-3.069926,-0.109845,3.071891,58|59|60|61|62|63|64,0.5545
7222.917043,-0.331869,-10.781770,-0.009752,9.158499,0.014529,-0.002937,-3.073599,-0.109061,3.075534,59|60|61|62|63|64,0.5620
7222.933710,-0.331872,-10.781770,-0.009750,9.172290,0.014723,-0.002928,-3.087391,-0.109256,3.089323,59|60|61|62|63|64,0.5621
7222.950377,-0.342951,-10.791307,-0.009443,9.179698,0.015324,-0.002924,-3.089615,-0.115878,3.091787,59|60|61|62|63|64,0.5639
7222.967043,-0.346781,-10.793242,-0.008907,9.186923,0.015796,-0.002914,-3.095788,-0.118432,3.098053,59|60|61|62|63|64,0.5644
7222.983710,-0.331185,-10.818354,-0.009408,9.186923,0.015796,-0.002914,-3.082140,-0.109956,3.084101,59|60|61|62|63|64,0.5627
7223.000377,-0.331186,-10.818353,-0.009407,9.193592,0.015339,-0.002881,-3.088810,-0.109499,3.090750,59|60|61|62|63|64,0.5623
7223.017043,-0.330812,-10.835011,-0.009966,9.200706,0.014550,-0.002847,-3.086871,-0.108507,3.088777,59|60|61|62|63|64,0.5628
7223.033710,-0.341479,-10.844286,-0.009851,9.207519,0.014365,-0.003212,-3.088643,-0.114120,3.090751,59|60|61|62|63|64,0.5623
7223.050377,-0.341479,-10.844286,-0.009851,9.222172,0.015396,-0.003106,-3.103296,-0.115151,3.105431,59|60|61|62|63|64,0.5646
7223.067043,-0.342422,-10.848402,-0.010695,9.229164,0.015596,-0.002994,-3.108051,-0.115863,3.110210,59|60|61|62|63|64,0.5646
7223.083710,-0.327029,-10.875365,-0.010024,9.235646,0.015177,-0.003027,-3.099879,-0.107078,3.101728,59|60|61|62|63|64,0.5622
7223.100377,-0.327031,-10.875364,-0.010025,9.235646,0.015177,-0.003027,-3.099880,-0.107080,3.101729,59|60|61|62|63|64,0.5611
7223.117043,-0.323948,-10.885409,-0.009366,9.249102,0.015086,-0.003010,-3.107877,-0.105313,3.109661,59|60|61|62|63|64,0.5612
7223.133710,-0.335837,-10.890197,-0.009270,9.249102,0.015086,-0.003010,-3.105275,-0.111775,3.107286,59|60|61|62|63|64,0.5635
7223.150377,-0.329973,-10.895526,-0.009308,9.256512,0.015913,-0.002653,-3.109789,-0.109414,3.111713,59|60|61|62|63|64,0.5656
7223.167043,-0.329973,-10.895524,-0.009308,9.263911,0.016739,-0.002628,-3.117189,-0.110240,3.119137,59|60|61|62|63|64,0.5652
7223.200377,-0.318895,-10.911038,-0.009223,9.277135,0.015604,-0.002209,-3.121980,-0.103084,3.123682,59|60|61|62|63|64,0.5653
7223.217043,-0.313697,-10.930249,-0.008201,9.291306,0.015344,-0.002162,-3.125711,-0.100000,3.127310,59|60|61|62|63|64,0.5650
7223.233710,-0.324238,-10.939856,-0.008460,9.298629,0.015680,-0.001845,-3.127812,-0.106065,3.129610,59|60|61|62|63|64,0.5655
7223.250377,-0.331241,-10.945014,-0.008213,9.298629,0.015680,-0.001845,-3.125009,-0.109871,3.126940,59|60|61|62|63|64,0.5648
7223.267043,-0.327583,-10.956256,-0.007756,9.312382,0.015479,-0.001316,-3.132653,-0.107682,3.134503,59|60|61|62|63|64,0.5639
7223.283710,-0.320154,-10.980329,-0.007597,9.312382,0.015479,-0.001316,-3.119570,-0.103645,3.121291,59|60|61|62|63|64,0.5634
7223.300377,-0.320154,-10.980329,-0.007594,9.326337,0.015224,-0.001232,-3.133524,-0.103389,3.135229,59|60|61|62|63|64,0.5631
7223.317043,-0.326671,-10.983532,-0.007688,9.333688,0.015587,-0.001196,-3.139134,-0.107295,3.140967,59|60|61|62|63|64,0.5630
7223.333710,-0.333769,-10.987269,-0.007983,9.333688,0.015587,-0.001196,-3.137103,-0.111152,3.139072,59|60|61|62|63|64,0.5637
7223.350377,-0.324114,-11.013498,-0.007801,9.340924,0.015816,-0.001178,-3.130085,-0.106134,3.131884,59|60|61|62|63|64,0.5628
7223.367043,-0.320739,-11.025322,-0.007768,9.347827,0.015708,-0.001191,-3.130562,-0.104192,3.132295,59|60|61|62|63|64|65,0.5555
7223.383710,-0.320741,-11.025340,-0.007759,9.361563,0.014641,-0.000885,-3.144288,-0.103126,3.145979,59|60|61|62|63|64|65,0.5607
7223.400377,-0.332816,-11.035397,-0.007639,9.361563,0.014641,-0.000885,-3.138823,-0.109688,3.140739,59|60|61|62|63|64|65,0.5613
7223.417043,-0.337667,-11.042858,-0.007641,9.369075,0.014615,-0.000889,-3.142279,-0.112299,3.144285,59|60|61|62|63|64|65,0.5550
7223.433710,-0.338079,-11.056478,-0.007455,9.383388,0.014437,-0.000418,-3.149191,-0.112345,3.151194,60|61|62|63|64|65,0.5606
7223.450377,-0.339063,-11.067971,-0.007353,9.389659,0.015186,-0.000138,-3.149215,-0.113628,3.151264,60|61|62|63|64|65,0.5604
7223.467043,-0.339852,-11.079526,-0.007359,9.389659,0.015186,-0.000138,-3.142935,-0.114057,3.145004,60|61|62|63|64|65,0.5594
7223.483710,-0.339852,-11.079527,-0.007360,9.403198,0.015050,-0.000463,-3.156474,-0.113922,3.158529,60|61|62|63|64|65,0.5601
7223.500377,-0.331898,-11.085815,-0.007221,9.403198,0.015050,-0.000463,-3.153056,-0.109599,3.154960,60|61|62|63|64|65,0.5606
7223.517043,-0.331671,-11.095661,-0.007650,9.410308,0.015211,-0.000670,-3.154815,-0.109636,3.156719,60|61|62|63|64|65,0.5613
7223.533710,-0.331669,-11.095660,-0.007651,9.417363,0.015329,-0.000694,-3.161871,-0.109753,3.163775,60|61|62|63|64|65,0.5604
7223.550377,-0.328718,-11.109017,-0.007779,9.430890,0.014575,-0.000782,-3.168138,-0.107396,3.169958,60|61|62|63|64|65,0.5602
7223.583710,-0.327273,-11.120491,-0.007875,9.437457,0.014025,-0.000757,-3.168469,-0.106060,3.170244,60|61|62|63|64|65,0.5611
7223.600377,-0.346146,-11.134242,-0.007861,9.444596,0.014227,-0.000712,-3.168135,-0.116519,3.170277,60|61|62|63|64|65,0.5615
7223.617043,-0.343434,-11.147545,-0.008143,9.459021,0.014502,-0.000627,-3.175330,-0.115320,3.177424,60|61|62|63|64|65,0.5619
7223.633710,-0.341367,-11.160827,-0.008003,9.459021,0.014502,-0.000627,-3.168112,-0.114197,3.170170,60|61|62|63|64|65,0.5617
7223.667043,-0.333805,-11.178458,-0.007747,9.472847,0.015367,-0.000405,-3.172355,-0.110952,3.174295,60|61|62|63|64|65,0.5609
7223.683710,-0.333804,-11.178459,-0.007746,9.487008,0.014906,-0.000377,-3.186516,-0.110491,3.188431,60|61|62|63|64|65,0.5613
7223.700377,-0.327435,-11.182926,-0.007257,9.494115,0.014747,-0.000434,-3.191195,-0.106870,3.192984,60|61|62|63|64|65,0.5620
7223.717043,-0.334084,-11.203854,-0.007318,9.494115,0.014747,-0.000434,-3.179821,-0.110484,3.181740,60|61|62|63|64|65,0.5623
7223.733710,-0.334086,-11.203852,-0.007319,9.507834,0.014207,-0.000475,-3.193542,-0.109945,3.195434,60|61|62|63|64|65,0.5620
7223.750377,-0.339122,-11.225962,-0.007270,9.514764,0.014014,-0.000482,-3.188456,-0.112489,3.190439,60|61|62|63|64|65,0.5608
7223.767043,-0.344293,-11.226107,-0.006981,9.514764,0.014014,-0.000482,-3.188377,-0.115300,3.190461,60|61|62|63|64|65,0.5600
7223.783710,-0.347133,-11.233372,-0.006890,9.521809,0.013992,-0.000390,-3.191474,-0.116821,3.193611,60|61|62|63|64|65,0.5617
7223.800377,-0.347575,-11.243674,-0.006806,9.535820,0.014177,-0.000371,-3.199885,-0.117247,3.202032,60|61|62|63|64|65,0.5629
7223.817043,-0.345513,-11.256959,-0.006666,9.535820,0.014177,-0.000371,-3.192665,-0.116126,3.194776,60|61|62|63|64|65,0.5618
7223.833710,-0.345513,-11.256959,-0.006665,9.542756,0.014379,-0.000175,-3.199601,-0.116327,3.201715,60|61|62|63|64|65,0.5619
7223.850377,-0.341635,-11.275836,-0.006963,9.549151,0.013944,-0.000094,-3.195737,-0.113785,3.197762,60|61|62|63|64|65,0.5602
7223.867043,-0.341633,-11.275836,-0.006965,9.563541,0.013997,-0.000229,-3.210127,-0.113838,3.212145,60|61|62|63|64|65,0.5617
7223.883710,-0.347412,-11.287541,-0.006795,9.563541,0.013997,-0.000229,-3.203766,-0.116978,3.205901,60|61|62|63|64|65,0.5637
7223.900377,-0.346832,-11.301270,-0.007574,9.570683,0.013950,-0.000259,-3.203446,-0.116616,3.205568,60|61|62|63|64|65|66|67,0.5524
7223.917043,-0.346815,-11.301340,-0.007628,9.584683,0.013282,-0.000299,-3.217408,-0.115938,3.219496,60|61|62|63|64|65|66|67,0.5622
7223.933710,-0.348812,-11.322714,-0.007454,9.591166,0.013044,-0.000310,-3.212275,-0.116785,3.214397,60|61|62|63|64|65|66|67,0.5497
7223.967043,-0.360634,-11.328184,-0.007947,9.598231,0.013349,-0.000337,-3.216367,-0.123516,3.218738,62|63|64|65|66|67,0.5646
7223.983710,-0.360633,-11.328183,-0.007948,9.605479,0.013732,-0.000266,-3.223616,-0.123898,3.225996,62|63|64|65|66|67,0.5648
7224.000377,-0.356006,-11.339980,-0.008125,9.619675,0.014815,-0.000183,-3.231401,-0.122467,3.233721,62|63|64|65|66|67,0.5623
7224.017043,-0.346848,-11.365900,-0.008015,9.626420,0.015111,-0.000098,-3.224058,-0.117786,3.226209,62|63|64|65|66|67,0.5604
7224.033710,-0.335885,-11.369777,-0.008014,9.633431,0.014926,-0.000098,-3.228962,-0.111642,3.230892,62|63|64|65|66|67,0.5593
7224.050377,-0.335884,-11.369775,-0.008015,9.633431,0.014926,-0.000098,-3.228963,-0.111642,3.230893,62|63|64|65|66|67,0.5597
7224.067043,-0.331930,-11.375073,-0.008085,9.640461,0.014736,-0.000141,-3.233114,-0.109303,3.234961,62|63|64|65|66|67,0.5618
7224.083710,-0.337208,-11.395699,-0.007598,9.654561,0.014647,-0.000255,-3.236004,-0.112083,3.237945,62|63|64|65|66|67,0.5629
7224.100377,-0.337208,-11.395699,-0.007599,9.661335,0.015072,-0.000215,-3.242778,-0.112508,3.244729,62|63|64|65|66|67,0.5624
7224.117043,-0.338609,-11.417405,-0.007723,9.668156,0.014858,0.000060,-3.237803,-0.113055,3.239776,62|63|64|65|66|67,0.5616
7224.133710,-0.332445,-11.421284,-0.007432,9.668156,0.014858,0.000060,-3.235694,-0.109705,3.237553,62|63|64|65|66|67,0.5619
7224.150377,-0.336302,-11.427994,-0.007060,9.675458,0.014747,0.000190,-3.239349,-0.111690,3.241274,62|63|64|65|66|67,0.5622
7224.167043,-0.336302,-11.427994,-0.007060,9.688965,0.014475,0.000424,-3.252857,-0.111419,3.254765,62|63|64|65|66|67,0.5626
7224.183710,-0.338392,-11.439711,-0.006397,9.688965,0.014475,0.000424,-3.246489,-0.112555,3.248440,62|63|64|65|66|67,0.5622
7224.200377,-0.342812,-11.468392,-0.006788,9.693576,0.014426,0.000233,-3.235511,-0.114908,3.237551,62|63|64|65|66|67,0.5617
7224.217043,-0.342936,-11.475298,-0.007056,9.698530,0.014401,-0.000124,-3.236712,-0.114950,3.238753,62|63|64|65|66|67,0.5610
7224.233710,-0.342915,-11.474265,-0.007174,9.698530,0.014401,-0.000124,-3.237274,-0.114939,3.239314,62|63|64|65|66|67,0.5609
7224.250377,-0.342916,-11.474268,-0.007173,9.698615,0.014400,-0.000128,-3.237357,-0.114939,3.239397,62|63|64|65|66|67,0.5610
7224.267043,-0.342899,-11.473763,-0.007052,9.698615,0.014400,-0.000128,-3.237632,-0.114929,3.239671,62|63|64|65|66|67,0.5606
7224.283710,-0.342842,-11.473610,-0.007107,9.698624,0.014400,-0.000127,-3.237724,-0.114898,3.239763,62|63|64|65|66|67,0.5598
7224.300377,-0.342842,-11.473611,-0.007107,9.698641,0.014399,-0.000127,-3.237741,-0.114897,3.239779,62|63|64|65|66|67,0.5593
7224.317043,-0.342942,-11.473749,-0.007228,9.698649,0.014399,-0.000127,-3.237674,-0.114951,3.239713,62|63|64|65|66|67,0.5589
7224.333710,-0.342942,-11.473749,-0.007228,9.698659,0.014399,-0.000128,-3.237683,-0.114951,3.239723,62|63|64|65|66|67,0.5585
7224.350377,-0.342924,-11.473770,-0.007484,9.698669,0.014398,-0.000128,-3.237682,-0.114941,3.239722,62|63|64|65|66|67,0.5582
7224.367043,-0.342899,-11.473879,-0.007215,9.698669,0.014398,-0.000128,-3.237623,-0.114927,3.239662,62|63|64|65|66|67,0.5583
7224.383710,-0.342928,-11.473827,-0.007325,9.698678,0.014397,-0.000128,-3.237660,-0.114942,3.239699,62|63|64|65|66|67,0.5581
7224.400377,-0.342927,-11.473828,-0.007325,9.698695,0.014397,-0.000127,-3.237677,-0.114941,3.239716,62|63|64|65|66|67,0.5583
7224.417043,-0.342854,-11.473838,-0.007159,9.698695,0.014397,-0.000127,-3.237671,-0.114901,3.239709,62|63|64|65|66|67,0.5584
7224.433710,-0.342854,-11.473839,-0.007158,9.700306,0.014648,-0.000015,-3.239282,-0.115152,3.241328,62|63|64|65|66|67,0.5582
7224.450377,-0.342944,-11.473757,-0.007284,9.706998,0.014755,0.000623,-3.246018,-0.115308,3.248065,62|63|64|65|66|67,0.5627
7224.467043,-0.339656,-11.469722,-0.007376,9.706998,0.014755,0.000623,-3.248211,-0.113521,3.250194,62|63|64|65|66|67,0.5629
7224.483710,-0.335270,-11.466678,-0.006320,9.713542,0.015326,0.000257,-3.256409,-0.111708,3.258325,62|63|64|65|66|67,0.5638
7224.500377,-0.328027,-11.479617,-0.006655,9.728249,0.015831,0.000013,-3.264084,-0.108277,3.265880,62|63|64|65|66|67,0.5648
7224.517043,-0.328029,-11.479616,-0.006650,9.728249,0.015831,0.000013,-3.264085,-0.108278,3.265880,62|63|64|65|66|67,0.5646
7224.533710,-0.320471,-11.507005,-0.007216,9.735615,0.015989,-0.000071,-3.256565,-0.104328,3.258236,62|63|64|65|66|67,0.5635
7224.550377,-0.318626,-11.519823,-0.007128,9.742434,0.015967,0.000210,-3.256419,-0.103304,3.258057,62|63|64|65|66|67,0.5616
7224.567043,-0.318626,-11.519824,-0.007127,9.748870,0.015550,0.000392,-3.262853,-0.102888,3.264475,62|63|64|65|66|67,0.5620
7224.583710,-0.325025,-11.525432,-0.006915,9.756182,0.015473,0.000669,-3.267118,-0.106288,3.268847,62|63|64|65|66|67,0.5636
7224.600377,-0.325025,-11.525433,-0.006913,9.770729,0.015205,0.000839,-3.281664,-0.106021,3.283376,62|63|64|65|66|67,0.5640
7224.617043,-0.328505,-11.549643,-0.007331,9.777764,0.015217,0.001089,-3.275542,-0.107923,3.277319,62|63|64|65|66|67,0.5637
7224.633710,-0.330704,-11.560951,-0.006458,9.784398,0.015654,0.001210,-3.276030,-0.109556,3.277861,62|63|64|65|66|67,0.5633
7224.667043,-0.330706,-11.560953,-0.006457,9.798459,0.015367,0.001678,-3.290090,-0.109270,3.291904,62|63|64|65|66|67,0.5632
7224.683710,-0.328279,-11.583552,-0.004708,9.798459,0.015367,0.001678,-3.277808,-0.107951,3.279585,62|63|64|65|66|67|68,0.5631
7224.700377,-0.330444,-11.594949,-0.004864,9.805643,0.015227,0.001765,-3.278798,-0.108987,3.280608,62|63|64|65|66|67|68,0.5590
7224.717043,-0.330636,-11.595751,-0.004836,9.819781,0.015454,0.001879,-3.292500,-0.109319,3.294315,63|64|65|66|67|68,0.5624
7224.733710,-0.335076,-11.618249,-0.005088,9.826485,0.015429,0.002014,-3.286977,-0.111707,3.288875,63|64|65|66|67|68,0.5609
7224.750377,-0.335077,-11.618248,-0.005087,9.833819,0.015077,0.002078,-3.294312,-0.111356,3.296193,63|64|65|66|67|68,0.5606
7224.767043,-0.330182,-11.625373,-0.005261,9.833819,0.015077,0.002078,-3.290439,-0.108695,3.292234,63|64|65|66|67|68,0.5617
7224.783710,-0.335440,-11.636141,-0.005429,9.841164,0.014706,0.002084,-3.291932,-0.111182,3.293809,63|64|65|66|67|68,0.5615
7224.800377,-0.335440,-11.636142,-0.005429,9.848410,0.014315,0.002026,-3.299178,-0.110790,3.301038,63|64|65|66|67|68,0.5608
7224.817043,-0.346532,-11.657828,-0.005358,9.855019,0.014576,0.002304,-3.294001,-0.117080,3.296081,63|64|65|66|67|68,0.5600
7224.833710,-0.342298,-11.660816,-0.005249,9.861578,0.015084,0.002227,-3.298936,-0.115287,3.300949,63|64|65|66|67|68,0.5630
7224.850377,-0.342298,-11.660818,-0.005250,9.868787,0.015514,0.002106,-3.306144,-0.115717,3.308169,63|64|65|66|67|68,0.5634
7224.867043,-0.334494,-11.666588,-0.006069,9.882919,0.015202,0.002080,-3.317140,-0.111164,3.319002,63|64|65|66|67|68,0.5631
7224.883710,-0.331580,-11.690260,-0.006555,9.882919,0.015202,0.002080,-3.304275,-0.109581,3.306091,63|64|65|66|67|68,0.5632
7224.900377,-0.334260,-11.700733,-0.006645,9.889983,0.015018,0.002009,-3.305647,-0.110853,3.307505,63|64|65|66|67|68,0.5634
7224.917043,-0.337137,-11.711220,-0.006642,9.896960,0.015119,0.002075,-3.306924,-0.112517,3.308838,63|64|65|66|67|68,0.5616
7224.933710,-0.337137,-11.711221,-0.006643,9.910478,0.014861,0.002133,-3.320442,-0.112260,3.322339,63|64|65|66|67|68,0.5614
7224.950377,-0.335778,-11.720984,-0.006780,9.910478,0.014861,0.002133,-3.315136,-0.111521,3.317011,63|64|65|66|67|68,0.5611
7224.967043,-0.335777,-11.720984,-0.006779,9.924676,0.014492,0.002232,-3.329333,-0.111151,3.331188,63|64|65|66|67|68,0.5633
7224.983710,-0.343323,-11.742404,-0.006735,9.931779,0.014500,0.002363,-3.324795,-0.115261,3.326792,63|64|65|66|67|68,0.5647
7225.000377,-0.343326,-11.742402,-0.006735,9.931779,0.014500,0.002363,-3.324796,-0.115263,3.326794,63|64|65|66|67|68,0.5636
7225.017043,-0.346145,-11.752800,-0.006474,9.945714,0.015811,0.002351,-3.333080,-0.118106,3.335172,63|64|65|66|67|68,0.5625
7225.033710,-0.341955,-11.762964,-0.006131,9.952649,0.015731,0.002485,-3.334491,-0.115748,3.336500,63|64|65|66|67|68,0.5632
7225.050377,-0.341956,-11.762963,-0.006130,9.959641,0.015290,0.002520,-3.341484,-0.115308,3.343473,63|64|65|66|67|68,0.5626
7225.067043,-0.329687,-11.784299,-0.006390,9.966624,0.014840,0.002583,-3.336871,-0.108190,3.338625,63|64|65|66|67|68,0.5629
7225.083710,-0.329687,-11.784298,-0.006389,9.966624,0.014840,0.002583,-3.336872,-0.108190,3.338625,63|64|65|66|67|68,0.5632
7225.100377,-0.342805,-11.805240,-0.005815,9.973540,0.014741,0.002572,-3.332407,-0.115220,3.334398,63|64|65|66|67|68,0.5626
7225.117043,-0.342807,-11.805243,-0.005820,9.987765,0.014867,0.002436,-3.346630,-0.115347,3.348617,63|64|65|66|67|68,0.5626
7225.133710,-0.339667,-11.814413,-0.005691,9.987765,0.014867,0.002436,-3.341646,-0.113640,3.343578,63|64|65|66|67|68,0.5627
7225.150377,-0.339666,-11.814417,-0.005691,9.994939,0.014642,0.002458,-3.348817,-0.113415,3.350737,63|64|65|66|67|68,0.5629
7225.167043,-0.343117,-11.828654,-0.005652,10.001946,0.014392,0.002529,-3.348088,-0.115041,3.350064,63|64|65|66|67|68,0.5633
7225.183710,-0.346645,-11.839785,-0.005488,10.015340,0.014587,0.002698,-3.355432,-0.117153,3.357476,63|64|65|66|67|68,0.5629
7225.200377,-0.351060,-11.859185,-0.004587,10.022285,0.015017,0.002672,-3.351833,-0.119983,3.353980,63|64|65|66|67|68|69|70,0.5646
7225.217043,-0.347422,-11.861775,-0.005083,10.022285,0.015017,0.002672,-3.350426,-0.118005,3.352504,63|64|65|66|67|68|69|70,0.5640
7225.233710,-0.347449,-11.861801,-0.005132,10.036472,0.014458,0.002603,-3.364599,-0.117461,3.366648,63|64|65|66|67|68|69|70,0.5505
7225.250377,-0.346403,-11.882491,-0.005346,10.043559,0.014157,0.002543,-3.360441,-0.116592,3.362463,65|66|67|68|69|70,0.5652
7225.267043,-0.346403,-11.882491,-0.005346,10.050616,0.014067,0.002570,-3.367498,-0.116501,3.369513,65|66|67|68|69|70,0.5646
7225.283710,-0.355123,-11.903512,-0.005102,10.050616,0.014067,0.002570,-3.356074,-0.121241,3.358263,65|66|67|68|69|70,0.5640
7225.300377,-0.356533,-11.911515,-0.004758,10.064291,0.014069,0.002564,-3.365399,-0.122009,3.367610,65|66|67|68|69|70,0.5635
7225.317043,-0.356532,-11.911516,-0.004758,10.071674,0.014075,0.002615,-3.372782,-0.122015,3.374988,65|66|67|68|69|70,0.5635
7225.333710,-0.357434,-11.926129,-0.005053,10.071674,0.014075,0.002615,-3.364840,-0.122505,3.367069,65|66|67|68|69|70,0.5644
7225.350377,-0.357687,-11.938565,-0.004647,10.079068,0.014092,0.002685,-3.365475,-0.122660,3.367710,65|66|67|68|69|70,0.5634
7225.367043,-0.357868,-11.950047,-0.004383,10.085879,0.014664,0.002701,-3.366046,-0.123330,3.368305,65|66|67|68|69|70,0.5625
7225.383710,-0.350251,-11.953668,-0.004691,10.092514,0.015287,0.002654,-3.370713,-0.119813,3.372842,65|66|67|68|69|70,0.5625
7225.400377,-0.341804,-11.955591,-0.004746,10.106871,0.015743,0.002701,-3.384025,-0.115679,3.386002,65|66|67|68|69|70,0.5628
7225.417044,-0.330181,-11.968062,-0.004411,10.106871,0.015743,0.002701,-3.377248,-0.109362,3.379018,65|66|67|68|69|70,0.5627
7225.433710,-0.330180,-11.968061,-0.004412,10.121301,0.014942,0.002632,-3.391678,-0.108561,3.393415,65|66|67|68|69|70,0.5637
7225.450377,-0.342515,-11.991819,-0.004384,10.127961,0.015251,0.002623,-3.385426,-0.115573,3.387398,65|66|67|68|69|70,0.5637
7225.467044,-0.342512,-11.991818,-0.004387,10.134863,0.015720,0.002495,-3.392328,-0.116040,3.394312,65|66|67|68|69|70,0.5628
7225.483710,-0.344184,-12.004398,-0.004893,10.142157,0.015940,0.002627,-3.392786,-0.117169,3.394808,65|66|67|68|69|70,0.5638
7225.517044,-0.335002,-12.022305,-0.004938,10.149442,0.015608,0.002672,-3.390338,-0.111848,3.392183,65|66|67|68|69|70,0.5632
7225.533710,-0.335002,-12.022306,-0.004938,10.156722,0.015265,0.002720,-3.397618,-0.111504,3.399447,65|66|67|68|69|70,0.5628
7225.550377,-0.339962,-12.032986,-0.005252,10.170303,0.015493,0.002892,-3.405394,-0.114428,3.407316,65|66|67|68|69|70,0.5618
7225.567044,-0.345230,-12.043690,-0.005243,10.177130,0.016471,0.002928,-3.406405,-0.118269,3.408457,65|66|67|68|69|70,0.5620
7225.583710,-0.347842,-12.051900,-0.005189,10.184741,0.017018,0.003026,-3.409553,-0.120235,3.411673,65|66|67|68|69|70,0.5618
7225.600377,-0.328406,-12.058541,-0.005111,10.191983,0.016845,0.003016,-3.413186,-0.109499,3.414942,65|66|67|68|69|70,0.5619
7225.617044,-0.321836,-12.076666,-0.004328,10.191983,0.016845,0.003016,-3.403335,-0.105929,3.404983,65|66|67|68|69|70,0.5606
7225.633710,-0.321836,-12.076667,-0.004330,10.199260,0.016739,0.002957,-3.410611,-0.105823,3.412253,65|66|67|68|69|70,0.5623
7225.650377,-0.324502,-12.088402,-0.004132,10.206358,0.016994,0.003126,-3.411332,-0.107527,3.413026,65|66|67|68|69|70,0.5618
7225.667044,-0.322633,-12.106499,-0.004340,10.213221,0.017357,0.003200,-3.408360,-0.106875,3.410035,65|66|67|68|69|70,0.5608
7225.683710,-0.317595,-12.110638,-0.004172,10.227439,0.016843,0.003793,-3.420328,-0.103622,3.421897,65|66|67|68|69|70,0.5608
7225.700377,-0.320952,-12.119605,-0.003994,10.227439,0.016843,0.003793,-3.415454,-0.105447,3.417082,65|66|67|68|69|70,0.5617
7225.717044,-0.320953,-12.119605,-0.003993,10.241853,0.016134,0.003968,-3.429868,-0.104739,3.431467,65|66|67|68|69|70,0.5626
7225.733710,-0.333572,-12.140704,-0.003756,10.248524,0.016257,0.004231,-3.425073,-0.111719,3.426895,65|66|67|68|69|70|71,0.5620
7225.750377,-0.337729,-12.149243,-0.003513,10.255828,0.017130,0.004298,-3.427736,-0.114852,3.429660,66|67|68|69|70|71,0.5630
7225.767044,-0.337733,-12.149243,-0.003506,10.262841,0.017051,0.004707,-3.434749,-0.114775,3.436666,66|67|68|69|70|71,0.5646
7225.783710,-0.324454,-12.166939,-0.003217,10.262841,0.017051,0.004707,-3.425132,-0.107558,3.426821,66|67|68|69|70|71,0.5640
7225.800377,-0.324454,-12.166940,-0.003216,10.276863,0.016305,0.004791,-3.439153,-0.106812,3.440812,66|67|68|69|70|71,0.5645
7225.817044,-0.327426,-12.175160,-0.003247,10.283972,0.016177,0.004899,-3.441794,-0.108299,3.443498,66|67|68|69|70|71,0.5639
7225.833710,-0.339423,-12.195479,-0.002774,10.291081,0.016618,0.004874,-3.437861,-0.115260,3.439793,66|67|68|69|70|71,0.5630
7225.850377,-0.339424,-12.195481,-0.002772,10.298156,0.016981,0.004978,-3.444934,-0.115624,3.446874,66|67|68|69|70|71,0.5623
7225.867044,-0.341214,-12.202486,-0.002429,10.305222,0.016563,0.005462,-3.448194,-0.116178,3.450151,66|67|68|69|70|71,0.5613
7225.883710,-0.335204,-12.211250,-0.002402,10.312430,0.015925,0.005485,-3.450639,-0.112275,3.452465,66|67|68|69|70|71,0.5617
7225.900377,-0.330976,-12.218343,-0.002531,10.319188,0.015962,0.005303,-3.453542,-0.110014,3.455294,66|67|68|69|70|71,0.5628
7225.917044,-0.348251,-12.237746,-0.002093,10.319188,0.015962,0.005303,-3.442997,-0.119403,3.445067,66|67|68|69|70|71,0.5630
7225.933710,-0.348251,-12.237748,-0.002093,10.325969,0.016204,0.004953,-3.449776,-0.119645,3.451851,66|67|68|69|70|71,0.5643
7225.950377,-0.343039,-12.249233,-0.003205,10.333010,0.016899,0.004453,-3.450576,-0.117507,3.452576,66|67|68|69|70|71,0.5642
7225.967044,-0.332541,-12.263430,-0.003356,10.339938,0.017214,0.004384,-3.449788,-0.112117,3.451609,66|67|68|69|70|71,0.5632
7225.983710,-0.329067,-12.270576,-0.003143,10.354020,0.016345,0.004241,-3.459986,-0.109360,3.461714,66|67|68|69|70|71,0.5622
7226.000377,-0.329067,-12.270576,-0.003142,10.361033,0.016155,0.004263,-3.466999,-0.109169,3.468718,66|67|68|69|70|71,0.5629
7226.017044,-0.335887,-12.280844,-0.004217,10.367743,0.016373,0.004028,-3.468129,-0.113095,3.469973,66|67|68|69|70|71,0.5619
7226.033710,-0.342973,-12.291206,-0.004213,10.374713,0.017081,0.003989,-3.469467,-0.117652,3.471462,66|67|68|69|70|71,0.5624
7226.050377,-0.345709,-12.297490,-0.004658,10.374713,0.017081,0.003989,-3.466052,-0.119140,3.468099,66|67|68|69|70|71,0.5616
7226.067044,-0.341880,-12.301524,-0.004113,10.381665,0.016624,0.003877,-3.470812,-0.116602,3.472770,66|67|68|69|70|71,0.5611
7226.083710,-0.340035,-12.322869,-0.004026,10.388724,0.016148,0.003909,-3.466271,-0.115124,3.468182,66|67|68|69|70|71,0.5614
7226.100377,-0.340035,-12.322867,-0.004031,10.402415,0.015942,0.004030,-3.479962,-0.114918,3.481859,66|67|68|69|70|71,0.5614
7226.117044,-0.351300,-12.340369,-0.003778,10.409657,0.016693,0.003985,-3.477693,-0.121791,3.479825,66|67|68|69|70|71,0.5617
7226.133710,-0.351299,-12.340371,-0.003776,10.409657,0.016693,0.003985,-3.477692,-0.121791,3.479824,66|67|68|69|70|71,0.5624
7226.150377,-0.340114,-12.359454,-0.003106,10.423531,0.017218,0.004033,-3.481194,-0.116237,3.483135,66|67|68|69|70|71,0.5615
7226.167044,-0.340116,-12.359451,-0.003109,10.430350,0.016579,0.004073,-3.488015,-0.115599,3.489930,66|67|68|69|70|71,0.5594
7226.183710,-0.329943,-12.373968,-0.003406,10.430350,0.016579,0.004073,-3.480125,-0.110070,3.481865,66|67|68|69|70|71,0.5596
7226.200377,-0.333819,-12.375908,-0.003498,10.437085,0.016198,0.004150,-3.485805,-0.111796,3.487598,66|67|68|69|70|71,0.5605
7226.217044,-0.343600,-12.385127,-0.003755,10.451489,0.017139,0.003994,-3.495199,-0.118053,3.497193,66|67|68|69|70|71,0.5611
7226.233710,-0.346744,-12.395022,-0.003459,10.458663,0.017002,0.004663,-3.496996,-0.119624,3.499041,66|67|68|69|70|71,0.5619
7226.250377,-0.337183,-12.411029,-0.003820,10.465886,0.016496,0.004772,-3.495519,-0.113922,3.497375,66|67|68|69|70|71|72|73,0.5626
7226.267044,-0.341815,-12.418707,-0.003630,10.472905,0.016067,0.004747,-3.498365,-0.116010,3.500288,66|67|68|69|70|71|72|73,0.5589
7226.283710,-0.341442,-12.419538,-0.002540,10.479380,0.016044,0.004827,-3.504389,-0.115785,3.506301,68|69|70|71|72|73,0.5645
7226.300377,-0.349311,-12.429875,-0.001668,10.479380,0.016044,0.004827,-3.498771,-0.120061,3.500830,68|69|70|71|72|73,0.5636
7226.317044,-0.356466,-12.442542,-0.001682,10.493577,0.017128,0.004771,-3.506083,-0.125034,3.508312,68|69|70|71|72|73,0.5654
7226.333710,-0.347327,-12.454415,-0.001918,10.500495,0.016670,0.004756,-3.506549,-0.119609,3.508588,68|69|70|71|72|73,0.5645
7226.350377,-0.341889,-12.464241,-0.001866,10.500495,0.016670,0.004756,-3.501208,-0.116654,3.503151,68|69|70|71|72|73,0.5645
7226.367044,-0.341889,-12.464241,-0.001865,10.514708,0.015687,0.004688,-3.515422,-0.115671,3.517324,68|69|70|71|72|73,0.5637
7226.383710,-0.348964,-12.473029,-0.002246,10.514708,0.015687,0.004688,-3.510646,-0.119516,3.512680,68|69|70|71|72|73,0.5626
7226.400377,-0.363825,-12.491100,-0.002444,10.528634,0.016493,0.004626,-3.514750,-0.128398,3.517095,68|69|70|71|72|73,0.5628
7226.417044,-0.363826,-12.491102,-0.002442,10.535727,0.016273,0.004631,-3.521843,-0.128179,3.524174,68|69|70|71|72|73,0.5646
7226.433710,-0.352974,-12.507545,-0.002656,10.535727,0.016273,0.004631,-3.512906,-0.122281,3.515034,68|69|70|71|72|73,0.5627
7226.450377,-0.352974,-12.507544,-0.002656,10.549710,0.016202,0.004716,-3.526889,-0.122210,3.529006,68|69|70|71|72|73,0.5633
7226.467044,-0.356748,-12.517994,-0.002495,10.556348,0.016511,0.004747,-3.527848,-0.124571,3.530046,68|69|70|71|72|73,0.5624
7226.483710,-0.358975,-12.533287,-0.002266,10.556348,0.016511,0.004747,-3.519537,-0.125781,3.521783,68|69|70|71|72|73,0.5635
7226.500377,-0.355106,-12.535603,-0.002282,10.570931,0.018564,0.004724,-3.532861,-0.125731,3.535098,68|69|70|71|72|73,0.5641
7226.517044,-0.338359,-12.550829,-0.002073,10.570931,0.018564,0.004724,-3.524586,-0.116630,3.526516,68|69|70|71|72|73,0.5630
7226.533710,-0.326708,-12.560181,-0.001938,10.585120,0.017424,0.004957,-3.533692,-0.109158,3.535378,68|69|70|71|72|73,0.5636
7226.550377,-0.326707,-12.560180,-0.001938,10.592065,0.017122,0.004943,-3.540637,-0.108855,3.542310,68|69|70|71|72|73,0.5651
7226.567044,-0.344412,-12.580056,-0.001714,10.599089,0.017381,0.004759,-3.536860,-0.118736,3.538853,68|69|70|71|72|73,0.5646
7226.583710,-0.349236,-12.585287,-0.001236,10.599089,0.017381,0.004759,-3.534017,-0.121358,3.536100,68|69|70|71|72|73,0.5656
7226.600377,-0.349236,-12.585287,-0.001236,10.606711,0.018170,0.004786,-3.541639,-0.122147,3.543745,68|69|70|71|72|73,0.5647
7226.617044,-0.334834,-12.609197,-0.001910,10.613620,0.018185,0.004845,-3.535553,-0.114335,3.537401,68|69|70|71|72|73,0.5637
7226.633710,-0.335312,-12.613856,-0.002193,10.620641,0.017556,0.004809,-3.540042,-0.113967,3.541876,68|69|70|71|72|73,0.5649
7226.650377,-0.335313,-12.613856,-0.002193,10.627707,0.017084,0.004796,-3.547108,-0.113494,3.548924,68|69|70|71|72|73,0.5644
7226.667044,-0.351861,-12.631548,-0.002144,10.641328,0.017970,0.004537,-3.551114,-0.123374,3.553256,68|69|70|71|72|73,0.5635
7226.683710,-0.351862,-12.631550,-0.002144,10.648744,0.019151,0.004558,-3.558528,-0.124556,3.560707,68|69|70|71|72|73,0.5649
7226.700377,-0.339793,-12.639679,-0.002511,10.648744,0.019151,0.004558,-3.554111,-0.117997,3.556069,68|69|70|71|72|73,0.5651
7226.717044,-0.323040,-12.656072,-0.003076,10.656060,0.019316,0.004568,-3.552518,-0.109057,3.554191,68|69|70|71|72|73,0.5626
7226.733710,-0.323039,-12.656072,-0.003077,10.670571,0.018901,0.004490,-3.567029,-0.108641,3.568683,68|69|70|71|72|73,0.5626
7226.750377,-0.321224,-12.668234,-0.002572,10.670571,0.018901,0.004490,-3.560419,-0.107655,3.562046,68|69|70|71|72|73,0.5629
7226.767044,-0.325178,-12.679534,-0.001768,10.685056,0.019793,0.004513,-3.568762,-0.110695,3.570479,68|69|70|71|72|73|74,0.5637
7226.783710,-0.326714,-12.691463,-0.002584,10.685056,0.019793,0.004513,-3.562279,-0.111530,3.564025,68|69|70|71|72|73|74,0.5642
7226.800377,-0.326825,-12.691392,-0.002912,10.698922,0.018999,0.005234,-3.576184,-0.110796,3.577900,69|70|71|72|73|74,0.5637
7226.817044,-0.315970,-12.706282,-0.002979,10.698922,0.018999,0.005234,-3.568092,-0.104897,3.569634,69|70|71|72|73|74,0.5641
7226.833710,-0.330390,-12.721929,-0.002266,10.706088,0.018440,0.005284,-3.566754,-0.112176,3.568518,69|70|71|72|73|74,0.5650
7226.850377,-0.338800,-12.730062,-0.001516,10.720210,0.018935,0.005030,-3.576456,-0.117241,3.578377,69|70|71|72|73|74,0.5650
7226.867044,-0.340592,-12.734540,-0.001167,10.720210,0.018935,0.005030,-3.574022,-0.118215,3.575976,69|70|71|72|73|74,0.5655
7226.883710,-0.340589,-12.734538,-0.001168,10.733991,0.019082,0.005109,-3.587804,-0.118360,3.589756,69|70|71|72|73|74,0.5640
7226.900377,-0.327045,-12.760521,-0.001927,10.733991,0.019082,0.005109,-3.573682,-0.110999,3.575406,69|70|71|72|73|74,0.5623
7226.917044,-0.327045,-12.760522,-0.001926,10.748132,0.018088,0.005342,-3.587823,-0.110006,3.589509,69|70|71|72|73|74,0.5639
7226.933710,-0.331630,-12.765739,-0.002358,10.755334,0.018394,0.005347,-3.592190,-0.112803,3.593961,69|70|71|72|73|74,0.5643
7226.950377,-0.340933,-12.776042,-0.002512,10.762971,0.018996,0.005385,-3.594227,-0.118461,3.596179,69|70|71|72|73|74,0.5633
7226.967044,-0.346884,-12.783136,-0.001897,10.762971,0.018996,0.005385,-3.590372,-0.121696,3.592434,69|70|71|72|73|74,0.5638
7226.983710,-0.343037,-12.793437,-0.002604,10.776732,0.018237,0.005399,-3.598535,-0.118846,3.600497,69|70|71|72|73|74,0.5628
7227.000377,-0.337254,-12.811705,-0.002914,10.776732,0.018237,0.005399,-3.588607,-0.115703,3.590472,69|70|71|72|73|74,0.5631
7227.017044,-0.337254,-12.811705,-0.002914,10.790255,0.018079,0.004670,-3.602130,-0.115545,3.603983,69|70|71|72|73|74,0.5622
7227.033710,-0.352611,-12.819188,-0.002426,10.790255,0.018079,0.004670,-3.598063,-0.123891,3.600196,69|70|71|72|73|74,0.5631
7227.050377,-0.347487,-12.829482,-0.003170,10.797364,0.018578,0.004161,-3.599577,-0.121605,3.601631,69|70|71|72|73|74,0.5638
7227.067044,-0.339350,-12.845802,-0.004577,10.811427,0.019006,0.004051,-3.604771,-0.117611,3.606689,69|70|71|72|73|74,0.5631
7227.083710,-0.332101,-12.860175,-0.004706,10.811427,0.019006,0.004051,-3.596959,-0.113672,3.598755,69|70|71|72|73|74,0.5627
7227.100377,-0.332102,-12.860178,-0.004708,10.825543,0.018066,0.003961,-3.611074,-0.112733,3.612833,69|70|71|72|73|74,0.5635
7227.117044,-0.343098,-12.872233,-0.004045,10.825543,0.018066,0.003961,-3.604522,-0.118709,3.606477,69|70|71|72|73|74,0.5630
7227.133710,-0.348860,-12.879214,-0.003568,10.832183,0.018095,0.003758,-3.607367,-0.121869,3.609425,69|70|71|72|73|74,0.5624
7227.150377,-0.348157,-12.882889,-0.003806,10.839131,0.018846,0.003596,-3.612319,-0.122238,3.614387,69|70|71|72|73|74,0.5623
7227.167044,-0.348157,-12.882886,-0.003807,10.852984,0.018369,0.003417,-3.626173,-0.121761,3.628217,69|70|71|72|73|74,0.5610
7227.183710,-0.336643,-12.903269,-0.004222,10.852984,0.018369,0.003417,-3.615096,-0.115503,3.616940,69|70|71|72|73|74,0.5626
7227.200377,-0.345823,-12.913701,-0.004159,10.860013,0.017919,0.003438,-3.616455,-0.120043,3.618446,69|70|71|72|73|74,0.5627
7227.217044,-0.345823,-12.913704,-0.004160,10.873906,0.018384,0.003588,-3.630346,-0.120508,3.632346,69|70|71|72|73|74,0.5640
7227.233710,-0.352537,-12.921642,-0.004524,10.881261,0.018991,0.003678,-3.633387,-0.124763,3.635529,69|70|71|72|73|74,0.5640
7227.250377,-0.346278,-12.940519,-0.004267,10.881261,0.018991,0.003678,-3.623128,-0.121362,3.625160,69|70|71|72|73|74,0.5649
7227.267044,-0.346277,-12.940518,-0.004266,10.895074,0.018805,0.003850,-3.636941,-0.121176,3.638959,69|70|71|72|73|74,0.5633
7227.283710,-0.336417,-12.964375,-0.004428,10.895074,0.018805,0.003850,-3.623975,-0.115817,3.625826,69|70|71|72|73|74|75|76,0.5631
7227.300377,-0.341729,-12.966744,-0.003758,10.908523,0.018223,0.003942,-3.636137,-0.118122,3.638055,69|70|71|72|73|74|75|76,0.5629
7227.317044,-0.350150,-12.971745,-0.003969,10.908523,0.018223,0.003942,-3.633419,-0.122698,3.635490,69|70|71|72|73|74|75|76,0.5542
7227.333710,-0.350618,-12.977388,-0.003220,10.916125,0.018845,0.003894,-3.637955,-0.123575,3.640053,71|72|73|74|75|76,0.5658
7227.350377,-0.342213,-12.993650,-0.003270,10.923415,0.019060,0.003882,-3.636407,-0.119222,3.638360,71|72|73|74|75|76,0.5644
7227.367044,-0.342214,-12.993649,-0.003269,10.937590,0.017928,0.003867,-3.650582,-0.118091,3.652492,71|72|73|74|75|76,0.5646
7227.400377,-0.339843,-13.003069,-0.004014,10.951133,0.018185,0.003771,-3.659005,-0.117059,3.660877,71|72|73|74|75|76,0.5642
7227.417044,-0.356307,-13.021488,-0.005291,10.958539,0.018789,0.003800,-3.656401,-0.126611,3.658593,71|72|73|74|75|76,0.5654
7227.433710,-0.353438,-13.036987,-0.004238,10.958539,0.018789,0.003800,-3.647978,-0.125052,3.650121,71|72|73|74|75|76,0.5651
7227.450377,-0.345263,-13.052975,-0.003921,10.972451,0.018040,0.003565,-3.653201,-0.119860,3.655166,71|72|73|74|75|76,0.5631
7227.467044,-0.347270,-13.055645,-0.004178,10.972451,0.018040,0.003565,-3.651750,-0.120951,3.653752,71|72|73|74|75|76,0.5633
7227.483710,-0.347268,-13.055645,-0.004177,10.986264,0.017352,0.003502,-3.665563,-0.120262,3.667535,71|72|73|74|75|76,0.5638
7227.500377,-0.357544,-13.065513,-0.004338,10.993495,0.017955,0.003021,-3.667430,-0.126449,3.669610,71|72|73|74|75|76,0.5635
7227.517044,-0.366283,-13.074218,-0.004177,10.993495,0.017955,0.003021,-3.662699,-0.131198,3.665048,71|72|73|74|75|76,0.5641
7227.533710,-0.367800,-13.076657,-0.003845,11.000811,0.018102,0.003043,-3.668690,-0.132170,3.671070,71|72|73|74|75|76,0.5631
7227.567044,-0.362108,-13.111027,-0.004256,11.015004,0.017749,0.003092,-3.664204,-0.128724,3.666464,71|72|73|74|75|76,0.5630
7227.583710,-0.362638,-13.116535,-0.003882,11.028863,0.018798,0.002821,-3.675069,-0.130061,3.677370,71|72|73|74|75|76,0.5637
7227.600377,-0.361142,-13.118598,-0.003923,11.028863,0.018798,0.002821,-3.673948,-0.129248,3.676220,71|72|73|74|75|76,0.5637
7227.617044,-0.348454,-13.130420,-0.003995,11.036462,0.019888,0.002797,-3.675122,-0.123443,3.677194,71|72|73|74|75|76,0.5634
7227.650377,-0.332941,-13.152130,-0.003933,11.050235,0.019148,0.002731,-3.677096,-0.114271,3.678871,71|72|73|74|75|76,0.5613
7227.667044,-0.332941,-13.152130,-0.003933,11.064113,0.018634,0.002566,-3.690973,-0.113758,3.692726,71|72|73|74|75|76,0.5619
7227.683710,-0.351740,-13.168625,-0.004558,11.064113,0.018634,0.002566,-3.682009,-0.123974,3.684095,71|72|73|74|75|76,0.5624
7227.700377,-0.351740,-13.168624,-0.004559,11.078971,0.019499,0.002672,-3.696868,-0.124840,3.698975,71|72|73|74|75|76,0.5628
7227.717044,-0.351518,-13.175914,-0.005001,11.085702,0.019201,0.002760,-3.699637,-0.124421,3.701729,71|72|73|74|75|76,0.5619
7227.733710,-0.342537,-13.192494,-0.005131,11.085702,0.019201,0.002760,-3.690626,-0.119540,3.692562,71|72|73|74|75|76,0.5626
7227.750377,-0.344906,-13.206615,-0.005230,11.092799,0.018524,0.002793,-3.690049,-0.120150,3.692004,71|72|73|74|75|76,0.5641
7227.767044,-0.354017,-13.214725,-0.004783,11.106553,0.018896,0.002363,-3.699395,-0.125474,3.701522,71|72|73|74|75|76,0.5636
7227.783710,-0.356234,-13.213862,-0.004786,11.114022,0.019974,0.002360,-3.707333,-0.127757,3.709534,71|72|73|74|75|76,0.5657
7227.800377,-0.356234,-13.213862,-0.004786,11.121469,0.020686,0.002418,-3.714780,-0.128468,3.717000,71|72|73|74|75|76,0.5663
7227.817044,-0.347924,-13.221844,-0.004605,11.128484,0.020438,0.002388,-3.717457,-0.123705,3.719515,71|72|73|74|75|76,0.5646
7227.833710,-0.332771,-13.238356,-0.005228,11.135732,0.020112,0.002382,-3.715731,-0.115143,3.717514,71|72|73|74|75|76|77,0.5558
7227.850377,-0.327126,-13.261667,-0.006011,11.142680,0.020040,0.002374,-3.710010,-0.112003,3.711700,72|73|74|75|76|77,0.5628
7227.867044,-0.331899,-13.270735,-0.006374,11.150104,0.020626,0.002265,-3.712505,-0.115183,3.714292,72|73|74|75|76|77,0.5638
7227.883710,-0.333243,-13.274740,-0.006518,11.157348,0.020878,0.002452,-3.717573,-0.116166,3.719387,72|73|74|75|76|77,0.5640
7227.900377,-0.324946,-13.288186,-0.006858,11.164130,0.020389,0.002876,-3.717048,-0.111168,3.718710,72|73|74|75|76|77,0.5637
7227.917044,-0.324949,-13.288185,-0.006856,11.171214,0.019651,0.002999,-3.724132,-0.110431,3.725769,72|73|74|75|76|77,0.5630
7227.933710,-0.330164,-13.304390,-0.005606,11.177863,0.019334,0.003071,-3.721974,-0.112949,3.723687,72|73|74|75|76|77,0.5629
7227.950377,-0.330163,-13.304391,-0.005607,11.185109,0.019786,0.003039,-3.729220,-0.113400,3.730943,72|73|74|75|76|77,0.5628
7227.967044,-0.340511,-13.313626,-0.005474,11.192595,0.020243,0.003087,-3.731687,-0.119482,3.733599,72|73|74|75|76|77,0.5649
7227.983710,-0.345326,-13.316523,-0.005533,11.192595,0.020243,0.003087,-3.730112,-0.122098,3.732110,72|73|74|75|76|77,0.5647
7228.000377,-0.338939,-13.330201,-0.005941,11.206256,0.019708,0.003324,-3.736339,-0.118092,3.738205,72|73|74|75|76|77,0.5635
7228.017044,-0.334221,-13.352360,-0.005372,11.213407,0.019070,0.003474,-3.731447,-0.114890,3.733215,72|73|74|75|76|77,0.5638
7228.033710,-0.334222,-13.352360,-0.005370,11.220519,0.019157,0.003496,-3.738559,-0.114977,3.740327,72|73|74|75|76|77,0.5642
7228.050377,-0.350606,-13.366561,-0.004766,11.220519,0.019157,0.003496,-3.730842,-0.123882,3.732898,72|73|74|75|76|77,0.5639
7228.067044,-0.349589,-13.375816,-0.004279,11.228143,0.019610,0.003540,-3.733435,-0.123782,3.735487,72|73|74|75|76|77,0.5633
7228.083710,-0.343888,-13.390338,-0.004480,11.235471,0.019879,0.003588,-3.732871,-0.120952,3.734830,72|73|74|75|76|77,0.5619
7228.100377,-0.340410,-13.401047,-0.004095,11.242019,0.019518,0.003564,-3.733599,-0.118701,3.735485,72|73|74|75|76|77,0.5605
7228.117044,-0.345934,-13.401857,-0.004451,11.248506,0.019064,0.003571,-3.739645,-0.121250,3.741611,72|73|74|75|76|77,0.5614
7228.133710,-0.345933,-13.401859,-0.004451,11.255179,0.019038,0.003148,-3.746318,-0.121223,3.748279,72|73|74|75|76|77,0.5634
7228.150377,-0.351745,-13.411685,-0.005006,11.262240,0.019425,0.002891,-3.748039,-0.124769,3.750115,72|73|74|75|76|77,0.5648
7228.167044,-0.345706,-13.428605,-0.005432,11.269525,0.019814,0.002821,-3.746128,-0.121876,3.748110,72|73|74|75|76|77,0.5643
7228.183710,-0.345706,-13.428602,-0.005429,11.283412,0.019581,0.002721,-3.760017,-0.121643,3.761984,72|73|74|75|76|77,0.5630
7228.200377,-0.340070,-13.451989,-0.005648,11.290309,0.019075,0.002703,-3.754203,-0.118074,3.756059,72|73|74|75|76|77,0.5628
7228.217044,-0.344949,-13.455628,-0.005222,11.296901,0.018888,0.002483,-3.758817,-0.120539,3.760749,72|73|74|75|76|77,0.5622
7228.233710,-0.352386,-13.461384,-0.005013,11.296901,0.018888,0.002483,-3.755689,-0.124580,3.757755,72|73|74|75|76|77,0.5619
7228.250377,-0.354498,-13.464954,-0.004925,11.303939,0.019481,0.002284,-3.760787,-0.126322,3.762908,72|73|74|75|76|77,0.5615
7228.267044,-0.354499,-13.464954,-0.004928,11.317908,0.019682,0.002288,-3.774756,-0.126523,3.776876,72|73|74|75|76|77,0.5611
7228.283710,-0.339465,-13.492551,-0.005732,11.317908,0.019682,0.002288,-3.759758,-0.118352,3.761620,72|73|74|75|76|77,0.5617
7228.300377,-0.339464,-13.492552,-0.005733,11.331504,0.018707,0.002312,-3.773353,-0.117377,3.775178,72|73|74|75|76|77,0.5627
7228.333710,-0.344782,-13.496240,-0.005676,11.338880,0.019154,0.002405,-3.778724,-0.120713,3.780652,72|73|74|75|76|77,0.5642
7228.350377,-0.358484,-13.508139,-0.005833,11.346282,0.019536,0.002431,-3.779660,-0.128543,3.781845,72|73|74|75|76|77|78|79,0.5547
7228.367044,-0.347621,-13.539049,-0.004118,11.360438,0.019509,0.002380,-3.777017,-0.122613,3.779007,74|75|76|77|78|79,0.5614
7228.383710,-0.344460,-13.552698,-0.004542,11.360438,0.019509,0.002380,-3.769599,-0.120895,3.771537,74|75|76|77|78|79,0.5611
7228.400377,-0.344462,-13.552700,-0.004539,11.373282,0.019051,0.002360,-3.782442,-0.120437,3.784359,74|75|76|77|78|79,0.5622
7228.417044,-0.348309,-13.557446,-0.003527,11.380830,0.019617,0.002673,-3.787411,-0.123094,3.789410,74|75|76|77|78|79,0.5641
7228.433710,-0.355086,-13.558032,-0.004214,11.380830,0.019617,0.002673,-3.787092,-0.126777,3.789213,74|75|76|77|78|79,0.5654
7228.450377,-0.355086,-13.558032,-0.004213,11.395595,0.019669,0.002659,-3.801857,-0.126830,3.803972,74|75|76|77|78|79,0.5638
7228.467044,-0.348271,-13.575684,-0.004911,11.402677,0.019047,0.002646,-3.799345,-0.122504,3.801319,74|75|76|77|78|79,0.5630
7228.483710,-0.343366,-13.591873,-0.005437,11.409520,0.018813,0.002642,-3.797390,-0.119604,3.799273,74|75|76|77|78|79,0.5645
7228.500377,-0.357721,-13.604184,-0.005343,11.409520,0.018813,0.002642,-3.790699,-0.127406,3.792840,74|75|76|77|78|79,0.5650
7228.517044,-0.357721,-13.604186,-0.005342,11.416463,0.018942,0.002480,-3.797641,-0.127534,3.799782,74|75|76|77|78|79,0.5649
7228.533710,-0.359537,-13.620389,-0.005177,11.423867,0.019365,0.002460,-3.796240,-0.128945,3.798429,74|75|76|77|78|79,0.5642
7228.550377,-0.353748,-13.635786,-0.005158,11.431004,0.019425,0.002317,-3.795009,-0.125859,3.797095,74|75|76|77|78|79,0.5626
7228.567044,-0.353748,-13.635786,-0.005156,11.437840,0.019095,0.002256,-3.801845,-0.125528,3.803917,74|75|76|77|78|79,0.5615
7228.583710,-0.353799,-13.644866,-0.005446,11.451619,0.018104,0.002221,-3.810689,-0.124565,3.812724,74|75|76|77|78|79,0.5627
7228.600377,-0.369309,-13.657074,-0.006041,11.451619,0.018104,0.002221,-3.804054,-0.132995,3.806378,74|75|76|77|78|79,0.5626
7228.617044,-0.373082,-13.659084,-0.005692,11.458766,0.018560,0.001834,-3.810109,-0.135501,3.812517,74|75|76|77|78|79,0.5637
7228.650377,-0.359049,-13.684384,-0.006312,11.473395,0.018773,0.002031,-3.810988,-0.128088,3.813140,74|75|76|77|78|79,0.5631
7228.667044,-0.359050,-13.684384,-0.006314,11.486972,0.018643,0.001991,-3.824564,-0.127958,3.826704,74|75|76|77|78|79,0.5636
7228.683710,-0.363851,-13.693066,-0.005470,11.486972,0.018643,0.001991,-3.819846,-0.130568,3.822077,74|75|76|77|78|79,0.5638
7228.700377,-0.366251,-13.699093,-0.005357,11.494203,0.019356,0.001804,-3.823801,-0.132585,3.826099,74|75|76|77|78|79,0.5637
7228.717044,-0.366384,-13.701771,-0.005523,11.509019,0.020749,0.001890,-3.837162,-0.134050,3.839503,74|75|76|77|78|79,0.5635
7228.733710,-0.356238,-13.713282,-0.006462,11.515754,0.020317,0.002069,-3.837641,-0.128104,3.839778,74|75|76|77|78|79,0.5621
7228.750377,-0.342617,-13.732079,-0.006791,11.522775,0.019651,0.002183,-3.834446,-0.120036,3.836324,74|75|76|77|78|79,0.5622
7228.767044,-0.337270,-13.740061,-0.006844,11.529632,0.019419,0.002047,-3.836965,-0.116897,3.838745,74|75|76|77|78|79,0.5638
7228.783710,-0.353525,-13.751829,-0.006017,11.529632,0.019419,0.002047,-3.830569,-0.125731,3.832632,74|75|76|77|78|79,0.5636
7228.800377,-0.353526,-13.751827,-0.006016,11.537259,0.019952,0.002129,-3.838198,-0.126265,3.840274,74|75|76|77|78|79,0.5644
7228.817044,-0.356441,-13.758207,-0.005999,11.551682,0.019952,0.002129,-3.849154,-0.127850,3.851277,74|75|76|77|78|79,0.5635
7228.833710,-0.349285,-13.775479,-0.006419,11.558488,0.019575,0.002144,-3.846572,-0.123583,3.848557,74|75|76|77|78|79,0.5618
7228.850377,-0.345100,-13.789402,-0.007285,11.565204,0.019318,0.002150,-3.845721,-0.121052,3.847626,74|75|76|77|78|79|80,0.5624
7228.867044,-0.349709,-13.794556,-0.007007,11.572169,0.019540,0.001797,-3.849886,-0.123779,3.851875,74|75|76|77|78|79|80,0.5576
7228.883710,-0.358868,-13.797937,-0.006856,11.572169,0.019540,0.001797,-3.848048,-0.128757,3.850202,74|75|76|77|78|79|80,0.5611
7228.900377,-0.354980,-13.804934,-0.007431,11.579787,0.020431,0.001596,-3.851863,-0.127534,3.853974,75|76|77|78|79|80,0.5662
7228.917044,-0.341661,-13.822367,-0.008088,11.587474,0.021408,0.001585,-3.850076,-0.121273,3.851985,75|76|77|78|79|80,0.5650
7228.933710,-0.341666,-13.822364,-0.008091,11.601211,0.020964,0.001649,-3.863814,-0.120831,3.865703,75|76|77|78|79|80,0.5631
7228.967044,-0.334748,-13.853295,-0.007005,11.608075,0.020696,0.001664,-3.853868,-0.116804,3.855638,75|76|77|78|79|80,0.5629
7228.983710,-0.334747,-13.853296,-0.007004,11.623221,0.021671,0.001646,-3.869014,-0.117779,3.870806,75|76|77|78|79|80,0.5632
7229.000377,-0.331980,-13.870064,-0.007212,11.629815,0.021319,0.001743,-3.866494,-0.115923,3.868232,75|76|77|78|79|80,0.5632
7229.017044,-0.331980,-13.870064,-0.007209,11.629815,0.021319,0.001743,-3.866495,-0.115923,3.868232,75|76|77|78|79|80,0.5613
7229.033710,-0.325103,-13.886779,-0.006472,11.643477,0.020012,0.001910,-3.871073,-0.110878,3.872660,75|76|77|78|79|80,0.5628
7229.050377,-0.341278,-13.896383,-0.005833,11.650981,0.020234,0.001424,-3.873357,-0.119891,3.875212,75|76|77|78|79|80,0.5620
7229.067044,-0.349096,-13.899089,-0.006287,11.650981,0.020234,0.001424,-3.871886,-0.124140,3.873876,75|76|77|78|79|80,0.5646
7229.083710,-0.349097,-13.899088,-0.006289,11.658343,0.020416,0.001460,-3.879249,-0.124323,3.881240,75|76|77|78|79|80,0.5651
7229.117044,-0.344633,-13.914885,-0.007435,11.679015,0.019618,0.001440,-3.891336,-0.121099,3.893219,75|76|77|78|79|80,0.5628
7229.133710,-0.348750,-13.947426,-0.006993,11.679015,0.019618,0.001440,-3.873650,-0.123337,3.875613,75|76|77|78|79|80,0.5623
7229.150377,-0.348748,-13.947427,-0.006990,11.693789,0.019750,0.001370,-3.888424,-0.123467,3.890384,75|76|77|78|79|80,0.5622
7229.167044,-0.355485,-13.958944,-0.006858,11.693789,0.019750,0.001370,-3.882165,-0.127128,3.884246,75|76|77|78|79|80,0.5618
7229.183710,-0.355487,-13.958943,-0.006858,11.707828,0.020283,0.001678,-3.896203,-0.127662,3.898294,75|76|77|78|79|80,0.5599
7229.200377,-0.351989,-13.973062,-0.006222,11.707828,0.020283,0.001678,-3.888530,-0.125762,3.890563,75|76|77|78|79|80,0.5596
7229.217044,-0.349156,-13.985045,-0.006330,11.720798,0.019455,0.001398,-3.894987,-0.123394,3.896941,75|76|77|78|79|80,0.5596
7229.233710,-0.343804,-13.984638,-0.005780,11.727929,0.019678,0.001174,-3.902340,-0.120709,3.904207,75|76|77|78|79|80,0.5616
7229.250377,-0.354806,-13.992917,-0.006218,11.735137,0.019726,0.001138,-3.905048,-0.126736,3.907104,75|76|77|78|79|80,0.5629
7229.267044,-0.351068,-14.011163,-0.006524,11.735137,0.019726,0.001138,-3.895132,-0.124704,3.897128,75|76|77|78|79|80,0.5619
7229.283710,-0.350840,-14.027055,-0.007023,11.749240,0.019492,0.001421,-3.900598,-0.124347,3.902580,75|76|77|78|79|80,0.5616
7229.300377,-0.350842,-14.027053,-0.007023,11.755277,0.019435,0.001509,-3.906636,-0.124291,3.908613,75|76|77|78|79|80,0.5608
7229.317044,-0.351324,-14.041483,-0.006948,11.755277,0.019435,0.001509,-3.898794,-0.124553,3.900783,75|76|77|78|79|80,0.5602
7229.333710,-0.354473,-14.043508,-0.006483,11.761655,0.019071,0.001517,-3.904071,-0.125900,3.906101,75|76|77|78|79|80,0.5606
7229.350377,-0.359522,-14.045769,-0.006485,11.776521,0.019843,0.001399,-3.917708,-0.129416,3.919845,75|76|77|78|79|80,0.5620
7229.367044,-0.353434,-14.064234,-0.006418,11.783570,0.019944,0.001651,-3.914723,-0.126209,3.916757,75|76|77|78|79|80|81|82,0.5630
7229.383710,-0.349182,-14.079086,-0.006421,11.789880,0.019680,0.001771,-3.912960,-0.123633,3.914913,75|76|77|78|79|80|81|82,0.5542
7229.400377,-0.349111,-14.080138,-0.006193,11.796485,0.019109,0.001890,-3.918994,-0.123025,3.920924,77|78|79|80|81|82,0.5620
7229.417044,-0.347193,-14.087423,-0.006051,11.796485,0.019109,0.001890,-3.915034,-0.121982,3.916934,77|78|79|80|81|82,0.5657
7229.433710,-0.351105,-14.086813,-0.006182,11.803929,0.019326,0.001935,-3.922810,-0.124325,3.924780,77|78|79|80|81|82,0.5671
7229.450377,-0.359122,-14.090626,-0.006074,11.811288,0.019347,0.001952,-3.928097,-0.128703,3.930205,77|78|79|80|81|82,0.5656
7229.467044,-0.356509,-14.108147,-0.006950,11.825461,0.019826,0.002158,-3.932748,-0.127762,3.934823,77|78|79|80|81|82,0.5637
7229.483710,-0.356508,-14.122223,-0.007114,11.825461,0.019826,0.002158,-3.925098,-0.127761,3.927177,77|78|79|80|81|82,0.5627
7229.500377,-0.357184,-14.136093,-0.006793,11.831769,0.020327,0.002429,-3.923868,-0.128630,3.925976,77|78|79|80|81|82,0.5635
7229.517044,-0.343086,-14.140414,-0.006218,11.838561,0.020068,0.002403,-3.928311,-0.120708,3.930165,77|78|79|80|81|82,0.5638
7229.533710,-0.343086,-14.140413,-0.006216,11.852885,0.019809,0.002529,-3.942636,-0.120450,3.944475,77|78|79|80|81|82,0.5645
7229.550377,-0.347198,-14.149511,-0.006627,11.860343,0.019793,0.002515,-3.945149,-0.122669,3.947056,77|78|79|80|81|82,0.5639
7229.567044,-0.351414,-14.159013,-0.006603,11.866679,0.019928,0.002716,-3.946321,-0.125095,3.948303,77|78|79|80|81|82,0.5620
7229.583710,-0.351726,-14.173279,-0.006228,11.873559,0.019238,0.002711,-3.945448,-0.124575,3.947414,77|78|79|80|81|82,0.5612
7229.600377,-0.351840,-14.186365,-0.005791,11.873559,0.019238,0.002711,-3.938336,-0.124637,3.940307,77|78|79|80|81|82,0.5639
7229.617044,-0.351148,-14.183413,-0.005364,11.887978,0.019072,0.002426,-3.954360,-0.124094,3.956306,77|78|79|80|81|82,0.5655
7229.633710,-0.362282,-14.203301,-0.005485,11.895209,0.018999,0.002415,-3.950782,-0.130073,3.952922,77|78|79|80|81|82,0.5651
7229.650377,-0.363234,-14.217419,-0.005161,11.895209,0.018999,0.002415,-3.943109,-0.130590,3.945271,77|78|79|80|81|82,0.5640
7229.667044,-0.363232,-14.217416,-0.005159,11.902440,0.018970,0.002405,-3.950341,-0.130560,3.952498,77|78|79|80|81|82,0.5629
7229.683710,-0.365131,-14.241017,-0.005628,11.915294,0.018264,0.002354,-3.950368,-0.130886,3.952536,77|78|79|80|81|82,0.5617
7229.700377,-0.367247,-14.236880,-0.005210,11.922639,0.018484,0.002176,-3.959962,-0.132256,3.962170,77|78|79|80|81|82,0.5623
7229.717044,-0.375823,-14.239894,-0.005372,11.930224,0.018675,0.002176,-3.965909,-0.137108,3.968279,77|78|79|80|81|82,0.5639
7229.733710,-0.372162,-14.255067,-0.005753,11.930224,0.018675,0.002176,-3.957663,-0.135119,3.959969,77|78|79|80|81|82,0.5635
7229.750377,-0.369798,-14.270502,-0.005648,11.937339,0.019170,0.002298,-3.956389,-0.134329,3.958669,77|78|79|80|81|82,0.5640
7229.767044,-0.363045,-14.278396,-0.005813,11.943738,0.018929,0.002310,-3.958498,-0.130418,3.960646,77|78|79|80|81|82,0.5623
7229.783710,-0.363045,-14.278397,-0.005813,11.957978,0.019063,0.002443,-3.972738,-0.130552,3.974882,77|78|79|80|81|82,0.5635
7229.800377,-0.373437,-14.279281,-0.006264,11.965615,0.019598,0.002415,-3.979894,-0.136735,3.982243,77|78|79|80|81|82,0.5653
7229.817044,-0.365773,-14.297313,-0.006171,11.965615,0.019598,0.002415,-3.970094,-0.132569,3.972307,77|78|79|80|81|82,0.5645
7229.833710,-0.358920,-14.314689,-0.006599,11.973083,0.019879,0.002424,-3.968118,-0.129126,3.970219,77|78|79|80|81|82,0.5639
7229.850377,-0.358919,-14.314690,-0.006597,11.986474,0.020716,0.003042,-3.981509,-0.129962,3.983629,77|78|79|80|81|82,0.5625
7229.867044,-0.354928,-14.330284,-0.006970,11.993487,0.020198,0.003135,-3.980047,-0.127275,3.982082,77|78|79|80|81|82|83,0.5571
7229.883710,-0.341382,-14.334452,-0.006814,12.000907,0.020086,0.003206,-3.985202,-0.119802,3.987002,77|78|79|80|81|82|83,0.5587
7229.900377,-0.352981,-14.342956,-0.005613,12.000907,0.020086,0.003206,-3.980580,-0.126106,3.982577,77|78|79|80|81|82|83,0.5630
7229.917044,-0.352989,-14.342980,-0.005634,12.015735,0.019930,0.003178,-3.995394,-0.125954,3.997379,77|78|79|80|81|82|83,0.5567
7229.933710,-0.356544,-14.369697,-0.005462,12.015735,0.019930,0.003178,-3.980874,-0.127886,3.982928,78|79|80|81|82|83,0.5627
7229.950377,-0.356546,-14.369697,-0.005460,12.028304,0.020213,0.003305,-3.993444,-0.128170,3.995500,78|79|80|81|82|83,0.5616
7229.967044,-0.346866,-14.380238,-0.005135,12.028304,0.020213,0.003305,-3.987715,-0.122909,3.989609,78|79|80|81|82|83,0.5629
7229.983710,-0.346866,-14.380241,-0.005134,12.035094,0.020019,0.003220,-3.994504,-0.122715,3.996388,78|79|80|81|82|83,0.5657
7230.000377,-0.355050,-14.379447,-0.005212,12.042619,0.020571,0.003307,-4.002459,-0.127715,4.004497,78|79|80|81|82|83,0.5668
7230.017044,-0.357481,-14.385174,-0.004804,12.057670,0.021462,0.003850,-4.014398,-0.129927,4.016500,78|79|80|81|82|83,0.5658
7230.033710,-0.344534,-14.421699,-0.004276,12.057670,0.021462,0.003850,-3.994548,-0.122891,3.996438,78|79|80|81|82|83,0.5644
7230.050377,-0.344534,-14.421700,-0.004277,12.070981,0.021420,0.004184,-4.007858,-0.122849,4.009741,78|79|80|81|82|83,0.5643
7230.067044,-0.331233,-14.432096,-0.003717,12.078677,0.021640,0.004218,-4.009904,-0.115840,4.011577,78|79|80|81|82|83,0.5645
7230.083710,-0.339920,-14.436429,-0.003416,12.078677,0.021640,0.004218,-4.007549,-0.120561,4.009362,78|79|80|81|82|83,0.5660
7230.100377,-0.337183,-14.453668,-0.003799,12.093606,0.021903,0.004251,-4.013109,-0.119337,4.014883,78|79|80|81|82|83,0.5658
7230.117044,-0.335863,-14.465969,-0.004436,12.093606,0.021903,0.004251,-4.006424,-0.118619,4.008180,78|79|80|81|82|83,0.5643
7230.133710,-0.334728,-14.477845,-0.005515,12.106502,0.021446,0.004865,-4.012865,-0.117546,4.014586,78|79|80|81|82|83,0.5624
7230.150377,-0.331384,-14.474543,-0.005920,12.106502,0.021446,0.004865,-4.014660,-0.115728,4.016328,78|79|80|81|82|83,0.5612
7230.167044,-0.331382,-14.474543,-0.005915,12.113908,0.021543,0.005229,-4.022066,-0.115824,4.023734,78|79|80|81|82|83,0.5626
7230.183710,-0.343568,-14.494808,-0.003977,12.128585,0.021253,0.005447,-4.025729,-0.122158,4.027582,78|79|80|81|82|83,0.5630
7230.200377,-0.343569,-14.494808,-0.003977,12.135837,0.021222,0.005950,-4.032981,-0.122127,4.034830,78|79|80|81|82|83,0.5634
7230.217044,-0.348637,-14.521794,-0.003052,12.142100,0.021311,0.006380,-4.024579,-0.124970,4.026519,78|79|80|81|82|83,0.5627
7230.233710,-0.347751,-14.531005,-0.002394,12.142100,0.021311,0.006380,-4.019573,-0.124489,4.021500,78|79|80|81|82|83,0.5611
7230.250377,-0.348424,-14.528888,-0.002326,12.149381,0.020953,0.006633,-4.028004,-0.124497,4.029927,78|79|80|81|82|83,0.5619
7230.267044,-0.348424,-14.528888,-0.002325,12.156852,0.020831,0.006722,-4.035475,-0.124374,4.037391,78|79|80|81|82|83,0.5633
7230.283710,-0.357542,-14.554117,-0.002428,12.164304,0.020719,0.006735,-4.029216,-0.129218,4.031287,78|79|80|81|82|83,0.5639
7230.300377,-0.360100,-14.567208,-0.002775,12.171016,0.021413,0.006817,-4.028813,-0.131302,4.030952,78|79|80|81|82|83,0.5634
7230.317044,-0.360099,-14.567210,-0.002774,12.184873,0.022045,0.006964,-4.042669,-0.131933,4.044821,78|79|80|81|82|83,0.5625
7230.333710,-0.343299,-14.573149,-0.002295,12.184873,0.022045,0.006964,-4.039441,-0.122803,4.041307,78|79|80|81|82|83,0.5620
7230.350377,-0.343711,-14.582009,-0.002596,12.192155,0.021672,0.006977,-4.041908,-0.122654,4.043769,78|79|80|81|82|83,0.5623
7230.367044,-0.349442,-14.593671,-0.003061,12.199483,0.021534,0.006989,-4.042898,-0.125631,4.044849,78|79|80|81|82|83,0.5646
7230.383710,-0.351448,-14.608280,-0.003562,12.214004,0.021450,0.007124,-4.049479,-0.126638,4.051458,78|79|80|81|82|83|84|85,0.5524
7230.400377,-0.353864,-14.620081,-0.003666,12.214004,0.021450,0.007124,-4.043065,-0.127951,4.045089,78|79|80|81|82|83|84|85,0.5645
7230.417044,-0.353850,-14.620108,-0.003671,12.220410,0.021949,0.007150,-4.049457,-0.128441,4.051494,78|79|80|81|82|83|84|85,0.5567
7230.433710,-0.347806,-14.628960,-0.002252,12.226722,0.021279,0.007036,-4.050958,-0.124487,4.052870,78|79|80|81|82|83|84|85,0.5572
7230.450377,-0.357357,-14.629214,-0.002268,12.234218,0.021292,0.006071,-4.058316,-0.129691,4.060387,78|79|80|81|82|83|84|85,0.5556
7230.467044,-0.355210,-14.647963,-0.003351,12.241733,0.021321,0.005918,-4.055641,-0.128553,4.057678,80|81|82|83|84|85,0.5616
7230.483710,-0.355211,-14.647961,-0.003353,12.255651,0.022360,0.005902,-4.069560,-0.129593,4.071623,80|81|82|83|84|85,0.5615
7230.500377,-0.349146,-14.671307,-0.002959,12.261857,0.021543,0.006004,-4.063079,-0.125480,4.065016,80|81|82|83|84|85,0.5625
7230.517044,-0.349147,-14.671308,-0.002957,12.269389,0.021575,0.006079,-4.070610,-0.125512,4.072545,80|81|82|83|84|85,0.5633
7230.533710,-0.354538,-14.672774,-0.003265,12.276679,0.021445,0.006000,-4.077103,-0.128312,4.079122,80|81|82|83|84|85,0.5661
7230.550377,-0.355225,-14.690673,-0.003003,12.283855,0.021291,0.005863,-4.074551,-0.128531,4.076577,80|81|82|83|84|85,0.5657
7230.567044,-0.355225,-14.690674,-0.003005,12.290877,0.021525,0.006045,-4.081573,-0.128766,4.083604,80|81|82|83|84|85,0.5647
7230.583710,-0.360158,-14.716420,-0.002510,12.290877,0.021525,0.006045,-4.067581,-0.131447,4.069704,80|81|82|83|84|85,0.5640
7230.600377,-0.356628,-14.723561,-0.002546,12.297391,0.022106,0.005967,-4.070213,-0.130109,4.072292,80|81|82|83|84|85,0.5623
7230.617044,-0.349139,-14.725474,-0.001969,12.303996,0.022458,0.005981,-4.075779,-0.126391,4.077738,80|81|82|83|84|85,0.5624
7230.633710,-0.345091,-14.730089,-0.002290,12.310971,0.022120,0.006107,-4.080246,-0.123853,4.082125,80|81|82|83|84|85,0.5627
7230.650377,-0.350505,-14.741549,-0.002259,12.318446,0.021949,0.006190,-4.081493,-0.126625,4.083457,80|81|82|83|84|85,0.5620
7230.667044,-0.353794,-14.756772,-0.002367,12.325999,0.021819,0.006183,-4.080772,-0.128282,4.082788,80|81|82|83|84|85,0.5629
7230.683710,-0.353795,-14.756772,-0.002366,12.339379,0.021945,0.006085,-4.094152,-0.128408,4.096166,80|81|82|83|84|85,0.5621
7230.700377,-0.348030,-14.772695,-0.002654,12.339379,0.021945,0.006085,-4.085499,-0.125275,4.087419,80|81|82|83|84|85,0.5619
7230.717044,-0.348029,-14.772695,-0.002654,12.346511,0.021450,0.005636,-4.092630,-0.124780,4.094532,80|81|82|83|84|85,0.5629
7230.733710,-0.361819,-14.786639,-0.002932,12.361089,0.021142,0.005629,-4.099630,-0.131966,4.101753,80|81|82|83|84|85,0.5650
7230.750377,-0.361818,-14.786638,-0.002931,12.361089,0.021142,0.005629,-4.099630,-0.131966,4.101754,80|81|82|83|84|85,0.5645
7230.767044,-0.364538,-14.800414,-0.003370,12.374744,0.021548,0.005743,-4.105798,-0.133850,4.107979,80|81|82|83|84|85,0.5639
7230.783710,-0.368825,-14.826648,-0.003317,12.374744,0.021548,0.005743,-4.091540,-0.136180,4.093806,80|81|82|83|84|85,0.5616
7230.800377,-0.368822,-14.826650,-0.003317,12.388482,0.020727,0.005377,-4.105278,-0.135357,4.107509,80|81|82|83|84|85,0.5629
7230.817044,-0.362629,-14.820636,-0.003043,12.396041,0.020917,0.005290,-4.116105,-0.132181,4.118227,80|81|82|83|84|85,0.5636
7230.833710,-0.374535,-14.823800,-0.002860,12.403335,0.021251,0.005309,-4.121679,-0.138987,4.124022,80|81|82|83|84|85,0.5639
7230.850377,-0.374110,-14.836092,-0.003385,12.410064,0.021781,0.005229,-4.121728,-0.139285,4.124081,80|81|82|83|84|85,0.5625
7230.867044,-0.367741,-14.863172,-0.003356,12.416846,0.021437,0.005196,-4.113793,-0.135480,4.116024,80|81|82|83|84|85,0.5619
7230.883710,-0.361126,-14.864957,-0.002830,12.423881,0.021304,0.005058,-4.119857,-0.131752,4.121963,80|81|82|83|84|85,0.5614
7230.900377,-0.361125,-14.864958,-0.002830,12.423881,0.021304,0.005058,-4.119857,-0.131752,4.121963,80|81|82|83|84|85,0.5620
7230.917044,-0.366798,-14.870405,-0.002481,12.439239,0.022069,0.004998,-4.132255,-0.135599,4.134479,80|81|82|83|84|85,0.5624
7230.933710,-0.368933,-14.879106,-0.003048,12.439239,0.022069,0.004998,-4.127526,-0.136759,4.129791,80|81|82|83|84|85,0.5621
7230.950377,-0.359449,-14.913728,-0.002992,12.446307,0.023011,0.004942,-4.115778,-0.132548,4.117912,81|82|83|84|85|86,0.5619
7230.967044,-0.346680,-14.918557,-0.003446,12.452771,0.023404,0.005000,-4.119618,-0.126001,4.121544,81|82|83|84|85|86,0.5601
7230.983710,-0.342147,-14.916040,-0.003712,12.467345,0.022520,0.005042,-4.135560,-0.122653,4.137378,81|82|83|84|85|86,0.5618
7231.000377,-0.354889,-14.923557,-0.003424,12.474860,0.022405,0.005039,-4.138990,-0.129463,4.141014,81|82|83|84|85|86,0.5632
7231.017044,-0.356085,-14.940061,-0.001882,12.474860,0.022405,0.005039,-4.130020,-0.130114,4.132069,81|82|83|84|85|86,0.5645
7231.033710,-0.356085,-14.940059,-0.001888,12.488977,0.023111,0.005117,-4.144137,-0.130819,4.146202,81|82|83|84|85|86,0.5639
7231.050377,-0.359817,-14.967180,-0.005257,12.495694,0.023332,0.005208,-4.136115,-0.133069,4.138255,81|82|83|84|85|86,0.5637
7231.067044,-0.348920,-14.967570,-0.002849,12.502891,0.023288,0.005237,-4.143100,-0.127103,4.145049,81|82|83|84|85|86,0.5629
7231.083710,-0.346642,-14.971831,-0.002690,12.502891,0.023288,0.005237,-4.140784,-0.125865,4.142696,81|82|83|84|85|86,0.5633
7231.100377,-0.347902,-14.982598,-0.003282,12.510085,0.023231,0.005253,-4.142127,-0.126492,4.144058,81|82|83|84|85|86,0.5636
7231.117044,-0.349358,-14.993174,-0.003202,12.517328,0.023366,0.005241,-4.143621,-0.127419,4.145580,81|82|83|84|85|86,0.5643
7231.133710,-0.347544,-15.006834,-0.003303,12.531411,0.024462,0.005717,-4.150281,-0.127529,4.152240,81|82|83|84|85|86,0.5637
7231.150377,-0.340588,-15.017712,-0.003336,12.531411,0.024462,0.005717,-4.144369,-0.123749,4.146216,81|82|83|84|85|86,0.5628
7231.167044,-0.331778,-15.021408,-0.003126,12.537765,0.023831,0.005860,-4.148714,-0.118329,4.150401,81|82|83|84|85|86,0.5623
7231.183710,-0.341331,-15.019868,-0.003351,12.545202,0.024036,0.005903,-4.156987,-0.123726,4.158828,81|82|83|84|85|86,0.5640
7231.200377,-0.341331,-15.019867,-0.003354,12.560474,0.024245,0.006001,-4.172260,-0.123935,4.174100,81|82|83|84|85|86,0.5646
7231.217044,-0.338135,-15.051300,-0.002606,12.567083,0.024690,0.006290,-4.161786,-0.122644,4.163593,81|82|83|84|85|86,0.5639
7231.233710,-0.336825,-15.064038,-0.002858,12.567083,0.024690,0.006290,-4.154863,-0.121932,4.156652,81|82|83|84|85|86,0.5609
7231.250377,-0.336824,-15.064039,-0.002855,12.580787,0.023979,0.006791,-4.168567,-0.121220,4.170329,81|82|83|84|85|86,0.5608
7231.267044,-0.332211,-15.062520,-0.003068,12.588313,0.023919,0.006884,-4.176919,-0.118653,4.178604,81|82|83|84|85|86,0.5616
7231.283710,-0.345117,-15.078317,-0.002489,12.595613,0.023771,0.006981,-4.175633,-0.125519,4.177519,81|82|83|84|85|86,0.5633
7231.300377,-0.346904,-15.092935,-0.002188,12.602956,0.023691,0.007302,-4.175032,-0.126410,4.176945,81|82|83|84|85|86,0.5638
7231.317044,-0.349338,-15.106223,-0.002700,12.602956,0.023691,0.007302,-4.167810,-0.127733,4.169767,81|82|83|84|85|86,0.5645
7231.333710,-0.349912,-15.117748,-0.002031,12.609277,0.023949,0.007470,-4.167867,-0.128303,4.169842,81|82|83|84|85|86,0.5635
7231.350377,-0.349908,-15.117750,-0.002030,12.616128,0.023526,0.008108,-4.174717,-0.127878,4.176676,81|82|83|84|85|86,0.5637
7231.367044,-0.355527,-15.121450,-0.001658,12.631006,0.023707,0.008525,-4.187584,-0.131113,4.189636,81|82|83|84|85|86,0.5639
7231.383710,-0.355628,-15.135494,-0.000870,12.631006,0.023707,0.008525,-4.179951,-0.131168,4.182009,81|82|83|84|85|86,0.5643
7231.400377,-0.355628,-15.135493,-0.000870,12.638177,0.023996,0.008576,-4.187123,-0.131457,4.189186,81|82|83|84|85|86,0.5632
7231.417044,-0.355990,-15.147223,-0.000693,12.651981,0.024759,0.008707,-4.194552,-0.132417,4.196642,81|82|83|84|85|86,0.5629
7231.433710,-0.352070,-15.157120,-0.000975,12.659217,0.024368,0.008694,-4.196410,-0.129896,4.198420,81|82|83|84|85|86|87|88,0.5510
7231.450377,-0.343613,-15.166581,-0.000610,12.659217,0.024368,0.008694,-4.191268,-0.125300,4.193140,81|82|83|84|85|86|87|88,0.5610
7231.467044,-0.350810,-15.177663,0.000008,12.666425,0.024284,0.008766,-4.192453,-0.129127,4.194441,81|82|83|84|85|86|87|88,0.5559
7231.483710,-0.349952,-15.178915,0.001538,12.680881,0.024169,0.008788,-4.206228,-0.128546,4.208192,83|84|85|86|87|88,0.5634
7231.500377,-0.353577,-15.204825,0.001430,12.680881,0.024169,0.008788,-4.192147,-0.130516,4.194178,83|84|85|86|87|88,0.5617
7231.517044,-0.353577,-15.204824,0.001430,12.687335,0.024722,0.008850,-4.198602,-0.131069,4.200647,83|84|85|86|87|88,0.5599
7231.533710,-0.348031,-15.216439,0.001058,12.700546,0.024068,0.008136,-4.205500,-0.127400,4.207429,83|84|85|86|87|88,0.5612
7231.550377,-0.348030,-15.216441,0.001057,12.708026,0.024135,0.007186,-4.212979,-0.127467,4.214907,83|84|85|86|87|88,0.5628
7231.567044,-0.356731,-15.225858,0.000448,12.715356,0.024398,0.007308,-4.215191,-0.132459,4.217272,83|84|85|86|87|88,0.5640
7231.583710,-0.356732,-15.225857,0.000449,12.722123,0.024963,0.007221,-4.221959,-0.133024,4.224054,83|84|85|86|87|88,0.5623
7231.600377,-0.354152,-15.244241,-0.000691,12.728622,0.024625,0.007167,-4.218466,-0.131284,4.220508,83|84|85|86|87|88,0.5625
7231.617044,-0.343819,-15.259708,-0.001043,12.728622,0.024625,0.007167,-4.210060,-0.125669,4.211935,83|84|85|86|87|88,0.5627
7231.650377,-0.355881,-15.273707,-0.001952,12.742927,0.024096,0.007043,-4.216757,-0.131696,4.218813,83|84|85|86|87|88,0.5653
7231.667044,-0.355883,-15.273705,-0.001953,12.757314,0.024118,0.007141,-4.231145,-0.131718,4.233195,83|84|85|86|87|88,0.5656
7231.683710,-0.358397,-15.287685,-0.001873,12.763845,0.024821,0.007085,-4.230078,-0.133788,4.232193,83|84|85|86|87|88,0.5633
7231.700377,-0.358393,-15.311346,-0.000662,12.770402,0.025300,0.006924,-4.223776,-0.134264,4.225910,83|84|85|86|87|88,0.5616
7231.717044,-0.349166,-15.312959,-0.001559,12.777160,0.024785,0.007051,-4.229658,-0.128735,4.231616,83|84|85|86|87|88,0.5615
7231.733710,-0.349166,-15.312960,-0.001561,12.784683,0.024879,0.007067,-4.237179,-0.128829,4.239137,83|84|85|86|87|88,0.5625
7231.750377,-0.344163,-15.313646,-0.002074,12.784683,0.024879,0.007067,-4.236807,-0.126110,4.238683,83|84|85|86|87|88,0.5635
7231.767044,-0.351927,-15.337897,-0.001925,12.792100,0.024950,0.007036,-4.231044,-0.130400,4.233053,83|84|85|86|87|88,0.5629
7231.783710,-0.351927,-15.337896,-0.001925,12.799327,0.025239,0.006926,-4.238272,-0.130690,4.240286,83|84|85|86|87|88,0.5624
7231.800377,-0.348953,-15.358537,-0.001955,12.805816,0.024791,0.006805,-4.233543,-0.128625,4.235496,83|84|85|86|87|88,0.5620
7231.817044,-0.356056,-15.358060,-0.002189,12.812515,0.024098,0.006113,-4.240501,-0.131793,4.242548,83|84|85|86|87|88,0.5635
7231.833711,-0.364335,-15.365998,-0.002649,12.827144,0.024122,0.006071,-4.250816,-0.136316,4.253001,83|84|85|86|87|88,0.5655
7231.850377,-0.364336,-15.365997,-0.002649,12.834348,0.024094,0.006034,-4.258020,-0.136288,4.260201,83|84|85|86|87|88,0.5651
7231.867044,-0.365760,-15.395697,-0.003150,12.841132,0.024218,0.005657,-4.248663,-0.137186,4.250878,83|84|85|86|87|88,0.5658
7231.883711,-0.365762,-15.395695,-0.003152,12.847491,0.023905,0.005580,-4.255024,-0.136875,4.257224,83|84|85|86|87|88,0.5649
7231.900377,-0.366790,-15.411686,-0.003202,12.854285,0.023461,0.005210,-4.253127,-0.136989,4.255333,83|84|85|86|87|88,0.5630
7231.917044,-0.371927,-15.410573,-0.002647,12.861936,0.023730,0.005070,-4.261382,-0.140050,4.263683,83|84|85|86|87|88,0.5638
7231.933711,-0.371929,-15.410572,-0.002650,12.869451,0.024005,0.005075,-4.268898,-0.140327,4.271204,83|84|85|86|87|88,0.5638
7231.950377,-0.373885,-15.437356,-0.003324,12.869451,0.024005,0.005075,-4.254341,-0.141390,4.256690,83|84|85|86|87|88|89,0.5563
7231.967044,-0.373861,-15.437423,-0.003343,12.876094,0.024533,0.005054,-4.260948,-0.141904,4.263311,83|84|85|86|87|88|89,0.5620
7231.983711,-0.363575,-15.449522,-0.003196,12.882604,0.024055,0.005025,-4.260883,-0.135836,4.263047,83|84|85|86|87|88|89,0.5644
7232.000377,-0.363573,-15.449523,-0.003197,12.889409,0.023794,0.004806,-4.267687,-0.135574,4.269840,83|84|85|86|87|88|89,0.5651
7232.017044,-0.374393,-15.455950,-0.003200,12.897126,0.024467,0.004830,-4.271911,-0.142128,4.274275,83|84|85|86|87|88|89,0.5590
7232.033711,-0.374151,-15.456984,-0.003060,12.912162,0.025701,0.004964,-4.286385,-0.143230,4.288778,84|85|86|87|88|89,0.5645
7232.050377,-0.365280,-15.476212,-0.002919,12.912162,0.025701,0.004964,-4.275935,-0.138408,4.278175,84|85|86|87|88|89,0.5631
7232.067044,-0.358601,-15.496269,-0.002847,12.925231,0.025595,0.005284,-4.278104,-0.134673,4.280223,84|85|86|87|88|89,0.5613
7232.083711,-0.348171,-15.505351,-0.002959,12.932546,0.025134,0.005239,-4.280483,-0.128544,4.282412,84|85|86|87|88|89,0.5628
7232.100377,-0.341296,-15.499713,-0.002854,12.932546,0.025134,0.005239,-4.283547,-0.124807,4.285365,84|85|86|87|88|89,0.5645
7232.117044,-0.358758,-15.518262,-0.001233,12.940330,0.025245,0.005233,-4.281250,-0.134409,4.283359,84|85|86|87|88|89,0.5633
7232.133711,-0.358757,-15.518262,-0.001235,12.954910,0.025834,0.005315,-4.295829,-0.134997,4.297950,84|85|86|87|88|89,0.5643
7232.150377,-0.357831,-15.550370,-0.002717,12.954910,0.025834,0.005315,-4.278379,-0.134494,4.280493,84|85|86|87|88|89,0.5630
7232.167044,-0.350164,-15.555542,-0.002833,12.960994,0.025654,0.005327,-4.281653,-0.130147,4.283631,84|85|86|87|88|89,0.5629
7232.183711,-0.350164,-15.555545,-0.002833,12.967443,0.025011,0.005322,-4.288100,-0.129504,4.290055,84|85|86|87|88|89,0.5644
7232.200377,-0.353301,-15.550553,-0.002073,12.982120,0.025838,0.004886,-4.305490,-0.132036,4.307514,84|85|86|87|88|89,0.5654
7232.217044,-0.360486,-15.560706,-0.001739,12.989940,0.026470,0.004864,-4.307792,-0.136573,4.309957,84|85|86|87|88|89,0.5671
7232.233711,-0.351063,-15.578161,-0.002503,12.989940,0.026470,0.004864,-4.298306,-0.131452,4.300316,84|85|86|87|88|89,0.5663
7232.267044,-0.334419,-15.606974,-0.002202,13.010393,0.026416,0.005300,-4.303099,-0.122352,4.304838,84|85|86|87|88|89,0.5644
7232.283711,-0.337845,-15.607338,-0.002870,13.018236,0.026745,0.005289,-4.310744,-0.124543,4.312543,84|85|86|87|88|89,0.5650
7232.300377,-0.343562,-15.614143,-0.002736,13.025785,0.026977,0.005316,-4.314595,-0.127882,4.316490,84|85|86|87|88|89,0.5653
7232.317044,-0.339696,-15.632586,-0.002911,13.025785,0.026977,0.005316,-4.304572,-0.125781,4.306409,84|85|86|87|88|89,0.5645
7232.333711,-0.337041,-15.645978,-0.003321,13.032674,0.027112,0.005449,-4.304183,-0.124474,4.305983,84|85|86|87|88|89,0.5644
7232.350377,-0.337042,-15.645980,-0.003319,13.039100,0.026772,0.005515,-4.310608,-0.124133,4.312395,84|85|86|87|88|89,0.5646
7232.367044,-0.335340,-15.650283,-0.003130,13.053544,0.026274,0.005591,-4.322713,-0.122711,4.324455,84|85|86|87|88|89,0.5645
7232.400377,-0.340749,-15.650344,-0.002269,13.068061,0.026324,0.005702,-4.337197,-0.125700,4.339018,84|85|86|87|88|89,0.5664
7232.417044,-0.348780,-15.687719,-0.003469,13.074979,0.026136,0.005699,-4.323803,-0.129878,4.325753,84|85|86|87|88|89,0.5662
7232.433711,-0.348780,-15.687719,-0.003468,13.074979,0.026136,0.005699,-4.323803,-0.129877,4.325753,84|85|86|87|88|89,0.5646
7232.450377,-0.352015,-15.705541,-0.002139,13.088844,0.025739,0.005843,-4.327981,-0.131239,4.329971,84|85|86|87|88|89,0.5643
7232.467044,-0.357314,-15.706189,-0.002651,13.088844,0.025739,0.005843,-4.327629,-0.134119,4.329707,84|85|86|87|88|89,0.5638
7232.483711,-0.358594,-15.719160,-0.002609,13.103593,0.026123,0.005888,-4.335329,-0.135198,4.337437,84|85|86|87|88|89|90|91,0.5650
7232.500377,-0.358593,-15.719181,-0.002614,13.110469,0.026805,0.005964,-4.342194,-0.135880,4.344319,84|85|86|87|88|89|90|91,0.5615
7232.517044,-0.357388,-15.732192,-0.002020,13.117027,0.026909,0.006086,-4.341680,-0.135328,4.343789,86|87|88|89|90|91,0.5636
7232.533711,-0.354880,-15.743348,-0.002315,13.117027,0.026909,0.006086,-4.335617,-0.133966,4.337686,86|87|88|89|90|91,0.5623
7232.550377,-0.345695,-15.749431,-0.002127,13.124250,0.026501,0.006053,-4.339534,-0.128566,4.341438,86|87|88|89|90|91,0.5630
7232.567044,-0.351989,-15.760391,-0.001913,13.131517,0.026288,0.006022,-4.340845,-0.131774,4.342844,86|87|88|89|90|91,0.5635
7232.583711,-0.351990,-15.760389,-0.001915,13.146156,0.026188,0.006020,-4.355484,-0.131674,4.357474,86|87|88|89|90|91,0.5630
7232.600377,-0.355473,-15.774314,-0.001435,13.152784,0.026653,0.006014,-4.354545,-0.134032,4.356607,86|87|88|89|90|91,0.5619
7232.617044,-0.357393,-15.803160,-0.001664,13.152784,0.026653,0.006014,-4.338868,-0.135076,4.340970,86|87|88|89|90|91,0.5599
7232.633711,-0.357393,-15.803161,-0.001664,13.165531,0.025852,0.005588,-4.351614,-0.134275,4.353685,86|87|88|89|90|91,0.5612
7232.650377,-0.355899,-15.801584,-0.001000,13.165531,0.025852,0.005588,-4.352471,-0.133463,4.354517,86|87|88|89|90|91,0.5630
7232.667044,-0.362654,-15.806783,-0.000954,13.173074,0.026014,0.004713,-4.357189,-0.137296,4.359352,86|87|88|89|90|91,0.5651
7232.683711,-0.362653,-15.806779,-0.000956,13.187587,0.026949,0.004612,-4.371704,-0.138231,4.373889,86|87|88|89|90|91,0.5638
7232.700377,-0.356220,-15.842978,-0.002152,13.193864,0.026625,0.004873,-4.358308,-0.134411,4.360380,86|87|88|89|90|91,0.5625
7232.717044,-0.346588,-15.845546,-0.002193,13.193864,0.026625,0.004873,-4.356912,-0.129176,4.358827,86|87|88|89|90|91,0.5615
7232.733711,-0.346587,-15.845548,-0.002194,13.208129,0.025872,0.004015,-4.371176,-0.128422,4.373062,86|87|88|89|90|91,0.5623
7232.750377,-0.362436,-15.848258,-0.002227,13.208129,0.025872,0.004015,-4.369703,-0.137036,4.371851,86|87|88|89|90|91,0.5650
7232.767044,-0.361154,-15.866517,-0.003113,13.223060,0.025701,0.004043,-4.374711,-0.136169,4.376829,86|87|88|89|90|91,0.5635
7232.783711,-0.362542,-15.883631,-0.003364,13.223060,0.025701,0.004043,-4.365410,-0.136923,4.367557,86|87|88|89|90|91,0.5626
7232.800377,-0.362541,-15.883628,-0.003365,13.236448,0.027059,0.003830,-4.378799,-0.138280,4.380982,86|87|88|89|90|91,0.5606
7232.817044,-0.364202,-15.899297,-0.003353,13.242660,0.026272,0.003992,-4.376495,-0.138396,4.378683,86|87|88|89|90|91,0.5617
7232.833711,-0.347738,-15.899989,-0.002818,13.242660,0.026272,0.003992,-4.376119,-0.129448,4.378034,86|87|88|89|90|91,0.5627
7232.850377,-0.347738,-15.899994,-0.002813,13.257860,0.026406,0.003803,-4.391316,-0.129582,4.393228,86|87|88|89|90|91,0.5635
7232.867044,-0.359567,-15.900505,-0.003054,13.257860,0.026406,0.003803,-4.391039,-0.136010,4.393145,86|87|88|89|90|91,0.5625
7232.883711,-0.357188,-15.920268,-0.003183,13.265169,0.026831,0.003621,-4.387607,-0.135143,4.389688,86|87|88|89|90|91,0.5633
7232.900377,-0.358504,-15.937437,-0.002768,13.278417,0.026032,0.003030,-4.391524,-0.135059,4.393600,86|87|88|89|90|91,0.5635
7232.917044,-0.356382,-15.945079,-0.002577,13.285507,0.025705,0.002260,-4.394461,-0.133579,4.396491,86|87|88|89|90|91,0.5643
7232.933711,-0.356382,-15.945079,-0.002576,13.285507,0.025705,0.002260,-4.394460,-0.133579,4.396490,86|87|88|89|90|91,0.5650
7232.950377,-0.368854,-15.963285,-0.003964,13.300182,0.025772,0.002209,-4.399241,-0.140424,4.401482,86|87|88|89|90|91,0.5652
7232.967044,-0.368853,-15.963280,-0.003966,13.307296,0.025712,0.001778,-4.406359,-0.140364,4.408594,86|87|88|89|90|91,0.5643
7232.983711,-0.368832,-15.994996,-0.004848,13.307296,0.025712,0.001778,-4.389121,-0.140353,4.391365,86|87|88|89|90|91|92,0.5628
7233.000377,-0.368837,-15.995005,-0.004853,13.320325,0.025171,0.001561,-4.402145,-0.139814,4.404365,86|87|88|89|90|91|92,0.5602
7233.017044,-0.371251,-16.002212,-0.005743,13.327442,0.025091,0.001108,-4.405345,-0.141047,4.407602,86|87|88|89|90|91|92,0.5609
7233.033711,-0.372867,-15.999984,-0.005767,13.335208,0.025481,0.000921,-4.414322,-0.142315,4.416616,86|87|88|89|90|91|92,0.5624
7233.050377,-0.379712,-16.014010,-0.006766,13.342222,0.025840,0.000821,-4.413713,-0.146393,4.416140,87|88|89|90|91|92,0.5638
7233.067044,-0.379713,-16.014010,-0.006766,13.348865,0.025749,0.000809,-4.420356,-0.146303,4.422777,87|88|89|90|91|92,0.5621
7233.083711,-0.374346,-16.033061,-0.007253,13.348865,0.025749,0.000809,-4.410003,-0.143386,4.412333,87|88|89|90|91|92,0.5627
7233.100377,-0.369858,-16.036480,-0.007303,13.362665,0.025486,0.000504,-4.421944,-0.140685,4.424181,87|88|89|90|91|92,0.5642
7233.117044,-0.371188,-16.038960,-0.006694,13.362665,0.025486,0.000504,-4.420596,-0.141407,4.422857,87|88|89|90|91|92,0.5651
7233.133711,-0.374769,-16.053624,-0.006837,13.370510,0.026261,0.000473,-4.420472,-0.144129,4.422821,87|88|89|90|91|92,0.5656
7233.150377,-0.364007,-16.074777,-0.006739,13.378353,0.026926,0.000535,-4.416819,-0.138945,4.419004,87|88|89|90|91|92,0.5635
7233.167044,-0.354412,-16.092797,-0.006675,13.384840,0.027626,0.000757,-4.413512,-0.134430,4.415559,87|88|89|90|91|92,0.5620
7233.183711,-0.354411,-16.092799,-0.006677,13.398658,0.026380,0.001546,-4.427330,-0.133184,4.429332,87|88|89|90|91|92,0.5623
7233.200377,-0.350609,-16.089364,-0.006448,13.398658,0.026380,0.001546,-4.429197,-0.131117,4.431137,87|88|89|90|91|92,0.5646
7233.217044,-0.365200,-16.099643,-0.005521,13.414125,0.026462,0.001054,-4.439077,-0.139129,4.441256,87|88|89|90|91|92,0.5636
7233.233711,-0.365199,-16.099645,-0.005519,13.421432,0.026820,0.001074,-4.446383,-0.139487,4.448570,87|88|89|90|91|92,0.5640
7233.250377,-0.362702,-16.119230,-0.006597,13.427551,0.026996,0.001072,-4.441858,-0.138305,4.444010,87|88|89|90|91|92,0.5625
7233.267044,-0.357897,-16.145000,-0.005832,13.427551,0.026996,0.001072,-4.427852,-0.135694,4.429931,87|88|89|90|91|92,0.5626
7233.283711,-0.357896,-16.145004,-0.005831,13.434040,0.026587,0.001118,-4.434338,-0.135284,4.436402,87|88|89|90|91|92,0.5641
7233.300377,-0.361395,-16.141402,-0.006426,13.440652,0.026112,0.001169,-4.442909,-0.136711,4.445012,87|88|89|90|91|92,0.5646
7233.317044,-0.368405,-16.144076,-0.006132,13.448089,0.026633,0.001079,-4.448892,-0.141042,4.451127,87|88|89|90|91|92,0.5646
7233.333711,-0.360184,-16.159733,-0.006122,13.455800,0.027432,0.000980,-4.448094,-0.137373,4.450215,87|88|89|90|91|92,0.5653
7233.350377,-0.348656,-16.180953,-0.006171,13.469722,0.028106,0.001309,-4.450484,-0.131781,4.452434,87|88|89|90|91|92,0.5637
7233.367044,-0.348655,-16.180954,-0.006168,13.476676,0.027615,0.001368,-4.457437,-0.131291,4.459371,87|88|89|90|91|92,0.5618
7233.383711,-0.339097,-16.193713,-0.006353,13.476676,0.027615,0.001368,-4.450503,-0.126096,4.452289,87|88|89|90|91|92,0.5624
7233.400377,-0.346221,-16.200565,-0.006551,13.491830,0.027914,0.001148,-4.461933,-0.130267,4.463834,87|88|89|90|91|92,0.5619
7233.417044,-0.346342,-16.213150,-0.006489,13.491830,0.027914,0.001148,-4.455094,-0.130332,4.457000,87|88|89|90|91|92,0.5626
7233.433711,-0.346346,-16.213151,-0.006495,13.499004,0.027949,0.001227,-4.462266,-0.130370,4.464170,87|88|89|90|91|92,0.5637
7233.450377,-0.341696,-16.230969,-0.006646,13.511966,0.027184,0.001309,-4.465545,-0.127077,4.467353,87|88|89|90|91|92,0.5646
7233.467044,-0.345263,-16.239772,-0.006315,13.511966,0.027184,0.001309,-4.460761,-0.129016,4.462626,87|88|89|90|91|92,0.5636
7233.483711,-0.345258,-16.239774,-0.006308,13.519075,0.026942,0.001273,-4.467868,-0.128772,4.469724,87|88|89|90|91|92,0.5631
7233.500377,-0.355228,-16.254681,-0.006906,13.526575,0.027094,0.001297,-4.467266,-0.134342,4.469286,87|88|89|90|91|92,0.5649
7233.517044,-0.353496,-16.272428,-0.006555,13.533893,0.027186,0.001315,-4.464940,-0.133492,4.466935,87|88|89|90|91|92|93|94,0.5629
7233.533711,-0.353471,-16.272459,-0.006522,13.547603,0.026603,0.001179,-4.478633,-0.132897,4.480604,87|88|89|90|91|92|93|94,0.5528
7233.550377,-0.356326,-16.295912,-0.005273,13.547603,0.026603,0.001179,-4.465887,-0.134448,4.467910,89|90|91|92|93|94,0.5640
7233.583711,-0.365548,-16.302927,-0.005753,13.561912,0.026457,0.001470,-4.476383,-0.139314,4.478551,89|90|91|92|93|94,0.5651
7233.600377,-0.363785,-16.317567,-0.005477,13.569415,0.026626,0.001440,-4.475931,-0.138525,4.478074,89|90|91|92|93|94,0.5637
7233.617044,-0.361491,-16.331073,-0.005415,13.582283,0.027465,0.001401,-4.481457,-0.138117,4.483585,89|90|91|92|93|94,0.5620
7233.633711,-0.361491,-16.331072,-0.005414,13.589326,0.026885,0.001357,-4.488501,-0.137537,4.490608,89|90|91|92|93|94,0.5615
7233.650377,-0.350163,-16.331717,-0.005055,13.596458,0.026596,0.000889,-4.495282,-0.131092,4.497193,89|90|91|92|93|94,0.5629
7233.667044,-0.358333,-16.339890,-0.004795,13.596458,0.026596,0.000889,-4.490841,-0.135532,4.492885,89|90|91|92|93|94,0.5640
7233.683711,-0.358333,-16.339890,-0.004794,13.611123,0.026622,0.000643,-4.505506,-0.135557,4.507545,89|90|91|92|93|94,0.5633
7233.700377,-0.360510,-16.370668,-0.005731,13.611123,0.026622,0.000643,-4.488779,-0.136741,4.490861,89|90|91|92|93|94,0.5617
7233.717044,-0.360688,-16.386276,-0.005707,13.618074,0.026828,0.000757,-4.487247,-0.137044,4.489339,89|90|91|92|93|94,0.5607
7233.733711,-0.357393,-16.391488,-0.005643,13.630916,0.026250,0.000726,-4.497257,-0.134675,4.499273,89|90|91|92|93|94,0.5608
7233.750377,-0.357393,-16.391488,-0.005642,13.637889,0.026160,0.000236,-4.504230,-0.134585,4.506240,89|90|91|92|93|94,0.5620
7233.767044,-0.365895,-16.391347,-0.006079,13.645358,0.026531,0.000019,-4.511775,-0.139576,4.513934,89|90|91|92|93|94,0.5635
7233.783711,-0.365830,-16.402333,-0.006706,13.645358,0.026531,0.000019,-4.505805,-0.139542,4.507965,89|90|91|92|93|94,0.5627
7233.800377,-0.365831,-16.402334,-0.006705,13.652503,0.027067,-0.000016,-4.512949,-0.140078,4.515123,89|90|91|92|93|94,0.5608
7233.817044,-0.360165,-16.422832,-0.007040,13.658765,0.026974,-0.000043,-4.508071,-0.136906,4.510149,89|90|91|92|93|94,0.5605
7233.833711,-0.353035,-16.430096,-0.007049,13.665452,0.026164,-0.000017,-4.510810,-0.132221,4.512748,89|90|91|92|93|94,0.5623
7233.850377,-0.365613,-16.433426,-0.006863,13.672572,0.025932,-0.000172,-4.516120,-0.138825,4.518254,89|90|91|92|93|94,0.5642
7233.867044,-0.365616,-16.433424,-0.006859,13.687585,0.026185,-0.000252,-4.531134,-0.139079,4.533268,89|90|91|92|93|94,0.5644
7233.883711,-0.366100,-16.463200,-0.007447,13.687585,0.026185,-0.000252,-4.514952,-0.139342,4.517101,89|90|91|92|93|94,0.5629
7233.900377,-0.366099,-16.463200,-0.007451,13.701189,0.027119,-0.000240,-4.528555,-0.140276,4.530727,89|90|91|92|93|94,0.5625
7233.917044,-0.364721,-16.477897,-0.007502,13.701189,0.027119,-0.000240,-4.520568,-0.139527,4.522721,89|90|91|92|93|94,0.5607
7233.933711,-0.352235,-16.484684,-0.007545,13.707284,0.026385,-0.000143,-4.522975,-0.132007,4.524901,89|90|91|92|93|94,0.5606
7233.950377,-0.363195,-16.482448,-0.007687,13.721853,0.026612,0.000002,-4.538759,-0.138191,4.540862,89|90|91|92|93|94,0.5610
7233.967044,-0.364521,-16.492334,-0.006782,13.729757,0.026772,-0.000091,-4.541290,-0.139071,4.543419,89|90|91|92|93|94,0.5629
7233.983711,-0.364521,-16.492332,-0.006782,13.729757,0.026772,-0.000091,-4.541291,-0.139071,4.543420,89|90|91|92|93|94,0.5622
7234.000377,-0.360130,-16.510880,-0.007141,13.743406,0.026132,-0.000133,-4.544859,-0.136045,4.546895,89|90|91|92|93|94,0.5612
7234.017044,-0.358328,-16.528508,-0.007202,13.743406,0.026132,-0.000133,-4.535279,-0.135066,4.537290,89|90|91|92|93|94,0.5630
7234.033711,-0.367171,-16.533999,-0.007071,13.757627,0.025637,-0.000417,-4.546516,-0.139376,4.548652,89|90|91|92|93|94,0.5639
7234.050377,-0.366568,-16.535148,-0.007153,13.764970,0.025690,-0.000445,-4.553235,-0.139102,4.555359,89|90|91|92|93|94|95,0.5592
7234.067044,-0.373658,-16.560619,-0.007769,13.772197,0.025492,-0.000640,-4.546618,-0.142758,4.548859,89|90|91|92|93|94|95,0.5583
7234.083711,-0.373084,-16.577492,-0.008019,13.772197,0.025492,-0.000640,-4.537448,-0.142446,4.539684,90|91|92|93|94|95,0.5635
7234.100377,-0.376577,-16.588468,-0.007857,13.778863,0.025401,-0.000631,-4.538149,-0.144253,4.540442,90|91|92|93|94|95,0.5631
7234.117044,-0.376579,-16.588471,-0.007863,13.792278,0.024701,-0.000916,-4.551562,-0.143554,4.553825,90|91|92|93|94|95,0.5650
7234.133711,-0.381535,-16.589131,-0.007678,13.800067,0.025119,-0.001168,-4.558993,-0.146666,4.561351,90|91|92|93|94|95,0.5646
7234.150377,-0.381534,-16.589131,-0.007677,13.807172,0.025513,-0.001289,-4.566098,-0.147059,4.568466,90|91|92|93|94|95,0.5638
7234.167044,-0.386951,-16.595908,-0.007971,13.813785,0.025575,-0.001312,-4.569027,-0.150065,4.571491,90|91|92|93|94|95,0.5623
7234.183711,-0.380491,-16.616613,-0.008193,13.820514,0.025262,-0.001402,-4.564504,-0.146242,4.566846,90|91|92|93|94|95,0.5626
7234.217044,-0.378570,-16.628782,-0.008735,13.827321,0.024933,-0.001442,-4.564698,-0.144869,4.566996,90|91|92|93|94|95,0.5650
7234.233711,-0.378570,-16.628783,-0.008735,13.842744,0.026409,-0.001529,-4.580120,-0.146344,4.582458,90|91|92|93|94|95,0.5649
7234.250377,-0.371572,-16.655789,-0.008765,13.842744,0.026409,-0.001529,-4.565443,-0.142541,4.567667,90|91|92|93|94|95,0.5632
7234.267044,-0.360921,-16.676251,-0.008612,13.849273,0.027060,-0.001396,-4.560851,-0.137404,4.562920,90|91|92|93|94|95,0.5610
7234.283711,-0.360923,-16.676252,-0.008618,13.862867,0.025976,-0.001181,-4.574444,-0.136321,4.576475,90|91|92|93|94|95,0.5620
7234.300377,-0.353445,-16.673548,-0.007628,13.862867,0.025976,-0.001181,-4.575914,-0.132256,4.577825,90|91|92|93|94|95,0.5626
7234.317044,-0.367771,-16.683815,-0.007594,13.877845,0.026023,-0.001437,-4.585312,-0.140089,4.587452,90|91|92|93|94|95,0.5632
7234.333711,-0.367770,-16.683816,-0.007595,13.885446,0.026115,-0.001487,-4.592913,-0.140181,4.595051,90|91|92|93|94|95,0.5627
7234.350377,-0.370377,-16.696443,-0.008458,13.891746,0.026324,-0.001656,-4.592350,-0.141807,4.594539,90|91|92|93|94|95,0.5626
7234.367044,-0.364870,-16.729207,-0.008689,13.891746,0.026324,-0.001656,-4.574543,-0.138814,4.576649,90|91|92|93|94|95,0.5622
7234.383711,-0.364870,-16.729211,-0.008695,13.904933,0.025716,-0.001609,-4.587728,-0.138206,4.589810,90|91|92|93|94|95,0.5634
7234.400377,-0.364276,-16.726377,-0.009030,13.904933,0.025716,-0.001609,-4.589269,-0.137883,4.591340,90|91|92|93|94|95,0.5648
7234.417044,-0.370475,-16.729266,-0.008574,13.911926,0.025689,-0.001883,-4.594691,-0.141225,4.596861,90|91|92|93|94|95,0.5658
7234.433711,-0.369820,-16.737939,-0.008882,13.919734,0.026525,-0.002076,-4.597786,-0.141706,4.599969,90|91|92|93|94|95,0.5659
7234.450377,-0.369821,-16.737935,-0.008878,13.934068,0.027404,-0.001785,-4.612122,-0.142585,4.614326,90|91|92|93|94|95,0.5639
7234.467044,-0.357193,-16.758279,-0.008781,13.934068,0.027404,-0.001785,-4.601066,-0.135722,4.603067,90|91|92|93|94|95,0.5626
7234.483711,-0.344114,-16.777466,-0.009368,13.941034,0.027079,-0.001717,-4.597603,-0.128289,4.599393,90|91|92|93|94|95,0.5641
7234.500377,-0.348912,-16.784661,-0.009122,13.948034,0.026643,-0.001732,-4.600693,-0.130461,4.602542,90|91|92|93|94|95,0.5639
7234.517044,-0.354732,-16.791668,-0.008867,13.955802,0.027099,-0.001610,-4.604654,-0.134080,4.606605,90|91|92|93|94|95,0.5632
7234.533711,-0.347318,-16.813559,-0.009267,13.963195,0.027136,-0.001471,-4.600149,-0.130088,4.601988,90|91|92|93|94|95|96,0.5546
7234.550377,-0.347283,-16.813646,-0.009320,13.976215,0.026628,-0.001273,-4.613122,-0.129561,4.614941,90|91|92|93|94|95|96,0.5621
7234.567044,-0.347703,-16.824363,-0.008292,13.982849,0.025989,-0.001246,-4.613931,-0.129149,4.615738,90|91|92|93|94|95|96|97,0.5635
7234.583711,-0.351278,-16.825919,-0.008151,13.990489,0.026234,-0.001110,-4.620726,-0.131338,4.622592,90|91|92|93|94|95|96|97,0.5643
7234.600377,-0.354878,-16.827778,-0.008292,13.990489,0.026234,-0.001110,-4.619715,-0.133294,4.621638,90|91|92|93|94|95|96|97,0.5543
7234.617044,-0.360282,-16.853402,-0.008382,13.997871,0.026367,-0.001061,-4.613171,-0.136364,4.615186,92|93|94|95|96|97,0.5636
7234.633711,-0.358351,-16.868417,-0.008545,14.005082,0.026179,-0.001011,-4.612223,-0.135127,4.614202,92|93|94|95|96|97,0.5629
7234.650377,-0.358351,-16.868418,-0.008543,14.018558,0.025496,-0.001018,-4.625697,-0.134443,4.627651,92|93|94|95|96|97,0.5640
7234.667044,-0.360622,-16.878247,-0.008272,14.025804,0.025504,-0.000841,-4.627601,-0.135686,4.629590,92|93|94|95|96|97,0.5645
7234.683711,-0.366185,-16.882497,-0.008577,14.033273,0.025818,-0.000799,-4.632761,-0.139023,4.634846,92|93|94|95|96|97,0.5642
7234.700377,-0.370271,-16.896718,-0.008143,14.033273,0.025818,-0.000799,-4.625032,-0.141243,4.627188,92|93|94|95|96|97,0.5633
7234.717044,-0.366258,-16.909522,-0.008351,14.040510,0.026436,-0.000758,-4.625310,-0.139681,4.627419,92|93|94|95|96|97,0.5608
7234.733711,-0.357291,-16.917965,-0.008551,14.046958,0.026539,-0.000651,-4.627170,-0.134911,4.629137,92|93|94|95|96|97,0.5598
7234.767044,-0.357289,-16.917967,-0.008547,14.067666,0.025463,-0.001954,-4.647877,-0.133834,4.649803,92|93|94|95|96|97,0.5624
7234.783711,-0.370363,-16.926313,-0.008971,14.067666,0.025463,-0.001954,-4.643341,-0.140939,4.645479,92|93|94|95|96|97,0.5629
7234.800377,-0.366359,-16.946387,-0.009557,14.075208,0.025525,-0.002049,-4.639973,-0.138825,4.642049,92|93|94|95|96|97,0.5619
7234.817044,-0.366359,-16.946385,-0.009555,14.088958,0.025468,-0.001897,-4.653724,-0.138768,4.655792,92|93|94|95|96|97,0.5606
7234.833711,-0.365631,-16.964846,-0.010113,14.095397,0.025245,-0.001847,-4.650130,-0.138150,4.652182,92|93|94|95|96|97,0.5612
7234.850377,-0.365668,-16.975960,-0.009288,14.095397,0.025245,-0.001847,-4.644090,-0.138170,4.646145,92|93|94|95|96|97,0.5619
7234.867044,-0.368641,-16.976751,-0.009451,14.102073,0.024728,-0.001943,-4.650336,-0.139268,4.652421,92|93|94|95|96|97,0.5626
7234.883711,-0.375354,-16.982152,-0.009214,14.109773,0.025083,-0.002523,-4.655100,-0.143272,4.657304,92|93|94|95|96|97,0.5631
7234.900377,-0.368557,-17.004201,-0.009950,14.117233,0.025764,-0.002472,-4.650577,-0.140259,4.652691,92|93|94|95|96|97,0.5608
7234.917044,-0.359004,-17.015983,-0.010435,14.130088,0.025070,-0.002324,-4.657029,-0.134373,4.658968,92|93|94|95|96|97,0.5606
7234.933711,-0.359003,-17.015987,-0.010438,14.136949,0.024410,-0.002341,-4.663888,-0.133713,4.665804,92|93|94|95|96|97,0.5617
7234.950377,-0.368375,-17.018161,-0.010057,14.136949,0.024410,-0.002341,-4.662706,-0.138806,4.664772,92|93|94|95|96|97,0.5629
7234.967044,-0.368374,-17.018162,-0.010056,14.144790,0.024633,-0.002331,-4.670547,-0.139028,4.672616,92|93|94|95|96|97,0.5636
7234.983711,-0.373958,-17.045383,-0.010170,14.159473,0.025202,-0.002298,-4.670435,-0.142632,4.672613,92|93|94|95|96|97,0.5620
7235.000377,-0.372411,-17.060482,-0.010222,14.159473,0.025202,-0.002298,-4.662229,-0.141792,4.664385,92|93|94|95|96|97,0.5619
7235.017044,-0.364766,-17.069809,-0.009508,14.172082,0.025269,-0.002612,-4.669770,-0.137704,4.671800,92|93|94|95|96|97,0.5615
7235.033711,-0.358194,-17.072237,-0.010676,14.178737,0.024736,-0.002533,-4.675105,-0.133599,4.677013,92|93|94|95|96|97,0.5608
7235.050377,-0.366045,-17.067109,-0.010973,14.186393,0.025143,-0.002013,-4.685548,-0.138272,4.687588,92|93|94|95|96|97,0.5622
7235.067044,-0.373121,-17.073444,-0.011027,14.194335,0.025299,-0.002036,-4.690048,-0.142274,4.692205,92|93|94|95|96|97,0.5629
7235.083711,-0.369080,-17.093334,-0.009893,14.201089,0.025340,-0.001933,-4.685991,-0.140119,4.688086,92|93|94|95|96|97|98,0.5566
7235.117044,-0.365933,-17.112443,-0.009838,14.207713,0.025078,-0.001810,-4.682231,-0.138147,4.684268,92|93|94|95|96|97|98,0.5595
7235.133711,-0.370104,-17.115313,-0.010809,14.214742,0.024288,-0.001951,-4.687699,-0.139625,4.689778,93|94|95|96|97|98,0.5649
7235.150377,-0.370105,-17.115315,-0.010808,14.222125,0.024234,-0.002523,-4.695081,-0.139571,4.697156,93|94|95|96|97|98,0.5649
7235.167044,-0.380811,-17.141063,-0.011795,14.229577,0.024300,-0.002514,-4.688540,-0.145456,4.690796,93|94|95|96|97|98,0.5640
7235.183711,-0.379803,-17.157155,-0.011853,14.236970,0.024243,-0.002600,-4.687187,-0.144850,4.689425,93|94|95|96|97|98,0.5633
7235.200377,-0.379807,-17.157153,-0.011856,14.250180,0.023876,-0.002662,-4.700399,-0.144486,4.702619,93|94|95|96|97|98,0.5620
7235.217044,-0.383655,-17.171774,-0.010964,14.256990,0.023253,-0.002703,-4.699261,-0.145953,4.701527,93|94|95|96|97|98,0.5633
7235.233711,-0.383653,-17.171778,-0.010959,14.264388,0.023461,-0.003079,-4.706658,-0.146161,4.708927,93|94|95|96|97|98,0.5626
7235.250377,-0.394345,-17.177322,-0.011535,14.264388,0.023461,-0.003079,-4.703645,-0.151972,4.706100,93|94|95|96|97|98,0.5628
7235.267044,-0.394344,-17.177320,-0.011538,14.278453,0.024188,-0.002960,-4.717711,-0.152698,4.720182,93|94|95|96|97|98,0.5627
7235.283711,-0.380183,-17.206841,-0.011790,14.278453,0.024188,-0.002960,-4.701667,-0.145002,4.703902,93|94|95|96|97|98,0.5621
7235.300377,-0.380183,-17.206842,-0.011786,14.291839,0.023273,-0.003196,-4.715052,-0.144087,4.717253,93|94|95|96|97|98,0.5636
7235.317044,-0.384978,-17.210268,-0.011110,14.291839,0.023273,-0.003196,-4.713190,-0.146694,4.715473,93|94|95|96|97|98,0.5652
7235.333711,-0.384979,-17.210268,-0.011110,14.299360,0.023694,-0.003431,-4.720711,-0.147115,4.723003,93|94|95|96|97|98,0.5658
7235.350377,-0.391869,-17.214582,-0.011091,14.314863,0.025364,-0.003831,-4.733869,-0.152530,4.736326,93|94|95|96|97|98,0.5653
7235.367044,-0.372669,-17.251515,-0.012159,14.321191,0.025125,-0.003793,-4.720126,-0.141855,4.722257,93|94|95|96|97|98,0.5631
7235.383711,-0.360450,-17.264268,-0.012217,14.321191,0.025125,-0.003793,-4.713195,-0.135215,4.715134,93|94|95|96|97|98,0.5618
7235.400377,-0.363413,-17.261824,-0.011769,14.327977,0.024532,-0.003700,-4.721309,-0.136232,4.723274,93|94|95|96|97|98,0.5632
7235.417044,-0.371491,-17.267223,-0.011678,14.335160,0.023951,-0.004026,-4.725558,-0.140041,4.727633,93|94|95|96|97|98,0.5633
7235.433711,-0.371489,-17.267221,-0.011685,14.350660,0.024230,-0.004110,-4.741058,-0.140320,4.743134,93|94|95|96|97|98,0.5631
7235.450377,-0.376693,-17.297593,-0.012176,14.350660,0.024230,-0.004110,-4.724552,-0.143148,4.726720,93|94|95|96|97|98,0.5625
7235.467044,-0.376694,-17.297593,-0.012180,14.356904,0.024782,-0.004096,-4.730796,-0.143700,4.732978,93|94|95|96|97|98,0.5616
7235.483711,-0.365444,-17.307739,-0.011379,14.363336,0.024552,-0.003990,-4.731714,-0.137356,4.733707,93|94|95|96|97|98,0.5636
7235.500377,-0.368581,-17.308470,-0.010553,14.376994,0.023696,-0.004128,-4.744975,-0.138205,4.746987,93|94|95|96|97|98,0.5643
7235.517044,-0.368581,-17.308473,-0.010553,14.376994,0.023696,-0.004128,-4.744974,-0.138205,4.746986,93|94|95|96|97|98,0.5650
7235.533711,-0.376547,-17.312034,-0.010734,14.392763,0.025381,-0.003986,-4.758806,-0.144219,4.760991,93|94|95|96|97|98,0.5651
7235.550377,-0.368246,-17.340819,-0.011511,14.399461,0.025723,-0.003877,-4.749861,-0.140050,4.751925,93|94|95|96|97|98,0.5641
7235.567044,-0.354114,-17.361508,-0.011147,14.399461,0.025723,-0.003877,-4.738617,-0.132370,4.740465,93|94|95|96|97|98,0.5628
7235.583711,-0.349086,-17.364192,-0.011680,14.413240,0.024847,-0.003794,-4.750937,-0.128761,4.752681,93|94|95|96|97|98|99,0.5542
7235.600377,-0.350083,-17.365007,-0.010072,14.420978,0.025089,-0.004037,-4.758232,-0.129545,4.759995,93|94|95|96|97|98|99|100,0.5517
7235.617044,-0.353999,-17.368045,-0.010385,14.428602,0.025489,-0.003752,-4.764205,-0.132073,4.766035,93|94|95|96|97|98|99|100,0.5640
7235.633711,-0.361749,-17.376192,-0.010805,14.434987,0.025452,-0.003597,-4.766163,-0.136248,4.768110,93|94|95|96|97|98|99|100,0.5502
7235.650377,-0.350594,-17.407260,-0.010909,14.434987,0.025452,-0.003597,-4.749278,-0.130186,4.751062,95|96|97|98|99|100,0.5615
7235.667044,-0.350806,-17.405425,-0.010605,14.441343,0.025143,-0.003228,-4.756631,-0.129992,4.758406,95|96|97|98|99|100,0.5630
7235.683711,-0.356271,-17.407068,-0.009872,14.455962,0.024281,-0.003167,-4.770357,-0.132101,4.772186,95|96|97|98|99|100,0.5636
7235.700377,-0.369797,-17.416434,-0.010075,14.455962,0.024281,-0.003167,-4.765267,-0.139452,4.767307,95|96|97|98|99|100,0.5641
7235.717044,-0.369796,-17.416433,-0.010076,14.470805,0.024276,-0.002728,-4.780111,-0.139446,4.782144,95|96|97|98|99|100,0.5630
7235.733711,-0.368097,-17.451279,-0.010222,14.470805,0.024276,-0.002728,-4.761173,-0.138523,4.763187,95|96|97|98|99|100,0.5610
7235.750377,-0.366387,-17.463507,-0.009751,14.484103,0.023467,-0.002757,-4.767825,-0.136784,4.769787,95|96|97|98|99|100,0.5601
7235.767044,-0.371934,-17.466961,-0.009603,14.484103,0.023467,-0.002757,-4.765948,-0.139799,4.767998,95|96|97|98|99|100,0.5607
7235.783711,-0.371932,-17.466961,-0.009607,14.491090,0.023434,-0.002656,-4.772935,-0.139765,4.774980,95|96|97|98|99|100,0.5613
7235.800377,-0.377840,-17.477795,-0.009288,14.505895,0.024124,-0.002505,-4.781851,-0.143666,4.784009,95|96|97|98|99|100,0.5619
7235.817044,-0.375077,-17.491276,-0.009279,14.512950,0.024709,-0.002432,-4.781580,-0.142749,4.783710,95|96|97|98|99|100,0.5630
7235.833711,-0.367992,-17.500542,-0.009103,14.519016,0.024147,-0.002169,-4.782609,-0.138336,4.784610,95|96|97|98|99|100,0.5617
7235.850377,-0.367992,-17.500542,-0.009100,14.519016,0.024147,-0.002169,-4.782609,-0.138337,4.784610,95|96|97|98|99|100,0.5613
7235.867044,-0.368490,-17.501439,-0.008787,14.533048,0.023673,-0.002558,-4.796154,-0.138134,4.798143,95|96|97|98|99|100,0.5633
7235.883711,-0.375774,-17.509966,-0.008897,14.540212,0.023781,-0.002497,-4.798684,-0.142200,4.800791,95|96|97|98|99|100,0.5638
7235.900377,-0.373547,-17.529769,-0.009110,14.540212,0.023781,-0.002497,-4.787921,-0.140990,4.789997,95|96|97|98|99|100,0.5627
7235.917044,-0.371808,-17.543579,-0.009286,14.554204,0.023871,-0.002506,-4.794408,-0.140135,4.796456,95|96|97|98|99|100,0.5626
7235.933711,-0.369786,-17.556860,-0.010067,14.554204,0.023871,-0.002506,-4.787190,-0.139036,4.789209,95|96|97|98|99|100,0.5607
7235.950377,-0.370295,-17.559308,-0.010383,14.560693,0.023634,-0.002469,-4.792349,-0.139076,4.794366,95|96|97|98|99|100,0.5613
7235.967044,-0.370295,-17.559309,-0.010383,14.575042,0.023246,-0.002740,-4.806697,-0.138688,4.808698,95|96|97|98|99|100,0.5623
7235.983711,-0.382867,-17.564756,-0.011374,14.575042,0.023246,-0.002740,-4.803737,-0.145520,4.805940,95|96|97|98|99|100,0.5627
7236.000377,-0.382867,-17.564757,-0.011373,14.589269,0.024188,-0.002567,-4.817963,-0.146462,4.820189,95|96|97|98|99|100,0.5609
7236.017044,-0.377734,-17.586476,-0.011821,14.595481,0.023876,-0.002493,-4.812372,-0.143360,4.814507,95|96|97|98|99|100,0.5613
7236.033711,-0.368959,-17.597285,-0.011327,14.595481,0.023876,-0.002493,-4.806497,-0.138592,4.808495,95|96|97|98|99|100,0.5615
7236.050377,-0.369454,-17.599337,-0.010574,14.610152,0.023083,-0.002257,-4.820053,-0.138067,4.822030,95|96|97|98|99|100,0.5627
7236.067044,-0.381805,-17.608126,-0.010374,14.617723,0.023038,-0.002285,-4.822847,-0.144736,4.825018,95|96|97|98|99|100,0.5628
7236.083711,-0.381804,-17.608123,-0.010373,14.624912,0.023500,-0.002102,-4.830037,-0.145197,4.832219,95|96|97|98|99|100,0.5640
7236.100377,-0.381921,-17.644028,-0.009793,14.624912,0.023500,-0.002102,-4.810524,-0.145260,4.812717,95|96|97|98|99|100|101,0.5570
7236.117044,-0.374256,-17.652097,-0.009843,14.631780,0.024130,-0.002180,-4.813007,-0.141725,4.815093,95|96|97|98|99|100|101,0.5624
7236.133711,-0.365006,-17.658754,-0.010136,14.644479,0.023404,-0.002072,-4.822088,-0.135972,4.824005,95|96|97|98|99|100|101,0.5611
7236.167044,-0.377355,-17.658041,-0.010346,14.652213,0.023596,-0.001815,-4.830210,-0.142875,4.832323,95|96|97|98|99|100|101,0.5620
7236.183711,-0.375360,-17.678452,-0.009405,14.666890,0.023985,-0.002009,-4.833794,-0.142181,4.835885,96|97|98|99|100|101,0.5627
7236.200377,-0.373704,-17.692421,-0.008817,14.666890,0.023985,-0.002009,-4.826202,-0.141280,4.828270,96|97|98|99|100|101,0.5621
7236.217044,-0.370579,-17.699609,-0.008829,14.673414,0.023743,-0.002082,-4.828819,-0.139340,4.830829,96|97|98|99|100|101,0.5624
7236.233711,-0.370581,-17.699611,-0.008827,14.687869,0.022540,-0.002815,-4.843273,-0.138137,4.845243,96|97|98|99|100|101,0.5638
7236.250377,-0.373926,-17.699501,-0.008316,14.695377,0.022380,-0.002940,-4.850840,-0.139796,4.852854,96|97|98|99|100|101,0.5647
7236.267044,-0.388823,-17.724545,-0.008717,14.695377,0.022380,-0.002940,-4.837230,-0.147892,4.839490,96|97|98|99|100|101,0.5646
7236.283711,-0.390444,-17.741525,-0.009252,14.702842,0.022440,-0.002700,-4.835467,-0.148833,4.837757,96|97|98|99|100|101,0.5641
7236.300377,-0.388305,-17.755604,-0.009506,14.715552,0.022697,-0.002400,-4.840525,-0.147927,4.842785,96|97|98|99|100|101,0.5636
7236.317044,-0.388307,-17.755609,-0.009502,14.722652,0.021607,-0.002358,-4.847622,-0.146838,4.849845,96|97|98|99|100|101,0.5633
7236.333711,-0.385919,-17.751263,-0.008882,14.722652,0.021607,-0.002358,-4.849984,-0.145540,4.852167,96|97|98|99|100|101,0.5653
7236.367044,-0.385915,-17.751260,-0.008881,14.737680,0.022335,-0.002734,-4.865014,-0.146267,4.867212,96|97|98|99|100|101,0.5642
7236.383711,-0.388472,-17.789849,-0.009002,14.744672,0.022854,-0.002870,-4.851034,-0.148175,4.853296,96|97|98|99|100|101,0.5634
7236.400377,-0.388472,-17.789849,-0.009000,14.757835,0.021762,-0.002898,-4.864196,-0.147083,4.866419,96|97|98|99|100|101,0.5642
7236.417044,-0.381833,-17.794407,-0.009463,14.765346,0.021933,-0.003128,-4.869230,-0.143646,4.871349,96|97|98|99|100|101,0.5644
7236.450377,-0.393697,-17.814303,-0.010324,14.773315,0.022580,-0.003542,-4.866386,-0.150741,4.868720,96|97|98|99|100|101,0.5651
7236.467044,-0.393695,-17.814300,-0.010325,14.787839,0.024118,-0.003420,-4.880912,-0.152278,4.883287,96|97|98|99|100|101,0.5627
7236.483711,-0.367891,-17.850857,-0.010620,14.793931,0.023735,-0.002855,-4.867136,-0.137872,4.869089,96|97|98|99|100|101,0.5636
7236.500377,-0.367893,-17.850859,-0.010617,14.793931,0.023735,-0.002855,-4.867135,-0.137873,4.869088,96|97|98|99|100|101,0.5635
7236.517044,-0.368680,-17.848149,-0.010066,14.801183,0.022821,-0.002765,-4.875860,-0.137386,4.877795,96|97|98|99|100|101,0.5642
7236.533711,-0.368682,-17.848148,-0.010070,14.816451,0.022821,-0.002369,-4.891129,-0.137387,4.893058,96|97|98|99|100|101,0.5634
7236.550377,-0.383554,-17.880521,-0.008860,14.816451,0.022821,-0.002369,-4.873535,-0.145470,4.875705,96|97|98|99|100|101,0.5627
7236.567044,-0.383554,-17.880521,-0.008860,14.823201,0.023694,-0.002382,-4.880285,-0.146342,4.882478,96|97|98|99|100|101,0.5637
7236.583711,-0.369002,-17.897720,-0.008968,14.829719,0.023842,-0.002377,-4.877455,-0.138582,4.879423,96|97|98|99|100|101,0.5625
7236.600377,-0.367108,-17.896272,-0.009017,14.843076,0.022515,-0.002415,-4.891599,-0.136226,4.893496,96|97|98|99|100|101,0.5611
7236.617044,-0.376583,-17.897999,-0.009242,14.850915,0.023043,-0.002570,-4.898500,-0.141904,4.900554,96|97|98|99|100|101,0.5618
7236.633711,-0.384840,-17.903805,-0.009272,14.850915,0.023043,-0.002570,-4.895344,-0.146392,4.897533,96|97|98|99|100|101,0.5643
7236.650377,-0.377060,-17.925430,-0.009503,14.858857,0.023868,-0.002403,-4.891534,-0.142988,4.893623,96|97|98|99|100|101|102|103,0.5633
7236.667044,-0.364704,-17.944331,-0.009376,14.872518,0.024307,-0.002157,-4.894922,-0.136712,4.896830,96|97|98|99|100|101|102|103,0.5490
7236.683711,-0.354084,-17.955860,-0.010333,14.872518,0.024307,-0.002157,-4.888656,-0.130940,4.890409,98|99|100|101|102|103,0.5625
7236.700377,-0.354086,-17.955858,-0.010332,14.887099,0.023763,-0.002209,-4.903239,-0.130397,4.904972,98|99|100|101|102|103,0.5639
7236.717044,-0.366548,-17.961117,-0.009584,14.894675,0.024093,-0.001921,-4.907957,-0.137500,4.909883,98|99|100|101|102|103,0.5637
7236.733711,-0.366098,-17.978045,-0.009405,14.894675,0.024093,-0.001921,-4.898757,-0.137255,4.900679,98|99|100|101|102|103,0.5632
7236.750377,-0.360222,-17.989812,-0.009495,14.901677,0.024559,-0.001979,-4.899363,-0.134527,4.901210,98|99|100|101|102|103,0.5626
7236.767044,-0.354607,-17.996003,-0.009852,14.907810,0.024327,-0.001981,-4.902131,-0.131244,4.903887,98|99|100|101|102|103,0.5622
7236.783711,-0.357597,-17.992058,-0.010226,14.922244,0.023274,-0.001444,-4.918709,-0.131817,4.920475,98|99|100|101|102|103,0.5643
7236.800377,-0.370841,-17.998942,-0.009601,14.929828,0.023025,-0.001418,-4.922552,-0.138765,4.924507,98|99|100|101|102|103,0.5650
7236.817044,-0.374181,-18.018462,-0.009933,14.929828,0.023025,-0.001418,-4.911943,-0.140580,4.913955,98|99|100|101|102|103,0.5653
7236.833711,-0.374182,-18.018460,-0.009938,14.937305,0.023062,-0.000785,-4.919421,-0.140618,4.921430,98|99|100|101|102|103,0.5637
7236.850377,-0.374806,-18.049390,-0.009266,14.943822,0.023290,-0.000798,-4.909129,-0.141185,4.911159,98|99|100|101|102|103,0.5633
7236.867044,-0.371840,-18.050242,-0.009321,14.950126,0.023197,-0.000784,-4.914970,-0.139480,4.916948,98|99|100|101|102|103,0.5642
7236.883711,-0.373044,-18.047762,-0.009232,14.964763,0.022841,0.000269,-4.930954,-0.139779,4.932935,98|99|100|101|102|103,0.5652
7236.900377,-0.373043,-18.047761,-0.009232,14.972171,0.023146,0.000328,-4.938363,-0.140083,4.940349,98|99|100|101|102|103,0.5647
7236.917044,-0.381622,-18.057930,-0.008433,14.972171,0.023146,0.000328,-4.932837,-0.144746,4.934960,98|99|100|101|102|103,0.5640
7236.933711,-0.380689,-18.073565,-0.007926,14.986306,0.023834,0.000442,-4.938475,-0.144926,4.940601,98|99|100|101|102|103,0.5644
7236.950377,-0.376382,-18.084152,-0.007863,14.986306,0.023834,0.000442,-4.932721,-0.142585,4.934781,98|99|100|101|102|103,0.5641
7236.967044,-0.369645,-18.091918,-0.007919,15.000104,0.022993,-0.000359,-4.942298,-0.138083,4.944226,98|99|100|101|102|103,0.5636
7236.983711,-0.367613,-18.095791,-0.008164,15.007480,0.022944,-0.000449,-4.947568,-0.136930,4.949463,98|99|100|101|102|103,0.5638
7237.000377,-0.377634,-18.113297,-0.008189,15.007480,0.022944,-0.000449,-4.938055,-0.142376,4.940107,98|99|100|101|102|103,0.5642
7237.017044,-0.377633,-18.113294,-0.008185,15.021867,0.023371,-0.000266,-4.952444,-0.142803,4.954502,98|99|100|101|102|103,0.5632
7237.033711,-0.378647,-18.143043,-0.007987,15.021867,0.023371,-0.000266,-4.936275,-0.143354,4.938357,98|99|100|101|102|103,0.5618
7237.050377,-0.371502,-18.150407,-0.007660,15.034827,0.022321,-0.000321,-4.945234,-0.138421,4.947171,98|99|100|101|102|103,0.5613
7237.067044,-0.371505,-18.150409,-0.007663,15.034827,0.022321,-0.000321,-4.945233,-0.138422,4.947170,98|99|100|101|102|103,0.5631
7237.083711,-0.376370,-18.146776,-0.007826,15.049714,0.022937,-0.000511,-4.962094,-0.141683,4.964116,98|99|100|101|102|103,0.5633
7237.100377,-0.386725,-18.151020,-0.007880,15.056854,0.023502,-0.000582,-4.966926,-0.147875,4.969127,98|99|100|101|102|103,0.5628
7237.117044,-0.377514,-18.181602,-0.008375,15.056854,0.023502,-0.000582,-4.950306,-0.142870,4.952367,98|99|100|101|102|103,0.5621
7237.133711,-0.369537,-18.190906,-0.008349,15.069841,0.022699,-0.000317,-4.958237,-0.137731,4.960149,98|99|100|101|102|103,0.5617
7237.150377,-0.369537,-18.190904,-0.008347,15.069841,0.022699,-0.000317,-4.958238,-0.137731,4.960150,98|99|100|101|102|103,0.5619
7237.167044,-0.384015,-18.194261,-0.008664,15.077361,0.022632,-0.000174,-4.963934,-0.145533,4.966067,98|99|100|101|102|103|104,0.5564
7237.183711,-0.384026,-18.194363,-0.008683,15.092179,0.022799,0.000124,-4.978697,-0.145705,4.980828,98|99|100|101|102|103|104,0.5627
7237.200377,-0.386055,-18.210979,-0.008166,15.099036,0.023321,0.000056,-4.976523,-0.147331,4.978704,99|100|101|102|103|104,0.5628
7237.217044,-0.387850,-18.227292,-0.008311,15.105907,0.023782,-0.000022,-4.974528,-0.148767,4.976752,99|100|101|102|103|104,0.5627
7237.233711,-0.383038,-18.237498,-0.007880,15.112279,0.023458,-0.000004,-4.975353,-0.145828,4.977490,99|100|101|102|103|104,0.5621
7237.250377,-0.369205,-18.251588,-0.008114,15.119523,0.023274,0.000332,-4.974940,-0.138126,4.976857,99|100|101|102|103|104,0.5613
7237.267044,-0.369206,-18.251588,-0.008113,15.119523,0.023274,0.000332,-4.974940,-0.138127,4.976857,99|100|101|102|103|104,0.5628
7237.283711,-0.377419,-18.247646,-0.008083,15.134252,0.023668,0.000347,-4.991811,-0.142984,4.993858,99|100|101|102|103|104,0.5638
7237.300377,-0.379899,-18.262648,-0.007111,15.141002,0.023453,0.000175,-4.990408,-0.144117,4.992488,99|100|101|102|103|104,0.5652
7237.317044,-0.374898,-18.287266,-0.007370,15.141002,0.023453,0.000175,-4.977028,-0.141399,4.979037,99|100|101|102|103|104,0.5655
7237.333711,-0.374897,-18.287266,-0.007370,15.155103,0.022342,0.000115,-4.991129,-0.140288,4.993100,99|100|101|102|103|104,0.5649
7237.350377,-0.385140,-18.291780,-0.007374,15.162706,0.021985,0.000191,-4.996278,-0.145497,4.998396,99|100|101|102|103|104,0.5654
7237.367044,-0.385136,-18.291777,-0.007373,15.170015,0.022151,0.000557,-5.003589,-0.145661,5.005709,99|100|101|102|103|104,0.5641
7237.383711,-0.394157,-18.310162,-0.007591,15.176715,0.022769,0.000565,-5.000298,-0.151182,5.002583,99|100|101|102|103|104,0.5638
7237.400377,-0.395557,-18.342935,-0.007298,15.176715,0.022769,0.000565,-4.982487,-0.151943,4.984803,99|100|101|102|103|104,0.5626
7237.417044,-0.395557,-18.342935,-0.007299,15.190028,0.021799,0.000677,-4.995800,-0.150973,4.998081,99|100|101|102|103|104,0.5615
7237.433711,-0.390907,-18.341429,-0.007423,15.190028,0.021799,0.000677,-4.996618,-0.148446,4.998823,99|100|101|102|103|104,0.5625
7237.450377,-0.390906,-18.341428,-0.007423,15.204827,0.022166,0.000176,-5.011418,-0.148812,5.013627,99|100|101|102|103|104,0.5624
7237.467044,-0.402658,-18.363700,-0.008224,15.204827,0.022166,0.000176,-4.999314,-0.155199,5.001722,99|100|101|102|103|104,0.5634
7237.483711,-0.395796,-18.373919,-0.008503,15.211864,0.022751,0.000159,-5.000796,-0.152054,5.003107,99|100|101|102|103|104,0.5629
7237.500377,-0.395795,-18.373920,-0.008502,15.218673,0.022914,-0.000193,-5.007605,-0.152218,5.009918,99|100|101|102|103|104,0.5645
7237.517044,-0.386867,-18.382868,-0.008461,15.225495,0.022167,-0.000094,-5.009564,-0.146619,5.011710,99|100|101|102|103|104,0.5642
7237.533711,-0.397921,-18.387557,-0.008416,15.240913,0.022633,-0.000577,-5.022433,-0.153092,5.024766,99|100|101|102|103|104,0.5640
7237.550377,-0.397921,-18.387554,-0.008420,15.248468,0.023681,-0.000610,-5.029990,-0.154140,5.032351,99|100|101|102|103|104,0.5647
7237.567044,-0.399411,-18.401338,-0.008607,15.255700,0.024417,-0.000626,-5.029731,-0.155686,5.032140,99|100|101|102|103|104,0.5642
7237.583711,-0.390354,-18.423804,-0.008907,15.261775,0.024013,-0.000448,-5.023596,-0.150360,5.025846,99|100|101|102|103|104,0.5629
7237.600377,-0.376193,-18.436733,-0.009098,15.261775,0.024013,-0.000448,-5.016570,-0.142663,5.018598,99|100|101|102|103|104,0.5634
7237.617044,-0.366680,-18.443939,-0.009251,15.276241,0.023089,-0.000891,-5.027118,-0.136570,5.028973,99|100|101|102|103|104,0.5622
7237.633711,-0.384445,-18.442885,-0.008730,15.283847,0.023175,-0.000867,-5.035298,-0.146310,5.037423,99|100|101|102|103|104,0.5621
7237.650377,-0.383797,-18.460449,-0.009041,15.283847,0.023175,-0.000867,-5.025752,-0.145958,5.027871,99|100|101|102|103|104,0.5632
7237.667044,-0.383793,-18.460447,-0.009038,15.298106,0.024021,-0.000686,-5.040013,-0.146803,5.042150,99|100|101|102|103|104,0.5628
7237.683711,-0.382492,-18.474940,-0.010843,15.304548,0.023526,-0.000527,-5.038577,-0.145600,5.040680,99|100|101|102|103|104|105|106,0.5640
7237.700377,-0.370463,-18.487116,-0.010821,15.311372,0.022616,-0.000544,-5.038784,-0.138153,5.040678,99|100|101|102|103|104|105|106,0.5571
7237.717044,-0.377797,-18.486793,-0.010668,15.318998,0.022857,-0.001124,-5.046585,-0.142380,5.048593,99|100|101|102|103|104|105|106,0.5616
7237.733711,-0.390607,-18.490002,-0.010779,15.318998,0.022857,-0.001124,-5.044841,-0.149342,5.047051,99|100|101|102|103|104|105|106,0.5530
7237.750377,-0.384102,-18.512196,-0.012051,15.334312,0.024561,-0.000755,-5.048094,-0.147510,5.050248,101|102|103|104|105|106,0.5659
7237.767044,-0.373257,-18.530824,-0.011795,15.334312,0.024561,-0.000755,-5.037970,-0.141617,5.039960,101|102|103|104|105|106,0.5640
7237.783711,-0.359186,-18.544887,-0.011309,15.340959,0.024434,-0.000734,-5.036973,-0.133842,5.038751,101|102|103|104|105|106,0.5625
7237.800377,-0.361190,-18.545106,-0.011041,15.355289,0.023491,-0.000933,-5.051185,-0.133988,5.052961,101|102|103|104|105|106,0.5635
7237.817044,-0.368940,-18.547204,-0.010775,15.355289,0.023491,-0.000933,-5.050044,-0.138200,5.051935,101|102|103|104|105|106,0.5636
7237.833711,-0.368937,-18.547202,-0.010771,15.369983,0.024509,-0.000677,-5.064740,-0.139217,5.066653,101|102|103|104|105|106,0.5628
7237.850377,-0.367669,-18.568222,-0.011370,15.369983,0.024509,-0.000677,-5.053316,-0.138528,5.055214,101|102|103|104|105|106,0.5898
7237.867044,-0.367646,-18.569896,-0.011362,15.382613,0.023642,-0.000276,-5.065037,-0.137649,5.066907,101|102|103|104|105|106,0.5627
7237.883711,-0.358889,-18.586378,-0.011062,15.390149,0.023202,-0.000310,-5.063615,-0.132449,5.065347,101|102|103|104|105|106,0.5637
7237.900377,-0.371986,-18.584524,-0.010267,15.390149,0.023202,-0.000310,-5.064622,-0.139567,5.066545,101|102|103|104|105|106,0.5635
7237.917044,-0.371984,-18.584522,-0.010258,15.405542,0.022916,0.000056,-5.080016,-0.139279,5.081924,101|102|103|104|105|106,0.5637
7237.933711,-0.380483,-18.619538,-0.010110,15.405542,0.022916,0.000056,-5.060985,-0.143898,5.063030,101|102|103|104|105|106,0.5634
7237.950377,-0.381108,-18.635593,-0.009753,15.412358,0.023169,0.000263,-5.059076,-0.144491,5.061139,101|102|103|104|105|106,0.5620
7237.967044,-0.377552,-18.638978,-0.009516,15.418668,0.023033,0.000229,-5.063546,-0.142423,5.065549,101|102|103|104|105|106,0.5623
7237.983711,-0.377555,-18.638981,-0.009521,15.425412,0.022507,0.000771,-5.070289,-0.141899,5.072275,101|102|103|104|105|106,0.5621
7238.000377,-0.379150,-18.637407,-0.009843,15.440473,0.022902,0.000855,-5.086205,-0.143161,5.088220,101|102|103|104|105|106,0.5618
7238.017044,-0.387537,-18.659989,-0.009402,15.447705,0.023403,0.000887,-5.081165,-0.148220,5.083326,101|102|103|104|105|106,0.5619
7238.033711,-0.383207,-18.670675,-0.009106,15.447705,0.023403,0.000887,-5.075357,-0.145867,5.077453,101|102|103|104|105|106,0.5632
7238.050377,-0.376557,-18.679287,-0.009027,15.454684,0.023648,0.000933,-5.077656,-0.142498,5.079655,101|102|103|104|105|106,0.5636
7238.067044,-0.373559,-18.683591,-0.008861,15.460809,0.022840,0.000836,-5.081441,-0.140060,5.083371,101|102|103|104|105|106,0.5641
7238.083711,-0.384780,-18.681476,-0.009429,15.468200,0.022751,0.000239,-5.089982,-0.146069,5.092077,101|102|103|104|105|106,0.5652
7238.100377,-0.384777,-18.681471,-0.009426,15.482648,0.022816,0.000183,-5.104433,-0.146132,5.106524,101|102|103|104|105|106,0.5645
7238.117044,-0.384606,-18.699053,-0.009951,15.489711,0.023200,0.000315,-5.101940,-0.146424,5.104041,101|102|103|104|105|106,0.5642
7238.133711,-0.383971,-18.727713,-0.009915,15.489711,0.023200,0.000315,-5.086364,-0.146078,5.088461,101|102|103|104|105|106,0.5633
7238.150377,-0.383971,-18.727711,-0.009908,15.502719,0.022406,0.000048,-5.099373,-0.145284,5.101442,101|102|103|104|105|106,0.5628
7238.167044,-0.378268,-18.736945,-0.009569,15.509998,0.022265,-0.000378,-5.101633,-0.142044,5.103610,101|102|103|104|105|106,0.5630
7238.183711,-0.390488,-18.738469,-0.010228,15.517595,0.022763,-0.000366,-5.108402,-0.149184,5.110580,101|102|103|104|105|106,0.5627
7238.200378,-0.390822,-18.754088,-0.011166,15.517595,0.022763,-0.000366,-5.099913,-0.149366,5.102100,101|102|103|104|105|106|107,0.5632
7238.217044,-0.390844,-18.754092,-0.011195,15.524886,0.023418,-0.000448,-5.107203,-0.150032,5.109406,101|102|103|104|105|106|107,0.5577
7238.233711,-0.384241,-18.768725,-0.011273,15.537769,0.022775,-0.000296,-5.112132,-0.145801,5.114211,102|103|104|105|106|107,0.5625
7238.267044,-0.386306,-18.780550,-0.011368,15.545304,0.022303,-0.000080,-5.113242,-0.146451,5.115339,102|103|104|105|106|107,0.5647
7238.283711,-0.386305,-18.780548,-0.011356,15.560287,0.022556,0.000132,-5.128225,-0.146703,5.130323,102|103|104|105|106|107,0.5633
7238.300378,-0.397251,-18.817330,-0.010993,15.560287,0.022556,0.000132,-5.108235,-0.152652,5.110515,102|103|104|105|106|107,0.5628
7238.317044,-0.397250,-18.817330,-0.010988,15.574245,0.023685,0.000027,-5.122193,-0.153781,5.124501,102|103|104|105|106|107,0.5627
7238.333711,-0.381639,-18.832933,-0.011093,15.574245,0.023685,0.000027,-5.113713,-0.145296,5.115777,102|103|104|105|106|107,0.5631
7238.350378,-0.375069,-18.840714,-0.010970,15.587859,0.023289,-0.000170,-5.123099,-0.141330,5.125048,102|103|104|105|106|107,0.5625
7238.367044,-0.375070,-18.840717,-0.010978,15.595363,0.023370,-0.000181,-5.130600,-0.141412,5.132549,102|103|104|105|106|107,0.5611
7238.383711,-0.386100,-18.847621,-0.011139,15.602716,0.023587,-0.000171,-5.134201,-0.147624,5.136323,102|103|104|105|106|107,0.5617
7238.400378,-0.384988,-18.861790,-0.010986,15.602716,0.023587,-0.000171,-5.126501,-0.147019,5.128609,102|103|104|105|106|107,0.5624
7238.417044,-0.384989,-18.861789,-0.010991,15.616197,0.023207,-0.000490,-5.139982,-0.146639,5.142074,102|103|104|105|106|107,0.5634
7238.433711,-0.384150,-18.877301,-0.011825,15.616197,0.023207,-0.000490,-5.131552,-0.146184,5.133634,102|103|104|105|106|107,0.5625
7238.450378,-0.388538,-18.878543,-0.012025,15.623450,0.022481,-0.000998,-5.138131,-0.147843,5.140257,102|103|104|105|106|107,0.5638
7238.467044,-0.397806,-18.891455,-0.012049,15.630860,0.022340,-0.001087,-5.138523,-0.152738,5.140793,102|103|104|105|106|107,0.5631
7238.483711,-0.399554,-18.908150,-0.012197,15.638328,0.022225,-0.001116,-5.136917,-0.153574,5.139212,102|103|104|105|106|107,0.5630
7238.500378,-0.399554,-18.908153,-0.012192,15.645457,0.022626,-0.000924,-5.144045,-0.153974,5.146349,102|103|104|105|106|107,0.5623
7238.517044,-0.400971,-18.924681,-0.011676,15.658841,0.021889,-0.000880,-5.148447,-0.154008,5.150750,102|103|104|105|106|107,0.5621
7238.533711,-0.399255,-18.931867,-0.011581,15.658841,0.021889,-0.000880,-5.144541,-0.153075,5.146818,102|103|104|105|106|107,0.5630
7238.550378,-0.406631,-18.934608,-0.012183,15.666322,0.021428,-0.000776,-5.150532,-0.156623,5.152913,102|103|104|105|106|107,0.5633
7238.567044,-0.406632,-18.934608,-0.012185,15.680574,0.022617,-0.000674,-5.164784,-0.157813,5.167194,102|103|104|105|106|107,0.5636
7238.583711,-0.404162,-18.960634,-0.011440,15.680574,0.022617,-0.000674,-5.150639,-0.156471,5.153015,102|103|104|105|106|107,0.5633
7238.600378,-0.404161,-18.960635,-0.011439,15.687482,0.022863,-0.000976,-5.157547,-0.156716,5.159927,102|103|104|105|106|107,0.5628
7238.617044,-0.395867,-18.969583,-0.011085,15.701366,0.021808,-0.001069,-5.166568,-0.151153,5.168778,102|103|104|105|106|107,0.5636
7238.633711,-0.393653,-18.972514,-0.011062,15.709447,0.022407,-0.001243,-5.173056,-0.150549,5.175246,102|103|104|105|106|107,0.5637
7238.650378,-0.403518,-18.975510,-0.011310,15.709447,0.022407,-0.001243,-5.171428,-0.155910,5.173778,102|103|104|105|106|107,0.5643
7238.667044,-0.400123,-19.010040,-0.012047,15.717176,0.023536,-0.001233,-5.160390,-0.155194,5.162723,102|103|104|105|106|107,0.5633
7238.683711,-0.400124,-19.010039,-0.012048,15.730876,0.024075,-0.001123,-5.174091,-0.155734,5.176434,102|103|104|105|106|107,0.5640
7238.700378,-0.372050,-19.035939,-0.013262,15.730876,0.024075,-0.001123,-5.160015,-0.140477,5.161927,102|103|104|105|106|107|108|109,0.5619
7238.717044,-0.372060,-19.035944,-0.013245,15.745311,0.022807,-0.001257,-5.174447,-0.139213,5.176319,102|103|104|105|106|107|108|109,0.5623
7238.733711,-0.390355,-19.030496,-0.012319,15.753076,0.022714,-0.001147,-5.185173,-0.149064,5.187315,102|103|104|105|106|107|108|109,0.5648
7238.767044,-0.390364,-19.031082,-0.012711,15.766923,0.024098,-0.001143,-5.198702,-0.150452,5.200878,104|105|106|107|108|109,0.5626
7238.783711,-0.396084,-19.068238,-0.012475,15.773240,0.023812,-0.000894,-5.184826,-0.153275,5.187091,104|105|106|107|108|109,0.5636
7238.800378,-0.384225,-19.072302,-0.013143,15.773240,0.023812,-0.000894,-5.182617,-0.146830,5.184696,104|105|106|107|108|109,0.5645
7238.817044,-0.381523,-19.076518,-0.012377,15.780101,0.022965,-0.000952,-5.187186,-0.144515,5.189199,104|105|106|107|108|109,0.5654
7238.833711,-0.393571,-19.081863,-0.012428,15.787536,0.022818,-0.001296,-5.191716,-0.150915,5.193909,104|105|106|107|108|109,0.5656
7238.850378,-0.393572,-19.081863,-0.012427,15.803087,0.024254,-0.001327,-5.207267,-0.152352,5.209495,104|105|106|107|108|109,0.5657
7238.867044,-0.384749,-19.114510,-0.012604,15.810190,0.024595,-0.001333,-5.196627,-0.147898,5.198731,104|105|106|107|108|109,0.5641
7238.883711,-0.374013,-19.127173,-0.013070,15.816829,0.024373,-0.001346,-5.196384,-0.141841,5.198320,104|105|106|107|108|109,0.5630
7238.900378,-0.374013,-19.127171,-0.013075,15.824216,0.023977,-0.001617,-5.203772,-0.141446,5.205694,104|105|106|107|108|109,0.5635
7238.917044,-0.373029,-19.135138,-0.012455,15.831773,0.024209,-0.001667,-5.207000,-0.141142,5.208912,104|105|106|107|108|109,0.5643
7238.933711,-0.373029,-19.135138,-0.012455,15.839242,0.024724,-0.001712,-5.214469,-0.141658,5.216393,104|105|106|107|108|109,0.5636
7238.950378,-0.378293,-19.149273,-0.012835,15.845891,0.024472,-0.001572,-5.213436,-0.144266,5.215431,104|105|106|107|108|109,0.5625
7238.967044,-0.374807,-19.163662,-0.012643,15.852262,0.024165,-0.001550,-5.211986,-0.142065,5.213922,104|105|106|107|108|109,0.5617
7238.983711,-0.367355,-19.174127,-0.013013,15.859554,0.023465,-0.001420,-5.213590,-0.137315,5.215398,104|105|106|107|108|109,0.5626
7239.000378,-0.371168,-19.173866,-0.012646,15.867076,0.023450,-0.001349,-5.221255,-0.139372,5.223115,104|105|106|107|108|109,0.5639
7239.017044,-0.375384,-19.173938,-0.012786,15.867076,0.023450,-0.001349,-5.221215,-0.141663,5.223137,104|105|106|107|108|109,0.5640
7239.033711,-0.385661,-19.204583,-0.012078,15.881768,0.023429,-0.001280,-5.219253,-0.147228,5.221329,104|105|106|107|108|109,0.5640
7239.050378,-0.385951,-19.220110,-0.012115,15.881768,0.023429,-0.001280,-5.210814,-0.147386,5.212898,104|105|106|107|108|109,0.5639
7239.100378,-0.403956,-19.242481,-0.012474,15.902692,0.022356,-0.001274,-5.219580,-0.156098,5.221914,104|105|106|107|108|109,0.5610
7239.117044,-0.400481,-19.253121,-0.012786,15.909494,0.022990,-0.001216,-5.220599,-0.154844,5.222895,104|105|106|107|108|109,0.5614
7239.133711,-0.400480,-19.253122,-0.012779,15.923228,0.023772,-0.001129,-5.234333,-0.155625,5.236646,104|105|106|107|108|109,0.5627
7239.150378,-0.386029,-19.265798,-0.011873,15.923228,0.023772,-0.001129,-5.227444,-0.147772,5.229532,104|105|106|107|108|109,0.5644
7239.167044,-0.386029,-19.265799,-0.011876,15.929546,0.023280,-0.001139,-5.233761,-0.147279,5.235833,104|105|106|107|108|109,0.5633
7239.183711,-0.387908,-19.270665,-0.012088,15.944064,0.022624,-0.001073,-5.245635,-0.147645,5.247712,104|105|106|107|108|109,0.5626
7239.200378,-0.387909,-19.270660,-0.012087,15.951398,0.022673,-0.000531,-5.252971,-0.147694,5.255047,104|105|106|107|108|109,0.5640
7239.217044,-0.398130,-19.306752,-0.012389,15.951398,0.022673,-0.000531,-5.233356,-0.153249,5.235599,104|105|106|107|108|109|110,0.5624
7239.233711,-0.398265,-19.306829,-0.012596,15.958013,0.023341,-0.000267,-5.239929,-0.153991,5.242191,105|106|107|108|109|110,0.5620
7239.250378,-0.386365,-19.324510,-0.012215,15.964492,0.023273,-0.000684,-5.236799,-0.147455,5.238874,105|106|107|108|109|110,0.5612
7239.267044,-0.386365,-19.324513,-0.012216,15.978347,0.022467,-0.000854,-5.250652,-0.146649,5.252699,105|106|107|108|109|110,0.5623
7239.283711,-0.394903,-19.326307,-0.013221,15.978347,0.022467,-0.000854,-5.249677,-0.151289,5.251857,105|106|107|108|109|110,0.5622
7239.300378,-0.394902,-19.326307,-0.013221,15.985711,0.023028,-0.000757,-5.257042,-0.151850,5.259234,105|106|107|108|109|110,0.5618
7239.317044,-0.391590,-19.353793,-0.013150,15.999767,0.023702,-0.001024,-5.256159,-0.150724,5.258320,105|106|107|108|109|110,0.5621
7239.333711,-0.383912,-19.364764,-0.013067,15.999767,0.023702,-0.001024,-5.250196,-0.146551,5.252241,105|106|107|108|109|110,0.5621
7239.350378,-0.383820,-19.368182,-0.013023,16.006026,0.023284,-0.000999,-5.254599,-0.146083,5.256629,105|106|107|108|109|110,0.5620
7239.367044,-0.389676,-19.365949,-0.012736,16.013198,0.022827,-0.000756,-5.262984,-0.148808,5.265087,105|106|107|108|109|110,0.5626
7239.383711,-0.389676,-19.365947,-0.012735,16.028205,0.022836,-0.000606,-5.277992,-0.148818,5.280089,105|106|107|108|109|110,0.5624
7239.400378,-0.396901,-19.378898,-0.012496,16.035535,0.023277,-0.000634,-5.278283,-0.153186,5.280506,105|106|107|108|109|110,0.5626
7239.417044,-0.397015,-19.394750,-0.012464,16.042876,0.023642,-0.000648,-5.277010,-0.153612,5.279245,105|106|107|108|109|110,0.5624
7239.433711,-0.391384,-19.417431,-0.013186,16.042876,0.023642,-0.000648,-5.264683,-0.150552,5.266835,105|106|107|108|109|110,0.5644
7239.450378,-0.386198,-19.425152,-0.013329,16.049699,0.023558,-0.000516,-5.267309,-0.147649,5.269378,105|106|107|108|109|110,0.5643
7239.467044,-0.388610,-19.426063,-0.013160,16.063903,0.023344,-0.000409,-5.281018,-0.148747,5.283112,105|106|107|108|109|110,0.5658
7239.483711,-0.392555,-19.433115,-0.013112,16.063903,0.023344,-0.000409,-5.277186,-0.150891,5.279342,105|106|107|108|109|110,0.5649
7239.500378,-0.391929,-19.447680,-0.013045,16.071180,0.023527,-0.000400,-5.276546,-0.150734,5.278699,105|106|107|108|109|110,0.5649
7239.517044,-0.391930,-19.447678,-0.013043,16.078199,0.023610,-0.000760,-5.283566,-0.150817,5.285718,105|106|107|108|109|110,0.5637
7239.533711,-0.390111,-19.466995,-0.013280,16.091705,0.022580,-0.001085,-5.286574,-0.148799,5.288668,105|106|107|108|109|110,0.5637
7239.550378,-0.395276,-19.467643,-0.013189,16.091705,0.022580,-0.001085,-5.286222,-0.151606,5.288395,105|106|107|108|109|110,0.5638
7239.567044,-0.395277,-19.467642,-0.013192,16.106342,0.022543,-0.001056,-5.300859,-0.151569,5.303026,105|106|107|108|109|110,0.5644
7239.583711,-0.404077,-19.476731,-0.013426,16.113612,0.022675,-0.000811,-5.303191,-0.156484,5.305499,105|106|107|108|109|110,0.5644
7239.617044,-0.404369,-19.491770,-0.013302,16.120282,0.022534,-0.000920,-5.301687,-0.156501,5.303997,105|106|107|108|109|110,0.5641
7239.633711,-0.402036,-19.519135,-0.012929,16.134187,0.021565,-0.000810,-5.300719,-0.154264,5.302964,105|106|107|108|109|110,0.5648
7239.650378,-0.404421,-19.519948,-0.013055,16.134187,0.021565,-0.000810,-5.300277,-0.155560,5.302560,105|106|107|108|109|110,0.5641
7239.667044,-0.417860,-19.534744,-0.012816,16.141429,0.022012,-0.000738,-5.299478,-0.163312,5.301994,105|106|107|108|109|110,0.5644
7239.683711,-0.417860,-19.534746,-0.012818,16.155521,0.022934,-0.000797,-5.313569,-0.164233,5.316106,105|106|107|108|109|110,0.5656
7239.700378,-0.404962,-19.554329,-0.013188,16.155521,0.022934,-0.000797,-5.302926,-0.157224,5.305256,105|106|107|108|109|110,0.5656
7239.717044,-0.398977,-19.562656,-0.013328,16.162103,0.022477,-0.000516,-5.304983,-0.153514,5.307203,105|106|107|108|109|110,0.5658
7239.733711,-0.406524,-19.563816,-0.013566,16.169189,0.021853,-0.000543,-5.311438,-0.156992,5.313757,105|106|107|108|109|110,0.5649
7239.750378,-0.369868,-17.318605,-0.010870,16.177257,0.022383,-0.000490,-6.539729,-0.137592,6.541177,11|105|106|107|108|109|110,0.5575
7239.767044,-0.392971,-17.301320,-0.011430,16.184705,0.023133,-0.000583,-6.556572,-0.150898,6.558308,11|105|106|107|108|109|110|112,0.5524
7239.783711,-0.377701,-16.570198,-0.011399,16.192128,0.023846,-0.000612,-6.961344,-0.143308,6.962819,11|107|108|109|110|112,0.5638
7239.800378,-0.368124,-16.588373,-0.011453,16.198938,0.024017,-0.000507,-6.958275,-0.138275,6.959649,11|107|108|109|110|112,0.5631
7239.817044,-0.366190,-16.604828,-0.011400,16.204982,0.023587,-0.000482,-6.955377,-0.136794,6.956722,11|107|108|109|110|112,0.5629
7239.833711,-0.372166,-16.570449,-0.010790,16.212428,0.023024,-0.000190,-6.981507,-0.139479,6.982900,11|107|108|109|110|112,0.5631
7239.850378,-0.380898,-16.592061,-0.010229,16.220241,0.022806,-0.000064,-6.977574,-0.144006,6.979060,11|107|108|109|110|112,0.5628
7239.867044,-0.380966,-16.602922,-0.010239,16.227058,0.023535,0.000010,-6.978488,-0.144772,6.979990,11|107|108|109|110|112,0.5633
7239.883711,-0.383645,-16.631726,-0.010006,16.240850,0.024135,-0.000041,-6.976626,-0.146829,6.978171,11|107|108|109|110|112,0.5650
7239.900378,-0.367203,-16.634742,-0.009865,16.247358,0.023309,0.000073,-6.981495,-0.137067,6.982840,11|107|108|109|110|112,0.5644
7239.917044,-0.365825,-16.625354,-0.009912,16.247358,0.023309,0.000073,-6.986597,-0.136318,6.987927,11|107|108|109|110|112,0.5640
7239.933711,-0.377263,-16.607404,-0.009780,16.254687,0.022957,-0.000154,-7.003682,-0.142182,7.005125,11|107|108|109|110|112,0.5649
7239.967044,-0.372757,-16.650876,-0.009908,16.270223,0.024158,-0.000158,-6.995592,-0.140934,6.997011,11|107|108|109|110|112,0.5640
7239.983711,-0.372808,-16.658801,-0.009910,16.277620,0.024789,-0.000022,-6.998681,-0.141593,7.000114,11|107|108|109|110|112,0.5637
7240.000378,-0.364506,-16.692227,-0.009974,16.291106,0.024193,-0.000364,-6.994002,-0.136485,6.995333,11|107|108|109|110|112,0.5614
7240.017044,-0.355462,-16.687766,-0.009974,16.298648,0.024341,-0.000424,-7.003968,-0.131717,7.005206,11|107|108|109|110|112,0.5614
7240.033711,-0.361029,-16.679439,-0.010094,16.306142,0.024665,-0.000453,-7.015987,-0.135067,7.017287,11|107|108|109|110|112,0.5603
7240.050378,-0.363621,-16.686606,-0.010334,16.313310,0.024844,-0.000391,-7.019260,-0.136656,7.020590,11|107|108|109|110|112,0.5603
7240.067044,-0.361392,-16.714187,-0.010458,16.313310,0.024844,-0.000391,-7.004271,-0.135444,7.005580,11|107|108|109|110|112,0.5622
7240.083711,-0.355196,-16.730101,-0.010823,16.326480,0.023938,-0.000285,-7.008792,-0.131170,7.010019,11|107|108|109|110|112,0.5616
7240.100378,-0.355167,-16.725352,-0.010818,16.326480,0.023938,-0.000285,-7.011373,-0.131154,7.012599,11|107|108|109|110|112,0.5620
7240.117044,-0.362455,-16.725319,-0.010785,16.341220,0.023862,-0.000218,-7.026131,-0.135039,7.027428,11|107|108|109|110|112,0.5619
7240.150378,-0.368623,-16.731647,-0.010697,16.355581,0.023326,-0.000219,-7.037052,-0.137855,7.038402,11|107|108|109|110|112,0.5628
7240.167044,-0.369980,-16.769902,-0.010561,16.362428,0.022659,-0.000165,-7.023108,-0.137927,7.024463,11|107|108|109|110|112,0.5617
7240.183711,-0.370634,-16.781142,-0.010428,16.369582,0.022630,-0.000147,-7.024154,-0.138253,7.025515,11|107|108|109|110|112,0.5627
7240.200378,-0.377674,-16.779404,-0.010367,16.376481,0.023199,-0.000111,-7.031998,-0.142648,7.033444,11|107|108|109|110|112,0.5631
7240.217044,-0.387189,-16.786729,-0.010335,16.383435,0.023474,-0.000003,-7.034971,-0.148094,7.036530,11|107|108|109|110|112,0.5623
7240.233711,-0.387116,-16.790148,-0.009742,16.383435,0.023474,-0.000003,-7.033113,-0.148054,7.034671,11|107|108|109|110|112,0.5626
7240.250378,-0.378772,-17.195825,-0.009788,16.390382,0.023745,0.000078,-6.819583,-0.143792,6.821099,11|107|108|109|110|112|113,0.5544
7240.267044,-0.374839,-17.224479,-0.009972,16.397187,0.023725,-0.000109,-6.810815,-0.141635,6.812288,11|107|108|109|110|112|113,0.5606
7240.283711,-0.374808,-17.219594,-0.009965,16.403709,0.023411,-0.000847,-6.819992,-0.141304,6.821455,11|107|108|109|110|112|113,0.5613
7240.300378,-0.377660,-17.208068,-0.009948,16.418019,0.023215,-0.001414,-6.840567,-0.142658,6.842054,11|107|108|109|110|112|113,0.5580
7240.317044,-0.375149,-16.809248,-0.009596,16.418019,0.023215,-0.001414,-7.057316,-0.141292,7.058731,11|108|109|110|112|113,0.5640
7240.333711,-0.376115,-16.826052,-0.009894,16.432327,0.023434,-0.001540,-7.062491,-0.142036,7.063919,11|108|109|110|112|113,0.5641
7240.350378,-0.376876,-16.850214,-0.009981,16.438651,0.022971,-0.001602,-7.055684,-0.141986,7.057113,11|108|109|110|112|113,0.5635
7240.367044,-0.376697,-16.867360,-0.010248,16.438651,0.022971,-0.001602,-7.046365,-0.141889,7.047794,11|108|109|110|112|113,0.5645
7240.383711,-0.380369,-16.861494,-0.010210,16.445661,0.022534,-0.001980,-7.056563,-0.143448,7.058021,11|108|109|110|112|113,0.5654
7240.400378,-0.385559,-16.876692,-0.010693,16.453057,0.022795,-0.002005,-7.055700,-0.146530,7.057222,11|108|109|110|112|113,0.5646
7240.417044,-0.381703,-16.901269,-0.010846,16.460189,0.023141,-0.002036,-7.049475,-0.144780,7.050961,11|108|109|110|112|113,0.5639
7240.433711,-0.381738,-16.906699,-0.010847,16.473575,0.023078,-0.002133,-7.059909,-0.144737,7.061393,11|108|109|110|112|113,0.5638
7240.450378,-0.376727,-16.914368,-0.010654,16.473575,0.023078,-0.002133,-7.055741,-0.142013,7.057170,11|108|109|110|112|113,0.5637
7240.467044,-0.371625,-16.913711,-0.010731,16.480308,0.022751,-0.001962,-7.062831,-0.138913,7.064197,11|108|109|110|112|113,0.5642
7240.483711,-0.382197,-16.919777,-0.010210,16.487735,0.022730,-0.001889,-7.066962,-0.144637,7.068442,11|108|109|110|112|113,0.5647
7240.500378,-0.382187,-16.918232,-0.010212,16.502389,0.022890,-0.001887,-7.082456,-0.144793,7.083935,11|108|109|110|112|113,0.5644
7240.517044,-0.382814,-16.920921,-0.010443,16.509486,0.023190,-0.001930,-7.088091,-0.145434,7.089583,11|108|109|110|112|113,0.5636
7240.533711,-0.383258,-16.944167,-0.009991,16.509486,0.023190,-0.001930,-7.075458,-0.145675,7.076958,11|108|109|110|112|113,0.5629
7240.550378,-0.380579,-16.968831,-0.010541,16.522702,0.023010,-0.001978,-7.075269,-0.144039,7.076735,11|108|109|110|112|113,0.5630
7240.567044,-0.376356,-16.977016,-0.010726,16.529945,0.023165,-0.001545,-7.078063,-0.141898,7.079485,11|108|109|110|112|113,0.5625
7240.583711,-0.379327,-16.975364,-0.011246,16.537349,0.023188,-0.001461,-7.086366,-0.143536,7.087819,11|108|109|110|112|113,0.5607
7240.600378,-0.378253,-16.979903,-0.010910,16.537349,0.023188,-0.001461,-7.083899,-0.142952,7.085341,11|108|109|110|112|113,0.5615
7240.617044,-0.378109,-17.007859,-0.010717,16.544419,0.023338,-0.001455,-7.075776,-0.143024,7.077221,11|108|109|110|112|113,0.5623
7240.633711,-0.378198,-17.021626,-0.010728,16.557834,0.022447,-0.001625,-7.081708,-0.142181,7.083135,11|108|109|110|112|113,0.5628
7240.650378,-0.382472,-17.035747,-0.010499,16.557834,0.022447,-0.001625,-7.074033,-0.144504,7.075509,11|108|109|110|112|113,0.5634
7240.667044,-0.388803,-17.022927,-0.010717,16.565131,0.022265,-0.001684,-7.088298,-0.147764,7.089838,11|108|109|110|112|113,0.5644
7240.683711,-0.391152,-17.035614,-0.010750,16.572456,0.022123,-0.001571,-7.088728,-0.148898,7.090291,11|108|109|110|112|113,0.5643
7240.700378,-0.393221,-17.047480,-0.010430,16.579806,0.022113,-0.001321,-7.089630,-0.150012,7.091216,11|108|109|110|112|113,0.5640
7240.717044,-0.392073,-17.062492,-0.010327,16.586908,0.022270,-0.001292,-7.088572,-0.149546,7.090149,11|108|109|110|112|113,0.5627
7240.733711,-0.392048,-17.058581,-0.010327,16.593549,0.021868,-0.001230,-7.097339,-0.149130,7.098905,11|108|109|110|112|113,0.5620
7240.750378,-0.396374,-17.074400,-0.010569,16.600352,0.021339,-0.001286,-7.095545,-0.150952,7.097151,11|108|109|110|112|113,0.5616
7240.783711,-0.396257,-17.056533,-0.010563,16.621703,0.022227,-0.001257,-7.126606,-0.151777,7.128222,11|108|109|110|112|113,0.5622
7240.800378,-0.400462,-17.859987,-0.010888,16.621703,0.022227,-0.001257,-6.689947,-0.154065,6.691721,11|108|109|110|112|113|114|115,0.5660
7240.817044,-0.395778,-17.816793,-0.010801,16.628678,0.022344,-0.001377,-6.720396,-0.151636,6.722107,11|108|109|110|112|113|114|115,0.5543
7240.833711,-0.390691,-17.113339,-0.010178,16.635560,0.021521,-0.001327,-7.109590,-0.148045,7.111132,11|110|112|113|114|115,0.5668
7240.850378,-0.402006,-17.118820,-0.010119,16.643581,0.021882,-0.001333,-7.114632,-0.154556,7.116311,11|110|112|113|114|115,0.5664
7240.867044,-0.396711,-17.127098,-0.010023,16.650973,0.022487,-0.001395,-7.117526,-0.152283,7.119155,11|110|112|113|114|115,0.5635
7240.883711,-0.396717,-17.128169,-0.010026,16.658363,0.023033,-0.001399,-7.124333,-0.152833,7.125972,11|110|112|113|114|115,0.5644
7240.900378,-0.388241,-17.133604,-0.010116,16.672097,0.023120,-0.001406,-7.135114,-0.148314,7.136655,11|110|112|113|114|115,0.5633
7240.933711,-0.379528,-17.162579,-0.010010,16.678981,0.022871,-0.001784,-7.126250,-0.143329,7.127692,11|110|112|113|114|115,0.5631
7240.950378,-0.381918,-17.167140,-0.010378,16.686572,0.022788,-0.001788,-7.131363,-0.144545,7.132827,11|110|112|113|114|115,0.5637
7240.967044,-0.381831,-17.154106,-0.010371,16.694038,0.022882,-0.001729,-7.145912,-0.144592,7.147375,11|110|112|113|114|115,0.5643
7240.983711,-0.381204,-17.172995,-0.009390,16.701211,0.023265,-0.001730,-7.142820,-0.144634,7.144284,11|110|112|113|114|115,0.5640
7241.000378,-0.381204,-17.172866,-0.009392,16.714811,0.023050,-0.001511,-7.156489,-0.144419,7.157946,11|110|112|113|114|115,0.5646
7241.017044,-0.370406,-17.191655,-0.009129,16.714811,0.023050,-0.001511,-7.146278,-0.138551,7.147621,11|110|112|113|114|115,0.5646
7241.033711,-0.379317,-17.190746,-0.008381,16.730003,0.022907,-0.001772,-7.161964,-0.143250,7.163396,11|110|112|113|114|115,0.5648
7241.050378,-0.388082,-17.208157,-0.009111,16.737722,0.023500,-0.001827,-7.160220,-0.148607,7.161762,11|110|112|113|114|115,0.5659
7241.067044,-0.380201,-17.224136,-0.009110,16.745364,0.024098,-0.001822,-7.159179,-0.144922,7.160645,11|110|112|113|114|115,0.5652
7241.083711,-0.380188,-17.222107,-0.009109,16.752156,0.023796,-0.001887,-7.167073,-0.144613,7.168532,11|110|112|113|114|115,0.5645
7241.100378,-0.363747,-17.265859,-0.009685,16.752156,0.023796,-0.001887,-7.143295,-0.135678,7.144584,11|110|112|113|114|115,0.5630
7241.117044,-0.368347,-17.271820,-0.009503,16.758908,0.023460,-0.001926,-7.146808,-0.137842,7.148137,11|110|112|113|114|115,0.5631
7241.133711,-0.372933,-17.294082,-0.009656,16.766233,0.023747,-0.001929,-7.142033,-0.140621,7.143417,11|110|112|113|114|115,0.5627
7241.150378,-0.372879,-17.286119,-0.009652,16.781158,0.024249,-0.001964,-7.161286,-0.141094,7.162676,11|110|112|113|114|115,0.5633
7241.167044,-0.369019,-17.302994,-0.009847,16.787658,0.023721,-0.001898,-7.158615,-0.138468,7.159954,11|110|112|113|114|115,0.5629
7241.183711,-0.361552,-17.322072,-0.009463,16.794128,0.023350,-0.001866,-7.154716,-0.134039,7.155971,11|110|112|113|114|115,0.5627
7241.200378,-0.369242,-17.334641,-0.010340,16.794128,0.023350,-0.001866,-7.147885,-0.138218,7.149221,11|110|112|113|114|115,0.5627
7241.217044,-0.374218,-17.335980,-0.010510,16.801376,0.023367,-0.001655,-7.154405,-0.140940,7.155793,11|110|112|113|114|115,0.5627
7241.233711,-0.374114,-17.320399,-0.010503,16.816064,0.023157,-0.001500,-7.177562,-0.140674,7.178940,11|110|112|113|114|115,0.5631
7241.250378,-0.375650,-17.341859,-0.009768,16.816064,0.023157,-0.001500,-7.165899,-0.141508,7.167296,11|110|112|113|114|115,0.5636
7241.267044,-0.375683,-17.346633,-0.009773,16.823268,0.022861,-0.001516,-7.170508,-0.141230,7.171899,11|110|112|113|114|115,0.5629
7241.283711,-0.384570,-17.820933,-0.008807,16.837117,0.022002,-0.001496,-6.926586,-0.145202,6.928108,11|110|112|113|114|115|116,0.5632
7241.300378,-0.394237,-17.806323,-0.008498,16.837117,0.022002,-0.001496,-6.934526,-0.150456,6.936158,11|110|112|113|114|115|116,0.5618
7241.317044,-0.395754,-17.801062,-0.008954,16.844052,0.022507,-0.001430,-6.944320,-0.151786,6.945979,11|110|112|113|114|115|116,0.5582
7241.333711,-0.385660,-17.390046,-0.008250,16.858056,0.022847,-0.001253,-7.181702,-0.146638,7.183199,11|112|113|114|115|116,0.5624
7241.350378,-0.385696,-17.395371,-0.008249,16.858056,0.022847,-0.001253,-7.178808,-0.146658,7.180306,11|112|113|114|115|116,0.5644
7241.367044,-0.380795,-17.405755,-0.009181,16.865106,0.023019,-0.001279,-7.180214,-0.144166,7.181661,11|112|113|114|115|116,0.5649
7241.383711,-0.380833,-17.411466,-0.009184,16.878854,0.022930,-0.001277,-7.190858,-0.144098,7.192302,11|112|113|114|115|116,0.5633
7241.400378,-0.378660,-17.433880,-0.009321,16.878854,0.022930,-0.001277,-7.178677,-0.142917,7.180099,11|112|113|114|115|116,0.5630
7241.417044,-0.382191,-17.434268,-0.008948,16.893756,0.022657,-0.001250,-7.193368,-0.144564,7.194821,11|112|113|114|115|116,0.5654
7241.433711,-0.379793,-17.436328,-0.008933,16.900846,0.022865,-0.001134,-7.199339,-0.143468,7.200768,11|112|113|114|115|116,0.5649
7241.450378,-0.381581,-17.446740,-0.009332,16.900846,0.022865,-0.001134,-7.193680,-0.144440,7.195130,11|112|113|114|115|116,0.5627
7241.467044,-0.380199,-17.470340,-0.009470,16.907510,0.022544,-0.001394,-7.187518,-0.143367,7.188947,11|112|113|114|115|116,0.5622
7241.483711,-0.380203,-17.471387,-0.009469,16.921376,0.022330,-0.001728,-7.200815,-0.143156,7.202238,11|112|113|114|115|116,0.5624
7241.500378,-0.385681,-17.472744,-0.010418,16.928432,0.022521,-0.001744,-7.207133,-0.146324,7.208618,11|112|113|114|115|116,0.5623
7241.517044,-0.389598,-17.464984,-0.010468,16.935359,0.022728,-0.001855,-7.218278,-0.148660,7.219808,11|112|113|114|115|116,0.5621
7241.533711,-0.387337,-17.482468,-0.010249,16.942290,0.022823,-0.001990,-7.215707,-0.147527,7.217215,11|112|113|114|115|116,0.5620
7241.550378,-0.384708,-17.503518,-0.010468,16.948732,0.022449,-0.001963,-7.210708,-0.145724,7.212180,11|112|113|114|115|116,0.5617
7241.567044,-0.381974,-17.502219,-0.010446,16.955934,0.022447,-0.001814,-7.218616,-0.144235,7.220057,11|112|113|114|115|116,0.5617
7241.583711,-0.386335,-17.513236,-0.010235,16.963294,0.022368,-0.001757,-7.219989,-0.146527,7.221476,11|112|113|114|115|116,0.5624
7241.600378,-0.386233,-17.498007,-0.010230,16.970594,0.022411,-0.001741,-7.235565,-0.146514,7.237048,11|112|113|114|115|116,0.5632
7241.617044,-0.387760,-17.517027,-0.009372,16.977859,0.022602,-0.001774,-7.232493,-0.147536,7.233998,11|112|113|114|115|116,0.5636
7241.633711,-0.387716,-17.510529,-0.009373,16.985120,0.022786,-0.001825,-7.243286,-0.147695,7.244792,11|112|113|114|115|116,0.5642
7241.650378,-0.384159,-17.526142,-0.009066,16.985120,0.022786,-0.001825,-7.234801,-0.145762,7.236269,11|112|113|114|115|116,0.5631
7241.683711,-0.384225,-17.535946,-0.009069,17.005368,0.022420,-0.001930,-7.249721,-0.145432,7.251180,11|112|113|114|115|116,0.5611
7241.700378,-0.384598,-17.563756,-0.008746,17.005368,0.022420,-0.001930,-7.234607,-0.145635,7.236073,11|112|113|114|115|116,0.5613
7241.717044,-0.384597,-17.563581,-0.008747,17.019500,0.022285,-0.002262,-7.248833,-0.145499,7.250293,11|112|113|114|115|116,0.5621
7241.733711,-0.383799,-17.578664,-0.009265,17.026254,0.021826,-0.002282,-7.247390,-0.144607,7.248833,11|112|113|114|115|116,0.5630
7241.750378,-0.386479,-17.603155,-0.010244,17.026254,0.021826,-0.002282,-7.234079,-0.146064,7.235554,11|112|113|114|115|116,0.5614
7241.767044,-0.392662,-17.614316,-0.009891,17.040614,0.021539,-0.002599,-7.242374,-0.149137,7.243909,11|112|113|114|115|116,0.5625
7241.783711,-0.394540,-17.614939,-0.010214,17.047956,0.021463,-0.002662,-7.249377,-0.150081,7.250931,11|112|113|114|115|116,0.5633
7241.800378,-0.395632,-17.614699,-0.009795,17.047956,0.021463,-0.002662,-7.249507,-0.150675,7.251073,11|112|113|114|115|116,0.5645
7241.817044,-0.401427,-18.398010,-0.010026,17.055303,0.021601,-0.002568,-6.831142,-0.153966,6.832877,11|112|113|114|115|116|117|118,0.5629
7241.833711,-0.399716,-18.555345,-0.010198,17.068559,0.020665,-0.002629,-6.758890,-0.152100,6.760601,11|112|113|114|115|116|117|118,0.5501
7241.850378,-0.406801,-18.580106,-0.010242,17.075810,0.020609,-0.002552,-6.752685,-0.155895,6.754484,11|112|113|114|115|116|117|118,0.5485
7241.867044,-0.421152,-20.700498,-0.011145,17.082742,0.020742,-0.002521,-5.607229,-0.163836,5.609622,113|114|115|116|117|118,0.5627
7241.883711,-0.427526,-20.702260,-0.011070,17.089564,0.020886,-0.002503,-5.613094,-0.167444,5.615591,113|114|115|116|117|118,0.5639
7241.900378,-0.428063,-20.713400,-0.010922,17.096580,0.021006,-0.002577,-5.614055,-0.167855,5.616564,113|114|115|116|117|118,0.5645
7241.917044,-0.423858,-20.726973,-0.011386,17.103797,0.020796,-0.002493,-5.613896,-0.165361,5.616331,113|114|115|116|117|118,0.5651
7241.933711,-0.421871,-20.733912,-0.011515,17.103797,0.020796,-0.002493,-5.610125,-0.164281,5.612530,113|114|115|116|117|118,0.5642
7241.950378,-0.425200,-20.745487,-0.011281,17.111655,0.020792,-0.002576,-5.611692,-0.166086,5.614149,113|114|115|116|117|118,0.5645
7241.967044,-0.425202,-20.745485,-0.011281,17.126512,0.021898,-0.002674,-5.626549,-0.167192,5.629033,113|114|115|116|117|118,0.5641
7241.983711,-0.424755,-20.764578,-0.011078,17.133914,0.022402,-0.002681,-5.623576,-0.167454,5.626068,113|114|115|116|117|118,0.5634
7242.000378,-0.416812,-20.775545,-0.010797,17.133914,0.022402,-0.002681,-5.617615,-0.163138,5.619983,113|114|115|116|117|118,0.5623
7242.017044,-0.409401,-20.786232,-0.010646,17.147000,0.021939,-0.002782,-5.624893,-0.158646,5.627130,113|114|115|116|117|118,0.5611
7242.033711,-0.405186,-20.796895,-0.010212,17.147000,0.021939,-0.002782,-5.619098,-0.156356,5.621273,113|114|115|116|117|118,0.5618
7242.050378,-0.405186,-20.796896,-0.010211,17.154475,0.021862,-0.002707,-5.626572,-0.156279,5.628742,113|114|115|116|117|118,0.5631
7242.067044,-0.407879,-20.798498,-0.010480,17.161885,0.021868,-0.002560,-5.633112,-0.157749,5.635320,113|114|115|116|117|118,0.5631
7242.083711,-0.408738,-20.813200,-0.010120,17.175861,0.022607,-0.002569,-5.639097,-0.158955,5.641337,113|114|115|116|117|118,0.5641
7242.100378,-0.402656,-20.835389,-0.011893,17.175861,0.022607,-0.002569,-5.627038,-0.155649,5.629190,113|114|115|116|117|118,0.5646
7242.117044,-0.397314,-20.844198,-0.011953,17.189109,0.021461,-0.002333,-5.635499,-0.151600,5.637537,113|114|115|116|117|118,0.5635
7242.133711,-0.397311,-20.844199,-0.011954,17.196914,0.021940,-0.002363,-5.643303,-0.152077,5.645352,113|114|115|116|117|118,0.5632
7242.150378,-0.400860,-20.844123,-0.011357,17.204606,0.022501,-0.002395,-5.651036,-0.154567,5.653150,113|114|115|116|117|118,0.5633
7242.167044,-0.407194,-20.867927,-0.010490,17.204606,0.022501,-0.002395,-5.638100,-0.158009,5.640313,113|114|115|116|117|118,0.5636
7242.200378,-0.391315,-20.897744,-0.010132,17.225808,0.022433,-0.002353,-5.643096,-0.149311,5.645071,113|114|115|116|117|118,0.5646
7242.217044,-0.391360,-20.905893,-0.010203,17.225808,0.022433,-0.002353,-5.638668,-0.149336,5.640645,113|114|115|116|117|118,0.5642
7242.233711,-0.400259,-20.907092,-0.010887,17.232909,0.022607,-0.002329,-5.645118,-0.154347,5.647227,113|114|115|116|117|118,0.5641
7242.250378,-0.400259,-20.907091,-0.010887,17.247110,0.023157,-0.002221,-5.659318,-0.154896,5.661437,113|114|115|116|117|118,0.5649
7242.267044,-0.392252,-20.925486,-0.010682,17.254033,0.023117,-0.002255,-5.656244,-0.150505,5.658247,113|114|115|116|117|118,0.5642
7242.283711,-0.389948,-20.936693,-0.010864,17.254033,0.023117,-0.002255,-5.650153,-0.149253,5.652124,113|114|115|116|117|118,0.5634
7242.300378,-0.389949,-20.936694,-0.010858,17.260385,0.022474,-0.002166,-5.656504,-0.148611,5.658456,113|114|115|116|117|118,0.5642
7242.317044,-0.399641,-20.943110,-0.009915,17.267223,0.022630,-0.002154,-5.659855,-0.154034,5.661951,113|114|115|116|117|118,0.5641
7242.333711,-0.399640,-20.943111,-0.009915,17.281690,0.022339,-0.001909,-5.674322,-0.153742,5.676405,113|114|115|116|117|118,0.5654
7242.350378,-0.398478,-20.963528,-0.010446,17.281690,0.022339,-0.001909,-5.663226,-0.153110,5.665295,113|114|115|116|117|118|119,0.5669
7242.367044,-0.398475,-20.963577,-0.010462,17.288968,0.022093,-0.001918,-5.670478,-0.152863,5.672538,113|114|115|116|117|118|119,0.5571
7242.383711,-0.405180,-20.993357,-0.010320,17.296073,0.021467,-0.001929,-5.661398,-0.155882,5.663543,114|115|116|117|118|119,0.5622
7242.400378,-0.405180,-20.993355,-0.010319,17.309709,0.021608,-0.001911,-5.675034,-0.156022,5.677179,114|115|116|117|118|119,0.5621
7242.417044,-0.413951,-21.002175,-0.010105,17.316648,0.021756,-0.001734,-5.677180,-0.160937,5.679461,114|115|116|117|118|119,0.5626
7242.433711,-0.417669,-21.005396,-0.009842,17.323600,0.021814,-0.001602,-5.682382,-0.163016,5.684720,114|115|116|117|118|119,0.5641
7242.450378,-0.409940,-21.019193,-0.010959,17.323600,0.021814,-0.001602,-5.674883,-0.158815,5.677105,114|115|116|117|118|119,0.5637
7242.467044,-0.409395,-21.028244,-0.010342,17.337474,0.021742,-0.001706,-5.683839,-0.158446,5.686047,114|115|116|117|118|119,0.5630
7242.483711,-0.408772,-21.037672,-0.010468,17.344072,0.021868,-0.001419,-5.685312,-0.158235,5.687514,114|115|116|117|118|119,0.5632
7242.500378,-0.408774,-21.037669,-0.010468,17.350740,0.022066,-0.001375,-5.691982,-0.158433,5.694186,114|115|116|117|118|119,0.5618
7242.517044,-0.410495,-21.044558,-0.010826,17.357556,0.021922,-0.001181,-5.695055,-0.159225,5.697280,114|115|116|117|118|119,0.5624
7242.533711,-0.407816,-21.052272,-0.010544,17.364627,0.021740,-0.001140,-5.697933,-0.157587,5.700112,114|115|116|117|118|119,0.5633
7242.550378,-0.407455,-21.072180,-0.009648,17.364627,0.021740,-0.001140,-5.687113,-0.157391,5.689291,114|115|116|117|118|119,0.5629
7242.567044,-0.409734,-21.085040,-0.009416,17.371616,0.021765,-0.000903,-5.687113,-0.158655,5.689326,114|115|116|117|118|119,0.5620
7242.583711,-0.409735,-21.085039,-0.009416,17.378154,0.021254,-0.000757,-5.693652,-0.158144,5.695847,114|115|116|117|118|119,0.5623
7242.600378,-0.409403,-21.095019,-0.009124,17.392028,0.021736,-0.000717,-5.702102,-0.158445,5.704303,114|115|116|117|118|119,0.5613
7242.617044,-0.415959,-21.094667,-0.009051,17.399112,0.021792,-0.000746,-5.709377,-0.162065,5.711677,114|115|116|117|118|119,0.5628
7242.633711,-0.409375,-21.112698,-0.009130,17.399112,0.021792,-0.000746,-5.699577,-0.158486,5.701780,114|115|116|117|118|119,0.5634
7242.650378,-0.408664,-21.123234,-0.009009,17.406196,0.021827,-0.000742,-5.700935,-0.158135,5.703128,114|115|116|117|118|119,0.5629
7242.667044,-0.408663,-21.123235,-0.009008,17.419850,0.021505,-0.000537,-5.714589,-0.157813,5.716768,114|115|116|117|118|119,0.5621
7242.683711,-0.413944,-21.138944,-0.009182,17.419850,0.021505,-0.000537,-5.706052,-0.160683,5.708314,114|115|116|117|118|119,0.5613
7242.700378,-0.412326,-21.146921,-0.008935,17.433780,0.021581,-0.000243,-5.715646,-0.159880,5.717881,114|115|116|117|118|119,0.5624
7242.717044,-0.410497,-21.154723,-0.008459,17.440902,0.021531,-0.000221,-5.718528,-0.158836,5.720733,114|115|116|117|118|119,0.5630
7242.733711,-0.412458,-21.166348,-0.008362,17.440902,0.021531,-0.000221,-5.712210,-0.159902,5.714448,114|115|116|117|118|119,0.5632
7242.750378,-0.412459,-21.166349,-0.008362,17.455049,0.021466,-0.000342,-5.726356,-0.159836,5.728586,114|115|116|117|118|119,0.5641
7242.767044,-0.413474,-21.186399,-0.008303,17.455049,0.021466,-0.000342,-5.715459,-0.160388,5.717709,114|115|116|117|118|119,0.5642
7242.783711,-0.413474,-21.186399,-0.008302,17.468591,0.021949,-0.000293,-5.729002,-0.160872,5.731260,114|115|116|117|118|119,0.5648
7242.800378,-0.408076,-21.199679,-0.008314,17.468591,0.021949,-0.000293,-5.721784,-0.157938,5.723963,114|115|116|117|118|119,0.5637
7242.817044,-0.407434,-21.208646,-0.008351,17.475507,0.021991,-0.000269,-5.723827,-0.157631,5.725997,114|115|116|117|118|119,0.5638
7242.833711,-0.407018,-21.217213,-0.008340,17.482513,0.021769,-0.000209,-5.726177,-0.157183,5.728334,114|115|116|117|118|119,0.5640
7242.850378,-0.407018,-21.217211,-0.008339,17.496516,0.021060,-0.000420,-5.740181,-0.156474,5.742313,114|115|116|117|118|119,0.5640
7242.883711,-0.410136,-21.230449,-0.008183,17.503564,0.021004,-0.000389,-5.740034,-0.158112,5.742211,114|115|116|117|118|119|120|121,0.5606
7242.900378,-0.421786,-21.255618,-0.009507,17.510537,0.020952,-0.000268,-5.733329,-0.164392,5.735685,115|116|117|118|119|120|121,0.5565
7242.917044,-0.422156,-21.266340,-0.008746,17.524541,0.020773,0.000064,-5.741505,-0.164415,5.743859,116|117|118|119|120|121,0.5648
7242.933711,-0.423689,-21.276368,-0.008656,17.531365,0.020560,0.000067,-5.742880,-0.165035,5.745251,116|117|118|119|120|121,0.5640
7242.950378,-0.423693,-21.276366,-0.008658,17.531365,0.020560,0.000067,-5.742881,-0.165037,5.745252,116|117|118|119|120|121,0.5617
7242.967044,-0.425107,-21.286571,-0.008205,17.537644,0.020981,0.000085,-5.743614,-0.166226,5.746019,116|117|118|119|120|121,0.5624
7242.983711,-0.422556,-21.287996,-0.008416,17.551673,0.020590,0.000066,-5.756868,-0.164449,5.759216,116|117|118|119|120|121,0.5640
7243.000378,-0.425039,-21.298685,-0.008271,17.558702,0.020349,0.000040,-5.758087,-0.165558,5.760467,116|117|118|119|120|121,0.5641
7243.017044,-0.425038,-21.298687,-0.008268,17.565831,0.020153,0.000057,-5.765216,-0.165360,5.767587,116|117|118|119|120|121,0.5659
7243.033711,-0.428151,-21.306779,-0.008430,17.573550,0.020827,0.000039,-5.768537,-0.167727,5.770975,116|117|118|119|120|121,0.5666
7243.050378,-0.434285,-21.323200,-0.008315,17.573550,0.020827,0.000039,-5.759613,-0.171060,5.762153,116|117|118|119|120|121,0.5663
7243.067044,-0.434288,-21.323200,-0.008317,17.588094,0.021334,0.000056,-5.774156,-0.171569,5.776704,116|117|118|119|120|121,0.5652
7243.083711,-0.421952,-21.351687,-0.008353,17.588094,0.021334,0.000056,-5.758674,-0.164865,5.761034,116|117|118|119|120|121,0.5648
7243.100378,-0.421950,-21.351686,-0.008349,17.602725,0.021620,0.000108,-5.773306,-0.165150,5.775668,116|117|118|119|120|121,0.5637
7243.117044,-0.416383,-21.374779,-0.008371,17.609664,0.021432,0.000108,-5.767694,-0.161936,5.769967,116|117|118|119|120|121,0.5627
7243.133711,-0.414483,-21.386395,-0.008335,17.609664,0.021432,0.000108,-5.761381,-0.160904,5.763628,116|117|118|119|120|121,0.5619
7243.150378,-0.417216,-21.393188,-0.008247,17.616607,0.021572,0.000315,-5.764632,-0.162529,5.766923,116|117|118|119|120|121,0.5610
7243.167044,-0.414502,-21.398990,-0.008173,17.623281,0.021923,0.000339,-5.768153,-0.161405,5.770410,116|117|118|119|120|121,0.5630
7243.200378,-0.407936,-21.408797,-0.007932,17.643579,0.021927,0.000351,-5.783121,-0.157840,5.785274,116|117|118|119|120|121,0.5638
7243.217044,-0.408499,-21.417322,-0.007944,17.643579,0.021927,0.000351,-5.778488,-0.158147,5.780651,116|117|118|119|120|121,0.5645
7243.233711,-0.408498,-21.417324,-0.007949,17.657386,0.022360,0.000491,-5.792294,-0.158579,5.794464,116|117|118|119|120|121,0.5642
7243.250378,-0.409543,-21.434417,-0.007735,17.664905,0.022341,0.000604,-5.790523,-0.159128,5.792709,116|117|118|119|120|121,0.5639
7243.267044,-0.403874,-21.439987,-0.007241,17.672538,0.022396,0.000606,-5.795129,-0.156102,5.797231,116|117|118|119|120|121,0.5633
7243.283711,-0.403878,-21.439984,-0.007241,17.680099,0.022456,0.000636,-5.802691,-0.156164,5.804792,116|117|118|119|120|121,0.5620
7243.300378,-0.403485,-21.468467,-0.007517,17.680099,0.022456,0.000636,-5.787212,-0.155951,5.789313,116|117|118|119|120|121,0.5632
7243.317044,-0.403489,-21.468464,-0.007516,17.693814,0.022858,0.001155,-5.800929,-0.156355,5.803036,116|117|118|119|120|121,0.5619
7243.333711,-0.402750,-21.482263,-0.007633,17.700513,0.023303,0.001441,-5.800128,-0.156399,5.802236,116|117|118|119|120|121,0.5614
7243.350378,-0.398405,-21.494301,-0.007210,17.700513,0.023303,0.001441,-5.793586,-0.154037,5.795633,116|117|118|119|120|121,0.5626
7243.367044,-0.390787,-21.496838,-0.007109,17.708017,0.023041,0.001601,-5.799711,-0.149635,5.801641,116|117|118|119|120|121,0.5637
7243.383711,-0.394482,-21.511803,-0.007381,17.715341,0.022927,0.001561,-5.798901,-0.151529,5.800881,116|117|118|119|120|121|122,0.5636
7243.400378,-0.396468,-21.524151,-0.007265,17.729373,0.022427,0.001601,-5.806223,-0.152108,5.808215,116|117|118|119|120|121|122,0.5574
7243.417044,-0.401046,-21.535019,-0.007258,17.729373,0.022427,0.001601,-5.800316,-0.154596,5.802376,117|118|119|120|121|122,0.5619
7243.433711,-0.401041,-21.535019,-0.007255,17.743060,0.022305,0.001816,-5.814004,-0.154472,5.816055,117|118|119|120|121|122,0.5626
7243.450378,-0.404306,-21.541951,-0.007381,17.749875,0.022261,0.001834,-5.817051,-0.156202,5.819148,117|118|119|120|121|122,0.5645
7243.467044,-0.406731,-21.557372,-0.006693,17.749875,0.022261,0.001834,-5.808670,-0.157520,5.810805,117|118|119|120|121|122,0.5645
7243.500378,-0.406733,-21.557371,-0.006690,17.770377,0.022323,0.002634,-5.829173,-0.157583,5.831302,117|118|119|120|121|122,0.5630
7243.517044,-0.415514,-21.578509,-0.006464,17.777042,0.022422,0.003351,-5.824349,-0.162455,5.826614,117|118|119|120|121|122,0.5630
7243.533711,-0.408638,-21.584779,-0.005617,17.777042,0.022422,0.003351,-5.820941,-0.158719,5.823105,117|118|119|120|121|122,0.5641
7243.550378,-0.408639,-21.584778,-0.005620,17.791013,0.021865,0.003659,-5.834913,-0.158162,5.837057,117|118|119|120|121|122,0.5650
7243.567044,-0.414018,-21.602100,-0.005192,17.791013,0.021865,0.003659,-5.825499,-0.161085,5.827726,117|118|119|120|121|122,0.5662
7243.583711,-0.414017,-21.602097,-0.005188,17.805682,0.022312,0.003415,-5.840170,-0.161531,5.842404,117|118|119|120|121|122,0.5658
7243.600378,-0.418788,-21.625166,-0.005817,17.805682,0.022312,0.003415,-5.827633,-0.164124,5.829943,117|118|119|120|121|122,0.5641
7243.617044,-0.412158,-21.641821,-0.006224,17.812657,0.022252,0.003439,-5.825556,-0.160461,5.827766,117|118|119|120|121|122,0.5639
7243.633711,-0.413017,-21.648880,-0.006175,17.819633,0.022213,0.003448,-5.828695,-0.160889,5.830915,117|118|119|120|121|122,0.5652
7243.650378,-0.413022,-21.648878,-0.006174,17.833594,0.021942,0.003511,-5.842658,-0.160621,5.844865,117|118|119|120|121|122,0.5653
7243.667044,-0.413970,-21.655361,-0.006113,17.833594,0.021942,0.003511,-5.839135,-0.161136,5.841358,117|118|119|120|121|122,0.5650
7243.683711,-0.418734,-21.670548,-0.005673,17.840682,0.021859,0.003533,-5.837968,-0.163642,5.840261,117|118|119|120|121|122,0.5632
7243.700378,-0.420429,-21.676551,-0.005941,17.847301,0.022340,0.003571,-5.841324,-0.165045,5.843655,117|118|119|120|121|122,0.5622
7243.717044,-0.420426,-21.676553,-0.005942,17.861312,0.022720,0.003687,-5.855335,-0.165423,5.857671,117|118|119|120|121|122,0.5629
7243.733711,-0.405231,-21.686735,-0.005653,17.868583,0.022394,0.003506,-5.857072,-0.156838,5.859171,117|118|119|120|121|122,0.5632
7243.750378,-0.410305,-21.700259,-0.005648,17.868583,0.022394,0.003506,-5.849722,-0.159596,5.851899,117|118|119|120|121|122,0.5633
7243.767044,-0.410309,-21.700258,-0.005652,17.883216,0.022617,0.003531,-5.864356,-0.159821,5.866533,117|118|119|120|121|122,0.5631
7243.783711,-0.419263,-21.723095,-0.005830,17.883216,0.022617,0.003531,-5.851944,-0.164688,5.854261,117|118|119|120|121|122,0.5615
7243.817044,-0.419267,-21.723096,-0.005837,17.903400,0.022476,0.003649,-5.872127,-0.164549,5.874433,117|118|119|120|121|122,0.5628
7243.833711,-0.414072,-21.746547,-0.005693,17.903400,0.022476,0.003649,-5.859382,-0.161725,5.861614,117|118|119|120|121|122,0.5631
7243.850378,-0.415639,-21.752676,-0.005700,17.916928,0.021731,0.003675,-5.869580,-0.161832,5.871811,117|118|119|120|121|122,0.5625
7243.867044,-0.422043,-21.761787,-0.005802,17.916928,0.021731,0.003675,-5.864628,-0.165313,5.866958,117|118|119|120|121|122,0.5624
7243.883711,-0.422044,-21.761788,-0.005805,17.924150,0.022519,0.003509,-5.871849,-0.166102,5.874198,117|118|119|120|121|122,0.5621
7243.900378,-0.426944,-21.768906,-0.005610,17.937690,0.023574,0.003565,-5.881521,-0.169819,5.883972,117|118|119|120|121|122,0.5628
7243.917044,-0.415324,-21.780271,-0.005651,17.944459,0.023119,0.003783,-5.882114,-0.163049,5.884373,117|118|119|120|121|122|123|124,0.5633
7243.933711,-0.401299,-21.790864,-0.005854,17.944459,0.023119,0.003783,-5.876357,-0.155427,5.878412,117|118|119|120|121|122|123|124,0.5647
7243.950378,-0.409218,-21.800935,-0.005246,17.959523,0.022249,0.003571,-5.885947,-0.158861,5.888090,117|118|119|120|121|122|123|124,0.5517
7243.967044,-0.419141,-21.818991,-0.005799,17.959523,0.022249,0.003571,-5.876134,-0.164254,5.878430,119|120|121|122|123|124,0.5630
7243.983711,-0.422232,-21.837948,-0.005782,17.966544,0.022096,0.003534,-5.872852,-0.165781,5.875192,119|120|121|122|123|124,0.5617
7244.000378,-0.424690,-21.844741,-0.006265,17.973340,0.021954,0.003520,-5.875957,-0.166975,5.878328,119|120|121|122|123|124,0.5634
7244.017044,-0.424690,-21.844740,-0.006265,17.986812,0.021628,0.003657,-5.889428,-0.166648,5.891786,119|120|121|122|123|124,0.5645
7244.033711,-0.429775,-21.856977,-0.006226,17.993524,0.021492,0.003893,-5.889490,-0.169277,5.891922,119|120|121|122|123|124,0.5637
7244.050378,-0.429774,-21.856977,-0.006224,18.000033,0.021827,0.003971,-5.896000,-0.169611,5.898439,119|120|121|122|123|124,0.5641
7244.067044,-0.432313,-21.863028,-0.006270,18.006881,0.022555,0.003991,-5.899559,-0.171719,5.902057,119|120|121|122|123|124,0.5642
7244.083711,-0.429263,-21.869129,-0.006159,18.006881,0.022555,0.003991,-5.896243,-0.170061,5.898695,119|120|121|122|123|124,0.5651
7244.100378,-0.419321,-21.876426,-0.006197,18.013957,0.022494,0.003991,-5.899353,-0.164597,5.901649,119|120|121|122|123|124,0.5646
7244.117044,-0.421133,-21.888781,-0.005835,18.021314,0.022328,0.003951,-5.899995,-0.165416,5.902313,119|120|121|122|123|124,0.5650
7244.133711,-0.421136,-21.888780,-0.005837,18.028737,0.022140,0.003866,-5.907419,-0.165230,5.909729,119|120|121|122|123|124,0.5644
7244.150378,-0.427176,-21.917424,-0.005603,18.042468,0.022825,0.003803,-5.905583,-0.169197,5.908006,119|120|121|122|123|124,0.5636
7244.167044,-0.427176,-21.917424,-0.005601,18.042468,0.022825,0.003803,-5.905583,-0.169197,5.908006,119|120|121|122|123|124,0.5633
7244.183711,-0.418177,-21.926506,-0.005737,18.049426,0.022891,0.003691,-5.907605,-0.164373,5.909891,119|120|121|122|123|124,0.5642
7244.200378,-0.417656,-21.935603,-0.005846,18.056880,0.022586,0.003620,-5.910115,-0.163785,5.912384,119|120|121|122|123|124,0.5644
7244.217044,-0.417656,-21.935603,-0.005847,18.071334,0.022538,0.003600,-5.924569,-0.163737,5.926831,119|120|121|122|123|124,0.5646
7244.233711,-0.422111,-21.950704,-0.005903,18.078136,0.023542,0.003633,-5.923163,-0.167162,5.925521,119|120|121|122|123|124,0.5634
7244.250378,-0.425932,-21.961895,-0.005889,18.084510,0.024186,0.003721,-5.923456,-0.169882,5.925891,119|120|121|122|123|124,0.5630
7244.267044,-0.423307,-21.972123,-0.005528,18.091380,0.023988,0.003898,-5.924767,-0.168258,5.927156,119|120|121|122|123|124,0.5626
7244.283711,-0.409439,-21.976266,-0.006012,18.098586,0.023376,0.003924,-5.929722,-0.160109,5.931883,119|120|121|122|123|124,0.5635
7244.300378,-0.400452,-21.975247,-0.005448,18.105632,0.022930,0.003887,-5.937321,-0.154778,5.939338,119|120|121|122|123|124,0.5641
7244.317044,-0.404373,-21.981227,-0.004908,18.112863,0.022942,0.003746,-5.941302,-0.156922,5.943374,119|120|121|122|123|124,0.5648
7244.333711,-0.413629,-21.991584,-0.004546,18.120326,0.024021,0.003730,-5.943136,-0.163031,5.945372,119|120|121|122|123|124,0.5652
7244.350378,-0.420190,-22.010651,-0.004730,18.120326,0.024021,0.003730,-5.932774,-0.166596,5.935113,119|120|121|122|123|124,0.5640
7244.367044,-0.405143,-22.023154,-0.005501,18.134568,0.024254,0.004063,-5.940221,-0.158652,5.942339,119|120|121|122|123|124,0.5626
7244.383711,-0.398776,-22.029430,-0.004828,18.134568,0.024254,0.004063,-5.936810,-0.155192,5.938838,119|120|121|122|123|124,0.5646
7244.400378,-0.398774,-22.029430,-0.004825,18.149133,0.023909,0.004267,-5.951375,-0.154846,5.953389,119|120|121|122|123|124,0.5646
7244.417044,-0.408964,-22.059111,-0.003931,18.156123,0.024359,0.004279,-5.942234,-0.160834,5.944410,119|120|121|122|123|124|125,0.5396
7244.433711,-0.409064,-22.068377,-0.004200,18.156123,0.024359,0.004279,-5.937198,-0.160888,5.939378,119|120|121|122|123|124|125,0.5615
7244.450378,-0.402871,-22.072516,-0.004385,18.163215,0.025056,0.004368,-5.942041,-0.158219,5.944147,119|120|121|122|123|124|125,0.5606
7244.467044,-0.393154,-22.080155,-0.003537,18.169936,0.025218,0.004538,-5.944610,-0.153101,5.946581,120|121|122|123|124|125,0.5639
7244.483711,-0.392039,-22.084805,-0.002932,18.177385,0.024697,0.004546,-5.949531,-0.151973,5.951472,120|121|122|123|124|125,0.5650
7244.500378,-0.400498,-22.099940,-0.002245,18.192329,0.024633,0.004572,-5.956250,-0.156507,5.958306,120|121|122|123|124|125,0.5642
7244.517044,-0.400494,-22.099939,-0.002250,18.199355,0.024286,0.004641,-5.963277,-0.156158,5.965321,120|121|122|123|124|125,0.5626
7244.533711,-0.407185,-22.113363,-0.002799,18.206247,0.023941,0.004730,-5.962872,-0.159450,5.965004,120|121|122|123|124|125,0.5625
7244.550378,-0.407402,-22.135367,-0.003660,18.206247,0.023941,0.004730,-5.950914,-0.159568,5.953053,120|121|122|123|124|125,0.5631
7244.567044,-0.407402,-22.135366,-0.003660,18.213111,0.023617,0.004736,-5.957779,-0.159244,5.959907,120|121|122|123|124|125,0.5628
7244.583711,-0.417718,-22.151394,-0.003362,18.220014,0.023287,0.004877,-5.955971,-0.164520,5.958242,120|121|122|123|124|125,0.5634
7244.600378,-0.417718,-22.151395,-0.003359,18.233430,0.024015,0.005008,-5.969387,-0.165248,5.971673,120|121|122|123|124|125,0.5631
7244.617045,-0.419755,-22.160435,-0.003610,18.233430,0.024015,0.005008,-5.964473,-0.166355,5.966793,120|121|122|123|124|125,0.5648
7244.633711,-0.413542,-22.167263,-0.004548,18.247075,0.024097,0.005449,-5.974408,-0.163060,5.976633,120|121|122|123|124|125,0.5641
7244.650378,-0.408830,-22.171560,-0.004368,18.247075,0.024097,0.005449,-5.972073,-0.160499,5.974229,120|121|122|123|124|125,0.5640
7244.667045,-0.414510,-22.179769,-0.003793,18.253970,0.023592,0.005441,-5.974506,-0.163082,5.976731,120|121|122|123|124|125,0.5646
7244.683711,-0.422353,-22.189305,-0.004296,18.268895,0.024428,0.005216,-5.984249,-0.168180,5.986611,120|121|122|123|124|125,0.5644
7244.700378,-0.422953,-22.204672,-0.003965,18.268895,0.024428,0.005216,-5.975897,-0.168506,5.978272,120|121|122|123|124|125,0.5639
7244.717045,-0.409358,-22.226038,-0.004136,18.275537,0.024573,0.005352,-5.970927,-0.161263,5.973104,120|121|122|123|124|125,0.5638
7244.733711,-0.409359,-22.226039,-0.004134,18.282047,0.024776,0.005414,-5.977435,-0.161466,5.979616,120|121|122|123|124|125,0.5648
7244.750378,-0.407647,-22.225999,-0.004156,18.296218,0.023840,0.005497,-5.991629,-0.159600,5.993754,120|121|122|123|124|125,0.5663
7244.767045,-0.405095,-22.226290,-0.004135,18.303277,0.023636,0.005552,-5.998530,-0.158009,6.000611,120|121|122|123|124|125,0.5653
7244.783711,-0.408901,-22.232137,-0.004061,18.309846,0.023974,0.005595,-6.001921,-0.160416,6.004064,120|121|122|123|124|125,0.5639
7244.800378,-0.423303,-22.255733,-0.003751,18.316867,0.024710,0.005587,-5.996118,-0.168978,5.998499,120|121|122|123|124|125,0.5631
7244.817045,-0.418446,-22.260201,-0.003495,18.323802,0.024806,0.005601,-6.000625,-0.166435,6.002933,120|121|122|123|124|125,0.5642
7244.833711,-0.408672,-22.270091,-0.003389,18.331270,0.024372,0.005523,-6.002717,-0.160689,6.004867,120|121|122|123|124|125,0.5637
7244.850378,-0.408446,-22.277420,-0.003477,18.338617,0.024025,0.005499,-6.006081,-0.160219,6.008218,120|121|122|123|124|125,0.5622
7244.883711,-0.420274,-22.303591,-0.003587,18.345882,0.024598,0.005477,-5.999123,-0.167221,6.001453,120|121|122|123|124|125,0.5621
7244.900378,-0.420273,-22.303590,-0.003583,18.352468,0.025016,0.005446,-6.005710,-0.167638,6.008049,120|121|122|123|124|125,0.5615
7244.917045,-0.406976,-22.316430,-0.003816,18.358764,0.025279,0.005430,-6.005027,-0.160674,6.007176,120|121|122|123|124|125,0.5627
7244.933711,-0.406976,-22.316432,-0.003820,18.372941,0.024062,0.005485,-6.019204,-0.159457,6.021315,120|121|122|123|124|125,0.5635
7244.950378,-0.412562,-22.325809,-0.003355,18.380008,0.023532,0.005444,-6.021174,-0.161964,6.023352,120|121|122|123|124|125,0.5634
7244.967045,-0.423055,-22.339992,-0.003759,18.380008,0.023532,0.005444,-6.013466,-0.167667,6.015803,120|121|122|123|124|125|126|127,0.5626
7244.983711,-0.423056,-22.340002,-0.003768,18.387107,0.024278,0.005335,-6.020560,-0.168412,6.022915,120|121|122|123|124|125|126|127,0.5596
7245.000378,-0.430833,-22.348391,-0.004435,18.400997,0.025485,0.005257,-6.029890,-0.173846,6.032395,122|123|124|125|126|127,0.5632
7245.017045,-0.419963,-22.358794,-0.004915,18.400997,0.025485,0.005257,-6.024236,-0.167939,6.026576,122|123|124|125|126|127,0.5637
7245.033711,-0.404296,-22.374415,-0.004935,18.407630,0.025391,0.005432,-6.022380,-0.159330,6.024488,122|123|124|125|126|127,0.5646
7245.050378,-0.404293,-22.374415,-0.004940,18.414935,0.024718,0.005291,-6.029685,-0.158655,6.031772,122|123|124|125|126|127,0.5655
7245.067045,-0.417516,-22.396598,-0.005142,18.422654,0.024440,0.005091,-6.025348,-0.165564,6.027623,122|123|124|125|126|127,0.5636
7245.083711,-0.421115,-22.416865,-0.004462,18.429824,0.024274,0.004947,-6.021504,-0.167354,6.023829,122|123|124|125|126|127,0.5602
7245.100378,-0.421113,-22.416865,-0.004461,18.443506,0.023944,0.004985,-6.035185,-0.167023,6.037495,122|123|124|125|126|127,0.5614
7245.117045,-0.427701,-22.431725,-0.004955,18.443506,0.023944,0.004985,-6.027109,-0.170603,6.029523,122|123|124|125|126|127,0.5633
7245.133711,-0.427700,-22.431725,-0.004958,18.456929,0.023625,0.005239,-6.040533,-0.170284,6.042932,122|123|124|125|126|127,0.5648
7245.150378,-0.433777,-22.444618,-0.004264,18.463351,0.023796,0.005231,-6.039948,-0.173757,6.042447,122|123|124|125|126|127,0.5644
7245.167045,-0.433776,-22.444619,-0.004266,18.470218,0.024514,0.005311,-6.046814,-0.174475,6.049330,122|123|124|125|126|127,0.5646
7245.183711,-0.436275,-22.449341,-0.004566,18.477212,0.024726,0.005349,-6.051242,-0.176046,6.053802,122|123|124|125|126|127,0.5653
7245.200378,-0.424485,-22.457106,-0.004242,18.477212,0.024726,0.005349,-6.047021,-0.169638,6.049400,122|123|124|125|126|127,0.5656
7245.217045,-0.422361,-22.467240,-0.004364,18.484582,0.024530,0.005306,-6.048884,-0.168288,6.051225,122|123|124|125|126|127,0.5650
7245.233711,-0.422361,-22.467239,-0.004365,18.491981,0.024325,0.005222,-6.056283,-0.168083,6.058615,122|123|124|125|126|127,0.5648
7245.250378,-0.429212,-22.495657,-0.004190,18.499128,0.024465,0.005253,-6.047985,-0.171946,6.050429,122|123|124|125|126|127,0.5639
7245.267045,-0.429211,-22.495658,-0.004191,18.512698,0.025261,0.005183,-6.061556,-0.172742,6.064017,122|123|124|125|126|127,0.5631
7245.283711,-0.427718,-22.503368,-0.004540,18.520089,0.024932,0.005180,-6.064756,-0.171601,6.067183,122|123|124|125|126|127,0.5650
7245.300378,-0.421284,-22.508351,-0.004784,18.520089,0.024932,0.005180,-6.062048,-0.168105,6.064378,122|123|124|125|126|127,0.5646
7245.317045,-0.423039,-22.529528,-0.005176,18.527475,0.024720,0.005189,-6.057924,-0.168846,6.060277,122|123|124|125|126|127,0.5643
7245.333711,-0.426239,-22.542719,-0.004222,18.541461,0.025526,0.005119,-6.064741,-0.171392,6.067163,122|123|124|125|126|127,0.5623
7245.350378,-0.426238,-22.542719,-0.004223,18.541461,0.025526,0.005119,-6.064742,-0.171391,6.067163,122|123|124|125|126|127,0.5608
7245.367045,-0.428204,-22.553715,-0.004462,18.554605,0.026597,0.005397,-6.071909,-0.173530,6.074389,122|123|124|125|126|127,0.5626
7245.383711,-0.416097,-22.556640,-0.004321,18.554605,0.026597,0.005397,-6.070319,-0.166950,6.072615,122|123|124|125|126|127,0.5639
7245.400378,-0.404647,-22.559051,-0.004713,18.568796,0.025506,0.005399,-6.083200,-0.159637,6.085294,122|123|124|125|126|127,0.5643
7245.417045,-0.412555,-22.571762,-0.004278,18.568796,0.025506,0.005399,-6.076291,-0.163935,6.078502,122|123|124|125|126|127,0.5636
7245.450378,-0.425046,-22.588775,-0.003883,18.583194,0.026110,0.005361,-6.081444,-0.171327,6.083857,122|123|124|125|126|127,0.5652
7245.467045,-0.425046,-22.588774,-0.003880,18.590484,0.026866,0.005414,-6.088735,-0.172084,6.091166,122|123|124|125|126|127,0.5659
7245.483711,-0.401650,-22.609646,-0.004046,18.597646,0.026918,0.005837,-6.084553,-0.159420,6.086641,122|123|124|125|126|127,0.5662
7245.500378,-0.401649,-22.609646,-0.004044,18.605192,0.026560,0.005947,-6.092099,-0.159061,6.094175,122|123|124|125|126|127,0.5661
7245.517045,-0.402532,-22.620118,-0.003453,18.619701,0.026698,0.006094,-6.100916,-0.159680,6.103006,123|124|125|126|127,0.5657
7245.533711,-0.408464,-22.636246,-0.002381,18.626771,0.027457,0.006184,-6.099222,-0.163663,6.101417,123|124|125|126|127,0.5642
7245.550378,-0.407237,-22.653622,-0.002260,18.626771,0.027457,0.006184,-6.089778,-0.162996,6.091959,123|124|125|126|127,0.5653
7245.567045,-0.407237,-22.653623,-0.002260,18.640821,0.027453,0.006238,-6.103828,-0.162992,6.106003,123|124|125|126|127,0.5649
7245.583711,-0.393582,-22.666614,-0.003008,18.640821,0.027453,0.006238,-6.096767,-0.155571,6.098752,123|124|125|126|127,0.5646
7245.600378,-0.393582,-22.666614,-0.003008,18.648469,0.026904,0.006151,-6.104415,-0.155021,6.106384,123|124|125|126|127,0.5649
7245.617045,-0.407143,-22.693105,-0.002612,18.662620,0.027381,0.006250,-6.104169,-0.162869,6.106341,123|124|125|126|127,0.5637
7245.633711,-0.407142,-22.693105,-0.002611,18.662620,0.027381,0.006250,-6.104169,-0.162868,6.106341,123|124|125|126|127,0.5624
7245.650378,-0.401303,-22.709933,-0.002655,18.669149,0.027474,0.006334,-6.101552,-0.159788,6.103644,123|124|125|126|127,0.5645
7245.667045,-0.401303,-22.709934,-0.002656,18.683027,0.026626,0.006179,-6.115429,-0.158939,6.117494,123|124|125|126|127,0.5651
7245.683711,-0.401280,-22.715579,-0.002376,18.683027,0.026626,0.006179,-6.112362,-0.158927,6.114427,123|124|125|126|127,0.5651
7245.700378,-0.401279,-22.715578,-0.002376,18.696939,0.026409,0.006303,-6.126274,-0.158710,6.128329,123|124|125|126|127,0.5653
7245.717045,-0.413349,-22.731336,-0.001901,18.703788,0.026904,0.006386,-6.124559,-0.165765,6.126802,123|124|125|126|127,0.5649
7245.733711,-0.421499,-22.743371,-0.002186,18.710571,0.026958,0.006747,-6.124801,-0.170248,6.127167,123|124|125|126|127,0.5650
7245.750378,-0.411228,-22.753922,-0.001983,18.710571,0.026958,0.006747,-6.119067,-0.164666,6.121282,123|124|125|126|127,0.5654
7245.767045,-0.411228,-22.753922,-0.001986,18.717622,0.026533,0.006757,-6.126118,-0.164241,6.128319,123|124|125|126|127,0.5652
7245.783711,-0.412217,-22.759943,-0.003481,18.732128,0.026572,0.006289,-6.137352,-0.164818,6.139564,123|124|125|126|127,0.5648
7245.800378,-0.425735,-22.782263,-0.002461,18.732128,0.026572,0.006289,-6.125221,-0.172165,6.127640,123|124|125|126|127,0.5623
7245.817045,-0.425735,-22.782263,-0.002461,18.745773,0.027414,0.006477,-6.138866,-0.173006,6.141303,123|124|125|126|127,0.5618
7245.833711,-0.418443,-22.804074,-0.002951,18.752365,0.027558,0.006439,-6.133604,-0.169188,6.135937,123|124|125|126|127,0.5635
7245.850378,-0.407459,-22.809161,-0.002513,18.759853,0.026840,0.006392,-6.138328,-0.162500,6.140478,123|124|125|126|127,0.5643
7245.867045,-0.407459,-22.809161,-0.002514,18.767284,0.026315,0.006443,-6.145758,-0.161975,6.147892,123|124|125|126|127,0.5642
7245.883711,-0.406129,-22.811217,-0.003268,18.773946,0.026523,0.006372,-6.151304,-0.161461,6.153422,123|124|125|126|127,0.5642
7245.900378,-0.424684,-22.840355,-0.003030,18.773946,0.026523,0.006372,-6.135468,-0.171545,6.137865,123|124|125|126|127,0.5621
7245.917045,-0.424685,-22.840355,-0.003033,18.787647,0.027618,0.006103,-6.149168,-0.172639,6.151591,123|124|125|126|127,0.5619
7245.933711,-0.414613,-22.849948,-0.003744,18.787647,0.027618,0.006103,-6.143955,-0.167166,6.146228,123|124|125|126|127,0.5634
7245.950378,-0.414613,-22.849948,-0.003742,18.802402,0.026873,0.006037,-6.158710,-0.166421,6.160958,123|124|125|126|127,0.5635
7245.967045,-0.414072,-22.868606,-0.002834,18.809822,0.026976,0.005985,-6.155990,-0.166230,6.158234,123|124|125|126|127,0.5622
7245.983711,-0.419909,-22.882495,-0.003188,18.816598,0.027535,0.006016,-6.155218,-0.169962,6.157564,123|124|125|126|127,0.5622
7246.000378,-0.419911,-22.882498,-0.003193,18.822967,0.027819,0.006030,-6.161585,-0.170247,6.163936,123|124|125|126|127,0.5606
7246.017045,-0.411482,-22.899898,-0.003286,18.822967,0.027819,0.006030,-6.152128,-0.165666,6.154358,123|124|125|126|127,0.5542
7246.033711,-0.411481,-22.899901,-0.003283,18.836835,0.027038,0.006012,-6.165995,-0.164884,6.168199,123|124|125|126|127,0.5539
7246.050378,-0.409835,-22.905147,-0.002398,18.836835,0.027038,0.006012,-6.163144,-0.163989,6.165325,123|125|126|127,0.5474
7246.067045,-0.410757,-22.906097,-0.003935,18.850898,0.026671,0.005938,-6.176690,-0.164123,6.178870,125|126|127,0.5643
7246.083711,-0.429572,-22.929922,-0.004383,18.850898,0.026671,0.005938,-6.163742,-0.174349,6.166208,125|126|127,0.5657
7246.100378,-0.429572,-22.929922,-0.004383,18.865217,0.028156,0.005880,-6.178061,-0.175834,6.180562,125|126|127,0.5658
7246.117045,-0.416230,-22.948694,-0.004334,18.871748,0.028272,0.005947,-6.174389,-0.168700,6.176693,125|126|127,0.5649
7246.133711,-0.407550,-22.957488,-0.004578,18.878702,0.027727,0.006090,-6.176564,-0.163437,6.178726,125|126|127,0.5643
7246.150378,-0.406107,-22.960635,-0.004238,18.886178,0.027147,0.005794,-6.182331,-0.162072,6.184455,125|126|127,0.5641
7246.167045,-0.415092,-22.973226,-0.003471,18.886178,0.027147,0.005794,-6.175487,-0.166956,6.177744,125|126|127,0.5626
7246.183711,-0.415091,-22.973226,-0.003464,18.900716,0.026860,0.005592,-6.190025,-0.166668,6.192269,125|126|127,0.5625
7246.200378,-0.426230,-23.005742,-0.004934,18.900716,0.026860,0.005592,-6.172354,-0.172722,6.174770,125|126|127,0.5631
7246.217045,-0.426230,-23.005742,-0.004934,18.914335,0.026551,0.005685,-6.185972,-0.172413,6.188374,125|126|127,0.5641
7246.233711,-0.431920,-23.019647,-0.004810,18.921232,0.026407,0.005755,-6.185312,-0.175362,6.187798,125|126|127,0.5657
7246.250378,-0.431922,-23.019648,-0.004815,18.927665,0.026463,0.005918,-6.191745,-0.175419,6.194229,125|126|127,0.5658
7246.267045,-0.434761,-23.026216,-0.004391,18.927665,0.026463,0.005918,-6.188175,-0.176962,6.190705,125|126|127,0.5635
7246.283711,-0.437868,-23.033611,-0.004602,18.934291,0.026958,0.005938,-6.190782,-0.179145,6.193374,125|126|127,0.5657
7246.300378,-0.430444,-23.037618,-0.004095,18.948444,0.027111,0.005795,-6.202758,-0.175264,6.205233,125|126|127,0.5650
7246.317045,-0.430444,-23.037618,-0.004095,18.948444,0.027111,0.005795,-6.202757,-0.175264,6.205233,125|126|127,0.5640
7246.333711,-0.430066,-23.056092,-0.004585,18.955669,0.026620,0.005688,-6.199942,-0.174568,6.202399,125|126|127,0.5644
7246.350378,-0.437606,-23.066260,-0.004758,18.963083,0.026583,0.005566,-6.201830,-0.178628,6.204402,125|126|127,0.5647
7246.367045,-0.437606,-23.066260,-0.004757,18.977340,0.027991,0.005467,-6.216088,-0.180037,6.218694,125|126|127,0.5644
7246.400378,-0.420054,-23.095888,-0.004111,18.984598,0.027904,0.005596,-6.207242,-0.170410,6.209581,125|126|127,0.5626
7246.417045,-0.420053,-23.095888,-0.004110,18.999490,0.027470,0.005583,-6.222135,-0.169976,6.224456,125|126|127,0.5633
7246.433711,-0.426812,-23.123443,-0.004247,18.999490,0.027470,0.005583,-6.207160,-0.173649,6.209588,125|126|127,0.5622
7246.450378,-0.426811,-23.123442,-0.004245,19.006307,0.027972,0.005549,-6.213977,-0.174150,6.216417,125|126|127,0.5615
7246.467045,-0.423477,-23.139077,-0.004599,19.019489,0.029502,0.005651,-6.218662,-0.173868,6.221092,125|126|127,0.5625
7246.483711,-0.423477,-23.139078,-0.004600,19.026533,0.029084,0.005857,-6.225705,-0.173450,6.228121,125|126|127,0.5640
7246.500378,-0.402887,-23.140981,-0.004369,19.026533,0.029084,0.005857,-6.224670,-0.162260,6.226785,125|126|127,0.5650
7246.517045,-0.410264,-23.150554,-0.004840,19.033773,0.028473,0.005827,-6.226708,-0.165658,6.228911,125|126|127,0.5646
7246.533711,-0.410264,-23.150554,-0.004840,19.048227,0.028496,0.005631,-6.241162,-0.165681,6.243361,125|126|127,0.5649
7246.550378,-0.426833,-23.170008,-0.005456,19.048227,0.028496,0.005631,-6.230589,-0.174686,6.233037,125|126|127,0.5644
7246.567045,-0.419839,-23.180729,-0.005696,19.055730,0.029483,0.005649,-6.232266,-0.171873,6.234636,126|127,0.5639
7246.600378,-0.403756,-23.200500,-0.004461,19.070484,0.029579,0.006455,-6.236275,-0.163228,6.238410,126|127,0.5657
7246.617045,-0.409232,-23.216836,-0.005032,19.085291,0.029613,0.006670,-6.242203,-0.166238,6.244416,126|127,0.5657
7246.633711,-0.414802,-23.232992,-0.005444,19.085291,0.029613,0.006670,-6.233423,-0.169266,6.235720,126|127,0.5653
7246.650378,-0.409517,-23.238795,-0.004534,19.099104,0.030637,0.006909,-6.244082,-0.167417,6.246326,126|127,0.5658
7246.667045,-0.402133,-23.244497,-0.002069,19.099104,0.030637,0.006909,-6.240983,-0.163404,6.243121,126|127,0.5639
7246.683711,-0.395422,-23.250029,-0.001699,19.106125,0.030572,0.006947,-6.244997,-0.159692,6.247039,126|127,0.5630
7246.700378,-0.395422,-23.250029,-0.001699,19.121122,0.029919,0.006713,-6.259995,-0.159039,6.262015,126|127,0.5621
7246.717045,-0.396859,-23.257982,-0.000874,19.121122,0.029919,0.006713,-6.255673,-0.159820,6.257714,126|127,0.5622
7246.733711,-0.407524,-23.288273,-0.002336,19.127988,0.030239,0.006702,-6.246076,-0.165937,6.248280,126|127,0.5618
7246.750378,-0.407523,-23.288272,-0.002334,19.141090,0.030590,0.006808,-6.259178,-0.166286,6.261387,126|127,0.5627
7246.767045,-0.401848,-23.294748,-0.002292,19.141090,0.030590,0.006808,-6.255659,-0.163202,6.257787,126|127,0.5625
7246.783711,-0.399727,-23.296978,-0.002015,19.148250,0.030006,0.007051,-6.261607,-0.161466,6.263689,126|127,0.5610
7246.800378,-0.409309,-23.309058,-0.001390,19.162704,0.029541,0.007290,-6.269496,-0.166208,6.271698,126|127,0.5622
7246.817045,-0.421105,-23.327628,-0.001750,19.162704,0.029541,0.007290,-6.259403,-0.172619,6.261783,126|127,0.5626
7246.833711,-0.417985,-23.334539,-0.001707,19.169416,0.029957,0.007365,-6.262359,-0.171340,6.264703,126|127,0.5626
7246.850378,-0.412847,-23.338941,-0.001475,19.181154,0.029979,0.007623,-6.271705,-0.168569,6.273970,126|127,0.5619
7246.867045,-0.412848,-23.338942,-0.001478,19.181154,0.029979,0.007623,-6.271704,-0.168570,6.273969,126|127,0.5619
7246.883711,-0.410541,-23.340150,-0.001468,19.187530,0.029907,0.007964,-6.277424,-0.167244,6.279651,126|127,0.5636
7246.900378,-0.413851,-23.362850,-0.001169,19.187530,0.029907,0.007964,-6.265087,-0.169043,6.267367,126|127,0.5633
7246.917045,-0.414015,-23.360080,-0.001241,19.188341,0.029893,0.008156,-6.267403,-0.169118,6.269684,126|127,0.5617
7246.933711,-0.414012,-23.360080,-0.001236,19.188316,0.029921,0.008155,-6.267378,-0.169145,6.269661,126|127,0.5618
7246.950378,-0.414337,-23.360011,-0.002025,19.188284,0.029959,0.008156,-6.267383,-0.169359,6.269671,126|127,0.5606
7246.967045,-0.414340,-23.360013,-0.002030,19.188226,0.030013,0.008156,-6.267325,-0.169414,6.269615,126|127,0.5613
7246.983711,-0.414040,-23.359303,-0.001909,19.188161,0.030081,0.008154,-6.267646,-0.169319,6.269933,126|127,0.5620
7247.000378,-0.412691,-23.357751,-0.001389,19.188161,0.030081,0.008154,-6.268490,-0.168586,6.270756,126|127,0.5622
7247.017045,-0.411848,-23.356209,-0.001654,19.188139,0.030102,0.008155,-6.269305,-0.168150,6.271559,126|127,0.5628
7247.033711,-0.411845,-23.356159,-0.002245,19.188146,0.030101,0.008154,-6.269339,-0.168147,6.271594,126|127,0.5621
7247.050378,-0.411844,-23.356159,-0.002243,19.188150,0.030101,0.008154,-6.269343,-0.168146,6.271598,126|127,0.5599
7247.067045,-0.411431,-23.356629,-0.001536,19.188165,0.030100,0.008154,-6.269103,-0.167920,6.271352,126|127,0.5605
7247.083711,-0.411592,-23.356636,-0.002003,19.188165,0.030100,0.008154,-6.269099,-0.168008,6.271350,126|127,0.5603
7247.100378,-0.411593,-23.356636,-0.002004,19.188177,0.030099,0.008154,-6.269111,-0.168007,6.271362,126|127,0.5585
7247.117045,-0.411600,-23.357033,-0.001904,19.188186,0.030098,0.008153,-6.268905,-0.168010,6.271156,126|127,0.5580
7247.133711,-0.411519,-23.357040,-0.001796,19.188186,0.030098,0.008153,-6.268901,-0.167966,6.271151,126|127,0.5583
7247.150378,-0.411848,-23.356590,-0.002382,19.188194,0.030097,0.008154,-6.269153,-0.168144,6.271408,126|127,0.5589
7247.167045,-0.411849,-23.356590,-0.002383,19.188198,0.030096,0.008153,-6.269157,-0.168144,6.271411,126|127,0.5581
7247.183711,-0.411606,-23.357239,-0.001831,19.188203,0.030096,0.008153,-6.268810,-0.168012,6.271061,126|127,0.5575
7247.200378,-0.411606,-23.357239,-0.001831,19.188209,0.030095,0.008153,-6.268816,-0.168011,6.271067,126|127,0.5574
7247.217045,-0.411536,-23.356920,-0.001674,19.188209,0.030095,0.008153,-6.268989,-0.167973,6.271239,126|127,0.5580
7247.233711,-0.411812,-23.357290,-0.002200,19.188223,0.030095,0.008153,-6.268801,-0.168122,6.271055,126|127,0.5573
7247.250378,-0.411812,-23.357290,-0.002200,19.188230,0.030094,0.008153,-6.268809,-0.168122,6.271063,126|127,0.5567
7247.267045,-0.411745,-23.357212,-0.002067,19.188230,0.030094,0.008153,-6.268851,-0.168086,6.271104,126|127,0.5566
7247.283711,-0.411649,-23.357001,-0.001956,19.188240,0.030093,0.008152,-6.268976,-0.168032,6.271227,126|127,0.5573
7247.300378,-0.411919,-23.357004,-0.002443,19.188240,0.030093,0.008152,-6.268974,-0.168179,6.271229,126|127,0.5573
7247.317045,-0.411740,-23.357353,-0.002073,19.188247,0.030092,0.008152,-6.268792,-0.168081,6.271045,126|127,0.5564
7247.333711,-0.411678,-23.357301,-0.001965,19.188253,0.030092,0.008151,-6.268825,-0.168047,6.271077,126|127,0.5569
7247.350378,-0.411678,-23.357301,-0.001965,19.188266,0.030091,0.008151,-6.268839,-0.168046,6.271091,126|127,0.5570
7247.367045,-0.411735,-23.357533,-0.002003,19.188272,0.030090,0.008151,-6.268719,-0.168076,6.270972,126|127,0.5566
7247.383711,-0.411705,-23.357324,-0.002023,19.188278,0.030090,0.008151,-6.268838,-0.168059,6.271091,126|127,0.5573
7247.400378,-0.411947,-23.357132,-0.002327,19.188278,0.030090,0.008151,-6.268942,-0.168191,6.271198,126|127,0.5572
7247.417045,-0.412102,-23.356962,-0.002560,19.188289,0.030089,0.008150,-6.269046,-0.168274,6.271304,126|127,0.5578
7247.433711,-0.412268,-23.357167,-0.002806,19.188295,0.030088,0.008150,-6.268940,-0.168364,6.271201,126|127,0.5573
7247.450378,-0.412056,-23.357275,-0.002373,19.188295,0.030088,0.008150,-6.268882,-0.168249,6.271139,126|127,0.5570
7247.467045,-0.412195,-23.357169,-0.002679,19.188310,0.030087,0.008150,-6.268955,-0.168323,6.271214,126|127,0.5574
7247.483711,-0.412269,-23.357046,-0.002808,19.188310,0.030087,0.008150,-6.269022,-0.168363,6.271282,126|127,0.5574
7247.500378,-0.412269,-23.357046,-0.002808,19.188320,0.030086,0.008150,-6.269031,-0.168362,6.271292,126|127,0.5563
7247.517045,-0.412108,-23.357477,-0.002444,19.188326,0.030086,0.008150,-6.268803,-0.168274,6.271061,126|127,0.5565
7247.533711,-0.412188,-23.357250,-0.002689,19.188326,0.030086,0.008150,-6.268926,-0.168318,6.271185,126|127,0.5568
7247.550378,-0.412205,-23.357066,-0.002722,19.188337,0.030084,0.008149,-6.269038,-0.168326,6.271297,126|127,0.5571
7247.567045,-0.412205,-23.357066,-0.002722,19.188343,0.030084,0.008149,-6.269043,-0.168325,6.271303,126|127,0.5569
7247.583711,-0.412104,-23.357470,-0.002500,19.188343,0.030084,0.008149,-6.268823,-0.168270,6.271081,126|127,0.5565
7247.600378,-0.412076,-23.357334,-0.002418,19.188352,0.030084,0.008149,-6.268907,-0.168255,6.271164,126|127,0.5571
7247.617045,-0.412123,-23.357346,-0.002498,19.188356,0.030083,0.008149,-6.268904,-0.168280,6.271163,126|127,0.5575
7247.633711,-0.412087,-23.357640,-0.002419,19.188362,0.030082,0.008149,-6.268750,-0.168260,6.271008,126|127,0.5565
7247.650378,-0.412044,-23.357549,-0.002418,19.188366,0.030082,0.008148,-6.268803,-0.168236,6.271060,126|127,0.5566
7247.667045,-0.412269,-23.357249,-0.002805,19.188379,0.030081,0.008148,-6.268980,-0.168357,6.271240,126|127,0.5570
7247.683711,-0.412480,-23.357056,-0.003207,19.188379,0.030081,0.008148,-6.269085,-0.168472,6.271348,126|127,0.5578
7247.700378,-0.412480,-23.357056,-0.003206,19.188385,0.030080,0.008148,-6.269091,-0.168471,6.271354,126|127,0.5572
7247.717045,-0.412216,-23.357459,-0.002578,19.188396,0.030080,0.008148,-6.268883,-0.168327,6.271143,126|127,0.5570
7247.733711,-0.412216,-23.357459,-0.002579,19.188402,0.030079,0.008148,-6.268889,-0.168326,6.271148,126|127,0.5569
7247.750378,-0.412415,-23.357242,-0.003003,19.188402,0.030079,0.008148,-6.269007,-0.168434,6.271269,126|127,0.5576
7247.767045,-0.412346,-23.357543,-0.002815,19.188408,0.030078,0.008148,-6.268849,-0.168396,6.271110,126|127,0.5573
7247.783711,-0.412413,-23.357511,-0.002947,19.188413,0.030078,0.008147,-6.268872,-0.168432,6.271134,126|127,0.5570
7247.800378,-0.412413,-23.357511,-0.002947,19.188421,0.030077,0.008147,-6.268879,-0.168432,6.271142,126|127,0.5567
7247.817045,-0.412517,-23.357182,-0.003161,19.188427,0.030077,0.008146,-6.269064,-0.168488,6.271328,126|127,0.5576
7247.833711,-0.412518,-23.357182,-0.003161,19.188440,0.030076,0.008146,-6.269077,-0.168487,6.271341,126|127,0.5577
7247.850378,-0.412162,-23.357571,-0.002407,19.188444,0.030075,0.008145,-6.268870,-0.168293,6.271128,126|127,0.5570
7247.867045,-0.412234,-23.357514,-0.002532,19.188444,0.030075,0.008145,-6.268901,-0.168332,6.271160,126|127,0.5572
7247.883711,-0.412336,-23.357460,-0.002683,19.188457,0.030074,0.008145,-6.268944,-0.168387,6.271205,126|127,0.5574
7247.900378,-0.412336,-23.357459,-0.002683,19.188463,0.030073,0.008145,-6.268949,-0.168386,6.271210,126|127,0.5571
7247.917045,-0.411963,-23.357592,-0.001951,19.188463,0.030073,0.008145,-6.268878,-0.168183,6.271133,126|127,0.5581
7247.933711,-0.411963,-23.357592,-0.001951,19.188474,0.030072,0.008145,-6.268889,-0.168182,6.271145,126|127,0.5578
7247.950378,-0.412271,-23.357638,-0.002437,19.188474,0.030072,0.008145,-6.268864,-0.168350,6.271124,126|127,0.5582
7247.967045,-0.412407,-23.357506,-0.002642,19.188488,0.030071,0.008145,-6.268949,-0.168423,6.271211,126|127,0.5578
7247.983711,-0.412164,-23.357776,-0.002210,19.188488,0.030071,0.008145,-6.268802,-0.168290,6.271060,126|127,0.5577
7248.000378,-0.412403,-23.357652,-0.002731,19.188493,0.030071,0.008145,-6.268875,-0.168420,6.271137,126|127,0.5577
7248.017045,-0.412435,-23.357630,-0.002744,19.188509,0.030070,0.008144,-6.268902,-0.168436,6.271165,126|127,0.5574
7248.033711,-0.412213,-23.358031,-0.002323,19.188516,0.030069,0.008144,-6.268692,-0.168315,6.270952,126|127,0.5566
7248.050378,-0.412137,-23.358084,-0.002208,19.188524,0.030069,0.008144,-6.268671,-0.168273,6.270929,126|127,0.5568
7248.067045,-0.412324,-23.357933,-0.002522,19.188524,0.030069,0.008144,-6.268753,-0.168375,6.271014,126|127,0.5571
7248.083711,-0.412324,-23.357933,-0.002522,19.188533,0.030068,0.008143,-6.268762,-0.168374,6.271023,126|127,0.5574
7248.100378,-0.412245,-23.357925,-0.002231,19.188533,0.030068,0.008143,-6.268767,-0.168331,6.271027,126|127,0.5571
7248.117045,-0.412067,-23.358087,-0.001991,19.188545,0.030066,0.008143,-6.268690,-0.168233,6.270947,126|127,0.5569
7248.133711,-0.412212,-23.357957,-0.002266,19.188549,0.030066,0.008143,-6.268765,-0.168311,6.271024,126|127,0.5573
7248.150378,-0.412090,-23.358010,-0.001911,19.188549,0.030066,0.008143,-6.268736,-0.168245,6.270993,126|127,0.5573
7248.167045,-0.412007,-23.358363,-0.001836,19.188564,0.030065,0.008144,-6.268559,-0.168199,6.270816,126|127,0.5567
7248.183711,-0.412067,-23.358266,-0.002014,19.188570,0.030064,0.008143,-6.268618,-0.168231,6.270875,126|127,0.5569
7248.200378,-0.412066,-23.358266,-0.002014,19.188570,0.030064,0.008143,-6.268618,-0.168231,6.270875,126|127,0.5568
7248.217045,-0.412404,-23.357978,-0.002505,19.188575,0.030064,0.008143,-6.268780,-0.168414,6.271042,126|127,0.5578
7248.233711,-0.412256,-23.358101,-0.002183,19.188579,0.030064,0.008143,-6.268717,-0.168333,6.270977,126|127,0.5577
7248.250378,-0.412256,-23.358101,-0.002183,19.188596,0.030063,0.008143,-6.268734,-0.168332,6.270994,126|127,0.5577
7248.267045,-0.412318,-23.358167,-0.002361,19.188596,0.030063,0.008143,-6.268698,-0.168365,6.270959,126|127,0.5573
7248.283711,-0.412246,-23.358147,-0.002132,19.188610,0.030062,0.008143,-6.268723,-0.168325,6.270982,126|127,0.5576
7248.300378,-0.412246,-23.358147,-0.002132,19.188615,0.030061,0.008142,-6.268729,-0.168324,6.270988,126|127,0.5574
7248.317045,-0.411978,-23.358357,-0.001598,19.188619,0.030061,0.008142,-6.268618,-0.168178,6.270874,126|127,0.5573
7248.333711,-0.412347,-23.358443,-0.002380,19.188619,0.030061,0.008142,-6.268572,-0.168379,6.270833,126|127,0.5567
7248.350378,-0.412213,-23.358134,-0.002013,19.188625,0.030060,0.008143,-6.268745,-0.168306,6.271004,126|127,0.5573
7248.367045,-0.412213,-23.358134,-0.002013,19.188633,0.030059,0.008143,-6.268753,-0.168305,6.271012,126|127,0.5573
7248.383711,-0.412241,-23.358274,-0.002022,19.188638,0.030059,0.008142,-6.268682,-0.168320,6.270941,126|127,0.5571
7248.400378,-0.412059,-23.358394,-0.001754,19.188646,0.030058,0.008143,-6.268625,-0.168220,6.270881,126|127,0.5568
7248.417045,-0.412176,-23.358369,-0.001989,19.188657,0.030057,0.008142,-6.268649,-0.168283,6.270908,126|127,0.5570
7248.433711,-0.412248,-23.358368,-0.002040,19.188665,0.030057,0.008142,-6.268658,-0.168321,6.270917,126|127,0.5568
7248.450378,-0.412065,-23.358592,-0.001773,19.188665,0.030057,0.008142,-6.268536,-0.168222,6.270793,126|127,0.5577
7248.467045,-0.411987,-23.358250,-0.001551,19.188673,0.030056,0.008141,-6.268730,-0.168179,6.270985,126|127,0.5576
7248.483711,-0.412378,-23.358407,-0.002225,19.188686,0.030055,0.008141,-6.268657,-0.168390,6.270919,126|127,0.5576
7248.500378,-0.412384,-23.358380,-0.002101,19.188696,0.030055,0.008141,-6.268682,-0.168393,6.270943,126|127,0.5580
7248.517045,-0.411863,-23.358528,-0.001142,19.188696,0.030055,0.008141,-6.268602,-0.168110,6.270855,126|127,0.5580
7248.533711,-0.412060,-23.358625,-0.001505,19.188697,0.030054,0.008141,-6.268551,-0.168217,6.270807,126|127,0.5575
7248.550378,-0.412178,-23.358635,-0.001655,19.188703,0.030053,0.008141,-6.268551,-0.168280,6.270809,126|127,0.5572
7248.567045,-0.412068,-23.359032,-0.001571,19.188711,0.030053,0.008140,-6.268342,-0.168220,6.270599,126|127,0.5567
